timestamp,target_x,target_y,target_z,actual_j1,target_j1,control_u_j1,actual_j2,target_j2,control_u_j2,actual_j3,target_j3,control_u_j3,actual_j4,target_j4,control_u_j4,actual_j5,target_j5,control_u_j5,actual_j6,target_j6,control_u_j6
213.078,"[0.0, 0.0, 0.0]",0.0,0.0,0.0,0.0,-0.002223393699352628,0.0,0.0,0.00618820943341771,0.0,0.0,0.00041907049575320364,0.0,0.0,-0.005424551151401164,0.0,0.0,0.0013150702848235976,0.0,0.0,-3.661215196865749e-17
213.08,"[0.0, 0.0, 0.0]",0.0,0.0,0.0,0.0,-0.002223393699352628,0.0,0.0,0.00618820943341771,0.0,0.0,0.00041907049575320364,0.0,0.0,-0.005424551151401164,0.0,0.0,0.0013150702848235976,0.0,0.0,-3.661215196865749e-17
213.1,"[0.0, 0.0, 0.0]",0.0,0.0,0.0,0.0,-0.0020912526123580714,0.0,0.0,0.005820430789198453,0.0,0.0,0.0003941642338634409,0.0,0.0,-0.0051021583649999485,0.0,0.0,0.0012369128190690014,0.0,0.0,-3.479479188841525e-17
213.12,"[0.0, 0.0, 0.0]",0.0,0.0,0.0,0.0,-0.001966563879563659,0.0,0.0,0.005473393738580034,0.0,0.0,0.0003706626091682172,0.0,0.0,-0.004797947548269541,0.0,0.0,0.001163163195958262,0.0,0.0,-3.302221803519637e-17
213.14,"[0.0, 0.0, 0.0]",0.0,0.0,0.0,0.0,-0.0018456259339677606,0.0,0.0,0.005136795980253513,0.0,0.0,0.0003478679416363213,0.0,0.0,-0.004502887759156703,0.0,0.0,0.001091632050300427,0.0,0.0,-3.133682291538339e-17
213.16,"[0.0, 0.0, 0.0]",0.0,0.0,0.0,0.0,-0.001734986917352991,0.0,0.0,0.004828862479379479,0.0,0.0,0.0003270144403945008,0.0,0.0,-0.00423295490433816,0.0,0.0,0.001026192410376206,0.0,0.0,-2.965435045018336e-17
213.18,"[0.0, 0.0, 0.0]",0.0,0.0,-0.002232509738623376,0.0,-0.001734986917352991,0.006213581434311215,0.0,0.004828862479379479,0.0004207886696650739,0.0,0.0003270144403945008,-0.005446792149726256,0.0,-0.00423295490433816,0.0013204621470069623,0.0,0.001026192410376206,-3.268585438061098e-17,0.0,-2.965435045018336e-17
213.2,"[0.0, 0.0, 0.0]",0.0,0.0,-0.002137980402552261,0.0,-0.0016316598299486993,0.005950484831676577,0.0,0.004541279737478203,0.00040297155862594706,0.0,0.00030753910871771144,-0.005216163079450581,0.0,-0.003980861415651309,0.0012645508970483546,0.0,0.0009650775559510266,-3.3871293930952326e-17,0.0,-2.801462198164432e-17
213.22,"[0.0, 0.0, 0.0]",0.0,0.0,-0.0020417794937582115,0.0,-0.0015348940948036144,0.005682735862615918,0.0,0.0042719587284957995,0.00038483938578095774,0.0,0.0002893004761011737,-0.004981455769642961,0.0,-0.0037447760640656326,0.001207650962239826,0.0,0.000907843543406088,-3.2382494612749546e-17,0.0,-2.6430664794317923e-17
213.24,"[0.0, 0.0, 0.0]",0.0,0.0,-0.0019541801841243167,0.0,-0.0015348940948036144,0.005438927096780832,0.0,0.0042719587284957995,0.000368328462523575,0.0,0.0002893004761011737,-0.0047677343135377635,0.0,-0.0037447760640656326,0.001155838613790264,0.0,0.000907843543406088,-3.074274724708247e-17,0.0,-2.6430664794317923e-17
213.26,"[0.06062, 0.0456, 0.41014]",0.0456,0.41014,-0.0018745158271283049,-0.04926043447412901,-0.001444171320614427,0.00521720310560766,0.13710297418254042,0.004019456651748093,0.0003533131376245087,0.009284725553123194,0.0002722008349359896,-0.004573372252486817,-0.12018372561548052,-0.0035234340982423723,0.0011087195504183257,0.029136060612504552,0.000854183759927356,-3.167228797966293e-17,5.673181315451065e-19,-2.490874194651477e-17
213.28,"[0.06062, 0.0456, 0.41014]",0.0456,0.41014,-0.0017927503708920695,-0.04926043447412901,-0.0038187776897226923,0.004989631278205581,0.13710297418254042,0.010628525356689147,0.00033790179273557254,0.009284725553123194,0.0007197723792784448,-0.004373884009499556,-0.12018372561548052,-0.009316907967548221,0.0010603577502249749,0.029136060612504552,0.002258691776138865,-3.003713492070175e-17,5.673181315451065e-19,-2.34647813968576e-17
213.3,"[0.06062, 0.0456, 0.41014]",0.0456,0.41014,-0.0021776955608807406,-0.04926043447412901,-0.006161057771805976,0.0060610211512306545,0.13710297418254042,0.017147622664509934,0.00041045719443393784,0.009284725553123194,0.0011612509867301014,-0.005313058568545322,-0.12018372561548052,-0.01503151339755517,0.0012880412151734084,0.029136060612504552,0.003644079768953256,-7.282414366577832e-17,5.673181315451065e-19,-1.8290349593712748e-17
213.32,"[0.06062, 0.0456, 0.41014]",0.0456,0.41014,-0.0027237291729673837,-0.04926043447412901,-0.006161057771805976,0.007580756679157557,0.13710297418254042,0.017147622664509934,0.0005133749305328952,0.009284725553123194,0.0011612509867301014,-0.006645250504377405,-0.12018372561548052,-0.01503151339755517,0.0016110036210626802,0.029136060612504552,0.003644079768953256,-8.908058972486302e-17,5.673181315451065e-19,-1.8290349593712748e-17
213.34,"[0.06062, 0.0456, 0.41014]",0.0456,0.41014,-0.0033768216069526283,-0.04926043447412901,-0.008412581213773047,0.009398461215487684,0.13710297418254042,0.02341412363547607,0.0006364713747447853,0.009284725553123194,0.0015856235630463547,-0.008238640460129678,-0.12018372561548052,-0.020524694245918153,0.0019972880891525914,0.029136060612504552,0.004975787947629568,-4.768909825357399e-17,5.673181315451065e-19,-1.6649342541397967e-17
213.36,"[0.06062, 0.0456, 0.41014]",0.0456,0.41014,-0.004130978821967039,-0.04926043447412901,-0.010639770102737032,0.011497451986157807,0.13710297418254042,0.029612896019989045,0.0007786167493721019,0.009284725553123194,0.0020054095041699797,-0.0100786044099498,-0.12018372561548052,-0.025958504581707623,0.002443349326201157,0.029136060612504552,0.00629310297245528,-2.949046663280736e-17,5.673181315451065e-19,-1.583513676206345e-17
213.38,"[0.06062, 0.0456, 0.41014]",0.0456,0.41014,-0.005167202164900357,-0.04926043447412901,-0.010639770102737032,0.014381496836381227,0.13710297418254042,0.029612896019989045,0.000973926629260556,0.009284725553123194,0.0020054095041699797,-0.012606742519096756,-0.12018372561548052,-0.025958504581707623,0.0030562441667684533,0.029136060612504552,0.00629310297245528,2.1115781075180356e-17,5.673181315451065e-19,-1.583513676206345e-17
213.4,"[0.06062, 0.0456, 0.41014]",0.0456,0.41014,-0.006206990073415594,-0.04926043447412901,-0.012717980263281886,0.01727546268059815,0.13710297418254042,0.03539702677607269,0.0011699083697113912,0.009284725553123194,0.002397115574324274,-0.015143577316836635,-0.12018372561548052,-0.03102884230980746,0.003671247339834675,0.029136060612504552,0.0075223015747185725,4.9002897519386075e-17,5.673181315451065e-19,-2.1043104024593626e-17
213.42,"[0.06062, 0.0456, 0.41014]",0.0456,0.41014,-0.007257039294690542,-0.04926043447412901,-0.012717980263281886,0.020197988089213168,0.13710297418254042,0.03539702677607269,0.0013678241838274866,0.009284725553123194,0.002397115574324274,-0.01770544727658805,-0.12018372561548052,-0.03102884230980746,0.004292319770269092,0.029136060612504552,0.0075223015747185725,1.0867006672832397e-16,5.673181315451065e-19,-2.1043104024593626e-17
213.44,"[0.06062, 0.0456, 0.41014]",0.0456,0.41014,-0.008294618079046141,-0.04926043447412901,-0.01472997087191481,0.02308580543910175,0.13710297418254042,0.04099685348330848,0.001563389542390087,0.009284725553123194,0.002776340423369598,-0.02023689233869589,-0.12018372561548052,-0.035937620105860095,0.004906016313101395,0.029136060612504552,0.008712333310124318,9.701733282899288e-17,5.673181315451065e-19,-2.848280300431467e-17
213.46,"[0.06062, 0.0456, 0.41014]",0.0456,0.41014,-0.009517335109479564,-0.04926043447412901,-0.016653081051470855,0.02648890456625279,0.13710297418254042,0.046349305775168444,0.001793850202058869,0.009284725553123194,0.003138812874387503,-0.023220030620852282,-0.12018372561548052,-0.04062955082783405,0.0056292165425401875,0.029136060612504552,0.009849794953603866,1.558395290748042e-16,5.673181315451065e-19,-3.8142858210268375e-17
213.48,"[0.06062, 0.0456, 0.41014]",0.0456,0.41014,-0.010700046922043242,-0.04926043447412901,-0.016653081051470855,0.029780660088404864,0.13710297418254042,0.046349305775168444,0.0020167705813980107,0.009284725553123194,0.003138812874387503,-0.026105565701616644,-0.12018372561548052,-0.04062955082783405,0.006328754892734307,0.029136060612504552,0.009849794953603866,2.265567784054971e-16,5.673181315451065e-19,-3.8142858210268375e-17
213.5,"[0.06062, 0.0456, 0.41014]",0.0456,0.41014,-0.011831123406981536,-0.04926043447412901,-0.01848484323040489,0.03292870276840258,0.13710297418254042,0.05144751583976231,0.0022299586118094098,0.009284725553123194,0.0034840678335419668,-0.028865122881275598,-0.12018372561548052,-0.045098614188960606,0.006997752504287041,0.029136060612504552,0.010933227011044969,1.5545534203498394e-16,5.673181315451065e-19,-4.9108011921633776e-17
213.52,"[0.06062, 0.0456, 0.41014]",0.0456,0.41014,-0.013095330173288391,-0.04926043447412901,-0.02022566947239566,0.03644727725088832,0.13710297418254042,0.05629263054387615,0.0024682393567633173,0.009284725553123194,0.003812182967603787,-0.03194948623595674,-0.12018372561548052,-0.04934581552643756,0.007745492660572593,0.029136060612504552,0.011962873205679523,2.1158644006846901e-16,5.673181315451065e-19,-6.043952965530178e-17
213.541,"[0.06062, 0.0456, 0.41014]",0.0456,0.41014,-0.014886645197765128,-0.04926043447412901,-0.02022566947239566,0.04143291370106525,0.13710297418254042,0.05629263054387615,0.0028058707402966723,0.009284725553123194,0.003812182967603787,-0.036319868173892114,-0.12018372561548052,-0.04934581552643756,0.008805001446527402,0.029136060612504552,0.011962873205679523,2.1489629246063279e-16,5.673181315451065e-19,-6.043952965530178e-17
213.56,"[0.06062, 0.0456, 0.41014]",0.0456,0.41014,-0.01542054762539718,-0.04926043447412901,-0.021877166855844808,0.04291888538513076,0.13710297418254042,0.0608891227516087,0.0029065019603713676,0.009284725553123194,0.004123461182603984,-0.03762246291209543,-0.12018372561548052,-0.05337507572871696,0.009120788622437563,0.029136060612504552,0.012939684075889581,1.5335285718210012e-16,5.673181315451065e-19,-7.132589612754015e-17
213.58,"[0.06062, 0.0456, 0.41014]",0.0456,0.41014,-0.016647305279081242,-0.04926043447412901,-0.021877166855844808,0.046333230483834344,0.13710297418254042,0.0608891227516087,0.0031377242058641093,0.009284725553123194,0.004123461182603984,-0.04061545935332715,-0.12018372561548052,-0.05337507572871696,0.00984637875859375,0.029136060612504552,0.012939684075889581,2.0403865822449388e-16,5.673181315451065e-19,-7.132589612754015e-17
213.6,"[0.06062, 0.0456, 0.41014]",0.0456,0.41014,-0.0176409789789601,-0.04926043447412901,-0.023397324110034475,0.04909885001432502,0.13710297418254042,0.06512006555746959,0.0033250142264522747,0.009284725553123194,0.004409984092704419,-0.04303978647022912,-0.12018372561548052,-0.05708389730307437,0.010434106768872187,0.029136060612504552,0.013838811222697618,6.818986073553614e-17,5.673181315451065e-19,-7.508757303636303e-17
213.62,"[0.06062, 0.0456, 0.41014]",0.0456,0.41014,-0.018734684553762104,-0.04926043447412901,-0.024863154876558085,0.05214288096664868,0.13710297418254042,0.06919980541273894,0.0035311584944654147,0.009284725553123194,0.004686267415222883,-0.0457081675344854,-0.12018372561548052,-0.06066017518895632,0.01108100061509976,0.029136060612504552,0.014705805891287043,1.3075016923164302e-16,5.673181315451065e-19,-8.132546600022617e-17
213.64,"[0.06062, 0.0456, 0.41014]",0.0456,0.41014,-0.01976716914596108,-0.04926043447412901,-0.02629758332722735,0.05501652002352501,0.13710297418254042,0.07319214549273878,0.003725763683696919,0.009284725553123194,0.004956631953459533,-0.04822718398514433,-0.12018372561548052,-0.06415983890464774,0.011691684097403777,0.029136060612504552,0.015554227037570024,2.0962728674278771e-16,5.673181315451065e-19,-9.451106739574858e-17
213.66,"[0.06062, 0.0456, 0.41014]",0.0456,0.41014,-0.020878849279730008,-0.04926043447412901,-0.027675075967229373,0.05811057825464038,0.13710297418254042,0.07702602028377271,0.003935295840047422,0.009284725553123194,0.005216265092596351,-0.05093941869140634,-0.12018372561548052,-0.06752059280534287,0.012349209352870372,0.029136060612504552,0.016368972369816475,2.665413955852418e-16,5.673181315451065e-19,-1.0998579387677206e-16
213.68,"[0.06062, 0.0456, 0.41014]",0.0456,0.41014,-0.022046158012677352,-0.04926043447412901,-0.028992168326149054,0.06135946350822146,0.13710297418254042,0.08069178737803623,0.004155313009277426,0.009284725553123194,0.005464513840872456,-0.05378737392788753,-0.12018372561548052,-0.07073398440853071,0.013039637246187582,0.029136060612504552,0.01714799275831415,3.0017768378443205e-16,5.673181315451065e-19,-1.2629148658090016e-16
213.7,"[0.06062, 0.0456, 0.41014]",0.0456,0.41014,-0.02324736165988517,-0.04926043447412901,-0.028992168326149054,0.06470268600431,0.13710297418254042,0.08069178737803623,0.004381718773915163,0.009284725553123194,0.005464513840872456,-0.05671802468075119,-0.12018372561548052,-0.07073398440853071,0.013750112958525896,0.029136060612504552,0.01714799275831415,3.1334141604144753e-16,5.673181315451065e-19,-1.2629148658090016e-16
213.72,"[0.06062, 0.0456, 0.41014]",0.0456,0.41014,-0.024338874926781037,-0.04926043447412901,-0.03019911209948733,0.06774061526514287,0.13710297418254042,0.08405098594825952,0.00458744983225904,0.009284725553123194,0.005692001517627362,-0.05938105703439798,-0.12018372561548052,-0.07367863970215557,0.014395710120480135,0.029136060612504552,0.01786186358206255,6.915176490296527e-17,5.673181315451065e-19,-1.3145646271556925e-16
213.74,"[0.06062, 0.0456, 0.41014]",0.0456,0.41014,-0.025452319989586292,-0.04926043447412901,-0.031328106800541,0.07083958569435908,0.13710297418254042,0.08719323455116598,0.0047973146468133256,0.009284725553123194,0.005904797164950493,-0.06209759774698674,-0.12018372561548052,-0.07643311782816274,0.015054279278179967,0.029136060612504552,0.018529629881584058,8.16563022391096e-17,5.673181315451065e-19,-1.3168222493977017e-16
213.76,"[0.06062, 0.0456, 0.41014]",0.0456,0.41014,-0.02646710996052775,-0.04926043447412901,-0.031328106800541,0.07366397660228947,0.13710297418254042,0.08719323455116598,0.004988584711248183,0.009284725553123194,0.005904797164950493,-0.06457344353679974,-0.12018372561548052,-0.07643311782816274,0.015654496925869642,0.029136060612504552,0.018529629881584058,1.186204405865269e-16,5.673181315451065e-19,-1.3168222493977017e-16
213.78,"[0.06062, 0.0456, 0.41014]",0.0456,0.41014,-0.027390699360381052,-0.04926043447412901,-0.0323868269361502,0.07623453561241843,0.13710297418254042,0.09013989308186536,0.005162665073099655,0.009284725553123194,0.006104347292440622,-0.06682678165750072,-0.12018372561548052,-0.07901614275503721,0.01620077218745232,0.029136060612504552,0.019155830896103065,-1.0197111658693937e-16,5.673181315451065e-19,-1.2853009749905006e-16
213.8,"[0.06062, 0.0456, 0.41014]",0.0456,0.41014,-0.02833996359976207,-0.04926043447412901,-0.03338052363683991,0.0788765535311062,0.13710297418254042,0.09290557662893183,0.0053415846893071816,0.009284725553123194,0.006291641645869115,-0.06914276027167104,-0.12018372561548052,-0.08144052599034907,0.01676223334209592,0.029136060612504552,0.019743572510877272,-6.395118216395569e-17,5.673181315451065e-19,-1.2285907290544284e-16
213.82,"[0.06062, 0.0456, 0.41014]",0.0456,0.41014,-0.029208237303699373,-0.04926043447412901,-0.034349194167803444,0.08129315639992789,0.13710297418254042,0.09560160666318458,0.005505239013703478,0.009284725553123194,0.006474219006424255,-0.07126114127269315,-0.12018372561548052,-0.08380385133313567,0.017275791038835087,0.029136060612504552,0.020316511901389875,-5.197615915662692e-18,5.673181315451065e-19,-1.244497808690346e-16
213.84,"[0.06062, 0.0456, 0.41014]",0.0456,0.41014,-0.030097838760060013,-0.04926043447412901,-0.034349194167803444,0.08376911924637596,0.13710297418254042,0.09560160666318458,0.005672913244453317,0.009284725553123194,0.006474219006424255,-0.07343155690893705,-0.12018372561548052,-0.08380385133313567,0.017801963457574614,0.029136060612504552,0.020316511901389875,3.3715917937883565e-17,5.673181315451065e-19,-1.244497808690346e-16
213.86,"[0.06062, 0.0456, 0.41014]",0.0456,0.41014,-0.0309055962877424,-0.04926043447412901,-0.035237836397891305,0.08601729185546095,0.13710297418254042,0.09807489976484736,0.005825161334998449,0.009284725553123194,0.006641712439521918,-0.07540229285481952,-0.12018372561548052,-0.08597192668584909,0.018279727661898285,0.029136060612504552,0.020842116966703544,-1.8219166901001078e-16,5.673181315451065e-19,-1.1765342579198077e-16
213.88,"[0.06062, 0.0456, 0.41014]",0.0456,0.41014,-0.03172872190866519,-0.04926043447412901,-0.036102092424521115,0.08830823735784116,0.13710297418254042,0.10048032052513477,0.005980306039695425,0.009284725553123194,0.006804609502128403,-0.07741052328824445,-0.12018372561548052,-0.08808050551128678,0.01876658162981174,0.029136060612504552,0.021353298328494016,-1.4389114306478787e-16,5.673181315451065e-19,-1.1729218854597067e-16
213.9,"[0.06062, 0.0456, 0.41014]",0.0456,0.41014,-0.03248187926424238,-0.04926043447412901,-0.036102092424521115,0.09040444529076713,0.13710297418254042,0.10048032052513477,0.006122262956659904,0.009284725553123194,0.006804609502128403,-0.07924804782188313,-0.12018372561548052,-0.08808050551128678,0.019212051480000977,0.029136060612504552,0.021353298328494016,-7.755184789648282e-17,5.673181315451065e-19,-1.1729218854597067e-16
213.921,"[0.06062, 0.0456, 0.41014]",0.0456,0.41014,-0.033539567387480165,-0.04926043447412901,-0.03686819599202227,0.09334823149685728,0.13710297418254042,0.1026125607051387,0.0063216185685789,0.009284725553123194,0.006949006552145654,-0.08182855488412691,-0.12018372561548052,-0.0899496157179915,0.019837642090329642,0.029136060612504552,0.021806425472356904,-1.2051986419425583e-16,5.673181315451065e-19,-1.0336842038081763e-16
213.94,"[0.06062, 0.0456, 0.41014]",0.0456,0.41014,-0.03387243024802293,-0.04926043447412901,-0.03686819599202227,0.09427466441764382,0.13710297418254042,0.1026125607051387,0.006384357364743877,0.009284725553123194,0.006949006552145654,-0.08264066097027394,-0.12018372561548052,-0.0899496157179915,0.02003452042853247,0.029136060612504552,0.021806425472356904,-2.1411860406406044e-16,5.673181315451065e-19,-1.0336842038081763e-16
213.96,"[0.06062, 0.0456, 0.41014]",0.0456,0.41014,-0.03444162573952544,-0.04926043447412901,-0.03757247019449285,0.0958588647121635,0.13710297418254042,0.10457271572326209,0.0064916407061027985,0.009284725553123194,0.007081749854112139,-0.08402936237760429,-0.12018372561548052,-0.09166787700278171,0.020371182386859678,0.029136060612504552,0.022222982412437375,-3.5363547434297115e-16,5.673181315451065e-19,-8.455300582416592e-17
213.981,"[0.06062, 0.0456, 0.41014]",0.0456,0.41014,-0.03536023065795729,-0.04926043447412901,-0.038273930907000805,0.09841555077923544,0.13710297418254042,0.10652504015997458,0.006664781578580786,0.009284725553123194,0.007213962862742788,-0.08627053955285457,-0.12018372561548052,-0.09337927404224378,0.020914509478358635,0.029136060612504552,0.02263787525809281,-1.273616135835084e-16,5.673181315451065e-19,-7.752061620374623e-17
214.0,"[0.06062, 0.0456, 0.41014]",0.0456,0.41014,-0.03565160068293748,-0.04926043447412901,-0.038273930907000805,0.09922649971727578,0.13710297418254042,0.10652504015997458,0.006719699704822291,0.009284725553123194,0.007213962862742788,-0.08698141300454285,-0.12018372561548052,-0.09337927404224378,0.02108684605633248,0.029136060612504552,0.02263787525809281,-2.1324343607043015e-16,5.673181315451065e-19,-7.752061620374623e-17
214.02,"[0.06062, 0.0456, 0.41014]",0.0456,0.41014,-0.03614984342563176,-0.04926043447412901,-0.03889916415970188,0.10061322240130265,0.13710297418254042,0.10826520626781413,0.0068136097006228705,0.009284725553123194,0.007331808335634925,-0.08819700660694602,-0.12018372561548052,-0.09490469423840847,0.02138154160466803,0.029136060612504552,0.023007681861354615,-3.3970434378827044e-16,5.673181315451065e-19,-6.057538671539063e-17
214.04,"[0.06062, 0.0456, 0.41014]",0.0456,0.41014,-0.036672214365087545,-0.04926043447412901,-0.0395201865724723,0.1020670993356506,0.13710297418254042,0.1099936526520019,0.0069120674364344485,0.009284725553123194,0.007448860139286182,-0.0894714672623279,-0.12018372561548052,-0.09641984098820183,0.021690508253439846,0.029136060612504552,0.023374997879850024,-2.610784359204906e-16,5.673181315451065e-19,-5.3890089892152793e-17
214.06,"[0.06062, 0.0456, 0.41014]",0.0456,0.41014,-0.03739371201787853,-0.04926043447412901,-0.0400983300716394,0.1040751911269498,0.13710297418254042,0.11160275728352835,0.007048057056210931,0.009284725553123194,0.007557830021755388,-0.09123174966292738,-0.12018372561548052,-0.0978303734032482,0.022117252344700904,0.029136060612504552,0.02371695231477216,-2.3502202194958093e-16,5.673181315451065e-19,-4.671126204166715e-17
214.08,"[0.06062, 0.0456, 0.41014]",0.0456,0.41014,-0.03766417382317662,-0.04926043447412901,-0.0400983300716394,0.10482794774236152,0.13710297418254042,0.11160275728352835,0.0070990343499227095,0.009284725553123194,0.007557830021755388,-0.09189161203987649,-0.12018372561548052,-0.0978303734032482,0.02227722234170877,0.029136060612504552,0.02371695231477216,-1.0763086876774816e-16,5.673181315451065e-19,-4.671126204166715e-17
214.101,"[0.06062, 0.0456, 0.41014]",0.0456,0.41014,-0.03812666351049527,-0.04926043447412901,-0.040637920051204465,0.10611516155513576,0.13710297418254042,0.11310455871602894,0.007186205523469501,0.009284725553123194,0.0076595332437451895,-0.09301997670411549,-0.12018372561548052,-0.0991468444145376,0.022550771036592344,0.029136060612504552,0.024036103506160034,-2.4864957589598574e-16,5.673181315451065e-19,-3.680507909627513e-17
214.12,"[0.06062, 0.0456, 0.41014]",0.0456,0.41014,-0.03860380225322153,-0.04926043447412901,-0.04114450803380991,0.10744314701548105,0.13710297418254042,0.11451450809754592,0.007276137785668825,0.009284725553123194,0.007755016169656965,-0.09418408157443517,-0.12018372561548052,-0.1003827984148493,0.022832984205811736,0.029136060612504552,0.024335735012144595,-1.9603974967829914e-16,5.673181315451065e-19,-2.6563455516092902e-17
214.14,"[0.06062, 0.0456, 0.41014]",0.0456,0.41014,-0.03904094343307665,-0.04926043447412901,-0.04114450803380991,0.10865981017650149,0.13710297418254042,0.11451450809754592,0.007358531210604806,0.009284725553123194,0.007755016169656965,-0.09525060191943134,-0.12018372561548052,-0.1003827984148493,0.023091540023477967,0.029136060612504552,0.024335735012144595,-1.3248121624198494e-16,5.673181315451065e-19,-2.6563455516092902e-17
214.16,"[0.06062, 0.0456, 0.41014]",0.0456,0.41014,-0.03944062070731013,-0.04926043447412901,-0.041620546685058775,0.10977220278146364,0.13710297418254042,0.11583943175335575,0.007433863348746785,0.009284725553123194,0.00784474108382841,-0.09622571925874328,-0.12018372561548052,-0.10154421932398917,0.023327937071326445,0.029136060612504552,0.02461729751042345,-2.5235234315545833e-16,5.673181315451065e-19,-1.6457139657734538e-17
214.18,"[0.06062, 0.0456, 0.41014]",0.0456,0.41014,-0.03985480664307345,-0.04926043447412901,-0.04206807192874646,0.11092497628593125,0.13710297418254042,0.11708499612165887,0.007511930113850668,0.009284725553123194,0.007929091722094038,-0.0972362342764457,-0.12018372561548052,-0.1026360743110277,0.02357291555475658,0.029136060612504552,0.024881995188489832,-1.9652113544288279e-16,5.673181315451065e-19,-6.678450483772035e-18
214.2,"[0.06062, 0.0456, 0.41014]",0.0456,0.41014,-0.04023504977539874,-0.04926043447412901,-0.04206807192874646,0.11198327926137082,0.13710297418254042,0.11708499612165887,0.007583599257379458,0.009284725553123194,0.007929091722094038,-0.09816393693949386,-0.12018372561548052,-0.1026360743110277,0.023797817894141614,0.029136060612504552,0.024881995188489832,-1.3230340708569736e-16,5.673181315451065e-19,-6.678450483772035e-18
214.22,"[0.06062, 0.0456, 0.41014]",0.0456,0.41014,-0.040583323984615616,-0.04926043447412901,-0.04248892985604997,0.11295260546480015,0.13710297418254042,0.11825633929337533,0.007649242821621398,0.009284725553123194,0.00800841604017771,-0.0990136430452531,-0.12018372561548052,-0.1036628673986679,0.024003811580069815,0.029136060612504552,0.025130919953571196,-2.3690723268709877e-16,5.673181315451065e-19,2.6597685260170543e-18
214.24,"[0.06062, 0.0456, 0.41014]",0.0456,0.41014,-0.04094538910017939,-0.04926043447412901,-0.04289937275903223,0.11396031489206682,0.13710297418254042,0.11939869508756365,0.007717485728667696,0.009284725553123194,0.00808577730934572,-0.09989699567767775,-0.12018372561548052,-0.10466425030797666,0.02421796217103689,0.029136060612504552,0.025373684546026322,-1.8212293059227522e-16,5.673181315451065e-19,6.835457378458928e-18
214.26,"[0.06062, 0.0456, 0.41014]",0.0456,0.41014,-0.041279706134071004,-0.04926043447412901,-0.04329507147086549,0.1148907951075581,0.13710297418254042,0.12050001444997116,0.007780498610248065,0.009284725553123194,0.008160359557732083,-0.10071264960088139,-0.12018372561548052,-0.10562966090320826,0.024415700608965724,0.029136060612504552,0.025607728394310157,-1.1594800047331896e-16,5.673181315451065e-19,2.1425178873641944e-17
214.28,"[0.06062, 0.0456, 0.41014]",0.0456,0.41014,-0.041627012663981534,-0.04926043447412901,-0.04365748879877948,0.11585742803984346,0.13710297418254042,0.12150870416404046,0.007845959783450169,0.009284725553123194,0.00822866885056909,-0.10155999480001954,-0.12018372561548052,-0.10651387284979431,0.024621121941837455,0.029136060612504552,0.02582208730822841,-7.043362695324651e-17,5.673181315451065e-19,1.9787787884643993e-17
214.3,"[0.06062, 0.0456, 0.41014]",0.0456,0.41014,-0.04198018557007477,-0.04926043447412901,-0.04365748879877948,0.11684038842904286,0.13710297418254042,0.12150870416404046,0.007912526665455588,0.009284725553123194,0.00822866885056909,-0.10242165255952926,-0.12018372561548052,-0.10651387284979431,0.024830013059200965,0.029136060612504552,0.02582208730822841,-4.734098804104325e-17,5.673181315451065e-19,1.9787787884643993e-17
214.32,"[0.06062, 0.0456, 0.41014]",0.0456,0.41014,-0.042298873183601024,-0.04926043447412901,-0.043980786582673105,0.11772736841870086,0.13710297418254042,0.12240851530461655,0.007972593676663281,0.009284725553123194,0.008289604797258142,-0.10319917441981166,-0.12018372561548052,-0.10730264242789754,0.02501850716651846,0.029136060612504552,0.02601330819225174,-1.5961619453408316e-16,5.673181315451065e-19,3.054606902121709e-17
214.341,"[0.06062, 0.0456, 0.41014]",0.0456,0.41014,-0.04272848459427738,-0.04926043447412901,-0.043980786582673105,0.11892307452228998,0.13710297418254042,0.12240851530461655,0.008053567872638012,0.009284725553123194,0.008289604797258142,-0.10424732392158852,-0.12018372561548052,-0.10730264242789754,0.02527260935288928,0.029136060612504552,0.02601330819225174,-1.5749679612730857e-16,5.673181315451065e-19,3.054606902121709e-17
214.36,"[0.06062, 0.0456, 0.41014]",0.0456,0.41014,-0.04285371479314666,-0.04926043447412901,-0.04429066877531888,0.11927161860052245,0.13710297418254042,0.12327098780860044,0.0080771715629967,0.009284725553123194,0.0083480121409251,-0.10455285577492252,-0.12018372561548052,-0.10805868115915712,0.025346679236826757,0.029136060612504552,0.026196594158851477,-1.9307337253437894e-16,5.673181315451065e-19,3.856714028996705e-17
214.38,"[0.06062, 0.0456, 0.41014]",0.0456,0.41014,-0.043126736049754553,-0.04926043447412901,-0.04459327268016582,0.12003149874995893,0.13710297418254042,0.12411320318502776,0.008128631268504875,0.009284725553123194,0.008405047655347926,-0.10521896260313936,-0.12018372561548052,-0.10879696260198159,0.025508163072013496,0.029136060612504552,0.026375575237830913,-1.4841204928361801e-16,5.673181315451065e-19,4.215351172998936e-17
214.4,"[0.06062, 0.0456, 0.41014]",0.0456,0.41014,-0.043378143658081764,-0.04926043447412901,-0.04459327268016582,0.1207312232086348,0.13710297418254042,0.12411320318502776,0.008176017181375079,0.009284725553123194,0.008405047655347926,-0.10583233727828421,-0.12018372561548052,-0.10879696260198159,0.025656863086412674,0.029136060612504552,0.026375575237830913,-9.46508003587518e-17,5.673181315451065e-19,4.215351172998936e-17
214.421,"[0.06062, 0.0456, 0.41014]",0.0456,0.41014,-0.04360901817232921,-0.04926043447412901,-0.04487336996217712,0.12137379940415988,0.13710297418254042,0.12489277751974523,0.008219532967460844,0.009284725553123194,0.008457841067155986,-0.1063956160949105,-0.12018372561548052,-0.10948033324652408,0.02579341839518457,0.029136060612504552,0.026541244328515585,-1.6663922252657532e-16,5.673181315451065e-19,4.637610394978054e-17
214.44,"[0.06062, 0.0456, 0.41014]",0.0456,0.41014,-0.04384924501239456,-0.04926043447412901,-0.045136176778408796,0.12204240524604035,0.13710297418254042,0.12562422856222133,0.008264811502152934,0.009284725553123194,0.008507375530228563,-0.10698171235891145,-0.12018372561548052,-0.1101215192734276,0.02593550532251956,0.029136060612504552,0.026696686630412126,-1.2458822442629055e-16,5.673181315451065e-19,5.039876500976606e-17
214.46,"[0.06062, 0.0456, 0.41014]",0.0456,0.41014,-0.04409376204793614,-0.04926043447412901,-0.045381073428445884,0.12272295167604816,0.13710297418254042,0.12630583154549352,0.008310898663278854,0.009284725553123194,0.008553534241932687,-0.10757827567785143,-0.12018372561548052,-0.11071900876130476,0.02608012977102131,0.029136060612504552,0.026841535609424372,-9.785743670409494e-17,5.673181315451065e-19,5.569710611583051e-17
214.48,"[0.06062, 0.0456, 0.41014]",0.0456,0.41014,-0.044316310511722086,-0.04926043447412901,-0.045381073428445884,0.12334235458267648,0.13710297418254042,0.12630583154549352,0.008352845134943582,0.009284725553123194,0.008553534241932687,-0.10812124091498342,-0.12018372561548052,-0.11071900876130476,0.026211760472208922,0.029136060612504552,0.026841535609424372,-6.42857669543848e-17,5.673181315451065e-19,5.569710611583051e-17
214.5,"[0.06062, 0.0456, 0.41014]",0.0456,0.41014,-0.04451861546594416,-0.04926043447412901,-0.04561054074111992,0.12390541520563537,0.13710297418254042,0.12694449117949652,0.008390976061335348,0.009284725553123194,0.00859678479487961,-0.10861481681089323,-0.12018372561548052,-0.11127885434152895,0.026331417748282338,0.029136060612504552,0.02697725860094949,-1.3121920491321192e-16,5.673181315451065e-19,6.096992816624338e-17
214.52,"[0.06062, 0.0456, 0.41014]",0.0456,0.41014,-0.04472608126822527,-0.04926043447412901,-0.045834153995442904,0.12448283964061733,0.13710297418254042,0.1275668576398834,0.008430079716540938,0.009284725553123194,0.008638931960784173,-0.10912098394688077,-0.12018372561548052,-0.11182441741389947,0.026454127510291334,0.029136060612504552,0.027109519093598655,-1.0004015251774279e-16,5.673181315451065e-19,6.308432628639495e-17
214.54,"[0.06062, 0.0456, 0.41014]",0.0456,0.41014,-0.044916489893497884,-0.04926043447412901,-0.046049376496924053,0.12501279007898364,0.13710297418254042,0.12816587072990934,0.008465968393822696,0.009284725553123194,0.008679497617317775,-0.10958553563427277,-0.12018372561548052,-0.11234950904815937,0.02656674846678348,0.029136060612504552,0.027236816709125533,-6.108260005599365e-17,5.673181315451065e-19,7.146213575600242e-17
214.56,"[0.06062, 0.0456, 0.41014]",0.0456,0.41014,-0.04511236832300903,-0.04926043447412901,-0.046254733958546845,0.12555796422450818,0.13710297418254042,0.12873742717404968,0.008502888033036126,0.009284725553123194,0.008718203887335874,-0.11006343234099039,-0.12018372561548052,-0.11285053233516375,0.026682604647433272,0.029136060612504552,0.027358279451241325,-3.419265145487718e-17,5.673181315451065e-19,7.510137840936419e-17
214.58,"[0.06062, 0.0456, 0.41014]",0.0456,0.41014,-0.04532941779376598,-0.04926043447412901,-0.04644830271199745,0.12616206218489737,0.13710297418254042,0.12927617296659757,0.008543798041265836,0.009284725553123194,0.008754688193200208,-0.1105929813450251,-0.12018372561548052,-0.11332279398246857,0.026810982860159097,0.029136060612504552,0.02747276952818204,-3.1971771724757866e-17,5.673181315451065e-19,7.090382446931195e-17
214.6,"[0.06062, 0.0456, 0.41014]",0.0456,0.41014,-0.045542005928236214,-0.04926043447412901,-0.046622655075563534,0.12675374323340485,0.13710297418254042,0.12976143518282596,0.00858386716606929,0.009284725553123194,0.008787550547488514,-0.11111164575127369,-0.12018372561548052,-0.11374817221611784,0.026936722327085803,0.029136060612504552,0.027575893690341646,-3.3951091210847406e-17,5.673181315451065e-19,7.393197506091514e-17
214.62,"[0.06062, 0.0456, 0.41014]",0.0456,0.41014,-0.045731637553508925,-0.04926043447412901,-0.046791672720917915,0.12728153110431548,0.13710297418254042,0.13023184966696857,0.00861960939257746,0.009284725553123194,0.008819407401214513,-0.11157430174370145,-0.12018372561548052,-0.1141605350081411,0.02704888371151234,0.029136060612504552,0.027675862527647678,-2.6540786202343476e-17,5.673181315451065e-19,7.511973453018387e-17
214.64,"[0.06062, 0.0456, 0.41014]",0.0456,0.41014,-0.04591783264723669,-0.04926043447412901,-0.046951789806620174,0.1277997543276336,0.13710297418254042,0.13067749187263755,0.008654703893323571,0.009284725553123194,0.0088495866559714,-0.11202857341779328,-0.12018372561548052,-0.11455118255486652,0.02715901249122285,0.029136060612504552,0.02777056695248394,-2.1197404215465917e-17,5.673181315451065e-19,7.600987738654387e-17
214.66,"[0.06062, 0.0456, 0.41014]",0.0456,0.41014,-0.04608386226127194,-0.04926043447412901,-0.047104337407077444,0.12826185244215837,0.13710297418254042,0.13110206648214465,0.008685997555957493,0.009284725553123194,0.008878339195861076,-0.1124336461250389,-0.12018372561548052,-0.11492336236077591,0.027257213998146186,0.029136060612504552,0.027860794255200265,-8.221153199339115e-17,5.673181315451065e-19,8.226339923892827e-17
214.68,"[0.06062, 0.0456, 0.41014]",0.0456,0.41014,-0.04626402325490544,-0.04926043447412901,-0.04724743507220125,0.1287632813948428,0.13710297418254042,0.1315003397759118,0.008719954734752152,0.009284725553123194,0.008905310589149446,-0.11287319603246007,-0.12018372561548052,-0.1152724865755788,0.027363773789744115,0.029136060612504552,0.02794543220630569,-7.325254258948364e-18,5.673181315451065e-19,8.019324463605175e-17
214.7,"[0.06062, 0.0456, 0.41014]",0.0456,0.41014,-0.04643799271033565,-0.04926043447412901,-0.047382019419212835,0.12924747789081317,0.13710297418254042,0.13187491857233982,0.008752744917686999,0.009284725553123194,0.008930677371681888,-0.11329764006143303,-0.12018372561548052,-0.1156008403221997,0.027466671473293736,0.029136060612504552,0.028025034786628506,-1.1122997628730592e-17,5.673181315451065e-19,8.073827822377413e-17
214.72,"[0.06062, 0.0456, 0.41014]",0.0456,0.41014,-0.04660524519379686,-0.04926043447412901,-0.04750848837279396,0.1297129795286363,0.13710297418254042,0.13222691038616968,0.008784269069528153,0.009284725553123194,0.008954514545269085,-0.11370569627889053,-0.12018372561548052,-0.11590939444206569,0.0275655962706007,0.029136060612504552,0.02809983735661036,-1.5484526128205284e-17,5.673181315451065e-19,8.169026220765323e-17
214.74,"[0.06062, 0.0456, 0.41014]",0.0456,0.41014,-0.046765479191989916,-0.04926043447412901,-0.04750848837279396,0.1301589471283394,0.13710297418254042,0.13222691038616968,0.008814470360319524,0.009284725553123194,0.008954514545269085,-0.11409662906420902,-0.12018372561548052,-0.11590939444206569,0.027660369845646623,0.029136060612504552,0.02809983735661036,-1.9726358707837568e-17,5.673181315451065e-19,8.169026220765323e-17
214.76,"[0.06062, 0.0456, 0.41014]",0.0456,0.41014,-0.046918522869669715,-0.04926043447412901,-0.04773854396508182,0.1305849024334187,0.13710297418254042,0.13286720733587581,0.008843316402138805,0.009284725553123194,0.008997875978497579,-0.11447001918032482,-0.12018372561548052,-0.11647067528443335,0.027750890563069015,0.029136060612504552,0.02823590829777465,-2.3590455250575904e-17,5.673181315451065e-19,8.421707308508011e-17
214.78,"[0.06062, 0.0456, 0.41014]",0.0456,0.41014,-0.04706430661448708,-0.04926043447412901,-0.04773854396508182,0.13099065169690052,0.13710297418254042,0.13286720733587581,0.008870794074282151,0.009284725553123194,0.008997875978497579,-0.11482569678968904,-0.12018372561548052,-0.11647067528443335,0.02783711724926391,0.029136060612504552,0.02823590829777465,-2.6900307642739657e-17,5.673181315451065e-19,8.421707308508011e-17
214.8,"[0.06062, 0.0456, 0.41014]",0.0456,0.41014,-0.047192411711127265,-0.04926043447412901,-0.047837139887978296,0.13134719726837196,0.13710297418254042,0.13314162217646133,0.008894939632253955,0.009284725553123194,0.009016459575970652,-0.11513824270875296,-0.12018372561548052,-0.11671122584922887,0.027912887548483655,0.029136060612504552,0.02829422481114526,-7.19228870573727e-17,5.673181315451065e-19,8.785577616118476e-17
214.82,"[0.06062, 0.0456, 0.41014]",0.0456,0.41014,-0.04737665951975792,-0.04926043447412901,-0.047932404615038456,0.13186000075511076,0.13710297418254042,0.13340676554265235,0.008929667103899187,0.009284725553123194,0.009034415301614843,-0.11558776347114279,-0.12018372561548052,-0.11694364908972443,0.02802186456782322,0.029136060612504552,0.02835057102269344,-4.138698339062196e-17,5.673181315451065e-19,9.011320964041623e-17
214.84,"[0.06062, 0.0456, 0.41014]",0.0456,0.41014,-0.04743223402929839,-0.04926043447412901,-0.048022072413988454,0.13201467723390015,0.13710297418254042,0.13365633138707428,0.008940141921655521,0.009284725553123194,0.009051316104739575,-0.11572335203566443,-0.12018372561548052,-0.1171624171589068,0.02805473521331166,0.029136060612504552,0.028403606820145488,-5.965318791178876e-17,5.673181315451065e-19,9.201250469226917e-17
214.86,"[0.06062, 0.0456, 0.41014]",0.0456,0.41014,-0.04754430332239522,-0.04926043447412901,-0.04810622160783456,0.13232659152304044,0.13710297418254042,0.13389053770043777,0.008961265012521534,0.009284725553123194,0.009067176747853888,-0.11599677441416363,-0.12018372561548052,-0.11736772114625375,0.0281210208186126,0.029136060612504552,0.02845337852919635,-5.448414563424685e-17,5.673181315451065e-19,9.372192031161916e-17
214.88,"[0.06062, 0.0456, 0.41014]",0.0456,0.41014,-0.04764349436918481,-0.04926043447412901,-0.04818582005356452,0.13260266272857704,0.13710297418254042,0.1341120782485026,0.00897996078042334,0.009284725553123194,0.009082179654971104,-0.11623877693948477,-0.12018372561548052,-0.11756192239226235,0.02817968932981143,0.029136060612504552,0.028500458608051116,-4.340750255926594e-17,5.673181315451065e-19,9.821521969637654e-17
214.9,"[0.06062, 0.0456, 0.41014]",0.0456,0.41014,-0.04774653624922276,-0.04926043447412901,-0.04826000361973261,0.13288945167740565,0.13710297418254042,0.1343185479572424,0.008999382362682731,0.009284725553123194,0.009096161952530784,-0.11649017458059034,-0.12018372561548052,-0.11774291262204029,0.028240635492679522,0.029136060612504552,0.02854433594903171,-4.06436543811659e-17,5.673181315451065e-19,9.800205238419331e-17
214.92,"[0.06062, 0.0456, 0.41014]",0.0456,0.41014,-0.0478440950496253,-0.04926043447412901,-0.04832543901886513,0.13316097997061987,0.13710297418254042,0.1345006695307654,0.009017770480855895,0.009284725553123194,0.009108495374445427,-0.11672819481354124,-0.12018372561548052,-0.11790255940820674,0.02829833857938899,0.029136060612504552,0.028583039013177793,-3.8440121885806364e-17,5.673181315451065e-19,1.0034811132030829e-16
214.94,"[0.06062, 0.0456, 0.41014]",0.0456,0.41014,-0.04792966121786249,-0.04926043447412901,-0.04838861735682651,0.13339913004547418,0.13710297418254042,0.13467650919056054,0.00903389819876225,0.009284725553123194,0.009120403380024969,-0.11693695588084888,-0.12018372561548052,-0.11805669950278128,0.02834894838603826,0.029136060612504552,0.028620407093745224,-3.211705481587091e-17,5.673181315451065e-19,1.0178936392583813e-16
214.96,"[0.06062, 0.0456, 0.41014]",0.0456,0.41014,-0.04801117683385227,-0.04926043447412901,-0.04845156206912928,0.13362600651370432,0.13710297418254042,0.13485169861710133,0.009049262458800666,0.009284725553123194,0.009132267351273538,-0.1171358345655789,-0.12018372561548052,-0.11821026960640424,0.028397162413254035,0.029136060612504552,0.028657636991785314,-2.5993914626541762e-17,5.673181315451065e-19,1.0438410351857462e-16
214.98,"[0.06062, 0.0456, 0.41014]",0.0456,0.41014,-0.04809485002855992,-0.04926043447412901,-0.048508711170929225,0.1338588880134005,0.13710297418254042,0.1350107575436608,0.009065033384487105,0.009284725553123194,0.009143038951874427,-0.11733997722840567,-0.12018372561548052,-0.1183496998009995,0.028446652583177537,0.029136060612504552,0.028691438961088268,-2.4252252256661048e-17,5.673181315451065e-19,1.0384822577493569e-16
215.0,"[0.06062, 0.0456, 0.41014]",0.0456,0.41014,-0.04817348364561518,-0.04926043447412901,-0.048558715968297424,0.13407774322420302,0.13710297418254042,0.13514993224880298,0.009079854438413564,0.009284725553123194,0.009152463976727528,-0.11753182452226629,-0.12018372561548052,-0.11847169959467009,0.028493161994983158,0.029136060612504552,0.02872101528989195,-2.3259123066664326e-17,5.673181315451065e-19,1.0539140719551854e-16
215.02,"[0.06062, 0.0456, 0.41014]",0.0456,0.41014,-0.048242177355165033,-0.04926043447412901,-0.04860692954990848,0.1342689334154661,0.13710297418254042,0.1352841215937795,0.009092801994575073,0.009284725553123194,0.00916155138891332,-0.11769942080966103,-0.12018372561548052,-0.11858932924858752,0.028533792251426042,0.029136060612504552,0.02874953216862305,-1.885466016115921e-17,5.673181315451065e-19,1.0623341038279932e-16
215.04,"[0.06062, 0.0456, 0.41014]",0.0456,0.41014,-0.04830714104982424,-0.04926043447412901,-0.04865213972426325,0.13444974212835067,0.13710297418254042,0.13540995177440857,0.009105046508523864,0.009284725553123194,0.009170072711651472,-0.11785791674927176,-0.12018372561548052,-0.11869963130425756,0.02857221631661024,0.029136060612504552,0.02877627262258649,-1.4336139187108617e-17,5.673181315451065e-19,1.0681195374540318e-16
215.06,"[0.06062, 0.0456, 0.41014]",0.0456,0.41014,-0.04836862188227865,-0.04926043447412901,-0.04869441442968686,0.13462085724489947,0.13710297418254042,0.13552761187847515,0.00911663456419702,0.009284725553123194,0.009178040750121382,-0.11800791533477455,-0.12018372561548052,-0.11880277151500972,0.028608580373891603,0.029136060612504552,0.028801276835251653,-1.0439516579195712e-17,5.673181315451065e-19,1.0721474147112962e-16
215.08,"[0.06062, 0.0456, 0.41014]",0.0456,0.41014,-0.04842671774280097,-0.04926043447412901,-0.04869441442968686,0.1347825512159687,0.13710297418254042,0.13552761187847515,0.009127584612189585,0.009284725553123194,0.009178040750121382,-0.11814965539511593,-0.12018372561548052,-0.11880277151500972,0.02864294232241273,0.029136060612504552,0.028801276835251653,-7.1045106966303e-18,5.673181315451065e-19,1.0721474147112962e-16
215.1,"[0.06062, 0.0456, 0.41014]",0.0456,0.41014,-0.04847758011331986,-0.04926043447412901,-0.04873163978127594,0.13492411274191626,0.13710297418254042,0.13563121848431528,0.009137171274572349,0.009284725553123194,0.009185057074193157,-0.11827374746294798,-0.12018372561548052,-0.11889359250524126,0.02867302587985478,0.029136060612504552,0.028823294507482538,-2.0710814280454395e-17,5.673181315451065e-19,1.0813403055807943e-16
215.12,"[0.06062, 0.0456, 0.41014]",0.0456,0.41014,-0.04852585145023424,-0.04926043447412901,-0.048765626791476814,0.13505846283303036,0.13710297418254042,0.13572581205077494,0.00914626957263604,0.009284725553123194,0.009191463027865079,-0.11839151802604572,-0.12018372561548052,-0.11897651271390869,0.028701576919106644,0.029136060612504552,0.02884339679849566,-1.5003140363621708e-17,5.673181315451065e-19,1.0892605209249948e-16
215.14,"[0.06062, 0.0456, 0.41014]",0.0456,0.41014,-0.04856834993415369,-0.04926043447412901,-0.048765626791476814,0.1351767457634776,0.13710297418254042,0.13572581205077494,0.009154279789430982,0.009284725553123194,0.009191463027865079,-0.1184952042030223,-0.12018372561548052,-0.11897651271390869,0.028726713490001943,0.029136060612504552,0.02884339679849566,-7.677403124571653e-18,5.673181315451065e-19,1.0892605209249948e-16
215.16,"[0.06062, 0.0456, 0.41014]",0.0456,0.41014,-0.04860583253705286,-0.04926043447412901,-0.04879688264168955,0.13528106835813392,0.13710297418254042,0.13581280417885094,0.009161344600903372,0.009284725553123194,0.009197354205911931,-0.1185866528251435,-0.12018372561548052,-0.11905276954280934,0.028748883318618416,0.029136060612504552,0.028861883690785472,-1.5170541179053474e-17,5.673181315451065e-19,1.0945916789305099e-16
215.18,"[0.06062, 0.0456, 0.41014]",0.0456,0.41014,-0.04864213205693522,-0.04926043447412901,-0.048827206886417215,0.13538209816412927,0.13710297418254042,0.13589720343733167,0.009168186421992155,0.009284725553123194,0.009203069792710298,-0.11867521500656082,-0.12018372561548052,-0.11912675347624822,0.02877035338933274,0.029136060612504552,0.028879819566540878,-7.610616270746549e-18,5.673181315451065e-19,1.0939951014523694e-16
215.2,"[0.06062, 0.0456, 0.41014]",0.0456,0.41014,-0.048674567092511396,-0.04926043447412901,-0.0488546677875375,0.13547237223283207,0.13710297418254042,0.13597363336040297,0.00917429985574939,0.009284725553123194,0.009208245689596047,-0.11875434876685366,-0.12018372561548052,-0.11919375153337768,0.028789537734186875,0.029136060612504552,0.028896061860950725,1.125884835141644e-18,5.673181315451065e-19,1.0917196970982182e-16
215.22,"[0.06062, 0.0456, 0.41014]",0.0456,0.41014,-0.048706314743466116,-0.04926043447412901,-0.0488546677875375,0.13556073315405354,0.13710297418254042,0.13597363336040297,0.009180283729598105,0.009284725553123194,0.009208245689596047,-0.11883180547241184,-0.12018372561548052,-0.11919375153337768,0.02880831551177772,0.029136060612504552,0.028896061860950725,7.144507935043176e-18,5.673181315451065e-19,1.0917196970982182e-16
215.24,"[0.06062, 0.0456, 0.41014]",0.0456,0.41014,-0.04873450182184555,-0.04926043447412901,-0.048879879175433155,0.13563918419332965,0.13710297418254042,0.13604380237739647,0.009185596498166387,0.009284725553123194,0.00921299759280106,-0.11890057522904755,-0.12018372561548052,-0.11925526131410784,0.028824987318123243,0.029136060612504552,0.028910973636164797,8.344512911775406e-19,5.673181315451065e-19,1.0893195355299872e-16
215.261,"[0.06062, 0.0456, 0.41014]",0.0456,0.41014,-0.04877389908467103,-0.04926043447412901,-0.04890435374071581,0.1357488357213032,0.13710297418254042,0.1361119206497551,0.0091930221893232,0.009284725553123194,0.009217610617903138,-0.11899669516531078,-0.12018372561548052,-0.11931497342318399,0.02884828961031619,0.029136060612504552,0.028925449603035974,4.231907218878118e-18,5.673181315451065e-19,1.0825680570164108e-16
215.28,"[0.06062, 0.0456, 0.41014]",0.0456,0.41014,-0.04878694455027303,-0.04926043447412901,-0.04890435374071581,0.13578514421417573,0.13710297418254042,0.1361119206497551,0.009195481030136116,0.009284725553123194,0.009217610617903138,-0.11902852299376418,-0.12018372561548052,-0.11931497342318399,0.028856005609589497,0.029136060612504552,0.028925449603035974,1.2949326366530569e-17,5.673181315451065e-19,1.0825680570164108e-16
215.3,"[0.06062, 0.0456, 0.41014]",0.0456,0.41014,-0.048809252296461804,-0.04926043447412901,-0.048925632948866316,0.13584723173700536,0.13710297418254042,0.13617114551767848,0.00919968564797927,0.009284725553123194,0.009221621374382103,-0.11908294858040593,-0.12018372561548052,-0.11936688962204144,0.028869199968346963,0.029136060612504552,0.028938035612579936,7.865719220180537e-18,5.673181315451065e-19,1.0775751356544987e-16
215.32,"[0.06062, 0.0456, 0.41014]",0.0456,0.41014,-0.04883136462041907,-0.04926043447412901,-0.04894582031473975,0.13590877535539572,0.13710297418254042,0.13622733154063144,0.00920385343214143,0.009284725553123194,0.009225426337794796,-0.119136897383374,-0.12018372561548052,-0.1194161419858361,0.02888227874075382,0.029136060612504552,0.0289499758303621,1.2649652886055578e-17,5.673181315451065e-19,1.0705873263707384e-16
215.34,"[0.06062, 0.0456, 0.41014]",0.0456,0.41014,-0.04885129433941115,-0.04926043447412901,-0.04896549376429136,0.13596424428858644,0.13710297418254042,0.13628208721777102,0.00920760983365187,0.009284725553123194,0.00922913443702011,-0.11918552115015803,-0.12018372561548052,-0.11946414051622761,0.028894066568181564,0.029136060612504552,0.028961612082146676,1.7838210802702203e-17,5.673181315451065e-19,1.0600758731870386e-16
215.36,"[0.06062, 0.0456, 0.41014]",0.0456,0.41014,-0.04887122161967856,-0.04926043447412901,-0.04896549376429136,0.1360197064342515,0.13710297418254042,0.13628208721777102,0.009211365775507028,0.009284725553123194,0.00922913443702011,-0.11923413896703312,-0.12018372561548052,-0.11946414051622761,0.028905852953176915,0.029136060612504552,0.028961612082146676,2.1614270129034715e-17,5.673181315451065e-19,1.0600758731870386e-16
215.38,"[0.06062, 0.0456, 0.41014]",0.0456,0.41014,-0.048889133327158725,-0.04926043447412901,-0.048982684190170704,0.13606955878319038,0.13710297418254042,0.13632993207623664,0.009214741817362693,0.009284725553123194,0.009232374529952065,-0.11927783926643129,-0.12018372561548052,-0.11950608106035371,0.02891644718768381,0.029136060612504552,0.02897177970035171,1.634678229423114e-17,5.673181315451065e-19,1.0525755226657584e-16
215.4,"[0.06062, 0.0456, 0.41014]",0.0456,0.41014,-0.04890536085280147,-0.04926043447412901,-0.048982684190170704,0.13611472367167027,0.13710297418254042,0.13632993207623664,0.009217800420537561,0.009284725553123194,0.009232374529952065,-0.11931743056336172,-0.12018372561548052,-0.11950608106035371,0.028926045279454828,0.029136060612504552,0.02897177970035171,2.0713948645002758e-17,5.673181315451065e-19,1.0525755226657584e-16
215.42,"[0.06062, 0.0456, 0.41014]",0.0456,0.41014,-0.048920052286904644,-0.04926043447412901,-0.04899911954098086,0.1361556132686075,0.13710297418254042,0.13637567538933767,0.009220569497493102,0.009284725553123194,0.009235472304513805,-0.11935327416284155,-0.12018372561548052,-0.11954617940118104,0.028934734819427852,0.029136060612504552,0.028981500714436826,1.6856790996168328e-17,5.673181315451065e-19,1.0428925812921655e-16
215.44,"[0.06062, 0.0456, 0.41014]",0.0456,0.41014,-0.04893507506517897,-0.04926043447412901,-0.04901455569843612,0.13619742507161062,0.13710297418254042,0.1364186377204557,0.009223401026977383,0.009284725553123194,0.009238381748701625,-0.11938992616318148,-0.12018372561548052,-0.1195838399482454,0.028943620339482133,0.029136060612504552,0.02899063073580207,2.031062543683816e-17,5.673181315451065e-19,1.0323359934834155e-16
215.46,"[0.06062, 0.0456, 0.41014]",0.0456,0.41014,-0.04894878713132633,-0.04926043447412901,-0.04902960170422282,0.13623558886515447,0.13710297418254042,0.13646051417089242,0.009225985510277236,0.009284725553123194,0.009241217656162337,-0.11942338033816348,-0.12018372561548052,-0.11962054861817811,0.028951730612862644,0.029136060612504552,0.02899952999422769,2.3848593966092855e-17,5.673181315451065e-19,1.0194133943938827e-16
215.48,"[0.06062, 0.0456, 0.41014]",0.0456,0.41014,-0.04896278775965549,-0.04926043447412901,-0.04902960170422282,0.13627455579276992,0.13710297418254042,0.13646051417089242,0.00922862438247487,0.009284725553123194,0.009241217656162337,-0.11945753853612737,-0.12018372561548052,-0.11962054861817811,0.02896001156206629,0.029136060612504552,0.02899952999422769,2.6175725509115745e-17,5.673181315451065e-19,1.0194133943938827e-16
215.5,"[0.06062, 0.0456, 0.41014]",0.0456,0.41014,-0.048975482409125935,-0.04926043447412901,-0.04904339108375286,0.1363098878846836,0.13710297418254042,0.13649889314512811,0.00923101710064397,0.009284725553123194,0.009243816711674343,-0.11948851045676755,-0.12018372561548052,-0.11965419141939238,0.02896752006417958,0.029136060612504552,0.029007685996139863,2.150931935873813e-17,5.673181315451065e-19,1.0079295925878357e-16
215.52,"[0.06062, 0.0456, 0.41014]",0.0456,0.41014,-0.048988385057304996,-0.04926043447412901,-0.04905679954262711,0.13634579888423382,0.13710297418254042,0.1365362119306871,0.009233449022894372,0.009284725553123194,0.00924634397034269,-0.11951998984472023,-0.12018372561548052,-0.1196869048649473,0.028975151591254612,0.029136060612504552,0.029015616694977958,2.320848100345741e-17,5.673181315451065e-19,9.94677784033572e-17
215.54,"[0.06062, 0.0456, 0.41014]",0.0456,0.41014,-0.049001383809516255,-0.04926043447412901,-0.0490690505734763,0.13638197736312632,0.13710297418254042,0.13657030933124759,0.009235899059065624,0.009284725553123194,0.009248653074184343,-0.1195517037036169,-0.12018372561548052,-0.11971679446183837,0.028982839960964627,0.029136060612504552,0.029022862810063412,2.4139160148318968e-17,5.673181315451065e-19,9.833610520735676e-17
215.56,"[0.06062, 0.0456, 0.41014]",0.0456,0.41014,-0.04901313790189201,-0.04926043447412901,-0.0490690505734763,0.13641469167108505,0.13710297418254042,0.13657030933124759,0.009238114498747787,0.009284725553123194,0.009248653074184343,-0.11958038088901242,-0.12018372561548052,-0.11971679446183837,0.0289897921519383,0.029136060612504552,0.029022862810063412,2.5348262411074807e-17,5.673181315451065e-19,9.833610520735676e-17
215.58,"[0.06062, 0.0456, 0.41014]",0.0456,0.41014,-0.04902376130949523,-0.04926043447412901,-0.049080481826022086,0.13644425902658677,0.13710297418254042,0.1366021251026514,0.009240116824250319,0.009284725553123194,0.009250807664233725,-0.11960629947289929,-0.12018372561548052,-0.1197446839949529,0.028996075576984675,0.029136060612504552,0.029029624051018332,2.1024464147202613e-17,5.673181315451065e-19,9.72634196175314e-17
215.6,"[0.06062, 0.0456, 0.41014]",0.0456,0.41014,-0.04903453820763529,-0.04926043447412901,-0.04909117953246306,0.13647425358110607,0.13710297418254042,0.13663189924868707,0.009242148080005261,0.009284725553123194,0.00925282399374373,-0.11963259253714222,-0.12018372561548052,-0.11977078385031355,0.02900244978705368,0.029136060612504552,0.029035951421586218,2.205922670062277e-17,5.673181315451065e-19,9.622237304886909e-17
215.62,"[0.06062, 0.0456, 0.41014]",0.0456,0.41014,-0.049044337265772585,-0.04926043447412901,-0.04909117953246306,0.13650152658486997,0.13710297418254042,0.13663189924868707,0.009243995030116919,0.009284725553123194,0.00925282399374373,-0.1196564999047152,-0.12018372561548052,-0.11977078385031355,0.02900824563426633,0.029136060612504552,0.029035951421586218,2.3393662734517928e-17,5.673181315451065e-19,9.622237304886909e-17
215.64,"[0.06062, 0.0456, 0.41014]",0.0456,0.41014,-0.04905323729644563,-0.04926043447412901,-0.04910120329206221,0.13652629739106614,0.13710297418254042,0.13665979764763608,0.009245672529375765,0.009284725553123194,0.009254713296127263,-0.11967821385942859,-0.12018372561548052,-0.11979523943592454,0.029013509733859733,0.029136060612504552,0.02904188017293279,1.9790208394045104e-17,5.673181315451065e-19,9.520772971630559e-17
215.66,"[0.06062, 0.0456, 0.41014]",0.0456,0.41014,-0.04906235083561265,-0.04926043447412901,-0.04911097077971718,0.13655166243988212,0.13710297418254042,0.13668698278357544,0.009247390271218294,0.009284725553123194,0.009256554295756945,-0.11970044872401492,-0.12018372561548052,-0.11981906977903935,0.029018900117286223,0.029136060612504552,0.029047657347157058,2.081369524487141e-17,5.673181315451065e-19,9.405859483745227e-17
215.68,"[0.06062, 0.0456, 0.41014]",0.0456,0.41014,-0.04907158862499251,-0.04926043447412901,-0.04912028707064863,0.13657737330525196,0.13710297418254042,0.13671291213658487,0.00924913143204144,0.009284725553123194,0.009258310252739925,-0.11972298672952135,-0.12018372561548052,-0.11984179930963064,0.029024363990964273,0.029136060612504552,0.029053167652133737,2.1249110837341588e-17,5.673181315451065e-19,9.289434719719091e-17
215.7,"[0.06062, 0.0456, 0.41014]",0.0456,0.41014,-0.04908084132966724,-0.04926043447412901,-0.049129139293362704,0.13660312568327365,0.13710297418254042,0.1367375498823744,0.009250875404136117,0.009284725553123194,0.009259978741025928,-0.11974556112479356,-0.12018372561548052,-0.11986339662431961,0.029029836686589074,0.029136060612504552,0.029058403474762594,2.11883955156824e-17,5.673181315451065e-19,9.174890927486684e-17
215.72,"[0.06062, 0.0456, 0.41014]",0.0456,0.41014,-0.04909001794276956,-0.04926043447412901,-0.049137531909203135,0.1366286662811715,0.13710297418254042,0.13676090843787664,0.009252605034308218,0.009284725553123194,0.009261560601499758,-0.11976794987475461,-0.12018372561548052,-0.11988387260772225,0.029035264376344638,0.029136060612504552,0.02906336745379384,2.0748643114522278e-17,5.673181315451065e-19,9.063900612180982e-17
215.74,"[0.06062, 0.0456, 0.41014]",0.0456,0.41014,-0.04910368840456759,-0.04926043447412901,-0.04914547367815393,0.13666671428035987,0.13710297418254042,0.13678301218411612,0.009255181675917865,0.009284725553123194,0.009263057485264322,-0.11980130254503298,-0.12018372561548052,-0.1199032486321128,0.029043350042007032,0.029136060612504552,0.029068064770493698,2.1432557844926136e-17,5.673181315451065e-19,8.957535112826486e-17
215.76,"[0.06062, 0.0456, 0.41014]",0.0456,0.41014,-0.04910786693192713,-0.04926043447412901,-0.049152621337772685,0.13667834407077362,0.13710297418254042,0.13680290574377477,0.009255969254838386,0.009284725553123194,0.009264404693386076,-0.11981149715639804,-0.12018372561548052,-0.1199206872189024,0.029045821514857063,0.029136060612504552,0.029072292395485103,1.9172213155728355e-17,5.673181315451065e-19,8.875721319208576e-17
215.78,"[0.06062, 0.0456, 0.41014]",0.0456,0.41014,-0.049119416415483036,-0.04926043447412901,-0.049152621337772685,0.13671048890592516,0.13710297418254042,0.13680290574377477,0.009258146129360635,0.009284725553123194,0.009264404693386076,-0.11983967514500943,-0.12018372561548052,-0.1199206872189024,0.029052652685886648,0.029136060612504552,0.029072292395485103,1.6927047296945363e-17,5.673181315451065e-19,8.875721319208576e-17
215.8,"[0.06062, 0.0456, 0.41014]",0.0456,0.41014,-0.04912273690771272,-0.04926043447412901,-0.049159235813314106,0.13671973058974804,0.13710297418254042,0.13682131533108188,0.009258771983748589,0.009284725553123194,0.009265651405686743,-0.11984777635505585,-0.12018372561548052,-0.11993682496355593,0.029054616656847866,0.029136060612504552,0.029076204658183037,1.5428246213701404e-17,5.673181315451065e-19,8.802536787877539e-17
215.82,"[0.06062, 0.0456, 0.41014]",0.0456,0.41014,-0.04912967169977713,-0.04926043447412901,-0.049165385761133704,0.13673903169067125,0.13710297418254042,0.13683843203226395,0.009260079070082614,0.009284725553123194,0.009266810562681903,-0.11986469559572105,-0.12018372561548052,-0.11995182937122582,0.029058718377104126,0.029136060612504552,0.02907984216675015,1.5390515978098904e-17,5.673181315451065e-19,8.734381776349767e-17
215.84,"[0.06062, 0.0456, 0.41014]",0.0456,0.41014,-0.04913590387613109,-0.04926043447412901,-0.049165385761133704,0.13675637725253728,0.13710297418254042,0.13683843203226395,0.009261253725712142,0.009284725553123194,0.009266810562681903,-0.11987990062142696,-0.12018372561548052,-0.11995182937122582,0.02906240452136843,0.029136060612504552,0.02907984216675015,1.5678480075111054e-17,5.673181315451065e-19,8.734381776349767e-17
215.86,"[0.06062, 0.0456, 0.41014]",0.0456,0.41014,-0.04914446664617757,-0.04926043447412901,-0.04917111755323701,0.1367802093858316,0.13710297418254042,0.1368543849111415,0.009262867657264615,0.009284725553123194,0.009267890904679056,-0.11990079174055802,-0.12018372561548052,-0.11996581357855901,0.029067469141478435,0.029136060612504552,0.02908323234882848,1.4784230123245018e-17,5.673181315451065e-19,8.669722805984815e-17
215.88,"[0.06062, 0.0456, 0.41014]",0.0456,0.41014,-0.04914713173688411,-0.04926043447412901,-0.049176695854926844,0.13678762693840066,0.13710297418254042,0.1368699105913469,0.009263369979991594,0.009284725553123194,0.009268942316433085,-0.11990729392701509,-0.12018372561548052,-0.1199794233058469,0.029069045462214813,0.029136060612504552,0.02908653174595862,1.3584668839607055e-17,5.673181315451065e-19,8.597325899502603e-17
215.9,"[0.06062, 0.0456, 0.41014]",0.0456,0.41014,-0.04915274891931228,-0.04926043447412901,-0.04918177586106709,0.13680326083253078,0.13710297418254042,0.1368840494018953,0.009264428720082549,0.009284725553123194,0.009269899808239918,-0.1199209985140428,-0.12018372561548052,-0.1199918173106955,0.029072367856128722,0.029136060612504552,0.029089536416306738,1.3660562991681046e-17,5.673181315451065e-19,8.535687885205724e-17
215.92,"[0.06062, 0.0456, 0.41014]",0.0456,0.41014,-0.049157806837693004,-0.04926043447412901,-0.04918177586106709,0.13681733816783098,0.13710297418254042,0.1368840494018953,0.009265382048736592,0.009284725553123194,0.009269899808239918,-0.11993333863002018,-0.12018372561548052,-0.1199918173106955,0.02907535946223382,0.029136060612504552,0.029089536416306738,1.3908194767876735e-17,5.673181315451065e-19,8.535687885205724e-17
215.94,"[0.06062, 0.0456, 0.41014]",0.0456,0.41014,-0.04916236095213504,-0.04926043447412901,-0.049186506117635254,0.13683001330237557,0.13710297418254042,0.1368972147799708,0.009266240419214856,0.009284725553123194,0.009270791378403824,-0.11994444958439665,-0.12018372561548052,-0.12000335800990386,0.029078053083510306,0.029136060612504552,0.029092334220336292,1.190979332355145e-17,5.673181315451065e-19,8.477781290848084e-17
215.96,"[0.06062, 0.0456, 0.41014]",0.0456,0.41014,-0.049166948533580085,-0.04926043447412901,-0.04919092550697121,0.1368427815831893,0.13710297418254042,0.13690951494395384,0.009267105097628615,0.009284725553123194,0.009271624355562046,-0.11995564219029241,-0.12018372561548052,-0.12001414026711892,0.029080766499509865,0.029136060612504552,0.02909494815577808,1.2163930312782053e-17,5.673181315451065e-19,8.422249827486554e-17
215.98,"[0.06062, 0.0456, 0.41014]",0.0456,0.41014,-0.04917110641348403,-0.04926043447412901,-0.04919092550697121,0.1368543539070465,0.13710297418254042,0.13690951494395384,0.00926788878485922,0.009284725553123194,0.009271624355562046,-0.11996578642678955,-0.12018372561548052,-0.12001414026711892,0.029083225760013678,0.029136060612504552,0.02909494815577808,1.257549345745755e-17,5.673181315451065e-19,8.422249827486554e-17
216.0,"[0.06062, 0.0456, 0.41014]",0.0456,0.41014,-0.049174872041247375,-0.04926043447412901,-0.04919506085158358,0.13686483450413126,0.13710297418254042,0.13692102454697622,0.009268598539465392,0.009284725553123194,0.009272403795285716,-0.1199749736615002,-0.12018372561548052,-0.12002422952287214,0.02908545301521153,0.029136060612504552,0.029097394087336612,1.0967404795227052e-17,5.673181315451065e-19,8.368523989759601e-17
216.02,"[0.06062, 0.0456, 0.41014]",0.0456,0.41014,-0.049178707915211194,-0.04926043447412901,-0.04919893496377542,0.1368755106123428,0.13710297418254042,0.13693180708085706,0.009269321534239745,0.009284725553123194,0.009273133997292748,-0.11998433228021001,-0.12018372561548052,-0.12003368143374878,0.029087721818917896,0.029136060612504552,0.029099685507800805,1.1269246680047017e-17,5.673181315451065e-19,8.316585174070386e-17
216.04,"[0.06062, 0.0456, 0.41014]",0.0456,0.41014,-0.049182202384341005,-0.04926043447412901,-0.04919893496377542,0.13688523651338208,0.13710297418254042,0.13693180708085706,0.009269980180207374,0.009284725553123194,0.009273133997292748,-0.11999285795245261,-0.12018372561548052,-0.12003368143374878,0.029089788691966472,0.029136060612504552,0.029099685507800805,1.1682110867329491e-17,5.673181315451065e-19,8.316585174070386e-17
216.06,"[0.06062, 0.0456, 0.41014]",0.0456,0.41014,-0.049185381574434195,-0.04926043447412901,-0.04920256783006827,0.13689408492127472,0.13710297418254042,0.13694191817262397,0.009270579401626323,0.009284725553123194,0.009273818728690935,-0.12000061441894698,-0.12018372561548052,-0.12004254476210029,0.029091669086977603,0.029136060612504552,0.029101834238595085,1.0283923745692185e-17,5.673181315451065e-19,8.26633995052289e-17
216.08,"[0.06062, 0.0456, 0.41014]",0.0456,0.41014,-0.04918864696300462,-0.04926043447412901,-0.04920610844929889,0.13690317323910214,0.13710297418254042,0.13695177251987115,0.009271194869937709,0.009284725553123194,0.009274486073140504,-0.12000858118919504,-0.12018372561548052,-0.1200511830295945,0.02909360046578754,0.029136060612504552,0.029103928408035502,1.0575357289656289e-17,5.673181315451065e-19,8.211447841232608e-17
216.1,"[0.06062, 0.0456, 0.41014]",0.0456,0.41014,-0.04919164598966964,-0.04926043447412901,-0.04920610844929889,0.13691152021126704,0.13710297418254042,0.13695177251987115,0.009271760133714488,0.009284725553123194,0.009274486073140504,-0.12001589809984536,-0.12018372561548052,-0.1200511830295945,0.02909537429956761,0.029136060612504552,0.029103928408035502,1.0975211050868941e-17,5.673181315451065e-19,8.211447841232608e-17
216.12,"[0.06062, 0.0456, 0.41014]",0.0456,0.41014,-0.049194393856999745,-0.04926043447412901,-0.04920938050217449,0.13691916814997437,0.13710297418254042,0.13696087938597193,0.009272278058378318,0.009284725553123194,0.009275102797555756,-0.12002260224154555,-0.12018372561548052,-0.12005916605915906,0.029096999580179136,0.029136060612504552,0.029105863728580636,9.698454572550013e-18,5.673181315451065e-19,8.16042083737791e-17
216.14,"[0.06062, 0.0456, 0.41014]",0.0456,0.41014,-0.04919724131958288,-0.04926043447412901,-0.04921244778790248,0.1369270932848853,0.13710297418254042,0.13696941633860665,0.009272814754991674,0.009284725553123194,0.0092756809269652,-0.12002954937194081,-0.12018372561548052,-0.12006664950566205,0.02909868376837804,0.029136060612504552,0.02910767793553658,9.932642241806882e-18,5.673181315451065e-19,8.111680461078852e-17
216.16,"[0.06062, 0.0456, 0.41014]",0.0456,0.41014,-0.04920013054856356,-0.04926043447412901,-0.049215303996360336,0.13693513466516385,0.13710297418254042,0.13697736581527165,0.009273359323836756,0.009284725553123194,0.009276219272021697,-0.12003659840239646,-0.12018372561548052,-0.12007361797390774,0.029100392660140754,0.029136060612504552,0.029109367296656283,9.91399396444013e-18,5.673181315451065e-19,8.067419733954126e-17
216.18,"[0.06062, 0.0456, 0.41014]",0.0456,0.41014,-0.049202756444883686,-0.04926043447412901,-0.049215303996360336,0.13694244313085585,0.13710297418254042,0.13697736581527165,0.009273854259106717,0.009284725553123194,0.009276219272021697,-0.12004300496389018,-0.12018372561548052,-0.12007361797390774,0.029101945798580556,0.029136060612504552,0.029109367296656283,1.0008970074749859e-17,5.673181315451065e-19,8.067419733954126e-17
216.2,"[0.06062, 0.0456, 0.41014]",0.0456,0.41014,-0.04920615683133449,-0.04926043447412901,-0.04921788283887162,0.13695190717843617,0.13710297418254042,0.13698454331952895,0.009274495172148359,0.009284725553123194,0.009276705338475608,-0.12005130109680472,-0.12018372561548052,-0.12007990973531661,0.029103957024562782,0.029136060612504552,0.029110892604187828,8.373125836903735e-18,5.673181315451065e-19,8.03030493900385e-17
216.22,"[0.06062, 0.0456, 0.4101225597025997]",0.0456,0.4101225597025997,-0.0492073294320879,-0.049296638916230484,-0.04921788283887162,0.1369551707925826,0.13718127161153024,0.13698454331952895,0.009274716186763968,0.009224466556068052,0.009276705338475608,-0.12005416196331342,-0.1203671590318206,-0.12007990973531661,0.02910465058252665,0.029158145696424775,0.029110892604187828,9.078724610757301e-18,5.592876216703784e-19,8.03030493900385e-17
216.24,"[0.06062, 0.0456, 0.4101225597025997]",0.0456,0.4101225597025997,-0.04920933457937724,-0.049296638916230484,-0.049222169406247414,0.13696075157277499,0.13718127161153024,0.13699535042214234,0.009275094121762294,0.009224466556068052,0.00927415913614976,-0.12005905404504183,-0.1203671590318206,-0.12009512309869183,0.029105836566644894,0.029158145696424775,0.029113461541890328,8.141106571991837e-18,5.592876216703784e-19,7.991414130304246e-17
216.26,"[0.06062, 0.0456, 0.41006573250705647]",0.0456,0.41006573250705647,-0.04921177319648243,-0.049440754660721946,-0.04923349147818111,0.13696732535422645,0.1374930043688221,0.13702128834518704,0.009274916470666607,0.008984590079277256,0.009259641110033363,-0.12006590717028347,-0.12109733386243297,-0.12014635306367509,0.029107285311944144,0.02924605025976172,0.029120324449408482,6.765470855542229e-18,6.21927380681721e-19,7.96703918691512e-17
216.281,"[0.06062, 0.0456, 0.41006573250705647]",0.0456,0.41006573250705647,-0.049216741762995994,-0.049440754660721946,-0.04923349147818111,0.13697984835311253,0.1374930043688221,0.13702128834518704,0.00927195280258994,0.008984590079277256,0.009259641110033363,-0.12008355838742828,-0.12109733386243297,-0.12014635306367509,0.029110263022691714,0.02924605025976172,0.029120324449408482,-3.4863011943865734e-19,6.21927380681721e-19,7.96703918691512e-17
216.3,"[0.06062, 0.0456, 0.41006573250705647]",0.0456,0.41006573250705647,-0.049218416734514714,-0.049440754660721946,-0.049244509940425424,0.1369839923523583,0.1374930043688221,0.13704648515570778,0.009270721631320101,0.008984590079277256,0.009245376238576433,-0.12008983785770981,-0.12109733386243297,-0.12019640228080695,0.02911126916536478,0.02924605025976172,0.029127004681361063,1.122415388189675e-18,6.21927380681721e-19,7.99715112483904e-17
216.32,"[0.06062, 0.0456, 0.40996717754008577]",0.0456,0.40996717754008577,-0.04922337444363746,-0.049690277314193454,-0.04926761100095582,0.13699586598506633,0.13803296229508635,0.13709774905449423,0.009265906002869842,0.008568773011683144,0.009210737728405615,-0.12011008510314586,-0.1223621908287491,-0.12030803759630965,0.0291142589134067,0.029398282185220996,0.02914105883970119,-3.354905903306462e-18,6.819166649528771e-19,8.029584512537316e-17
216.34,"[0.06062, 0.0456, 0.40996717754008577]",0.0456,0.40996717754008577,-0.04922970029407937,-0.049690277314193454,-0.04926761100095582,0.13701061001743786,0.13803296229508635,0.13709774905449423,0.009258541492808072,0.008568773011683144,0.009210737728405615,-0.12013764890349782,-0.1223621908287491,-0.12030803759630965,0.029118086025154682,0.029398282185220996,0.02914105883970119,-2.0686528151790748e-17,6.819166649528771e-19,8.029584512537316e-17
216.36,"[0.06062, 0.0456, 0.40983396744937034]",0.0456,0.40983396744937034,-0.04923690332838649,-0.05002660124654119,-0.04929008035352743,0.1370271664345516,0.1387612805523523,0.13714757144634487,0.00924945877374438,0.008007168941894576,0.00917692720120093,-0.12017002276018081,-0.12406849710122536,-0.12041678916942254,0.029122450859921146,0.029603545972218433,0.029154729885828037,-9.338834533688463e-18,7.810642598750536e-19,8.145676642396059e-17
216.38,"[0.06062, 0.0456, 0.40983396744937034]",0.0456,0.40983396744937034,-0.04924700696316273,-0.05002660124654119,-0.04932856278322444,0.1370500433868639,0.1387612805523523,0.13723200172836217,0.009235677771132102,0.008007168941894576,0.00911616319342786,-0.12021690838298375,-0.12406849710122536,-0.12060708484603277,0.029128583874846067,0.029603545972218433,0.029178176303585865,-1.811219851344116e-17,7.810642598750536e-19,8.255343788333645e-17
216.4,"[0.06062, 0.0456, 0.40983396744937034]",0.0456,0.40983396744937034,-0.04925903915030041,-0.05002660124654119,-0.04932856278322444,0.1370770167464378,0.1387612805523523,0.13723200172836217,0.009218438758238821,0.008007168941894576,0.00911616319342786,-0.12027391530511307,-0.12406849710122536,-0.12060708484603277,0.02913589625871105,0.029603545972218433,0.029178176303585865,-4.43177987032848e-17,7.810642598750536e-19,8.255343788333645e-17
216.42,"[0.06062, 0.0456, 0.409659258311358]",0.0456,0.409659258311358,-0.049272248640556786,-0.050466150118765214,-0.04938787376745835,0.137106463893077,0.13971408248446332,0.1373615195667361,0.009199006397096482,0.0072712443607750865,0.009020319134227146,-0.12033721752293794,-0.12630097271163102,-0.1209034617034927,0.02914392946723984,0.029871931171802556,0.029214343029391274,-2.089296024543198e-17,8.565276664440708e-19,8.465915029999179e-17
216.441,"[0.06062, 0.0456, 0.409659258311358]",0.0456,0.409659258311358,-0.04930358304994624,-0.050466150118765214,-0.04944543715406599,0.13717558398074117,0.13971408248446332,0.13748719152762168,0.009150582143396858,0.0072712443607750865,0.008927204048294567,-0.12049066970306706,-0.12630097271163102,-0.12119124018980351,0.029163011542586593,0.029871931171802556,0.029249445196705557,-3.648075171969056e-17,8.565276664440708e-19,8.816646501559031e-17
216.46,"[0.06062, 0.0456, 0.40944554843661024]",0.0456,0.40944554843661024,-0.049317768460355974,-0.0510013369723162,-0.04944543715406599,0.1372067447354649,0.14087569434036545,0.13748719152762168,0.009128244331870374,0.006372074019794116,0.008927204048294567,-0.1205607267543925,-0.12902314172209006,-0.12119124018980351,0.0291716549079999,0.030198907460603476,0.029249445196705557,-8.207925932834792e-17,9.078134160630564e-19,8.816646501559031e-17
216.48,"[0.06062, 0.0456, 0.40944554843661024]",0.0456,0.40944554843661024,-0.04934202551216217,-0.0510013369723162,-0.04952763824507021,0.13726002962604897,0.14087569434036545,0.1376662913033294,0.009090046674160353,0.006372074019794116,0.008792496076716918,-0.1206805243121736,-0.12902314172209006,-0.12160461415862425,0.029186435062856515,0.030198907460603476,0.029299603156463055,-3.746217152622442e-17,9.078134160630564e-19,9.131586116414687e-17
216.5,"[0.06062, 0.0456, 0.40944554843661024]",0.0456,0.40944554843661024,-0.04937729193141272,-0.0510013369723162,-0.04952763824507021,0.13733721934480325,0.14087569434036545,0.1376662913033294,0.009033512056814559,0.006372074019794116,0.008792496076716918,-0.12085610138804408,-0.12902314172209006,-0.12160461415862425,0.029207937000644377,0.030198907460603476,0.029299603156463055,-7.562955744466617e-17,9.078134160630564e-19,9.131586116414687e-17
216.52,"[0.06062, 0.0456, 0.40919304873097195]",0.0456,0.40919304873097195,-0.04940585773100911,-0.051630185208416855,-0.04960583983943187,0.13739974301699812,0.14224274492982159,0.13783664313283184,0.008987719016763061,0.005311103490469657,0.008664219505904134,-0.12099831881950929,-0.13222731013215336,-0.12199804815814257,0.029225353570252462,0.030583378847087454,0.029347322379651132,-2.6204683528872967e-17,9.079769516781896e-19,9.349446015990598e-17
216.54,"[0.06062, 0.0456, 0.40919304873097195]",0.0456,0.40919304873097195,-0.049443854331607764,-0.051630185208416855,-0.04971320200114236,0.13748275403907806,0.14224274492982159,0.13807037009762443,0.00892625410586596,0.005311103490469657,0.008486613260703926,-0.12118826739889679,-0.13222731013215336,-0.12254024451675201,0.02924852764404078,0.030583378847087454,0.029412873103784584,-5.862276216705856e-17,9.079769516781896e-19,9.679461479849166e-17
216.56,"[0.06062, 0.0456, 0.4089020083811679]",0.0456,0.4089020083811679,-0.04948536779426214,-0.052350386650769874,-0.04971320200114236,0.13757336566344058,0.14381127328146198,0.13807037009762443,0.008858706903518813,0.004090038212134234,0.008486613260703926,-0.12139634538405758,-0.1359044688409407,-0.12254024451675201,0.029273853716222674,0.031024063928032482,0.029412873103784584,-1.2518540298289562e-16,8.235595066090451e-19,9.679461479849166e-17
216.581,"[0.06062, 0.0456, 0.4089020083811679]",0.0456,0.4089020083811679,-0.04956108411482481,-0.052350386650769874,-0.049852934506156424,0.13773847563168143,0.14381127328146198,0.13837458776237666,0.008734599639822729,0.004090038212134234,0.008253914450488835,-0.12177711777232605,-0.1359044688409407,-0.12324800167785072,0.0293200643545872,0.031024063928032482,0.029498236947100787,-1.7147563157759872e-16,8.235595066090451e-19,1.0186948567581735e-16
216.6,"[0.06062, 0.0456, 0.4089020083811679]",0.0456,0.4089020083811679,-0.04959026915395945,-0.052350386650769874,-0.049987909806372695,0.13780208684479167,0.14381127328146198,0.13866843989377373,0.008686531118868251,0.004090038212134234,0.008029068225981012,-0.12192420616554336,-0.1359044688409407,-0.12393175911752345,0.029337881613839836,0.031024063928032482,0.029580696210501148,-1.1630491982850136e-16,8.235595066090451e-19,1.0894450431034586e-16
216.62,"[0.06062, 0.0456, 0.4085727146088856]",0.0456,0.4085727146088856,-0.04965367310089499,-0.0531593411062082,-0.049987909806372695,0.13794024723234308,0.14557679440597027,0.13866843989377373,0.00858184932558593,0.0027108190972541988,0.008029068225981012,-0.12224410306189454,-0.14004443894082896,-0.12393175911752345,0.02937659505350201,0.03151951631410607,0.029580696210501148,-1.7986432062655358e-16,1.0504113113269085e-18,1.0894450431034586e-16
216.64,"[0.06062, 0.0456, 0.4085727146088856]",0.0456,0.4085727146088856,-0.04971717807493877,-0.0531593411062082,-0.05016077000560868,0.13807860383809323,0.14557679440597027,0.1390449867372775,0.008476820912816757,0.0027108190972541988,0.007739515736713498,-0.12256475771753043,-0.14004443894082896,-0.12480955236666044,0.02941537427333421,0.03151951631410607,0.02968636274524249,-6.554387515533705e-17,1.0504113113269085e-18,1.2029244753980726e-16
216.66,"[0.06062, 0.0456, 0.40820549238732223]",0.0456,0.40820549238732223,-0.04980146054176248,-0.05405418360277658,-0.05036808172227822,0.1382622165890097,0.14753433300795146,0.1394969926610029,0.008336732925513035,0.001175614075998317,0.0073902893678786125,-0.12299126870591344,-0.14463596192029982,-0.1258648703041133,0.029466862082999267,0.03206813877076899,0.02981317450686092,-1.3943528897630717e-16,7.768830063087172e-19,1.2605336014875975e-16
216.68,"[0.06062, 0.0456, 0.40820549238732223]",0.0456,0.40820549238732223,-0.04989046051155448,-0.05405418360277658,-0.05036808172227822,0.13845614350962268,0.14753433300795146,0.1394969926610029,0.00818833901891219,0.001175614075998317,0.0073902893678786125,-0.12344227440024379,-0.14463596192029982,-0.1258648703041133,0.02952124838498983,0.03206813877076899,0.02981317450686092,-2.586242358828527e-16,7.768830063087172e-19,1.2605336014875975e-16
216.7,"[0.06062, 0.0456, 0.40820549238732223]",0.0456,0.40820549238732223,-0.04998120854159618,-0.05405418360277658,-0.05056873752786829,0.1386539048484657,0.14753433300795146,0.13993449283329157,0.008036709581361658,0.001175614075998317,0.007052219811683003,-0.12390256762705497,-0.14463596192029982,-0.1268863801167217,0.02957671434814756,0.03206813877076899,0.029935916963224684,-9.257390267713876e-17,7.768830063087172e-19,1.3543091917102093e-16
216.721,"[0.06062, 0.0456, 0.4078007041204751]",0.0456,0.4078007041204751,-0.05014042889687504,-0.055031813300266755,-0.05080993388337928,0.1390009441924624,0.14967845974650057,0.1404610178439179,0.007769912848278194,-0.0005131911809652097,0.006643706394560801,-0.12471118081897785,-0.14966679589240287,-0.12811704480482897,0.029674058256836732,0.03266819828600073,0.030083562222048364,-7.790941777296876e-17,9.60219048774023e-19,1.4327504271470125e-16
216.74,"[0.06062, 0.0456, 0.4078007041204751]",0.0456,0.4078007041204751,-0.05020737939551726,-0.055031813300266755,-0.05080993388337928,0.13914695155763981,0.14967845974650057,0.1404610178439179,0.0076572922008794906,-0.0005131911809652097,0.006643706394560801,-0.1250517672202047,-0.14966679589240287,-0.12811704480482897,0.029715008653359274,0.03266819828600073,0.030083562222048364,-2.89485400201349e-16,9.60219048774023e-19,1.4327504271470125e-16
216.76,"[0.06062, 0.0456, 0.40735874928549304]",0.0456,0.40735874928549304,-0.050393842668506786,-0.056088923442162854,-0.051041643951197244,0.1395536469968601,0.15200332936488442,0.14096685259922428,0.007343356611484537,-0.002353003235590883,0.006251168090847302,-0.12600069575745687,-0.15512381585109417,-0.12929942785077575,0.02982907089700141,0.033317841730804314,0.030225404487290452,-2.7714848052107093e-16,8.1624246074969525e-19,1.5276312188110709e-16
216.78,"[0.06062, 0.0456, 0.40735874928549304]",0.0456,0.40735874928549304,-0.050458622796778915,-0.056088923442162854,-0.05132154198287445,0.1396949675571414,0.15200332936488442,0.1415787449924178,0.007234137757382238,-0.002353003235590883,0.005774527291954664,-0.12633056896946912,-0.15512381585109417,-0.13073086927027186,0.02986870425603136,0.033317841730804314,0.030396872478380653,-1.5838801031309175e-16,8.1624246074969525e-19,1.7018628096433018e-16
216.8,"[0.06062, 0.0456, 0.40735874928549304]",0.0456,0.40735874928549304,-0.05062257744213259,-0.056088923442162854,-0.05132154198287445,0.14005288526991863,0.15200332936488442,0.1415787449924178,0.006956811765080012,-0.002353003235590883,0.005774527291954664,-0.12716662603168408,-0.15512381585109417,-0.13073086927027186,0.02996905621827991,0.033317841730804314,0.030396872478380653,-2.430143266842752e-16,8.1624246074969525e-19,1.7018628096433018e-16
216.82,"[0.06062, 0.0456, 0.40688006403844024]",0.0456,0.40688006403844024,-0.050755380704879505,-0.057222031766835234,-0.05158654137167932,0.14034279861728016,0.15450272010134852,0.1421581129509984,0.006732177711302846,-0.004341031461597005,0.005323091166339496,-0.12784383225211504,-0.16099311616027084,-0.13208633250154705,0.03005034130770089,0.03401511181734204,0.03055922129740879,-1.3461838555216286e-17,8.293021909104392e-19,1.814330079808187e-16
216.84,"[0.06062, 0.0456, 0.40688006403844024]",0.0456,0.40688006403844024,-0.05091330123156732,-0.057222031766835234,-0.05189760573242685,0.14068770834076313,0.15450272010134852,0.14283932013005124,0.006464451263877654,-0.004341031461597005,0.004790208185607808,-0.12864990730457748,-0.16099311616027084,-0.13368120342461903,0.030147028505747447,0.03401511181734204,0.030749949585677505,-1.1400380913761806e-16,8.293021909104392e-19,1.9403599421883138e-16
216.86,"[0.06062, 0.0456, 0.40636512078386317]",0.0456,0.40636512078386317,-0.05110031908672594,-0.058427510833159994,-0.05220151167779833,0.14109651458080472,0.15717007381460676,0.1435048720504348,0.006146345075118816,-0.006474299133258025,0.004269527573813362,-0.12960585357245735,-0.16726011357634035,-0.13523944984545846,0.030261583510936153,0.034757963076970405,0.030936291832545957,-2.1677750147186405e-16,7.444569249610718e-19,2.1810605931268021e-16
216.88,"[0.06062, 0.0456, 0.40636512078386317]",0.0456,0.40636512078386317,-0.0513095456790262,-0.058427510833159994,-0.05254655997799947,0.14155410250011366,0.15717007381460676,0.14426194570228323,0.0057897497459748195,-0.006474299133258025,0.003674803798200835,-0.1306762368694083,-0.16726011357634035,-0.13701315362152808,0.030389778092043886,0.034757963076970405,0.0311480539153414,-2.61071063345718e-16,7.444569249610718e-19,2.2720149338674297e-16
216.9,"[0.06062, 0.0456, 0.40636512078386317]",0.0456,0.40636512078386317,-0.051513524048806145,-0.058427510833159994,-0.0528843868189105,0.1420004560799362,0.15717007381460676,0.14500320088875251,0.005441435151802934,-0.006474299133258025,0.003092456802466512,-0.13172061771753835,-0.16726011357634035,-0.1387498251249327,0.030514791911020703,0.034757963076970405,0.031355387770666376,-4.0520967064549997e-16,7.444569249610718e-19,2.5224854593110926e-16
216.92,"[0.06062, 0.0456, 0.4058144277085842]",0.0456,0.4058144277085842,-0.051743583559438575,-0.05970161776696706,-0.0528843868189105,0.14250426462690838,0.1599985362921268,0.14500320088875251,0.005047540491135726,-0.00874965492231267,0.003092456802466512,-0.13289986669472031,-0.173909649242868,-0.1387498251249327,0.030655845077375867,0.03554427760491444,0.031355387770666376,-4.787554408138817e-16,7.687529797698926e-19,2.5224854593110926e-16
216.94,"[0.06062, 0.0456, 0.4058144277085842]",0.0456,0.4058144277085842,-0.05196033617874778,-0.05970161776696706,-0.05326403039090099,0.14297906251675527,0.1599985362921268,0.1458379260613853,0.004676074586358592,-0.00874965492231267,0.002433870675991014,-0.13401135880159906,-0.173909649242868,-0.1407067091785894,0.0307887581891023,0.03554427760491444,0.03158861435189206,-6.748156127800342e-17,7.687529797698926e-19,2.601424836398928e-16
216.96,"[0.06062, 0.0456, 0.4052285282801828]",0.0456,0.4052285282801828,-0.05220803807905201,-0.06104052299603404,-0.05369255641217436,0.14352224659031734,0.1629809972540244,0.1467821516482053,0.004250055839462214,-0.011163784697744065,0.0016856776979227751,-0.13528347537832278,-0.18092608826469844,-0.1429216076112522,0.03094073086003387,0.036371880347971265,0.03185213719221807,-1.8915983637257543e-16,1.0011545035730501e-18,2.67005967584627e-16
216.98,"[0.06062, 0.0456, 0.4052285282801828]",0.0456,0.4052285282801828,-0.05245152922042175,-0.06104052299603404,-0.05369255641217436,0.14405664824858175,0.1629809972540244,0.1467821516482053,0.0038301613566650472,-0.011163784697744065,0.0016856776979227751,-0.13653537964872645,-0.18092608826469844,-0.1429216076112522,0.03109018100752103,0.036371880347971265,0.03185213719221807,-4.2626791260125143e-16,1.0011545035730501e-18,2.67005967584627e-16
217.0,"[0.06062, 0.0456, 0.4052285282801828]",0.0456,0.4052285282801828,-0.052687324386865055,-0.06104052299603404,-0.05411259839430889,0.14457449389461116,0.1629809972540244,0.14770772402111712,0.003422709457545725,-0.011163784697744065,0.000952197578238877,-0.1377487629667644,-0.18092608826469844,-0.14509278134343281,0.031234952682614347,0.036371880347971265,0.03211044822613725,1.8001274809443747e-17,1.0011545035730501e-18,2.9645612832465413e-16
217.02,"[0.06062, 0.0456, 0.40460800071065817]",0.0456,0.40460800071065817,-0.05295812644827381,-0.062440337609100297,-0.05457926903490266,0.14516980761873283,0.16611012961771954,0.1487384050468673,0.00295331219652405,-0.013713223521319217,0.00013171642327916165,-0.13914412646344146,-0.18829341565915594,-0.14751197382014342,0.0314012968358849,0.037238553744706936,0.032397743740047946,-1.4418713025787686e-16,1.1239961806328826e-18,3.1586958535794063e-16
217.04,"[0.06062, 0.0456, 0.40460800071065817]",0.0456,0.40460800071065817,-0.0532661435397275,-0.062440337609100297,-0.055021792724891286,0.14584784113016522,0.16611012961771954,0.14971590690930045,0.0024172089956443457,-0.013713223521319217,-0.0006466758371899185,-0.14073401746633007,-0.18829341565915594,-0.1498064497952139,0.03159062174767695,0.037238553744706936,0.03267019381779496,-2.9292882630116327e-16,1.1239961806328826e-18,3.269237142705629e-16
217.06,"[0.06062, 0.0456, 0.40395345738580435]",0.0456,0.40395345738580435,-0.053559889752802306,-0.06389713904504946,-0.05552727897182801,0.1464947984606686,0.1693784276457935,0.15083503549224067,0.0019051261768753328,-0.016394367731859247,-0.0015418246646198845,-0.1422512767761783,-0.195995327683607,-0.15243489953201592,0.03177121993400307,0.038142051562355006,0.03298174151907761,-4.710801567944224e-16,1.1378276091576406e-18,3.5649464742342764e-16
217.08,"[0.06062, 0.0456, 0.40395345738580435]",0.0456,0.40395345738580435,-0.053888199942184314,-0.06389713904504946,-0.05552727897182801,0.1472187219242897,0.1693784276457935,0.15083503549224067,0.0013307689074780079,-0.016394367731859247,-0.0015418246646198845,-0.1439496046285937,-0.195995327683607,-0.15243489953201592,0.03197317974205261,0.038142051562355006,0.03298174151907761,-6.737743550258014e-16,1.1378276091576406e-18,3.5649464742342764e-16
217.1,"[0.06062, 0.0456, 0.40395345738580435]",0.0456,0.40395345738580435,-0.05424844501626142,-0.06389713904504946,-0.05601547955634104,0.1480139199289817,0.1693784276457935,0.15191601975914423,0.0006984923334643675,-0.016394367731859247,-0.0024066625777933457,-0.1458157049778523,-0.195995327683607,-0.15497384265675887,0.03219489753331857,0.038142051562355006,0.03328265205538391,-7.638581114524081e-16,1.1378276091576406e-18,3.977268007213413e-16
217.12,"[0.06062, 0.0456, 0.4032655442608588]",0.0456,0.4032655442608588,-0.054584181578890945,-0.06540699488887391,-0.05654498671671203,0.14875531889682722,0.17277824365929723,0.15309149021303714,0.00010851289629103386,-0.0192034870133657,-0.003351853331931242,-0.1475557511420611,-0.2040153177431236,-0.1577365698096565,0.03240157089251082,0.039080111809545855,0.0336094196005539,-4.71284844152366e-17,1.3683865473872309e-18,4.0661284562081716e-16
217.14,"[0.06062, 0.0456, 0.4032655442608588]",0.0456,0.4032655442608588,-0.0549567345550715,-0.06540699488887391,-0.05706256926547054,0.14957919144700285,0.17277824365929723,0.15424056222539054,-0.0005489566910963068,-0.0192034870133657,-0.004275932934100437,-0.14949010669405766,-0.2040153177431236,-0.1604372984698429,0.03263106214703921,0.039080111809545855,0.03392883792949846,-2.1953614547953648e-16,1.3683865473872309e-18,4.440867008462025e-16
217.16,"[0.06062, 0.0456, 0.40254494022302334]",0.0456,0.40254494022302334,-0.05535684315004345,-0.06696598461867681,-0.05706256926547054,0.15046485189499587,0.1763018230588762,0.15424056222539054,-0.0012570821813093092,-0.0221367363462766,-0.004275932934100437,-0.1515700731366253,-0.21233675628156287,-0.1604372984698429,0.03287763954570642,0.04005046863773753,0.03392883792949846,-2.96233908203768e-16,2.1131304882595415e-18,4.440867008462025e-16
217.18,"[0.06062, 0.0456, 0.40254494022302334]",0.0456,0.40254494022302334,-0.055680931111988394,-0.06696598461867681,-0.05760747462049771,0.1511822368578904,0.1763018230588762,0.15545373198874382,-0.0018306638284165554,-0.0221367363462766,-0.005257034854027591,-0.15325484595517747,-0.21233675628156287,-0.16329086671607615,0.03307736723862617,0.04005046863773753,0.03426557190726816,3.588085183467992e-16,2.1131304882595415e-18,4.184840798223301e-16
217.2,"[0.06062, 0.0456, 0.40254494022302334]",0.0456,0.40254494022302334,-0.05604697437859888,-0.06696598461867681,-0.058148133559329296,0.15199382093285307,0.1763018230588762,0.15665742717444073,-0.0024816743273478052,-0.0221367363462766,-0.006230442435967838,-0.1551616899049232,-0.21233675628156287,-0.166122136363469,0.0333031261256678,0.04005046863773753,0.034599679048372446,6.604530883835944e-17,2.1131304882595415e-18,4.448734426270663e-16
217.22,"[0.06062, 0.0456, 0.40179235642148353]",0.0456,0.40179235642148353,-0.05644619462293287,-0.06857021921070958,-0.05873338602599611,0.15287990611885868,0.17994133745462743,0.15796402061174422,-0.0031939402720679503,-0.025190167747151625,-0.0072929223777543845,-0.15724417473723667,-0.22094296424799068,-0.1691978542727299,0.03354947118098107,0.041050863175777406,0.03496182432416436,-1.1096327256509992e-16,2.372036171609491e-18,4.446125734109892e-16
217.24,"[0.06062, 0.0456, 0.40179235642148353]",0.0456,0.40179235642148353,-0.05682808826750532,-0.06857021921070958,-0.05873338602599611,0.15372829446325065,0.17994133745462743,0.15796402061174422,-0.0038771236814761877,-0.025190167747151625,-0.0072929223777543845,-0.15923855924232605,-0.22094296424799068,-0.1691978542727299,0.03378522520336394,0.041050863175777406,0.03496182432416436,-4.786400817027294e-16,2.372036171609491e-18,4.446125734109892e-16
217.26,"[0.06062, 0.0456, 0.401008535565591]",0.0456,0.401008535565591,-0.05719009484163381,-0.07021585856577242,-0.05928953628392598,0.1545330824315929,0.18368891576098484,0.1592058807392319,-0.004526125437907135,-0.02835974170969572,-0.008303143512617196,-0.16113082530338477,-0.22981727990319037,-0.17212134465899662,0.03400877903631439,0.04207905327059198,0.03530599313709882,3.1949838333855767e-16,2.493225725670082e-18,4.44141999797812e-16
217.28,"[0.06062, 0.0456, 0.401008535565591]",0.0456,0.401008535565591,-0.0575889887156639,-0.07021585856577242,-0.059915526778851515,0.15542091411015346,0.18368891576098484,0.16060738788043186,-0.005243758876227018,-0.02835974170969572,-0.009449363845821623,-0.16321902398616434,-0.22981727990319037,-0.17542329891052943,0.03425524971546218,0.04207905327059198,0.03569387860931644,5.713837115095632e-17,2.493225725670082e-18,4.744747522862238e-16
217.3,"[0.06062, 0.0456, 0.4001942511918987]",0.0456,0.4001942511918987,-0.05803103094766333,-0.07021585856577242,-0.060501724220339864,0.15640634412661691,0.18368891576098484,0.161920173801743,-0.006042823824588618,-0.02835974170969572,-0.010523623204372334,-0.1655378362270125,-0.22981727990319037,-0.17851647606822926,0.034528589205293024,0.04207905327059198,0.036057156239434236,-2.1134694963031908e-16,2.493225725670082e-18,4.802174503980642e-16
217.32,"[0.06062, 0.0456, 0.4001942511918987]",0.0456,0.4001942511918987,-0.05844770489972974,-0.0718991267693075,-0.060501724220339864,0.15733582103208343,0.187536673164052,0.161920173801743,-0.0067974923686300644,-0.03164133826898999,-0.010523623204372334,-0.16772539185787172,-0.23894311888499997,-0.17851647606822926,0.03478632195506759,0.04313282213210087,0.036057156239434236,-5.255816989626619e-16,2.3800571476984295e-18,4.802174503980642e-16
217.34,"[0.06062, 0.0456, 0.4001942511918987]",0.0456,0.4001942511918987,-0.05906824343147524,-0.0718991267693075,-0.06114071717897209,0.15872169295837385,0.187536673164052,0.1633552970571644,-0.007925407478751733,-0.03164133826898999,-0.011704959681104403,-0.17098823068366906,-0.23894311888499997,-0.18190102604117572,0.03517037336013424,0.04313282213210087,0.03645370937949771,-5.009121964107957e-16,2.3800571476984295e-18,4.746210669342031e-16
217.36,"[0.06062, 0.0456, 0.3993503069007738]",0.0456,0.3993503069007738,-0.05927549080623392,-0.07361632523870136,-0.06183442168951684,0.15918505336832722,0.1914767379147683,0.16491773736935195,-0.00830336270121212,-0.035030767620715726,-0.012998851755866,-0.1720795102222311,-0.24830402758437956,-0.18558946917015676,0.03529870696206901,0.04420998590179667,0.036884826687880644,1.4890048255279208e-17,1.826074781060824e-18,4.721444683050611e-16
217.38,"[0.06062, 0.0456, 0.3993503069007738]",0.0456,0.3993503069007738,-0.05969925426809655,-0.07361632523870136,-0.06183442168951684,0.16013364370053826,0.1914767379147683,0.16491773736935195,-0.009079055339057878,-0.035030767620715726,-0.012998851755866,-0.17431444254595926,-0.24830402758437956,-0.18558946917015676,0.03556126915221646,0.04420998590179667,0.036884826687880644,-5.908853642158089e-16,1.826074781060824e-18,4.721444683050611e-16
217.4,"[0.06062, 0.0456, 0.3993503069007738]",0.0456,0.3993503069007738,-0.06010493607818302,-0.07361632523870136,-0.06249574051863122,0.16104262149775705,0.1914767379147683,0.16640755460487475,-0.009823816662508809,-0.035030767620715726,-0.014233142040397318,-0.1764566976099146,-0.24830402758437956,-0.18910671280740107,0.0358127450839892,0.04420998590179667,0.037295860625323786,4.1864737096974976e-16,1.826074781060824e-18,4.760415923012796e-16
217.42,"[0.06062, 0.0456, 0.3984775355633408]",0.0456,0.3984775355633408,-0.06055918892186118,-0.07536384384464566,-0.06321175922955312,0.1620619587882319,0.19550127594161387,0.16802521558808742,-0.010661588488541977,-0.03852378023768088,-0.015581672109240014,-0.17886020050270948,-0.25788372999574044,-0.19292986685457567,0.03609453703683976,0.045308400181964525,0.037741537025983256,4.427063609924741e-18,1.4191211683990551e-18,4.74459144532234e-16
217.441,"[0.06062, 0.0456, 0.3984775355633408]",0.0456,0.3984775355633408,-0.061220037959659364,-0.07536384384464566,-0.06321175922955312,0.1635469708415397,0.19550127594161387,0.16802521558808742,-0.011885700220257976,-0.03852378023768088,-0.015581672109240014,-0.18236340461381484,-0.25788372999574044,-0.19292986685457567,0.03650477424543917,0.045308400181964525,0.037741537025983256,-5.113743036821927e-17,1.4191211683990551e-18,4.74459144532234e-16
217.46,"[0.06062, 0.0456, 0.39757679849953903]",0.0456,0.39757679849953903,-0.06141921008665727,-0.07713817011920618,-0.06389420729909663,0.1639947953162738,0.1996025133110688,0.16956733938487412,-0.01225529741142695,-0.04211607643679754,-0.01686776433910147,-0.18342005084072793,-0.2676661682955823,-0.19657474653183266,0.03662845052349127,0.0464259655763478,0.03816636004181675,4.506300340154652e-16,1.883060524148206e-18,4.789253579003743e-16
217.48,"[0.06062, 0.0456, 0.39757679849953903]",0.0456,0.39757679849953903,-0.06216556085497605,-0.07713817011920618,-0.06465047253683832,0.16567631314046782,0.1996025133110688,0.1712809231992189,-0.013649055706931852,-0.04211607643679754,-0.018305561859288434,-0.18739043689091966,-0.2676661682955823,-0.2006293816358987,0.037092367563718406,0.0464259655763478,0.03863779564947725,-1.1643788738415757e-15,1.883060524148206e-18,5.298419581812409e-16
217.5,"[0.06062, 0.0456, 0.39757679849953903]",0.0456,0.39757679849953903,-0.06241405202317279,-0.07713817011920618,-0.06538049369995418,0.16623677414642662,0.1996025133110688,0.17293529801656127,-0.014114706324463438,-0.04211607643679754,-0.0196941383681128,-0.18871433136827548,-0.2676661682955823,-0.20454414340176474,0.03724691037229156,0.0464259655763478,0.0390929071565095,-4.201694922214556e-16,1.883060524148206e-18,6.085957198788754e-16
217.52,"[0.06062, 0.0456, 0.39664898462810294]",0.0456,0.39664898462810294,-0.06297767594175611,-0.0789358966820099,-0.06617143905232531,0.1675094936818884,0.20377275659267163,0.17473276089944784,-0.015174798417086726,-0.04580331536041255,-0.021212538768435145,-0.19172199565997167,-0.2776355374736795,-0.208802743299329,0.037597649761288314,0.04756063230341577,0.03958672562004501,-6.135608021320402e-16,1.7254163973098496e-18,6.923653703784108e-16
217.54,"[0.06062, 0.0456, 0.39664898462810294]",0.0456,0.39664898462810294,-0.06358449093275868,-0.0789358966820099,-0.06693150968984417,0.16888191445336356,0.20377275659267163,0.17646038162365163,-0.016321969088193028,-0.04580331536041255,-0.022672536772836063,-0.19496733771679278,-0.2776355374736795,-0.21289617779538705,0.03797557417444703,0.04756063230341577,0.04006131346339317,-8.161270645070654e-16,1.7254163973098496e-18,7.912730200551449e-16
217.56,"[0.06062, 0.0456, 0.3956950095893075]",0.0456,0.3956950095893075,-0.06422042449660158,-0.08075372702842258,-0.06772443823230642,0.1703218232158622,0.20800441120855948,0.17826815561691495,-0.017528576952656073,-0.04958112334635055,-0.024211240274614645,-0.19837381733709364,-0.2877763143926916,-0.21718569481247965,0.038371864639341224,0.04871040395058798,0.04055722162310289,-8.323525836991803e-16,1.184133048296057e-18,8.017365409317734e-16
217.58,"[0.06062, 0.0456, 0.3956950095893075]",0.0456,0.3956950095893075,-0.06481482353755498,-0.08075372702842258,-0.0684982948414122,0.17166892671281023,0.20800441120855948,0.18003261073787596,-0.018659799673056608,-0.04958112334635055,-0.025713385399341687,-0.20156201753123246,-0.2877763143926916,-0.2213725928230347,0.038742450731876245,0.04871040395058798,0.04104122543389056,-1.2451174580626606e-15,1.184133048296057e-18,8.762727220376232e-16
217.6,"[0.06062, 0.0456, 0.3956950095893075]",0.0456,0.3956950095893075,-0.06544503599046125,-0.08075372702842258,-0.06924013440782953,0.17309922571683264,0.20800441120855948,0.1817243256911248,-0.019864787904244743,-0.04958112334635055,-0.027154103438340113,-0.204949206021103,-0.2877763143926916,-0.22538715211993135,0.03913565758228171,0.04871040395058798,0.041505242012165135,-1.4488813301574138e-15,1.184133048296057e-18,9.567366722396073e-16
217.62,"[0.06062, 0.0456, 0.39471581484134105]",0.0456,0.39471581484134105,-0.06609933912877876,-0.0825884798305516,-0.0700401207530596,0.17458574036630717,0.21228999786514346,0.18355394775354975,-0.02112009323666444,-0.05344510167094437,-0.028723417715915734,-0.2084711054485629,-0.2980732816870359,-0.2297355577340355,0.039544117131907926,0.04987334044218509,0.04200642756035663,-1.4622868394988934e-15,1.9420169279062414e-18,1.0309711451804196e-15
217.64,"[0.06062, 0.0456, 0.39471581484134105]",0.0456,0.39471581484134105,-0.06677608886631535,-0.0825884798305516,-0.07083621029171856,0.1761250337844189,0.21228999786514346,0.1853746872312483,-0.022423486607211943,-0.05344510167094437,-0.030285174598914683,-0.21211999488294347,-0.2980732816870359,-0.2340628882520251,0.03996684941396855,0.04987334044218509,0.04250517622742293,-1.5890916561458458e-15,1.9420169279062414e-18,1.0125744064128593e-15
217.66,"[0.06062, 0.0456, 0.3937123667312003]",0.0456,0.3937123667312003,-0.0675475119371425,-0.08443709190418619,-0.07240863091750677,0.17788246793948012,0.2166221671774896,0.1889771639854912,-0.023917207330155968,-0.05739083365847167,-0.033388671030207616,-0.21628914462852863,-0.3085115469321396,-0.24263305156562961,0.04044913150851663,0.051047560295894606,0.04349124201919694,-1.2166957486322562e-15,2.097121461157273e-18,1.2340529444792539e-15
217.68,"[0.06062, 0.0456, 0.3937123667312003]",0.0456,0.3937123667312003,-0.06839644257157582,-0.08443709190418619,-0.07318002538677829,0.17981914111762623,0.2166221671774896,0.19074742391728183,-0.02556871168336074,-0.05739083365847167,-0.034920183904088686,-0.2208866255101844,-0.3085115469321396,-0.24684838600238265,0.04098026550171913,0.051047560295894606,0.04397543857641085,-3.0644947891458322e-15,2.097121461157273e-18,1.4488921681535669e-15
217.7,"[0.06062, 0.0456, 0.3937123667312003]",0.0456,0.3937123667312003,-0.06923589780423096,-0.08443709190418619,-0.07318002538677829,0.18173619145587194,0.2166221671774896,0.19074742391728183,-0.02720765525123639,-0.05739083365847167,-0.034920183904088686,-0.22543997990989276,-0.3085115469321396,-0.24684838600238265,0.0415057706957517,0.051047560295894606,0.04397543857641085,-2.3712828082724783e-15,2.097121461157273e-18,1.4488921681535669e-15
217.72,"[0.06062, 0.0456, 0.3926856555410222]",0.0456,0.3926856555410222,-0.06998528204494339,-0.08629661999325848,-0.07476819353419219,0.18344832562374222,0.22099371260563747,0.1944038386396484,-0.028673035699971854,-0.06141389115874806,-0.03811037190902383,-0.22950757707311537,-0.3190765575232232,-0.2555722162184251,0.041975007593065564,0.052231242242585255,0.04497416462308535,4.594953383394449e-16,2.2020425817288794e-18,1.3441193971119835e-15
217.74,"[0.06062, 0.0456, 0.3926856555410222]",0.0456,0.3926856555410222,-0.07082203233732154,-0.08629661999325848,-0.0755116501314284,0.18536411295539734,0.22099371260563747,0.1961160127850883,-0.030321529001689024,-0.06141389115874806,-0.039605365624959275,-0.23406438618368847,-0.3190765575232232,-0.2596579840958074,0.0424995697948836,0.052231242242585255,0.04544177094226985,-1.919445239176531e-15,2.2020425817288794e-18,1.5196800451943953e-15
217.76,"[0.06062, 0.0456, 0.391636694510795]",0.0456,0.391636694510795,-0.07164614862445218,-0.08816424151882525,-0.07624977097483927,0.18725287825013348,0.22539758182695646,0.19781592492140562,-0.031950908530362636,-0.06550984040199283,-0.041089709294531526,-0.23855945068358275,-0.32975411170048313,-0.26371452568505405,0.04301650344414862,0.053422626282736606,0.04590602528507654,-1.35792977831195e-15,1.6119248087856344e-18,1.489859585672697e-15
217.78,"[0.06062, 0.0456, 0.391636694510795]",0.0456,0.391636694510795,-0.07260181830419317,-0.08816424151882525,-0.07784529011200539,0.18944689157353362,0.22539758182695646,0.2015012678222577,-0.03385188991276392,-0.06550984040199283,-0.04433395228132562,-0.2437861068357452,-0.32975411170048313,-0.2725265254991143,0.04361653371934814,0.053422626282736606,0.04691131105031556,-3.0419375292664027e-15,1.6119248087856344e-18,1.7268135488244508e-15
217.8,"[0.06062, 0.0456, 0.391636694510795]",0.0456,0.391636694510795,-0.07352736451520694,-0.08816424151882525,-0.07856709519584966,0.19157387321003258,0.22539758182695646,0.2031694488297056,-0.0356996482080481,-0.06550984040199283,-0.04580462688664576,-0.24885617911091235,-0.32975411170048313,-0.2765166820966661,0.04419798470623823,0.053422626282736606,0.047366246824264706,-2.089912612032951e-15,1.6119248087856344e-18,1.7500467420572428e-15
217.82,"[0.06062, 0.0456, 0.39056651883841315]",0.0456,0.39056651883841315,-0.07448491334453891,-0.09003725443267531,-0.07933070044311523,0.19377703257797596,0.2298268866702947,0.20493974088138242,-0.037619594161808705,-0.06967424724646923,-0.04737938525737583,-0.25411167468386797,-0.3405303661470504,-0.2807608596529852,0.04479995450864851,0.05462001424993101,0.047848447190966786,-6.837396908739846e-16,1.5744663404195123e-18,1.9340381986525215e-15
217.84,"[0.06062, 0.0456, 0.39056651883841315]",0.0456,0.39056651883841315,-0.07540561289327587,-0.09003725443267531,-0.08004880243430178,0.19589794715583136,0.2298268866702947,0.20660518862158872,-0.03947395447482007,-0.06967424724646923,-0.048862424052372996,-0.25917501983366814,-0.3405303661470504,-0.28475470566166117,0.04537916811827344,0.05462001424993101,0.048302017745132785,2.632527935556584e-16,1.5744663404195123e-18,1.982414092431992e-15
217.86,"[0.06062, 0.0456, 0.3894761846580612]",0.0456,0.3894761846580612,-0.07628781890607828,-0.09191307630711051,-0.0807816153354994,0.19793232303453756,0.23427491173666762,0.2083106384355824,-0.0412577636994477,-0.07390268183984132,-0.05039685669545613,-0.2640351601466767,-0.35139184056932776,-0.28885580995342236,0.045934509547360246,0.05582176994811741,0.0487658894032127,1.1056657385125638e-15,1.3539994386936414e-18,1.8298180063608286e-15
217.88,"[0.06062, 0.0456, 0.3894761846580612]",0.0456,0.3894761846580612,-0.07707568706656194,-0.09191307630711051,-0.08152757334754131,0.19975071247768797,0.23427491173666762,0.2100463577589898,-0.04285609243571071,-0.07390268183984132,-0.05195772723433148,-0.2683819842293708,-0.35139184056932776,-0.29302915971147936,0.04643072327072804,0.05582176994811741,0.04923802882841274,1.1317776636347049e-15,1.3539994386936414e-18,1.642010621931746e-15
217.9,"[0.06062, 0.0456, 0.3894761846580612]",0.0456,0.3894761846580612,-0.07792154545995318,-0.09191307630711051,-0.08218212798006987,0.20170688508135354,0.23427491173666762,0.21157068814795887,-0.04458540305240079,-0.07390268183984132,-0.053331711727859325,-0.273064947576686,-0.35139184056932776,-0.29669644833973424,0.04696411132667007,0.05582176994811741,0.04965252955946507,1.5658091636114885e-15,1.3539994386936414e-18,1.5953532611456946e-15
217.92,"[0.06062, 0.0456, 0.3883667679979377]",0.0456,0.3883667679979377,-0.0786721462218504,-0.09378924278275745,-0.08290865799713071,0.2034438179292208,0.23873512182799259,0.21326740189863722,-0.04612354310129517,-0.0781907227196426,-0.054875004466663345,-0.27722487675083973,-0.36232541964772363,-0.3007889856746863,0.04743760572508765,0.05702631892495577,0.05011346781951228,1.670553068133574e-15,1.878232736133425e-18,1.5104678992708141e-15
217.94,"[0.06062, 0.0456, 0.3883667679979377]",0.0456,0.3883667679979377,-0.0794116957576181,-0.09378924278275745,-0.083632672876926,0.20515759464606986,0.23873512182799259,0.21495824937350405,-0.04764742441921318,-0.0781907227196426,-0.05641298716188766,-0.28133372909194015,-0.36232541964772363,-0.3048673943760217,0.04790453507960468,0.05702631892495577,0.050572811865567384,1.40090288053818e-15,1.878232736133425e-18,1.3080606899848894e-15
217.96,"[0.06062, 0.0456, 0.38723936371834455]",0.0456,0.38723936371834455,-0.08014852007110461,-0.09566340548595344,-0.083632672876926,0.20686754277176814,0.24320116830044072,0.21495824937350405,-0.04917446290277445,-0.08253396038185588,-0.05641298716188766,-0.2854380687185281,-0.37331835272106095,-0.3048673943760217,0.04837016670477242,0.05823214793873997,0.050572811865567384,1.1658118540311957e-15,1.6182020843601263e-18,1.3080606899848894e-15
217.98,"[0.06062, 0.0456, 0.38723936371834455]",0.0456,0.38723936371834455,-0.0808840581042415,-0.09566340548595344,-0.08436816287723813,0.2085771060683,0.24320116830044072,0.2166815397932462,-0.05070824707251505,-0.08253396038185588,-0.05799763271650451,-0.2895466307774303,-0.37331835272106095,-0.30903729615836223,0.048835435810359096,0.05823214793873997,0.05104047711613349,8.904573535457035e-16,1.6182020843601263e-18,1.3128945287552054e-15
218.0,"[0.06062, 0.0456, 0.38723936371834455]",0.0456,0.38723936371834455,-0.08154603801113423,-0.09566340548595344,-0.08504908912764494,0.21011694847629078,0.24320116830044072,0.21827779788566812,-0.05209323035005643,-0.08253396038185588,-0.05946772559167778,-0.293249857205715,-0.37331835272106095,-0.31290148055282035,0.04925439365843314,0.05823214793873997,0.051473590741893456,3.683689470504235e-15,1.6182020843601263e-18,1.15218152675617e-15
218.02,"[0.06062, 0.0456, 0.38609508443119256]",0.0456,0.38609508443119256,-0.08221161772327247,-0.09753332951665104,-0.08580494603812326,0.21166750986430755,0.24766689445268406,0.22005399106496354,-0.05349438445108123,-0.08692800034935659,-0.061118068849218464,-0.29698366564745343,-0.3843582515410686,-0.3172130647465615,0.049676041104267925,0.05943780417137121,0.05195520829465483,3.2145074855741684e-15,2.2816133656844853e-18,1.0741467833654342e-15
218.04,"[0.06062, 0.0456, 0.38609508443119256]",0.0456,0.38609508443119256,-0.08289435010309362,-0.09753332951665104,-0.08650026738791447,0.21326094129266923,0.24766689445268406,0.22168886171295482,-0.054942884491861715,-0.08692800034935659,-0.06263983917184285,-0.300827251482075,-0.3843582515410686,-0.3211836826535473,0.05010908287041806,0.05943780417137121,0.052398422843007574,2.573572697691982e-15,2.2816133656844853e-18,9.226787627966303e-16
218.06,"[0.06062, 0.0456, 0.38491170613234926]",0.0456,0.38491170613234926,-0.0835168954657254,-0.09943466173333573,-0.08650026738791447,0.21471510781444192,0.2522168740099353,0.22168886171295482,-0.05626834655717252,-0.09145815087274498,-0.06263983917184285,-0.3043376177988163,-0.395657131626822,-0.3211836826535473,0.050504168155834354,0.060666270758027066,0.052398422843007574,1.7302743932410246e-15,1.94437209060562e-18,9.226787627966303e-16
218.08,"[0.06062, 0.0456, 0.38491170613234926]",0.0456,0.38491170613234926,-0.08408373613096087,-0.09943466173333573,-0.0872465596162195,0.21604012105541812,0.2522168740099353,0.2234480674416564,-0.05747893015924474,-0.09145815087274498,-0.06429360277545353,-0.30753837012716456,-0.395657131626822,-0.325469840683403,0.050864076546371255,0.060666270758027066,0.05287504668383866,4.1139376470001296e-15,1.94437209060562e-18,7.52345113755629e-16
218.1,"[0.06062, 0.0456, 0.38491170613234926]",0.0456,0.38491170613234926,-0.08468467259315722,-0.09943466173333573,-0.08797547279266457,0.21744763086904678,0.2522168740099353,0.22516647721397273,-0.05877371796152374,-0.09145815087274498,-0.06590956114907616,-0.31094534953866604,-0.395657131626822,-0.32965703532734325,0.051246160872464655,0.060666270758027066,0.05334060387045843,2.9516926505752074e-15,1.94437209060562e-18,7.15645413902601e-16
218.12,"[0.06062, 0.0456, 0.3837604334353823]",0.0456,0.3837604334353823,-0.08530992463106185,-0.10125157182201154,-0.08873922221765093,0.21891421167482927,0.2565722198318024,0.22697123556597437,-0.06012952817239289,-0.09585042276682422,-0.06762350159926737,-0.3145005698443542,-0.4065290354429587,-0.3340691368114077,0.05164410504205722,0.061842807528199505,0.053829332244934,2.1857677836423747e-15,1.7589524653368645e-18,5.917366978047244e-16
218.14,"[0.06062, 0.0456, 0.3837604334353823]",0.0456,0.3837604334353823,-0.08589275372425877,-0.10125157182201154,-0.08873922221765093,0.22028261796271298,0.2565722198318024,0.22697123556597437,-0.06139912848821063,-0.09585042276682422,-0.06762350159926737,-0.31782150844034585,-0.4065290354429587,-0.3340691368114077,0.05201531265687436,0.061842807528199505,0.053829332244934,8.186920601849742e-16,1.7589524653368645e-18,5.917366978047244e-16
218.16,"[0.06062, 0.0456, 0.38257236574539094]",0.0456,0.38257236574539094,-0.08643358273802121,-0.10309696649612493,-0.08946034443780361,0.2215534553075996,0.26100355784202595,0.2286757533100086,-0.06258175938470029,-0.1003712628752491,-0.06924391260370495,-0.320908557836848,-0.4176412261084927,-0.3382375420534324,0.05235997637857675,0.06304010031106017,0.054290880271725676,3.3722281103291083e-15,1.7958781575324927e-18,4.780714745989835e-16
218.18,"[0.06062, 0.0456, 0.38257236574539094]",0.0456,0.38257236574539094,-0.08694376646115871,-0.10309696649612493,-0.09023899728006056,0.2227532853313438,0.26100355784202595,0.2305200746984163,-0.06370173151118506,-0.1003712628752491,-0.07101382303016542,-0.3238259083720535,-0.4176412261084927,-0.3427625717882674,0.05268530879583582,0.06304010031106017,0.05479012772825989,1.649267902663117e-15,1.7958781575324927e-18,4.1565593510168513e-16
218.2,"[0.06062, 0.0456, 0.38257236574539094]",0.0456,0.38257236574539094,-0.08749978156093943,-0.10309696649612493,-0.09023899728006056,0.22406298638638336,0.26100355784202595,0.2305200746984163,-0.06493173696669888,-0.1003712628752491,-0.07101382303016542,-0.32701662175084223,-0.4176412261084927,-0.3427625717882674,0.05304029212187971,0.06304010031106017,0.05479012772825989,1.1972285735550507e-16,1.7958781575324927e-18,4.1565593510168513e-16
218.22,"[0.06062, 0.0456, 0.38137202881138665]",0.0456,0.38137202881138665,-0.08802023254758937,-0.10492975025191827,-0.09104489826741374,0.225289833165942,0.2654104075039721,0.23243286159059043,-0.06608733332421647,-0.10492494519325454,-0.07286805010862255,-0.3300083522639872,-0.428752175983529,-0.3474725333395035,0.05337276088706094,0.06423170247363447,0.05530780377283232,2.793851787799336e-15,1.8869797123386737e-18,2.3752277277825654e-16
218.24,"[0.06062, 0.0456, 0.38137202881138665]",0.0456,0.38137202881138665,-0.08852238794548453,-0.10492975025191827,-0.09104489826741374,0.22647485774658543,0.2654104075039721,0.23243286159059043,-0.06720878908150785,-0.10492494519325454,-0.07286805010862255,-0.3329026501345706,-0.428752175983529,-0.3474725333395035,0.05369382819131619,0.06423170247363447,0.05530780377283232,5.988976084487201e-16,1.8869797123386737e-18,2.3752277277825654e-16
218.26,"[0.06062, 0.0456, 0.38016060722100475]",0.0456,0.38016060722100475,-0.08900166490666628,-0.10674871681683994,-0.09182357628836409,0.22760687847722136,0.269789175835121,0.23428122201453563,-0.06828404868215805,-0.10950776448890014,-0.07466058408941036,-0.335670927949557,-0.4398534255129288,-0.3520245179321485,0.05400048355177197,0.06541673965694202,0.05580803434397514,3.027676032487989e-15,2.199361614959701e-18,1.6780728613387302e-16
218.28,"[0.06062, 0.0456, 0.38016060722100475]",0.0456,0.38016060722100475,-0.08976640289110871,-0.10674871681683994,-0.09267702727512821,0.22941562557621564,0.269789175835121,0.23631018927673722,-0.07001208978528801,-0.10950776448890014,-0.0766453427114958,-0.34010275084334424,-0.4398534255129288,-0.3570373888232835,0.05449032981641308,0.06541673965694202,0.05635713964835508,2.6369210043270504e-15,2.199361614959701e-18,2.3300802056970566e-16
218.3,"[0.06062, 0.0456, 0.38016060722100475]",0.0456,0.38016060722100475,-0.09005746532949317,-0.10674871681683994,-0.09348322263827415,0.23010508194639787,0.269789175835121,0.23822726649822046,-0.07067541508066107,-0.10950776448890014,-0.07852267639688984,-0.3417962146443373,-0.4398534255129288,-0.3617756365841275,0.05467701079959137,0.06541673965694202,0.05687594777741617,-7.161784777736683e-16,2.199361614959701e-18,3.0045756459125645e-16
218.32,"[0.06062, 0.0456, 0.3789392965010983]",0.0456,0.3789392965010983,-0.09063580163547073,-0.10855224412770267,-0.09348322263827415,0.23147576006157614,0.2741349187495363,0.23822726649822046,-0.07199743470448061,-0.11411545230969813,-0.07852267639688984,-0.3451658625203317,-0.4509346248484445,-0.3617756365841275,0.05504811609372981,0.06659409085004836,0.05687594777741617,-1.9446394413697746e-15,2.2904126825148286e-18,3.0045756459125645e-16
218.34,"[0.06062, 0.0456, 0.3789392965010983]",0.0456,0.3789392965010983,-0.09117681162601993,-0.10855224412770267,-0.0943327211638465,0.23275854628482226,0.2741349187495363,0.24025041746886158,-0.07323723063164975,-0.11411545230969813,-0.08052258671856254,-0.3483217195985681,-0.4509346248484445,-0.36679405428874734,0.05539540411359477,0.06659409085004836,0.05742351741181106,1.4238843345175922e-15,2.2904126825148286e-18,2.8622753741600595e-16
218.36,"[0.06062, 0.0456, 0.37770930193789726]",0.0456,0.37770930193789726,-0.09177643443820138,-0.11033880170135205,-0.09516352608430945,0.23418200181006174,0.2784429126094402,0.2422291399375272,-0.07462144829364502,-0.11874377063982512,-0.08247905232190007,-0.3518314631956517,-0.46198575562010086,-0.3717027080093851,0.05578074564022134,0.06776269159191149,0.05795906131919025,1.035363694416015e-16,2.0131937947855643e-18,4.30250251554309e-16
218.38,"[0.06062, 0.0456, 0.37770930193789726]",0.0456,0.37770930193789726,-0.09241998185095773,-0.11033880170135205,-0.09605143752399732,0.23571095805455514,0.2784429126094402,0.2443466850490542,-0.07611439306453781,-0.11874377063982512,-0.08459203809836438,-0.35560699971623977,-0.46198575562010086,-0.37697470962687657,0.05619462561918987,0.06776269159191149,0.0585323067538247,-6.231691644149349e-16,2.0131937947855643e-18,6.045141757887685e-16
218.4,"[0.06062, 0.0456, 0.37770930193789726]",0.0456,0.37770930193789726,-0.09310995842883125,-0.11033880170135205,-0.09690429588655045,0.2373517461837883,0.2784429126094402,0.24638085956251227,-0.07772514562651325,-0.11874377063982512,-0.08662311990835697,-0.359666864605251,-0.46198575562010086,-0.3820403706192497,0.05663878503473399,0.06776269159191149,0.05908298430631245,-1.2658555893269897e-15,2.0131937947855643e-18,8.196615593905299e-16
218.42,"[0.06062, 0.0456, 0.37647183738753637]",0.0456,0.37647183738753637,-0.09383088254579557,-0.1121069457770282,-0.09780879744599053,0.23906727772602743,0.2827086446402372,0.24854081650240137,-0.07941576074565943,-0.12338850721416325,-0.08880009637756967,-0.3639178307539331,-0.47299710561868097,-0.38743966673252633,0.05710318289629619,0.06892152705696787,0.059667916018851255,-1.3990444594160804e-15,2.2453204538282747e-18,1.0282980208698313e-15
218.44,"[0.06062, 0.0456, 0.37647183738753637]",0.0456,0.37647183738753637,-0.09458668637683013,-0.1121069457770282,-0.09864469251680491,0.24086725009382362,0.2827086446402372,0.25053737190167247,-0.08119878452134409,-0.12338850721416325,-0.09081514373519754,-0.36838697959589956,-0.47299710561868097,-0.39243319182899555,0.057590482189542894,0.06892152705696787,0.06020861084319571,-1.585508259545569e-15,2.2453204538282747e-18,1.027225497651022e-15
218.46,"[0.06062, 0.0456, 0.375228124078126]",0.0456,0.375228124078126,-0.09528247698704725,-0.11385531590626762,-0.09864469251680491,0.24252488325166677,0.2869278133658347,0.25053737190167247,-0.08284453851542614,-0.12804547570928057,-0.09081514373519754,-0.3725063426675361,-0.48395926000368567,-0.39243319182899555,0.058039264099506306,0.0700696305936457,0.06020861084319571,-2.191872176955882e-15,2.3214940970715783e-18,1.027225497651022e-15
218.48,"[0.06062, 0.0456, 0.375228124078126]",0.0456,0.375228124078126,-0.09601145506342473,-0.11385531590626762,-0.09954626377409355,0.2442628219257471,0.2869278133658347,0.2526930302045689,-0.08457855832131343,-0.12804547570928057,-0.09301119181995626,-0.37683368537250733,-0.48395926000368567,-0.3978456054115829,0.058509845894348975,0.0700696305936457,0.06079266997901837,-2.9326774348049406e-15,2.3214940970715783e-18,1.1524739084003937e-15
218.5,"[0.06062, 0.0456, 0.375228124078126]",0.0456,0.375228124078126,-0.0966830687184707,-0.11385531590626762,-0.1003811339241423,0.24586456149902744,0.2869278133658347,0.2546895960872265,-0.08618075869195471,-0.12804547570928057,-0.09504800426442506,-0.38082595018620946,-0.48395926000368567,-0.4028613943353174,0.05894358247039209,0.0700696305936457,0.06133364802678002,1.8995383558960923e-15,2.3214940970715783e-18,1.1018801825748736e-15
218.52,"[0.06062, 0.0456, 0.3739793894045471]",0.0456,0.3739793894045471,-0.09738570110754605,-0.11558263160828065,-0.10125260616301195,0.24754131807108104,0.29109632865735696,0.25677579287422003,-0.08786553535647579,-0.13271051574594972,-0.09719842348633753,-0.38501268458064064,-0.4948630923975985,-0.40812547283258926,0.059397694926062644,0.07120608225126036,0.06189927341315042,1.2024919585144722e-15,2.2272229014774193e-18,9.8523093190836e-16
218.54,"[0.06062, 0.0456, 0.3739793894045471]",0.0456,0.3739793894045471,-0.09804198056658021,-0.11558263160828065,-0.10125260616301195,0.24910811057314539,0.29109632865735696,0.25677579287422003,-0.08944524637691217,-0.13271051574594972,-0.09719842348633753,-0.38893034728982634,-0.4948630923975985,-0.40812547283258926,0.0598220885537923,0.07120608225126036,0.06189927341315042,-4.446625408697544e-16,2.2272229014774193e-18,9.8523093190836e-16
218.56,"[0.06062, 0.0456, 0.3727268657171611]",0.0456,0.3727268657171611,-0.09865199942991905,-0.11728768912237875,-0.10207681498510199,0.2505649702106595,0.2952103115047965,0.2587490746151621,-0.090918350033683,-0.1373794927716144,-0.09923436217386457,-0.39257742114926153,-0.5056997560766499,-0.4131065742605419,0.06021675367702317,0.07233000733913769,0.06243430693860898,3.713998423551228e-15,2.0834369013112583e-18,8.671883216757454e-16
218.58,"[0.06062, 0.0456, 0.3727268657171611]",0.0456,0.3727268657171611,-0.0993027143854007,-0.11728768912237875,-0.10294071910114184,0.2521199500478177,0.2952103115047965,0.2608191513130839,-0.092498392346145,-0.1373794927716144,-0.10139277954238514,-0.3964779602465376,-0.5056997560766499,-0.4183560168149002,0.06063808879667834,0.07233000733913769,0.06299602464850357,2.3845027736954338e-15,2.0834369013112583e-18,7.27232088351599e-16
218.6,"[0.06062, 0.0456, 0.3727268657171611]",0.0456,0.3727268657171611,-0.09991618391094108,-0.11728768912237875,-0.1037854283582082,0.2535864913857097,0.2952103115047965,0.26284329264155876,-0.09399406835607223,-0.1373794927716144,-0.1035039012986704,-0.40016234117073596,-0.5056997560766499,-0.4234895965579229,0.061035542014588,0.07233000733913769,0.06354528711290432,2.188789465109267e-16,2.0834369013112583e-18,7.904837068553843e-16
218.62,"[0.06062, 0.0456, 0.37147178910562834]",0.0456,0.37147178910562834,-0.10057531652278026,-0.11896935826839218,-0.1037854283582082,0.25516311090506477,0.29926609352975364,0.26284329264155876,-0.09561093566295688,-0.14204829785257872,-0.1035039012986704,-0.40413249752356334,-0.5164606753250695,-0.4234895965579229,0.061462959961424146,0.07344057502445092,0.06354528711290432,-1.1428695631244943e-15,2.5713508100200257e-18,7.904837068553843e-16
218.64,"[0.06062, 0.0456, 0.37147178910562834]",0.0456,0.37147178910562834,-0.10118523777152777,-0.11896935826839218,-0.10465322375366928,0.25662234543531637,0.29926609352975364,0.26492427096707455,-0.09711059913984435,-0.14204829785257872,-0.10569831169134772,-0.40781034634646224,-0.5164606753250695,-0.4287932043155366,0.06185860212015391,0.07344057502445092,0.06411050370940621,3.3295353729629274e-15,2.5713508100200257e-18,6.920547130216757e-16
218.66,"[0.06062, 0.0456, 0.37021539817903715]",0.0456,0.37021539817903715,-0.10184415510813116,-0.12062657942259188,-0.10550041237434618,0.25819971128666314,0.3032602162525591,0.2669558923939961,-0.09874226453055719,-0.14671284740479162,-0.10784138164738513,-0.41179708936676396,-0.5271375370083472,-0.4339717673120101,0.062286463422061636,0.07453699697358096,0.06466232756838665,1.777005743042127e-15,2.8149873141165014e-18,7.868557469785697e-16
218.68,"[0.06062, 0.0456, 0.37021539817903715]",0.0456,0.37021539817903715,-0.10292454842689662,-0.12062657942259188,-0.10639588837070887,0.2607874878801615,0.3032602162525591,0.2691044075236355,-0.10143713366127316,-0.14671284740479162,-0.11013146548394338,-0.41835667919551484,-0.5271375370083472,-0.4394742882806181,0.06298873982465035,0.07453699697358096,0.06524649975845809,-2.815948629025128e-15,2.8149873141165014e-18,9.193043683727693e-16
218.7,"[0.06062, 0.0456, 0.37021539817903715]",0.0456,0.37021539817903715,-0.10327168242128708,-0.12062657942259188,-0.10722482056545062,0.2616191798446796,0.3032602162525591,0.2710934834530989,-0.10230656684682075,-0.14671284740479162,-0.11225479264982809,-0.420468440107418,-0.5271375370083472,-0.44457188943996123,0.06321451581800185,0.07453699697358096,0.06578738836339233,1.0836400111370465e-16,2.8149873141165014e-18,8.521887020655973e-16
218.72,"[0.06062, 0.0456, 0.3689589328435462]",0.0456,0.3689589328435462,-0.10394817477114711,-0.1222583606135742,-0.10811402342755429,0.26324028069694705,0.3071894301221087,0.27322790420456183,-0.10400563031047431,-0.1513690828909331,-0.1145569290978854,-0.42458931138247474,-0.5377222824100231,-0.4500683317594853,0.06365468162712826,0.07561852604008006,0.06636846534980216,-1.06245402922268e-15,2.906167152371131e-18,9.419849072018613e-16
218.74,"[0.06062, 0.0456, 0.3689589328435462]",0.0456,0.3689589328435462,-0.1046596577582706,-0.1222583606135742,-0.10896730406402323,0.2649458312960852,0.3071894301221087,0.2752761902840469,-0.10580318480578671,-0.1513690828909331,-0.11676791143735514,-0.428935645451569,-0.5377222824100231,-0.4553448701237056,0.06411800360560461,0.07561852604008006,0.06692613499081831,-2.2637512221827457e-15,2.906167152371131e-18,1.0997719714451902e-15
218.76,"[0.06062, 0.0456, 0.36770363307874665]",0.0456,0.36770363307874665,-0.10540131529907808,-0.12386377473992886,-0.10896730406402323,0.2667242537569691,0.31105069331228,0.2752761902840469,-0.10768749446131713,-0.15601297051035767,-0.11676791143735514,-0.43347850969275,-0.5482070993668111,-0.4553448701237056,0.0646013583010474,0.07668445500081877,0.06692613499081831,-2.7471042309507036e-15,2.5823190678864395e-18,1.0997719714451902e-15
218.78,"[0.06062, 0.0456, 0.36770363307874665]",0.0456,0.36770363307874665,-0.10607885316443436,-0.12386377473992886,-0.10983242620515092,0.2683491216974456,0.31105069331228,0.27735342453832884,-0.10941277369312159,-0.15601297051035767,-0.11903667932385066,-0.43763311818113587,-0.5482070993668111,-0.46072586011013694,0.0650430658720434,0.07668445500081877,0.0674924841286688,2.971772489432263e-15,2.5823190678864395e-18,9.913424352457813e-16
218.8,"[0.06062, 0.0456, 0.36770363307874665]",0.0456,0.36770363307874665,-0.10679203204216874,-0.12386377473992886,-0.1106758123931264,0.27005993923754423,0.31105069331228,0.27937850158205985,-0.11124131576911894,-0.15601297051035767,-0.12124936606342085,-0.4420207391539437,-0.5482070993668111,-0.4659727188772502,0.06550845534074315,0.07668445500081877,0.06804463665585851,1.851228429331185e-15,2.5823190678864395e-18,1.08551131898616e-15
218.82,"[0.06062, 0.0456, 0.3664507377139523]",0.0456,0.3664507377139523,-0.10752995030884967,-0.12544195690925747,-0.11153199677344164,0.27183046608333467,0.3148411702848302,0.2814344714149059,-0.11314284533124438,-0.16064050090729567,-0.12352287367183101,-0.4465716153076991,-0.5585844147282822,-0.471330499217051,0.06599032979055447,0.07773411534057569,0.06860609354607541,1.2925007639601887e-15,3.0576129096668356e-18,9.432586464947298e-16
218.84,"[0.06062, 0.0456, 0.3664507377139523]",0.0456,0.3664507377139523,-0.10821328254288978,-0.12544195690925747,-0.11153199677344164,0.2734701898117129,0.3148411702848302,0.2814344714149059,-0.11491043503738543,-0.16064050090729567,-0.12352287367183101,-0.4507936030261897,-0.5585844147282822,-0.471330499217051,0.06643679378392262,0.07773411534057569,0.06860609354607541,-3.5122879497126403e-16,3.0576129096668356e-18,9.432586464947298e-16
218.86,"[0.06062, 0.0456, 0.36520148320562423]",0.0456,0.36520148320562423,-0.1088438382467096,-0.12699210189620835,-0.11323300424612763,0.27498340331665844,0.3185582301152283,0.285518967327141,-0.11654679838440989,-0.16524768892161223,-0.12806865270256376,-0.4546956133090102,-0.5688468871598933,-0.4820081245039845,0.06684896073866599,0.07876687608420367,0.06972252158114747,4.83761320974961e-15,3.1426731115030838e-18,4.441984054780624e-16
218.88,"[0.06062, 0.0456, 0.36520148320562423]",0.0456,0.36520148320562423,-0.10959728996448807,-0.12699210189620835,-0.11323300424612763,0.27679189916585634,0.3185582301152283,0.285518967327141,-0.1185198504406519,-0.16524768892161223,-0.12806865270256376,-0.4593785935751994,-0.5688468871598933,-0.4820081245039845,0.06734207621366786,0.07876687608420367,0.06972252158114747,-3.3200161745311497e-15,3.1426731115030838e-18,4.441984054780624e-16
218.9,"[0.06062, 0.0456, 0.36520148320562423]",0.0456,0.36520148320562423,-0.11028807567801527,-0.12699210189620835,-0.11404468766208023,0.2784500421168425,0.3185582301152283,0.28746792796991155,-0.12033412287698393,-0.16524768892161223,-0.13025279620423247,-0.463678204458276,-0.5688468871598933,-0.4871204451201234,0.06779436083342026,0.07876687608420367,0.07025575722801418,2.912080044760178e-15,3.1426731115030838e-18,5.990835353577325e-16
218.92,"[0.06062, 0.0456, 0.3639571024171378]",0.0456,0.3639571024171378,-0.11100183195498692,-0.12851346171558364,-0.11488117399496672,0.2801634404292694,0.3221994445748829,0.28947588135481306,-0.1222186708155262,-0.16983057340530353,-0.1325303814860347,-0.4681322301904296,-0.5789874003015985,-0.4924194858465391,0.0682620261483258,0.07978214267453879,0.07080615457859477,2.1181547080460064e-15,2.8845298790006162e-18,4.3389148876864134e-16
218.94,"[0.06062, 0.0456, 0.3639571024171378]",0.0456,0.3639571024171378,-0.11166362317261974,-0.12851346171558364,-0.11569785261300145,0.28175208840082894,0.3221994445748829,0.2914362837582954,-0.1239729131738978,-0.16983057340530353,-0.134754883263172,-0.4722698951060799,-0.5789874003015985,-0.497594020392108,0.06869587478845672,0.07978214267453879,0.07134354708016895,1.520662560633417e-16,2.8845298790006162e-18,4.908707062950469e-16
218.96,"[0.06062, 0.0456, 0.36271882340209544]",0.0456,0.36271882340209544,-0.1123566256906662,-0.13000534330525845,-0.11569785261300145,0.28341564930278235,0.3257625859607452,0.2914362837582954,-0.1258212823373061,-0.1743852171268223,-0.134754883263172,-0.47661577080772194,-0.5889990562886595,-0.497594020392108,0.06915056719867084,0.08077935589339726,0.07134354708016895,-1.0423941545086728e-15,3.124639613062129e-18,4.908707062950469e-16
218.98,"[0.06062, 0.0456, 0.36271882340209544]",0.0456,0.36271882340209544,-0.11299145880592384,-0.13000534330525845,-0.11650042606175198,0.28493956984967844,0.3257625859607452,0.2933619201827107,-0.12751866651990512,-0.1743852171268223,-0.13696975093951066,-0.48060163823540963,-0.5889990562886595,-0.5027119927636864,0.06956723337608141,0.08077935589339726,0.07187257644883412,4.635494289190953e-15,3.124639613062129e-18,1.0734926711418607e-16
219.0,"[0.06062, 0.0456, 0.36271882340209544]",0.0456,0.36271882340209544,-0.11358593097413965,-0.13000534330525845,-0.11729730201363416,0.28636650913511086,0.3257625859607452,0.29527388792930487,-0.12911503447517214,-0.1743852171268223,-0.13916861050244383,-0.4843419880887378,-0.5889990562886595,-0.5077933061650024,0.06995763591665287,0.08077935589339726,0.07239784072482346,1.886279533602833e-15,3.124639613062129e-18,9.849648202577382e-17
219.02,"[0.06062, 0.0456, 0.36148786819238565]",0.0456,0.36148786819238565,-0.11421937263597053,-0.1314671063125702,-0.11729730201363416,0.28788683400916837,0.3292456246612419,0.29527388792930487,-0.1308273165661492,-0.17890770678423756,-0.13916861050244383,-0.4883404203235348,-0.5988751696364142,-0.5077933061650024,0.07037400104529308,0.08175799082233,0.07239784072482346,-1.6991735284009008e-17,3.13431284535745e-18,9.849648202577382e-17
219.041,"[0.06062, 0.0456, 0.36148786819238565]",0.0456,0.36148786819238565,-0.11513735238317416,-0.1314671063125702,-0.11813591087219047,0.29008981260879374,0.3292456246612419,0.2972847577969051,-0.1333217850627601,-0.17890770678423756,-0.14150838880764097,-0.4941498208671116,-0.5988751696364142,-0.5131699908776641,0.07097781872661503,0.08175799082233,0.07295141200759381,1.7365708523127255e-16,3.13431284535745e-18,1.7184747704069543e-16
219.06,"[0.06062, 0.0456, 0.36026545159218554]",0.0456,0.36026545159218554,-0.11543720823208228,-0.13289816097697932,-0.11891871710129687,0.2908093071277912,0.332646726445928,0.2991617187043078,-0.1341404454408281,-0.18339415314711144,-0.14369618660622557,-0.4960518378716954,-0.6086092614865676,-0.5181931360120755,0.07117517805467106,0.08271755583924123,0.07346826686493241,3.0131040245234125e-15,3.1389920007251566e-18,1.6171810230634009e-16
219.08,"[0.06062, 0.0456, 0.36026545159218554]",0.0456,0.36026545159218554,-0.11609869491723185,-0.13289816097697932,-0.11972280532979175,0.29239626532768814,0.332646726445928,0.30108814482617324,-0.1359560362688394,-0.18339415314711144,-0.14596981636475342,-0.500258684524869,-0.6086092614865676,-0.5233826959671651,0.0716108649285431,0.08271755583924123,0.0739999727931363,1.9419306553345574e-15,3.1389920007251566e-18,2.982703709413459e-18
219.1,"[0.06062, 0.0456, 0.36026545159218554]",0.0456,0.36026545159218554,-0.11671490795505035,-0.13289816097697932,-0.12050796856739505,0.29387434408179547,0.332646726445928,0.3029691962947682,-0.1376540278153505,-0.18339415314711144,-0.14819073389701767,-0.5041851863094131,-0.6086092614865676,-0.5284510239270507,0.07201694188919924,0.08271755583924123,0.0745191895070808,-2.5786833563391885e-16,3.1389920007251566e-18,8.84589082344482e-17
219.12,"[0.06062, 0.0456, 0.3590527799790952]",0.0456,0.3590527799790952,-0.11736492478000884,-0.13429796610114725,-0.12050796856739505,0.2954330713704498,0.3359642494651601,0.3029691962947682,-0.13945611939957017,-0.18784069134587889,-0.14819073389701767,-0.5083395459468714,-0.6181950542090787,-0.5284510239270507,0.07244563943226189,0.08365759164654767,0.0745191895070808,-1.5852687647913848e-15,2.8535541655364756e-18,8.84589082344482e-17
219.14,"[0.06062, 0.0456, 0.3590527799790952]",0.0456,0.3590527799790952,-0.11796210309962399,-0.13429796610114725,-0.12130359192507205,0.29686493510642864,0.3359642494651601,0.30487339521159956,-0.1411156961610031,-0.18784069134587889,-0.15046834533423617,-0.5121607267698625,-0.6181950542090787,-0.5336175003557688,0.07283961394639273,0.08365759164654767,0.07504612818657617,4.335539837722959e-15,2.8535541655364756e-18,-5.704439688496702e-17
219.163,"[0.06062, 0.0456, 0.3578510501135892]",0.0456,0.3578510501135892,-0.11886764657132474,-0.13566602710209766,-0.12212256547682188,0.29903522779545,0.3391967409454251,0.30683125801426725,-0.1436502640966185,-0.19224348132633243,-0.15283964000063363,-0.5179755124210873,-0.6276264663506855,-0.5389658443854902,0.07343757930536221,0.08457767032621254,0.07558930960026841,5.108635292563957e-15,2.5126563452243735e-18,-2.248664995207687e-16
219.181,"[0.06062, 0.0456, 0.3578510501135892]",0.0456,0.3578510501135892,-0.1194860811633674,-0.13566602710209766,-0.12212256547682188,0.30051647353739563,0.3391967409454251,0.30683125801426725,-0.14539624552508318,-0.19224348132633243,-0.15283964000063363,-0.5219636755008668,-0.6276264663506855,-0.5389658443854902,0.07384640806130983,0.08457767032621254,0.07558930960026841,2.8412659490704265e-15,2.5126563452243735e-18,-2.248664995207687e-16
219.2,"[0.06062, 0.0456, 0.3578510501135892]",0.0456,0.3578510501135892,-0.11974972959471804,-0.13566602710209766,-0.12289814234831743,0.3011479519852736,0.3391967409454251,0.30868520538767524,-0.14614058497631655,-0.19224348132633243,-0.1550879540629078,-0.5236638923928969,-0.6276264663506855,-0.544033808267179,0.07402069821515893,0.08457767032621254,0.07610378868620864,5.279942596843401e-15,2.5126563452243735e-18,-3.7734966347089013e-16
219.22,"[0.06062, 0.0456, 0.3566614479579582]",0.0456,0.3566614479579582,-0.12034792801790013,-0.13700189413381933,-0.12369844457136638,0.3025800301321009,0.34234293356576173,0.3105957800271946,-0.14784058510952208,-0.19659870848564326,-0.15743403110241097,-0.5275341764155793,-0.6368976079186887,-0.5492926477875791,0.07441648540457173,0.0854773944167632,0.07663540697177618,3.1689824813670826e-15,2.678853873316194e-18,-5.4783254941270795e-16
219.24,"[0.06062, 0.0456, 0.3566614479579582]",0.0456,0.3566614479579582,-0.12091249896298088,-0.13700189413381933,-0.12369844457136638,0.3039310708949875,0.34234293356576173,0.3105957800271946,-0.1494521929213341,-0.19659870848564326,-0.15743403110241097,-0.5311949904259553,-0.6368976079186887,-0.5492926477875791,0.07479023485655233,0.0854773944167632,0.07663540697177618,9.806716028688485e-17,2.678853873316194e-18,-5.4783254941270795e-16
219.26,"[0.06062, 0.0456, 0.3554851475059073]",0.0456,0.3554851475059073,-0.12144182862858348,-0.1383051602724947,-0.12445731165983989,0.30519736563047145,0.3454017415009134,0.3124072594031804,-0.15096874218280623,-0.20090258450505843,-0.1596609785072472,-0.5346335453314778,-0.6460027759865171,-0.5542818516359385,0.07514081755835232,0.08635639600725867,0.07713956975222913,5.352789219240856e-15,2.7112538283766403e-18,-6.923495019825285e-16
219.28,"[0.06062, 0.0456, 0.3554851475059073]",0.0456,0.3554851475059073,-0.12201477040452023,-0.1383051602724947,-0.12526392538646342,0.306567245447661,0.3454017415009134,0.3143300661595738,-0.1526202670912752,-0.20090258450505843,-0.16205251662388873,-0.5383667235359244,-0.6460027759865171,-0.5596123798714852,0.07552058047509849,0.08635639600725867,0.07767612656311537,3.0803011946606965e-15,2.7112538283766403e-18,-6.072608770379938e-16
219.3,"[0.06062, 0.0456, 0.3554851475059073]",0.0456,0.3554851475059073,-0.12263210985108783,-0.1383051602724947,-0.1268117952309732,0.30804218138330136,0.3454017415009134,0.31801956594516934,-0.15441239450931923,-0.20090258450505843,-0.16664537115896022,-0.5424033982462896,-0.6460027759865171,-0.569845522066082,0.07593013423172995,0.08635639600725867,0.07870586644790264,1.1953610740051533e-15,2.7112538283766403e-18,-5.806176967531838e-16
219.32,"[0.06062, 0.0456, 0.3543233096239664]",0.0456,0.3543233096239664,-0.12335677944330666,-0.13957545975551827,-0.12759662984456846,0.3097722945446955,0.34837225611750533,0.3198872514602104,-0.15653052436396084,-0.20515134839310697,-0.16900014415650724,-0.547158121600435,-0.6549364506060131,-0.5750632140413535,0.07641130709151671,0.08721433584312549,0.07922868866417765,-7.046069033797497e-15,2.3451672834213262e-18,5.1628520777424476e-17
219.34,"[0.06062, 0.0456, 0.3543233096239664]",0.0456,0.3543233096239664,-0.12409171590432212,-0.13957545975551827,-0.12834335883020806,0.31152604466266853,0.34837225611750533,0.3216640373150974,-0.15868782256169764,-0.20515134839310697,-0.17124274482230245,-0.5519904968930894,-0.6549364506060131,-0.5800299946022555,0.07689955559076224,0.08721433584312549,0.0797261867369636,-6.488585883442717e-15,2.3451672834213262e-18,3.762506964973946e-16
219.36,"[0.06062, 0.0456, 0.3531770809058544]",0.0456,0.3531770809058544,-0.12483232245153242,-0.14081246626556423,-0.12911461521994277,0.3132923525400687,0.35125374131058207,0.3234959198706076,-0.1608714237382788,-0.20934126775171696,-0.1735844433336209,-0.5568709912140353,-0.6636932910100641,-0.5851882655721581,0.07739184068189243,0.08805090243881061,0.0802406944653632,-5.475749475817377e-15,2.4355544090489817e-18,6.148337214532038e-16
219.38,"[0.06062, 0.0456, 0.3531770809058544]",0.0456,0.3531770809058544,-0.1255765450024542,-0.14081246626556423,-0.12911461521994277,0.3150661609032572,0.35125374131058207,0.3234959198706076,-0.16307614460238085,-0.20934126775171696,-0.1735844433336209,-0.5617870289614774,-0.6636932910100641,-0.5851882655721581,0.07788681720509698,0.08805090243881061,0.0802406944653632,-4.857732336616755e-15,2.4355544090489817e-18,6.148337214532038e-16
219.401,"[0.06062, 0.0456, 0.3520475925409304]",0.0456,0.3520475925409304,-0.12660574865664664,-0.14081246626556423,-0.12981848147243114,0.31751775852036285,0.35125374131058207,0.3251672492347502,-0.1661380378091076,-0.20934126775171696,-0.17572588573724426,-0.5686000069376512,-0.6636932910100641,-0.5899006940220954,0.07857168495920279,0.08805090243881061,0.08071036463256186,-5.89508107701826e-16,2.4355544090489817e-18,4.496208629277721e-16
219.42,"[0.06062, 0.0456, 0.3520475925409304]",0.0456,0.3520475925409304,-0.12692702193823033,-0.14201589125117786,-0.1305626208503578,0.3182827075919961,0.35404562846929705,0.32693083726325745,-0.16709682260580958,-0.21346864027615411,-0.17801394116816477,-0.5707300756497655,-0.672268132088287,-0.5949095208174199,0.07878555292648246,0.08886581119232007,0.08120752410313012,3.2256071624395907e-15,2.6305240796743288e-18,4.755341996797828e-16
219.44,"[0.06062, 0.0456, 0.3520475925409304]",0.0456,0.3520475925409304,-0.1276177857315352,-0.14201589125117786,-0.13124538289685778,0.3199258522299206,0.35404562846929705,0.32854844102938546,-0.1691710751397779,-0.21346864027615411,-0.18011754081862774,-0.5753241702383678,-0.672268132088287,-0.5995099751113647,0.07924572744994116,0.08886581119232007,0.08166379098189161,2.796105947030429e-15,2.6305240796743288e-18,2.17499920006441e-16
219.46,"[0.06062, 0.0456, 0.3509359591978456]",0.0456,0.3509359591978456,-0.12824558060876104,-0.14318548227568917,-0.1319678867708022,0.3214185597632546,0.3567475110623718,0.330256651002771,-0.17106157965733626,-0.21752979549806128,-0.1823672401549569,-0.5795054322845168,-0.6806559811177685,-0.6044044298910535,0.0796640955018177,0.08965880349689236,0.08214720628855494,1.6707379190982564e-15,2.02451386609604e-18,1.6506356407787592e-16
219.48,"[0.06062, 0.0456, 0.3509359591978456]",0.0456,0.3509359591978456,-0.1288877934308934,-0.14318548227568917,-0.13265865975114888,0.32294405820154803,0.3567475110623718,0.3318895454962273,-0.17300718221874378,-0.21752979549806128,-0.184520358302429,-0.5837957409063212,-0.6806559811177685,-0.609086402810495,0.08009237917359117,0.08965880349689236,0.08260944876548904,3.9872981261394303e-16,2.02451386609604e-18,1.9176341780852077e-16
219.5,"[0.06062, 0.0456, 0.3509359591978456]",0.0456,0.3509359591978456,-0.12954208846351056,-0.14318548227568917,-0.13331632300141816,0.32449674028351494,0.3567475110623718,0.33344392455675836,-0.1750009050485537,-0.21752979549806128,-0.18657216045759747,-0.5881795891121284,-0.6806559811177685,-0.6135460621879374,0.08052902057301886,0.08965880349689236,0.083049584462454,-1.3098122804207833e-16,2.02451386609604e-18,2.2013863320597935e-16
219.52,"[0.06062, 0.0456, 0.34984327792450054]",0.0456,0.34984327792450054,-0.1302000033331888,-0.1443210213866726,-0.13399771363373103,0.3260568111803715,0.35935913883615006,0.33505056222372126,-0.17701478138953836,-0.22152109677917517,-0.188722017119791,-0.5925978496593531,-0.6888520147305048,-0.6181931920347657,0.08096831549917394,0.09042964584532533,0.08350618579983322,-1.1769313779587944e-16,2.4443338583857034e-18,2.271976614290845e-16
219.54,"[0.06062, 0.0456, 0.34984327792450054]",0.0456,0.34984327792450054,-0.13086024313338404,-0.1443210213866726,-0.13464600044147973,0.3276210264889724,0.35935913883615006,0.33657882228037367,-0.17904566908593306,-0.22152109677917517,-0.19076967899593086,-0.5970427230312594,-0.6888520147305048,-0.6226170509155874,0.08140941673582283,0.09042964584532533,0.08394066126938374,-3.816883979101322e-16,2.4443338583857034e-18,2.556868411359419e-16
219.56,"[0.06062, 0.0456, 0.3487706270653911]",0.0456,0.3487706270653911,-0.13152119120922506,-0.1454223234986989,-0.13531627383668576,0.3291854642846304,0.3618804116206203,0.33815490468494974,-0.18108894140727289,-0.22543894356145894,-0.19291059219648723,-0.6015036980368259,-0.6968515760990202,-0.627217205757749,0.08185125040482563,0.09117812892279982,0.08439043871943877,-1.731464468412358e-16,2.6141928625885253e-18,2.5784777318513195e-16
219.58,"[0.06062, 0.0456, 0.3487706270653911]",0.0456,0.3487706270653911,-0.13218193230287467,-0.1454223234986989,-0.1359535152267496,0.3307478105446724,0.3618804116206203,0.3396529413834743,-0.18314237287647878,-0.22543894356145894,-0.19494844612782306,-0.6059752505748264,-0.6968515760990202,-0.6315933698016367,0.08229321621398143,0.09117812892279982,0.08481811114229214,-2.8806282403655897e-16,2.6141928625885253e-18,2.7592797905299585e-16
219.6,"[0.06062, 0.0456, 0.3487706270653911]",0.0456,0.3487706270653911,-0.13284118133330577,-0.1454223234986989,-0.1359535152267496,0.33230496210156973,0.3618804116206203,0.3396529413834743,-0.18520211994776725,-0.22543894356145894,-0.19494844612782306,-0.6104488384708152,-0.6968515760990202,-0.6315933698016367,0.08273445573218594,0.09117812892279982,0.08481811114229214,2.6817134008628272e-17,2.6141928625885253e-18,2.7592797905299585e-16
219.62,"[0.06062, 0.0456, 0.3477190651974124]",0.0456,0.3477190651974124,-0.13343252477306744,-0.14648923478272596,-0.13658477348233802,0.3337010781655071,0.3643113727416477,0.34113248238432053,-0.1870539219296502,-0.22927977387743054,-0.1969923764176516,-0.614466299430755,-0.7046501723217018,-0.6359562017851037,0.08313035025998265,0.09190406668444187,0.08524235650061374,7.348213173349943e-15,2.4839186027484228e-18,-7.836419910238065e-17
219.64,"[0.06062, 0.0456, 0.3477190651974124]",0.0456,0.3477190651974124,-0.13403145202783,-0.14648923478272596,-0.1371745160107803,0.3351130449674762,0.3643113727416477,0.3425142116495293,-0.18894222828977922,-0.22927977387743054,-0.1989050240247876,-0.6185493808849506,-0.7046501723217018,-0.6400355746110648,0.08353163144558153,0.09190406668444187,0.08563877672777986,6.329445583529912e-15,2.4839186027484228e-18,-4.844487153326353e-16
219.66,"[0.06062, 0.0456, 0.3466896300851717]",0.0456,0.3466896300851717,-0.13457555735703092,-0.14752163105616933,-0.13780052672313933,0.33639491100359425,0.3666522020408339,0.34397690502872436,-0.19066302120218676,-0.23304006712240832,-0.20095657682346493,-0.622264614145427,-0.7122434719896765,-0.6443891721514553,0.08389631122863223,0.09260729541431659,0.08606005560499648,4.613569552858942e-15,2.560897424630647e-18,-6.614036888705191e-16
219.68,"[0.06062, 0.0456, 0.3466896300851717]",0.0456,0.3466896300851717,-0.13513196057247942,-0.14752163105616933,-0.13839911527660367,0.33770384746464094,0.3666522020408339,0.34537516186893935,-0.19243415702575317,-0.23304006712240832,-0.2029203932067314,-0.6260764563947862,-0.7122434719896765,-0.6485544113165602,0.08426950756106866,0.09260729541431659,0.08646293091638312,2.8311323992551756e-15,2.560897424630647e-18,-7.369150056339733e-16
219.7,"[0.06062, 0.0456, 0.3466896300851717]",0.0456,0.3466896300851717,-0.13569884699645166,-0.14752163105616933,-0.13839911527660367,0.33903555408623587,0.3666522020408339,0.34537516186893935,-0.194249798433097,-0.23304006712240832,-0.2029203932067314,-0.6299723963119385,-0.7122434719896765,-0.6485544113165602,0.08464999922042848,0.09260729541431659,0.08646293091638312,1.848545232242183e-15,2.560897424630647e-18,-7.369150056339733e-16
219.72,"[0.06062, 0.0456, 0.3456833376568394]",0.0456,0.3456833376568394,-0.13621189796968636,-0.148519416168449,-0.13960074973818468,0.340240079565328,0.3689032085078575,0.3481730767264979,-0.19589721144785668,-0.23671634708820757,-0.2069090295404541,-0.6335029791699254,-0.7196273029174984,-0.6569667127545646,0.08499445624252908,0.09328767276305934,0.0872727086707997,8.095427204450674e-15,2.656757491037081e-18,-1.5912496142944697e-15
219.74,"[0.06062, 0.0456, 0.3456833376568394]",0.0456,0.3456833376568394,-0.136801351425374,-0.148519416168449,-0.13960074973818468,0.3416206083445622,0.3689032085078575,0.3481730767264979,-0.19780883746384242,-0.23671634708820757,-0.2069090295404541,-0.637580102665686,-0.7196273029174984,-0.6569667127545646,0.08539064617909645,0.09328767276305934,0.0872727086707997,-7.952668033737396e-16,2.656757491037081e-18,-1.5912496142944697e-15
219.76,"[0.06062, 0.0456, 0.3447011810015511]",0.0456,0.3447011810015511,-0.13733323710481338,-0.1494825203776353,-0.1401415876508397,0.34286557733750744,0.37106482253382617,0.349431689895668,-0.19953787396623135,-0.2403051852555402,-0.20870809730386397,-0.6412635585897101,-0.7267976500205581,-0.6607571909818352,0.08574823805238595,0.09394507676191244,0.08763726652628906,6.146868810819112e-15,2.5930403468646623e-18,-1.5733706831108989e-15
219.78,"[0.06062, 0.0456, 0.3447011810015511]",0.0456,0.3447011810015511,-0.13786682370855896,-0.1494825203776353,-0.14069280263134804,0.34411313872395394,0.37106482253382617,0.35071010690470283,-0.20128021640797275,-0.2403051852555402,-0.21056296295856397,-0.6449673487511581,-0.7267976500205581,-0.6646436427008099,0.08610715346229571,0.09394507676191244,0.08800927662069058,5.45753572584815e-15,2.5930403468646623e-18,-1.9188743159242235e-15
219.8,"[0.06062, 0.0456, 0.3447011810015511]",0.0456,0.3447011810015511,-0.13835415035564355,-0.1494825203776353,-0.14069280263134804,0.34525150514788505,0.37106482253382617,0.35071010690470283,-0.2028770003512108,-0.2403051852555402,-0.21056296295856397,-0.6483560639537903,-0.7267976500205581,-0.6646436427008099,0.08643507595376229,0.09394507676191244,0.08800927662069058,3.454418652593862e-15,2.5930403468646623e-18,-1.9188743159242235e-15
219.82,"[0.06062, 0.0456, 0.34374412938934856]",0.0456,0.34374412938934856,-0.1387984942880319,-0.15041089871470145,-0.1412567259188334,0.3462886394820614,0.3731375877980357,0.35201354032041404,-0.20433733325446474,-0.24380320433997935,-0.21248160570114927,-0.6514507039228539,-0.7337506533228945,-0.6686425993996417,0.08673417408034084,0.09457940481153647,0.08839030410562343,8.651594404418604e-15,2.8385704758324236e-18,-2.2716897110178e-15
219.84,"[0.06062, 0.0456, 0.34374412938934856]",0.0456,0.34374412938934856,-0.13926555829788467,-0.15041089871470145,-0.1417884585982959,0.3473763706417504,0.3731375877980357,0.35324208394332174,-0.20588474502693416,-0.24380320433997935,-0.2142931929564038,-0.6547171640703733,-0.7337506533228945,-0.6724159827463541,0.0870488387850094,0.09457940481153647,0.08874963547646572,6.2633091425880836e-15,2.8385704758324236e-18,-2.5845024838726504e-15
219.86,"[0.06062, 0.0456, 0.34281312731462654]",0.0456,0.34281312731462654,-0.13969705341381103,-0.1513045293328195,-0.14235199877336202,0.34838028724339143,0.3751221528045653,0.3545400045095855,-0.20731930728814874,-0.2472070820838981,-0.2162316549398421,-0.657740335124519,-0.7404826060800429,-0.6764351979236893,0.08733965033287439,0.0951905726446169,0.0891308372173261,3.561840753322423e-15,2.7969716227167376e-18,-2.6682026996750593e-15
219.88,"[0.06062, 0.0456, 0.34281312731462654]",0.0456,0.34281312731462654,-0.14015077441636994,-0.1513045293328195,-0.1428926846036847,0.34943382067341033,0.3751221528045653,0.3557849369700871,-0.208838191771058,-0.2472070820838981,-0.218093213246335,-0.6609306296973156,-0.7404826060800429,-0.6802932819295578,0.08764566768410571,0.0951905726446169,0.08949661597346731,1.1557944709730057e-15,2.7969716227167376e-18,-2.635345008517647e-15
219.9,"[0.06062, 0.0456, 0.34281312731462654]",0.0456,0.34281312731462654,-0.140623075627231,-0.1513045293328195,-0.1434090954851783,0.35052848884873655,0.3751221528045653,0.3569736793608749,-0.21042910561141964,-0.2472070820838981,-0.21987264627023823,-0.6642623060678533,-0.7404826060800429,-0.6839797374186415,0.08796442777089294,0.0951905726446169,0.08984600369143644,-2.3707133219163327e-16,2.7969716227167376e-18,-2.568448769998517e-15
219.92,"[0.06062, 0.0456, 0.34190909356403176]",0.0456,0.34190909356403176,-0.14110594242090682,-0.1521634118401039,-0.1434090954851783,0.3516460882312726,0.37701926208926034,0.3569736793608749,-0.21206322937212987,-0.2505135552842357,-0.21987264627023823,-0.6676768370374481,-0.7469899530025609,-0.6839797374186415,0.08829048230103852,0.09577851326195375,0.08984600369143644,-8.732297216130424e-16,2.4404643182969544e-18,-2.568448769998517e-15
219.94,"[0.06062, 0.0456, 0.34190909356403176]",0.0456,0.34190909356403176,-0.14154354150312173,-0.1521634118401039,-0.14394389254679232,0.35265833054627677,0.37701926208926034,0.3582004956934297,-0.21354701859075423,-0.2505135552842357,-0.22173400947188474,-0.6707743881170508,-0.7469899530025609,-0.6878175914729676,0.08858603136506815,0.09577851326195375,0.0902081996494271,5.250490678508698e-15,2.4404643182969544e-18,-2.498643259443407e-15
219.96,"[0.06062, 0.0456, 0.3410329203097306]",0.0456,0.3410329203097306,-0.14199960820141933,-0.15298756561521043,-0.14443798476172762,0.35371134192463766,0.37882974712186374,0.3593332682977168,-0.21510254686589578,-0.2537194240433976,-0.2234568154973572,-0.6740125967616539,-0.7532692885670954,-0.6913667301570321,0.08889424333895311,0.09634317584242694,0.09054289277241707,3.7198432706422104e-15,2.694265317190166e-18,-2.5812053700555713e-15
219.98,"[0.06062, 0.0456, 0.3410329203097306]",0.0456,0.3410329203097306,-0.1424628997478784,-0.15298756561521043,-0.14493878355856693,0.3547795079359216,0.37882974712186374,0.3604771027976324,-0.21668985791364703,-0.2537194240433976,-0.225221317805935,-0.6773098821137812,-0.7532692885670954,-0.6949838625467644,0.0892074867311663,0.09634317584242694,0.09088248378151706,3.0899142732230338e-15,2.694265317190166e-18,-2.8246945467552523e-15
220.0,"[0.06062, 0.0456, 0.3401854722289434]",0.0456,0.3401854722289434,-0.14288824578019402,-0.15298756561521043,-0.14542713739826996,0.35575910585505893,0.37882974712186374,0.3615923690643017,-0.21815203009314293,-0.2537194240433976,-0.22694261340430882,-0.6803423964879425,-0.7532692885670954,-0.6985118051656047,0.08949517297976856,0.09634317584242694,0.09121364881506178,1.2607358087107025e-15,2.694265317190166e-18,-2.830006317695734e-15
220.02,"[0.06062, 0.0456, 0.3401854722289434]",0.0456,0.3401854722289434,-0.14332668334205542,-0.1537770281062045,-0.14542713739826996,0.35676705190121727,0.38055451693225095,0.3615923690643017,-0.21966732432618002,-0.2568215562279699,-0.22694261340430882,-0.6834770693079912,-0.7593173554030652,-0.6985118051656047,0.08979187853530829,0.09688452462794048,0.09121364881506178,1.228565213889176e-16,2.31260119239467e-18,-2.830006317695734e-15
220.04,"[0.06062, 0.0456, 0.3401854722289434]",0.0456,0.3401854722289434,-0.14372576961273867,-0.1537770281062045,-0.14591537187997838,0.3576838621625829,0.38055451693225095,0.362702952612958,-0.2210496292590877,-0.2568215562279699,-0.22868172862321237,-0.6863336691281343,-0.7593173554030652,-0.7020585893822818,0.09006201488830905,0.09688452462794048,0.09154507856588195,5.746902672051282e-15,2.31260119239467e-18,-3.0562264922273012e-15
220.063,"[0.06062, 0.0456, 0.3393675856506123]",0.0456,0.3393675856506123,-0.14436672414850255,-0.15453185311413875,-0.14639109509340087,0.3591522322625943,0.38219454849389156,0.3637849184867041,-0.22328745169284628,-0.25981689211735376,-0.23037696357385715,-0.6909407864129864,-0.7651310427444092,-0.7055152282430631,0.09049622016240146,0.09740253778516951,0.09186802874270204,5.900135023821e-17,2.2156966852523924e-18,-3.0563133660477457e-15
220.08,"[0.06062, 0.0456, 0.3393675856506123]",0.0456,0.3393675856506123,-0.14456916124299343,-0.15453185311413875,-0.1468663384728874,0.3596155008852045,0.38219454849389156,0.3648614520589184,-0.22399640288521602,-0.25981689211735376,-0.2320879659835808,-0.6923982305997911,-0.7651310427444092,-0.7089872207870721,0.09063340102034972,0.09740253778516951,0.09219097628741113,3.1062153884116253e-15,2.2156966852523924e-18,-3.270869728991992e-15
220.1,"[0.06062, 0.0456, 0.3393675856506123]",0.0456,0.3393675856506123,-0.14496285301252004,-0.15453185311413875,-0.14732945798270086,0.36051534358711573,0.38219454849389156,0.36591036531640775,-0.22537980966484553,-0.25981689211735376,-0.23375597879632032,-0.6952376594134108,-0.7651310427444092,-0.7123713530371082,0.09090027504191596,0.09740253778516951,0.09250569782194717,1.1269867584641436e-15,2.2156966852523924e-18,-3.2622065655728562e-15
220.12,"[0.06062, 0.0456, 0.3385800677300454]",0.0456,0.3385800677300454,-0.14537082720097147,-0.15525210906378595,-0.14780822084866765,0.3614459955229105,0.38375087690170984,0.3669906996442491,-0.22682116065452992,-0.26270244922185293,-0.23549600716854266,-0.698188489306425,-0.7707073849372269,-0.7158866500142514,0.09117698043186051,0.09789720624664819,0.09283133160355175,-1.0536209991238848e-16,1.985759902547053e-18,-3.2093222321846898e-15
220.14,"[0.06062, 0.0456, 0.3385800677300454]",0.0456,0.3385800677300454,-0.14579084333609724,-0.15525210906378595,-0.14780822084866765,0.3624022592168629,0.38375087690170984,0.3669906996442491,-0.22831277894655413,-0.26270244922185293,-0.23549600716854266,-0.7012347631199867,-0.7707073849372269,-0.7158866500142514,0.09146200011398309,0.09789720624664819,0.09283133160355175,-1.1858528044159868e-15,1.985759902547053e-18,-3.2093222321846898e-15
220.16,"[0.06062, 0.0456, 0.3378236956523522]",0.0456,0.3378236956523522,-0.14617414506348708,-0.1559378772649709,-0.14872870594303067,0.36327406289844383,0.3852245853854302,0.3690628951565838,-0.2296775923168988,-0.26547532724727446,-0.23886040690513027,-0.7040186216371255,-0.7760435599956202,-0.7226656539244405,0.09172217309684111,0.09836853253444248,0.09345774342424755,4.67053754654937e-15,1.998882501434928e-18,-3.713245270689483e-15
220.18,"[0.06062, 0.0456, 0.3378236956523522]",0.0456,0.3378236956523522,-0.14661628775251287,-0.1559378772649709,-0.1491788091877809,0.3642767854323905,0.3852245853854302,0.3700740492862564,-0.23126377470014053,-0.26547532724727446,-0.2405136856036031,-0.7072426222165091,-0.7760435599956202,-0.7259892227617477,0.09202250672672363,0.09836853253444248,0.09376419285522086,-3.119381635166848e-15,1.998882501434928e-18,-3.292171291026102e-15
220.2,"[0.06062, 0.0456, 0.3378236956523522]",0.0456,0.3378236956523522,-0.14706265753318665,-0.1559378772649709,-0.1491788091877809,0.36528726169335424,0.3852245853854302,0.3700740492862564,-0.23287246269688588,-0.26547532724727446,-0.2405136856036031,-0.710505355131806,-0.7760435599956202,-0.7259892227617477,0.09232584664219168,0.09836853253444248,0.09376419285522086,-2.8601073707823575e-15,1.998882501434928e-18,-3.292171291026102e-15
220.22,"[0.06062, 0.0456, 0.3370992158654554]",0.0456,0.3370992158654554,-0.14746472634756064,-0.15658925016889458,-0.15006839380265818,0.36619675133637997,0.38661679520316083,0.37206428997255736,-0.23432429505739868,-0.2681327131806893,-0.24381209925693462,-0.713447289988751,-0.7811368881994772,-0.7325910157033859,0.09259913242250288,0.09881652957032899,0.09437039204013138,3.700577540138231e-15,1.8398705249761416e-18,-3.742207134312464e-15
220.241,"[0.06062, 0.0456, 0.3370992158654554]",0.0456,0.3370992158654554,-0.14813404005853828,-0.15658925016889458,-0.15006839380265818,0.3677056782700001,0.38661679520316083,0.37206428997255736,-0.23676099944584234,-0.2681327131806893,-0.24381209925693462,-0.7183660287349957,-0.7811368881994772,-0.7325910157033859,0.09305442152664037,0.09881652957032899,0.09437039204013138,3.3606601702047244e-16,1.8398705249761416e-18,-3.742207134312464e-15
220.26,"[0.06062, 0.0456, 0.33640734334343714]",0.0456,0.33640734334343714,-0.14832747543295083,-0.15720632962476289,-0.15046722549041822,0.36814153944045275,0.3879286554633874,0.37295589518949007,-0.23746610943130445,-0.27067188646976886,-0.24529358756194905,-0.7197885274356577,-0.7859848307294556,-0.7355537267562602,0.0931860185779014,0.09924121947704598,0.09464222059894278,3.3754250646643395e-15,2.1519377223857092e-18,-3.649293391881335e-15
220.28,"[0.06062, 0.0456, 0.33640734334343714]",0.0456,0.33640734334343714,-0.14873402794386997,-0.15720632962476289,-0.15086824131210771,0.3690562670331644,0.3879286554633874,0.3738486370520728,-0.23895333028418234,-0.27067188646976886,-0.24679696215256108,-0.7227839153136778,-0.7859848307294556,-0.7385473928612567,0.09346269696173451,0.09924121947704598,0.09491576896464417,3.248679201510516e-15,2.1519377223857092e-18,-3.905574281290912e-15
220.3,"[0.06062, 0.0456, 0.33640734334343714]",0.0456,0.33640734334343714,-0.1491034370598837,-0.15720632962476289,-0.15086824131210771,0.3698864705695246,0.3879286554633874,0.3738486370520728,-0.24030831663403593,-0.27067188646976886,-0.24679696215256108,-0.7255095461053416,-0.7859848307294556,-0.7385473928612567,0.09371416128920909,0.09924121947704598,0.09491576896464417,1.9265812392604437e-15,2.1519377223857092e-18,-3.905574281290912e-15
220.32,"[0.06062, 0.0456, 0.33574876088094596]",0.0456,0.33574876088094596,-0.14943874986780686,-0.15778922514287763,-0.15124394256795287,0.37063928220158476,0.38916133292662297,0.37468460376773854,-0.24154115929083808,-0.2730902242660198,-0.24820703611386002,-0.7279867369962197,-0.7905849883358671,-0.7413537989700267,0.0939424667473715,0.09964263237578963,0.09517207730257993,6.715088896603183e-15,2.191027147555647e-18,-4.1879644379797914e-15
220.34,"[0.06062, 0.0456, 0.33574876088094596]",0.0456,0.33574876088094596,-0.14978173648083495,-0.15778922514287763,-0.15163916396047344,0.3714078932995507,0.38916133292662297,0.3755606963054398,-0.2428076758952841,-0.2730902242660198,-0.24970225689484365,-0.7305264787783429,-0.7905849883358671,-0.744318697731978,0.09417609275269331,0.09964263237578963,0.09544189640986944,5.280715497467109e-15,2.191027147555647e-18,-4.2812165033619465e-15
220.36,"[0.06062, 0.0456, 0.3351241184193607]",0.0456,0.3351241184193607,-0.15013464770196666,-0.1583380521711277,-0.15203042960092186,0.37219692587106673,0.39031600184064913,0.37642434737273067,-0.24411764629327865,-0.27538520670037386,-0.2511955986774218,-0.7331470003866327,-0.7949351000395993,-0.7472678731502306,0.09441659544738797,0.10002080518567326,0.09570922608676158,3.959599849490363e-15,2.215822035161543e-18,-4.5108814720388475e-15
220.38,"[0.06062, 0.0456, 0.3351241184193607]",0.0456,0.3351241184193607,-0.15045963235512852,-0.1583380521711277,-0.15203042960092186,0.3729224073607285,0.39031600184064913,0.37642434737273067,-0.24532805649388073,-0.27538520670037386,-0.2511955986774218,-0.7355645404311465,-0.7949351000395993,-0.7472678731502306,0.09463813559777949,0.10002080518567326,0.09570922608676158,1.8829460794846205e-15,2.215822035161543e-18,-4.5108814720388475e-15
220.4,"[0.06062, 0.0456, 0.3351241184193607]",0.0456,0.3351241184193607,-0.15075808383182962,-0.1583380521711277,-0.15239836148187327,0.37358777596338416,0.39031600184064913,0.3772360424796765,-0.24644288951707055,-0.27538520670037386,-0.252601540445253,-0.7377881736550278,-0.7949351000395993,-0.7500429426372491,0.09484164279051178,0.10002080518567326,0.09596064094560283,6.156405514114669e-15,2.215822035161543e-18,-4.736420825978293e-15
220.42,"[0.06062, 0.0456, 0.3345340324053768]",0.0456,0.3345340324053768,-0.1510697365853385,-0.15885293039251241,-0.15278298370894675,0.3742809466018769,0.39139383386554005,0.37808155923682885,-0.24761303320153194,-0.27755442215796183,-0.2540817040563992,-0.740116579768753,-0.7990330418645811,-0.7529550054406826,0.09505425243980731,0.10037578043135513,0.09622362408237722,4.383479161538931e-15,2.413168926855644e-18,-4.7741117192340905e-15
220.44,"[0.06062, 0.0456, 0.3345340324053768]",0.0456,0.3345340324053768,-0.15139525353882458,-0.15885293039251241,-0.1531385310620703,0.37500306300291475,0.39139383386554005,0.3788626018497832,-0.24884208067207333,-0.27755442215796183,-0.2554519990752232,-0.7425558806535248,-0.7990330418645811,-0.7556490945377285,0.09527643305172281,0.10037578043135513,0.09646676070875011,2.8985419705272853e-15,2.413168926855644e-18,-4.938806388207838e-15
220.46,"[0.06062, 0.0456, 0.33397908518264835]",0.0456,0.33397908518264835,-0.1518388824120216,-0.15933398205192476,-0.15349842581217846,0.3759857335793221,0.39239598814643295,0.3796533232088068,-0.2505223746744987,-0.2795955725175565,-0.2568385829235243,-0.7458859204094909,-0.802876825602599,-0.7583756273087052,0.09557931777979116,0.10070760506545859,0.09671286256718115,3.4233037404977767e-15,2.5444259379128443e-18,-5.2552156862193536e-15
220.48,"[0.06062, 0.0456, 0.33397908518264835]",0.0456,0.33397908518264835,-0.1521905654932065,-0.15933398205192476,-0.154222020931009,0.37676217919488014,0.39239598814643295,0.38123703223825023,-0.2518636272091479,-0.2795955725175565,-0.2596474327139652,-0.7485356141837146,-0.802876825602599,-0.7638798556181426,0.09581957775564291,0.10070760506545859,0.09720799292246447,-3.2317100797982013e-15,2.5444259379128443e-18,-5.2402749074093565e-15
220.5,"[0.06062, 0.0456, 0.33397908518264835]",0.0456,0.33397908518264835,-0.15239371103698712,-0.15933398205192476,-0.15455501139058045,0.3772096644994349,0.39239598814643295,0.3819654353333022,-0.2526420077638257,-0.2795955725175565,-0.26094146224575665,-0.7500700383308346,-0.802876825602599,-0.7664143621961325,0.09595841927223388,0.10070760506545859,0.0974358693430914,-5.605461394666118e-15,2.5444259379128443e-18,-4.762087937685813e-15
220.52,"[0.06062, 0.0456, 0.33345982441708444]",0.0456,0.33345982441708444,-0.1527743889628086,-0.1597813303209139,-0.15489110064075878,0.37804770467970433,0.39332360159325713,0.38269783949218217,-0.25410244146575167,-0.2815064783201344,-0.2622569757938113,-0.7529473542803752,-0.8064645976124715,-0.7689824691934092,0.0962186259076623,0.10101632931274496,0.09766600896543284,-4.111694512830759e-15,2.5942854791881763e-18,-4.594682574204572e-15
220.54,"[0.06062, 0.0456, 0.33345982441708444]",0.0456,0.33345982441708444,-0.15314631614910343,-0.1597813303209139,-0.15520888241370692,0.3788653139201661,0.39332360159325713,0.38339004257534637,-0.2555334067769826,-0.2815064783201344,-0.2635018965139726,-0.7557628964912471,-0.8064645976124715,-0.7714118198582078,0.09647291612244878,0.10101632931274496,0.09788362911411236,-3.0336023616882966e-15,2.5942854791881763e-18,-4.483153333846581e-15
220.56,"[0.06062, 0.0456, 0.3329767625563696]",0.0456,0.3329767625563696,-0.15350960337981295,-0.16019509770952306,-0.15520888241370692,0.37966271408755403,0.39417777942731136,0.38339004257534637,-0.25693537697044333,-0.28328508383030626,-0.2635018965139726,-0.7585175503782973,-0.8097946376566608,-0.7714118198582078,0.09672136577730317,0.10130200554324452,0.09788362911411236,-1.9414421452567496e-15,2.4761554423667846e-18,-4.483153333846581e-15
220.58,"[0.06062, 0.0456, 0.3329767625563696]",0.0456,0.3329767625563696,-0.15383246639625237,-0.16019509770952306,-0.155515085630184,0.38037090650060223,0.39417777942731136,0.38405419795742024,-0.25818301569217744,-0.28328508383030626,-0.264710988054388,-0.7609674615867835,-0.8097946376566608,-0.7737627534691359,0.09694219581111184,0.10130200554324452,0.09809346221561019,3.7416321187490374e-15,2.4761554423667846e-18,-4.693012359935075e-15
220.6,"[0.06062, 0.0456, 0.3329767625563696]",0.0456,0.3329767625563696,-0.1541521640506997,-0.16019509770952306,-0.15581223384690615,0.38107073187778584,0.39417777942731136,0.3846985770815223,-0.25942333044926874,-0.28328508383030626,-0.2658847920732485,-0.763398567051596,-0.8097946376566608,-0.7760446621295669,0.09716093642778371,0.10130200554324452,0.09829709734179831,3.547721286262452e-15,2.4761554423667846e-18,-4.74745201488334e-15
220.62,"[0.06062, 0.0456, 0.33253037632423954]",0.0456,0.33253037632423954,-0.15446757731197935,-0.16057540453454777,-0.15610046278369005,0.38176002246688273,0.39495958605468745,0.38532102446032207,-0.2606510081661126,-0.28492946195404023,-0.2670319991480337,-0.7658013251235812,-0.8128653577793691,-0.7782672144003167,0.09737680700126256,0.10156468718172335,0.09849474660873077,3.469837026890761e-15,2.4161704389697087e-18,-5.006916477524424e-15
220.64,"[0.06062, 0.0456, 0.33253037632423954]",0.0456,0.33253037632423954,-0.15475188494729428,-0.16057540453454777,-0.15638052367640143,0.38238059258193485,0.39495958605468745,0.38592570791130043,-0.26176014782420765,-0.28492946195404023,-0.26814711935845614,-0.767969814388942,-0.8128653577793691,-0.7804272315236948,0.09757142709247331,0.10156468718172335,0.09868680113963309,2.5363183023293545e-15,2.4161704389697087e-18,-5.107053495109952e-15
220.66,"[0.06062, 0.0456, 0.3321211062500126]",0.0456,0.3321211062500126,-0.155036120825481,-0.16092236745369068,-0.15638052367640143,0.38299974298431533,0.39567003632601533,0.38592570791130043,-0.2628733116050556,-0.2864378189761571,-0.26814711935845614,-0.7701423221105959,-0.8156753012309647,-0.7804272315236948,0.09776606325346704,0.10180442766091638,0.09868680113963309,1.9021991616691174e-15,2.4955485789244444e-18,-5.107053495109952e-15
220.68,"[0.06062, 0.0456, 0.3321211062500126]",0.0456,0.3321211062500126,-0.1554276749844361,-0.16092236745369068,-0.15665273353995565,0.3838512181526663,0.39567003632601533,0.38651109463720856,-0.26441167391077974,-0.2864378189761571,-0.2692387232850166,-0.7731402973891021,-0.8156753012309647,-0.7825348796966736,0.09803426144008508,0.10180442766091638,0.0988735833369763,2.8124908062489316e-15,2.4955485789244444e-18,-5.3625370632181986e-15
220.7,"[0.06062, 0.0456, 0.3321211062500126]",0.0456,0.3321211062500126,-0.1555501808399877,-0.16092236745369068,-0.1569174260198928,0.3841172058013146,0.39567003632601533,0.38708020270022986,-0.2648943788526684,-0.2864378189761571,-0.27030056008484615,-0.7740797556236932,-0.8156753012309647,-0.7845847239537113,0.09811819362967394,0.10180442766091638,0.09905521295969316,4.684330918630146e-15,2.4955485789244444e-18,-5.462597425611872e-15
220.72,"[0.06062, 0.0456, 0.3317493562338403]",0.0456,0.3317493562338403,-0.15580995742416998,-0.16123609807507625,-0.15717469700382933,0.38468017521249465,0.3963100872408731,0.3876312579731213,-0.2659215532951042,-0.28780849908152756,-0.2713394834105207,-0.7760756996135677,-0.8182231414442288,-0.7865843327628753,0.09829622730218927,0.10202127942593177,0.09923184731336562,3.907345698759974e-15,2.456314188801275e-18,-5.69321315384734e-15
220.74,"[0.06062, 0.0456, 0.3317493562338403]",0.0456,0.3317493562338403,-0.15604610355575138,-0.16123609807507625,-0.15742497981483747,0.3851912859628429,0.3963100872408731,0.3881672448483925,-0.26685745692602186,-0.28780849908152756,-0.2723505209290561,-0.7778923751262631,-0.8182231414442288,-0.7885299803086305,0.09845809801229362,0.10202127942593177,0.09940368869049636,2.543006122115167e-15,2.456314188801275e-18,-5.775115165454205e-15
220.76,"[0.06062, 0.0456, 0.33141549314810653]",0.0456,0.33141549314810653,-0.1562855645919875,-0.1615167016514484,-0.15767754033527032,0.3857084793327106,0.3968806301534326,0.3887064186773195,-0.2678101457182471,-0.28903998862476465,-0.2733762322149388,-0.7797384118389541,-0.8205076810683793,-0.7904991012729049,0.09862229451702077,0.10221529299709416,0.09957717006013388,1.599476823369931e-15,2.5567380119451683e-18,-5.818899067757308e-15
220.78,"[0.06062, 0.0456, 0.33141549314810653]",0.0456,0.33141549314810653,-0.1565273095363727,-0.1615167016514484,-0.15792879775675595,0.38622956216397036,0.3968806301534326,0.38924279946137286,-0.26877538814521384,-0.28903998862476465,-0.27439668762662245,-0.7816057219517815,-0.8205076810683793,-0.7924581007809571,0.09878810754675448,0.10221529299709416,0.0997497568553923,8.186047116063445e-16,2.5567380119451683e-18,-6.0527968795503665e-15
220.8,"[0.06062, 0.0456, 0.33141549314810653]",0.0456,0.33141549314810653,-0.15679359229824558,-0.1615167016514484,-0.15839267257186598,0.3868020772508595,0.3968806301534326,0.39023249817159655,-0.26984343505505437,-0.28903998862476465,-0.276282568004538,-0.7836676739365129,-0.8205076810683793,-0.7960768420709329,0.09897082091520368,0.10221529299709416,0.10006841640515031,1.016310549852226e-15,2.5567380119451683e-18,-5.945369333605375e-15
220.82,"[0.06062, 0.0456, 0.3311198464753692]",0.0456,0.3311198464753692,-0.15707662026776517,-0.1617642758681065,-0.15861682824471374,0.38740948578581236,0.3973824835335414,0.39070919811189053,-0.27098231730898353,-0.29013092011449626,-0.2771988499449796,-0.7858631719893916,-0.8225278510671641,-0.7978307476955783,0.09916507730570798,0.10238651609826528,0.10022246903505258,-2.348674606984582e-15,2.4686500783130397e-18,-5.7153409355217795e-15
220.841,"[0.06062, 0.0456, 0.3311198464753692]",0.0456,0.3311198464753692,-0.157475860020017,-0.1617642758681065,-0.158827369619731,0.3882650951315494,0.3973824835335414,0.391156740919965,-0.272592778828231,-0.29013092011449626,-0.2780601495876788,-0.7889643186604948,-0.8225278510671641,-0.7994788341897333,0.09943915220105976,0.10238651609826528,0.10036717463040495,1.0816071135811437e-15,2.4686500783130397e-18,-5.675704658563348e-15
220.86,"[0.06062, 0.0456, 0.3308627079832005]",0.0456,0.3308627079832005,-0.15773264684396254,-0.16197890973321813,-0.15902518304553273,0.3888145078317262,0.39781638633442346,0.3915770634541029,-0.2736315792809554,-0.29108007587996076,-0.2788699203964663,-0.7909620766182599,-0.8242827098873823,-0.8010278577738534,0.09961547646243969,0.10253499285734802,0.10050313993989533,1.838080935966311e-15,2.405407828930335e-18,-5.689080241959947e-15
220.88,"[0.06062, 0.0456, 0.3308627079832005]",0.0456,0.3308627079832005,-0.15786190046412005,-0.16197890973321813,-0.15922159435359207,0.38909076339417054,0.39781638633442346,0.391993158054688,-0.27415541339687166,-0.29108007587996076,-0.27967793853371276,-0.7919686547375635,-0.8242827098873823,-0.8025700938300478,0.09970424281008321,0.10253499285734802,0.10063819556158485,3.9426608747179877e-16,2.405407828930335e-18,-5.739233908473744e-15
220.9,"[0.06062, 0.0456, 0.3306443314362474]",0.0456,0.3306443314362474,-0.1581025652853944,-0.16197890973321813,-0.15922159435359207,0.3896047698659954,0.39781638633442346,0.391993158054688,-0.275131971548945,-0.29108007587996076,-0.27967793853371276,-0.7938441269272793,-0.8242827098873823,-0.8025700938300478,0.09986953882671978,0.10253499285734802,0.10063819556158485,8.968181889677106e-16,2.405407828930335e-18,-5.739233908473744e-15
220.921,"[0.06062, 0.0456, 0.3306443314362474]",0.0456,0.3306443314362474,-0.1584242574928119,-0.1621606825786302,-0.1594059476529518,0.3902909529414403,0.39818299201462753,0.39238245681243145,-0.2764401687127399,-0.2918863913897879,-0.28044033952215625,-0.7963540387184637,-0.8257714427042058,-0.8040218413323362,0.1000905266220065,0.10266076308525932,0.10076501376579512,2.5659963852372335e-15,2.415333745704619e-18,-5.970108457634592e-15
220.94,"[0.06062, 0.0456, 0.3306443314362474]",0.0456,0.3306443314362474,-0.15852242650882548,-0.1621606825786302,-0.1595845466697827,0.3905001033287314,0.39818299201462753,0.39275952324025865,-0.27684018579818903,-0.2918863913897879,-0.28117920481422826,-0.7971208189836861,-0.8257714427042058,-0.8054285501827593,0.10015797533627986,0.10266076308525932,0.10088787716202752,4.1034771399261365e-15,2.415333745704619e-18,-6.094238945843605e-15
220.96,"[0.06062, 0.0456, 0.3304649323457969]",0.0456,0.3304649323457969,-0.15872422933940716,-0.1623096631786358,-0.1597534456571066,0.3909293931122994,0.39848286325769566,0.3931159695250908,-0.27766459941968397,-0.2925489581952483,-0.2818783963703119,-0.7986992879187145,-0.8269933607493635,-0.8067593377328375,0.10029665668297301,0.10276386163913961,0.10100407393277366,3.831547363052983e-15,2.355234708583919e-18,-6.201265050971312e-15
220.98,"[0.06062, 0.0456, 0.3304649323457969]",0.0456,0.3304649323457969,-0.15891978043977,-0.1623096631786358,-0.15991224624711137,0.39134484263110664,0.39848286325769566,0.39345014034441544,-0.2784652208487606,-0.2925489581952483,-0.2825388397352763,-0.8002306973906052,-0.8269933607493635,-0.8080137668806778,0.10043106596023546,0.10276386163913961,0.10111336418218482,3.654311587084278e-15,2.355234708583919e-18,-6.429786170172226e-15
221.0,"[0.06062, 0.0456, 0.3304649323457969]",0.0456,0.3304649323457969,-0.15909405689006462,-0.1623096631786358,-0.15991224624711137,0.39171477382327474,0.39848286325769566,0.39345014034441544,-0.27917976854279425,-0.2925489581952483,-0.2825388397352763,-0.8015965819776075,-0.8269933607493635,-0.8080137668806778,0.1005508664997589,0.10276386163913961,0.10111336418218482,3.0068808560957565e-15,2.355234708583919e-18,-6.429786170172226e-15
221.02,"[0.06062, 0.0456, 0.3303246877570921]",0.0456,0.3303246877570921,-0.15924951286790273,-0.1624259089934047,-0.16006506828410214,0.3920444934626574,0.3987164674284065,0.39377100418269095,-0.27981799207792557,-0.29306702647312244,-0.2831767116306337,-0.8028158471164608,-0.8279479007279483,-0.8092233744125114,0.10065774105921736,0.10284431787498044,0.10121857021451372,5.093326401510657e-15,2.36943093887058e-18,-6.66044617633691e-15
221.04,"[0.06062, 0.0456, 0.3303246877570921]",0.0456,0.3303246877570921,-0.15940446839698058,-0.1624259089934047,-0.16021372129609146,0.39237253049984144,0.3987164674284065,0.3940830660688325,-0.2804561488013958,-0.29306702647312244,-0.28379733790377176,-0.8040332773099074,-0.8279479007279483,-0.8104001472119987,0.10076429859852253,0.10284431787498044,0.1013209083117586,4.1664352421993316e-15,2.36943093887058e-18,-6.785545043928569e-15
221.06,"[0.06062, 0.0456, 0.3302237360746102]",0.0456,0.3302237360746102,-0.15954484767673283,-0.162509465542918,-0.16035620062843364,0.39266944668857673,0.39888417279932753,0.3943820714125162,-0.2810351183747068,-0.29344000714644064,-0.2843924974119922,-0.8051370730465365,-0.8286346243289796,-0.8115283719089519,0.10086084401508404,0.10290215519417098,0.10141900041817259,2.9582540633991326e-15,2.3631307454360096e-18,-7.090259042123059e-15
221.08,"[0.06062, 0.0456, 0.3302237360746102]",0.0456,0.3302237360746102,-0.15969900473755594,-0.162509465542918,-0.16049458287388096,0.3929948453865015,0.39888417279932753,0.3946720098422786,-0.2816730204002646,-0.29344000714644064,-0.2849720172464744,-0.8063514198375995,-0.8286346243289796,-0.8126256989824453,0.10096689373146855,0.10290215519417098,0.10151429116393276,2.53011276277492e-15,2.3631307454360096e-18,-7.0414117754557035e-15
221.1,"[0.06062, 0.0456, 0.3302237360746102]",0.0456,0.3302237360746102,-0.1598501645834578,-0.162509465542918,-0.16062540139513629,0.3933135066334746,0.39888417279932753,0.3949460093845123,-0.282299829809524,-0.29344000714644064,-0.28552015278919746,-0.8075435328823256,-0.8286346243289796,-0.8136633541083733,0.10107089924343388,0.10290215519417098,0.10160437741682865,2.21305176942945e-15,2.3631307454360096e-18,-7.074673574813824e-15
221.12,"[0.06062, 0.0456, 0.33016217692547367]",0.0456,0.33016217692547367,-0.15999745957767672,-0.16256036591629885,-0.16075143368573971,0.3936236821565465,0.39898624557591167,0.39520968066361056,-0.2829116911841493,-0.2936674735648062,-0.2860491875603466,-0.8087062989224829,-0.8290532178342195,-0.8146640438545926,0.10117226009617543,0.10293739068774124,0.10169118018240715,2.0164222186801944e-15,2.360572414613646e-18,-7.110998372887019e-15
221.14,"[0.06062, 0.0456, 0.33016217692547367]",0.0456,0.33016217692547367,-0.16014071465820848,-0.16256036591629885,-0.16086459428663694,0.39392502187326306,0.39898624557591167,0.39544628122294073,-0.2835078155041197,-0.2936674735648062,-0.28652464331238536,-0.8098382704667919,-0.8290532178342195,-0.8155630070515145,0.10127085491235546,0.10293739068774124,0.10176912383106347,1.8645320537381187e-15,2.360572414613646e-18,-7.237765092857484e-15
221.16,"[0.06062, 0.0456, 0.3301400710611307]",0.0456,0.3301400710611307,-0.16026806733352922,-0.1625786304204149,-0.16086459428663694,0.3941927670997376,0.39902284774252833,0.39544628122294073,-0.2840382217784928,-0.29374916272968477,-0.28652464331238536,-0.8108450637373682,-0.8292034918289315,-0.8155630070515145,0.10135851107832668,0.10295003488128077,0.10176912383106347,1.4660008023354628e-15,2.3665644068162468e-18,-7.237765092857484e-15
221.18,"[0.06062, 0.0456, 0.3301400710611307]",0.0456,0.3301400710611307,-0.16038140745461896,-0.1625786304204149,-0.1609700706447746,0.39443093478351227,0.39902284774252833,0.39566665659524797,-0.28451064187850245,-0.29374916272968477,-0.2869683128078313,-0.8117414729743115,-0.8292034918289315,-0.8164014495783294,0.10143652750114056,0.10295003488128077,0.1018417812462426,3.0259696448051906e-15,2.3665644068162468e-18,-7.374029982493983e-15
221.2,"[0.06062, 0.0456, 0.3301400710611307]",0.0456,0.3301400710611307,-0.1604932534607485,-0.1625786304204149,-0.16106807187340472,0.39466572192811616,0.39902284774252833,0.3958713503652379,-0.2849775993635717,-0.29374916272968477,-0.2873807412209411,-0.8126268685362793,-0.8292034918289315,-0.8171806834597406,0.1015135257125048,0.10295003488128077,0.10190929211928255,2.4380470305669007e-15,2.3665644068162468e-18,-7.500383648428097e-15
221.22,"[0.06062, 0.0456, 0.33015744029740035]",0.0456,0.33015744029740035,-0.16059364884857646,-0.1625642663705393,-0.16106807187340472,0.3948763688922457,0.3989940357456952,0.3958713503652379,-0.2853970777677817,-0.293684976053916,-0.2873807412209411,-0.8134219623296078,-0.8290853810173637,-0.8171806834597406,0.10158264535101363,0.10294009158268785,0.10190929211928255,1.6982837452157095e-15,2.3646308014664184e-18,-7.500383648428097e-15
221.24,"[0.06062, 0.0456, 0.33015744029740035]",0.0456,0.33015744029740035,-0.1607312739239522,-0.1625642663705393,-0.16115863622987814,0.3951649259823963,0.3989940357456952,0.39606052146961424,-0.285972760522864,-0.293684976053916,-0.28776184069225336,-0.8145125827066562,-0.8290853810173637,-0.8179007528646847,0.10167740536937192,0.10294009158268785,0.10197167956379695,1.5335918089119017e-15,2.3646308014664184e-18,-7.611404433148411e-15
221.26,"[0.06062, 0.0456, 0.3302142674929436]",0.0456,0.3302142674929436,-0.16077401015454462,-0.1625172680247409,-0.1612431220239632,0.39525448553131126,0.39889976002446115,0.3962369608470747,-0.28615166854431023,-0.2934749796487249,-0.2881174719278135,-0.8148513997262719,-0.8286989441447643,-0.8185726084015518,0.10170683278870533,0.10290755783402816,0.10202988113044582,2.06273440236889e-15,2.367620585766115e-18,-7.705589428306538e-15
221.281,"[0.06062, 0.0456, 0.3302142674929436]",0.0456,0.3302142674929436,-0.16089429612183584,-0.1625172680247409,-0.1612431220239632,0.39550644475283947,0.39889976002446115,0.3962369608470747,-0.28665559514331174,-0.2934749796487249,-0.2881174719278135,-0.8158054269890748,-0.8286989441447643,-0.8185726084015518,0.10178966456212357,0.10290755783402816,0.10202988113044582,1.752630029632848e-15,2.367620585766115e-18,-7.705589428306538e-15
221.3,"[0.06062, 0.0456, 0.3302142674929436]",0.0456,0.3302142674929436,-0.16092917871204834,-0.1625172680247409,-0.1613197238748973,0.3955794963624568,0.39889976002446115,0.3963971021168868,-0.28680178282626584,-0.2934749796487249,-0.28843939482010134,-0.8160821451341316,-0.8286989441447643,-0.8191812244575394,0.10181368621884652,0.10290755783402816,0.10208264482242993,2.1051260567917696e-15,2.367620585766115e-18,-7.781668664122502e-15
221.32,"[0.06062, 0.0456, 0.33031049656617917]",0.0456,0.33031049656617917,-0.16100338229298958,-0.1624376166625222,-0.16139029663050486,0.3957348414561724,0.39873986539146244,0.3965449676149224,-0.2871129291136022,-0.2931194041356432,-0.28873494684098044,-0.8166709702127813,-0.8280443640267537,-0.8197408605047337,0.10186478835332044,0.10285242396791305,0.10213124228453836,1.4547309544333443e-15,2.384996283873269e-18,-7.807133265822493e-15
221.34,"[0.06062, 0.0456, 0.33031049656617917]",0.0456,0.33031049656617917,-0.16107054446911268,-0.1624376166625222,-0.16139029663050486,0.39587545753188597,0.39873986539146244,0.3965449676149224,-0.2873945128084289,-0.2931194041356432,-0.28873494684098044,-0.8172038821312033,-0.8280443640267537,-0.8197408605047337,0.10191104082845504,0.10285242396791305,0.10213124228453836,7.786379837624507e-16,2.384996283873269e-18,-7.807133265822493e-15
221.36,"[0.06062, 0.0456, 0.3304460325506297]",0.0456,0.3304460325506297,-0.161131297379777,-0.1623252808070686,-0.16145216499253853,0.3960026644480314,0.3985140922616828,0.39667460970916657,-0.2876491952831704,-0.2926186439848818,-0.2889940022315501,-0.8176859080294069,-0.8271219476857942,-0.8202314269433817,0.10195287910490265,0.10277467376790304,0.1021738452658809,1.4552906195947812e-15,2.3852235355803504e-18,-7.868252081343816e-15
221.38,"[0.06062, 0.0456, 0.3304460325506297]",0.0456,0.3304460325506297,-0.16119226222620148,-0.1623252808070686,-0.16150534445014203,0.39613033404802,0.3985140922616828,0.39678652830574773,-0.2879047086118774,-0.2926186439848818,-0.2892151480790435,-0.818169556630265,-0.8271219476857942,-0.820651505024552,0.10199486267528093,0.10277467376790304,0.10221044516802232,9.338855433619529e-16,2.3852235355803504e-18,-7.906915858667374e-15
221.4,"[0.06062, 0.0456, 0.3304460325506297]",0.0456,0.3304460325506297,-0.16124696169756575,-0.1623252808070686,-0.16155711008884122,0.39624493828366897,0.3985140922616828,0.3968954810210256,-0.2881337889928793,-0.2926186439848818,-0.28943038447201636,-0.8186033198050758,-0.8271219476857942,-0.8210603836470289,0.10203252935750126,0.10277467376790304,0.10224607164480289,4.525745887282907e-16,2.3852235355803504e-18,-7.912083463021107e-15
221.42,"[0.06062, 0.0456, 0.33062074168864203]",0.0456,0.33062074168864203,-0.16130123098442506,-0.1621802165893211,-0.16155711008884122,0.39635873565976476,0.3982220787195125,0.3968954810210256,-0.288360770867065,-0.2919732563858446,-0.28943038447201636,-0.8190333628662266,-0.8259321265934982,-0.8210603836470289,0.10206989600897036,0.10267428473157118,0.10224607164480289,7.835678788405618e-17,2.4744470789605103e-18,-7.912083463021107e-15
221.44,"[0.06062, 0.0456, 0.33062074168864203]",0.0456,0.33062074168864203,-0.16134984801426394,-0.1621802165893211,-0.1615968442352784,0.3964607172787731,0.3982220787195125,0.3969798081025577,-0.2885639974605605,-0.2919732563858446,-0.2895933831464808,-0.8194184968218066,-0.8259321265934982,-0.8213719244960604,0.10210336937956968,0.10267428473157118,0.10227338884104688,6.548210114624332e-16,2.4744470789605103e-18,-7.929533558667613e-15
221.46,"[0.06062, 0.0456, 0.3308344515633898]",0.0456,0.3308344515633898,-0.1613967772962565,-0.1620023682509719,-0.1616244785547132,0.3965593445356637,0.39786336340838535,0.3970394539172801,-0.2887595807494131,-0.2911839596595357,-0.2897035647576684,-0.8197896480871232,-0.8244754570165311,-0.8215852809562929,0.10213567307704188,0.10255122843399204,0.1022923456009401,4.118232237721644e-16,2.4762577903344507e-18,-7.949964836477304e-15
221.48,"[0.06062, 0.0456, 0.3308344515633898]",0.0456,0.3308344515633898,-0.16143755344661392,-0.1620023682509719,-0.16165111232026974,0.396645197195217,0.39786336340838535,0.39709697980058806,-0.28892902137450643,-0.2911839596595357,-0.2898096309058595,-0.8201116162580544,-0.8244754570165311,-0.8217907810357258,0.10216373474798346,0.10255122843399204,0.10231061434267598,2.667956791111616e-16,2.4762577903344507e-18,-7.958119190602422e-15
221.5,"[0.06062, 0.0456, 0.3308344515633898]",0.0456,0.3308344515633898,-0.16147573259370837,-0.1620023682509719,-0.16167600015790906,0.39672585856111114,0.39786336340838535,0.39715080529107055,-0.2890867912406578,-0.2911839596595357,-0.28990851962686365,-0.8204121625658719,-0.8244754570165311,-0.8219825760992541,0.10218999768401005,0.10255122843399204,0.10232768257246035,1.172084137935539e-16,2.4762577903344507e-18,-7.958284501918882e-15
221.52,"[0.06062, 0.0456, 0.3310869512690281]",0.0456,0.3310869512690281,-0.1615115435255187,-0.16179166878239373,-0.16167600015790906,0.39680175414603164,0.39743738922112243,0.39715080529107055,-0.28923401965767837,-0.2902516312265243,-0.28990851962686365,-0.8206932795887059,-0.8227526204628899,-0.8219825760992541,0.10221462167192609,0.10240547098859215,0.10232768257246035,-1.5163781009111853e-17,2.434985520152664e-18,-7.958284501918882e-15
221.54,"[0.06062, 0.0456, 0.3310869512690281]",0.0456,0.3310869512690281,-0.16154279028567267,-0.16179166878239373,-0.16168726049274795,0.3968680738639589,0.39743738922112243,0.3971767638750187,-0.2893621746603707,-0.2902516312265243,-0.28994812243250306,-0.8209382459329284,-0.8227526204628899,-0.8220639994743242,0.1022361032428182,0.10240547098859215,0.1023353370584492,2.5576327148481815e-16,2.434985520152664e-18,-7.965884188029554e-15
221.56,"[0.06062, 0.0456, 0.33137799161883214]",0.0456,0.33137799161883214,-0.16157023962501674,-0.16154804069050546,-0.16169782757559603,0.3969267249664307,0.3969435077632678,0.3972012290033,-0.2894735047456152,-0.28917730514789647,-0.2899849523707333,-0.8211521391130064,-0.8207644242245419,-0.8221400613020269,0.10225495766757886,0.10223697360151363,0.10234251587388281,2.277783871097086e-16,2.4197460882516804e-18,-7.973736527318956e-15
221.58,"[0.06062, 0.0456, 0.33137799161883214]",0.0456,0.33137799161883214,-0.16159448133562654,-0.16154804069050546,-0.1616951004997362,0.3969788807338067,0.3969435077632678,0.3971985974758288,-0.28957067980292556,-0.28917730514789647,-0.2899636326046184,-0.8213398443361322,-0.8207644242245419,-0.8221081254939118,0.10227159372656727,0.10223697360151363,0.10234050654224913,1.558482950187649e-16,2.4197460882516804e-18,-7.977356582684332e-15
221.6,"[0.06062, 0.0456, 0.33137799161883214]",0.0456,0.33137799161883214,-0.16161359897680694,-0.16154804069050546,-0.16169145549221572,0.3970206269151612,0.3969435077632678,0.3971939555924613,-0.28964534084379173,-0.28917730514789647,-0.2899387468749334,-0.8214858177633259,-0.8207644242245419,-0.82206920045357,0.10228468716133739,0.10223697360151363,0.10233786877909094,2.3738127417163007e-16,2.4197460882516804e-18,-7.994669576645133e-15
221.62,"[0.06062, 0.0456, 0.33170728539111444]",0.0456,0.33170728539111444,-0.1616287197654112,-0.1612713968906251,-0.16167268878083937,0.39705397713372154,0.3963809845561599,0.3971583289626148,-0.28970332771392315,-0.2879621692601191,-0.2898482055653224,-0.8216001637353174,-0.818511802011625,-0.8219079410928328,0.1022950290671852,0.10204569321490803,0.10232478564537853,2.5404470262121146e-16,2.50674264461855e-18,-8.00771458981162e-15
221.64,"[0.06062, 0.0456, 0.33170728539111444]",0.0456,0.33170728539111444,-0.16163876288236612,-0.1612713968906251,-0.16165390730966295,0.39707701037826687,0.3963809845561599,0.3971225862559345,-0.2897390032321059,-0.2879621692601191,-0.2897578763449083,-0.8216731547829318,-0.818511802011625,-0.8217468499567075,0.10230186029886634,0.10204569321490803,0.10231169599185928,4.651472139608673e-16,2.50674264461855e-18,-8.03824331366842e-15
221.66,"[0.06062, 0.0456, 0.3320745076126778]",0.0456,0.3320745076126778,-0.16164333065595823,-0.16096164171551042,-0.16165390730966295,0.3970888866389949,0.39574900494136633,0.3971225862559345,-0.2897507187619232,-0.2866075619279993,-0.2897578763449083,-0.8217016550754175,-0.8159958146728417,-0.8217468499567075,0.1023049071491421,0.10183158323391758,0.10231169599185928,5.295475219638993e-16,2.6210629662944378e-18,-8.03824331366842e-15
221.681,"[0.06062, 0.0456, 0.3320745076126778]",0.0456,0.3320745076126778,-0.16164276068986616,-0.16096164171551042,-0.1616195449172043,0.3970912432249027,0.39574900494136633,0.3970548261478271,-0.2897368853730857,-0.2866075619279993,-0.2896001452847391,-0.8216852148196048,-0.8159958146728417,-0.8214599691673481,0.10230436195192105,0.10183158323391758,0.10228784625887556,6.030680302216623e-16,2.6210629662944378e-18,-8.05010981039552e-15
221.7,"[0.06062, 0.0456, 0.3320745076126778]",0.0456,0.3320745076126778,-0.16164043911260007,-0.16096164171551042,-0.16158553004431653,0.39708760151739164,0.39574900494136633,0.3969877078961754,-0.2897232113687358,-0.2866075619279993,-0.28944414914589023,-0.8216626902581692,-0.8159958146728417,-0.8211761352353052,0.1023027103825064,0.10183158323391758,0.1022642395867668,3.2573724601616397e-16,2.6210629662944378e-18,-8.08948111565428e-15
221.72,"[0.06062, 0.0456, 0.33247929587952496]",0.0456,0.33247929587952496,-0.16162555875509516,-0.16061867203402766,-0.16153541110974243,0.39706053034657224,0.3950466806434271,0.3968873995216354,-0.2896475855185174,-0.2851149684428246,-0.2892187474816202,-0.8215308338572549,-0.8132176509961712,-0.820762560503602,0.10229228479656241,0.10159459433150107,0.10222951410149807,5.898025191804764e-17,2.4693689065027367e-18,-8.099231119001158e-15
221.74,"[0.06062, 0.0456, 0.33247929587952496]",0.0456,0.33247929587952496,-0.16161654399055916,-0.16061867203402766,-0.16153541110974243,0.39704321726427,0.3950466806434271,0.3968873995216354,-0.28960470171935127,-0.2851149684428246,-0.2892187474816202,-0.821454006525704,-0.8132176509961712,-0.820762560503602,0.10228600772694524,0.10159459433150107,0.10222951410149807,7.036735350513717e-16,2.4693689065027367e-18,-8.099231119001158e-15
221.76,"[0.06062, 0.0456, 0.33293046597597453]",0.0456,0.33293046597597453,-0.16160112874320431,-0.16023454888174865,-0.16148670705725807,0.3970136118935444,0.39425699141452336,0.3967898365560085,-0.28953137042269317,-0.283452051895854,-0.2889999860086732,-0.8213226317886989,-0.810115309674554,-0.820360949705948,0.10227527393790138,0.10132926633388313,0.10219577260647157,-5.028607670591043e-17,2.5805576160302063e-18,-8.111420102499649e-15
221.78,"[0.06062, 0.0456, 0.33293046597597453]",0.0456,0.33293046597597453,-0.16157938862287421,-0.16023454888174865,-0.1614205328553697,0.396971094579783,0.39425699141452336,0.39665620734415874,-0.2894304073925738,-0.283452051895854,-0.28870606671339466,-0.8211399122001922,-0.810115309674554,-0.8198187352503018,0.10226016868472035,0.10132926633388313,0.10214996992239934,9.590438320530045e-17,2.5805576160302063e-18,-8.108852870817932e-15
221.8,"[0.06062, 0.0456, 0.33293046597597453]",0.0456,0.33293046597597453,-0.16156177912540748,-0.16023454888174865,-0.1614205328553697,0.39693665555564067,0.39425699141452336,0.39665620734415874,-0.2893486273381408,-0.283452051895854,-0.28870606671339466,-0.8209919093334784,-0.810115309674554,-0.8198187352503018,0.10224793342964444,0.10132926633388313,0.10214996992239934,-5.836687680190549e-16,2.5805576160302063e-18,-8.108852870817932e-15
221.82,"[0.06062, 0.0456, 0.3333999359615598]",0.0456,0.3333999359615598,-0.16153494233409973,-0.1598326042151901,-0.1613359618421907,0.3968833703958288,0.39342695366563873,0.3964844489931923,-0.2892265408279909,-0.28172247445664184,-0.2883334148863387,-0.820769006264897,-0.8068800696281757,-0.8191288934938364,0.10222932036305848,0.1010517471173955,0.10209147076640483,-1.22570269226388e-16,2.4620366967628327e-18,-8.133425359028374e-15
221.84,"[0.06062, 0.0456, 0.3333999359615598]",0.0456,0.3333999359615598,-0.16150474743182255,-0.1598326042151901,-0.16125234196436464,0.39682303358128257,0.39342695366563873,0.39631459905270316,-0.289090385572081,-0.28172247445664184,-0.2879650266318682,-0.8205194706037109,-0.8068800696281757,-0.8184468857428926,0.10220839386352425,0.1010517471173955,0.10203363045321692,6.661605735642423e-16,2.4620366967628327e-18,-8.078818434687301e-15
221.86,"[0.06062, 0.0456, 0.3339148792161369]",0.0456,0.3339148792161369,-0.16145679039300537,-0.1593893589652723,-0.16117159605630996,0.3967264310212228,0.3925078077935715,0.3961505512106167,-0.28887656738198575,-0.279826244446149,-0.2876094114447301,-0.8201256794873741,-0.8033239271330554,-0.8177884347518725,0.10217518881535677,0.10074583852087034,0.1019777795256515,8.048585459422751e-16,2.4509059977107537e-18,-8.22880796943092e-15
221.88,"[0.06062, 0.0456, 0.3339148792161369]",0.0456,0.3339148792161369,-0.1614026034690328,-0.1593893589652723,-0.16107154933020984,0.396617013857579,0.3925078077935715,0.3959463288105004,-0.28863580776244335,-0.279826244446149,-0.2871716835787281,-0.8196816029948427,-0.8033239271330554,-0.8169756113589604,0.10213768105010397,0.10074583852087034,0.10190861364417687,7.200395668450405e-16,2.4509059977107537e-18,-8.311681694215325e-15
221.9,"[0.06062, 0.0456, 0.3339148792161369]",0.0456,0.3339148792161369,-0.1613397031826563,-0.1593893589652723,-0.1609747250728575,0.3964895836990048,0.3925078077935715,0.3957486366910749,-0.2883576241760787,-0.279826244446149,-0.28674820143291324,-0.8191674645912442,-0.8033239271330554,-0.8161891217279937,0.1020941582427692,0.10074583852087034,0.10184167741581314,8.085001641992194e-16,2.4509059977107537e-18,-8.40713198554973e-15
221.92,"[0.06062, 0.0456, 0.3344655722914158]",0.0456,0.3344655722914158,-0.16127035734179426,-0.15891239514310415,-0.16074106909362132,0.3963488037678702,0.39151401203634356,0.39526949655143107,-0.2880518338634084,-0.27779935442859877,-0.2857324093735998,-0.8186015794544398,-0.7995115367068719,-0.8142976015052166,0.10204618688543933,0.10041681810865374,0.10168022132137682,6.837628126749795e-16,2.335967320605723e-18,-8.488971182325648e-15
221.94,"[0.06062, 0.0456, 0.3344655722914158]",0.0456,0.3344655722914158,-0.16118028480024266,-0.15891239514310415,-0.16063090861747858,0.39616525121433904,0.39151401203634356,0.39504352421305017,-0.28765675626722853,-0.27779935442859877,-0.28525372656928516,-0.8178687608818608,-0.7995115367068719,-0.8134060540930822,0.1019839035393416,0.10041681810865374,0.10160410332797125,2.798432796935e-15,2.335967320605723e-18,-8.700047921457267e-15
221.96,"[0.06062, 0.0456, 0.33505147171981725]",0.0456,0.33505147171981725,-0.16104032685328157,-0.1584016350663906,-0.16063090861747858,0.39587956695693677,0.3904445956122539,0.39504352421305017,-0.2870443085383436,-0.27564396161472654,-0.28525372656928516,-0.8167315826927393,-0.7954448659076877,-0.8134060540930822,0.10188714323923094,0.10006466383502571,0.10160410332797125,8.707483308898681e-16,2.368263952531331e-18,-8.700047921457267e-15
221.98,"[0.06062, 0.0456, 0.33505147171981725]",0.0456,0.33505147171981725,-0.16099938502970182,-0.1584016350663906,-0.16050408191047322,0.39579596268274964,0.3904445956122539,0.3947822011166918,-0.28686525034587795,-0.27564396161472654,-0.28470606348952704,-0.8163990298365403,-0.7954448659076877,-0.8123832231067023,0.10185883924799671,0.10006466383502571,0.10151651073647151,-2.55100432285584e-16,2.368263952531331e-18,-8.681194575824716e-15
222.0,"[0.06062, 0.0456, 0.33505147171981725]",0.0456,0.33505147171981725,-0.16090527743704805,-0.1584016350663906,-0.16038018329651485,0.395603347985572,0.3904445956122539,0.3945268817351397,-0.28645500485169145,-0.27564396161472654,-0.28417113285003853,-0.8156360265650836,-0.7954448659076877,-0.8113840989401508,0.10179379683059991,0.10006466383502571,0.10143094150140647,-1.8020244516767853e-16,2.368263952531331e-18,-8.733792674481605e-15
222.02,"[0.06062, 0.0456, 0.3356719992893418]",0.0456,0.3356719992893418,-0.16080550955034667,-0.1578569592509505,-0.16023402465205241,0.395398819398364,0.3892983967705311,0.3942244553019298,-0.28602106917988745,-0.273362341333132,-0.28354373495487195,-0.8148281603235548,-0.7911258916273065,-0.8102092806226081,0.10172485431784667,0.09968933050532378,0.10133004237639426,-2.8651931020160706e-16,2.355156643185109e-18,-8.780612122004543e-15
222.04,"[0.06062, 0.0456, 0.3356719992893418]",0.0456,0.3356719992893418,-0.16069692741967054,-0.1578569592509505,-0.16009771592471883,0.39517569022041543,0.3892983967705311,0.39394227279453686,-0.2855503756856497,-0.273362341333132,-0.2829590265097705,-0.8139505731875892,-0.7911258916273065,-0.8091140622958145,0.10164984004876446,0.09968933050532378,0.10123594798333874,-1.6449203042771182e-16,2.355156643185109e-18,-8.732382915926434e-15
222.06,"[0.06062, 0.0456, 0.3363265426141957]",0.0456,0.3363265426141957,-0.1605455821114529,-0.15727825102161005,-0.1599358017512839,0.39486429088164016,0.3880742402713367,0.393605752030225,-0.2848954814551328,-0.27095688340612284,-0.2822684008194158,-0.8127285914306466,-0.7865567261074091,-0.8078172161815823,0.1015452969445789,0.09929077732325264,0.10112422548409467,-1.08182236972141e-15,2.0358352912317347e-18,-8.747384557148851e-15
222.08,"[0.06062, 0.0456, 0.3363265426141957]",0.0456,0.3363265426141957,-0.16048460407543513,-0.15727825102161005,-0.1597744460327004,0.3947384369966879,0.3880742402713367,0.39327038861476893,-0.2846327733961085,-0.27095688340612284,-0.2815801669487829,-0.8122374539095834,-0.7865567261074091,-0.8065248532671324,0.10150318979842116,0.09929077732325264,0.10101288844307232,7.062362637264764e-16,2.0358352912317347e-18,-8.651015759230673e-15
222.1,"[0.06062, 0.0456, 0.3363265426141957]",0.0456,0.3363265426141957,-0.16034967404731534,-0.15727825102161005,-0.15962242389738948,0.3944595078044997,0.3880742402713367,0.3929543191466714,-0.2840527781796102,-0.27095688340612284,-0.2809320550427883,-0.8111520597947236,-0.7865567261074091,-0.8053075726109126,0.10141003254070004,0.09929077732325264,0.10090799543639457,4.320092250801514e-16,2.0358352912317347e-18,-8.865555864298126e-15
222.12,"[0.06062, 0.0456, 0.3370144557391412]",0.0456,0.3370144557391412,-0.16021149651882946,-0.15666539807271937,-0.15944694386196187,0.39417352195988964,0.3867709471851601,0.3925879604359253,-0.2834598407920934,-0.2684300869161448,-0.28018841872327455,-0.8100416072369986,-0.7817396181044198,-0.8039071602259878,0.10131464549067783,0.09886896917611143,0.10078697162996698,-5.336434351403172e-17,2.0307452750790747e-18,-8.937918621723264e-15
222.14,"[0.06062, 0.0456, 0.3370144557391412]",0.0456,0.3370144557391412,-0.1600662315140247,-0.15666539807271937,-0.15927876761471813,0.3938722652707131,0.3867709471851601,0.3922367517100936,-0.2828382706075028,-0.2684300869161448,-0.27947602522809806,-0.8088760623121127,-0.7817396181044198,-0.8025653407856694,0.10121438745693892,0.09886896917611143,0.10067098859325274,-1.963835662808309e-16,2.0307452750790747e-18,-9.012034635334311e-15
222.16,"[0.06062, 0.0456, 0.3377350597769767]",0.0456,0.3377350597769767,-0.1599166133731564,-0.15601829416836901,-0.15911818074886816,0.3935615176945737,0.3853873449484499,0.3919013134772175,-0.2821994439938871,-0.2657845549253814,-0.27879601308506125,-0.8076770252292874,-0.7766769541570991,-0.8012843182736321,0.10111114167263541,0.09842387782447805,0.10056024241842286,-5.324030272345994e-16,1.783451710794836e-18,-9.061996614311145e-15
222.18,"[0.06062, 0.0456, 0.3377350597769767]",0.0456,0.3377350597769767,-0.15976491117454178,-0.15601829416836901,-0.15893899904703587,0.3932460788936557,0.3853873449484499,0.3915253140553666,-0.281552792129669,-0.2657845549253814,-0.278042360256503,-0.8064624109149063,-0.7766769541570991,-0.7998603153693538,0.10100647081413255,0.09842387782447805,0.10043673575426937,-9.83387003960149e-16,1.783451710794836e-18,-8.934681236590856e-15
222.2,"[0.06062, 0.0456, 0.3377350597769767]",0.0456,0.3377350597769767,-0.15962411422348036,-0.15601829416836901,-0.15893899904703587,0.3929529735227237,0.3853873449484499,0.3915253140553666,-0.2809536388368255,-0.2657845549253814,-0.278042360256503,-0.8053361730298522,-0.7766769541570991,-0.7998603153693538,0.10090933675232981,0.09842387782447805,0.10043673575426937,-5.1429137573312e-16,1.783451710794836e-18,-8.934681236590856e-15
222.22,"[0.06062, 0.0456, 0.3384876435785165]",0.0456,0.3384876435785165,-0.1594939423399571,-0.15533684086196453,-0.15873593095829544,0.3926817182243174,0.383922277515234,0.3910973040360958,-0.2804004959149121,-0.2630229891880083,-0.27719386553452774,-0.804295760081482,-0.771371259887688,-0.7982523919136599,0.10081954256249863,0.09795548309904276,0.1002968353835438,-3.293170228021095e-15,2.091464997897916e-18,-8.789757543358552e-15
222.24,"[0.06062, 0.0456, 0.3384876435785165]",0.0456,0.3384876435785165,-0.15934992017744132,-0.15533684086196453,-0.15853721018005834,0.39238067952893246,0.383922277515234,0.39067840652755226,-0.2797912361511172,-0.2630229891880083,-0.2763636852395317,-0.803147520136811,-0.771371259887688,-0.7966790482734166,0.10072022819829567,0.09795548309904276,0.10015993187959009,-2.3302158481575777e-15,2.091464997897916e-18,-8.785363626018775e-15
222.26,"[0.06062, 0.0456, 0.33927146443440903]",0.0456,0.33927146443440903,-0.15919550527793846,-0.15462094922752873,-0.1583462074561876,0.392057247659049,0.38237461554856356,0.39027568835542253,-0.2791400014863781,-0.2601481848888489,-0.2755660156083682,-0.8019185104899731,-0.7658252013366248,-0.7951670920167769,0.10061377189754078,0.09746377409827214,0.10002834884383617,-1.810308488805821e-15,2.3042275332234938e-18,-8.802726700127634e-15
222.28,"[0.06062, 0.0456, 0.33927146443440903]",0.0456,0.33927146443440903,-0.15903413869180574,-0.15462094922752873,-0.158127630179954,0.3917187513917401,0.38237461554856356,0.3898128392543332,-0.27846094417800216,-0.2601481848888489,-0.2746591698734713,-0.8006357409872644,-0.7658252013366248,-0.7934431487594652,0.10050254151713685,0.09746377409827214,0.09987784610808173,-1.6492628870384089e-15,2.3042275332234938e-18,-8.816638606228082e-15
222.3,"[0.06062, 0.0456, 0.33927146443440903]",0.0456,0.33927146443440903,-0.15886190207455392,-0.15462094922752873,-0.15791774379800289,0.39135662808601257,0.38237461554856356,0.38936826717284745,-0.27773860706859127,-0.2601481848888489,-0.27378875891342513,-0.7992691484711881,-0.7658252013366248,-0.7917881481248978,0.10038384938921675,0.09746377409827214,0.09973333229653128,-1.2661081703167025e-15,2.3042275332234938e-18,-8.865941982491973e-15
222.32,"[0.06062, 0.0456, 0.34008574880810133]",0.0456,0.34008574880810133,-0.15868251200200906,-0.15387054159572885,-0.15767947154304193,0.3909788395128925,0.38074326659777175,0.3888613750361298,-0.2769881359275423,-0.25716302544064673,-0.27280727258748644,-0.7978477584125889,-0.7600415863322034,-0.7899163108369984,0.10026025114140771,0.09694875038114206,0.09956936050581607,-1.239642415815571e-15,2.2045593474911158e-18,-8.906033859812397e-15
222.34,"[0.06062, 0.0456, 0.34008574880810133]",0.0456,0.34008574880810133,-0.15849193431480535,-0.15387054159572885,-0.1574508101405803,0.39057652126268844,0.38074326659777175,0.38837477791725117,-0.2761937719013678,-0.25716302544064673,-0.27186582811296445,-0.7963407833804291,-0.7600415863322034,-0.7881204515549622,0.100128981920447,0.09694875038114206,0.09941200841228393,-9.659065749634915e-16,2.2045593474911158e-18,-8.976769015488312e-15
222.36,"[0.06062, 0.0456, 0.34092969309922627]",0.0456,0.34092969309922627,-0.1582941207217028,-0.1530855532883929,-0.15723220995886428,0.3901581900274377,0.3790271852101813,0.38790947045465585,-0.27537146258998857,-0.2540704773703469,-0.2709661707018207,-0.7947789203407838,-0.7540233658979312,-0.786403992697268,0.09999275695369858,0.09641042314973619,0.09926158453393964,-1.04705048816676e-15,2.4009954082037035e-18,-9.032468647680635e-15
222.38,"[0.06062, 0.0456, 0.34092969309922627]",0.0456,0.34092969309922627,-0.15811203169311783,-0.1530855532883929,-0.1569827153459366,0.38977281098062355,0.3790271852101813,0.3873760416192023,-0.2746154263066713,-0.2540704773703469,-0.26994657608161393,-0.7933421653929145,-0.7540233658979312,-0.7844525471586592,0.09986737234279826,0.09641042314973619,0.09908999745153116,-6.313833672178615e-16,2.4009954082037035e-18,-8.75543857756117e-15
222.4,"[0.06062, 0.0456, 0.34092969309922627]",0.0456,0.34092969309922627,-0.15789746158715365,-0.1530855532883929,-0.15675348373872305,0.3893174248023372,0.3790271852101813,0.38688562845485136,-0.27372834477231456,-0.2540704773703469,-0.2690107201758717,-0.7916531379355981,-0.7540233658979312,-0.7826605707152615,0.09971967111326145,0.09641042314973619,0.09893235817136704,-7.030371503851473e-16,2.4009954082037035e-18,-8.784080694472384e-15
222.42,"[0.06062, 0.0456, 0.34180246443665924]",0.0456,0.34180246443665924,-0.157700736640601,-0.15226593434613542,-0.15675348373872305,0.38889952068148914,0.37722538292893604,0.38688562845485136,-0.2729162231389199,-0.25087358532274684,-0.2690107201758717,-0.7901058280508411,-0.7477736357018163,-0.7826605707152615,0.09958426918932069,0.09584881641710173,0.09893235817136704,-3.9405525215828005e-16,2.6302345235888837e-18,-8.784080694472384e-15
222.44,"[0.06062, 0.0456, 0.34180246443665924]",0.0456,0.34180246443665924,-0.15752075858924516,-0.15226593434613542,-0.15649743958102735,0.388516881158828,0.37722538292893604,0.3863352755972004,-0.2721741775841839,-0.25087358532274684,-0.26797335115503623,-0.7886912291641702,-0.7477736357018163,-0.7806673801726118,0.09946040609571735,0.09584881641710173,0.09875638831791586,-3.99993625393356e-15,2.6302345235888837e-18,-8.6105222998535e-15
222.46,"[0.06062, 0.0456, 0.34272149543260894]",0.0456,0.34272149543260894,-0.15732632797768367,-0.1513943778635035,-0.15624712324462323,0.38810237610250226,0.37529888004446343,0.3857971661551516,-0.2713760205710464,-0.24750850290582715,-0.2669593971370903,-0.7871666978629749,-0.7411643176748005,-0.7787189980103786,0.09932664271774079,0.0952521384216877,0.09858435776810211,-2.964851855098492e-15,2.6555087258722006e-18,-8.59484367226557e-15
222.48,"[0.06062, 0.0456, 0.34272149543260894]",0.0456,0.34272149543260894,-0.15712127907840223,-0.1513943778635035,-0.15597165367823088,0.3876643862128905,0.37529888004446343,0.3852021041934719,-0.2705368621269771,-0.24750850290582715,-0.2658525387950523,-0.7855616348981728,-0.7411643176748005,-0.7765843170062892,0.09918560857711606,0.0952521384216877,0.0983951651939759,-2.4017432675616606e-15,2.6555087258722006e-18,-8.432679110152633e-15
222.5,"[0.06062, 0.0456, 0.34272149543260894]",0.0456,0.34272149543260894,-0.1569276425133449,-0.1513943778635035,-0.1557025039650561,0.3872501082061337,0.37529888004446343,0.3846206138795828,-0.2697464579531125,-0.24750850290582715,-0.26477132209194043,-0.7840480657963026,-0.7411643176748005,-0.774498871651936,0.09905245166579735,0.0952521384216877,0.09821031646590794,-8.8187543137489155e-16,2.6555087258722006e-18,-8.438544839528629e-15
222.52,"[0.06062, 0.0456, 0.34363101537189705]",0.0456,0.34363101537189705,-0.15671908966335582,-0.15052251923156773,-0.1557025039650561,0.3868028384127219,0.3733603610871704,0.3846206138795828,-0.26889849165116575,-0.24417925967918575,-0.26477132209194043,-0.7824214089979727,-0.7345922089920988,-0.774498871651936,0.09890908236315203,0.09465582715583955,0.09821031646590794,-7.637520578259084e-18,2.2252420676061937e-18,-8.438544839528629e-15
222.54,"[0.06062, 0.0456, 0.34363101537189705]",0.0456,0.34363101537189705,-0.15652593838067955,-0.15052251923156773,-0.15540910389957865,0.3863882157518283,0.3733603610871704,0.38398373722089874,-0.26811432944311236,-0.24417925967918575,-0.2636021142020404,-0.7809161269093017,-0.7345922089920988,-0.7722355032207209,0.09877631684248711,0.09465582715583955,0.09800894682901294,-3.811966551196595e-15,2.2252420676061937e-18,-8.293782258954257e-15
222.56,"[0.06062, 0.0456, 0.34458499041069257]",0.0456,0.34458499041069257,-0.1563137398292704,-0.1495990510002376,-0.15540910389957865,0.3859313648313366,0.3712968270823424,0.38398373722089874,-0.26725700855568235,-0.24068836369729218,-0.2636021142020404,-0.7792668084156713,-0.7276685438973527,-0.7722355032207209,0.09863051653973609,0.09402477414917003,0.09800894682901294,-2.500024080303233e-15,2.4846468440389192e-18,-8.293782258954257e-15
222.58,"[0.06062, 0.0456, 0.34458499041069257]",0.0456,0.34458499041069257,-0.1561418590026294,-0.1495990510002376,-0.15509243377425683,0.38556131558575546,0.3712968270823424,0.38329302821773453,-0.26656257863669097,-0.24068836369729218,-0.26235078752243485,-0.7779308604357142,-0.7276685438973527,-0.7698038547228815,0.09851241829451127,0.09402477414917003,0.09779175981825443,-5.4251117426241884e-15,2.4846468440389192e-18,-8.014237863975499e-15
222.6,"[0.06062, 0.0456, 0.34458499041069257]",0.0456,0.34458499041069257,-0.1559424682092389,-0.1495990510002376,-0.15478607304055184,0.38513034098621507,0.3712968270823424,0.38262468347289363,-0.2657623383333644,-0.24068836369729218,-0.26114058331300766,-0.7763867293574903,-0.7276685438973527,-0.7674517767852347,0.09837549318383251,0.09402477414917003,0.09758164889809648,-3.1884608824432556e-15,2.4846468440389192e-18,-7.882282619607087e-15
222.62,"[0.06062, 0.0456, 0.345564185158659]",0.0456,0.345564185158659,-0.15575032559322188,-0.14864076334693246,-0.15478607304055184,0.38471441708610177,0.36914373631810626,0.38262468347289363,-0.2649931232667402,-0.23710593854839693,-0.26114058331300766,-0.774900775390376,-0.7205266780162267,-0.7674517767852347,0.09824357275216722,0.09337058647850079,0.09758164889809648,-9.01971904688487e-16,2.663681935367236e-18,-7.882282619607087e-15
222.64,"[0.06062, 0.0456, 0.345564185158659]",0.0456,0.345564185158659,-0.15556711760821493,-0.14864076334693246,-0.15444623670698118,0.38431736769999586,0.36914373631810626,0.3818800245849421,-0.2642611406837044,-0.23710593854839693,-0.2598087934546367,-0.7734854656624736,-0.7205266780162267,-0.764853986089412,0.0981178072197084,0.09337058647850079,0.09734873814137399,-4.221040774259885e-15,2.663681935367236e-18,-7.762740216960109e-15
222.66,"[0.06062, 0.0456, 0.34656763326879975]",0.0456,0.34656763326879975,-0.15535415023698088,-0.1476478762385913,-0.15411321567232408,0.3838542725085203,0.3669011740765749,0.3811502272884284,-0.2634151947185468,-0.23343540065309423,-0.25850394310703423,-0.7718454845508044,-0.7131710046986685,-0.7623085376926065,0.09797168409463683,0.0926934699621578,0.09712050167983569,-2.056845193702247e-15,2.9103000281616697e-18,-7.852893988874093e-15
222.68,"[0.06062, 0.0456, 0.34656763326879975]",0.0456,0.34656763326879975,-0.15501785696995918,-0.1476478762385913,-0.15375197136458968,0.38312147625443665,0.3669011740765749,0.38035500002613365,-0.26208424554361565,-0.23343540065309423,-0.2571002781456697,-0.769260971962427,-0.7131710046986685,-0.7595598630749013,0.09774101365996103,0.0926934699621578,0.09687310160161705,-2.7155333584780147e-15,2.9103000281616697e-18,-7.793052702480348e-15
222.7,"[0.06062, 0.0456, 0.34656763326879975]",0.0456,0.34656763326879975,-0.15489126840942258,-0.1476478762385913,-0.15375197136458968,0.3828448286317972,0.3669011740765749,0.38035500002613365,-0.26158584880833974,-0.23343540065309423,-0.2571002781456697,-0.7682908610775572,-0.7131710046986685,-0.7595598630749013,0.09765422245402647,0.0926934699621578,0.09687310160161705,1.3409503061187515e-15,2.9103000281616697e-18,-7.793052702480348e-15
222.72,"[0.06062, 0.0456, 0.34759434445897786]",0.0456,0.34759434445897786,-0.15467480197090447,-0.1466204627880922,-0.15335688088243563,0.3823717611971275,0.36456869210267484,0.37948148431729184,-0.2607335903905533,-0.2296801681937435,-0.25557772781263455,-0.766631971464105,-0.7056055213479125,-0.7565670859666478,0.09750580949188661,0.091993549743109,0.09660271884444936,-2.9078115722282176e-15,2.857949734912544e-18,-7.734910951056354e-15
222.74,"[0.06062, 0.0456, 0.34759434445897786]",0.0456,0.34759434445897786,-0.15442439696409585,-0.1466204627880922,-0.15297988586089895,0.3818226085903449,0.36456869210267484,0.3786477043462907,-0.2597539765090862,-0.2296801681937435,-0.2541258022896504,-0.7647196432267984,-0.7056055213479125,-0.7537123259598315,0.0973342222686885,0.091993549743109,0.0963447333105503,-8.152808065949713e-16,2.857949734912544e-18,-7.699941328567898e-15
222.76,"[0.06062, 0.0456, 0.34864330548920497]",0.0456,0.34864330548920497,-0.15406347105187415,-0.1455586231697017,-0.15297988586089895,0.3810297457184179,0.36214596280479533,0.3786477043462907,-0.25834634727474937,-0.22584370747280452,-0.2541258022896504,-0.7619678958182062,-0.6978343818103651,-0.7537123259598315,0.09708696758901823,0.09127097031615115,0.0963447333105503,-1.0657110983332254e-15,3.1661311611528925e-18,-7.699941328567898e-15
222.78,"[0.06062, 0.0456, 0.34864330548920497]",0.0456,0.34864330548920497,-0.1538164167748535,-0.1455586231697017,-0.15256815495353737,0.3804857064827573,0.36214596280479533,0.3777331905928895,-0.2573872020218764,-0.22584370747280452,-0.2525533851490847,-0.7600889733762017,-0.6978343818103651,-0.750608684198376,0.09691778873211171,0.09127097031615115,0.09606318987241032,1.6097043870660586e-15,3.1661311611528925e-18,-7.638175757985661e-15
222.8,"[0.06062, 0.0456, 0.34864330548920497]",0.0456,0.34864330548920497,-0.15369159059272167,-0.1455586231697017,-0.15256815495353737,0.3802104548939858,0.36214596280479533,0.3777331905928895,-0.2569038203388415,-0.22584370747280452,-0.2525533851490847,-0.7591409444621187,-0.6978343818103651,-0.750608684198376,0.09683232884604774,0.09127097031615115,0.09606318987241032,-9.04530567605447e-16,3.1661311611528925e-18,-7.638175757985661e-15
222.82,"[0.06062, 0.0456, 0.3497134811615869]",0.0456,0.3497134811615869,-0.15334786622099025,-0.14446248551815388,-0.15217542181840893,0.37945185883736937,0.35963278688420347,0.37686061627711576,-0.2555749516985901,-0.22192952978245595,-0.2510543779930493,-0.7565327494272668,-0.6898618986657581,-0.7476491590623219,0.09659703824568217,0.09052589747088052,0.09579465048989144,1.753074207800066e-17,3.179767497462438e-18,-7.597832915344287e-15
222.84,"[0.06062, 0.0456, 0.3497134811615869]",0.0456,0.3497134811615869,-0.15323062178073188,-0.14446248551815388,-0.15174411399874768,0.3791927345815591,0.35963278688420347,0.37589826372482915,-0.25512289433227675,-0.22192952978245595,-0.24942223011636297,-0.7556443903944733,-0.6898618986657581,-0.7444139816763832,0.09651679947000998,0.09052589747088052,0.09549996604492987,-2.1932330836164194e-15,3.179767497462438e-18,-7.631067160385316e-15
222.86,"[0.06062, 0.0456, 0.3508038153419388]",0.0456,0.3508038153419388,-0.15294818530215545,-0.1433322075122202,-0.15132331940997343,0.3785667851191685,0.3570291007570614,0.3749592656744227,-0.2540397681395345,-0.21794118834078113,-0.24783021765931815,-0.753510612745233,-0.6816925454804554,-0.7412580369311914,0.09632360111906466,0.08975851923254459,0.09521247025067929,-2.6747982558597317e-16,3.1151985364842523e-18,-7.841845827846669e-15
222.88,"[0.06062, 0.0456, 0.3508038153419388]",0.0456,0.3508038153419388,-0.1526773322956312,-0.1433322075122202,-0.15087088868514448,0.37796586624958917,0.3570291007570614,0.3739453044418962,-0.2530032346777278,-0.21794118834078113,-0.24613390248677253,-0.7514666583748467,-0.6816925454804554,-0.7378812643125442,0.0961383608753743,0.08975851923254459,0.09490361836141623,1.9478665499970466e-15,3.1151985364842523e-18,-7.927142516612189e-15
222.9,"[0.06062, 0.0456, 0.3508038153419388]",0.0456,0.3508038153419388,-0.15237482677487418,-0.1433322075122202,-0.15087088868514448,0.37729321601744176,0.3570291007570614,0.3739453044418962,-0.2518507299352618,-0.21794118834078113,-0.24613390248677253,-0.7491893430458983,-0.6816925454804554,-0.7378812643125442,0.09593155646757726,0.08975851923254459,0.09490361836141623,3.683907921148355e-15,3.1151985364842523e-18,-7.927142516612189e-15
222.92,"[0.06062, 0.0456, 0.35191323200206237]",0.0456,0.35191323200206237,-0.15208907853782488,-0.14216797795026384,-0.15038489908640032,0.3766571128185004,0.3543349835901501,0.3728515694298061,-0.25076453272803695,-0.21388227549343725,-0.24432817187049458,-0.7470408080935611,-0.6733309592191186,-0.7342715828141326,0.09573624822723373,0.08896904678018289,0.09457213996075377,-2.037642977116784e-15,3.546458304932305e-18,-7.903816143719947e-15
222.94,"[0.06062, 0.0456, 0.35191323200206237]",0.0456,0.35191323200206237,-0.1517652844420553,-0.14216797795026384,-0.1499222249767382,0.37593405957503884,0.3543349835901501,0.371809961190604,-0.24954162417334308,-0.21388227549343725,-0.24261028486529576,-0.7446146552976578,-0.6733309592191186,-0.7308363727012804,0.09551506765642627,0.08896904678018289,0.09425658460717838,-1.2447046101213082e-16,3.546458304932305e-18,-7.870829698284443e-15
222.96,"[0.06062, 0.0456, 0.3530406362816555]",0.0456,0.3530406362816555,-0.15145674381351562,-0.14097001832369482,-0.1499222249767382,0.37524422562391274,0.3515506639470088,0.371809961190604,-0.24837927954353495,-0.2097564201817179,-0.24261028486529576,-0.7423059505217059,-0.6647819428333752,-0.7308363727012804,0.09530435585871529,0.08815771534461242,0.09425658460717838,2.021956989614386e-15,3.7702196941704904e-18,-7.870829698284443e-15
222.98,"[0.06062, 0.0456, 0.3530406362816555]",0.0456,0.3530406362816555,-0.1511651852345268,-0.14097001832369482,-0.14942287670138713,0.3745917153819967,0.3515506639470088,0.37068117366778625,-0.24728317056262203,-0.2097564201817179,-0.2407731986710048,-0.7401267307428145,-0.6647819428333752,-0.7271470648082172,0.09510527932075334,0.08815771534461242,0.09391631633204102,-3.4143200509595205e-15,3.7702196941704904e-18,-7.790365570102386e-15
223.0,"[0.06062, 0.0456, 0.3530406362816555]",0.0456,0.3530406362816555,-0.15083414661323147,-0.14097001832369482,-0.14942287670138713,0.3738487124566877,0.3515506639470088,0.37068117366778625,-0.24604627591142042,-0.2097564201817179,-0.2407731986710048,-0.737660594222421,-0.6647819428333752,-0.7271470648082172,0.09487937635272473,0.08815771534461242,0.09391631633204102,-1.1850953353032055e-15,3.7702196941704904e-18,-7.790365570102386e-15
223.02,"[0.06062, 0.0456, 0.3541849155688075]",0.0456,0.3541849155688075,-0.15056600532997982,-0.1397385843942075,-0.14889765156038018,0.3732468800872084,0.3486765260427861,0.3694888536368572,-0.24504439124368654,-0.2055672856758303,-0.23885981810880816,-0.7356630236407169,-0.6560504680454884,-0.7232868764019622,0.09469639494862661,0.08732478508955466,0.09355875642381067,-5.599194053734965e-15,3.388932863130052e-18,-7.513743273525897e-15
223.04,"[0.06062, 0.0456, 0.3541849155688075]",0.0456,0.3541849155688075,-0.15024901811375752,-0.1397385843942075,-0.14837644238394387,0.37253285506203226,0.3486765260427861,0.3683056999387613,-0.24386932235626302,-0.2055672856758303,-0.23696088946507646,-0.7333115556725434,-0.6560504680454884,-0.7194560130631528,0.0944802436287399,0.08732478508955466,0.09320392742456104,-2.3559395525101872e-15,3.388932863130052e-18,-7.663195032903427e-15
223.06,"[0.06062, 0.0456, 0.3553449405980123]",0.0456,0.3553449405980123,-0.1499401375509738,-0.13847396778138668,-0.14781997131192,0.37183617942182673,0.3457131156093143,0.367037501832937,-0.24272762369310077,-0.20131856757011846,-0.23495275006985783,-0.7310237802844639,-0.6471416783454157,-0.7153867008515327,0.09426967815970712,0.08647054197966506,0.09282545013434365,1.086795056710691e-15,3.5648964012175205e-18,-7.752345891125213e-15
223.08,"[0.06062, 0.0456, 0.3553449405980123]",0.0456,0.3553449405980123,-0.14958738836203772,-0.13847396778138668,-0.14727778019062632,0.3710385685098512,0.3457131156093143,0.3658017008535466,-0.24143113025845986,-0.20131856757011846,-0.23299669589787686,-0.7284189732984561,-0.6471416783454157,-0.7114224079442297,0.09402933779083755,0.08647054197966506,0.09245669520680035,3.6786398320789784e-15,3.5648964012175205e-18,-8.028953945203785e-15
223.1,"[0.06062, 0.0456, 0.3553449405980123]",0.0456,0.3553449405980123,-0.14919736001038736,-0.13847396778138668,-0.14675615667802958,0.3701547857436892,0.3457131156093143,0.36461257290836624,-0.24000463261359023,-0.20131856757011846,-0.2311156128399966,-0.7255464122499871,-0.6471416783454157,-0.7076093237395535,0.09376372364318095,0.08647054197966506,0.09210194253782295,4.942538485783859e-15,3.5648964012175205e-18,-8.32647032007853e-15
223.12,"[0.06062, 0.0456, 0.35651956656461775]",0.0456,0.35651956656461775,-0.14878047749337392,-0.1371764975678765,-0.14619151493924493,0.36920878682043673,0.3426611453747961,0.36332049002374683,-0.23848501633993713,-0.19701399203492717,-0.22909878453156843,-0.7224815430185768,-0.6380608922197063,-0.703502680997721,0.0934799129732042,0.08559529863961769,0.09171830333852875,5.173855174135458e-15,3.462790764282264e-18,-8.59658710479928e-15
223.14,"[0.06062, 0.0456, 0.35651956656461775]",0.0456,0.35651956656461775,-0.14833939236458146,-0.1371764975678765,-0.1456498422800064,0.3682062978890746,0.3426611453747961,0.36208066567617314,-0.23688314685221648,-0.19701399203492717,-0.22716516337098414,-0.7192451570885324,-0.6380608922197063,-0.699564345621475,0.09317973467038684,0.08559529863961769,0.09135029181620846,5.5491748360950645e-15,3.462790764282264e-18,-8.887774357986655e-15
223.16,"[0.06062, 0.0456, 0.35770763425460905]",0.0456,0.35770763425460905,-0.147654399777059,-0.13584654192984094,-0.14506558765959218,0.36664667733210726,0.33952150016509536,0.36073835935914744,-0.2344061966541441,-0.1926573143179535,-0.22510000515600057,-0.7142306623564767,-0.628813606630669,-0.6953385246836253,0.09271376458998225,0.08469939520874917,0.09095375060295315,7.223412418186843e-16,3.2214002346248713e-18,-9.129767745031224e-15
223.18,"[0.06062, 0.0456, 0.35770763425460905]",0.0456,0.35770763425460905,-0.14739551856531535,-0.13584654192984094,-0.14450614438226617,0.3660558455350079,0.33952150016509536,0.35945269342684116,-0.2334755775087245,-0.1926573143179535,-0.22312398290773458,-0.7123414485930614,-0.628813606630669,-0.6912937079557046,0.0925377631911916,0.08469939520874917,0.09057407647997712,5.028588522237844e-15,3.2214002346248713e-18,-9.376810935082306e-15
223.2,"[0.06062, 0.0456, 0.35770763425460905]",0.0456,0.35770763425460905,-0.1468968873654963,-0.13584654192984094,-0.1439722774235781,0.36491695656876033,0.33952150016509536,0.3582255133382379,-0.23168661654489855,-0.1926573143179535,-0.221239450684284,-0.7087064113845847,-0.628813606630669,-0.6874350510185508,0.09219883338696823,0.08469939520874917,0.09021178195559577,4.2745551305227236e-15,3.2214002346248713e-18,-9.563779352161364e-15
223.22,"[0.06062, 0.0456, 0.3589079711886134]",0.0456,0.3589079711886134,-0.1463892595028141,-0.13448450980087445,-0.1439722774235781,0.36375602856333294,0.3362952416358297,0.3582255133382379,-0.22987126293947185,-0.18825231748612237,-0.221239450684284,-0.7050121320464693,-0.6194055007638342,-0.6874350510185508,0.0918539001220432,0.08378320019602399,0.09021178195559577,3.1025480048417966e-15,2.8777949964871407e-18,-9.563779352161364e-15
223.24,"[0.06062, 0.0456, 0.3589079711886134]",0.0456,0.3589079711886134,-0.14593003290775586,-0.13448450980087445,-0.14341656531504474,0.3627052306709842,0.3362952416358297,0.3569428881374263,-0.2282312186186559,-0.18825231748612237,-0.21929976947045973,-0.701672486658029,-0.6194055007638342,-0.6834422776746707,0.0915418976702657,0.08378320019602399,0.08983510289376047,-5.069015735495127e-15,2.8777949964871407e-18,-9.293827579677018e-15
223.26,"[0.06062, 0.0456, 0.3601193927789953]",0.0456,0.3601193927789953,-0.14545247406514167,-0.1330908525778632,-0.14287512705855018,0.3616103855900076,0.3329836126463486,0.35569304355281883,-0.2265342432884332,-0.18380281139738994,-0.21741058242698524,-0.6982087469582634,-0.6098424400611981,-0.6795527876972783,0.09121760666257417,0.08284711134029306,0.08946811225440188,-4.473945979220648e-15,2.581727314199148e-18,-9.27401778286956e-15
223.28,"[0.06062, 0.0456, 0.3601193927789953]",0.0456,0.3601193927789953,-0.14496277813388958,-0.1330908525778632,-0.1422880892740717,0.3604860906033413,0.3329836126463486,0.3543329438718697,-0.2248007477326607,-0.18380281139738994,-0.21538403837036701,-0.6946641147057322,-0.6098424400611981,-0.6753593241696799,0.09088520272486758,0.08284711134029306,0.08907066222167441,-4.352381030358154e-15,2.581727314199148e-18,-9.260382416817234e-15
223.3,"[0.06062, 0.0456, 0.3601193927789953]",0.0456,0.3601193927789953,-0.14445458725052535,-0.1330908525778632,-0.14172655515776506,0.35931699272476153,0.3329836126463486,0.35303153384609337,-0.2230115729617166,-0.18380281139738994,-0.21344721180508958,-0.69099620451094,-0.6098424400611981,-0.671349857160487,0.09054044002910841,0.08284711134029306,0.08869051278763643,-3.954232529427439e-15,2.581727314199148e-18,-9.286923928770962e-15
223.32,"[0.06062, 0.0456, 0.3613407034989017]",0.0456,0.3613407034989017,-0.14393626115290128,-0.13166606587752808,-0.141119986783569,0.35812275553821504,0.3295880412881628,0.35162075398853576,-0.22119434434981147,-0.17931263189030483,-0.2113776184184891,-0.6872633985213911,-0.6001304805568314,-0.6670433696092497,0.09018895385307808,0.08189155648093921,0.08828035311509967,-4.113342017165336e-15,2.3710414196515514e-18,-9.284673789935576e-15
223.34,"[0.06062, 0.0456, 0.3613407034989017]",0.0456,0.3613407034989017,-0.1434011690227293,-0.13166606587752808,-0.1405402881146675,0.35688737524417674,0.3295880412881628,0.35027202964284454,-0.21932916643070224,-0.17931263189030483,-0.20940159998817076,-0.6834215930351233,-0.6001304805568314,-0.6629297066913972,0.08982631971271296,0.08189155648093921,0.08788840148029137,-3.932585457271812e-15,2.3710414196515514e-18,-9.310703187478434e-15
223.36,"[0.06062, 0.0456, 0.3625706980621028]",0.0456,0.3625706980621028,-0.14285760165019798,-0.1302106913524941,-0.13998803546299712,0.3556304595803249,0.32611014458146703,0.34898680423411077,-0.21744292881442523,-0.17478564017768553,-0.20752067489884835,-0.6795281346368335,-0.5902758735302152,-0.6590124741118517,0.0894581152484055,0.08091699444404976,0.08751503836393919,-4.252165323314509e-15,3.0988499928331974e-18,-9.300470158217688e-15
223.38,"[0.06062, 0.0456, 0.3625706980621028]",0.0456,0.3625706980621028,-0.14231238407462993,-0.1302106913524941,-0.13939043889890398,0.35436816506494606,0.32611014458146703,0.3475912070781149,-0.215557700578234,-0.17478564017768553,-0.20550810431690036,-0.6756301591440866,-0.5902758735302152,-0.6547984473720525,0.08908893064021137,0.08091699444404976,0.08711151484434485,-4.878967210617694e-15,3.0988499928331974e-18,-9.239350980499714e-15
223.4,"[0.06062, 0.0456, 0.3625706980621028]",0.0456,0.3625706980621028,-0.14175721449124273,-0.1302106913524941,-0.1388429115598718,0.35308054304784975,0.32611014458146703,0.3463117552349995,-0.21364827729633898,-0.17478564017768553,-0.20366766285486845,-0.6716721339144035,-0.5902758735302152,-0.6509413012377243,0.08871322163885262,0.08091699444404976,0.08674187395646824,-4.9739903210916014e-15,3.0988499928331974e-18,-8.839942051389554e-15
223.42,"[0.06062, 0.0456, 0.3638081626124636]",0.0456,0.3638081626124636,-0.14125277439479667,-0.12872531857573316,-0.13823621450376478,0.35190962402968784,0.32255173185409236,0.3448895253417512,-0.2119176002918101,-0.17022572242940498,-0.20165060586148065,-0.6680804188649434,-0.5802850704911536,-0.6466916634290077,0.08837193325896546,0.0799239159492259,0.08633278574180502,-4.243231931094097e-15,3.298714327917959e-18,-8.642603290591209e-15
223.44,"[0.06062, 0.0456, 0.3638081626124636]",0.0456,0.3638081626124636,-0.1407342307505526,-0.12872531857573316,-0.1376552303524867,0.35070380596977097,0.32255173185409236,0.343527170967048,-0.21014840648721791,-0.17022572242940498,-0.19972089959826642,-0.664399022741929,-0.5802850704911536,-0.6426241630958746,0.08802131316988285,0.0799239159492259,0.08594107560370462,-3.0240821499654018e-15,3.298714327917959e-18,-8.534808386588434e-15
223.46,"[0.06062, 0.0456, 0.36505187592187405]",0.0456,0.36505187592187405,-0.14020150924853658,-0.127210587002081,-0.13702562532447585,0.34946285721337605,0.3189148078174607,0.34204621433743443,-0.20834085374973157,-0.16563678952793434,-0.197653385059857,-0.660627874446166,-0.5701647285081115,-0.638242199154364,0.08766132194459803,0.078912844542014,0.08551712768722018,-2.548189224638191e-15,2.8970275646709504e-18,-8.426895046202162e-15
223.48,"[0.06062, 0.0456, 0.36505187592187405]",0.0456,0.36505187592187405,-0.13965475575548852,-0.127210587002081,-0.13642388092151495,0.3481869811640114,0.3189148078174607,0.3406303533816091,-0.20649631101482746,-0.16563678952793434,-0.19567947596505647,-0.6567689729024692,-0.5701647285081115,-0.6340564504784071,0.0872920803480412,0.078912844542014,0.08511198660054137,-1.7250899861314005e-15,2.8970275646709504e-18,-8.370578760039028e-15
223.5,"[0.06062, 0.0456, 0.36505187592187405]",0.0456,0.36505187592187405,-0.13909504653330151,-0.127210587002081,-0.1358506104086146,0.3468786493717783,0.3189148078174607,0.3392811320207038,-0.2046187641815768,-0.16563678952793434,-0.19380069167861874,-0.6528303110297189,-0.5701647285081115,-0.6300706453858246,0.08691432523368056,0.078912844542014,0.08472605430508381,-1.5853174067701086e-15,2.8970275646709504e-18,-8.298142644429427e-15
223.52,"[0.06062, 0.0456, 0.3663006105954529]",0.0456,0.3663006105954529,-0.13853019801577282,-0.12566718801525406,-0.1358506104086146,0.3455565509979547,0.31520157535394483,0.3392811320207038,-0.20273242099942898,-0.16102277697905543,-0.19380069167861874,-0.6488646970226748,-0.5599217158894704,-0.6300706453858246,0.08653328766370344,0.07788433755673585,0.08472605430508381,-1.9030973345761535e-15,2.632949396904008e-18,-8.298142644429427e-15
223.54,"[0.06062, 0.0456, 0.3663006105954529]",0.0456,0.3663006105954529,-0.13802107637040678,-0.12566718801525406,-0.13525137106309795,0.3443642213926915,0.31520157535394483,0.33786618760215603,-0.20103539243581844,-0.16102277697905543,-0.19186173364736656,-0.6452938272184168,-0.5599217158894704,-0.6259316514906893,0.08618991332543637,0.07788433755673585,0.08432322591016539,-8.919236685935044e-15,2.632949396904008e-18,-7.861844372971494e-15
223.56,"[0.06062, 0.0456, 0.3675531342828389]",0.0456,0.3675531342828389,-0.13749483236201954,-0.12409586706835239,-0.1346103216353674,0.34312959497288936,0.3114144380294164,0.33634818331306776,-0.19929239727360024,-0.1563876449589297,-0.18981244656108603,-0.6416150138370963,-0.5495631182243106,-0.6215313351228108,0.085835242716403,0.07683898711418506,0.08389289525209997,-7.67095065193417e-15,2.489889075268137e-18,-7.402541428443685e-15
223.581,"[0.06062, 0.0456, 0.3675531342828389]",0.0456,0.3675531342828389,-0.13676505495874336,-0.12409586706835239,-0.1339840133698182,0.34141479076106807,0.3114144380294164,0.3348649255879854,-0.19688932289520655,-0.1563876449589297,-0.18781113933074334,-0.6365287625411599,-0.5495631182243106,-0.617233144120643,0.08534372333669571,0.07683898711418506,0.08347248016296432,-7.984263016268272e-15,2.489889075268137e-18,-7.24463162426515e-15
223.6,"[0.06062, 0.0456, 0.3675531342828389]",0.0456,0.3675531342828389,-0.13648695079985662,-0.12409586706835239,-0.13338384625458868,0.34075980424396196,0.3114144380294164,0.33344327675497665,-0.1959815045428889,-0.1563876449589297,-0.18589494599919104,-0.6345992007028849,-0.5495631182243106,-0.6131160875490856,0.08515659901925246,0.07683898711418506,0.08306964926052719,-3.2195590311749775e-15,2.489889075268137e-18,-7.150118937474221e-15
223.62,"[0.06062, 0.0456, 0.3688082108943717]",0.0456,0.3688082108943717,-0.13595137597662818,-0.12249742592522167,-0.13273118418106208,0.33949761241642223,0.3075560023436856,0.33189340895307157,-0.1942375158269736,-0.15173537847751806,-0.183835106155365,-0.6308879443020453,-0.5390962447858877,-0.6086653659978911,0.08479633334618605,0.07577742115824518,0.082632181502015,-2.3567892688578098e-15,2.4269701363701885e-18,-7.066900542295221e-15
223.64,"[0.06062, 0.0456, 0.3688082108943717]",0.0456,0.3688082108943717,-0.1353982791220908,-0.12249742592522167,-0.13273118418106208,0.3381923018609539,0.3075560023436856,0.33189340895307157,-0.19244644358284796,-0.15173537847751806,-0.183835106155365,-0.6270662193708083,-0.5390962447858877,-0.6086653659978911,0.08442451659393298,0.07577742115824518,0.082632181502015,-1.2516196563485004e-15,2.4269701363701885e-18,-7.066900542295221e-15
223.66,"[0.06062, 0.0456, 0.37008973453077193]",0.0456,0.37008973453077193,-0.13489153108328847,-0.12084043061524813,-0.13212947271243786,0.33699551220886476,0.30355122379654936,0.33046388932253346,-0.1908102894788509,-0.14697684542372702,-0.18193968191368676,-0.6235700572366539,-0.528318066287744,-0.6045660646904812,0.08408397292634757,0.0746788786737925,0.0822289514044124,-7.848438125437216e-15,1.8414788039138748e-18,-6.7344125026576906e-15
223.68,"[0.06062, 0.0456, 0.37008973453077193]",0.0456,0.37008973453077193,-0.13436673999282814,-0.12084043061524813,-0.1314608292302434,0.3357545038608582,0.30355122379654936,0.328871832937672,-0.18912487404892453,-0.14697684542372702,-0.17985711481032404,-0.619959298659778,-0.528318066287744,-0.6000370035600517,0.08373151883705666,0.0746788786737925,0.08178147662409635,-6.598349388484151e-15,1.8414788039138748e-18,-6.6058143956404296e-15
223.701,"[0.06062, 0.0456, 0.37132106715645385]",0.0456,0.37132106715645385,-0.13351508067360507,-0.12084043061524813,-0.13081925420453766,0.3337365079286784,0.30355122379654936,0.32734391181212136,-0.18641367469848782,-0.14697684542372702,-0.17786074873508145,-0.6141259940987517,-0.528318066287744,-0.5956933775705221,0.08316012607492854,0.0746788786737925,0.08135216340169163,-9.512530996347439e-16,1.8414788039138748e-18,-6.5808768142193814e-15
223.72,"[0.06062, 0.0456, 0.37132106715645385]",0.0456,0.37132106715645385,-0.13324549802669414,-0.11922226446780691,-0.13014847878247482,0.3330972483172361,0.2996352791858335,0.32574283594267767,-0.18555838210590606,-0.14239511763794677,-0.17579918234226344,-0.6122827324494347,-0.5178663660658024,-0.5911805354726773,0.08297932980754372,0.0736081016714417,0.08090398531898645,-4.5428138506956186e-15,1.959613681841728e-18,-6.2606575615435664e-15
223.74,"[0.06062, 0.0456, 0.37132106715645385]",0.0456,0.37132106715645385,-0.13271743415828227,-0.11922226446780691,-0.13014847878247482,0.33184400679471404,0.2996352791858335,0.32574283594267767,-0.18388967513360027,-0.14239511763794677,-0.17579918234226344,-0.6086794708195693,-0.5178663660658024,-0.5911805354726773,0.08262535038204172,0.0736081016714417,0.08090398531898645,-2.482292175536043e-15,1.959613681841728e-18,-6.2606575615435664e-15
223.76,"[0.06062, 0.0456, 0.3725763669212534]",0.0456,0.3725763669212534,-0.13222933263687142,-0.11754829358925377,-0.12951606735103122,0.3306847843332297,0.2955820487392436,0.32423293112980067,-0.18235248151037475,-0.1377159971850564,-0.173858079602489,-0.6053546731103262,-0.5071225540735543,-0.586928622851213,0.08229829101994711,0.07250226524713335,0.08048150468249801,-8.247787732639668e-15,2.1438767955217836e-18,-5.929484233048969e-15
223.78,"[0.06062, 0.0456, 0.3725763669212534]",0.0456,0.3725763669212534,-0.13171381223256376,-0.11754829358925377,-0.12881517022733985,0.3294589322249711,0.2955820487392436,0.32255660043436196,-0.18073854515523,-0.1377159971850564,-0.17173025983313459,-0.6018537235679583,-0.5071225540735543,-0.582242403141631,0.08195310161571542,0.07250226524713335,0.08001390888730299,-6.392383501777083e-15,2.1438767955217836e-18,-5.82673690326424e-15
223.8,"[0.06062, 0.0456, 0.3725763669212534]",0.0456,0.3725763669212534,-0.13116307025157414,-0.11754829358925377,-0.12816352835449968,0.32814748918514813,0.2955820487392436,0.32099757969571024,-0.17902697095137088,-0.1377159971850564,-0.16975537865344834,-0.5981275726938192,-0.5071225540735543,-0.5778892803749186,0.08158465499720194,0.07250226524713335,0.07957926151069888,-4.591008968297273e-15,2.1438767955217836e-18,-5.5644388527389925e-15
223.82,"[0.06062, 0.0456, 0.37382926228604774]",0.0456,0.37382926228604774,-0.13065180505968924,-0.11585059974246104,-0.12816352835449968,0.3269293182490241,0.2914686136779386,0.32099757969571024,-0.17744310772827937,-0.13303555288678875,-0.16975537865344834,-0.594674078209107,-0.4963003969102539,-0.5778892803749186,0.08124274849854661,0.0713828762384635,0.07957926151069888,-2.4774123441880126e-15,1.4615477346202793e-18,-5.5644388527389925e-15
223.84,"[0.06062, 0.0456, 0.37382926228604774]",0.0456,0.37382926228604774,-0.13017903248569548,-0.11585059974246104,-0.12744333294139767,0.32580228792429217,0.2914686136779386,0.3192718702870424,-0.1759824392111153,-0.13303555288678875,-0.16759657759417673,-0.5914849666272507,-0.4963003969102539,-0.5731048201755566,0.08092668597074651,0.0713828762384635,0.07909955338794313,-7.775996994652272e-15,1.4615477346202793e-18,-5.511948035151048e-15
223.86,"[0.06062, 0.0456, 0.3750785167943758]",0.0456,0.3750785167943758,-0.12965924957228273,-0.11413072580914688,-0.1267680109263965,0.32456150857360455,0.2873000130026266,0.3176532360022507,-0.174389125511189,-0.12835827995996807,-0.1655756651919081,-0.5879927388082814,-0.4854101058617475,-0.5686222217457705,0.08057953077990243,0.07025098382458364,0.07864982461424505,-5.145473482963419e-15,1.2755530259921393e-18,-5.413222737043007e-15
223.88,"[0.06062, 0.0456, 0.3750785167943758]",0.0456,0.3750785167943758,-0.12910991422956655,-0.11413072580914688,-0.12602662857353103,0.3232489367854365,0.2873000130026266,0.31587386629083214,-0.17271456805776714,-0.12835827995996807,-0.16338115808024517,-0.5843123405732227,-0.4854101058617475,-0.5637281074578054,0.08021288660831782,0.07025098382458364,0.078156792238559,-3.79703850166767e-15,1.2755530259921393e-18,-5.442070890569127e-15
223.9,"[0.06062, 0.0456, 0.3750785167943758]",0.0456,0.3750785167943758,-0.12852408995492273,-0.11413072580914688,-0.12531435472013353,0.3218476733918503,0.2873000130026266,0.3141641412328427,-0.17094122016926108,-0.12835827995996807,-0.1612746324046348,-0.5804013362881086,-0.4854101058617475,-0.5590281761686277,0.07982222867795524,0.07025098382458364,0.07768316742731096,-2.486692681103619e-15,1.2755530259921393e-18,-5.557249661909176e-15
223.92,"[0.06062, 0.0456, 0.3763228975828622]",0.0456,0.3763228975828622,-0.1279142402603146,-0.11238986441993162,-0.12457057373098689,0.32038780228202624,0.28308010987255355,0.31237638401974793,-0.16910456850116157,-0.12368832235303223,-0.15910170039683272,-0.5763404358721949,-0.47446049497724313,-0.5541503884246435,0.07941580704022619,0.0691074595223102,0.07718937272036505,-2.0102205207657588e-15,9.997210726181093e-19,-5.353663420744271e-15
223.94,"[0.06062, 0.0456, 0.3763228975828622]",0.0456,0.3763228975828622,-0.12734588390877083,-0.11238986441993162,-0.12457057373098689,0.31902653096175887,0.28308010987255355,0.31237638401974793,-0.16739958744924557,-0.12368832235303223,-0.15910170039683272,-0.5725633277609425,-0.47446049497724313,-0.5541503884246435,0.07903722604297177,0.0691074595223102,0.07718937272036505,-1.320533026615158e-16,9.997210726181093e-19,-5.353663420744271e-15
223.961,"[0.06062, 0.0456, 0.3775611765979046]",0.0456,0.3775611765979046,-0.12659377485057807,-0.11062928382259156,-0.12386842010889015,0.31722434114102865,0.2788129741002977,0.31068841396146496,-0.16515086006789279,-0.1190298485301947,-0.15705287763591902,-0.5675734212101818,-0.46346064759191724,-0.5495483866206752,0.07853645779240208,0.06795321489864567,0.07672328453306863,-8.323442547084075e-15,1.1938051260707737e-18,-5.12001311975733e-15
223.98,"[0.06062, 0.0456, 0.3775611765979046]",0.0456,0.3775611765979046,-0.12632123937641856,-0.11062928382259156,-0.1230889671729555,0.31657074842327204,0.2788129741002977,0.3088128238297664,-0.16434106182859204,-0.1190298485301947,-0.15480297034266344,-0.5657709177549263,-0.46346064759191724,-0.5444673094362038,0.07835514046641269,0.06795321489864567,0.07620662138823539,-3.1735665787069476e-15,1.1938051260707737e-18,-4.5311816962576684e-15
224.0,"[0.06062, 0.0456, 0.3775611765979046]",0.0456,0.3775611765979046,-0.12577725842200121,-0.11062928382259156,-0.122361361221805,0.3152655458627425,0.2788129741002977,0.30706166332486373,-0.16273131610981545,-0.1190298485301947,-0.15270621663317085,-0.5621805291277856,-0.46346064759191724,-0.5397281298387806,0.07799342152449162,0.06795321489864567,0.07572442620581354,-3.789544892232765e-16,1.1938051260707737e-18,-4.777265752915172e-15
224.02,"[0.06062, 0.0456, 0.37879213180761434]",0.0456,0.37879213180761434,-0.12519372248957172,-0.10885033064098307,-0.1215666260999594,0.3138644126263689,0.2745028877568296,0.3051474499675314,-0.16101525505020703,-0.11438705447798728,-0.15044083103706865,-0.5583410994334157,-0.4524199336443795,-0.5345797363860652,0.07760570998026022,0.0667892072743782,0.07519850834407661,9.288147790879722e-16,4.108670842599256e-19,-4.88780056052912e-15
224.04,"[0.06062, 0.0456, 0.37879213180761434]",0.0456,0.37879213180761434,-0.12457610033651702,-0.10885033064098307,-0.1215666260999594,0.3123804689237317,0.2745028877568296,0.3051474499675314,-0.15920999919844112,-0.11438705447798728,-0.15044083103706865,-0.5542897958719346,-0.4524199336443795,-0.5345797363860652,0.07719567427684242,0.0667892072743782,0.07519850834407661,2.244911316395104e-15,4.108670842599256e-19,-4.88780056052912e-15
224.06,"[0.06062, 0.0456, 0.3800632503746722]",0.0456,0.3800632503746722,-0.12400430023155931,-0.10698335847207306,-0.12082899330675714,0.31100619532243473,0.2699826084368081,0.30337049081920187,-0.15754385725455583,-0.109580484086816,-0.14834170016014062,-0.5505448845761246,-0.4409089014304087,-0.529805176334043,0.07681621274952298,0.0655699875999025,0.07471048129491709,-4.4238726981955976e-15,4.928824044438768e-19,-4.7371478626529886e-15
224.08,"[0.06062, 0.0456, 0.3800632503746722]",0.0456,0.3800632503746722,-0.12340099191584938,-0.10698335847207306,-0.12001669252135572,0.30955541146719884,0.2699826084368081,0.3014124685481183,-0.15579544741360715,-0.109580484086816,-0.1460560230500763,-0.5466043400168404,-0.4409089014304087,-0.5245766794978561,0.07641612377305201,0.0655699875999025,0.07417387098618036,-3.2233684839282252e-15,4.928824044438768e-19,-4.784275029856355e-15
224.1,"[0.06062, 0.0456, 0.3800632503746722]",0.0456,0.3800632503746722,-0.12275797503089919,-0.10698335847207306,-0.1192619570670454,0.3080082523129515,0.2699826084368081,0.2995929652959649,-0.15394495679150588,-0.109580484086816,-0.14393588009915045,-0.5424190845249408,-0.4409089014304087,-0.5197227181381567,0.07599009574345189,0.0655699875999025,0.07367539657121784,-2.0175079856681225e-15,4.928824044438768e-19,-4.615295666450685e-15
224.12,"[0.06062, 0.0456, 0.38122722002090487]",0.0456,0.38122722002090487,-0.12216165780865987,-0.10524216463676551,-0.1192619570670454,0.30657310307279384,0.26576907621717727,0.2995929652959649,-0.1522340450925097,-0.10516439726010346,-0.14393588009915045,-0.5385436314405425,-0.4302508850040503,-0.5197227181381567,0.07559516559798062,0.06443545349800818,0.07367539657121784,-3.9000261778112187e-16,6.74560607419489e-19,-4.615295666450685e-15
224.14,"[0.06062, 0.0456, 0.38122722002090487]",0.0456,0.38122722002090487,-0.12161071466774133,-0.10524216463676551,-0.11846376968112429,0.3052468768955703,0.26576907621717727,0.2976677828130218,-0.15065739375045792,-0.10516439726010346,-0.14171936142406874,-0.5349676579195595,-0.4302508850040503,-0.5146184867780678,0.07523040948280708,0.06443545349800818,0.07314905524272598,-6.105174605788178e-15,6.74560607419489e-19,-4.3782799717262215e-15
224.16,"[0.06062, 0.0456, 0.38242894988641085]",0.0456,0.38242894988641085,-0.12101279512028845,-0.103417950365906,-0.11761631128592147,0.30380684902026006,0.26136090427920444,0.2956232231323751,-0.14895916761534558,-0.1005951016554055,-0.13939311185042663,-0.5311013154093588,-0.4191507587848246,-0.5092300110687643,0.0748349521771011,0.06324888958879278,0.07259111237078375,-4.002713442721756e-15,1.7062187184718912e-19,-4.158769100979896e-15
224.18,"[0.06062, 0.0456, 0.38242894988641085]",0.0456,0.38242894988641085,-0.12044373444733573,-0.103417950365906,-0.11761631128592147,0.3024359704731945,0.26136090427920444,0.2956232231323751,-0.14735097948856263,-0.1005951016554055,-0.13939311185042663,-0.5274307304052023,-0.4191507587848246,-0.5092300110687643,0.07445883747228564,0.06324888958879278,0.07259111237078375,-8.509885763882834e-16,1.7062187184718912e-19,-4.158769100979896e-15
224.201,"[0.06062, 0.0456, 0.3836422122982043]",0.0456,0.3836422122982043,-0.11967750277057618,-0.103417950365906,-0.11683272581439563,0.30058971594435724,0.26136090427920444,0.29373259007312513,-0.14519439736808126,-0.1005951016554055,-0.13724617666914338,-0.5224983354742296,-0.4191507587848246,-0.504252180690264,0.07395268396965773,0.06324888958879278,0.07207534800423339,-7.95621129082923e-15,1.7062187184718912e-19,-3.7776112371154465e-15
224.22,"[0.06062, 0.0456, 0.3836422122982043]",0.0456,0.3836422122982043,-0.11939302507497097,-0.10154436110428146,-0.11596105489714163,0.2999040033574304,0.25683865073910156,0.29162935767788906,-0.14439957530192182,-0.09596756664625163,-0.13488282951351008,-0.5206737199994675,-0.40782653463018287,-0.4987432654849351,0.07376495037306778,0.062032799202573166,0.07150244969948165,-2.6137039840543225e-15,3.567307307615244e-19,-3.763950453176657e-15
224.24,"[0.06062, 0.0456, 0.3836422122982043]",0.0456,0.3836422122982043,-0.11881940112374542,-0.10154436110428146,-0.11596105489714163,0.29852111159425904,0.25683865073910156,0.29162935767788906,-0.1428040948529887,-0.09596756664625163,-0.13488282951351008,-0.5170027360168786,-0.40782653463018287,-0.4987432654849351,0.07338663609242765,0.062032799202573166,0.07150244969948165,4.660223228210128e-16,3.567307307615244e-19,-3.763950453176657e-15
224.26,"[0.06062, 0.0456, 0.38481823482966837]",0.0456,0.38481823482966837,-0.11827631534067799,-0.09969603726041601,-0.11514302427159671,0.297211678350511,0.2523836169875342,0.2896554656474702,-0.1412990544450463,-0.09146731370201326,-0.13266796222738642,-0.5135334366222242,-0.3967309034049573,-0.49357681622711513,0.07302864067768648,0.0608356974880372,0.07096490499954383,-4.909883235566115e-15,1.5508711433104344e-19,-3.649467291143825e-15
224.281,"[0.06062, 0.0456, 0.38481823482966837]",0.0456,0.38481823482966837,-0.11733806838897884,-0.09969603726041601,-0.114251773551622,0.294948910729935,0.2523836169875342,0.28750512586170857,-0.13872129249932177,-0.09146731370201326,-0.1302806025822156,-0.5075652551533576,-0.3967309034049573,-0.4879774427133524,0.07241089151684961,0.0608356974880372,0.07038013708014414,2.251033860273238e-15,1.5508711433104344e-19,-3.7428220629163525e-15
224.3,"[0.06062, 0.0456, 0.38481823482966837]",0.0456,0.38481823482966837,-0.11702943890523519,-0.09969603726041601,-0.11341921070609971,0.29420453224330007,0.2523836169875342,0.28549633902711324,-0.137877223511023,-0.09146731370201326,-0.12805362565844342,-0.5056064739127087,-0.3967309034049573,-0.4827504051448568,0.07220781607313786,0.0608356974880372,0.06983398134251938,-1.0737031098356944e-15,1.5508711433104344e-19,-3.6560651648295646e-15
224.32,"[0.06062, 0.0456, 0.38595669037603364]",0.0456,0.38595669037603364,-0.11641842620350355,-0.09787642494186029,-0.11341921070609971,0.29273076634770057,0.24800538814549747,0.28549633902711324,-0.13621116784890272,-0.08709742872611884,-0.12805362565844342,-0.5017342542346025,-0.3858784014855053,-0.4827504051448568,0.07180594149062565,0.05965961294789801,0.06983398134251938,9.034875994982758e-16,4.515401299279495e-20,-3.6560651648295646e-15
224.34,"[0.06062, 0.0456, 0.38595669037603364]",0.0456,0.38595669037603364,-0.11584857525898282,-0.09787642494186029,-0.11254126307137417,0.2913562251571427,0.24800538814549747,0.28337862806117314,-0.13466123483916922,-0.08709742872611884,-0.12573182572742841,-0.4981273229139141,-0.3858784014855053,-0.47726895337468983,0.07143126906240915,0.05965961294789801,0.06925898882010079,-4.6099781152969694e-15,4.515401299279495e-20,-3.508218102184708e-15
224.36,"[0.06062, 0.0456, 0.38710291909414557]",0.0456,0.38710291909414557,-0.11522018594334316,-0.09601434779894083,-0.1116825283948945,0.2898404817092675,0.243533799329077,0.28130726360710434,-0.1329646471145955,-0.0826847256362385,-0.1234615377577441,-0.49416423270804,-0.3748420177529399,-0.4719082605441364,0.07101853581629243,0.05845848667559415,0.06869660343810952,-2.456536410827564e-15,-3.474898502964132e-19,-3.621938107887778e-15
224.38,"[0.06062, 0.0456, 0.38710291909414557]",0.0456,0.38710291909414557,-0.11462531713002932,-0.09601434779894083,-0.11078474270044773,0.2884055930710802,0.243533799329077,0.2791427012874023,-0.13136338226072822,-0.0826847256362385,-0.12111591035391826,-0.4904180603582448,-0.3748420177529399,-0.46633591242754735,0.07062798334873958,0.05845848667559415,0.06810964243239771,1.0218017413714116e-16,-3.474898502964132e-19,-3.619886719630089e-15
224.4,"[0.06062, 0.0456, 0.38710291909414557]",0.0456,0.38710291909414557,-0.11397640870091746,-0.09601434779894083,-0.10991156177069752,0.28684045424131166,0.243533799329077,0.2770374799452056,-0.12962746907140396,-0.0826847256362385,-0.11883548913718749,-0.48634396358848264,-0.3748420177529399,-0.46091733855892536,0.07020232506507275,0.05845848667559415,0.06753880002244324,1.9631662572544412e-15,-3.474898502964132e-19,-3.782479751411018e-15
224.42,"[0.06062, 0.0456, 0.3882324074590697]",0.0456,0.3882324074590697,-0.11328267406785944,-0.0941474070383102,-0.10991156177069752,0.2851673590462024,0.23905960993091016,0.2770374799452056,-0.12778223079998782,-0.07832168582509802,-0.11883548913718749,-0.4820005764875869,-0.36384899712678465,-0.46091733855892536,0.06974763112379474,0.05725681710436576,0.06753880002244324,2.8303077395715042e-15,-3.0568698408173957e-19,-3.782479751411018e-15
224.44,"[0.06062, 0.0456, 0.3882324074590697]",0.0456,0.3882324074590697,-0.11264216273138206,-0.0941474070383102,-0.1090093524723394,0.2836226820173542,0.23905960993091016,0.2748636595330251,-0.12608234989036254,-0.07832168582509802,-0.11650742853883878,-0.4779947612874257,-0.36384899712678465,-0.45535115570141343,0.06932795321446825,0.05725681710436576,0.06695001078176488,-3.4599249180915375e-15,-3.0568698408173957e-19,-3.663307072478792e-15
224.46,"[0.06062, 0.0456, 0.3893440408021545]",0.0456,0.3893440408021545,-0.11195192878216902,-0.09227829567293644,-0.10812866518488394,0.28195846774568084,0.23459044387063752,0.2727417229014643,-0.12426311484007353,-0.07401327635418133,-0.11423575243387936,-0.4736924762325826,-0.35291374522992836,-0.44991873011907807,0.06887614415218324,0.05605629463597502,0.06637529730419385,-2.0314093548731856e-15,-1.0932444264220791e-18,-3.775824839929463e-15
224.48,"[0.06062, 0.0456, 0.3893440408021545]",0.0456,0.3893440408021545,-0.1109871600175867,-0.09227829567293644,-0.1072131280934562,0.27963260676054363,0.23459044387063752,0.27053761217238476,-0.12172970540163248,-0.07401327635418133,-0.11190246497604256,-0.46768981751714844,-0.35291374522992836,-0.44430408104907704,0.06824496644796307,0.05605629463597502,0.06577889615367935,-2.9582241321414614e-15,-1.0932444264220791e-18,-3.7382393196668245e-15
224.5,"[0.06062, 0.0456, 0.3893440408021545]",0.0456,0.3893440408021545,-0.11060975682518975,-0.09227829567293644,-0.10632329644403009,0.27872310730191624,0.23459044387063752,0.2683954341203874,-0.1207469813625856,-0.07401327635418133,-0.10963567692128706,-0.46535124387387766,-0.35291374522992836,-0.4388482144141261,0.06799835941849702,0.05605629463597502,0.0651992761829457,1.4161888091106089e-15,-1.0932444264220791e-18,-3.856852624777945e-15
224.52,"[0.06062, 0.0456, 0.3904367220754995]",0.0456,0.3904367220754995,-0.1098754142012237,-0.09040933064499801,-0.10537747454902133,0.2769536454224482,0.2301326553133232,0.26612060689813816,-0.118839844450087,-0.06976394287412563,-0.10725328642285509,-0.460806696280136,-0.3420489675711283,-0.43308044068291646,0.06751869940104083,0.05485841804726103,0.06458421420435814,2.022267256088906e-15,-4.826528222910132e-19,-3.982463731334441e-15
224.54,"[0.06062, 0.0456, 0.3904367220754995]",0.0456,0.3904367220754995,-0.10910592963786303,-0.09040933064499801,-0.10537747454902133,0.2751001025531735,0.2301326553133232,0.26612060689813816,-0.11685281357615947,-0.06976394287412563,-0.10725328642285509,-0.456057807358927,-0.3420489675711283,-0.43308044068291646,0.06701650279167792,0.05485841804726103,0.06458421420435814,2.5948403593853946e-15,-4.826528222910132e-19,-3.982463731334441e-15
224.56,"[0.06062, 0.0456, 0.39150937293460897]",0.0456,0.39150937293460897,-0.10839752317096349,-0.08854294177698659,-0.10450305296684123,0.27339399837904066,0.22569277757071374,0.2640177344679363,-0.11502890342315204,-0.06557814071262483,-0.10505462399126948,-0.4516921076966719,-0.33126771794637855,-0.42775256637537323,0.06655436796002565,0.053664741262774714,0.06401572709541262,-3.910945839006117e-15,-4.6528735092682955e-19,-3.828200472646112e-15
224.58,"[0.06062, 0.0456, 0.39150937293460897]",0.0456,0.39150937293460897,-0.1076575738321831,-0.08854294177698659,-0.10355800113754966,0.27161250823626454,0.22569277757071374,0.26174747286009337,-0.11313379033738746,-0.06557814071262483,-0.10270440907772409,-0.4471435948520139,-0.33126771794637855,-0.42202467059977217,0.06607202619568635,0.053664741262774714,0.06340233250313272,-3.1521834013601043e-15,-4.6528735092682955e-19,-3.84979337441442e-15
224.601,"[0.06062, 0.0456, 0.39150937293460897]",0.0456,0.39150937293460897,-0.1065465896319312,-0.08854294177698659,-0.10268258166989333,0.26893908364978797,0.22569277757071374,0.2596447642802813,-0.11030742802483899,-0.06557814071262483,-0.10053120006333971,-0.4403363663886391,-0.33126771794637855,-0.4167232648948653,0.06534853920491845,0.053664741262774714,0.06283427824968595,-5.03572166215915e-15,-4.6528735092682955e-19,-3.6512280766916415e-15
224.62,"[0.06062, 0.0456, 0.3925817437688024]",0.0456,0.3925817437688024,-0.10616018883574246,-0.08664509134614498,-0.10173477558286022,0.26800965171301816,0.22119087297038242,0.2573710679025771,-0.1093298052320761,-0.061379141038201857,-0.09820459911048222,-0.4379750562427294,-0.32037306564834334,-0.41101421628590173,0.06509711310936227,0.05245350849884705,0.06222029222000589,-1.170240566141494e-15,1.8506424126746906e-19,-3.629768927357842e-15
224.64,"[0.06062, 0.0456, 0.3925817437688024]",0.0456,0.3925817437688024,-0.10540466286553568,-0.08664509134614498,-0.10082510247939418,0.2661929534633579,0.22119087297038242,0.2551890284140393,-0.10742541016095455,-0.061379141038201857,-0.09597366680265136,-0.4333663110321167,-0.32037306564834334,-0.40553725798364765,0.06460577588299661,0.05245350849884705,0.06163108788433529,4.449994093455355e-17,1.8506424126746906e-19,-3.676945070196462e-15
224.66,"[0.06062, 0.0456, 0.3935903699148284]",0.0456,0.3935903699148284,-0.10461641697148615,-0.08482771557605776,-0.0998651391598224,0.26429859125828087,0.2168924110141302,0.25288955049290035,-0.10545036283675797,-0.057414427119707526,-0.09364574709659454,-0.4285717172064537,-0.3100077420765343,-0.3997883616141121,0.06409361355340376,0.05129625310561466,0.06101037034089932,4.783206516802146e-16,8.004286594048973e-19,-3.719091133978441e-15
224.68,"[0.06062, 0.0456, 0.3935903699148284]",0.0456,0.3935903699148284,-0.10340657771340418,-0.08482771557605776,-0.09894705475196923,0.26139299892292495,0.2168924110141302,0.2506906201910584,-0.10243987347599513,-0.057414427119707526,-0.09142170404584281,-0.42123708845575225,-0.3100077420765343,-0.39429296871305036,0.06330833276375533,0.05129625310561466,0.06041682266483355,-2.392734074203976e-15,8.004286594048973e-19,-3.78240334431007e-15
224.7,"[0.06062, 0.0456, 0.3935903699148284]",0.0456,0.3935903699148284,-0.10296062541727587,-0.08482771557605776,-0.09807182247563113,0.26032276104991425,0.2168924110141302,0.24859451244823488,-0.10133805653628015,-0.057414427119707526,-0.08930335210310629,-0.4185426764849043,-0.3100077420765343,-0.3890562710110446,0.06301918175383335,0.05129625310561466,0.05985105271024387,7.975503153125313e-16,8.004286594048973e-19,-3.818877010787197e-15
224.72,"[0.06062, 0.0456, 0.3945966623431607]",0.0456,0.3945966623431607,-0.10211052376323594,-0.08298528434198157,-0.09714740683313186,0.258283043512763,0.2125486186750422,0.24638420528966568,-0.09924211437486959,-0.053446601690926646,-0.08709212069742989,-0.4134115622443163,-0.299561116245242,-0.38355600030216347,0.06246815653141148,0.05012536033895726,0.05925455632543736,2.9362726219236786e-16,6.769030766687023e-19,-3.815711131923288e-15
224.74,"[0.06062, 0.0456, 0.3945966623431607]",0.0456,0.3945966623431607,-0.10125072895434503,-0.08298528434198157,-0.09626634928156082,0.2562211918949583,0.2125486186750422,0.24427783290022004,-0.09713262640867941,-0.053446601690926646,-0.08498688608095731,-0.40823402984536145,-0.299561116245242,-0.3783163791191726,0.06191125716685742,0.05012536033895726,0.058686128445002345,1.16197441139844e-16,6.769030766687023e-19,-3.8140549513371946e-15
224.76,"[0.06062, 0.0456, 0.39557881899844893]",0.0456,0.39557881899844893,-0.10038299199615937,-0.08115584742825861,-0.09542898132848959,0.2541415272013157,0.20824925748795833,0.24227612388914158,-0.09501440686786042,-0.049559634506890944,-0.08298790347721466,-0.4030212421200786,-0.2892517857051231,-0.3733387508505231,0.061349641218894156,0.04896524685842161,0.0581459614894898,-3.8489445009390064e-16,7.563186307020422e-19,-3.7767779078805644e-15
224.78,"[0.06062, 0.0456, 0.39557881899844893]",0.0456,0.39557881899844893,-0.09951709308507896,-0.08115584742825861,-0.09450483635311292,0.25206725438330246,0.20824925748795833,0.2400706745352192,-0.09290927966389478,-0.049559634506890944,-0.08080582225547984,-0.3978295553292364,-0.2892517857051231,-0.36787361312417294,0.060789557096255054,0.04896524685842161,0.05755081906048972,-1.0692144823748863e-15,7.563186307020422e-19,-3.486743997455006e-15
224.8,"[0.06062, 0.0456, 0.39557881899844893]",0.0456,0.39557881899844893,-0.09864793735379296,-0.08115584742825861,-0.09278211645648606,0.24998639465432235,0.20824925748795833,0.23596041620830227,-0.09080601007214795,-0.049559634506890944,-0.0767455746243035,-0.3926297887118417,-0.2892517857051231,-0.3576946238531482,0.06022775968802246,0.04896524685842161,0.05644170127144063,-1.0684817649941924e-15,7.563186307020422e-19,-3.3049540121122235e-15
224.82,"[0.06062, 0.0456, 0.3965358706106515]",0.0456,0.3965358706106515,-0.09761050419619928,-0.07934290180880389,-0.09186065936015346,0.24750534668589544,0.20400303343242937,0.23376600831231958,-0.0883161710683332,-0.04575854074413307,-0.07459849320904677,-0.3864474963243063,-0.2790966312669354,-0.35227916480726285,0.05955802912343367,0.047818012136967916,0.055849493698340975,2.4860684709713363e-15,6.006461358216353e-19,-3.4332663489588603e-15
224.841,"[0.06062, 0.0456, 0.3965358706106515]",0.0456,0.3965358706106515,-0.09596784117986788,-0.07934290180880389,-0.09101610870248494,0.24358092454265123,0.20400303343242937,0.2317553938680903,-0.08440233554770325,-0.04575854074413307,-0.07263504491886208,-0.3766920521981886,-0.2790966312669354,-0.3473209018697324,0.05849875622203423,0.047818012136967916,0.055306895686967186,1.0664585443977795e-15,6.006461358216353e-19,-3.73619468296572e-15
224.86,"[0.06062, 0.0456, 0.39746687268537345]",0.0456,0.39746687268537345,-0.09547266793211309,-0.07754958839543964,-0.09017726910665835,0.2423983714753336,0.19981744821795402,0.22976325411544932,-0.08322560648773143,-0.042047771273655804,-0.07071256547693387,-0.3737549371684272,-0.2691108308477675,-0.3424289036463736,0.05817957016850694,0.04668557710339999,0.054769149256992264,-2.622928847114615e-15,4.649231461146872e-19,-3.3846334446808365e-15
224.88,"[0.06062, 0.0456, 0.39746687268537345]",0.0456,0.39746687268537345,-0.09454203771890053,-0.07754958839543964,-0.08936410916287695,0.2401769917549779,0.19981744821795402,0.227832318538859,-0.08102115185113312,-0.042047771273655804,-0.06885031316692569,-0.36824327064540585,-0.2691108308477675,-0.3376882844718999,0.05757998737397656,0.04668557710339999,0.05424792255419918,-3.3329173387241388e-15,4.649231461146872e-19,-3.1778211365470953e-15
224.9,"[0.06062, 0.0456, 0.39746687268537345]",0.0456,0.39746687268537345,-0.09363141568819525,-0.07754958839543964,-0.08936410916287695,0.23800528804608848,0.19981744821795402,0.227832318538859,-0.07887629521467555,-0.042047771273655804,-0.06885031316692569,-0.3628644790041885,-0.2691108308477675,-0.3376882844718999,0.05699380546143129,0.04668557710339999,0.05424792255419918,-3.864409940389989e-15,4.649231461146872e-19,-3.1778211365470953e-15
224.92,"[0.06062, 0.0456, 0.3983709064359683]",0.0456,0.3983709064359683,-0.09282062744835927,-0.07577916094244669,-0.0885420286929157,0.23607242383997215,0.19570011124682085,0.22588524142526217,-0.07697135863106713,-0.038431748263934126,-0.06699403973911452,-0.3580810020489065,-0.2593098541430271,-0.33292696036607683,0.05647208770902134,0.04556991444994,0.05372212338879285,-8.390852691823951e-15,1.2035890454928198e-18,-2.7474908653517427e-15
224.94,"[0.06062, 0.0456, 0.3983709064359683]",0.0456,0.3983709064359683,-0.09200769368482505,-0.07577916094244669,-0.08774310332414835,0.23413685918145197,0.19570011124682085,0.22399322168166508,-0.07507566804716527,-0.038431748263934126,-0.06519130808089803,-0.353301734135183,-0.2593098541430271,-0.3283012306441361,0.055949594488141456,0.04556991444994,0.05321118749517256,-7.61867669463533e-15,1.2035890454928198e-18,-2.4851637693902303e-15
224.96,"[0.06062, 0.0456, 0.39924707969026946]",0.0456,0.39924707969026946,-0.09077603180361782,-0.07403498415511538,-0.08698352438939826,0.23120808613841592,0.19165873313372622,0.22219474887178592,-0.07222582833840864,-0.034914862110873794,-0.06347952642245373,-0.3460870619065687,-0.24970945642201497,-0.32390587273245225,0.05515891810112828,0.04447305052797918,0.05272550657649401,-4.7354110198107775e-15,1.6849262156174234e-18,-2.2530840803921167e-15
224.98,"[0.06062, 0.0456, 0.39924707969026946]",0.0456,0.39924707969026946,-0.09039678106218292,-0.07403498415511538,-0.08620888232617466,0.2303067524118827,0.19165873313372622,0.2203656398550339,-0.071351198149638,-0.034914862110873794,-0.061758105630956066,-0.3438689429922155,-0.24970945642201497,-0.3194522428669089,0.05491557694864786,0.04447305052797918,0.05223126626488064,-6.6530013467896355e-15,1.6849262156174234e-18,-1.866385202031584e-15
225.0,"[0.06062, 0.0456, 0.39924707969026946]",0.0456,0.39924707969026946,-0.0896707980880355,-0.07403498415511538,-0.08545544785761261,0.2285825608378575,0.19165873313372622,0.21858680110244375,-0.06968343844780886,-0.034914862110873794,-0.06008485885094804,-0.3396305966622942,-0.24970945642201497,-0.3151217801080061,0.05445003954674392,0.04447305052797918,0.05175060202629394,-5.434311267382075e-15,1.6849262156174234e-18,-1.6333328673512464e-15
225.02,"[0.06062, 0.0456, 0.40009452777105664]",0.0456,0.40009452777105664,-0.08850585145621677,-0.07232052840625704,-0.08461929874416031,0.22582083335202252,0.18770110738830018,0.2166171757335964,-0.06703402857097872,-0.03150146267803074,-0.0582475808200968,-0.3328612335835948,-0.24032565050481924,-0.31033936726253936,0.053704171144679055,0.043397061907287905,0.05121805565327449,-2.1592705469927096e-15,1.5980217320549115e-18,-1.2319649462176852e-15
225.04,"[0.06062, 0.0456, 0.40009452777105664]",0.0456,0.40009452777105664,-0.08811719618499743,-0.07232052840625704,-0.08383957438140445,0.22490046759030358,0.18770110738830018,0.21478119271861237,-0.06615538379866624,-0.03150146267803074,-0.056537973390054286,-0.33060904695452115,-0.24032565050481924,-0.30588405600706736,0.053455559595523235,0.043397061907287905,0.05072160745974035,-4.184546435828042e-15,1.5980217320549115e-18,-1.2889230809929845e-15
225.06,"[0.06062, 0.0456, 0.40091241434938774]",0.0456,0.40091241434938774,-0.08730444804231285,-0.07063936285003534,-0.0822839760672431,0.22297780536493536,0.18383508996290673,0.21112378811312338,-0.06432807582639032,-0.028195849818089768,-0.05315062791919327,-0.3259112986804062,-0.2311746730866339,-0.297023415639345,0.052936108689694616,0.04234407107189502,0.049732224907151436,-4.122381210603589e-15,2.046987060989237e-18,-9.19087186236255e-16
225.08,"[0.06062, 0.0456, 0.40091241434938774]",0.0456,0.40091241434938774,-0.08642415080618325,-0.07063936285003534,-0.08152653032825866,0.22089837111219934,0.18383508996290673,0.20934573082763275,-0.06236380579560321,-0.028195849818089768,-0.05151319299030337,-0.3208408194781633,-0.2311746730866339,-0.292723261660666,0.05237413981807641,0.04234407107189502,0.04925101892829788,-4.546912524377351e-16,2.046987060989237e-18,-1.0194455878103452e-15
225.1,"[0.06062, 0.0456, 0.40091241434938774]",0.0456,0.40091241434938774,-0.08556177303188447,-0.07063936285003534,-0.08081271092702473,0.21886339461407178,0.18383508996290673,0.20767054315468178,-0.06044955851148324,-0.028195849818089768,-0.04997223452159038,-0.3158854973567834,-0.2311746730866339,-0.28867335866122273,0.05182405538708766,0.04234407107189502,0.04879762480606963,-1.080660255632018e-15,2.046987060989237e-18,-9.520691195328031e-16
225.12,"[0.06062, 0.0456, 0.4016999322699546]",0.0456,0.4016999322699546,-0.08479507691816927,-0.06899514680949563,-0.08081271092702473,0.21705503849486882,0.18006857667174037,0.20767054315468178,-0.05875164906760784,-0.0250022632444162,-0.04997223452159038,-0.3114846725802188,-0.22227294517123772,-0.28867335866122273,0.05133517845989239,0.04131624121539705,0.04879762480606963,-4.765786786816652e-15,2.2144969013771816e-18,-9.520691195328031e-16
225.14,"[0.06062, 0.0456, 0.4016999322699546]",0.0456,0.4016999322699546,-0.08403842737984951,-0.06899514680949563,-0.08008551700486716,0.21527198438047151,0.18006857667174037,0.20596927954390426,-0.0570835603090839,-0.0250022632444162,-0.048423521773750214,-0.3071505229414365,-0.22227294517123772,-0.284572871857657,0.05085304326564045,0.04131624121539705,0.04833670905442823,-4.507160441650439e-15,2.2144969013771816e-18,-7.401026693190843e-16
225.16,"[0.06062, 0.0456, 0.40245630434764784]",0.0456,0.40245630434764784,-0.08296718866821638,-0.06739161930265615,-0.07933242392691083,0.21275095137008765,0.1764094784241127,0.20421270642481015,-0.054736689873352014,-0.021924871792337684,-0.0468394370241363,-0.30103197950595373,-0.2136370262803099,-0.2803501099867581,0.05017111669436759,0.04031577007219453,0.047860303012099877,-5.366583217651034e-15,2.240973331086434e-18,-4.828453887291293e-16
225.18,"[0.06062, 0.0456, 0.40245630434764784]",0.0456,0.40245630434764784,-0.08260371219410127,-0.06739161930265615,-0.07859857689521701,0.2118971268756976,0.1764094784241127,0.2025012436493811,-0.053946964591198174,-0.021924871792337684,-0.04529673983845442,-0.2989637925571729,-0.2136370262803099,-0.27623634704169847,0.049940035326127535,0.04031577007219453,0.04739611333047405,-3.1495286612164728e-15,2.240973331086434e-18,-3.5781963538772467e-16
225.2,"[0.06062, 0.0456, 0.40245630434764784]",0.0456,0.40245630434764784,-0.08190878272016916,-0.06739161930265615,-0.07789882726037703,0.21026594071272076,0.1764094784241127,0.20086971212066967,-0.05244226464003308,-0.021924871792337684,-0.04382743466791921,-0.2950158165800969,-0.2136370262803099,-0.27231577241210364,0.04949846721827641,0.04031577007219453,0.046953569703518536,-2.4215352578093494e-15,2.240973331086434e-18,-2.642977608136937e-16
225.22,"[0.06062, 0.0456, 0.40318078413454467]",0.0456,0.40318078413454467,-0.08120986864994617,-0.06583258658828514,-0.07715616540644378,0.20862749511804485,0.17286569424367473,0.1991430533129784,-0.050937684415791246,-0.018967762122735553,-0.04228537026842716,-0.2910556599106274,-0.2052835621710874,-0.26817566356374034,0.049054765616876016,0.039344882729999656,0.046484711049713,-1.9830133176947824e-15,1.6122567757250736e-18,-1.8229401048832698e-16
225.241,"[0.06062, 0.0456, 0.40318078413454467]",0.0456,0.40318078413454467,-0.08017147068111603,-0.06583258658828514,-0.0764488335249372,0.20619707075260577,0.17286569424367473,0.19749902249439324,-0.048717814505406486,-0.018967762122735553,-0.040818574312678754,-0.28519052972549397,-0.2052835621710874,-0.2642347968117548,0.048396258380103224,0.039344882729999656,0.04603824525993305,-2.8343973851077017e-15,1.6122567757250736e-18,-1.287227855244751e-16
225.26,"[0.06062, 0.0456, 0.4038726566565629]",0.0456,0.4038726566565629,-0.07946416962144123,-0.06432190763565888,-0.07570148108192964,0.20454444158376467,0.16944508208089978,0.1957669030181281,-0.04721695887381647,-0.01613492693414739,-0.039285351424564845,-0.2812089404776154,-0.19722922588187586,-0.2600909567243103,0.04794823588725063,0.038405823381440815,0.0455673150009535,-2.5639260227868675e-15,2.049807405100657e-18,-7.961665240399034e-17
225.28,"[0.06062, 0.0456, 0.4038726566565629]",0.0456,0.4038726566565629,-0.07908790076750509,-0.06432190763565888,-0.07570148108192964,0.20366668772733026,0.16944508208089978,0.1957669030181281,-0.04642379813157318,-0.01613492693414739,-0.039285351424564845,-0.27909714210537506,-0.19722922588187586,-0.2600909567243103,0.04771014379860985,0.038405823381440815,0.0455673150009535,-8.3089498640131e-16,2.049807405100657e-18,-7.961665240399034e-17
225.3,"[0.06062, 0.0456, 0.4038726566565629]",0.0456,0.4038726566565629,-0.07837331733337305,-0.06432190763565888,-0.07498984414318535,0.20200084580560737,0.16944508208089978,0.19411807474621312,-0.044921689404860264,-0.01613492693414739,-0.03782731285085044,-0.2750916158211075,-0.19722922588187586,-0.2561474460484545,0.047258172804439065,0.038405823381440815,0.04511897977498467,-6.931598939726616e-16,2.049807405100657e-18,-5.134389660830977e-17
225.32,"[0.06062, 0.0456, 0.4045312391190541]",0.0456,0.4045312391190541,-0.0777304574272138,-0.06286347745312904,-0.07426985984729428,0.20050311930451176,0.1661554274678033,0.19245516965141873,-0.043573757864481845,-0.013430252763196005,-0.03636929509972925,-0.2714922235698778,-0.1894906520331414,-0.25217838778437424,0.046851726128825454,0.0375008459887034,0.04466621586051671,-3.142472998738588e-15,2.1400084290281864e-18,9.45456434522303e-17
225.34,"[0.06062, 0.0456, 0.4045312391190541]",0.0456,0.4045312391190541,-0.07707294388703081,-0.06286347745312904,-0.07356920056937642,0.19897400887063496,0.1661554274678033,0.19083712300414646,-0.042204909944110934,-0.013430252763196005,-0.03495120394526447,-0.2678225947763208,-0.1894906520331414,-0.24831681665394803,0.04643647917782906,0.0375008459887034,0.044225642125382034,-2.5162087672927384e-15,2.1400084290281864e-18,1.4255496200047204e-16
225.36,"[0.06062, 0.0456, 0.40515588158063937]",0.0456,0.40515588158063937,-0.07640723265667691,-0.06146120824857796,-0.07285775766798318,0.1974280005562085,0.16300441011126424,0.18919926395314554,-0.04082670580923339,-0.010857507466274868,-0.03352714156376411,-0.2641164969387394,-0.1820843644416018,-0.24441503164272824,0.04601642013784713,0.03663220385503003,0.0437790652788643,-2.101051492415452e-15,2.000130468798103e-18,2.7138039100146574e-16
225.38,"[0.06062, 0.0456, 0.40515588158063937]",0.0456,0.40515588158063937,-0.07579686226995647,-0.06146120824857796,-0.07216476870033554,0.1960119479164258,0.16300441011126424,0.18760409730412964,-0.03956795422181879,-0.010857507466274868,-0.032140719690825624,-0.2607243791891872,-0.1820843644416018,-0.2406153016370987,0.04563151463081043,0.03663220385503003,0.04334410579038747,-1.2570727426810434e-15,2.000130468798103e-18,3.065445095186957e-16
225.4,"[0.06062, 0.0456, 0.40515588158063937]",0.0456,0.40515588158063937,-0.07516913349882103,-0.06146120824857796,-0.07150292998100867,0.19455802129870534,0.16300441011126424,0.18608098699243913,-0.038281557634356304,-0.010857507466274868,-0.030817817095810152,-0.2572456301604569,-0.1820843644416018,-0.2369878182520477,0.0452360533050771,0.03663220385503003,0.04292875541415341,-7.020516528296505e-16,2.000130468798103e-18,3.2044709379529545e-16
225.42,"[0.06062, 0.0456, 0.40574596759462317]",0.0456,0.40574596759462317,-0.07453212031517858,-0.060119008440919414,-0.07080613932694733,0.19308446470876636,0.15999956857392922,0.18448195254913805,-0.03698250817041636,-0.008420327487569337,-0.029438393502041655,-0.25372311940815195,-0.17502669725546388,-0.23318498565211407,0.0448350482396475,0.03580213812056709,0.042492133952081935,-4.041616849283953e-16,1.6807756203670204e-18,3.2886165946187654e-16
225.44,"[0.06062, 0.0456, 0.40574596759462317]",0.0456,0.40574596759462317,-0.07388689508628404,-0.060119008440919414,-0.07014191784729065,0.1915939004985321,0.15999956857392922,0.18295808426466775,-0.035673274511671085,-0.008420327487569337,-0.02812481375105144,-0.25016312893412673,-0.17502669725546388,-0.22956155828292837,0.044429190456581884,0.03580213812056709,0.042075987354031105,-7.888477015015645e-17,1.6807756203670204e-18,3.207144008376137e-16
225.461,"[0.06062, 0.0456, 0.4063009148173517]",0.0456,0.4063009148173517,-0.07292580819435819,-0.05884075959539634,-0.06944662185221143,0.1893770276304574,0.1571482632486147,0.18136733479196981,-0.03373404161214306,-0.006122205029145316,-0.026762389332099498,-0.2448736009124826,-0.16833370998901312,-0.22578397282357054,0.04382518029021371,0.0350128652273126,0.041641005051880654,-1.0726367258747547e-15,1.810140661594674e-18,3.1379601765095447e-16
225.481,"[0.06062, 0.0456, 0.4063009148173517]",0.0456,0.4063009148173517,-0.07226476278935069,-0.05884075959539634,-0.06878439621799408,0.18785518599133152,0.1571482632486147,0.17985269681493318,-0.03240942768366644,-0.006122205029145316,-0.02546615828760668,-0.2412465715811646,-0.16833370998901312,-0.2221877491916314,0.04341018699491754,0.0350128652273126,0.0412267802216809,-9.130859678526569e-16,1.810140661594674e-18,2.9695873310097857e-16
225.5,"[0.06062, 0.0456, 0.4063009148173517]",0.0456,0.4063009148173517,-0.07191672613222823,-0.05884075959539634,-0.0681553801640352,0.1870549370738017,0.1571482632486147,0.17841438492002235,-0.031715100746571454,-0.006122205029145316,-0.024236075618718923,-0.2393406893451999,-0.16833370998901312,-0.21877325816484325,0.04319184631758682,0.0350128652273126,0.04083338430236345,2.1854983283865385e-16,1.810140661594674e-18,2.8544450968347527e-16
225.52,"[0.06062, 0.0456, 0.4068201755829156]",0.0456,0.4068201755829156,-0.07125868184312811,-0.057630291415784476,-0.06746937580582675,0.18554268023530723,0.15445763789208417,0.17684963352101157,-0.030404793417172216,-0.003966475247485023,-0.022905145514451955,-0.23574018161889695,-0.16202109702115053,-0.2150623575479119,0.04277914416742097,0.034266563428359875,0.040404885472567584,1.2064269037582633e-16,1.5787516193028307e-18,3.68529518614408e-16
225.54,"[0.06062, 0.0456, 0.4068201755829156]",0.0456,0.4068201755829156,-0.07060045408828236,-0.057630291415784476,-0.06682720952268137,0.18403182898568327,0.15445763789208417,0.17538554847559862,-0.02909964402970936,-0.003966475247485023,-0.02166126381508457,-0.2321453761064827,-0.16202109702115053,-0.21159102402772115,0.04236659991006899,0.034266563428359875,0.04000386842664191,2.2814914203340586e-16,1.5787516193028307e-18,4.206790965659486e-16
225.56,"[0.06062, 0.0456, 0.40730323744363045]",0.0456,0.40730323744363045,-0.06988353762081405,-0.05649135499244966,-0.06622452210617895,0.1823890356889379,0.1519345800454693,0.1740118738453046,-0.027686351793558252,-0.0019563036070409075,-0.020495047167720708,-0.22824004921702146,-0.1561040923208211,-0.20833455115555824,0.04191768092820725,0.03356535844960215,0.03962756425308761,-1.9707625105801603e-16,1.5609747026340884e-18,3.0109441806103913e-16
225.58,"[0.06062, 0.0456, 0.40730323744363045]",0.0456,0.40730323744363045,-0.06918832467302855,-0.05649135499244966,-0.06556863975381338,0.18079737493881412,0.1519345800454693,0.17252060823602147,-0.02632000391924741,-0.0019563036070409075,-0.01923561292114203,-0.2244580045908285,-0.1561040923208211,-0.20480253808964097,0.04148255875992458,0.03356535844960215,0.039218543960078525,-5.948554998338364e-16,1.5609747026340884e-18,3.48863676009754e-16
225.6,"[0.06062, 0.0456, 0.40730323744363045]",0.0456,0.40730323744363045,-0.06850058453837524,-0.05649135499244966,-0.0649897257989543,0.1792247892654493,0.1519345800454693,0.1712054425027497,-0.0249739696341816,-0.0019563036070409075,-0.018127114626580797,-0.22072346596108205,-0.1561040923208211,-0.20168883472121382,0.04105239594794439,0.03356535844960215,0.03885768013403105,-7.304514613761703e-16,1.5609747026340884e-18,3.163387474347717e-16
225.621,"[0.06062, 0.0456, 0.40774962367576045]",0.0456,0.40774962367576045,-0.06748815740324542,-0.05542759457466256,-0.06437988163141269,0.17691336050754322,0.14958568072935868,0.16982358464818867,-0.023002629613881106,-9.467352469739727e-05,-0.016968691429223526,-0.21523821385076086,-0.1505973703665601,-0.19842016419971745,0.04041966145884618,0.03291130844660153,0.03847801509888227,-1.43230000682827e-16,1.5926889002005517e-18,3.2757366793390396e-16
225.64,"[0.06062, 0.0456, 0.40774962367576045]",0.0456,0.40774962367576045,-0.06717732982604906,-0.05542759457466256,-0.0638017550016728,0.1762043829216791,0.14958568072935868,0.16851404353457955,-0.02239923579776792,-9.467352469739727e-05,-0.015871756503428043,-0.21355640888847188,-0.1505973703665601,-0.19532300729970323,0.040225496822845895,0.03291130844660153,0.038118158881853714,-1.0688381151432344e-15,1.5926889002005517e-18,3.403155271547485e-16
225.66,"[0.06062, 0.0456, 0.40815889374998743]",0.0456,0.40815889374998743,-0.06653597060941402,-0.0544425182062447,-0.06325550151146911,0.17474321843828514,0.14741719385942276,0.1672770844454436,-0.021159014736335306,0.0016156255607736837,-0.014836365815213299,-0.2100920625920353,-0.14551494443030957,-0.19239790548605637,0.03982510261404962,0.032306388434237755,0.03777819619800034,-1.1643552423370353e-15,1.3602944371660903e-18,3.611049687026897e-16
225.68,"[0.06062, 0.0456, 0.40815889374998743]",0.0456,0.40815889374998743,-0.06596184429492305,-0.0544425182062447,-0.06271185981791381,0.17343597929782317,0.14741719385942276,0.16604976441767494,-0.020050896607736977,0.0016156255607736837,-0.013815481264502693,-0.20699343191055938,-0.14551494443030957,-0.18949850447359903,0.03946678703653964,0.032306388434237755,0.037440352875421634,-9.749717941772605e-16,1.3602944371660903e-18,4.3392996104501355e-16
225.701,"[0.06062, 0.0456, 0.40815889374998743]",0.0456,0.40815889374998743,-0.06539327499671171,-0.0544425182062447,-0.062186410996528906,0.1721430572732476,0.14741719385942276,0.16486370940440967,-0.018958047306537617,0.0016156255607736837,-0.01282927665892652,-0.20393034179407668,-0.14551494443030957,-0.1866967626346988,0.039112170444952334,0.032306388434237755,0.0371138417913973,-8.08516836720775e-16,1.3602944371660903e-18,4.702922531273311e-16
225.72,"[0.06062, 0.0456, 0.4085376934795261]",0.0456,0.4085376934795261,-0.06483126123060136,-0.05352240879568667,-0.06164211460044784,0.17086672612951215,0.14539756937792145,0.16363827973399017,-0.017882339302421838,0.0032014471905364604,-0.011815575685895858,-0.20090811852469986,-0.14078226647376416,-0.18380420070638295,0.03876187399833255,0.031742004259735,0.036776029204920076,-6.915810787690889e-16,1.50910263494017e-18,5.005793591660379e-16
225.74,"[0.06062, 0.0456, 0.4085376934795261]",0.0456,0.4085376934795261,-0.06427431004652043,-0.05352240879568667,-0.06112542338565302,0.16960360998484914,0.14539756937792145,0.16247539069709668,-0.01682088730726149,0.0032014471905364604,-0.010854311124903454,-0.19791870471816292,-0.14078226647376416,-0.18105959536933738,0.03841496662036101,0.031742004259735,0.03645540210475657,-5.297257406091559e-16,1.50910263494017e-18,5.211902823437222e-16
225.76,"[0.06062, 0.0456, 0.4088645068518935]",0.0456,0.4088645068518935,-0.063722523790287,-0.052721492829183036,-0.060596078603355745,0.16835390833364108,0.14364429806498172,0.16128681231057465,-0.015773751647486536,0.004572233922886495,-0.009876320218044219,-0.19496248842759867,-0.1366746844128318,-0.17825615805607276,0.038071505801405205,0.03125127938897187,0.03612728041860088,-4.49963372024177e-16,1.4306349581904747e-18,5.405624010688631e-16
225.78,"[0.06062, 0.0456, 0.4088645068518935]",0.0456,0.4088645068518935,-0.06291813407198407,-0.052721492829183036,-0.06009385078258947,0.16653500016088885,0.14364429806498172,0.16015950131975182,-0.014254764999759263,0.004572233922886495,-0.008949405213536512,-0.1906621513268969,-0.1366746844128318,-0.17559752993901048,0.03757119857923679,0.03125127938897187,0.035816017963851074,-9.384795006153089e-16,1.4306349581904747e-18,5.533525586022619e-16
225.8,"[0.06062, 0.0456, 0.4088645068518935]",0.0456,0.4088645068518935,-0.06263570574305438,-0.052721492829183036,-0.06009385078258947,0.16589745027685815,0.14364429806498172,0.16015950131975182,-0.013724229023434066,0.004572233922886495,-0.008949405213536512,-0.18915568919096312,-0.1366746844128318,-0.17559752993901048,0.03739568051769537,0.03125127938897187,0.035816017963851074,-2.934000246681455e-16,1.4306349581904747e-18,5.533525586022619e-16
225.82,"[0.06062, 0.0456, 0.40916567458304665]",0.0456,0.40916567458304665,-0.06215275330054623,-0.05197821800350104,-0.059618423052867645,0.16480723997512395,0.1420211911878901,0.1590926614984698,-0.012817012503842927,0.0058369304396442044,-0.008072764011844853,-0.18657963893835666,-0.1328719709820874,-0.1730817671648571,0.037095544632461064,0.030796260011484035,0.035521407115230164,-1.3193328355955888e-15,1.4502325524691222e-18,5.662703274111047e-16
225.84,"[0.06062, 0.0456, 0.40916567458304665]",0.0456,0.40916567458304665,-0.061671230553486146,-0.05197821800350104,-0.05914947089155131,0.16372147006469265,0.1420211911878901,0.15804309370943878,-0.011915605294663225,0.0058369304396442044,-0.007214648755542836,-0.1840150433067194,-0.1328719709820874,-0.17060837588239497,0.03679645850418303,0.030796260011484035,0.03523115431778819,-1.089792924211731e-15,1.4502325524691222e-18,6.097540682017038e-16
225.86,"[0.06062, 0.0456, 0.4094220401961324]",0.0456,0.4094220401961324,-0.06119209621771733,-0.05134093840066035,-0.05871533849116608,0.16264257855732497,0.14063262862860407,0.15707186830908743,-0.0110224235565103,0.006915142976137234,-0.0064212817091351395,-0.18146777650141346,-0.12961923221547433,-0.16831990237767372,0.03649905070876418,0.030406482213242894,0.03496250646887811,-9.052387293686412e-16,1.1731396688537561e-18,6.653867998263185e-16
225.88,"[0.06062, 0.0456, 0.4094220401961324]",0.0456,0.4094220401961324,-0.060760584165708426,-0.05134093840066035,-0.05826126207754135,0.16167155389632232,0.14063262862860407,0.15605797015955883,-0.010219609643951902,0.006915142976137234,-0.005596009725317605,-0.1791756430386427,-0.12961923221547433,-0.1659318992901872,0.03623128560958413,0.030406482213242894,0.03468175752479667,-6.162979830395165e-16,1.1731396688537561e-18,6.868995124987601e-16
225.9,"[0.06062, 0.0456, 0.4094220401961324]",0.0456,0.4094220401961324,-0.06032657984618497,-0.05134093840066035,-0.05782829917045508,0.16069622381992435,0.14063262862860407,0.1550914680617642,-0.009415400142204725,0.006915142976137234,-0.004809731666939613,-0.1768742520096177,-0.12961923221547433,-0.163655695716865,0.0359621426784385,0.030406482213242894,0.03441409515441887,-3.3952892397958294e-16,1.1731396688537561e-18,6.93626798960744e-16
225.92,"[0.06062, 0.0456, 0.40963566856375266]",0.0456,0.40963566856375266,-0.05989087317943502,-0.050806814785535746,-0.05739043386693907,0.15971830541480161,0.13947111123093864,0.1541157806919431,-0.008611088161390095,0.007814549301447045,-0.0040186175906312275,-0.1745675846408879,-0.1268983528021745,-0.16135873745753979,0.035692103262205746,0.030080028926490972,0.0341436175093307,-1.6453305548912556e-16,1.1206802006912622e-18,6.950858287011185e-16
225.94,"[0.06062, 0.0456, 0.40963566856375266]",0.0456,0.40963566856375266,-0.05945519758737842,-0.050806814785535746,-0.05697435254630325,0.15874163758086673,0.13947111123093864,0.15318888271791223,-0.007809719024028159,0.007814549301447045,-0.0032674636417189397,-0.17226462992467573,-0.1268983528021745,-0.15917679434727866,0.03542223395721467,0.030080028926490972,0.03388662777343589,-1.4145974228875064e-17,1.1206802006912622e-18,6.901270313523009e-16
225.96,"[0.06062, 0.0456, 0.40981506765420317]",0.0456,0.40981506765420317,-0.0590212843484316,-0.05035615156491669,-0.056557372263331906,0.15777003497468925,0.1384927232131925,0.15226146570982954,-0.007014294360988196,0.008570432245375266,-0.002518071855508775,-0.16997431605016528,-0.12460635281226116,-0.15699431672141503,0.03515359785852479,0.029804743986574855,0.033629262189023484,6.460006323961611e-17,1.2490156751722025e-18,6.838133058016689e-16
225.98,"[0.06062, 0.0456, 0.40981506765420317]",0.0456,0.40981506765420317,-0.0583873395762816,-0.05035615156491669,-0.056557372263331906,0.15635233348172645,0.1384927232131925,0.15226146570982954,-0.005856518802629926,0.008570432245375266,-0.002518071855508775,-0.16663351692723644,-0.12460635281226116,-0.15699431672141503,0.034761349504424596,0.029804743986574855,0.033629262189023484,-2.5798868067216217e-16,1.2490156751722025e-18,6.838133058016689e-16
226.0,"[0.06062, 0.0456, 0.40995531224290793]",0.0456,0.40995531224290793,-0.05820434284497853,-0.05035615156491669,-0.05579465890481985,0.1559432467045894,0.1384927232131925,0.15056585485967977,-0.005522674110096913,0.008570432245375266,-0.0011491474295112205,-0.16566959690938698,-0.12460635281226116,-0.15300450426895262,0.03464814077288375,0.029804743986574855,0.03315860103578681,-5.606341761423729e-16,1.2490156751722025e-18,7.472301321947419e-16
226.02,"[0.06062, 0.0456, 0.40995531224290793]",0.0456,0.40995531224290793,-0.05778109924468051,-0.05000237837799261,-0.055421045709901,0.15499845877095994,0.1377257541506424,0.14973642605963364,-0.004753808236303084,0.009161798441252186,-0.00048120721312878544,-0.16344421825163022,-0.12280963152107069,-0.1510533467924291,0.034386477754056614,0.029588754628286678,0.03292818820520546,2.793184972447282e-16,1.2181191563727964e-18,7.048147074782763e-16
226.04,"[0.06062, 0.0456, 0.40995531224290793]",0.0456,0.40995531224290793,-0.05736631426061421,-0.05000237837799261,-0.05506838719533611,0.1540733211479237,0.1377257541506424,0.14895370644761757,-0.004002128665504841,0.009161798441252186,0.0001488254280536393,-0.16126555685249824,-0.12280963152107069,-0.14921217163466496,0.03413013989452582,0.029588754628286678,0.03271072188994973,2.629054110767737e-16,1.2181191563727964e-18,6.903137943198328e-16
226.06,"[0.06062, 0.0456, 0.41005626392538985]",0.0456,0.41005626392538985,-0.05696144738452082,-0.04974692472088284,-0.054722868391289994,0.1531710391200559,0.13717255609222637,0.14818767530216437,-0.003270150329549277,0.009587697080175523,0.000764218760251516,-0.15914111943052667,-0.12151364423534987,-0.14741060065303122,0.03388002244202823,0.02943285155937304,0.03249775834634988,2.256032184919754e-16,1.2073759309787172e-18,6.802964124985254e-16
226.08,"[0.06062, 0.0456, 0.41005626392538985]",0.0456,0.41005626392538985,-0.05656721406816985,-0.04974692472088284,-0.054396667225365965,0.1522931427978544,0.13717255609222637,0.1474646348855136,-0.002559005606483554,0.009587697080175523,0.0013448279829690356,-0.15707446225635868,-0.12151364423534987,-0.14571022007978607,0.033636558982772416,0.02943285155937304,0.03229672135170276,2.01697427950408e-16,1.2073759309787172e-18,6.711897219145907e-16
226.1,"[0.06062, 0.0456, 0.41005626392538985]",0.0456,0.41005626392538985,-0.05618416827296863,-0.04974692472088284,-0.054089200596531974,0.15144079993211287,0.13717255609222637,0.14678325713664728,-0.0018695320586154147,0.009587697080175523,0.0018917734385911753,-0.15506829049960083,-0.12151364423534987,-0.14410788866467938,0.03340008316238675,0.02943285155937304,0.03210724718690433,1.6826800552572788e-16,1.2073759309787172e-18,6.640668664741121e-16
226.12,"[0.06062, 0.0456, 0.4101178230745264]",0.0456,0.4101178230745264,-0.05581379641103868,-0.049590805615948697,-0.05379197534606133,0.15061719079847477,0.1368347466492317,0.146125100441507,-0.0012041091092206196,0.009847493642144885,0.0024193330545770222,-0.15313002398351447,-0.12072221899544434,-0.14256037289128629,0.03317149700187646,0.029337597755103206,0.0319241462126313,1.317950107624465e-16,1.137528535372277e-18,6.588921323688676e-16
226.14,"[0.06062, 0.0456, 0.4101178230745264]",0.0456,0.4101178230745264,-0.05545640068123342,-0.049590805615948697,-0.05351213434774034,0.14982292773331424,0.1368347466492317,0.14550555862299372,-0.0005631354675921767,0.009847493642144885,0.002915759346640853,-0.15126106670077746,-0.12072221899544434,-0.14110371095606933,0.03295097943960418,0.029337597755103206,0.031751769182071496,1.087140812337061e-16,1.137528535372277e-18,6.544132073923564e-16
226.16,"[0.06062, 0.0456, 0.41013992893886936]",0.0456,0.41013992893886936,-0.0551121757677165,-0.04953465495426037,-0.05323392044359691,0.1490583863661182,0.1367133057557407,0.14488962186340393,5.317617678570007e-05,0.009940819838497678,0.0034092927441482183,-0.14946226868862456,-0.12043771400883843,-0.13965552658430863,0.03273864342342328,0.029303345088968966,0.03158039475572646,8.479744867041384e-17,1.150086701852811e-18,6.713240030977435e-16
226.18,"[0.06062, 0.0456, 0.41013992893886936]",0.0456,0.41013992893886936,-0.05475530725612978,-0.04953465495426037,-0.052977659936194126,0.14826632111069743,0.1367133057557407,0.14432256984392802,0.000690838320559602,0.009940819838497678,0.0038632484882298525,-0.14759898769396204,-0.12043771400883843,-0.13832239925596398,0.03251857617656105,0.029303345088968966,0.031422576845496084,1.0059679720440392e-18,1.150086701852811e-18,6.432482887434151e-16
226.2,"[0.06062, 0.0456, 0.41013992893886936]",0.0456,0.41013992893886936,-0.05441755426533794,-0.04953465495426037,-0.05273853612366997,0.14751700837010434,0.1367133057557407,0.14379353133165867,0.0012935962484055305,0.009940819838497678,0.004286632610498109,-0.14583643589589154,-0.12043771400883843,-0.1370786859213853,0.03231033630365904,0.029303345088968966,0.03127532391008018,-6.897884858102633e-17,1.150086701852811e-18,6.369499325200736e-16
226.22,"[0.06062, 0.0456, 0.41014]",0.0456,0.41014,-0.054098540818417105,-0.04953465495426037,-0.052515132686204676,0.14680954773289126,0.1367133057557407,0.1432993498297134,0.0018622731532042514,0.009940819838497678,0.004682005595980846,-0.14417246340587722,-0.12043771400883843,-0.13591695495236103,0.032113683948879555,0.029303345088968966,0.031137760984235777,-1.1703242358905986e-16,1.150086701852811e-18,6.348162641804564e-16
226.24,"[0.06062, 0.0456, 0.41014]",0.0456,0.41014,-0.05381779958266663,-0.04953465495426037,-0.05231690146908443,0.14618708646655465,0.1367133057557407,0.14286097521348406,0.00236243874464873,0.009940819838497678,0.005032543782529798,-0.14270847259206332,-0.12043771400883843,-0.13488647589739589,0.031940639248923854,0.029303345088968966,0.03101571321674577,-7.81394895767909e-17,1.150086701852811e-18,6.45206190922985e-16
226.26,"[0.06062, 0.0456, 0.41014]",0.0456,0.41014,-0.0535504697506243,-0.04953465495426037,-0.05212654730580027,0.14559457904402204,0.1367133057557407,0.14244004420934286,0.0028382102610783606,0.009940819838497678,0.005369097520026928,-0.14131503634015694,-0.12043771400883843,-0.133897012827352,0.0317758876018849,0.029303345088968966,0.0308985181444042,-6.276767117529147e-17,1.150086701852811e-18,6.483141396583199e-16
226.28,"[0.06062, 0.0456, 0.41014]",0.0456,0.41014,-0.05329705636080104,-0.04953465495426037,-0.05194799537069038,0.14503310121589483,0.1367133057557407,0.14204525477873073,0.0032887889999352734,0.009940819838497678,0.005684685147247912,-0.13999466355415635,-0.12043771400883843,-0.13296902042726208,0.03161973496147519,0.029303345088968966,0.030788594583814406,-3.711067728472543e-17,1.150086701852811e-18,6.493260311527321e-16
226.3,"[0.06062, 0.0456, 0.41014]",0.0456,0.41014,-0.05305680444683762,-0.04953465495426037,-0.05159900024131012,0.14450094144167663,0.1367133057557407,0.14127362559047008,0.0037156063775157415,0.009940819838497678,0.006301480714315932,-0.13874331068117718,-0.12043771400883843,-0.13115523815937208,0.03147171141017374,0.029303345088968966,0.030573742039060863,-1.1876088560559813e-17,1.150086701852811e-18,6.577724984046758e-16
226.32,"[0.06062, 0.0456, 0.41014]",0.0456,0.41014,-0.05279525469657025,-0.04953465495426037,-0.05144541704698492,0.14392187307078733,0.1367133057557407,0.14093411257086472,0.004179648944796922,0.009940819838497678,0.0065727781556311265,-0.13738178240335927,-0.12043771400883843,-0.13035721184146012,0.03131059820134298,0.029303345088968966,0.030479198585894193,2.1612772518532084e-16,1.150086701852811e-18,6.387133879008063e-16
226.34,"[0.06062, 0.0456, 0.41014]",0.0456,0.41014,-0.052552608030634836,-0.04953465495426037,-0.051303642890312105,0.14338475474765058,0.1367133057557407,0.14062073601715633,0.0046099267211988275,0.009940819838497678,0.006823143742316711,-0.13611893637031705,-0.12043771400883843,-0.12962063445257238,0.03116114118519401,0.029303345088968966,0.030391928388794093,1.522296196285842e-16,1.150086701852811e-18,6.328086315474003e-16
226.36,"[0.06062, 0.0456, 0.41014]",0.0456,0.41014,-0.05232806432807083,-0.04953465495426037,-0.05116278000859775,0.14288779507877358,0.1367133057557407,0.14030937454621292,0.005007905048480129,0.009940819838497678,0.007071898212749889,-0.13495055097604738,-0.12043771400883843,-0.1288887938142852,0.03102284507161844,0.029303345088968966,0.03030521923216598,1.1037681368542978e-16,1.150086701852811e-18,6.366297972832099e-16
226.38,"[0.06062, 0.0456, 0.41014]",0.0456,0.41014,-0.05210666030736717,-0.04953465495426037,-0.051037285403499145,0.14239789517766854,0.1367133057557407,0.1400320184515586,0.005400063745771329,0.009940819838497678,0.007293431741521563,-0.1337988171204073,-0.12043771400883843,-0.12823689839248592,0.030886496162124005,0.029303345088968966,0.030227974442741116,6.251752770670566e-17,1.150086701852811e-18,6.218925770901174e-16
226.4,"[0.06062, 0.0456, 0.41014]",0.0456,0.41014,-0.05190347907562866,-0.04953465495426037,-0.05092200335791424,0.14194837859978826,0.1367133057557407,0.13977725550565331,0.0057598036610519284,0.009940819838497678,0.007496885938707866,-0.13274205256719251,-0.12043771400883843,-0.1276381165034603,0.030761377035442884,0.029303345088968966,0.030157018427628197,2.9544337556207514e-17,1.150086701852811e-18,6.167035994294791e-16
226.42,"[0.06062, 0.0456, 0.41014]",0.0456,0.41014,-0.05171699868925965,-0.04953465495426037,-0.05081580676327943,0.14153586521198258,0.1367133057557407,0.13954258941488945,0.006089849289901883,0.009940819838497678,0.007684262561459087,-0.13177230472017012,-0.12043771400883843,-0.12708657833594414,0.030646548899959807,0.029303345088968966,0.030091656786439585,1.4553290957684944e-17,1.150086701852811e-18,6.128525327451427e-16
226.44,"[0.06062, 0.0456, 0.41014]",0.0456,0.41014,-0.0515457722233204,-0.04953465495426037,-0.05062067598734109,0.14115714281061423,0.1367133057557407,0.13911143567116863,0.006392787807599745,0.009940819838497678,0.0080284814288847,-0.1308820167122507,-0.12043771400883843,-0.126073249181381,0.030541119398392755,0.029303345088968966,0.029971562155893864,1.3280871288055928e-17,1.150086701852811e-18,6.11163713376595e-16
226.461,"[0.06062, 0.0456, 0.41014]",0.0456,0.41014,-0.05129361905488805,-0.04953465495426037,-0.05052737732227688,0.1405995483979597,0.1367133057557407,0.13890529357728199,0.006838620704415501,0.009940819838497678,0.008193047689770791,-0.12957130190317556,-0.12043771400883843,-0.12558876238251598,0.03038587577278854,0.029303345088968966,0.02991414169796312,1.935390234428889e-16,1.150086701852811e-18,6.046634374333684e-16
226.48,"[0.06062, 0.0456, 0.41014]",0.0456,0.41014,-0.05121699488162351,-0.04953465495426037,-0.050445554879907865,0.1404301229159308,0.1367133057557407,0.13872452695128903,0.006974063400909088,0.009940819838497678,0.008337328018436353,-0.1291730479537739,-0.12043771400883843,-0.12516392358066777,0.030338702365307075,0.029303345088968966,0.029863786552223603,1.168148061856487e-16,1.150086701852811e-18,5.910918609238603e-16
226.5,"[0.06062, 0.0456, 0.41014]",0.0456,0.41014,-0.051070421281294597,-0.04953465495426037,-0.05037108646838876,0.14010605968272583,0.1367133057557407,0.1385600190530083,0.007233083674360213,0.009940819838497678,0.008468613642483414,-0.12841131432795586,-0.12043771400883843,-0.12477730183898203,0.03024846836082323,0.029303345088968966,0.02981795865464736,9.820382537363153e-17,1.150086701852811e-18,5.839246704098552e-16
226.52,"[0.06062, 0.0456, 0.41014]",0.0456,0.41014,-0.05093754766683983,-0.04953465495426037,-0.05030306037904792,0.13981231196315605,0.1367133057557407,0.13840975287351,0.0074678343644297195,0.009940819838497678,0.00858851866520031,-0.12772085196012067,-0.12043771400883843,-0.1244241554122582,0.030166671516651877,0.029303345088968966,0.02977609658033467,9.234392947178185e-17,1.150086701852811e-18,5.774277299071491e-16
226.54,"[0.06062, 0.0456, 0.41014]",0.0456,0.41014,-0.050816995082156986,-0.04953465495426037,-0.05024086445780567,0.1395458257361995,0.1367133057557407,0.13827237403973558,0.007680764377706902,0.009940819838497678,0.008698127038612028,-0.1270944796210945,-0.12043771400883843,-0.12410130029361026,0.030092462278753722,0.029303345088968966,0.029737823358586147,9.584720353151704e-17,1.150086701852811e-18,5.707850088300268e-16
226.56,"[0.06062, 0.0456, 0.41014]",0.0456,0.41014,-0.050707530263528075,-0.04953465495426037,-0.05018396308619193,0.13930386991394736,0.1367133057557407,0.13814669760791168,0.007874063279413888,0.009940819838497678,0.008798386970295159,-0.1265257755539383,-0.12043771400883843,-0.12380595083541797,0.030025080883924027,0.029303345088968966,0.029702809161820647,1.0576505132454539e-16,1.150086701852811e-18,5.636823919711279e-16
226.58,"[0.06062, 0.0456, 0.41014]",0.0456,0.41014,-0.05060805249983222,-0.04953465495426037,-0.05013587458623456,0.13908400717587618,0.1367133057557407,0.13804049874649174,0.008049684776820202,0.009940819838497678,0.008883089205075554,-0.12600900886248345,-0.12043771400883843,-0.12355638139553922,0.029963849256726568,0.029303345088968966,0.029673219513883606,1.1972307009312376e-16,1.150086701852811e-18,5.5851009075369e-16
226.6,"[0.06062, 0.0456, 0.41014]",0.0456,0.41014,-0.05052266666124334,-0.04953465495426037,-0.0500898419750679,0.13889529847189652,0.1367133057557407,0.1379388426382358,0.008200408413200447,0.009940819838497678,0.008964164450538537,-0.12556547089841655,-0.12043771400883843,-0.12331748873372336,0.02991129267390296,0.029303345088968966,0.029644895194069185,1.448158451731283e-16,1.150086701852811e-18,5.505042419286465e-16
226.62,"[0.06062, 0.0456, 0.41014]",0.0456,0.41014,-0.05044457290587376,-0.04953465495426037,-0.050043959599717164,0.13872272091331944,0.1367133057557407,0.1378375181764347,0.008338225284347944,0.009940819838497678,0.009044975383221146,-0.12515985463175047,-0.12043771400883843,-0.12307937538242648,0.029863226341520104,0.029303345088968966,0.029616663300443404,1.7089958103878457e-16,1.150086701852811e-18,5.447877485434539e-16
226.64,"[0.06062, 0.0456, 0.41014]",0.0456,0.41014,-0.05036845637770262,-0.04953465495426037,-0.050003349712076414,0.13855453239338614,0.1367133057557407,0.137747843904697,0.008472507799281964,0.009940819838497678,0.009116484746420751,-0.12476456357943885,-0.12043771400883843,-0.12286864330551879,0.02981637936371783,0.029303345088968966,0.02959167643302572,1.8698610551238652e-16,1.150086701852811e-18,5.315876876610396e-16
226.66,"[0.06062, 0.0456, 0.41014]",0.0456,0.41014,-0.05029908611123234,-0.04953465495426037,-0.04996621767717207,0.13840126158060986,0.1367133057557407,0.13766585362130376,0.008594863415389214,0.009940819838497678,0.009181860286026546,-0.12440433873245248,-0.12043771400883843,-0.12267597043767933,0.029773685806888647,0.029303345088968966,0.029568829968596545,2.0004423647780195e-16,1.150086701852811e-18,5.200821465716771e-16
226.68,"[0.06062, 0.0456, 0.41014]",0.0456,0.41014,-0.05023584110875973,-0.04953465495426037,-0.04989657320989963,0.13826153406841613,0.1367133057557407,0.1375120785678519,0.00870639281696365,0.009940819838497678,0.00930446630106937,-0.12407594876150284,-0.12043771400883843,-0.12231460958347973,0.029734763197615498,0.029303345088968966,0.029525979989885872,2.1228834845211522e-16,1.150086701852811e-18,4.998441209474854e-16
226.7,"[0.06062, 0.0456, 0.41014]",0.0456,0.41014,-0.050174328591261565,-0.04953465495426037,-0.049866895743319144,0.13812564732393146,0.1367133057557407,0.13744655616414161,0.008814836810493437,0.009940819838497678,0.009356699610065465,-0.12375659179611845,-0.12043771400883843,-0.12216063906345714,0.02969690840437379,0.029303345088968966,0.029507721072921985,2.643283180079435e-16,1.150086701852811e-18,4.848432053130871e-16
226.72,"[0.06062, 0.0456, 0.41014]",0.0456,0.41014,-0.0501185873221437,-0.04953465495426037,-0.04983980448654092,0.13800251701997937,0.1367133057557407,0.13738674628651168,0.00891308974076037,0.009940819838497678,0.009404375023728777,-0.12346721812876975,-0.12043771400883843,-0.12202009363906632,0.02966260611392708,0.029303345088968966,0.02949105363055987,2.6347179829168004e-16,1.150086701852811e-18,4.716284864165518e-16
226.74,"[0.06062, 0.0456, 0.41014]",0.0456,0.41014,-0.050068056796488285,-0.04953465495426037,-0.04981504397287908,0.13789090346968091,0.1367133057557407,0.13733208436319128,0.00900214315345453,0.009940819838497678,0.009447943430243449,-0.12320491356897524,-0.12043771400883843,-0.12189164636302481,0.029631511211902314,0.029303345088968966,0.029475820421615402,2.6337768954310845e-16,1.150086701852811e-18,4.58513507743599e-16
226.76,"[0.06062, 0.0456, 0.41014]",0.0456,0.41014,-0.05002221280623127,-0.04953465495426037,-0.049792398515646444,0.13778964741262037,0.1367133057557407,0.13728209374482916,0.009082924045619757,0.009940819838497678,0.009487785484504548,-0.12296695305974155,-0.12043771400883843,-0.12177417694233422,0.029603300950555245,0.029303345088968966,0.029461888690946025,2.63718129025269e-16,1.150086701852811e-18,4.453729787712442e-16
226.78,"[0.06062, 0.0456, 0.41014]",0.0456,0.41014,-0.0499595175656309,-0.04953465495426037,-0.04974839171723481,0.13765118299336251,0.1367133057557407,0.13718494821490007,0.009193372622482062,0.009940819838497678,0.009565208097205192,-0.1226415550658605,-0.12043771400883843,-0.12154590200029268,0.029564722566942057,0.029303345088968966,0.02943481535030727,2.75828667291932e-16,1.150086701852811e-18,4.1984831107720033e-16
226.8,"[0.06062, 0.0456, 0.41014]",0.0456,0.41014,-0.049938404980791294,-0.04953465495426037,-0.049729730648178816,0.13760455951555517,0.1367133057557407,0.13714375646878857,0.009230556167935678,0.009940819838497678,0.009598032737283085,-0.12253198976196368,-0.12043771400883843,-0.12144910997480139,0.029551731845279882,0.029303345088968966,0.029423335246846597,2.8369563825548686e-16,1.150086701852811e-18,4.050023631342075e-16
226.821,"[0.06062, 0.0456, 0.41014]",0.0456,0.41014,-0.04988336578324536,-0.04953465495426037,-0.04971287256046382,0.13748301842142044,0.1367133057557407,0.1371065460656747,0.00932748351691568,0.009940819838497678,0.009627682485394086,-0.12224636950090928,-0.12043771400883843,-0.12136167400621686,0.029517866255488336,0.029303345088968966,0.029412964502753894,2.5632994174108384e-16,1.150086701852811e-18,3.9180452494783815e-16
226.84,"[0.06062, 0.0456, 0.41014]",0.0456,0.41014,-0.04986631646096722,-0.04953465495426037,-0.049697579549920344,0.13744537118588473,0.1367133057557407,0.13707279150506038,0.009357503411746385,0.009940819838497678,0.00965457663852575,-0.12215789995409897,-0.12043771400883843,-0.1212823591038342,0.029507376080216197,0.029303345088968966,0.02940355671808742,2.6261788066063073e-16,1.150086701852811e-18,3.7908842700552083e-16
226.86,"[0.06062, 0.0456, 0.41014]",0.0456,0.41014,-0.04982030843373781,-0.04953465495426037,-0.0496823889680283,0.137343783366841,0.1367133057557407,0.13703926305451636,0.009438503219587911,0.009940819838497678,0.009681290591046096,-0.12191917453951616,-0.12043771400883843,-0.12120357551926704,0.02947906858663915,0.029303345088968966,0.02939421194807056,2.586965382431851e-16,1.150086701852811e-18,3.672207606526621e-16
226.88,"[0.06062, 0.0456, 0.41014]",0.0456,0.41014,-0.04980651648716627,-0.04953465495426037,-0.049669219579579774,0.13731333133564647,0.1367133057557407,0.1370101973145819,0.0094627819547185,0.009940819838497678,0.009704446520261617,-0.12184761464014725,-0.12043771400883843,-0.12113527895745278,0.029470582922783626,0.029303345088968966,0.02938611074222712,2.447714792206503e-16,1.150086701852811e-18,3.5403056482437555e-16
226.9,"[0.06062, 0.0456, 0.41014]",0.0456,0.41014,-0.04978043007472426,-0.04953465495426037,-0.04965735071567175,0.13725573587171688,0.1367133057557407,0.13698400292828897,0.009508698218342935,0.009940819838497678,0.009725313405916805,-0.12171227086548331,-0.12043771400883843,-0.12107372978071744,0.029454533208480436,0.029303345088968966,0.02937880968190387,2.356320885874665e-16,1.150086701852811e-18,3.420454300991154e-16
226.92,"[0.06062, 0.0456, 0.41014]",0.0456,0.41014,-0.04975704499650377,-0.04953465495426037,-0.049635942139645034,0.13720410661253823,0.1367133057557407,0.1369367563007357,0.009549855100154117,0.009940819838497678,0.00976294824174694,-0.12159094806442541,-0.12043771400883843,-0.12096271481434642,0.02944014573843341,0.029303345088968966,0.029365640536896595,2.2774256621872394e-16,1.150086701852811e-18,3.1959398335602167e-16
226.941,"[0.06062, 0.0456, 0.41014]",0.0456,0.41014,-0.0497250902312239,-0.04953465495426037,-0.04962672577384405,0.13713356168096083,0.1367133057557407,0.13691641774346902,0.009606084292650455,0.009940819838497678,0.00977914756335679,-0.12142517772743423,-0.12043771400883843,-0.12091492600514789,0.029420486371581654,0.029303345088968966,0.029359971364529155,2.2103048740930077e-16,1.150086701852811e-18,3.079322062968511e-16
226.96,"[0.06062, 0.0456, 0.41014]",0.0456,0.41014,-0.04971525378548587,-0.04953465495426037,-0.04962672577384405,0.1371118472872499,0.1367133057557407,0.13691641774346902,0.009623390617707166,0.009940819838497678,0.00977914756335679,-0.12137415255786249,-0.12043771400883843,-0.12091492600514789,0.029414434870877745,0.029303345088968966,0.029359971364529155,2.218579505073417e-16,1.150086701852811e-18,3.079322062968511e-16
226.98,"[0.06062, 0.0456, 0.41014]",0.0456,0.41014,-0.04969843346327324,-0.04953465495426037,-0.04961919181841741,0.13707471567400362,0.1367133057557407,0.1368997931570609,0.009652984433555372,0.009940819838497678,0.009792386896037666,-0.12128689951789216,-0.12043771400883843,-0.12087586439000204,0.029404086804674084,0.029303345088968966,0.029355337228360402,2.0441964276508484e-16,1.150086701852811e-18,2.9807317015819994e-16
227.0,"[0.06062, 0.0456, 0.41014]",0.0456,0.41014,-0.049683377550750286,-0.04953465495426037,-0.04961202695157546,0.13704148039585679,0.1367133057557407,0.1368839832596188,0.00967947089760201,0.009940819838497678,0.009804977059131404,-0.12120880284863945,-0.12043771400883843,-0.12083871711296885,0.029394824385177074,0.029303345088968966,0.029350930148967933,1.9923975846581819e-16,1.150086701852811e-18,2.880714960050092e-16
227.02,"[0.06062, 0.0456, 0.41014]",0.0456,0.41014,-0.049669820936906764,-0.04953465495426037,-0.049605489057609295,0.13701155594004402,0.1367133057557407,0.13686955729393832,0.009703317064468107,0.009940819838497678,0.009816464439754025,-0.12113848656390824,-0.12043771400883843,-0.12080482177542631,0.029386484480299898,0.029303345088968966,0.029346908774030685,1.945200095685543e-16,1.150086701852811e-18,2.7827211831823843e-16
227.04,"[0.06062, 0.0456, 0.41014]",0.0456,0.41014,-0.049657597879840004,-0.04953465495426037,-0.049599538616975115,0.13698457619735632,0.1367133057557407,0.13685642798148984,0.009724815061948416,0.009940819838497678,0.009826918654714401,-0.12107509025914269,-0.12043771400883843,-0.12077397326945276,0.029378965096111338,0.029303345088968966,0.0293432487861094,1.897239328383474e-16,1.150086701852811e-18,2.6872501371759595e-16
227.06,"[0.06062, 0.0456, 0.41014]",0.0456,0.41014,-0.04964656661989545,-0.04953465495426037,-0.04959412019236953,0.1369602280364142,0.1367133057557407,0.1368444729135123,0.009744214740750365,0.009940819838497678,0.009836437306149855,-0.12101787803614741,-0.12043771400883843,-0.12074588394131693,0.029372178997213564,0.029303345088968966,0.029339916076050705,1.8479037927266935e-16,1.150086701852811e-18,2.59441755075078e-16
227.08,"[0.06062, 0.0456, 0.41014]",0.0456,0.41014,-0.04963660179866534,-0.04953465495426037,-0.04958400259498613,0.136938234563135,0.1367133057557407,0.13682215019352872,0.009761737024353064,0.009940819838497678,0.009854209988346145,-0.12096619916317526,-0.12043771400883843,-0.1206934352690316,0.029366049042195225,0.029303345088968966,0.02933369310411886,1.7967598078462073e-16,1.150086701852811e-18,2.4174795817811707e-16
227.1,"[0.06062, 0.0456, 0.41014]",0.0456,0.41014,-0.04962703408925617,-0.04953465495426037,-0.04957974268353353,0.13691711871317674,0.1367133057557407,0.13681275195859255,0.009778558373435988,0.009940819838497678,0.009861691803366915,-0.12091658303173983,-0.12043771400883843,-0.1206713537602923,0.02936016351430424,0.029303345088968966,0.02933107304812628,1.7934291387723322e-16,1.150086701852811e-18,2.328634568707775e-16
227.121,"[0.06062, 0.0456, 0.41014]",0.0456,0.41014,-0.04961456317113263,-0.04953465495426037,-0.04957974268353353,0.1368895965798171,0.1367133057557407,0.13681275195859255,0.009800481500478703,0.009940819838497678,0.009861691803366915,-0.12085191450858127,-0.12043771400883843,-0.1206713537602923,0.02935249222250912,0.029303345088968966,0.02933107304812628,1.6589750589580601e-16,1.150086701852811e-18,2.328634568707775e-16
227.14,"[0.06062, 0.0456, 0.41014]",0.0456,0.41014,-0.049611081122372586,-0.04953465495426037,-0.04957620735438938,0.1368819121177325,0.1367133057557407,0.13680495277643168,0.00980660252875595,0.009940819838497678,0.009867899918750166,-0.12083385843640747,-0.12043771400883843,-0.12065302951697852,0.0293503503050722,0.029303345088968966,0.029328898703856604,1.6104895378045086e-16,1.150086701852811e-18,2.2509686572797354e-16
227.16,"[0.06062, 0.0456, 0.41014]",0.0456,0.41014,-0.04960445510645566,-0.04953465495426037,-0.04957283563304313,0.13686728984295748,0.1367133057557407,0.1367975146194877,0.0098182490290329,0.009940819838497678,0.009873820517098316,-0.12079950094676105,-0.12043771400883843,-0.12063555355139495,0.029346274500843848,0.029303345088968966,0.029326824995326236,1.5575978190219756e-16,1.150086701852811e-18,2.1736000518394086e-16
227.18,"[0.06062, 0.0456, 0.41014]",0.0456,0.41014,-0.049598447406507186,-0.04953465495426037,-0.04956974271197131,0.13685403255057044,0.1367133057557407,0.13679069168398278,0.009828807607943607,0.009940819838497678,0.009879251148929596,-0.12076835094668642,-0.12043771400883843,-0.12061952313529292,0.0293425790947981,0.029303345088968966,0.029324922778650574,1.5053522847342438e-16,1.150086701852811e-18,2.0986711697941296e-16
227.2,"[0.06062, 0.0456, 0.41014]",0.0456,0.41014,-0.049592993514545276,-0.04953465495426037,-0.049567131980105116,0.136841997785991,0.1367133057557407,0.13678493275642858,0.009838391876909434,0.009940819838497678,0.009883834437578103,-0.12074007366756655,-0.12043771400883843,-0.12060599274294535,0.02933922439473269,0.029303345088968966,0.02932331715644408,1.4523781665866021e-16,1.150086701852811e-18,2.0301902736421e-16
227.22,"[0.06062, 0.0456, 0.41014]",0.0456,0.41014,-0.04958831478886948,-0.04953465495426037,-0.04956443377607655,0.13683167373392624,0.1367133057557407,0.13677898080024095,0.009846613463636774,0.009940819838497678,0.009888571464605441,-0.12071581603224463,-0.12043771400883843,-0.12059200879969163,0.029336346525459044,0.029303345088968966,0.029321657728809618,1.4092182465042987e-16,1.150086701852811e-18,1.9614791345979972e-16
227.24,"[0.06062, 0.0456, 0.41014]",0.0456,0.41014,-0.04958402023480129,-0.04953465495426037,-0.04956201984488668,0.1368221977526551,0.1367133057557407,0.13677365609816775,0.009854159147567173,0.009940819838497678,0.009892809007422197,-0.12069355121799724,-0.12043771400883843,-0.12057949865734667,0.029333705002585378,0.029303345088968966,0.029320173153959666,1.3669777298642634e-16,1.150086701852811e-18,1.8950132046608533e-16
227.26,"[0.06062, 0.0456, 0.41014]",0.0456,0.41014,-0.04957783870736325,-0.04953465495426037,-0.049559825627175834,0.1368085589706979,0.1367133057557407,0.1367688161612276,0.009865018412039574,0.009940819838497678,0.009896660586438514,-0.12066150586598835,-0.12043771400883843,-0.12056812750466638,0.029329902927983178,0.029303345088968966,0.029318823717676343,1.2917991512241186e-16,1.150086701852811e-18,1.828925195318747e-16
227.28,"[0.06062, 0.0456, 0.41014]",0.0456,0.41014,-0.04957603739934445,-0.04953465495426037,-0.04955582097610511,0.13680458468978873,0.1367133057557407,0.13675998302559994,0.009868182627468558,0.009940819838497678,0.009903689619598284,-0.12065216803251107,-0.12043771400883843,-0.12054737465815765,0.029328795006953883,0.029303345088968966,0.02931636089527789,1.251150243373292e-16,1.150086701852811e-18,1.70661734207975e-16
227.3,"[0.06062, 0.0456, 0.41014]",0.0456,0.41014,-0.04957237590070428,-0.04953465495426037,-0.04955406777115996,0.13679650656875275,0.1367133057557407,0.13675611606678048,0.009874613677131817,0.009940819838497678,0.009906766602345735,-0.12063318812957098,-0.12043771400883843,-0.12053828956111057,0.02932654299141223,0.029303345088968966,0.02931528270531552,1.2111345095911967e-16,1.150086701852811e-18,1.648140822481144e-16
227.32,"[0.06062, 0.0456, 0.41014]",0.0456,0.41014,-0.04956755640719819,-0.04953465495426037,-0.04955247287005046,0.13678587396648534,0.1367133057557407,0.13675259834618514,0.009883077878812976,0.009940819838497678,0.009909565579557732,-0.12060820651757383,-0.12043771400883843,-0.12053002500650194,0.029323578787270713,0.029303345088968966,0.02931430187852999,1.1052253045741224e-16,1.150086701852811e-18,1.5938151004025142e-16
227.34,"[0.06062, 0.0456, 0.41014]",0.0456,0.41014,-0.04956604805348342,-0.04953465495426037,-0.04955101684210771,0.13678254640449328,0.1367133057557407,0.13674938698881006,0.00988572664687666,0.009940819838497678,0.00991212069394405,-0.12060038836912174,-0.12043771400883843,-0.12052248025451057,0.029322651096398016,0.029303345088968966,0.029313406463252808,1.0833547783507448e-16,1.150086701852811e-18,1.5425651062061798e-16
227.36,"[0.06062, 0.0456, 0.41014]",0.0456,0.41014,-0.049563323165836864,-0.04953465495426037,-0.04954968641321552,0.1367765351377494,0.1367133057557407,0.136746452704019,0.009890511551704338,0.009940819838497678,0.009914455271241258,-0.12058626486006913,-0.12043771400883843,-0.12051558648315014,0.029320975203477987,0.029303345088968966,0.02931258829461254,1.0245953574107202e-16,1.150086701852811e-18,1.4941235732103112e-16
227.38,"[0.06062, 0.0456, 0.41014]",0.0456,0.41014,-0.04956085192143909,-0.04953465495426037,-0.04954846995582534,0.136771083561044,0.1367133057557407,0.13674376983510236,0.00989485074263934,0.009940819838497678,0.00991658974237069,-0.12057345641292118,-0.12043771400883843,-0.1205092834090931,0.029319455325973787,0.029303345088968966,0.02931184022061141,9.688153240406859e-17,1.150086701852811e-18,1.4483580741877212e-16
227.4,"[0.06062, 0.0456, 0.41014]",0.0456,0.41014,-0.04955860882913756,-0.04953465495426037,-0.0495472614001038,0.13676613541138952,0.1367133057557407,0.13674110439429585,0.009898789046366475,0.009940819838497678,0.009918710346080084,-0.12056183082390325,-0.12043771400883843,-0.12050302128082194,0.029318075782617675,0.029303345088968966,0.02931109700597022,9.160146782406416e-17,1.150086701852811e-18,1.403481535649501e-16
227.421,"[0.06062, 0.0456, 0.41014]",0.0456,0.41014,-0.04955542778560921,-0.04953465495426037,-0.04954620249750191,0.13675911847340186,0.1367133057557407,0.1367387690697137,0.0099043735007474,0.009940819838497678,0.009920568222151848,-0.12054534479177506,-0.12043771400883843,-0.12049753474934377,0.029316119416495555,0.029303345088968966,0.029310445829426393,8.386026431251767e-17,1.150086701852811e-18,1.3609053000458785e-16
227.44,"[0.06062, 0.0456, 0.41014]",0.0456,0.41014,-0.04955450525679846,-0.04953465495426037,-0.04954524096321186,0.13675708353307087,0.1367133057557407,0.13673664852136144,0.009905992970877346,0.009940819838497678,0.009922255174829118,-0.12054056379018668,-0.12043771400883843,-0.12049255282428507,0.029315552057790017,0.029303345088968966,0.02930985453457226,8.073559365141445e-17,1.150086701852811e-18,1.321583777966167e-16
227.46,"[0.06062, 0.0456, 0.41014]",0.0456,0.41014,-0.04955274504101696,-0.04953465495426037,-0.049544364647671174,0.136753200880918,0.1367133057557407,0.13673471594533737,0.009909082785808243,0.009940819838497678,0.009923792541583864,-0.1205314417117095,-0.12043771400883843,-0.12048801252911326,0.029314469528381265,0.029303345088968966,0.029309315648889216,7.583630087438695e-17,1.150086701852811e-18,1.2847155388935744e-16
227.48,"[0.06062, 0.0456, 0.41014]",0.0456,0.41014,-0.04955115276628119,-0.04953465495426037,-0.049542771068891,0.13674968874322976,0.1367133057557407,0.13673120161610344,0.009911877635585731,0.009940819838497678,0.009926588108080949,-0.12052319017206031,-0.12043771400883843,-0.12047975617200012,0.02931349029128038,0.029303345088968966,0.029308335692948644,7.126703923866405e-17,1.150086701852811e-18,1.2161180187132656e-16
227.5,"[0.06062, 0.0456, 0.41014]",0.0456,0.41014,-0.049549631719178755,-0.04953465495426037,-0.04954133244677293,0.13674633381426707,0.1367133057557407,0.13672802906490883,0.00991454723449951,0.009940819838497678,0.00992911172143023,-0.12051530803220464,-0.12043771400883843,-0.12047230279274189,0.02931255487070695,0.029303345088968966,0.02930745103232568,6.756383829832257e-17,1.150086701852811e-18,1.1511657842293917e-16
227.52,"[0.06062, 0.0456, 0.41014]",0.0456,0.41014,-0.0495481843334123,-0.04953465495426037,-0.04953999389017831,0.13674314144156866,0.1367133057557407,0.13672507721732793,0.009917087357995114,0.009940819838497678,0.009931459727486859,-0.12050780784588415,-0.12043771400883843,-0.12046536793528251,0.029311664760873223,0.029303345088968966,0.029306627909492382,6.359522466615664e-17,1.150086701852811e-18,1.0895174651448276e-16
227.54,"[0.06062, 0.0456, 0.41014]",0.0456,0.41014,-0.04954668648924998,-0.04953465495426037,-0.0495393834130562,0.13673983789268893,0.1367133057557407,0.13672373098134832,0.009919715769455755,0.009940819838497678,0.00993253054708096,-0.12050004651724532,-0.12043771400883843,-0.12046220519381554,0.029310743634278432,0.029303345088968966,0.02930625250889668,5.861266516228229e-17,1.150086701852811e-18,1.0604000061339177e-16
227.56,"[0.06062, 0.0456, 0.41014]",0.0456,0.41014,-0.04954535384771414,-0.04953465495426037,-0.04953886655895881,0.13673689874084421,0.1367133057557407,0.13672259123223857,0.009922054199621423,0.009940819838497678,0.00993343708206319,-0.12049314131756966,-0.12043771400883843,-0.12045952756978465,0.029309924106512158,0.029303345088968966,0.029305934683238014,5.338334124395023e-17,1.150086701852811e-18,1.0351741357607427e-16
227.58,"[0.06062, 0.0456, 0.41014]",0.0456,0.41014,-0.049544121262850564,-0.04953465495426037,-0.04953841339828168,0.13673418031428114,0.1367133057557407,0.13672159195577666,0.009924216943465758,0.009940819838497678,0.009934231860619711,-0.12048675471053451,-0.12043771400883843,-0.12045717996830832,0.02930916611609267,0.029303345088968966,0.02930565602634626,4.833919905667867e-17,1.150086701852811e-18,1.0119717767259218e-16
227.6,"[0.06062, 0.0456, 0.41014]",0.0456,0.41014,-0.049543036768582405,-0.04953465495426037,-0.049538012343252294,0.13673178852623738,0.1367133057557407,0.13672070759459576,0.009926119773905452,0.009940819838497678,0.009934935217206979,-0.12048113551455542,-0.12043771400883843,-0.12045510234507589,0.02930849919904347,0.029303345088968966,0.029305409412094724,4.391131738424787e-17,1.150086701852811e-18,9.911883150815159e-17
227.62,"[0.06062, 0.0456, 0.41014]",0.0456,0.41014,-0.04954163960220027,-0.04953465495426037,-0.04953765687207559,0.13672870721081087,0.1367133057557407,0.13671992376405054,0.009928571091632487,0.009940819838497678,0.00993555859760853,-0.12047389638877717,-0.12043771400883843,-0.12045326090464141,0.02930764000854611,0.029303345088968966,0.02930519082971456,3.8434795370589094e-17,1.150086701852811e-18,9.722893813079232e-17
227.64,"[0.06062, 0.0456, 0.41014]",0.0456,0.41014,-0.04954124132918777,-0.04953465495426037,-0.04953734153684167,0.1367278288661727,0.1367133057557407,0.13671922844812076,0.009929269840219846,0.009940819838497678,0.009936111562853022,-0.12047183284301825,-0.12043771400883843,-0.12045162741645,0.029307395090664337,0.029303345088968966,0.029304996928858316,3.660206001821959e-17,1.150086701852811e-18,9.550374744477003e-17
227.66,"[0.06062, 0.0456, 0.41014]",0.0456,0.41014,-0.04954050036864198,-0.04953465495426037,-0.04953702847625827,0.13672619478681478,0.1367133057557407,0.13671853814812074,0.009930569763700686,0.009940819838497678,0.0099366605386,-0.12046799381701415,-0.12043771400883843,-0.1204500057122074,0.02930693943992383,0.029303345088968966,0.029304804426731466,3.3570630743950105e-17,1.150086701852811e-18,9.380478220385397e-17
227.68,"[0.06062, 0.0456, 0.41014]",0.0456,0.41014,-0.04953984070908901,-0.04953465495426037,-0.049536528793376625,0.13672474002553497,0.1367133057557407,0.13671743638634407,0.009931727007112113,0.009940819838497678,0.00993753667619942,-0.12046457608214468,-0.12043771400883843,-0.1204474173912343,0.029306533787419917,0.029303345088968966,0.029304497174859223,3.0897855548338834e-17,1.150086701852811e-18,9.090822379721714e-17
227.7,"[0.06062, 0.0456, 0.41014]",0.0456,0.41014,-0.04953923254055591,-0.04953465495426037,-0.04953629736556401,0.1367233988474694,0.1367133057557407,0.13671692611210343,0.009932793853111575,0.009940819838497678,0.009937942444925695,-0.12046142520735538,-0.12043771400883843,-0.12044621862909848,0.02930615980243447,0.029303345088968966,0.029304354872080187,2.86045511130975e-17,1.150086701852811e-18,8.952315055704464e-17
227.72,"[0.06062, 0.0456, 0.41014]",0.0456,0.41014,-0.049538674857307424,-0.04953465495426037,-0.0495361047509088,0.1367221690278219,0.1367133057557407,0.13671650142977537,0.009933772081736875,0.009940819838497678,0.009938280131772101,-0.12045853596253041,-0.12043771400883843,-0.12044522095009122,0.02930581686566976,0.029303345088968966,0.029304236436716445,2.6064915944267457e-17,1.150086701852811e-18,8.829690928672813e-17
227.74,"[0.06062, 0.0456, 0.41014]",0.0456,0.41014,-0.04953818653709168,-0.04953465495426037,-0.04953593629305443,0.13672109218426504,0.1367133057557407,0.13671613001775554,0.009934628607424197,0.009940819838497678,0.009938575447591542,-0.12045600611521082,-0.12043771400883843,-0.12044434841982085,0.029305516584171274,0.029303345088968966,0.029304132856000763,2.3832326830685305e-17,1.150086701852811e-18,8.719343222600174e-17
227.76,"[0.06062, 0.0456, 0.41014]",0.0456,0.41014,-0.04953775899072461,-0.04953465495426037,-0.04953578825725555,0.1367201493727001,0.1367133057557407,0.13671580363951794,0.009935378503236635,0.009940819838497678,0.009938834944750525,-0.12045379115813065,-0.12043771400883843,-0.12044358168775054,0.029305253675821496,0.029303345088968966,0.029304041833254788,2.1839563237656948e-17,1.150086701852811e-18,8.618761631470477e-17
227.78,"[0.06062, 0.0456, 0.41014]",0.0456,0.41014,-0.04953738455136549,-0.04953465495426037,-0.04953551848561874,0.1367193236834673,0.1367133057557407,0.1367152088771958,0.009936035223304931,0.009940819838497678,0.009939307814053834,-0.12045185136380225,-0.12043771400883843,-0.12044218446906801,0.029305023425736428,0.029303345088968966,0.02930387596002558,2.0086625165182384e-17,1.150086701852811e-18,8.43122042561829e-17
227.8,"[0.06062, 0.0456, 0.41014]",0.0456,0.41014,-0.04953704105456004,-0.04953465495426037,-0.04953541211460126,0.13671856624421652,0.1367133057557407,0.13671497437337063,0.009936637633847101,0.009940819838497678,0.009939494241060028,-0.12045007191783527,-0.12043771400883843,-0.12044163357685628,0.029304812204955146,0.029303345088968966,0.029303810557520436,1.8586089358462458e-17,1.150086701852811e-18,8.349721817300496e-17
227.82,"[0.06062, 0.0456, 0.41014]",0.0456,0.41014,-0.049536741129359456,-0.04953465495426037,-0.049535306636089904,0.13671790489417207,0.1367133057557407,0.13671474183733337,0.009937163606967689,0.009940819838497678,0.009939679103429362,-0.12044851821839211,-0.12043771400883843,-0.12044108730742563,0.029304627778170642,0.029303345088968966,0.02930374570379733,1.708858931782548e-17,1.150086701852811e-18,8.269895733374922e-17
227.84,"[0.06062, 0.0456, 0.41014]",0.0456,0.41014,-0.04953646857563825,-0.04953465495426037,-0.04953522008857866,0.1367173039134449,0.1367133057557407,0.13671455104414057,0.0099376415474761,0.009940819838497678,0.009939830769058779,-0.12044710635035226,-0.12043771400883843,-0.12044063910335188,0.029304460184042345,0.029303345088968966,0.02930369249080551,1.567132023795243e-17,1.150086701852811e-18,8.198629700292896e-17
227.86,"[0.06062, 0.0456, 0.41014]",0.0456,0.41014,-0.04953623136309691,-0.04953465495426037,-0.049535064470066,0.13671678086834904,0.1367133057557407,0.13671420799234743,0.009938057495757515,0.009940819838497678,0.009940103456650404,-0.12044587757846605,-0.12043771400883843,-0.12043983322296647,0.029304314322329984,0.029303345088968966,0.02930359681104876,1.4383721737908646e-17,1.150086701852811e-18,8.067443121255795e-17
227.88,"[0.06062, 0.0456, 0.41014]",0.0456,0.41014,-0.04953601596960636,-0.04953465495426037,-0.04953493150795258,0.1367163059452865,0.1367133057557407,0.13671391489566898,0.009938435157572586,0.009940819838497678,0.009940336419898395,-0.12044476186373905,-0.12043771400883843,-0.12043914469972547,0.02930418187856035,0.029303345088968966,0.029303515062511845,1.3258753563737685e-17,1.150086701852811e-18,7.947905509740446e-17
227.9,"[0.06062, 0.0456, 0.41014]",0.0456,0.41014,-0.04953581568673545,-0.04953465495426037,-0.0495348807367978,0.13671586435362687,0.1367133057557407,0.13671380298498545,0.00993878629324651,0.009940819838497678,0.009940425359315382,-0.12044372445964252,-0.12043771400883843,-0.12043888181013811,0.029304058727875008,0.029303345088968966,0.029303483847987276,1.210516245221311e-17,1.150086701852811e-18,7.897304485180364e-17
227.92,"[0.06062, 0.0456, 0.41014]",0.0456,0.41014,-0.04953564261565124,-0.04953465495426037,-0.04953478453280648,0.13671548276561846,0.1367133057557407,0.13671359093313637,0.009939089707432791,0.009940819838497678,0.009940593880437453,-0.12044282802134336,-0.12043771400883843,-0.12043838368006775,0.029303952310006185,0.029303345088968966,0.02930342470130821,1.1011852981478725e-17,1.150086701852811e-18,7.800392792736252e-17
227.94,"[0.06062, 0.0456, 0.41014]",0.0456,0.41014,-0.04953548373606571,-0.04953465495426037,-0.04953474885953224,0.13671513247837563,0.1367133057557407,0.13671351230910833,0.009939368216345914,0.009940819838497678,0.00994065635429512,-0.12044200512122571,-0.12043771400883843,-0.12043819898792174,0.029303854619568536,0.029303345088968966,0.02930340277001237,9.994437662818325e-18,1.150086701852811e-18,7.759856097132403e-17
227.96,"[0.06062, 0.0456, 0.41014]",0.0456,0.41014,-0.049535347320119036,-0.04953465495426037,-0.04953471940220135,0.13671483172244936,0.1367133057557407,0.13671344738914964,0.009939607336089805,0.009940819838497678,0.009940707932872129,-0.12044129858323495,-0.12043771400883843,-0.12043804648937416,0.029303770741972105,0.029303345088968966,0.029303384660666794,9.054651219707889e-18,1.150086701852811e-18,7.723868696498232e-17
227.98,"[0.06062, 0.0456, 0.41014]",0.0456,0.41014,-0.049535230666874465,-0.04953465495426037,-0.049534695045937,0.13671457454199076,0.1367133057557407,0.13671339371508873,0.009939811803587268,0.009940819838497678,0.00994075057087634,-0.1204406944153145,-0.12043771400883843,-0.12043792040957123,0.02930369901636783,0.029303345088968966,0.029303369687746158,8.230223887749914e-18,1.150086701852811e-18,7.69159057721198e-17
228.0,"[0.06062, 0.0456, 0.41014]",0.0456,0.41014,-0.04953513109096014,-0.04953465495426037,-0.04953467502170598,0.13671435501561674,0.1367133057557407,0.1367133495912883,0.009939986328132559,0.009940819838497678,0.009940785616672691,-0.12044017870644931,-0.12043771400883843,-0.12043781676503627,0.029303637791495193,0.029303345088968966,0.02930335737837931,7.498604261756692e-18,1.150086701852811e-18,7.662618004385221e-17
228.02,"[0.06062, 0.0456, 0.41014]",0.0456,0.41014,-0.04953500911815495,-0.04953465495426037,-0.049534655180086,0.13671408611975444,0.1367133057557407,0.13671330586997205,0.009940200091169972,0.009940819838497678,0.009940820342646059,-0.12043954702272784,-0.12043771400883843,-0.12043771406596289,0.029303562796603264,0.029303345088968966,0.02930334518127955,6.588741798606859e-18,1.150086701852811e-18,7.633722850790519e-17
228.04,"[0.06062, 0.0456, 0.41014]",0.0456,0.41014,-0.049534973724348036,-0.04953465495426037,-0.049534643334561486,0.13671400809481404,0.1367133057557407,0.13671327977608144,0.009940262114307449,0.009940819838497678,0.009940841056037873,-0.12043936372970597,-0.12043771400883843,-0.1204376527766156,0.029303541035072284,0.029303345088968966,0.02930333790052317,6.3259311919963736e-18,1.150086701852811e-18,7.610933172956048e-17
228.06,"[0.06062, 0.0456, 0.41014]",0.0456,0.41014,-0.04953491201638582,-0.04953465495426037,-0.04953463291961528,0.13671387206277702,0.1367133057557407,0.13671325683554927,0.009940370245211716,0.009940819838497678,0.009940859263264741,-0.12043904416970388,-0.12043771400883843,-0.12043759889485352,0.029303503094778634,0.029303345088968966,0.02930333149930447,5.8562548108756545e-18,1.150086701852811e-18,7.589256288015977e-17
228.08,"[0.06062, 0.0456, 0.41014]",0.0456,0.41014,-0.04953485992534461,-0.04953465495426037,-0.049534624658294606,0.1367137572343236,0.1367133057557407,0.13671323864225127,0.009940461516172125,0.009940819838497678,0.009940873697433277,-0.12043877442188478,-0.12043771400883843,-0.12043755616491218,0.02930347106775087,0.029303345088968966,0.02930332642217368,5.440354857510215e-18,1.150086701852811e-18,7.569385106768387e-17
228.1,"[0.06062, 0.0456, 0.41014]",0.0456,0.41014,-0.049534815968123966,-0.04953465495426037,-0.049534618279637045,0.13671366033929883,0.1367133057557407,0.1367132245987578,0.009940538527717325,0.009940819838497678,0.009940884833596456,-0.12043854680379858,-0.12043771400883843,-0.12043752318328656,0.02930344404203559,0.029303345088968966,0.029303322502520296,5.060016735402301e-18,1.150086701852811e-18,7.551272461179902e-17
228.12,"[0.06062, 0.0456, 0.41014]",0.0456,0.41014,-0.04953477898139063,-0.04953465495426037,-0.049534618279637045,0.13671357881258234,0.1367133057557407,0.1367132245987578,0.00994060331976043,0.009940819838497678,0.009940884833596456,-0.12043835528929127,-0.12043771400883843,-0.12043752318328656,0.02930342130229911,0.029303345088968966,0.029303322502520296,4.7135057210759345e-18,1.150086701852811e-18,7.551272461179902e-17
228.14,"[0.06062, 0.0456, 0.41014]",0.0456,0.41014,-0.04953474844805747,-0.04953465495426037,-0.04953461484926534,0.13671351151202776,0.1367133057557407,0.13671321705370723,0.009940656803570033,0.009940819838497678,0.009940890805547147,-0.12043819719419424,-0.12043771400883843,-0.12043750546705764,0.029303402530343765,0.029303345088968966,0.029303320395470504,4.423806900587807e-18,1.150086701852811e-18,7.536001279750302e-17
228.16,"[0.06062, 0.0456, 0.41014]",0.0456,0.41014,-0.04953472306428696,-0.04953465495426037,-0.04953461195040628,0.1367134555650188,0.1367133057557407,0.13671321067998907,0.009940701260126455,0.009940819838497678,0.009940895846954194,-0.12043806577108213,-0.12043771400883843,-0.12043749050229291,0.029303386924720478,0.029303345088968966,0.029303318615170267,4.160128932239334e-18,1.150086701852811e-18,7.521428686701806e-17
228.18,"[0.06062, 0.0456, 0.41014]",0.0456,0.41014,-0.0495346927558657,-0.04953465495426037,-0.04953460998480992,0.13671338876958128,0.1367133057557407,0.1367132063630168,0.009940754328448398,0.009940819838497678,0.009940899254344888,-0.12043790886709052,-0.12043771400883843,-0.12043748036885511,0.029303368292179378,0.029303345088968966,0.02930331740860291,3.836169323100666e-18,1.150086701852811e-18,7.507912081409816e-17
228.2,"[0.06062, 0.0456, 0.41014]",0.0456,0.41014,-0.0495346844787601,-0.04953465495426037,-0.04953460882609143,0.13671337052896282,0.1367133057557407,0.13671320382413088,0.009940768819027918,0.009940819838497678,0.009940901249299524,-0.12043786601992165,-0.12043771400883843,-0.12043747441210624,0.029303363203823114,0.029303345088968966,0.029303316698056317,3.7359890423630054e-18,1.150086701852811e-18,7.495259457423963e-17
228.22,"[0.06062, 0.0456, 0.41014]",0.0456,0.41014,-0.04953467010475305,-0.04953465495426037,-0.04953460833179593,0.13671333885511677,0.1367133057557407,0.13671320274927143,0.009940793976960287,0.009940819838497678,0.00994090208150034,-0.12043779161948057,-0.12043771400883843,-0.12043747189425924,0.02930335436773004,0.029303345088968966,0.02930331639594096,3.546904183481534e-18,1.150086701852811e-18,7.483554593716844e-17
228.24,"[0.06062, 0.0456, 0.41014]",0.0456,0.41014,-0.04953465836789122,-0.04953465495426037,-0.049534608850170234,0.13671331299507822,0.1367133057557407,0.13671320390558356,0.009940814513003656,0.009940819838497678,0.009940901141970307,-0.12043773087673237,-0.12043771400883843,-0.12043747461719004,0.02930334715309274,0.029303345088968966,0.0293033167163052,3.3816717723947432e-18,1.150086701852811e-18,7.473346999687551e-17
228.26,"[0.06062, 0.0456, 0.41014]",0.0456,0.41014,-0.049534648912870564,-0.04953465495426037,-0.04953460953013969,0.13671329216407824,0.1367133057557407,0.13671320541775592,0.009940831053245783,0.009940819838497678,0.0099408999201218,-0.12043768194739929,-0.12043771400883843,-0.1204374781759126,0.029303341341272965,0.029303345088968966,0.029303317135979324,3.2194751273909115e-18,1.150086701852811e-18,7.463632161995228e-17
228.28,"[0.06062, 0.0456, 0.41014]",0.0456,0.41014,-0.04953464130095752,-0.04953465495426037,-0.04953460953013969,0.13671327539503625,0.1367133057557407,0.13671320541775592,0.009940844366284216,0.009940819838497678,0.0099408999201218,-0.12043764255970327,-0.12043771400883843,-0.1204374781759126,0.029303336662531716,0.029303345088968966,0.029303317135979324,3.071156270194895e-18,1.150086701852811e-18,7.463632161995228e-17
228.3,"[0.06062, 0.0456, 0.41014]",0.0456,0.41014,-0.04953463526450216,-0.04953465495426037,-0.04953461077438432,0.13671326209942497,0.1367133057557407,0.13671320817283533,0.009940854917694118,0.009940819838497678,0.009940897711809107,-0.12043761133182687,-0.12043771400883843,-0.12043748465392494,0.029303332952489377,0.029303345088968966,0.02930331790246785,2.9466898607935596e-18,1.150086701852811e-18,7.45524356736152e-17
228.32,"[0.06062, 0.0456, 0.41014]",0.0456,0.41014,-0.049534630611379825,-0.04953465495426037,-0.04953461228168928,0.1367132518534448,0.1367133057557407,0.1367132115069578,0.009940863044756719,0.009940819838497678,0.009940895044509821,-0.12043758726806922,-0.12043771400883843,-0.12043749249178136,0.029303330092987922,0.029303345088968966,0.029303318830591014,2.8348001965930563e-18,1.150086701852811e-18,7.447433173458561e-17
228.34,"[0.06062, 0.0456, 0.41014]",0.0456,0.41014,-0.04953462699308118,-0.04953465495426037,-0.04953461228168928,0.1367132438876132,0.1367133057557407,0.1367132115069578,0.0099408693609475,0.009940819838497678,0.009940895044509821,-0.12043756856021118,-0.12043771400883843,-0.12043749249178136,0.02930332786960405,0.029303345088968966,0.029303318830591014,2.7432935332352808e-18,1.150086701852811e-18,7.447433173458561e-17
228.36,"[0.06062, 0.0456, 0.41014]",0.0456,0.41014,-0.04953462419791673,-0.04953465495426037,-0.04953461395108751,0.1367132377353606,0.1367133057557407,0.1367132151976798,0.009940874237005114,0.009940819838497678,0.009940892094842948,-0.12043755411225321,-0.12043771400883843,-0.12043750116699245,0.029303326152194224,0.029303345088968966,0.029303319858286766,2.6669657002923023e-18,1.150086701852811e-18,7.440186208868686e-17
228.38,"[0.06062, 0.0456, 0.41014]",0.0456,0.41014,-0.049534622251019185,-0.04953465495426037,-0.04953461395108751,0.13671323345327313,0.1367133057557407,0.1367132151976798,0.00994087762617507,0.009940819838497678,0.009940892094842948,-0.12043754405769755,-0.12043771400883843,-0.12043750116699245,0.029303324956354442,0.029303345088968966,0.029303319858286766,2.571555909113578e-18,1.150086701852811e-18,7.440186208868686e-17
228.4,"[0.06062, 0.0456, 0.41014]",0.0456,0.41014,-0.04953462018508926,-0.04953465495426037,-0.049534615784603206,0.13671322891125914,0.1367133057557407,0.1367132192491721,0.009940881218245374,0.009940819838497678,0.009940888859930467,-0.1204375333937327,-0.12043771400883843,-0.120437510689215,0.029303323687629595,0.029303345088968966,0.02930332098676428,2.4670388196859744e-18,1.150086701852811e-18,7.43392377588303e-17
228.42,"[0.06062, 0.0456, 0.41014]",0.0456,0.41014,-0.049534619745040635,-0.04953465495426037,-0.0495346176144721,0.1367132279450884,0.1367133057557407,0.13671322329224597,0.009940881980403765,0.009940819838497678,0.009940885632278991,-0.1204375311259355,-0.12043771400883843,-0.12043752019147767,0.02930332341754446,0.029303345088968966,0.02930332211295356,2.4410179675463225e-18,1.150086701852811e-18,7.427822011835463e-17
228.44,"[0.06062, 0.0456, 0.41014]",0.0456,0.41014,-0.04953461917554438,-0.04953465495426037,-0.0495346176144721,0.1367132266972435,0.1367133057557407,0.13671322329224597,0.00994088296092946,0.009940819838497678,0.009940885632278991,-0.12043752819822867,-0.12043771400883843,-0.12043752019147767,0.02930332306831777,0.029303345088968966,0.02930332211295356,2.3937467528259545e-18,1.150086701852811e-18,7.427822011835463e-17
228.46,"[0.06062, 0.0456, 0.41014]",0.0456,0.41014,-0.049534618878940666,-0.04953465495426037,-0.049534619441367424,0.13671322605036595,0.1367133057557407,0.13671322732824237,0.009940883464666634,0.009940819838497678,0.00994088241103734,-0.12043752668198973,-0.12043771400883843,-0.12043752967686136,0.029303322886801198,0.029303345088968966,0.02930332323725117,2.338669282463691e-18,1.150086701852811e-18,7.422010424989076e-17
228.481,"[0.06062, 0.0456, 0.41014]",0.0456,0.41014,-0.04953461903135826,-0.04953465495426037,-0.04953462124306746,0.13671322639677302,0.1367133057557407,0.1367132313081925,0.009940883173685662,0.009940819838497678,0.009940879235103825,-0.12043752750079392,-0.12043771400883843,-0.1204375390303394,0.029303322981776892,0.029303345088968966,0.029303324345996546,2.2428258104159716e-18,1.150086701852811e-18,7.416793558931094e-17
228.5,"[0.06062, 0.0456, 0.41014]",0.0456,0.41014,-0.04953461925252919,-0.04953465495426037,-0.04953462301907821,0.1367132268879529,0.1367133057557407,0.13671323523131204,0.009940882777817359,0.009940819838497678,0.00994087610464445,-0.12043752865640314,-0.12043771400883843,-0.120437548250217,0.02930332311820023,0.029303345088968966,0.029303325438922955,2.2142028730623547e-18,1.150086701852811e-18,7.411684901275755e-17
228.52,"[0.06062, 0.0456, 0.41014]",0.0456,0.41014,-0.04953461980833251,-0.04953465495426037,-0.04953462301907821,0.1367132281201825,0.1367133057557407,0.13671323523131204,0.009940881787836605,0.009940819838497678,0.00994087610464445,-0.12043753155448256,-0.12043771400883843,-0.120437548250217,0.029303323460776822,0.029303345088968966,0.029303325438922955,2.1682327009489697e-18,1.150086701852811e-18,7.411684901275755e-17
228.54,"[0.06062, 0.0456, 0.41014]",0.0456,0.41014,-0.04953462041837418,-0.04953465495426037,-0.04953462472909892,0.13671322947136916,0.1367133057557407,0.13671323900832588,0.009940880704210864,0.009940819838497678,0.009940873091275016,-0.1204375347317159,-0.12043771400883843,-0.12043755712656308,0.029303323836627215,0.029303345088968966,0.029303326491199322,2.112721549717712e-18,1.150086701852811e-18,7.406872392533768e-17
228.56,"[0.06062, 0.0456, 0.41014]",0.0456,0.41014,-0.04953462123741186,-0.04953465495426037,-0.04953462637411174,0.13671323128346297,0.1367133057557407,0.136713242641572,0.009940879253933813,0.009940819838497678,0.009940870192877706,-0.1204375389917807,-0.12043771400883843,-0.1204375656649535,0.02930332434099855,0.029303345088968966,0.029303327503450497,2.0697871436872866e-18,1.150086701852811e-18,7.402590120364944e-17
228.58,"[0.06062, 0.0456, 0.41014]",0.0456,0.41014,-0.04953462206533369,-0.04953465495426037,-0.049534627986828506,0.1367132331145835,0.1367133057557407,0.13671324620344882,0.009940877789369681,0.009940819838497678,0.009940867351472935,-0.12043754329627218,-0.12043771400883843,-0.12043757403560218,0.02930332485076446,0.029303345088968966,0.029303328495823726,2.0376947593817165e-18,1.150086701852811e-18,7.398286092816065e-17
228.6,"[0.06062, 0.0456, 0.41014]",0.0456,0.41014,-0.04953462304527322,-0.04953465495426037,-0.049534627986828506,0.13671323528097112,0.1367133057557407,0.13671324620344882,0.009940876058076486,0.009940819838497678,0.009940867351472935,-0.12043754838843027,-0.12043771400883843,-0.12043757403560218,0.029303325454014758,0.029303345088968966,0.029303328495823726,1.9951940342202855e-18,1.150086701852811e-18,7.398286092816065e-17
228.62,"[0.06062, 0.0456, 0.41014]",0.0456,0.41014,-0.04953462398416871,-0.04953465495426037,-0.049534629503934474,0.1367132373563138,0.1367133057557407,0.13671324955400202,0.009940874400002582,0.009940819838497678,0.009940864678880123,-0.12043755326643674,-0.12043771400883843,-0.12043758190955088,0.029303326031961095,0.029303345088968966,0.029303329429344653,1.9622342881767268e-18,1.150086701852811e-18,7.394431676409742e-17
228.641,"[0.06062, 0.0456, 0.41014]",0.0456,0.41014,-0.049534625480025275,-0.04953465495426037,-0.04953463094416058,0.1367132406619901,0.1367133057557407,0.136713252734679,0.00994087176013097,0.009940819838497678,0.009940862141918867,-0.12043756103591485,-0.12043771400883843,-0.1204375893842414,0.02930332695265576,0.029303345088968966,0.02930333031554867,1.913662030849377e-18,1.150086701852811e-18,7.390739236763446e-17
228.66,"[0.06062, 0.0456, 0.41014]",0.0456,0.41014,-0.049534626026438815,-0.04953465495426037,-0.04953463235199831,0.13671324186929684,0.1367133057557407,0.136713255843809,0.009940870796299631,0.009940819838497678,0.009940859662052555,-0.12043756387340218,-0.12043771400883843,-0.12043759669078535,0.029303327288946444,0.029303345088968966,0.02930333118182112,1.8928453491376556e-18,1.150086701852811e-18,7.38714675025944e-17
228.68,"[0.06062, 0.0456, 0.41014]",0.0456,0.41014,-0.049534627101589755,-0.04953465495426037,-0.0495346337044368,0.1367132442447045,0.1367133057557407,0.1367132588305541,0.00994086890016142,0.009940819838497678,0.00994085727985957,-0.12043756945615991,-0.12043771400883843,-0.12043760370970254,0.029303327950630762,0.029303345088968966,0.029303332014000528,1.8685592204739802e-18,1.150086701852811e-18,7.383647569980213e-17
228.7,"[0.06062, 0.0456, 0.41014]",0.0456,0.41014,-0.04953462823441123,-0.04953465495426037,-0.0495346337044368,0.1367132467472807,0.1367133057557407,0.1367132588305541,0.009940866902882203,0.009940819838497678,0.00994085727985957,-0.12043757533767421,-0.12043771400883843,-0.12043760370970254,0.029303328647777512,0.029303345088968966,0.029303332014000528,1.8416710065963404e-18,1.150086701852811e-18,7.383647569980213e-17
228.721,"[0.06062, 0.0456, 0.41014]",0.0456,0.41014,-0.04953462984151214,-0.04953465495426037,-0.04953463495167631,0.13671325029738618,0.1367133057557407,0.13671326158491157,0.009940864069920993,0.009940819838497678,0.009940855083113126,-0.120437583680965,-0.12043771400883843,-0.12043761018247234,0.029303329636771746,0.029303345088968966,0.029303332781441285,1.791797706662007e-18,1.150086701852811e-18,7.380440876671095e-17
228.74,"[0.06062, 0.0456, 0.41014]",0.0456,0.41014,-0.04953463035252858,-0.04953465495426037,-0.04953463612267265,0.13671325142617657,0.1367133057557407,0.136713264170861,0.009940863169230083,0.009940819838497678,0.009940853020734206,-0.12043758633377033,-0.12043771400883843,-0.12043761625946425,0.029303329951240093,0.029303345088968966,0.029303333501964443,1.773149429295256e-18,1.150086701852811e-18,7.377513890246911e-17
228.76,"[0.06062, 0.0456, 0.41014]",0.0456,0.41014,-0.04953463134346626,-0.04953465495426037,-0.04953463612267265,0.1367132536150032,0.1367133057557407,0.136713264170861,0.009940861422810737,0.009940819838497678,0.009940853020734206,-0.12043759147776667,-0.12043771400883843,-0.12043761625946425,0.029303330561033247,0.029303345088968966,0.029303333501964443,1.7419244067276738e-18,1.150086701852811e-18,7.377513890246911e-17
228.78,"[0.06062, 0.0456, 0.41014]",0.0456,0.41014,-0.04953463225151545,-0.04953465495426037,-0.049534637187443595,0.13671325562068826,0.1367133057557407,0.1367132665221868,0.00994085982259697,0.009940819838497678,0.009940851145539073,-0.12043759619133301,-0.12043771400883843,-0.12043762178506909,0.029303331119812797,0.029303345088968966,0.029303334157121115,1.7219750867539412e-18,1.150086701852811e-18,7.374846102578692e-17
228.801,"[0.06062, 0.0456, 0.41014]",0.0456,0.41014,-0.04953463350290555,-0.04953465495426037,-0.049534637187443595,0.13671325838463955,0.1367133057557407,0.1367132665221868,0.00994085761755765,0.009940819838497678,0.009940851145539073,-0.12043760268685547,-0.12043771400883843,-0.12043762178506909,0.029303331889859428,0.029303345088968966,0.029303334157121115,1.669499701605643e-18,1.150086701852811e-18,7.374846102578692e-17
228.82,"[0.06062, 0.0456, 0.41014]",0.0456,0.41014,-0.04953463387135936,-0.04953465495426037,-0.04953463821144891,0.1367132591984322,0.1367133057557407,0.13671326878348122,0.009940856968345664,0.009940819838497678,0.009940849342157899,-0.12043760459933148,-0.12043771400883843,-0.12043762709909626,0.029303332116586988,0.029303345088968966,0.02930333478719349,1.6673312972606718e-18,1.150086701852811e-18,7.372445462476233e-17
228.84,"[0.06062, 0.0456, 0.41014]",0.0456,0.41014,-0.0495346350475236,-0.04953465495426037,-0.04953463917935629,0.13671326179608317,0.1367133057557407,0.13671327092088234,0.009940854896201333,0.009940819838497678,0.009940847637601195,-0.12043761070396175,-0.12043771400883843,-0.12043763212196866,0.029303332840325106,0.029303345088968966,0.029303335382747105,1.639575721645043e-18,1.150086701852811e-18,7.370042482524699e-17
228.86,"[0.06062, 0.0456, 0.41014]",0.0456,0.41014,-0.049534635460706834,-0.04953465495426037,-0.04953463917935629,0.136713262708601,0.1367133057557407,0.13671327092088234,0.00994085416833119,0.009940819838497678,0.009940847637601195,-0.12043761284841706,-0.12043771400883843,-0.12043763212196866,0.029303333094568677,0.029303345088968966,0.029303335382747105,1.6256979338372288e-18,1.150086701852811e-18,7.370042482524699e-17
228.88,"[0.06062, 0.0456, 0.41014]",0.0456,0.41014,-0.04953463616725027,-0.04953465495426037,-0.04953464009265203,0.13671326426900643,0.1367133057557407,0.1367132729376757,0.009940852923673254,0.009940819838497678,0.009940846029243718,-0.12043761651543569,-0.12043771400883843,-0.12043763686140893,0.029303333529325213,0.029303345088968966,0.029303335944696893,1.5996770816975772e-18,1.150086701852811e-18,7.367841253072003e-17
228.9,"[0.06062, 0.0456, 0.41014]",0.0456,0.41014,-0.049534636913076587,-0.04953465495426037,-0.04953464095403393,0.13671326591612554,0.1367133057557407,0.13671327483982185,0.009940851609912404,0.009940819838497678,0.009940844512327485,-0.12043762038621439,-0.12043771400883843,-0.12043764133142566,0.02930333398824846,0.029303345088968966,0.029303336474703182,1.5810288043308269e-18,1.150086701852811e-18,7.3658130987448e-17
228.92,"[0.06062, 0.0456, 0.41014]",0.0456,0.41014,-0.04953463760333409,-0.04953465495426037,-0.04953464179466355,0.1367132674405067,0.1367133057557407,0.13671327669613992,0.009940850394074502,0.009940819838497678,0.009940843031960746,-0.12043762396854674,-0.12043771400883843,-0.12043764569374625,0.02930333441297694,0.029303345088968966,0.029303336991940414,1.5771256765098789e-18,1.150086701852811e-18,7.363700348934973e-17
228.94,"[0.06062, 0.0456, 0.41014]",0.0456,0.41014,-0.049534638324030024,-0.04953465495426037,-0.04953464179466355,0.13671326903208053,0.1367133057557407,0.13671327669613992,0.00994084912468666,0.009940819838497678,0.009940843031960746,-0.12043762770876959,-0.12043771400883843,-0.12043764569374625,0.029303334856431277,0.029303345088968966,0.029303336991940414,1.5636815695710586e-18,1.150086701852811e-18,7.363700348934973e-17
228.96,"[0.06062, 0.0456, 0.41014]",0.0456,0.41014,-0.04953463898345039,-0.04953465495426037,-0.04953464256969657,0.1367132704883237,0.1367133057557407,0.13671327840759706,0.00994084796324951,0.009940819838497678,0.009940841667128041,-0.12043763113095893,-0.12043771400883843,-0.1204376497156422,0.029303335262180635,0.029303345088968966,0.029303337468815333,1.5567426756671515e-18,1.150086701852811e-18,7.361684519823089e-17
228.982,"[0.06062, 0.0456, 0.41014]",0.0456,0.41014,-0.04953463995532311,-0.04953465495426037,-0.04953464329677258,0.1367132726345494,0.1367133057557407,0.13671328001314959,0.009940846251553163,0.009940819838497678,0.009940840386757192,-0.12043763617460207,-0.12043771400883843,-0.12043765348866192,0.029303335860182356,0.029303345088968966,0.029303337916181973,1.525517653099569e-18,1.150086701852811e-18,7.359795219139416e-17
229.0,"[0.06062, 0.0456, 0.41014]",0.0456,0.41014,-0.049534640289468045,-0.04953465495426037,-0.04953464329677258,0.1367132733724472,0.1367133057557407,0.13671328001314959,0.009940845663063438,0.009940819838497678,0.009940840386757192,-0.12043763790866274,-0.12043771400883843,-0.12043765348866192,0.02930333606578369,0.029303345088968966,0.029303337916181973,1.5203134826716384e-18,1.150086701852811e-18,7.359795219139416e-17
229.02,"[0.06062, 0.0456, 0.41014]",0.0456,0.41014,-0.04953464086085591,-0.04953465495426037,-0.04953464398008666,0.1367132746342526,0.1367133057557407,0.13671328152206252,0.009940844656746026,0.009940819838497678,0.00994083918345756,-0.12043764087390635,-0.12043771400883843,-0.12043765703457891,0.029303336417362005,0.029303345088968966,0.029303338336621722,1.51120618442276e-18,1.150086701852811e-18,7.358086856811885e-17
229.042,"[0.06062, 0.0456, 0.41014]",0.0456,0.41014,-0.04953464170616744,-0.04953465495426037,-0.049534644622574564,0.13671327650095189,0.1367133057557407,0.13671328294081964,0.009940843168037408,0.009940819838497678,0.00994083805205725,-0.1204376452606426,-0.12043771400883843,-0.12043766036863024,0.029303336937485134,0.029303345088968966,0.029303338731941044,1.4925579070560094e-18,1.150086701852811e-18,7.35646570111446e-17
229.06,"[0.06062, 0.0456, 0.41014]",0.0456,0.41014,-0.04953464199780818,-0.04953465495426037,-0.049534644622574564,0.13671327714497644,0.1367133057557407,0.13671328294081964,0.009940842654429275,0.009940819838497678,0.00994083805205725,-0.12043764677409599,-0.12043771400883843,-0.12043766036863024,0.029303337116932112,0.029303345088968966,0.029303338731941044,1.480414842724172e-18,1.150086701852811e-18,7.35646570111446e-17
229.08,"[0.06062, 0.0456, 0.41014]",0.0456,0.41014,-0.04953464249651377,-0.04953465495426037,-0.049534645226859124,0.13671327824625856,0.1367133057557407,0.1367132842752134,0.009940841776159353,0.009940819838497678,0.009940836987935938,-0.12043764936210136,-0.12043771400883843,-0.12043766350442849,0.029303337423786446,0.029303345088968966,0.029303339103753833,1.4743433105582528e-18,1.150086701852811e-18,7.354935096513969e-17
229.1,"[0.06062, 0.0456, 0.41014]",0.0456,0.41014,-0.04953464301527936,-0.04953465495426037,-0.0495346458162078,0.13671327939183192,0.1367133057557407,0.13671328557662504,0.00994084086257767,0.009940819838497678,0.009940835950117065,-0.12043765205418722,-0.12043771400883843,-0.12043766656271918,0.029303337742982886,0.029303345088968966,0.02930333946637661,1.4513582245015604e-18,1.150086701852811e-18,7.353400522118233e-17
229.121,"[0.06062, 0.0456, 0.41014]",0.0456,0.41014,-0.04953464377433093,-0.04953465495426037,-0.049534646358024265,0.13671328106801361,0.1367133057557407,0.1367132867730734,0.009940839525853415,0.009940819838497678,0.009940834996004304,-0.12043765599319342,-0.12043771400883843,-0.12043766937434755,0.02930333821002634,0.029303345088968966,0.02930333979975289,1.4231689680169377e-18,1.150086701852811e-18,7.35213389733471e-17
229.14,"[0.06062, 0.0456, 0.41014]",0.0456,0.41014,-0.04953464397851864,-0.04953465495426037,-0.049534646358024265,0.13671328151891265,0.1367133057557407,0.1367132867730734,0.009940839166269663,0.009940819838497678,0.009940834996004304,-0.12043765705280068,-0.12043771400883843,-0.12043766937434755,0.02930333833566275,0.029303345088968966,0.02930333979975289,1.421434244540961e-18,1.150086701852811e-18,7.35213389733471e-17
229.16,"[0.06062, 0.0456, 0.41014]",0.0456,0.41014,-0.0495346444306247,-0.04953465495426037,-0.04953464686958611,0.13671328251727516,0.1367133057557407,0.13671328790271206,0.009940838370100005,0.009940819838497678,0.00994083409517062,-0.12043765939893841,-0.12043771400883843,-0.1204376720289741,0.029303338613842485,0.029303345088968966,0.029303340114513587,1.3893418602353902e-18,1.150086701852811e-18,7.350942597363187e-17
229.18,"[0.06062, 0.0456, 0.41014]",0.0456,0.41014,-0.04953464489402735,-0.04953465495426037,-0.04953464686958611,0.1367132835405802,0.1367133057557407,0.13671328790271206,0.009940837554044188,0.009940819838497678,0.00994083409517062,-0.12043766180368898,-0.12043771400883843,-0.1204376720289741,0.029303338898972634,0.029303345088968966,0.029303340114513587,1.3910765837113668e-18,1.150086701852811e-18,7.350942597363187e-17
229.2,"[0.06062, 0.0456, 0.41014]",0.0456,0.41014,-0.04953464526938348,-0.04953465495426037,-0.04953464733042569,0.13671328436945718,0.1367133057557407,0.13671328892034387,0.00994083689303898,0.009940819838497678,0.009940833283658836,-0.12043766375153697,-0.12043771400883843,-0.12043767442038641,0.029303339129928028,0.029303345088968966,0.029303340398065054,1.3945460306633206e-18,1.150086701852811e-18,7.349754686774808e-17
229.22,"[0.06062, 0.0456, 0.41014]",0.0456,0.41014,-0.04953464566098149,-0.04953465495426037,-0.049534647788719216,0.13671328523419768,0.1367133057557407,0.1367132899323536,0.009940836203437513,0.009940819838497678,0.009940832476630244,-0.12043766578366213,-0.12043771400883843,-0.12043767679858695,0.029303339370876678,0.029303345088968966,0.02930334068004997,1.381969285462489e-18,1.150086701852811e-18,7.348583956465718e-17
229.24,"[0.06062, 0.0456, 0.41014]",0.0456,0.41014,-0.049534646024005265,-0.04953465495426037,-0.04953464821500612,0.13671328603583838,0.1367133057557407,0.1367132908736853,0.009940835564157462,0.009940819838497678,0.009940831725964772,-0.12043766766750355,-0.12043771400883843,-0.12043767901069549,0.029303339594243593,0.029303345088968966,0.02930334094234136,1.379800881117518e-18,1.150086701852811e-18,7.347470450297677e-17
229.26,"[0.06062, 0.0456, 0.41014]",0.0456,0.41014,-0.04953464640192962,-0.04953465495426037,-0.049534648628028144,0.13671328687038137,0.1367133057557407,0.13671329178572525,0.009940834898641518,0.009940819838497678,0.009940830998658196,-0.12043766962866409,-0.12043771400883843,-0.12043768115396897,0.02930333982677859,0.029303345088968966,0.029303341196470944,1.3672241359166864e-18,1.150086701852811e-18,7.34643108187073e-17
