timestamp,target_x,target_y,target_z,actual_j1,target_j1,control_u_j1,actual_j2,target_j2,control_u_j2,actual_j3,target_j3,control_u_j3,actual_j4,target_j4,control_u_j4,actual_j5,target_j5,control_u_j5,actual_j6,target_j6,control_u_j6
135.105,"[0.0, 0.0, 0.0]",0.0,0.0,0.0,0.0,-0.0013109844226556117,0.0,0.0,0.003774271051541408,0.0,0.0,0.0001835372024427298,0.0,0.0,-0.0032405674629439503,0.0,0.0,0.000774853177553622,0.0,0.0,-5.014626012420794e-17
135.121,"[0.0, 0.0, 0.0]",0.0,0.0,-0.001744451234185683,0.0,-0.0012275671329478259,0.005022204436650975,0.0,0.0035341160536543326,0.0002442223005069327,0.0,0.00017185882359683152,-0.0043120359562822804,0.0,-0.003034371757643791,0.00103105235931633,0.0,0.000725549653514101,-5.808019293958941e-17,0.0,-4.7299901567001646e-17
135.14,"[0.0, 0.0, 0.0]",0.0,0.0,-0.0016927628240726864,0.0,-0.001146845674224451,0.004873395597747577,0.0,0.003301722243967608,0.00023698594896994445,0.0,0.0001605578597391165,-0.004184269539733465,0.0,-0.0028348397640681603,0.0010005020887356485,0.0,0.0006778394918130978,-5.588987415820705e-17,0.0,-4.4571890095846996e-17
135.16,"[0.06062, 0.0456, 0.41014]",0.0456,0.41014,-0.001596303496882872,-0.048131639017496564,-0.001146845674224451,0.004595693102222368,0.1385690395831393,0.003301722243967608,0.00022348169135258608,0.00673840714997888,0.0001605578597391165,-0.003945835768107983,-0.11897458053701167,-0.0028348397640681603,0.000943490109873595,0.028448052292422726,0.0006778394918130978,-5.3904862610711954e-17,1.059171611848655e-17,-4.4571890095846996e-17
135.18,"[0.06062, 0.0456, 0.41014]",0.0456,0.41014,-0.0015109065105502848,-0.048131639017496564,-0.0034810657326633117,0.004349838637943565,0.1385690395831393,0.010021847266140907,0.00021152615583273142,0.00673840714997888,0.00048734758848855504,-0.0037347465336999104,-0.11897458053701167,-0.008604700459186054,0.0008930164924432422,0.028448052292422726,0.002057472839826373,-5.424135830746999e-17,1.059171611848655e-17,-4.140239977424058e-17
135.2,"[0.06062, 0.0456, 0.41014]",0.0456,0.41014,-0.0018852367621583798,-0.048131639017496564,-0.005782102110745277,0.0054275202754014065,0.1385690395831393,0.016646437816224303,0.00026393221825326803,0.00673840714997888,0.0008094916173622435,-0.004660037786571605,-0.11897458053701167,-0.01429253580617736,0.0011142631984707204,0.028448052292422726,0.003417493078984039,-9.97362839510735e-17,1.059171611848655e-17,-3.4299473118467585e-17
135.22,"[0.06062, 0.0456, 0.41014]",0.0456,0.41014,-0.0024185479037571924,-0.048131639017496564,-0.005782102110745277,0.006962901456745838,0.1385690395831393,0.016646437816224303,0.0003385955316813929,0.00673840714997888,0.0008094916173622435,-0.00597830723610063,-0.11897458053701167,-0.01429253580617736,0.001429475054268327,0.028448052292422726,0.003417493078984039,-1.1829251255338018e-16,1.059171611848655e-17,-3.4299473118467585e-17
135.24,"[0.06062, 0.0456, 0.41014]",0.0456,0.41014,-0.0030576232032909407,-0.048131639017496564,-0.00801981445242244,0.008802773364154224,0.1385690395831393,0.023088721029812805,0.0004280657814768148,0.00673840714997888,0.001122770310319857,-0.007558010670469509,-0.11897458053701167,-0.01982384312272116,0.0018071984789551191,0.028448052292422726,0.004740085847651792,-7.33510179087219e-17,1.059171611848655e-17,-2.9272946901885e-17
135.26,"[0.06062, 0.0456, 0.41014]",0.0456,0.41014,-0.004000439540247072,-0.048131639017496564,-0.010218662848928793,0.011517103419040154,0.1385690395831393,0.029419116519043227,0.0005600596331720531,0.00673840714997888,0.0014306080689683082,-0.009888518843125924,-0.11897458053701167,-0.025259084282619342,0.00236444707902083,0.028448052292422726,0.006039708205015022,-4.6231597917798864e-17,1.059171611848655e-17,-2.5838394976699228e-17
135.28,"[0.06062, 0.0456, 0.41014]",0.0456,0.41014,-0.00518190196860741,-0.048131639017496564,-0.012307261008920864,0.014918485906589235,0.1385690395831393,0.03543210604202999,0.0007254638276285386,0.00673840714997888,0.0017230108452825149,-0.01280892628322504,-0.11897458053701167,-0.030421802505583392,0.0030627466929681454,0.028448052292422726,0.007274167510451051,8.657844682701462e-18,1.059171611848655e-17,-2.8619750827514565e-17
135.3,"[0.06062, 0.0456, 0.41014]",0.0456,0.41014,-0.00634774635154222,-0.048131639017496564,-0.012307261008920864,0.018274904673786025,0.1385690395831393,0.03543210604202999,0.0008886815027037418,0.00673840714997888,0.0017230108452825149,-0.01569072813201553,-0.11897458053701167,-0.030421802505583392,0.0037518153108094246,0.028448052292422726,0.007274167510451051,7.649515488767542e-17,1.059171611848655e-17,-2.8619750827514565e-17
135.32,"[0.06062, 0.0456, 0.41014]",0.0456,0.41014,-0.0074800541368058035,-0.048131639017496564,-0.01430109156076656,0.02153477293316705,0.1385690395831393,0.041172263458854996,0.001047204072260561,0.00673840714997888,0.002002146200168397,-0.018489632268762435,-0.11897458053701167,-0.03535026865142009,0.004421062228726298,0.028448052292422726,0.008452614722247762,8.471758153347962e-17,1.059171611848655e-17,-3.522112615393105e-17
135.34,"[0.06062, 0.0456, 0.41014]",0.0456,0.41014,-0.008776051247170414,-0.048131639017496564,-0.016200377236050334,0.025265896131814167,0.1385690395831393,0.04664023000473047,0.0012286430688929339,0.00673840714997888,0.002268045315968149,-0.02169315318785217,-0.11897458053701167,-0.040045033280962705,0.005187057202498607,0.028448052292422726,0.009575181485198413,1.4643638651341188e-16,1.059171611848655e-17,-4.434977080634815e-17
135.36,"[0.06062, 0.0456, 0.41014]",0.0456,0.41014,-0.010015737474047246,-0.048131639017496564,-0.018058148813687617,0.02883490257727745,0.1385690395831393,0.051988679144598746,0.0014021985676414682,0.00673840714997888,0.0025281324773434744,-0.024757481595292164,-0.11897458053701167,-0.044637180953050866,0.005919769807550192,0.028448052292422726,0.010673211472646365,2.176126870439351e-16,1.059171611848655e-17,-5.734671898503447e-17
135.38,"[0.06062, 0.0456, 0.41014]",0.0456,0.41014,-0.011376596186410235,-0.048131639017496564,-0.018058148813687617,0.032752759701318614,0.1385690395831393,0.051988679144598746,0.001592718158502461,0.00673840714997888,0.0025281324773434744,-0.028121331189088224,-0.11897458053701167,-0.044637180953050866,0.006724101025049814,0.028448052292422726,0.010673211472646365,2.865278839437399e-16,1.059171611848655e-17,-5.734671898503447e-17
135.4,"[0.06062, 0.0456, 0.41014]",0.0456,0.41014,-0.012646091185989165,-0.048131639017496564,-0.019788363158104456,0.036407584395147595,0.1385690395831393,0.05696989617558717,0.0017704468741067984,0.00673840714997888,0.0027703616849065675,-0.031259342649834966,-0.11897458053701167,-0.048914025248580864,0.00747443201007932,0.028448052292422726,0.011695849162759654,1.9397680863320804e-16,1.059171611848655e-17,-6.991110367278656e-17
135.421,"[0.06062, 0.0456, 0.41014]",0.0456,0.41014,-0.014750397119963277,-0.048131639017496564,-0.021475865457225556,0.042465795964168516,0.1385690395831393,0.0618281469578032,0.0020650487311182127,0.00673840714997888,0.0030066112259209275,-0.036460888261272056,-0.11897458053701167,-0.053085291430093814,0.008718175345606694,0.028448052292422726,0.012693242034220467,3.5291412506611354e-16,1.059171611848655e-17,-8.669753183749414e-17
135.44,"[0.06062, 0.0456, 0.41014]",0.0456,0.41014,-0.015422943953907003,-0.048131639017496564,-0.02309287384737037,0.04440203106338389,0.1385690395831393,0.06648344863078062,0.002159204978153113,0.00673840714997888,0.0032329916522593908,-0.03812332858104268,-0.11897458053701167,-0.057082306673624524,0.009115682014461309,0.028448052292422726,0.013648969704792513,2.73728660457114e-16,1.059171611848655e-17,-1.057285315246293e-16
135.46,"[0.06062, 0.0456, 0.41014]",0.0456,0.41014,-0.01688023063364227,-0.048131639017496564,-0.02463611079182342,0.048597500400377205,0.1385690395831393,0.07092636529904675,0.00236322443985783,0.00673840714997888,0.0034490441102890982,-0.041725534424603944,-0.11897458053701167,-0.06089696937358985,0.009977006675621543,0.028448052292422726,0.01456109499681676,2.927482770679409e-16,1.059171611848655e-17,-1.2595750705053968e-16
135.48,"[0.06062, 0.0456, 0.41014]",0.0456,0.41014,-0.01835384786369998,-0.048131639017496564,-0.02610500955355891,0.05283998473038588,0.1385690395831393,0.07515526534965665,0.0025695301710888453,0.00673840714997888,0.0036546892570871814,-0.04536810707080939,-0.11897458053701167,-0.06452787863649741,0.010847983456645404,0.028448052292422726,0.01542928294217547,2.9607883772159915e-16,1.059171611848655e-17,-1.4648767414308186e-16
135.5,"[0.06062, 0.0456, 0.41014]",0.0456,0.41014,-0.019826568584797,-0.048131639017496564,-0.02749992481804485,0.0570798880473759,0.1385690395831393,0.07917116990771031,0.00277571039148096,0.00673840714997888,0.00384997674845574,-0.04900846367412159,-0.11897458053701167,-0.06797591119448315,0.011718430358892641,0.028448052292422726,0.016253743176587492,2.8443049484106674e-16,1.059171611848655e-17,-1.6648893200438082e-16
135.52,"[0.06062, 0.0456, 0.41014]",0.0456,0.41014,-0.021284506269153756,-0.048131639017496564,-0.028763235669198684,0.06127723160022927,0.1385690395831393,0.08280819068924117,0.002979820993542768,0.00673840714997888,0.004026839682695736,-0.05261227870876056,-0.11897458053701167,-0.07109863632103433,0.012580139794251165,0.028448052292422726,0.017000419040718792,2.592520677894359e-16,1.059171611848655e-17,-1.7373087881146388e-16
135.54,"[0.06062, 0.0456, 0.41014]",0.0456,0.41014,-0.022591766878555523,-0.048131639017496564,-0.029989112339566838,0.0650407819561704,0.1385690395831393,0.08633743998019995,0.0031628368745526547,0.00673840714997888,0.004198461848972623,-0.05584364139948678,-0.11897458053701167,-0.07412882946556933,0.013352792023305974,0.028448052292422726,0.017724969551246396,2.5478754008357507e-16,1.059171611848655e-17,-1.8542276294255122e-16
135.56,"[0.06062, 0.0456, 0.41014]",0.0456,0.41014,-0.023886933615819356,-0.048131639017496564,-0.029989112339566838,0.06876951454396213,0.1385690395831393,0.08633743998019995,0.0033441596190157442,0.00673840714997888,0.004198461848972623,-0.05904510975477116,-0.11897458053701167,-0.07412882946556933,0.01411829620766502,0.028448052292422726,0.017724969551246396,2.426262611552397e-16,1.059171611848655e-17,-1.8542276294255122e-16
135.58,"[0.06062, 0.0456, 0.41014]",0.0456,0.41014,-0.02504634757365951,-0.048131639017496564,-0.031100803513128192,0.0721074203767438,0.1385690395831393,0.08953795384990491,0.003506477038525453,0.00673840714997888,0.004354098098423352,-0.061911016505131936,-0.11897458053701167,-0.0768767722680636,0.014803564142939943,0.028448052292422726,0.018382031086746638,-1.9887274059985542e-17,1.059171611848655e-17,-1.8471355594389554e-16
135.6,"[0.06062, 0.0456, 0.41014]",0.0456,0.41014,-0.0261966942021851,-0.048131639017496564,-0.03217963157011142,0.07541922173615527,0.1385690395831393,0.0926438561377841,0.0036675250344863665,0.00673840714997888,0.00450513352678775,-0.06475451010572914,-0.11897458053701167,-0.07954348211050506,0.015483472862261871,0.028448052292422726,0.019019668981617683,-2.2704031304102878e-17,1.059171611848655e-17,-1.893007453127451e-16
135.62,"[0.06062, 0.0456, 0.41014]",0.0456,0.41014,-0.027333452302122155,-0.048131639017496564,-0.033157727384751,0.0786919022720133,0.1385690395831393,0.09545975437920173,0.0038266706427143313,0.00673840714997888,0.004642066487756838,-0.06756441479223797,-0.11897458053701167,-0.08196119614653442,0.016155350124938267,0.028448052292422726,0.01959776940475756,-3.247637916558374e-17,1.059171611848655e-17,-1.8226574099867587e-16
135.64,"[0.06062, 0.0456, 0.41014]",0.0456,0.41014,-0.02835203594450331,-0.048131639017496564,-0.033157727384751,0.08162436333018129,0.1385690395831393,0.09545975437920173,0.003969271881409352,0.00673840714997888,0.004642066487756838,-0.07008220899192283,-0.11897458053701167,-0.08196119614653442,0.01675738075002079,0.028448052292422726,0.01959776940475756,-1.761521998732493e-17,1.059171611848655e-17,-1.8226574099867587e-16
135.66,"[0.06062, 0.0456, 0.41014]",0.0456,0.41014,-0.029265117318397076,-0.048131639017496564,-0.03406607048251342,0.08425308762941133,0.1385690395831393,0.09807483737342114,0.0040971028524499275,0.00673840714997888,0.004769234100612619,-0.07233921655657616,-0.11897458053701167,-0.08420649136623758,0.017297054594418642,0.028448052292422726,0.02013464270624275,-2.444606721321221e-16,1.059171611848655e-17,-1.7062440050681954e-16
135.68,"[0.06062, 0.0456, 0.41014]",0.0456,0.41014,-0.03017729841959235,-0.048131639017496564,-0.03494960721758241,0.08687922008037657,0.1385690395831393,0.10061850385398634,0.0042248077844410864,0.00673840714997888,0.004892928834203061,-0.07459399877595059,-0.11897458053701167,-0.08639046877801967,0.017836196335665185,0.028448052292422726,0.020656854285880374,-2.1526852863794992e-16,1.059171611848655e-17,-1.6585009310759162e-16
135.7,"[0.06062, 0.0456, 0.41014]",0.0456,0.41014,-0.03108403709122829,-0.048131639017496564,-0.0357527875362906,0.08948968399699736,0.1385690395831393,0.102930827465953,0.004351750778828252,0.00673840714997888,0.005005373706645604,-0.07683532808185056,-0.11897458053701167,-0.08837581653331354,0.0183721213462061,0.028448052292422726,0.02113157146098152,-1.9666557092200917e-16,1.059171611848655e-17,-1.523316946905727e-16
135.721,"[0.06062, 0.0456, 0.41014]",0.0456,0.41014,-0.03228421085612479,-0.048131639017496564,-0.036532573841168044,0.09294493566414609,0.1385690395831393,0.10517580065945023,0.004519774550835166,0.00673840714997888,0.005114543428005449,-0.07980198729173685,-0.11897458053701167,-0.09030333760662985,0.019081480236127154,0.028448052292422726,0.02159246167854336,-2.6139591006634573e-16,1.059171611848655e-17,-1.4506943550872855e-16
135.74,"[0.06062, 0.0456, 0.41014]",0.0456,0.41014,-0.03270904715453255,-0.048131639017496564,-0.036532573841168044,0.09416802216335056,0.1385690395831393,0.10517580065945023,0.004579251435458956,0.00673840714997888,0.005114543428005449,-0.08085212232623044,-0.11897458053701167,-0.09030333760662985,0.019332578380369423,0.028448052292422726,0.02159246167854336,-1.3002833699670508e-16,1.059171611848655e-17,-1.4506943550872855e-16
135.76,"[0.06062, 0.0456, 0.41014]",0.0456,0.41014,-0.03343551722518002,-0.048131639017496564,-0.03724076151052374,0.09625950007756685,0.1385690395831393,0.10721464428073128,0.004680956909964366,0.00673840714997888,0.005213689373494551,-0.08264785323473081,-0.11897458053701167,-0.09205387701472029,0.01976195620702247,0.028448052292422726,0.02201103375010312,-3.2882569577973664e-16,1.059171611848655e-17,-1.2985242961372769e-16
135.78,"[0.06062, 0.0456, 0.41014]",0.0456,0.41014,-0.03415851363940806,-0.048131639017496564,-0.03792820566670441,0.09834097747588129,0.1385690395831393,0.10919376816759861,0.004782176073187527,0.00673840714997888,0.005309931236764907,-0.08443499775835252,-0.11897458053701167,-0.09375314140227933,0.020189280940208585,0.028448052292422726,0.022417345434114142,-2.91924224317889e-16,1.059171611848655e-17,-1.2076017063217872e-16
135.8,"[0.06062, 0.0456, 0.41014]",0.0456,0.41014,-0.03487475512461028,-0.048131639017496564,-0.038580939779693194,0.10040300770704516,0.1385690395831393,0.11107296324572602,0.0048824495494899905,0.00673840714997888,0.00540131371005995,-0.08620544505609808,-0.11897458053701167,-0.09536660748934425,0.0206126131940515,0.028448052292422726,0.022803141857394047,-2.65291882152955e-16,1.059171611848655e-17,-1.1309590817536342e-16
135.82,"[0.06062, 0.0456, 0.41014]",0.0456,0.41014,-0.035578930209097054,-0.048131639017496564,-0.03917028703085938,0.10243029925915931,0.1385690395831393,0.11276967011557724,0.004981033735300091,0.00673840714997888,0.00548382205201026,-0.08794606592378781,-0.11897458053701167,-0.09682339025029325,0.021028813640087518,0.028448052292422726,0.02315147367742208,-2.502301455727864e-16,1.059171611848655e-17,-9.719558417054132e-17
135.841,"[0.06062, 0.0456, 0.41014]",0.0456,0.41014,-0.03650445078053014,-0.048131639017496564,-0.03917028703085938,0.10509483550456525,0.1385690395831393,0.11276967011557724,0.005110606187062135,0.00673840714997888,0.00548382205201026,-0.09023382142020084,-0.11897458053701167,-0.09682339025029325,0.021575839632784505,0.028448052292422726,0.02315147367742208,-3.0183730162135837e-16,1.059171611848655e-17,-9.719558417054132e-17
135.86,"[0.06062, 0.0456, 0.41014]",0.0456,0.41014,-0.036771034405632286,-0.048131639017496564,-0.039716689572360936,0.10586231896565462,0.1385690395831393,0.11434274090538613,0.0051479277714256,0.00673840714997888,0.0055603181544818196,-0.0908927783059426,-0.11897458053701167,-0.09817401978395342,0.021733403037248956,0.028448052292422726,0.023474423163268834,-3.7161265031470452e-16,1.059171611848655e-17,-7.957440242695295e-17
135.88,"[0.06062, 0.0456, 0.41014]",0.0456,0.41014,-0.037330708887320596,-0.048131639017496564,-0.04024797770564456,0.10747359913400036,0.1385690395831393,0.11587229792600014,0.005226281939592377,0.00673840714997888,0.0056346982468226245,-0.09227621419210157,-0.11897458053701167,-0.09948728864561804,0.022064196861194096,0.028448052292422726,0.023788439326164687,-3.2514764832979667e-16,1.059171611848655e-17,-6.815222392722353e-17
135.9,"[0.06062, 0.0456, 0.41014]",0.0456,0.41014,-0.03783717403079452,-0.048131639017496564,-0.04075698728512262,0.1089316917723999,0.1385690395831393,0.11733771589240777,0.005297186824969985,0.00673840714997888,0.005705959351899295,-0.0935281241460715,-0.11897458053701167,-0.10074548808423012,0.022363541474879314,0.028448052292422726,0.024089287820633746,-2.565523452809837e-16,1.059171611848655e-17,-4.3828547736761715e-17
135.92,"[0.06062, 0.0456, 0.41014]",0.0456,0.41014,-0.038391938549133996,-0.048131639017496564,-0.04075698728512262,0.11052883635503859,0.1385690395831393,0.11733771589240777,0.00537485360058922,0.00673840714997888,0.005705959351899295,-0.09489942329961977,-0.11897458053701167,-0.10074548808423012,0.02269143328057412,0.028448052292422726,0.024089287820633746,-2.367548136113983e-16,1.059171611848655e-17,-4.3828547736761715e-17
135.943,"[0.06062, 0.0456, 0.41014]",0.0456,0.41014,-0.039119688306272306,-0.048131639017496564,-0.04121394280945518,0.11262399843494421,0.1385690395831393,0.11865327234201173,0.0054767382297263075,0.00673840714997888,0.005769932913417846,-0.09669831741213102,-0.11897458053701167,-0.10187501728633189,0.023121567461942983,0.028448052292422726,0.02435936993121447,-2.722611337176917e-16,1.059171611848655e-17,-3.630408411666957e-17
135.96,"[0.06062, 0.0456, 0.41014]",0.0456,0.41014,-0.03932911375664317,-0.048131639017496564,-0.04163705864424978,0.1132269258256521,0.1385690395831393,0.11987140569581074,0.005506057695991499,0.00673840714997888,0.005829168934045395,-0.0972159874022667,-0.11897458053701167,-0.1029208995786673,0.02324534770887114,0.028448052292422726,0.024609451200829423,-3.2802381985296614e-16,1.059171611848655e-17,-2.126072321648313e-17
135.98,"[0.06062, 0.0456, 0.41014]",0.0456,0.41014,-0.03976762328529701,-0.048131639017496564,-0.04203073971991007,0.11448937700084431,0.1385690395831393,0.12100479757004916,0.005567448826789363,0.00673840714997888,0.005884284102024642,-0.09829992072105329,-0.11897458053701167,-0.10389402332399757,0.023504527372344933,0.028448052292422726,0.02484213514959308,-2.842567465540713e-16,1.059171611848655e-17,-6.037007653094721e-18
136.0,"[0.06062, 0.0456, 0.41014]",0.0456,0.41014,-0.04016218411105986,-0.048131639017496564,-0.04203073971991007,0.11562530164016323,0.1385690395831393,0.12100479757004916,0.005622687159497634,0.00673840714997888,0.005884284102024642,-0.09927521908380971,-0.11897458053701167,-0.10389402332399757,0.023737731294635092,0.028448052292422726,0.02484213514959308,-2.2816272823488526e-16,1.059171611848655e-17,-6.037007653094721e-18
136.02,"[0.06062, 0.0456, 0.41014]",0.0456,0.41014,-0.0405172096768246,-0.048131639017496564,-0.04239787704269952,0.11664740586684857,0.1385690395831393,0.12206177105468542,0.0056723905745847255,0.00673840714997888,0.005935683156897849,-0.10015279189459583,-0.11897458053701167,-0.1048015346794927,0.02394756802707922,0.028448052292422726,0.025059130497570376,-3.20408383793428e-16,1.059171611848655e-17,8.377606241171263e-18
136.04,"[0.06062, 0.0456, 0.41014]",0.0456,0.41014,-0.04087453647634279,-0.048131639017496564,-0.042755233939289136,0.11767613525241949,0.1385690395831393,0.12309058708835628,0.005722416160843366,0.00673840714997888,0.005985712956649163,-0.10103605302897477,-0.11897458053701167,-0.10568487020951192,0.02415876489647441,0.028448052292422726,0.025270345155719767,-2.6560890286818963e-16,1.059171611848655e-17,1.7760967505537033e-17
136.06,"[0.06062, 0.0456, 0.41014]",0.0456,0.41014,-0.04119970687359807,-0.048131639017496564,-0.04308360893273533,0.11861228765808515,0.1385690395831393,0.12403596539652709,0.005767939865642757,0.00673840714997888,0.006031685303383357,-0.10183982810083282,-0.11897458053701167,-0.10649656658826288,0.024350955826499456,0.028448052292422726,0.02546443015211241,-1.9878692089269392e-16,1.059171611848655e-17,2.736060757645199e-17
136.081,"[0.06062, 0.0456, 0.41014]",0.0456,0.41014,-0.04168364595718966,-0.048131639017496564,-0.04308360893273533,0.1200055286821546,0.1385690395831393,0.12403596539652709,0.005835691113179116,0.00673840714997888,0.006031685303383357,-0.10303605683166278,-0.11897458053701167,-0.10649656658826288,0.024636986484035714,0.028448052292422726,0.02546443015211241,-2.0274642722661095e-16,1.059171611848655e-17,2.736060757645199e-17
136.1,"[0.06062, 0.0456, 0.41014]",0.0456,0.41014,-0.04182364225477818,-0.048131639017496564,-0.04338785571443361,0.12040857235360014,0.1385690395831393,0.12491187956017284,0.005855290530105291,0.00673840714997888,0.006074279711647709,-0.10338210781002638,-0.11897458053701167,-0.10724862145200896,0.024719730850844588,0.028448052292422726,0.025644254245624436,-2.3970731296751077e-16,1.059171611848655e-17,3.8104988793984617e-17
136.12,"[0.06062, 0.0456, 0.41014]",0.0456,0.41014,-0.042120842812114576,-0.048131639017496564,-0.043683827855523535,0.12126420072276492,0.1385690395831393,0.12576397136859432,0.005896898470311282,0.00673840714997888,0.006115715674073112,-0.10411674540721783,-0.11897458053701167,-0.10798022257855276,0.024895390295854778,0.028448052292422726,0.02581918763909792,-1.9670872216847371e-16,1.059171611848655e-17,4.47467432431573e-17
136.14,"[0.06062, 0.0456, 0.41014]",0.0456,0.41014,-0.042417809970365844,-0.048131639017496564,-0.04395343932081646,0.12211915714539939,0.1385690395831393,0.1265401718589009,0.0059384737347699225,0.00673840714997888,0.0061534611540942545,-0.10485080607497603,-0.11897458053701167,-0.10864666385581032,0.02507091179107304,0.028448052292422726,0.025978540638909153,-1.6374940980578336e-16,1.059171611848655e-17,5.36446468745398e-17
136.16,"[0.06062, 0.0456, 0.41014]",0.0456,0.41014,-0.042685314515071654,-0.048131639017496564,-0.04395343932081646,0.12288929189675915,0.1385690395831393,0.1265401718589009,0.0059759242469665345,0.00673840714997888,0.0061534611540942545,-0.10551203934358827,-0.11897458053701167,-0.10864666385581032,0.025229019502180948,0.028448052292422726,0.025978540638909153,-1.2438636573152467e-16,1.059171611848655e-17,5.36446468745398e-17
136.18,"[0.06062, 0.0456, 0.41014]",0.0456,0.41014,-0.0429262582282178,-0.048131639017496564,-0.04420453781727591,0.12358295908959473,0.1385690395831393,0.12726307426163794,0.006009656255371465,0.00673840714997888,0.0061886148270576796,-0.10610761800603205,-0.11897458053701167,-0.10926734370159204,0.02537142851816173,0.028448052292422726,0.026126951607320287,-1.9330996519816618e-16,1.059171611848655e-17,6.232679555909461e-17
136.2,"[0.06062, 0.0456, 0.41014]",0.0456,0.41014,-0.043169131350139806,-0.048131639017496564,-0.04444893708435367,0.12428218097222621,0.1385690395831393,0.1279666898542753,0.006043658379779234,0.00673840714997888,0.006222830611022863,-0.10670796589337614,-0.11897458053701167,-0.10987146400313247,0.025514977905103996,0.028448052292422726,0.02627140301749245,-1.5480300715930207e-16,1.059171611848655e-17,6.739627024015565e-17
136.22,"[0.06062, 0.0456, 0.41014]",0.0456,0.41014,-0.043412294439642875,-0.048131639017496564,-0.04468152451514517,0.12498223765976789,0.1385690395831393,0.1286362996485771,0.00607770109952863,0.00673840714997888,0.006255392743386443,-0.10730903053940911,-0.11897458053701167,-0.11044638712178266,0.025658698676459955,0.028448052292422726,0.02640887307936191,-1.254232966892899e-16,1.059171611848655e-17,7.108673680866912e-17
136.24,"[0.06062, 0.0456, 0.41014]",0.0456,0.41014,-0.04365344815399284,-0.048131639017496564,-0.04489236612535736,0.12567650943760408,0.1385690395831393,0.1292433041060542,0.0061114625077033765,0.00673840714997888,0.006284910470940635,-0.10790512829523023,-0.11897458053701167,-0.11096755765827401,0.025801231813013508,0.028448052292422726,0.02653349034308102,-1.047857251764628e-16,1.059171611848655e-17,7.73545866467667e-17
136.261,"[0.06062, 0.0456, 0.41014]",0.0456,0.41014,-0.043869866823631934,-0.048131639017496564,-0.04509699353032157,0.1262995700233953,0.1385690395831393,0.12983241811827195,0.006141761021066894,0.00673840714997888,0.006313558212648466,-0.10844008453109627,-0.11897458053701167,-0.11147336756134671,0.025929145379993784,0.028448052292422726,0.026654434720534456,-7.767676773650425e-17,1.059171611848655e-17,8.085716193626305e-17
136.28,"[0.06062, 0.0456, 0.41014]",0.0456,0.41014,-0.044084604431456224,-0.048131639017496564,-0.04529126409623002,0.12691779090028857,0.1385690395831393,0.13039171521025988,0.006171824186563514,0.00673840714997888,0.0063407560016922986,-0.10897088542073216,-0.11897458053701167,-0.11195357682818108,0.026056065360727906,0.028448052292422726,0.02676925772117489,-5.689044368561215e-17,1.059171611848655e-17,8.34426180012099e-17
136.3,"[0.06062, 0.0456, 0.41014]",0.0456,0.41014,-0.04429638541683323,-0.048131639017496564,-0.04547507526537374,0.1275274997808793,0.1385690395831393,0.13092090012252755,0.0062014734262988295,0.00673840714997888,0.006366489480039469,-0.10949437795928935,-0.11897458053701167,-0.11240793195067708,0.02618123783915744,0.028448052292422726,0.026877898728594495,-4.2900332532728193e-17,1.059171611848655e-17,8.557417107318691e-17
136.32,"[0.06062, 0.0456, 0.41014]",0.0456,0.41014,-0.044503793482836215,-0.048131639017496564,-0.04547507526537374,0.12812461920367166,0.1385690395831393,0.13092090012252755,0.006230510459356222,0.00673840714997888,0.006366489480039469,-0.11000706126177788,-0.11897458053701167,-0.11240793195067708,0.02630382571748499,0.028448052292422726,0.026877898728594495,-3.3998599015753185e-17,1.059171611848655e-17,8.557417107318691e-17
136.341,"[0.06062, 0.0456, 0.41014]",0.0456,0.41014,-0.04478354662131299,-0.048131639017496564,-0.045640433019260664,0.12893001716039879,0.1385690395831393,0.13139695839956567,0.006269675769096932,0.00673840714997888,0.006389639488798589,-0.11069857131568503,-0.11897458053701167,-0.11281667284969153,0.02646917292099633,0.028448052292422726,0.026975632903567377,-5.3108746507982703e-17,1.059171611848655e-17,9.045401591687479e-17
136.36,"[0.06062, 0.0456, 0.41014]",0.0456,0.41014,-0.04486923526112771,-0.048131639017496564,-0.04580068713250944,0.1291767112843448,0.1385690395831393,0.13185832350188326,0.006281672139022312,0.00673840714997888,0.006412074990240781,-0.11091038147176513,-0.11897458053701167,-0.11321279827338547,0.02651981891925479,0.028448052292422726,0.027070350587958376,-8.160548272872271e-17,1.059171611848655e-17,9.313498315467802e-17
136.38,"[0.06062, 0.0456, 0.41014]",0.0456,0.41014,-0.0450462111166957,-0.048131639017496564,-0.04595241279910926,0.12968621760567944,0.1385690395831393,0.13229513555166805,0.0063064486767048,0.00673840714997888,0.006433316513108559,-0.11134784066920494,-0.11897458053701167,-0.1135878425873738,0.026624419936310813,0.028448052292422726,0.027160027561058415,-6.907080457218329e-17,1.059171611848655e-17,9.518120246897848e-17
136.401,"[0.06062, 0.0456, 0.41014]",0.0456,0.41014,-0.045291791772652294,-0.048131639017496564,-0.04608867469054391,0.13039323436908015,0.1385690395831393,0.1326874280189783,0.0063408298546972375,0.00673840714997888,0.006452393114618239,-0.11195488119632017,-0.11897458053701167,-0.11392466264387631,0.026769569602620863,0.028448052292422726,0.027240564718987448,-8.270139428467104e-17,1.059171611848655e-17,9.937994193923915e-17
136.42,"[0.06062, 0.0456, 0.41014]",0.0456,0.41014,-0.04537148006442839,-0.048131639017496564,-0.04622068641250038,0.13062265373404816,0.1385690395831393,0.13306748442047564,0.006351986178486597,0.00673840714997888,0.006470874694377139,-0.11215185934379375,-0.11897458053701167,-0.11425097688463623,0.026816669114258642,0.028448052292422726,0.02731858982775172,-4.513812581673825e-17,1.059171611848655e-17,1.0169047394384826e-16
136.44,"[0.06062, 0.0456, 0.41014]",0.0456,0.41014,-0.045507747043420116,-0.048131639017496564,-0.04622068641250038,0.1310149608482433,0.1385690395831393,0.13306748442047564,0.006371063492469097,0.00673840714997888,0.006470874694377139,-0.11248869197589545,-0.11897458053701167,-0.11425097688463623,0.02689720927915971,0.028448052292422726,0.02731858982775172,-8.603032863507054e-17,1.059171611848655e-17,1.0169047394384826e-16
136.46,"[0.06062, 0.0456, 0.41014]",0.0456,0.41014,-0.04564320552354753,-0.048131639017496564,-0.046340657475966024,0.13140494032698052,0.1385690395831393,0.13341287625377965,0.0063900276168100895,0.00673840714997888,0.0064876705875296465,-0.11282352611367678,-0.11897458053701167,-0.11454752832649528,0.026977271583394573,0.028448052292422726,0.027389498343577113,-6.583424424687955e-17,1.059171611848655e-17,1.0452603533904163e-16
136.48,"[0.06062, 0.0456, 0.41014]",0.0456,0.41014,-0.04577572139451112,-0.048131639017496564,-0.046456386283393214,0.13178644815309237,0.1385690395831393,0.13374605480374402,0.0064085797772449994,0.00673840714997888,0.006503872566807964,-0.11315108653922691,-0.11897458053701167,-0.1148335935135129,0.02705559466783167,0.028448052292422726,0.027457899487451386,-5.265424895727674e-17,1.059171611848655e-17,1.0618782086495438e-16
136.5,"[0.06062, 0.0456, 0.41014]",0.0456,0.41014,-0.04590504772340295,-0.048131639017496564,-0.046560651607877805,0.13215877341673998,0.1385690395831393,0.13404623045054603,0.006426685403270628,0.00673840714997888,0.006518469663788447,-0.11347076286945226,-0.11897458053701167,-0.11509132259766942,0.02713203258356182,0.028448052292422726,0.027519525176160704,-4.2163508736306996e-17,1.059171611848655e-17,1.0913651172115147e-16
136.52,"[0.06062, 0.0456, 0.41014]",0.0456,0.41014,-0.046020228582250834,-0.048131639017496564,-0.046560651607877805,0.13249037444497266,0.1385690395831393,0.13404623045054603,0.0064428106700419804,0.00673840714997888,0.006518469663788447,-0.11375547360535151,-0.11897458053701167,-0.11509132259766942,0.02720010986417418,0.028448052292422726,0.027519525176160704,-2.7696782308398455e-17,1.059171611848655e-17,1.0913651172115147e-16
136.54,"[0.06062, 0.0456, 0.41014]",0.0456,0.41014,-0.04612290895714223,-0.048131639017496564,-0.04665712402700448,0.1327859870860939,0.1385690395831393,0.13432397063840645,0.006457185874977278,0.00673840714997888,0.006531975757634097,-0.11400928491897204,-0.11897458053701167,-0.11532978872579973,0.027260798773454213,0.028448052292422726,0.027576544892921974,-5.730374155376362e-17,1.059171611848655e-17,1.1199519468459603e-16
136.561,"[0.06062, 0.0456, 0.41014]",0.0456,0.41014,-0.046267681241086746,-0.048131639017496564,-0.04674680185044191,0.13320278062882868,0.1385690395831393,0.13458214946043348,0.006477453927553057,0.00673840714997888,0.00654453061123646,-0.1143671414578912,-0.11897458053701167,-0.11555145957771763,0.02734636597183353,0.028448052292422726,0.027629548685492417,-5.1801632368834175e-17,1.059171611848655e-17,1.144791230943954e-16
136.58,"[0.06062, 0.0456, 0.41014]",0.0456,0.41014,-0.046315593302012716,-0.048131639017496564,-0.046834026784317466,0.133340717511987,0.1385690395831393,0.1348332665127442,0.006484161593773886,0.00673840714997888,0.0065567420614423,-0.11448557327257412,-0.11897458053701167,-0.1157670672347653,0.027374684243200595,0.028448052292422726,0.027681102705481516,-2.2578480692528883e-17,1.059171611848655e-17,1.1547949707196252e-16
136.6,"[0.06062, 0.0456, 0.41014]",0.0456,0.41014,-0.046406245419601644,-0.048131639017496564,-0.046834026784317466,0.1336017012874527,0.1385690395831393,0.1348332665127442,0.00649685284813459,0.00673840714997888,0.0065567420614423,-0.11470965244136011,-0.11897458053701167,-0.1157670672347653,0.027428263889237362,0.028448052292422726,0.027681102705481516,-8.069253539458882e-18,1.059171611848655e-17,1.1547949707196252e-16
136.62,"[0.06062, 0.0456, 0.41014]",0.0456,0.41014,-0.046487523878915166,-0.048131639017496564,-0.04691325343095091,0.1338356986803221,0.1385690395831393,0.13506135681998677,0.006508231794788364,0.00673840714997888,0.00656783375514439,-0.1149105612571842,-0.11897458053701167,-0.1159629042609189,0.027476303264326343,0.028448052292422726,0.027727929363212753,-3.1750397390887256e-17,1.059171611848655e-17,1.1700245215129575e-16
136.64,"[0.06062, 0.0456, 0.41014]",0.0456,0.41014,-0.04656841249380319,-0.048131639017496564,-0.046990160254158524,0.1340685737268953,0.1385690395831393,0.13528276844953022,0.006519556163298177,0.00673840714997888,0.006578600674646664,-0.11511050643299149,-0.11897458053701167,-0.1161530070128055,0.0275241122231172,0.028448052292422726,0.027773384896679597,-1.81423590835872e-17,1.059171611848655e-17,1.173357083536346e-16
136.66,"[0.06062, 0.0456, 0.41014]",0.0456,0.41014,-0.04664854456827223,-0.048131639017496564,-0.04706318385290307,0.1342992707242355,0.1385690395831393,0.13549300043310097,0.006530774616504074,0.00673840714997888,0.006588823944527812,-0.11530858154825138,-0.11897458053701167,-0.11633351098495008,0.027571474031096513,0.028448052292422726,0.02781654526266728,-7.727513014691446e-18,1.059171611848655e-17,1.1718926231515036e-16
136.68,"[0.06062, 0.0456, 0.41014]",0.0456,0.41014,-0.04673458796292593,-0.048131639017496564,-0.04720254707564297,0.13454698617301067,0.1385690395831393,0.13589422150761662,0.006542820651711982,0.00673840714997888,0.006608334730929959,-0.11552126860809046,-0.11897458053701167,-0.1166779970922895,0.02762232970609399,0.028448052292422726,0.027898915452606872,2.968570187256934e-17,1.059171611848655e-17,1.1628115679135555e-16
136.702,"[0.06062, 0.0456, 0.41014]",0.0456,0.41014,-0.04685599862521667,-0.048131639017496564,-0.04720254707564297,0.13489652255303358,0.1385690395831393,0.13589422150761662,0.0065598180881099545,0.00673840714997888,0.006608334730929959,-0.11582137853388207,-0.11897458053701167,-0.1166779970922895,0.02769408909222485,0.028448052292422726,0.027898915452606872,1.3048402695344768e-17,1.059171611848655e-17,1.1628115679135555e-16
136.72,"[0.06062, 0.0456, 0.41014]",0.0456,0.41014,-0.04689065347026715,-0.048131639017496564,-0.047261876958024376,0.13499629244852918,0.1385690395831393,0.1360650298363254,0.006564669750361439,0.00673840714997888,0.00661664088687651,-0.11590704039239118,-0.11897458053701167,-0.11682465214108309,0.027714571728264414,0.028448052292422726,0.027933982191053315,9.010015548171761e-19,1.059171611848655e-17,1.166496216874879e-16
136.74,"[0.06062, 0.0456, 0.41014]",0.0456,0.41014,-0.04696118593294405,-0.048131639017496564,-0.04731925564812337,0.1351993525522613,0.1385690395831393,0.13623022076146912,0.006574544262380227,0.00673840714997888,0.006624673876811287,-0.11608138662972774,-0.11897458053701167,-0.11696648411947858,0.027756259716196795,0.028448052292422726,0.02796789568350141,4.224298053919741e-18,1.059171611848655e-17,1.162991066840448e-16
136.76,"[0.06062, 0.0456, 0.41014]",0.0456,0.41014,-0.04702921917883098,-0.048131639017496564,-0.04737337704592417,0.1353952175120632,0.1385690395831393,0.1363860340739952,0.006584068885207286,0.00673840714997888,0.006632250847337219,-0.1162495551578639,-0.11897458053701167,-0.11710026453360779,0.02779647054998718,0.028448052292422726,0.02799988396368744,7.069678235390696e-18,1.059171611848655e-17,1.1579280882945594e-16
136.78,"[0.06062, 0.0456, 0.41014]",0.0456,0.41014,-0.04709460917358168,-0.048131639017496564,-0.04742427036909961,0.13558347265888468,0.1385690395831393,0.13653255389040062,0.006593223454102465,0.00673840714997888,0.00663937588891477,-0.11641118994433697,-0.11897458053701167,-0.11722606560541143,0.027835119098592737,0.028448052292422726,0.028029964300624117,9.00259386849785e-18,1.059171611848655e-17,1.152383221479596e-16
136.8,"[0.06062, 0.0456, 0.41014]",0.0456,0.41014,-0.04715724480073313,-0.048131639017496564,-0.047469549722006066,0.13576379809292896,0.1385690395831393,0.13666291131374844,0.0066019924128122714,0.00673840714997888,0.006645714977259383,-0.11656601632502113,-0.11897458053701167,-0.11733798973948138,0.027872139686981212,0.028448052292422726,0.028056726518273314,1.0281952432030742e-17,1.059171611848655e-17,1.1560255109481686e-16
136.82,"[0.06062, 0.0456, 0.41014]",0.0456,0.41014,-0.04721250759401507,-0.048131639017496564,-0.04751333849634949,0.13592289743683855,0.1385690395831393,0.1367889774217762,0.006609729178198126,0.00673840714997888,0.00665184538529912,-0.11670261810678281,-0.11897458053701167,-0.11744622937489442,0.02790480258534079,0.028448052292422726,0.02808260773419932,1.415645731562494e-17,1.059171611848655e-17,1.1531348763873232e-16
136.84,"[0.06062, 0.0456, 0.41014]",0.0456,0.41014,-0.0472657244757692,-0.048131639017496564,-0.047554626578944624,0.13607610668431072,0.1385690395831393,0.13690784413952994,0.006617179516919001,0.00673840714997888,0.006657625697656085,-0.11683416268561615,-0.11897458053701167,-0.11754828765521896,0.02793625625419308,0.028448052292422726,0.028107010924213992,1.7477151729513546e-17,1.059171611848655e-17,1.148456456067969e-16
136.86,"[0.06062, 0.0456, 0.41014]",0.0456,0.41014,-0.04731689994794059,-0.048131639017496564,-0.0475934382733124,0.1362234387962626,0.1385690395831393,0.13701958143586238,0.0066243440592466275,0.00673840714997888,0.006663059316811779,-0.11696066118968927,-0.11897458053701167,-0.1176442246553096,0.027966503354398223,0.028448052292422726,0.02812995045283619,1.9793874931680577e-17,1.059171611848655e-17,1.1429610056015106e-16
136.88,"[0.06062, 0.0456, 0.41014]",0.0456,0.41014,-0.04736594917726992,-0.048131639017496564,-0.04762987742529294,0.1363646495411763,0.1385690395831393,0.1371244882787418,0.006631210928563868,0.00673840714997888,0.006668160781135585,-0.11708190392322539,-0.11897458053701167,-0.11773429706734471,0.027995493745527983,0.028448052292422726,0.028151487697819725,2.1340814591382895e-17,1.059171611848655e-17,1.1369844282702923e-16
136.9,"[0.06062, 0.0456, 0.41014]",0.0456,0.41014,-0.047412816020717896,-0.048131639017496564,-0.047664054940590846,0.13649957728551562,0.1385690395831393,0.13722288396120053,0.006637772264871043,0.00673840714997888,0.006672945617374661,-0.1171977521086,-0.11897458053701167,-0.11781877903448566,0.028023194244417435,0.028448052292422726,0.028171688209628877,2.22979482692531e-17,1.059171611848655e-17,1.1307554263936914e-16
136.92,"[0.06062, 0.0456, 0.41014]",0.0456,0.41014,-0.04745747543911876,-0.048131639017496564,-0.047664054940590846,0.1366281499425368,0.1385690395831393,0.13722288396120053,0.006644024562696395,0.00673840714997888,0.006672945617374661,-0.1173081438525495,-0.11897458053701167,-0.11781877903448566,0.028049590051747307,0.028448052292422726,0.028171688209628877,2.28586976328626e-17,1.059171611848655e-17,1.1307554263936914e-16
136.94,"[0.06062, 0.0456, 0.41014]",0.0456,0.41014,-0.04749672554440683,-0.048131639017496564,-0.04769432866487535,0.1367411494061582,0.1385690395831393,0.13731004078742234,0.006649519559235282,0.00673840714997888,0.006677183924684088,-0.11740516454218115,-0.11897458053701167,-0.11789361138429257,0.02807278870174739,0.028448052292422726,0.02818958139816498,9.73464717536007e-18,1.059171611848655e-17,1.1306777271945074e-16
136.96,"[0.06062, 0.0456, 0.41014]",0.0456,0.41014,-0.04753427013729773,-0.048131639017496564,-0.04772358089566828,0.1368492387686629,0.1385690395831393,0.13739425677524875,0.006654775784787589,0.00673840714997888,0.006681279223380498,-0.11749796944725419,-0.11897458053701167,-0.11796591874716407,0.028094979314069245,0.028448052292422726,0.0282068708362188,1.25149752264819e-17,1.059171611848655e-17,1.12613336027436e-16
136.98,"[0.06062, 0.0456, 0.41014]",0.0456,0.41014,-0.04757023918138986,-0.048131639017496564,-0.04775111698782137,0.13695279218997947,0.1385690395831393,0.1374735320694289,0.006659811434239208,0.00673840714997888,0.006685134263465198,-0.1175868798193082,-0.11897458053701167,-0.11803398405888253,0.028116238703280217,0.028448052292422726,0.028223145955982964,1.4922771411137706e-17,1.059171611848655e-17,1.1202972113101477e-16
137.0,"[0.06062, 0.0456, 0.41014]",0.0456,0.41014,-0.04760460596461359,-0.048131639017496564,-0.04777696059018668,0.13705173276714108,0.1385690395831393,0.1375479347540502,0.00666462276791367,0.00673840714997888,0.006688752355766395,-0.11767182962989756,-0.11897458053701167,-0.11809786577605391,0.028136551081296274,0.028448052292422726,0.028238420735036334,1.6709970272262806e-17,1.059171611848655e-17,1.1138447066251616e-16
137.02,"[0.06062, 0.0456, 0.41014]",0.0456,0.41014,-0.04763735334347423,-0.048131639017496564,-0.047801189127867454,0.13714601114472091,0.1385690395831393,0.1376176877328495,0.006669207385729612,0.00673840714997888,0.006692144339762569,-0.11775277650273665,-0.11897458053701167,-0.11815775528254482,0.028155906315509436,0.028448052292422726,0.028252740935240165,1.8043538944419978e-17,1.059171611848655e-17,1.1070144844750112e-16
137.04,"[0.06062, 0.0456, 0.41014]",0.0456,0.41014,-0.04766848214251067,-0.048131639017496564,-0.0478226319693256,0.13723562969653325,0.1385690395831393,0.1376794208050356,0.006673565403121995,0.00673840714997888,0.006695146327581446,-0.11782972247596883,-0.11897458053701167,-0.11821075894333705,0.02817430489326081,0.028448052292422726,0.028265414658543958,1.8988529557958342e-17,1.059171611848655e-17,1.1043074037977124e-16
137.06,"[0.06062, 0.0456, 0.41014]",0.0456,0.41014,-0.04770851987542318,-0.048131639017496564,-0.047843347861020145,0.13735089670819095,0.1385690395831393,0.1377390610182912,0.00667917066712273,0.00673840714997888,0.0066980465427722,-0.11792869006932778,-0.11897458053701167,-0.11826196568748615,0.028197969068068575,0.028448052292422726,0.028277658720499945,1.7246433507208632e-17,1.059171611848655e-17,1.098377574530533e-16
137.08,"[0.06062, 0.0456, 0.41014]",0.0456,0.41014,-0.047722002673981266,-0.048131639017496564,-0.04786284212134432,0.13738971313923296,0.1385690395831393,0.13779518420430356,0.006681058252637166,0.00673840714997888,0.006700775730139357,-0.11796201763381403,-0.11897458053701167,-0.1183101527322688,0.028205938033313015,0.028448052292422726,0.02828918074111648,2.300224600049967e-17,1.059171611848655e-17,1.0914811113832667e-16
137.1,"[0.06062, 0.0456, 0.41014]",0.0456,0.41014,-0.04774700768555202,-0.048131639017496564,-0.04786284212134432,0.13746170155492393,0.1385690395831393,0.13779518420430356,0.006684558942627288,0.00673840714997888,0.006700775730139357,-0.11802382647355765,-0.11897458053701167,-0.1183101527322688,0.02822071716594274,0.028448052292422726,0.02828918074111648,2.4290711862281437e-17,1.059171611848655e-17,1.0914811113832667e-16
137.121,"[0.06062, 0.0456, 0.41014]",0.0456,0.41014,-0.047780129533018974,-0.048131639017496564,-0.04788014927498842,0.1375570580124527,0.1385690395831393,0.13784501079875489,0.006689195985875869,0.00673840714997888,0.006703198723587571,-0.1181056989796411,-0.11897458053701167,-0.11835293355974615,0.02824029372863484,0.028448052292422726,0.028299410079279903,2.261843843143979e-17,1.059171611848655e-17,1.0874043432350849e-16
137.14,"[0.06062, 0.0456, 0.41014]",0.0456,0.41014,-0.047790131507218135,-0.048131639017496564,-0.04789687955553439,0.137585853291123,0.1385690395831393,0.13789317659891812,0.006690596257620504,0.00673840714997888,0.006705540955071,-0.1181304224403157,-0.11897458053701167,-0.11839428843879773,0.02824620536370071,0.028448052292422726,0.028309298458431765,1.9611728966702993e-17,1.059171611848655e-17,1.0806893715384079e-16
137.16,"[0.06062, 0.0456, 0.41014]",0.0456,0.41014,-0.04782063636683961,-0.048131639017496564,-0.04792831263460413,0.13767367554662654,0.1385690395831393,0.13798367116060922,0.006694866923763813,0.00673840714997888,0.006709941571497378,-0.11820582612387943,-0.11897458053701167,-0.1184719865490946,0.02826423516404497,0.028448052292422726,0.028327876879929118,2.5562697851041427e-17,1.059171611848655e-17,1.0688092340818702e-16
137.18,"[0.06062, 0.0456, 0.41014]",0.0456,0.41014,-0.04783140399361497,-0.048131639017496564,-0.04794256498436505,0.1377046751080593,0.1385690395831393,0.13802470309839038,0.0066963743864937334,0.00673840714997888,0.006711936893824949,-0.11823244216906918,-0.11897458053701167,-0.11850721633492724,0.028270599335634715,0.028448052292422726,0.02833630068596456,2.9069007676859555e-17,1.059171611848655e-17,1.0569325632699413e-16
137.2,"[0.06062, 0.0456, 0.41014]",0.0456,0.41014,-0.047851241870380014,-0.048131639017496564,-0.04795583984126862,0.13776178755189358,0.1385690395831393,0.1380629208738208,0.006699151680013009,0.00673840714997888,0.006713795367606522,-0.11828147858492216,-0.11897458053701167,-0.11854002989714862,0.02828232444965675,0.028448052292422726,0.028344146747952978,2.8379455095158785e-17,1.059171611848655e-17,1.0480951871217746e-16
137.22,"[0.06062, 0.0456, 0.41014]",0.0456,0.41014,-0.04786992074772851,-0.048131639017496564,-0.04798175957899134,0.13781556328334324,0.1385690395831393,0.1381375427490468,0.00670176671415249,0.00673840714997888,0.006717424118810418,-0.11832765011870972,-0.11897458053701167,-0.11860409981012104,0.028293364540756618,0.028448052292422726,0.02835946652656709,2.7666483746532315e-17,1.059171611848655e-17,1.0327517124669538e-16
137.24,"[0.06062, 0.0456, 0.41014]",0.0456,0.41014,-0.04789002469191286,-0.048131639017496564,-0.04799397915716573,0.1378734417245036,0.1385690395831393,0.1381727224197514,0.006704581256971675,0.00673840714997888,0.006719134854061467,-0.11837734421547076,-0.11897458053701167,-0.11863430487309494,0.028305246913082574,0.028448052292422726,0.028366688869415988,3.150282471365504e-17,1.059171611848655e-17,1.0222363878923022e-16
137.26,"[0.06062, 0.0456, 0.41014]",0.0456,0.41014,-0.047919278040237746,-0.048131639017496564,-0.048015510908484854,0.1379576609296579,0.1385690395831393,0.13823471145982136,0.006708676712126472,0.00673840714997888,0.0067221492892122975,-0.11844965434071915,-0.11897458053701167,-0.11868752830644567,0.0283225370116495,0.028448052292422726,0.02837941514261006,2.904862467601684e-17,1.059171611848655e-17,1.0030541543483318e-16
137.28,"[0.06062, 0.0456, 0.41014]",0.0456,0.41014,-0.04792890132706221,-0.048131639017496564,-0.04802495424021709,0.13798536598271166,0.1385690395831393,0.13826189842944858,0.006710023967800046,0.00673840714997888,0.006723471351253697,-0.11847344173995754,-0.11897458053701167,-0.11871087088223575,0.028328224824746884,0.028448052292422726,0.028384996593821554,2.9724733150778813e-17,1.059171611848655e-17,9.930217864412828e-17
137.3,"[0.06062, 0.0456, 0.41014]",0.0456,0.41014,-0.047946301480707325,-0.048131639017496564,-0.04803356574754874,0.13803546032040054,0.1385690395831393,0.13828669061031307,0.006712459981218321,0.00673840714997888,0.006724676958265445,-0.11851645245023099,-0.11897458053701167,-0.11873215730616553,0.028338509130264616,0.028448052292422726,0.028390086397864493,2.6465187739418393e-17,1.059171611848655e-17,9.861895995377401e-17
137.32,"[0.06062, 0.0456, 0.41014]",0.0456,0.41014,-0.04796210665574878,-0.048131639017496564,-0.0480414452988667,0.13808096277928153,0.1385690395831393,0.1383093755194562,0.006714672698372373,0.00673840714997888,0.0067257800917757725,-0.11855552059976637,-0.11897458053701167,-0.11875163443871312,0.02834785072874728,0.028448052292422726,0.02839474358163155,2.395851231663191e-17,1.059171611848655e-17,9.804576846494248e-17
137.34,"[0.06062, 0.0456, 0.41014]",0.0456,0.41014,-0.04798296918437958,-0.048131639017496564,-0.0480492736897722,0.1381410251543377,0.1385690395831393,0.13833191313984383,0.006717593442678648,0.00673840714997888,0.0067268760628517695,-0.11860708980960241,-0.11897458053701167,-0.1187709851099824,0.028360181459997438,0.028448052292422726,0.02839937052719944,1.963948454231866e-17,1.059171611848655e-17,9.762835430069762e-17
137.36,"[0.06062, 0.0456, 0.41014]",0.0456,0.41014,-0.047989599634918556,-0.048131639017496564,-0.048056208397141024,0.13816011395292652,0.1385690395831393,0.13835187788152084,0.006718521702663174,0.00673840714997888,0.006727846918648679,-0.11862347934230537,-0.11897458053701167,-0.11878812672238578,0.028364100366718967,0.028448052292422726,0.028403469263952884,2.1016854982244242e-17,1.059171611848655e-17,9.723370479326164e-17
137.38,"[0.06062, 0.0456, 0.41014]",0.0456,0.41014,-0.04800225529974212,-0.048131639017496564,-0.04806247887262154,0.13819654909943566,0.1385690395831393,0.13836993032649075,0.0067202934898487705,0.00673840714997888,0.00672872478229118,-0.11865476234958126,-0.11897458053701167,-0.11880362644783247,0.02837158045719597,0.028448052292422726,0.028407175408559443,1.949463513207459e-17,1.059171611848655e-17,9.660408018498123e-17
137.4,"[0.06062, 0.0456, 0.41014]",0.0456,0.41014,-0.0480191472969624,-0.048131639017496564,-0.048068192962311254,0.13824518047535644,0.1385690395831393,0.13838638095930103,0.006722658361592896,0.00673840714997888,0.006729524752181612,-0.11869651696929988,-0.11897458053701167,-0.11881775086657012,0.028381564418474423,0.028448052292422726,0.028410552703112452,1.9312489167097023e-17,1.059171611848655e-17,9.61622943889453e-17
137.42,"[0.06062, 0.0456, 0.41014]",0.0456,0.41014,-0.0480240518634984,-0.048131639017496564,-0.04807340670194495,0.13825930052379226,0.1385690395831393,0.1384013911045628,0.006723344998627866,0.00673840714997888,0.006730254673297135,-0.11870864036168946,-0.11897458053701167,-0.11883063849098195,0.028384463246939586,0.028448052292422726,0.028413634267354857,1.7685318546630773e-17,1.059171611848655e-17,9.576506154068482e-17
137.44,"[0.06062, 0.0456, 0.41014]",0.0456,0.41014,-0.04803342928280421,-0.048131639017496564,-0.04807816736417937,0.1382862977342153,0.1385690395831393,0.13841509685834036,0.006724657832963805,0.00673840714997888,0.006730921163787752,-0.11873182001131538,-0.11897458053701167,-0.11884240617236616,0.02839000574082105,0.028448052292422726,0.028416448041640195,1.7233423081138805e-17,1.059171611848655e-17,9.539063018331095e-17
137.46,"[0.06062, 0.0456, 0.41014]",0.0456,0.41014,-0.048041929518266316,-0.048131639017496564,-0.04808251719819973,0.13831076956787552,0.1385690395831393,0.138427619854327,0.0067258478619692495,0.00673840714997888,0.006731530138519762,-0.1187528313869753,-0.11897458053701167,-0.1188531583447123,0.028395029777979263,0.028448052292422726,0.02841901899721512,1.7018317370117668e-17,1.059171611848655e-17,9.502742389855956e-17
137.48,"[0.06062, 0.0456, 0.41014]",0.0456,0.41014,-0.04805292877952973,-0.048131639017496564,-0.04808618411306948,0.1383424359956138,0.1385690395831393,0.13843817675373538,0.006727387753423771,0.00673840714997888,0.006732043504888633,-0.11878001999973888,-0.11897458053701167,-0.1188622224378421,0.02840153085639582,0.028448052292422726,0.02842118631559625,1.6166134462544057e-17,1.059171611848655e-17,9.475687453766592e-17
137.5,"[0.06062, 0.0456, 0.41014]",0.0456,0.41014,-0.04805625431288362,-0.048131639017496564,-0.04808997473346759,0.1383520100714655,0.1385690395831393,0.13844908979635018,0.006727853326541119,0.00673840714997888,0.00673257418997378,-0.118788240246213,-0.11897458053701167,-0.11887159231348104,0.028403496402317208,0.028448052292422726,0.028423426749736823,1.7182682419466472e-17,1.059171611848655e-17,9.45074964375802e-17
137.52,"[0.06062, 0.0456, 0.41014]",0.0456,0.41014,-0.04806232003695923,-0.048131639017496564,-0.048093102971781786,0.13836947304543468,0.1385690395831393,0.13845809586776991,0.006728702525083882,0.00673840714997888,0.00673301214187625,-0.11880323385524666,-0.11897458053701167,-0.1188793248746173,0.02840708152925684,0.028448052292422726,0.02842527568505154,1.7661466098836068e-17,1.059171611848655e-17,9.410389338035141e-17
137.54,"[0.06062, 0.0456, 0.41014]",0.0456,0.41014,-0.0480678872531277,-0.048131639017496564,-0.04809607279357254,0.13838550083532736,0.1385690395831393,0.1384666458644341,0.006729481932752081,0.00673840714997888,0.006733427915539238,-0.11881699522348486,-0.11897458053701167,-0.11888666585259101,0.028410372014682057,0.028448052292422726,0.02842703098878349,1.7876138128988197e-17,1.059171611848655e-17,9.372868728634116e-17
137.561,"[0.06062, 0.0456, 0.41014]",0.0456,0.41014,-0.048075284979024094,-0.048131639017496564,-0.04809881330306715,0.13840679858859553,0.1385690395831393,0.13847453568028423,0.006730517610929574,0.00673840714997888,0.006733811585587716,-0.1188352813519735,-0.11897458053701167,-0.11889344000311391,0.028414744417064902,0.028448052292422726,0.0284286507582115,1.7575163605906226e-17,1.059171611848655e-17,9.33439683199427e-17
137.58,"[0.06062, 0.0456, 0.41014]",0.0456,0.41014,-0.04807763781142833,-0.048131639017496564,-0.04809881330306715,0.1384135722978042,0.1385690395831393,0.13847453568028423,0.006730847006367021,0.00673840714997888,0.006733811585587716,-0.11884109721975106,-0.11897458053701167,-0.11889344000311391,0.02841613505118092,0.028448052292422726,0.0284286507582115,1.830765059363743e-17,1.059171611848655e-17,9.33439683199427e-17
137.6,"[0.06062, 0.0456, 0.41014]",0.0456,0.41014,-0.04808166115484053,-0.048131639017496564,-0.04810133727208619,0.13842515534055302,0.1385690395831393,0.13848180208487448,0.006731410272570914,0.00673840714997888,0.006734164940070622,-0.11885104235364913,-0.11897458053701167,-0.11889967889631381,0.028418513035519295,0.028448052292422726,0.028430142542079533,1.745113087737388e-17,1.059171611848655e-17,9.295060845818386e-17
137.62,"[0.06062, 0.0456, 0.41014]",0.0456,0.41014,-0.048087211306644354,-0.048131639017496564,-0.04810351651238723,0.13844113400283056,0.1385690395831393,0.1384880760294462,0.006732187291231865,0.00673840714997888,0.006734470032693745,-0.11886476154120199,-0.11897458053701167,-0.11890506566904865,0.028421793435106264,0.028448052292422726,0.02843143057513426,1.850107226120884e-17,1.059171611848655e-17,9.256929056627202e-17
137.64,"[0.06062, 0.0456, 0.41014]",0.0456,0.41014,-0.04809051739329731,-0.048131639017496564,-0.048105597488002964,0.13845065209241672,0.1385690395831393,0.13849406707396839,0.006732650141820151,0.00673840714997888,0.00673476136830685,-0.1188729337181906,-0.11897458053701167,-0.11891020954542764,0.028423747487116617,0.028448052292422726,0.028432660529158986,1.8704468588767123e-17,1.059171611848655e-17,9.216512475930283e-17
137.66,"[0.06062, 0.0456, 0.41014]",0.0456,0.41014,-0.048092025402768204,-0.048131639017496564,-0.048107400439112255,0.13845499359061272,0.1385690395831393,0.13849925769719582,0.006732861262443357,0.00673840714997888,0.006735013780618743,-0.11887666130357702,-0.11897458053701167,-0.11891466618468548,0.0284246387913222,0.028448052292422726,0.028433726157682682,1.8319793657969266e-17,1.059171611848655e-17,9.178443771733707e-17
137.68,"[0.06062, 0.0456, 0.41014]",0.0456,0.41014,-0.0480947843940739,-0.048131639017496564,-0.04810913452665921,0.13846293661485004,0.1385690395831393,0.13850425006501602,0.006733247519937854,0.00673840714997888,0.006735256552064134,-0.11888348113851419,-0.11897458053701167,-0.11891895260299064,0.028426269484366135,0.028448052292422726,0.028434751084616676,1.859648205238758e-17,1.059171611848655e-17,9.137494634886057e-17
137.7,"[0.06062, 0.0456, 0.41014]",0.0456,0.41014,-0.04809735485138608,-0.048131639017496564,-0.04810913452665921,0.13847033685735471,0.1385690395831393,0.13850425006501602,0.006733607382761062,0.00673840714997888,0.006735256552064134,-0.11888983494417704,-0.11897458053701167,-0.11891895260299064,0.028427788744992227,0.028448052292422726,0.028434751084616676,1.880291414602882e-17,1.059171611848655e-17,9.137494634886057e-17
137.72,"[0.06062, 0.0456, 0.41014]",0.0456,0.41014,-0.04809959298968849,-0.048131639017496564,-0.04811220716493979,0.13847678036688796,0.1385690395831393,0.13851309606618925,0.006733920721079864,0.00673840714997888,0.00673568671998561,-0.11889536730441085,-0.11897458053701167,-0.11892654772873527,0.028429111589523437,0.028448052292422726,0.028436567157708096,1.8254741527620158e-17,1.059171611848655e-17,9.060858593628166e-17
137.74,"[0.06062, 0.0456, 0.41014]",0.0456,0.41014,-0.048101849672942947,-0.048131639017496564,-0.04811220716493979,0.13848327726658777,0.1385690395831393,0.13851309606618925,0.006734236655679236,0.00673840714997888,0.00673568671998561,-0.11890094550513702,-0.11897458053701167,-0.11892654772873527,0.028430445394990032,0.028448052292422726,0.028436567157708096,1.9080903583054104e-17,1.059171611848655e-17,9.060858593628166e-17
137.76,"[0.06062, 0.0456, 0.41014]",0.0456,0.41014,-0.048103817596422765,-0.048131639017496564,-0.048113614657106604,0.13848894283858965,0.1385690395831393,0.13851714817913638,0.00673451216404866,0.00673840714997888,0.006735883768230434,-0.11890580993267982,-0.11897458053701167,-0.11893002684961282,0.02843160852990901,0.028448052292422726,0.028437399051480496,1.8457704174309428e-17,1.059171611848655e-17,9.015588515721444e-17
137.78,"[0.06062, 0.0456, 0.41014]",0.0456,0.41014,-0.04810567903795281,-0.048131639017496564,-0.04811484819938003,0.13849430185337064,0.1385690395831393,0.138520699497385,0.006734772764992858,0.00673840714997888,0.006736056463571338,-0.11891041115195666,-0.11897458053701167,-0.11893307599104189,0.02843270872901014,0.028448052292422726,0.02843812813272119,1.850324066555381e-17,1.059171611848655e-17,8.975187423287274e-17
137.8,"[0.06062, 0.0456, 0.41014]",0.0456,0.41014,-0.0481074211786241,-0.048131639017496564,-0.04811595998796016,0.13849931740581045,0.1385690395831393,0.1385239002916814,0.006735016663872613,0.00673840714997888,0.006736212113452049,-0.1189147174764424,-0.11897458053701167,-0.11893582417462109,0.02843373841571778,0.028448052292422726,0.02843878525182838,1.8439923258680664e-17,1.059171611848655e-17,8.937311577381679e-17
137.82,"[0.06062, 0.0456, 0.41014]",0.0456,0.41014,-0.04810894349142584,-0.048131639017496564,-0.0481170347461406,0.13850370008271645,0.1385690395831393,0.13852699447695677,0.00673522978695315,0.00673840714997888,0.006736362579094158,-0.11891848041763371,-0.11897458053701167,-0.11893848082430779,0.028434638173861708,0.028448052292422726,0.0284394204842355,1.8468546196034294e-17,1.059171611848655e-17,8.897922825337732e-17
137.84,"[0.06062, 0.0456, 0.41014]",0.0456,0.41014,-0.04811038410158548,-0.048131639017496564,-0.04811804305078246,0.13850784754102424,0.1385690395831393,0.1385298973451858,0.0067354314717019146,0.00673840714997888,0.0067365037412719445,-0.11892204140148958,-0.11897458053701167,-0.11894097321027854,0.02843548964191864,0.028448052292422726,0.028440016439489815,1.841780553436197e-17,1.059171611848655e-17,8.858969059520732e-17
137.86,"[0.06062, 0.0456, 0.41014]",0.0456,0.41014,-0.048112378004142094,-0.048131639017496564,-0.04811898617851628,0.13851358790573573,0.1385690395831393,0.1385326125717361,0.0067357106171280975,0.00673840714997888,0.006736635778713081,-0.11892697004562404,-0.11897458053701167,-0.11894330448818285,0.028436668131688478,0.028448052292422726,0.02844057387213975,1.8009711836638426e-17,1.059171611848655e-17,8.820808062633324e-17
137.881,"[0.06062, 0.0456, 0.41014]",0.0456,0.41014,-0.04811303882157947,-0.048131639017496564,-0.0481198675932693,0.13851549037237623,0.1385690395831393,0.1385351501291139,0.006735803131259728,0.00673840714997888,0.006736759176365765,-0.11892860349254296,-0.11897458053701167,-0.11894548322035725,0.02843705870573495,0.028448052292422726,0.028441094829528495,1.8143285544288634e-17,1.059171611848655e-17,8.783642807127734e-17
137.9,"[0.06062, 0.0456, 0.41014]",0.0456,0.41014,-0.0481142569608728,-0.048131639017496564,-0.04812074372933467,0.13851899734606973,0.1385690395831393,0.13853767248936377,0.0067359736701911605,0.00673840714997888,0.0067368818350046,-0.11893161455999143,-0.11897458053701167,-0.118947648904365,0.028437778683093308,0.028448052292422726,0.028441612666965682,1.7942057621075325e-17,1.059171611848655e-17,8.748407462451085e-17
137.92,"[0.06062, 0.0456, 0.41014]",0.0456,0.41014,-0.04811548944688065,-0.048131639017496564,-0.04812153433945132,0.13852254562337296,0.1385690395831393,0.1385399486238709,0.006736146217655956,0.00673840714997888,0.006736992520050718,-0.11893466109048184,-0.11897458053701167,-0.11894960318036574,0.028438507140031623,0.028448052292422726,0.028442079954562653,1.7638047331910386e-17,1.059171611848655e-17,8.711062363362928e-17
137.94,"[0.06062, 0.0456, 0.41014]",0.0456,0.41014,-0.04811663797646917,-0.048131639017496564,-0.04812222074767148,0.13852585219354493,0.1385690395831393,0.13854192476533803,0.006736307011261286,0.00673840714997888,0.006737088616879972,-0.11893750009261914,-0.11897458053701167,-0.1189512998840673,0.028439185974795094,0.028448052292422726,0.028442485653959848,1.7298041530618926e-17,1.059171611848655e-17,8.679893996452599e-17
137.96,"[0.06062, 0.0456, 0.41014]",0.0456,0.41014,-0.04811763692625789,-0.048131639017496564,-0.04812288156488047,0.13852872812953082,0.1385690395831393,0.1385438272313204,0.006736446863764464,0.00673840714997888,0.006737181130979654,-0.11893996935472051,-0.11897458053701167,-0.11895293333042124,0.02843977640089321,0.028448052292422726,0.028442876227871214,1.7044771903126308e-17,1.059171611848655e-17,8.648677094845096e-17
137.98,"[0.06062, 0.0456, 0.41014]",0.0456,0.41014,-0.048118573934047434,-0.048131639017496564,-0.04812349939175657,0.13853142573700972,0.1385690395831393,0.13854560592987542,0.006736578044416667,0.00673840714997888,0.006737267626452848,-0.11894228550499117,-0.11897458053701167,-0.11895446051077371,0.02844033021636957,0.028448052292422726,0.028443241392482943,1.6799742212144585e-17,1.059171611848655e-17,8.618564861716209e-17
138.0,"[0.06062, 0.0456, 0.41014]",0.0456,0.41014,-0.04811945416659337,-0.048131639017496564,-0.048124075456843406,0.13853395989086156,0.1385690395831393,0.13854726439793041,0.006736701276561293,0.00673840714997888,0.006737348275295083,-0.11894446131491748,-0.11897458053701167,-0.11895588446191016,0.028440850475018615,0.028448052292422726,0.028443581873921837,1.656555454288771e-17,1.059171611848655e-17,8.589577340347848e-17
138.02,"[0.06062, 0.0456, 0.41014]",0.0456,0.41014,-0.0481202803658831,-0.048131639017496564,-0.048124612253812225,0.13853633848515706,0.1385690395831393,0.13854880981466394,0.006736816944075302,0.00673840714997888,0.006737423426619171,-0.11894650356230319,-0.11897458053701167,-0.11895721134783202,0.0284413387974833,0.028448052292422726,0.028443899146064367,1.6316188043216037e-17,1.059171611848655e-17,8.561886375775636e-17
138.04,"[0.06062, 0.0456, 0.41014]",0.0456,0.41014,-0.0481210551128625,-0.048131639017496564,-0.0481251457999967,0.13853856895033473,0.1385690395831393,0.13855034587252102,0.006736925408289903,0.00673840714997888,0.006737498122834943,-0.11894841862688002,-0.11897458053701167,-0.11895853019827637,0.028441796709223425,0.028448052292422726,0.028444214496841144,1.6067255224413363e-17,1.059171611848655e-17,8.535416262882151e-17
138.06,"[0.06062, 0.0456, 0.41014]",0.0456,0.41014,-0.048121784324261445,-0.048131639017496564,-0.04812562993834245,0.13854066832042036,0.1385690395831393,0.13855173968721132,0.00673702749754448,0.00673840714997888,0.006737565901976427,-0.11895022113396465,-0.11897458053701167,-0.1189597269195556,0.02844222770730346,0.028448052292422726,0.02844450064527185,1.58551852794752e-17,1.059171611848655e-17,8.510024101881123e-17
138.08,"[0.06062, 0.0456, 0.41014]",0.0456,0.41014,-0.04812251499093692,-0.048131639017496564,-0.048126075098384694,0.13854277188018796,0.1385690395831393,0.1385530212849444,0.006737129790537162,0.00673840714997888,0.006737628224173713,-0.11895202723828623,-0.11897458053701167,-0.11896082729200054,0.02844265956552001,0.028448052292422726,0.028444763755700136,1.5543802415537352e-17,1.059171611848655e-17,8.484100548317577e-17
138.1,"[0.06062, 0.0456, 0.41014]",0.0456,0.41014,-0.048123191411352066,-0.048131639017496564,-0.048126896385565755,0.1385447192671692,0.1385690395831393,0.13855538573747733,0.006737224489078749,0.00673840714997888,0.006737743203994041,-0.11895369925355115,-0.11897458053701167,-0.11896285739735074,0.028443059361656798,0.028448052292422726,0.028445249174878524,1.5245429977669334e-17,1.059171611848655e-17,8.438400107056605e-17
138.12,"[0.06062, 0.0456, 0.41014]",0.0456,0.41014,-0.04812385851436986,-0.048131639017496564,-0.048127261231047165,0.1385466398297406,0.1385690395831393,0.1385564361128424,0.006737317883188547,0.00673840714997888,0.006737794282190401,-0.11895534823753262,-0.11897458053701167,-0.11896375924359999,0.02844345365077555,0.028448052292422726,0.028445464815640857,1.5118795163923026e-17,1.059171611848655e-17,8.416271587556351e-17
138.14,"[0.06062, 0.0456, 0.41014]",0.0456,0.41014,-0.04812447219444522,-0.048131639017496564,-0.048127596477801175,0.13854840658982476,0.1385690395831393,0.13855740127466998,0.0067374037981119345,0.00673840714997888,0.006737841216578759,-0.11895686516758218,-0.11897458053701167,-0.11896458792599592,0.028443816364433928,0.028448052292422726,0.02844566296216942,1.4800473406081278e-17,1.059171611848655e-17,8.396373589277843e-17
138.16,"[0.06062, 0.0456, 0.41012672808999806]",0.0456,0.41012672808999806,-0.04812503563607501,-0.04816456271599813,-0.04812955156561965,0.13855002871545813,0.1386403434235048,0.138561855785608,0.006737482679676407,0.006683391714548323,0.006735133691067432,-0.11895825791532438,-0.11914121278287798,-0.11897368310240057,0.02844414938481867,0.028468107147690176,0.028446848281006257,1.4515111394283087e-17,1.0600521762924042e-17,8.377876028708214e-17
138.18,"[0.06062, 0.0456, 0.41012672808999806]",0.0456,0.41012672808999806,-0.048125717704784826,-0.04816456271599813,-0.04812955156561965,0.13855187495287943,0.1386403434235048,0.138561855785608,0.0067372800452875,0.006683391714548323,0.006735133691067432,-0.11896037014005133,-0.11914121278287798,-0.11897368310240057,0.02844455549640154,0.028468107147690176,0.028446848281006257,1.2534490865586564e-17,1.0600521762924042e-17,8.377876028708214e-17
138.2,"[0.06062, 0.0456, 0.41012672808999806]",0.0456,0.41012672808999806,-0.04812644613834355,-0.04816456271599813,-0.048131435996161646,0.13855377131117533,0.1386403434235048,0.1385661258130086,0.006736872234136749,0.006683391714548323,0.006732464354681704,-0.11896289960795678,-0.11914121278287798,-0.11898253487921666,0.028444991125478974,0.028468107147690176,0.02844799135795022,1.2835031707799545e-17,1.0600521762924042e-17,8.373798841161666e-17
138.22,"[0.06062, 0.0456, 0.4100746336556883]",0.0456,0.4100746336556883,-0.04812739421132893,-0.048296631636339356,-0.04813988818219028,0.1385561186666012,0.13892641000611636,0.13858461432260016,0.006736034733191061,0.006462676214183218,0.006718799709237218,-0.11896663031455522,-0.11980966506399895,-0.11902465604717269,0.028445561169651086,0.028548552407547133,0.02845313514912636,1.1775549344846711e-17,1.0587616809586094e-17,8.375063549364972e-17
138.24,"[0.06062, 0.0456, 0.4100746336556883]",0.0456,0.4100746336556883,-0.048129768065792354,-0.048296631636339356,-0.04814822609183814,0.1385615328413181,0.13892641000611636,0.13860284252375446,0.00673276007479067,0.006462676214183218,0.006705293532258053,-0.11897765520881096,-0.11980966506399895,-0.11906624529737964,0.028447000225753954,0.028548552407547133,0.028458209656388758,5.660215411159472e-18,1.0587616809586094e-17,8.436844480080845e-17
138.26,"[0.06062, 0.0456, 0.40998312855932717]",0.0456,0.40998312855932717,-0.048133275090740855,-0.048528261022898964,-0.048156369076392994,0.13856938168105826,0.1394283167627055,0.1386206362282625,0.006727541427860204,0.0060751553983325645,0.006692081868242524,-0.1189944873306976,-0.120982563478844,-0.1191068926286286,0.028449130017577137,0.028689670017125118,0.028463165742603474,2.200309438323731e-18,1.0610974461240806e-17,8.51268638062175e-17
138.28,"[0.06062, 0.0456, 0.40998312855932717]",0.0456,0.40998312855932717,-0.048137662948014644,-0.048528261022898964,-0.04817585686486589,0.1385791200451044,0.1394283167627055,0.13866300122576314,0.006720804107683434,0.0060751553983325645,0.0066598606207483495,-0.1190158443423634,-0.120982563478844,-0.11920502856994716,0.028451796805334707,0.028689670017125118,0.028475033841651985,7.483458889311444e-19,1.0610974461240806e-17,8.591069064765262e-17
138.3,"[0.06062, 0.0456, 0.40998312855932717]",0.0456,0.40998312855932717,-0.048144919792215884,-0.048528261022898964,-0.048194979871346584,0.13859505746950676,0.1394283167627055,0.13870456542335144,0.006709224841316356,0.0060751553983325645,0.00662822222462168,-0.11905178935066223,-0.120982563478844,-0.119301356515376,0.028456211842237563,0.028689670017125118,0.028486680002054243,-8.960901406111052e-18,1.0610974461240806e-17,8.768486084007479e-17
138.32,"[0.06062, 0.0456, 0.4098523031053972]",0.0456,0.4098523031053972,-0.04816199837070202,-0.04885857728958766,-0.04823010284178044,0.13863235893499767,0.1401445418009708,0.13878081352225247,0.0066814247653335405,0.00552150079965143,0.006569738610942499,-0.11913716688787136,-0.12265648440385528,-0.11947880479897692,0.028466608475544615,0.02889097904236201,0.02850807762198466,-4.244670234376037e-17,1.0659445986695525e-17,8.96206233431416e-17
138.34,"[0.06062, 0.0456, 0.4098523031053972]",0.0456,0.4098523031053972,-0.04816880881781022,-0.04885857728958766,-0.04826448905126012,0.13864720439376452,0.1401445418009708,0.13885545611348596,0.00667025614786779,0.00552150079965143,0.006512464329962786,-0.119171330681646,-0.12265648440385528,-0.11965255562532445,0.02847075539018996,0.02889097904236201,0.028529026617213533,-2.851947491688056e-17,1.0659445986695525e-17,9.2983705271855e-17
138.36,"[0.06062, 0.0456, 0.40968228640282667]",0.0456,0.40968228640282667,-0.048194738161074994,-0.0492863332485907,-0.04831855368856772,0.13870364060991955,0.14107293762304296,0.13897279881187422,0.006627494559722827,0.004802647337957284,0.006422068710813391,-0.11930174264859987,-0.12482656553795791,-0.11992620991800236,0.028486546892716978,0.02915179174905673,0.028561975177778864,-2.02660942990519e-17,1.0463815771883557e-17,9.50409824200866e-17
138.38,"[0.06062, 0.0456, 0.40968228640282667]",0.0456,0.40968228640282667,-0.04820711971382227,-0.0492863332485907,-0.04837280011702708,0.1387305564301539,0.14107293762304296,0.13909053809743271,0.00660695197280563,0.004802647337957284,0.006331375863794629,-0.11936418937819757,-0.12482656553795791,-0.12020077487008295,0.02849408972122455,0.02915179174905673,0.028595034420683098,-6.454057421466995e-17,1.0463815771883557e-17,9.60509381354435e-17
138.4,"[0.06062, 0.0456, 0.40947324623757464]",0.0456,0.40947324623757464,-0.048252019103090626,-0.0492863332485907,-0.04842489926692752,0.1388281114620975,0.14107293762304296,0.1392036119539529,0.006532270841768446,0.004802647337957284,0.006244254764837573,-0.11959090405371715,-0.12482656553795791,-0.12046449711095936,0.028521445734781402,0.02915179174905673,0.028626785381195473,-4.471008279904111e-17,1.0463815771883557e-17,1.0429183020261582e-16
138.42,"[0.06062, 0.0456, 0.40947324623757464]",0.0456,0.40947324623757464,-0.04826930711947264,-0.04980992235361462,-0.04850026657694942,0.13886566151132237,0.1422107485238815,0.13936725243816317,0.006503469232047805,0.00391978887404496,0.006117839036429572,-0.11967826336210055,-0.12748655288827626,-0.12084651009734623,0.028531979699424163,0.029471220927518475,0.028672733919006602,-7.775005980336437e-17,1.0654719426487576e-17,1.0813771137734218e-16
138.44,"[0.06062, 0.0456, 0.40947324623757464]",0.0456,0.40947324623757464,-0.048306406358489394,-0.04980992235361462,-0.04857403216243636,0.1389462361439194,0.1422107485238815,0.1395274151839485,0.0064415769065832955,0.00391978887404496,0.0059941018058880784,-0.11986584907807923,-0.12748655288827626,-0.12122041544962972,0.028554587632744394,0.029471220927518475,0.028717706223960165,-1.0338233388439769e-16,1.0654719426487576e-17,1.1469364166524113e-16
138.46,"[0.06062, 0.0456, 0.40922538890704646]",0.0456,0.40922538890704646,-0.04835061635854405,-0.05042739703164261,-0.04867623059974501,0.13904224551448136,0.1435546331290275,0.13974947171175764,0.006367692984344471,0.002874372441852626,0.005822177229847544,-0.12008956521202728,-0.13062886129326454,-0.12173907877193342,0.028581532657632098,0.029848189336340623,0.028780039159833105,-1.1353957351711093e-16,1.077686118227763e-17,1.2132337252384157e-16
138.48,"[0.06062, 0.0456, 0.40922538890704646]",0.0456,0.40922538890704646,-0.04840328520501205,-0.05042739703164261,-0.04867623059974501,0.1391566334045372,0.1435546331290275,0.13974947171175764,0.006279518198977122,0.002874372441852626,0.005822177229847544,-0.12035629309445914,-0.13062886129326454,-0.12173907877193342,0.028613638928824254,0.029848189336340623,0.028780039159833105,-1.4503608030868381e-16,1.077686118227763e-17,1.2132337252384157e-16
138.5,"[0.06062, 0.0456, 0.40922538890704646]",0.0456,0.40922538890704646,-0.04848694710535449,-0.05042739703164261,-0.048773167583452744,0.13933835547667692,0.1435546331290275,0.13996010061946748,0.006139267982964318,0.002874372441852626,0.005659069151118117,-0.12078022873789741,-0.13062886129326454,-0.12223108594813074,0.028664645922107563,0.029848189336340623,0.02883916446659733,-1.173802512929235e-16,1.077686118227763e-17,1.2584627992192995e-16
138.52,"[0.06062, 0.0456, 0.40893895901650323]",0.0456,0.40893895901650323,-0.04851556915316568,-0.05113649043067059,-0.04890347585010804,0.13940052999099928,0.14510069111905705,0.14024350628477275,0.006091248097746021,0.0016680914616685881,0.005439146643382177,-0.1209253144615921,-0.1342446461804535,-0.12289331594757955,0.028682097776557777,0.030281440928129656,0.02891868186590678,-6.606409510744658e-17,1.076506396986546e-17,1.3304775671531732e-16
138.54,"[0.06062, 0.0456, 0.40893895901650323]",0.0456,0.40893895901650323,-0.04858927142558251,-0.05113649043067059,-0.04903007945549686,0.1395606954868935,0.14510069111905705,0.14051886128375032,0.005967348817553772,0.0016680914616685881,0.005225452900440397,-0.12129923474899144,-0.1342446461804535,-0.1235367494694377,0.02872704875353652,0.030281440928129656,0.028995939767037286,-9.96357648571567e-17,1.076506396986546e-17,1.4346040799073533e-16
138.56,"[0.06062, 0.0456, 0.4086142392376658]",0.0456,0.4086142392376658,-0.04867302495126461,-0.05193464105485636,-0.04918884615677832,0.13974274698837472,0.14684449363365298,0.14086457202113506,0.00582638858943585,0.0003028779989757563,0.004956535156632052,-0.12172436255094164,-0.1383238849634192,-0.12434483137897524,0.028778138046104053,0.030769553593511464,0.0290928791072235,-1.098532861306601e-16,1.0399579548720904e-17,1.4770432288731744e-16
138.58,"[0.06062, 0.0456, 0.4086142392376658]",0.0456,0.4086142392376658,-0.048756741977193235,-0.05193464105485636,-0.04934451976529898,0.1399247797783112,0.14684449363365298,0.14120355355181977,0.005685319030278006,0.0003028779989757563,0.004692840493343235,-0.12214952426147026,-0.1383238849634192,-0.12513719068851334,0.0288292143071024,0.030769553593511464,0.029187930752868373,-1.7227384096673354e-16,1.0399579548720904e-17,1.5889205547336805e-16
138.6,"[0.06062, 0.0456, 0.4086142392376658]",0.0456,0.4086142392376658,-0.048854409132163545,-0.05193464105485636,-0.049494899622630296,0.140137238457594,0.14684449363365298,0.14153101629887455,0.005520480624084674,0.0003028779989757563,0.004438089194044043,-0.12264586854981514,-0.1383238849634192,-0.12590263586711922,0.028888815783692286,0.030769553593511464,0.029279751406826503,-2.0245759576786104e-16,1.0399579548720904e-17,1.7073114253879074e-16
138.62,"[0.06062, 0.0456, 0.408251550029752]",0.0456,0.408251550029752,-0.048962568138190186,-0.05281901971175033,-0.049688716533062824,0.1403725846002816,0.1487811168000276,0.14195360777309385,0.005337753865437899,-0.0012191058586888636,0.004108562780394698,-0.12319576427909817,-0.14285546633763682,-0.12689068088403063,0.028954829693233864,0.03131095313559159,0.029398164654110957,-2.0684774720468936e-16,1.0597223413271998e-17,1.739426196660047e-16
138.64,"[0.06062, 0.0456, 0.408251550029752]",0.0456,0.408251550029752,-0.049100536333213964,-0.05281901971175033,-0.050056489203687445,0.14067297900319603,0.1487811168000276,0.14275555044109506,0.005104207555399102,-0.0012191058586888636,0.003483123947178669,-0.12389779843910849,-0.14285546633763682,-0.12876571752544833,0.029039063335802775,0.03131095313559159,0.02962286569526825,-2.0653202753206163e-16,1.0597223413271998e-17,2.0534488996349562e-16
138.66,"[0.06062, 0.0456, 0.40785124932322203]",0.0456,0.40785124932322203,-0.04926566910346653,-0.05378655817223505,-0.05027659111857055,0.14103269238192495,0.15090517780081922,0.14323623011701392,0.004824258986833575,-0.0028954774269323406,0.0031072109831345902,-0.12473858877591222,-0.14782728565465353,-0.12988989595384706,0.02913990569120529,0.03190392817408896,0.029757437891355182,-3.910458900543348e-16,1.047561565267527e-17,2.315935605430462e-16
138.68,"[0.06062, 0.0456, 0.40785124932322203]",0.0456,0.40785124932322203,-0.049437935113994226,-0.05378655817223505,-0.05049550820102618,0.14140810338084028,0.15090517780081922,0.143714327016404,0.004531852029003178,-0.0028954774269323406,0.0027333110430716972,-0.12561616108624235,-0.14782728565465353,-0.13100803611755135,0.029245125311588092,0.03190392817408896,0.029891286290251496,-3.6815274434186885e-16,1.047561565267527e-17,2.393584637522997e-16
138.7,"[0.06062, 0.0456, 0.40785124932322203]",0.0456,0.40785124932322203,-0.0496191714631071,-0.05378655817223505,-0.0507023485340805,0.14180325715073477,0.15090517780081922,0.14416609484688955,0.0042237802323833624,-0.0028954774269323406,0.002379934751273424,-0.12653998473254163,-0.14782728565465353,-0.1320646230554002,0.02935584954163554,0.03190392817408896,0.030017756821812253,-3.3524894313040983e-16,1.047561565267527e-17,2.490220107388352e-16
138.72,"[0.06062, 0.0456, 0.40741373216654436]",0.0456,0.40741373216654436,-0.04982497510659245,-0.054833978941592615,-0.05095005150397293,0.1422521963130904,0.1532108728847527,0.1447080388155887,0.003873449587064734,-0.004723643564377484,0.001954749981669402,-0.12758966601898164,-0.15322634453586395,-0.13333245336926067,0.029481611924871004,0.03254664567616386,0.03016933012246031,-2.3567234616238927e-16,1.0167608260439378e-17,2.7762752839131484e-16
138.74,"[0.06062, 0.0456, 0.40741373216654436]",0.0456,0.40741373216654436,-0.05003873962209381,-0.054833978941592615,-0.05117842416218339,0.14271880638865103,0.1532108728847527,0.14520778711502288,0.003508896658125368,-0.004723643564377484,0.0015625334383191365,-0.12868079562063175,-0.15322634453586395,-0.1345016118840134,0.029612278382414817,0.03254664567616386,0.030309087369050716,-1.8931012654343315e-16,1.0167608260439378e-17,2.8009852831099647e-16
138.76,"[0.06062, 0.0456, 0.4069394303363305]",0.0456,0.4069394303363305,-0.050234726145469935,-0.05595782555806563,-0.051409655970944504,0.14314673537979852,0.15569201672844624,0.1457137710232668,0.0031743871313427902,-0.006700811432906581,0.0011654528213282758,-0.12968152644944506,-0.1590388529269936,-0.13568534951858593,0.029732093937684285,0.033237166818714366,0.030450591611891408,-1.793883756225838e-16,9.987258761061648e-18,2.761105744712447e-16
138.78,"[0.06062, 0.0456, 0.4069394303363305]",0.0456,0.4069394303363305,-0.05045796281231028,-0.05595782555806563,-0.05167292681064043,0.1436344721521467,0.15569201672844624,0.1462910404952353,0.0027926896085094096,-0.006700811432906581,0.0007108130146482128,-0.13082225283769222,-0.1590388529269936,-0.13703628925034916,0.029868608495785272,0.033237166818714366,0.030611851528073046,-1.1223029097361767e-16,9.987258761061648e-18,2.846334242121389e-16
138.8,"[0.06062, 0.0456, 0.4069394303363305]",0.0456,0.4069394303363305,-0.05066511159641739,-0.05595782555806563,-0.0519295185536313,0.14408726588494333,0.15569201672844624,0.14685369631950965,0.002438050634341572,-0.006700811432906581,0.0002676388461096183,-0.13188133518534276,-0.1590388529269936,-0.1383530420132554,0.02999531127946523,0.033237166818714366,0.030769024347467727,-1.5309907502502428e-16,9.987258761061648e-18,2.943816732930616e-16
138.821,"[0.06062, 0.0456, 0.40642881191122376]",0.0456,0.40642881191122376,-0.051018517265330035,-0.05715449287064032,-0.05224487170063354,0.14486067418549087,0.15834208257800667,0.14754650406377556,0.001831018095613188,-0.008823999777869223,-0.0002798416153555857,-0.133690693130316,-0.16525033188497235,-0.1399748656246056,0.03021158961305535,0.03397346290336983,0.030962355252768827,-3.909400719223005e-16,9.938522669516211e-18,2.8791532511470793e-16
138.84,"[0.06062, 0.0456, 0.40642881191122376]",0.0456,0.40642881191122376,-0.05114115270886606,-0.05715449287064032,-0.05254257357989577,0.14512925717337422,0.15834208257800667,0.1482006607877921,0.0016199321224287593,-0.008823999777869223,-0.000796954816591378,-0.13431911038246203,-0.16525033188497235,-0.14150625807017195,0.030286666177027244,0.03397346290336983,0.03114488104781836,-1.6153286688435462e-16,9.938522669516211e-18,3.2189466807867877e-16
138.86,"[0.06062, 0.0456, 0.405882380809962]",0.0456,0.405882380809962,-0.051407422674361,-0.05842025679731221,-0.05282643215807255,0.14571282386020673,0.16115424263235878,0.1488244723396966,0.0011607236000508478,-0.011090050622974364,-0.0012901815098057571,-0.13568466844825547,-0.17184571552162817,-0.14296663999947196,0.030449727002478798,0.03475343106897507,0.03131892863106111,-1.2142475907716383e-16,1.0188400706438366e-17,3.4017872664677004e-16
138.88,"[0.06062, 0.0456, 0.405882380809962]",0.0456,0.405882380809962,-0.05167703447626619,-0.05842025679731221,-0.053491951224348515,0.14630403707140502,0.16115424263235878,0.15029019615601705,0.0006950516252032499,-0.011090050622974364,-0.002453502412821035,-0.1370682430481238,-0.17184571552162817,-0.14639923117224504,0.03061487531191054,0.03475343106897507,0.03172739281057956,-6.245066610698736e-17,1.0188400706438366e-17,3.48897363814727e-16
138.9,"[0.06062, 0.0456, 0.405882380809962]",0.0456,0.405882380809962,-0.051991988112648976,-0.05842025679731221,-0.05380201824901247,0.1469955987051828,0.16115424263235878,0.15097321547937964,0.00014905806490790778,-0.011090050622974364,-0.002995790436804432,-0.13868701294654326,-0.17184571552162817,-0.14799885202091823,0.03080791432176826,0.03475343106897507,0.031917714429754156,-5.22843674546018e-16,1.0188400706438366e-17,3.910181058341228e-16
138.92,"[0.06062, 0.0456, 0.40530067629407074]",0.0456,0.40530067629407074,-0.05230798780633791,-0.059751303125149494,-0.05416236915985442,0.14768987415327547,0.16412140817411602,0.15176883516202336,-0.00039965723225567556,-0.013495641271274308,-0.0036300762625465837,-0.14031229649944327,-0.17880945069379642,-0.14986294535459882,0.031001647396560698,0.035574909575322694,0.032139134230163284,-4.0704524467326914e-16,9.558986981758622e-18,4.0888807950899505e-16
138.94,"[0.06062, 0.0456, 0.40530067629407074]",0.0456,0.40530067629407074,-0.05262788868152779,-0.059751303125149494,-0.05416236915985442,0.14839327097359706,0.16412140817411602,0.15176883516202336,-0.0009563511277000759,-0.013495641271274308,-0.0036300762625465837,-0.1419591513870406,-0.17880945069379642,-0.14986294535459882,0.031197842112909102,0.035574909575322694,0.032139134230163284,-3.823592622483812e-16,9.558986981758622e-18,4.0888807950899505e-16
138.96,"[0.06062, 0.0456, 0.4046842724356771]",0.0456,0.4046842724356771,-0.05291943997242244,-0.061143754980367865,-0.05449353101569376,0.149034628169513,0.1672362690055778,0.1525002409240336,-0.0014643589073540123,-0.01603729650214943,-0.004213494475451914,-0.1434608722460856,-0.18612559321695715,-0.15157668217417675,0.031376687615187554,0.03643569246444073,0.03234264821670472,1.7527627272174334e-16,8.952110732473837e-18,4.0164742866080404e-16
138.98,"[0.06062, 0.0456, 0.4046842724356771]",0.0456,0.4046842724356771,-0.05321851727064337,-0.061143754980367865,-0.05488535821987714,0.14969309459297436,0.1672362690055778,0.15336764809020204,-0.0019866946693237195,-0.01603729650214943,-0.004908305997247103,-0.14500287613759266,-0.18612559321695715,-0.15360998658666775,0.03156022012947619,0.03643569246444073,0.032583701974670545,1.6352352117200047e-16,8.952110732473837e-18,4.071336945859961e-16
139.0,"[0.06062, 0.0456, 0.4046842724356771]",0.0456,0.4046842724356771,-0.05353521705099548,-0.061143754980367865,-0.05526172583768244,0.15039125975754994,0.1672362690055778,0.1542009670391072,-0.002541800825669555,-0.01603729650214943,-0.005576003751981897,-0.14663822712808744,-0.18612559321695715,-0.1555634413376926,0.03175468168006338,0.03643569246444073,0.03281526220539156,8.857002290286357e-17,8.952110732473837e-18,4.213426586686258e-16
139.02,"[0.06062, 0.0456, 0.40403377755097003]",0.0456,0.40403377755097003,-0.0538632537204648,-0.06259369866684344,-0.0556939550481476,0.15111510414115092,0.1704913318044948,0.15516031927185306,-0.0031182993857229425,-0.018711400854695633,-0.006348144812770581,-0.14833401783309436,-0.19377789957967675,-0.1578134807797515,0.03195619197987581,0.037333543440185434,0.03308149436615928,6.956482618093068e-17,9.279300159015328e-18,4.353827991572315e-16
139.041,"[0.06062, 0.0456, 0.40403377755097003]",0.0456,0.40403377755097003,-0.054400845838358566,-0.06259369866684344,-0.056108675629188365,0.15230342317885423,0.1704913318044948,0.15608097664326342,-0.004067711114789505,-0.018711400854695633,-0.007089380938210927,-0.15111888830719014,-0.19377789957967675,-0.1599728408616063,0.03228669582847481,0.037333543440185434,0.03333696338532014,-3.73178238251774e-16,9.279300159015328e-18,4.567679054955364e-16
139.06,"[0.06062, 0.0456, 0.40333581812118213]",0.0456,0.40333581812118213,-0.05457162881744922,-0.06412817011920788,-0.05650506879487712,0.15268117852536126,0.17394876694296066,0.1569610818397737,-0.004369878099290469,-0.021571828335118018,-0.007798159612679399,-0.15200428356539852,-0.20191393796620893,-0.16203714732437188,0.03239172258415894,0.03828539900194709,0.033581159799842296,-1.1430280274164493e-17,9.181064820912856e-18,4.771628434181576e-16
139.08,"[0.06062, 0.0456, 0.40333581812118213]",0.0456,0.40333581812118213,-0.05493898241316016,-0.06412817011920788,-0.056959602174207605,0.15349436015521095,0.17394876694296066,0.15797291083195564,-0.005021251590929514,-0.021571828335118018,-0.00861698292273727,-0.1539105276848127,-0.20191393796620893,-0.16441179235902173,0.03261771565513829,0.03828539900194709,0.033861515187814474,2.4870109503257218e-17,9.181064820912856e-18,4.941923585285076e-16
139.1,"[0.06062, 0.0456, 0.40333581812118213]",0.0456,0.40333581812118213,-0.0553229001677572,-0.06412817011920788,-0.05739488899980488,0.15434528478390416,0.17394876694296066,0.15894207510899205,-0.005704440548079701,-0.021571828335118018,-0.009401542961496489,-0.15590576797812394,-0.20191393796620893,-0.16668639500503224,0.032854037566346125,0.03828539900194709,0.03413002250413027,-1.3733125688523637e-17,9.181064820912856e-18,5.1757647452521e-16
139.12,"[0.06062, 0.0456, 0.4026331155524697]",0.0456,0.4026331155524697,-0.05571657804584545,-0.06565002638357753,-0.057886332101895505,0.1552186749457857,0.17739052421785903,0.16003908306354583,-0.006406890010752288,-0.02444146628636442,-0.010293979445002543,-0.15795408711846146,-0.2100235817456836,-0.16926270931566229,0.03309647470452421,0.039231253999377436,0.034433543302542655,6.391401356283285e-18,9.289436381722481e-18,5.385714763496807e-16
139.14,"[0.06062, 0.0456, 0.4026331155524697]",0.0456,0.4026331155524697,-0.056128831316492794,-0.06565002638357753,-0.05835706641375009,0.1561345524882757,0.17739052421785903,0.1610900749259008,-0.007145437007395949,-0.02444146628636442,-0.011149296994740184,-0.16010272534115796,-0.2100235817456836,-0.1717310665704722,0.03335051773814664,0.039231253999377436,0.034724301609133534,-4.160926458573302e-17,9.289436381722481e-18,5.663545156854389e-16
139.16,"[0.06062, 0.0456, 0.401884330722965]",0.0456,0.401884330722965,-0.05655219598497076,-0.06724928184108536,-0.05886928740877546,0.15707610175154338,0.1810208237794808,0.1622369953372309,-0.007906170409145668,-0.02749041217796309,-0.012087886184820502,-0.16231211017997071,-0.2185866602005956,-0.17442673676092418,0.033611536673632786,0.040226954433913914,0.03504112090157909,-2.1803059298767787e-17,9.289435211219214e-18,5.517621277334467e-16
139.18,"[0.06062, 0.0456, 0.401884330722965]",0.0456,0.401884330722965,-0.05694634346593561,-0.06724928184108536,-0.05936910592951461,0.15795344869592035,0.1810208237794808,0.1633562485684609,-0.008616223383577839,-0.02749041217796309,-0.013003992179034418,-0.16437127891844366,-0.2185866602005956,-0.17705743780085859,0.03385464394062105,0.040226954433913914,0.03535028257305332,-2.347689889122745e-16,9.289435211219214e-18,5.702675572277095e-16
139.2,"[0.06062, 0.0456, 0.401884330722965]",0.0456,0.401884330722965,-0.05736168466714468,-0.06724928184108536,-0.05936910592951461,0.1588792478810117,0.1810208237794808,0.1633562485684609,-0.009367449919414789,-0.02749041217796309,-0.013003992179034418,-0.16654488601775586,-0.2185866602005956,-0.17705743780085859,0.03411099073034879,0.040226954433913914,0.03535028257305332,-3.4959727468108326e-16,9.289435211219214e-18,5.702675572277095e-16
139.22,"[0.06062, 0.0456, 0.40108830151102015]",0.0456,0.40108830151102015,-0.057743094707010834,-0.06892377524702971,-0.059914612650214305,0.15972987801176947,0.1848361066997769,0.16458141358852302,-0.010058392952967937,-0.03072057958404852,-0.01401264893963483,-0.16854227086188106,-0.22759907120872552,-0.17993950296430072,0.034346456180460096,0.041271516761606446,0.035688187403296545,5.231464428915383e-16,8.709002940359822e-18,5.522153685539699e-16
139.24,"[0.06062, 0.0456, 0.40108830151102015]",0.0456,0.40108830151102015,-0.0581556831162153,-0.06892377524702971,-0.06043074826628563,0.16065166977147646,0.1848361066997769,0.16574091540040845,-0.010809701594644743,-0.03072057958404852,-0.014967719648308871,-0.17070774496660707,-0.22759907120872552,-0.18266728672611016,0.03460138511279682,0.041271516761606446,0.03600793880356058,2.7279028347682747e-16,8.709002940359822e-18,5.330595727379014e-16
139.26,"[0.06062, 0.0456, 0.40029354747530616]",0.0456,0.40029354747530616,-0.0585414932892759,-0.07056868928766313,-0.06101709592129804,0.16151427127802737,0.18859805512583241,0.16706154500295184,-0.011513768665282401,-0.033933359707054654,-0.016061315010203414,-0.17273455736761684,-0.23650106762697115,-0.185776761861115,0.034839852688015795,0.04229976740158549,0.036371656239021444,-3.7136280102926974e-17,8.912304787908962e-18,5.457581566336501e-16
139.28,"[0.06062, 0.0456, 0.40029354747530616]",0.0456,0.40029354747530616,-0.058959086500401124,-0.07056868928766313,-0.06158196149667489,0.16244939662165822,0.18859805512583241,0.16833401590990504,-0.01227937889248032,-0.033933359707054654,-0.017115396192527967,-0.1749327234644998,-0.23650106762697115,-0.18877299766739639,0.03509816079351282,0.04229976740158549,0.0367220784982879,-3.9223504299711736e-16,8.912304787908962e-18,5.789280032855737e-16
139.3,"[0.06062, 0.0456, 0.40029354747530616]",0.0456,0.40029354747530616,-0.059406594847903366,-0.07056868928766313,-0.06214388309811663,0.16345295190492762,0.18859805512583241,0.1695998599929224,-0.013103354877334735,-0.033933359707054654,-0.018163996157293447,-0.17729271434577226,-0.23650106762697115,-0.19175363305620322,0.035375167154083204,0.04229976740158549,0.0370706751065749,-5.787095767281134e-16,8.912304787908962e-18,5.556344434777206e-16
139.32,"[0.06062, 0.0456, 0.3994531189681599]",0.0456,0.3994531189681599,-0.059876106671309236,-0.07228249145437342,-0.06273881549271952,0.1645069384743065,0.1925321976159876,0.17094414446576223,-0.013970502727972879,-0.037320381182881404,-0.019284630463341657,-0.1797720317210638,-0.24582432191410283,-0.19492222334486248,0.03566593997030757,0.04337308120849175,0.037440311396785594,-6.852640988782507e-16,9.200604269891693e-18,6.17565684274667e-16
139.34,"[0.06062, 0.0456, 0.3994531189681599]",0.0456,0.3994531189681599,-0.0603664774318577,-0.07228249145437342,-0.0633157390618808,0.16560902201026118,0.1925321976159876,0.1722478832284517,-0.014879329914439288,-0.037320381182881404,-0.020371710477233733,-0.1823653950089163,-0.24582432191410283,-0.19799535300187165,0.035969803275215914,0.04337308120849175,0.037798778612694546,-8.137793528725164e-16,9.200604269891693e-18,6.650960053389971e-16
139.36,"[0.06062, 0.0456, 0.3985837619516077]",0.0456,0.3985837619516077,-0.06087491402033368,-0.07402670892281579,-0.06389008546560787,0.1667530691532128,0.19655077186272601,0.1735457959680553,-0.01582504502443371,-0.04081113691537828,-0.021453929264904758,-0.18505850536377488,-0.2553663756525132,-0.2010547483606709,0.03628504653990115,0.044467704805759935,0.03815564424176232,-8.337256370801667e-16,9.079769451801973e-18,6.502883173725234e-16
139.38,"[0.06062, 0.0456, 0.3985837619516077]",0.0456,0.3985837619516077,-0.06144779659493677,-0.07402670892281579,-0.06451195149974748,0.16804368724817803,0.19655077186272601,0.17495521926820937,-0.01689453303446888,-0.04081113691537828,-0.022636588693081616,-0.18809779153854697,-0.2553663756525132,-0.20438067511893326,0.03664046010325035,0.044467704805759935,0.03854261682898704,-5.763559906520815e-16,9.079769451801973e-18,7.620537154061868e-16
139.4,"[0.06062, 0.0456, 0.3985837619516077]",0.0456,0.3985837619516077,-0.06197401808377328,-0.07402670892281579,-0.0650853226942656,0.16923003023511216,0.19655077186272601,0.17625530222856076,-0.01787908426542238,-0.04081113691537828,-0.02372848833820303,-0.19089220601592397,-0.2553663756525132,-0.20744904473686296,0.036967042348285496,0.044467704805759935,0.03889949120604734,-7.138009505793724e-16,9.079769451801973e-18,7.774731915000602e-16
139.42,"[0.06062, 0.0456, 0.3976863343760664]",0.0456,0.3976863343760664,-0.06251356255225775,-0.07579822279787164,-0.06572869275898749,0.1704478244475828,0.20064706007381528,0.17771818136610973,-0.01889220007556937,-0.044401797040101276,-0.024964810449747077,-0.19376185211265923,-0.26511293132747155,-0.21090565716884074,0.03730208893731976,0.04558175558027028,0.03930051997724157,-6.682486299832629e-16,8.817997266052657e-18,8.082915888946837e-16
139.44,"[0.06062, 0.0456, 0.3976863343760664]",0.0456,0.3976863343760664,-0.0630665339857068,-0.07579822279787164,-0.06634453194394806,0.17169753313987132,0.20064706007381528,0.1791187783879297,-0.019934727061018537,-0.044401797040101276,-0.026149064793161182,-0.19670807995982753,-0.26511293132747155,-0.21421538424054756,0.03764569824549207,0.04558175558027028,0.039684432666187035,-7.853710875490512e-16,8.817997266052657e-18,8.51874970680675e-16
139.46,"[0.06062, 0.0456, 0.39676172189420505]",0.0456,0.39676172189420505,-0.06363392807112314,-0.07759361320434044,-0.06702127604025851,0.17298151600519066,0.20481334421840577,0.18066230904806463,-0.021008868343639464,-0.048087998600062506,-0.02746282341317881,-0.19973659234210317,-0.2750481615535819,-0.21786760653685547,0.03799850564341319,0.04671317904473519,0.04010695978671216,-7.727819824434531e-16,8.512109800981711e-18,8.907707944784156e-16
139.48,"[0.06062, 0.0456, 0.39676172189420505]",0.0456,0.39676172189420505,-0.06421661721658618,-0.07759361320434044,-0.06702127604025851,0.17430194892407805,0.20481334421840577,0.18066230904806463,-0.02211688153548793,-0.048087998600062506,-0.02746282341317881,-0.20285278503783447,-0.2750481615535819,-0.21786760653685547,0.03836108448978656,0.04671317904473519,0.04010695978671216,-8.935170016479627e-16,8.512109800981711e-18,8.907707944784156e-16
139.5,"[0.06062, 0.0456, 0.39676172189420505]",0.0456,0.39676172189420505,-0.06474950239310487,-0.07759361320434044,-0.06827570674291898,0.175510417347817,0.20481334421840577,0.18352465730356934,-0.02313261049676891,-0.048087998600062506,-0.0299013370738536,-0.20570560112817424,-0.2750481615535819,-0.2246415094524821,0.03869280079619493,0.04671317904473519,0.04089034145446741,7.534058308370579e-16,8.512109800981711e-18,7.986223856427374e-16
139.52,"[0.06062, 0.0456, 0.39581083698691366]",0.0456,0.39581083698691366,-0.06536267356801058,-0.07940957243449775,-0.06898336823945196,0.17690350653405693,0.2090420120706434,0.1851436923133946,-0.024308257245778814,-0.0518653503119743,-0.03128946854351843,-0.2089966858548191,-0.2851565318105489,-0.22847813964159108,0.039074858575354116,0.047859976789779234,0.041332914433990585,-1.0318967606883707e-15,8.314709725558202e-18,8.411694323523562e-16
139.54,"[0.06062, 0.0456, 0.39581083698691366]",0.0456,0.39581083698691366,-0.0659869160208921,-0.07940957243449775,-0.06964893728669952,0.1783234286814092,0.2090420120706434,0.18666702995130627,-0.0255097555645873,-0.0518653503119743,-0.03259671757660201,-0.21235286536272316,-0.2851565318105489,-0.23208862811113148,0.03946405762033044,0.047859976789779234,0.04174925084303078,-1.1224181011117925e-15,8.314709725558202e-18,8.423955760036996e-16
139.56,"[0.06062, 0.0456, 0.39483461806279385]",0.0456,0.39483461806279385,-0.06668270006139802,-0.08124290706104237,-0.07027582176655077,0.1799087129228619,0.21332556499647615,0.18810217840624607,-0.026856278351423405,-0.05572943591819848,-0.033828963655685516,-0.21610266029040637,-0.2954228095581647,-0.23549046403208967,0.03989824433263519,0.04902020603667981,0.04214143987304431,-7.018040367003862e-16,8.407042818643596e-18,9.996740530635697e-16
139.58,"[0.06062, 0.0456, 0.39483461806279385]",0.0456,0.39483461806279385,-0.06736539318538035,-0.08124290706104237,-0.07096002567474814,0.18146547136488125,0.21332556499647615,0.1896731561448614,-0.028181088563817236,-0.05572943591819848,-0.03518768975346682,-0.21978634300683217,-0.2954228095581647,-0.23922019516725088,0.040324451485304016,0.04902020603667981,0.04257019353163425,-2.501722491767768e-16,8.407042818643596e-18,1.0580757303711289e-15
139.6,"[0.06062, 0.0456, 0.39483461806279385]",0.0456,0.39483461806279385,-0.06804837335836171,-0.08124290706104237,-0.07161030521065756,0.1830249314732556,0.21332556499647615,0.1911666581427593,-0.029512342794455027,-0.05572943591819848,-0.03648024835318453,-0.22347877492282267,-0.2954228095581647,-0.24276646683234884,0.04075114247409738,0.04902020603667981,0.04297775073381759,-2.7337044027569002e-17,8.407042818643596e-18,1.1096358212395815e-15
139.62,"[0.06062, 0.0456, 0.3938340285320634]",0.0456,0.3938340285320634,-0.0687251404103003,-0.08309054108759013,-0.0723191054692489,0.1845718595406435,0.21765663286067824,0.19279928599214322,-0.030836244855249044,-0.05967582142246655,-0.03790380242441213,-0.22714343639116424,-0.30583208407068374,-0.24664974334072756,0.04117419804343422,0.0501919820028819,0.04342272543964078,2.4982579726141117e-16,7.776770799971984e-18,1.144734693559275e-15
139.64,"[0.06062, 0.0456, 0.3938340285320634]",0.0456,0.3938340285320634,-0.06934420174822299,-0.08309054108759013,-0.07297186550103603,0.185988134060163,0.21765663286067824,0.19430368091729183,-0.032050960931618744,-0.05967582142246655,-0.03921732260325425,-0.23050013983133816,-0.30583208407068374,-0.2502290674122286,0.04156137052517911,0.0501919820028819,0.04383264779199976,-7.548429410330531e-17,7.776770799971984e-18,1.1192453426092064e-15
139.66,"[0.06062, 0.0456, 0.39281005585578654]",0.0456,0.39281005585578654,-0.06997470945839482,-0.08494951787886436,-0.07369620051808738,0.18743269241993854,0.22202798714878436,0.19597754036107612,-0.0332943528378066,-0.06370006164435987,-0.040689509057619526,-0.23392649691081077,-0.3163697818019064,-0.25421864200467625,0.041956020194151816,0.051373479596095534,0.04428824636284026,-1.2738917206844192e-16,7.73335907869876e-18,1.1257433320587031e-15
139.68,"[0.06062, 0.0456, 0.39281005585578654]",0.0456,0.39281005585578654,-0.07061660260819785,-0.08494951787886436,-0.07438875195751324,0.1889055661789999,0.22202798714878436,0.19757838172313358,-0.034566935743367375,-0.06370006164435987,-0.04209841718252431,-0.23742294277086473,-0.3163697818019064,-0.25803476447375384,0.04235813929481562,0.051373479596095534,0.04472392031165389,-3.872284142050145e-16,7.73335907869876e-18,1.1545375707666395e-15
139.7,"[0.06062, 0.0456, 0.39281005585578654]",0.0456,0.39281005585578654,-0.07127098135501704,-0.08494951787886436,-0.07504817061876255,0.1904093254099902,0.22202798714878436,0.19910300137040396,-0.03587111549028801,-0.06370006164435987,-0.04344103858020894,-0.2409957378777604,-0.3163697818019064,-0.2616696794348968,0.042768427032609635,0.051373479596095534,0.04513880757225976,-4.520751966626759e-16,7.73335907869876e-18,1.1804212223634233e-15
139.72,"[0.06062, 0.0456, 0.3917637105713691]",0.0456,0.3917637105713691,-0.0719292996356152,-0.08681700104054654,-0.07504817061876255,0.19192390807440873,0.22643255250865651,0.19910300137040396,-0.03718856495633601,-0.06779770614198827,-0.04344103858020894,-0.2445966444326999,-0.3270216778546137,-0.2616696794348968,0.04318145948167595,0.052562934539053634,0.04513880757225976,-3.7171196323370555e-16,7.539596356829593e-18,1.1804212223634233e-15
139.74,"[0.06062, 0.0456, 0.3917637105713691]",0.0456,0.3917637105713691,-0.0725218851224352,-0.08681700104054654,-0.07574140708843656,0.1932879358008669,0.22643255250865651,0.20071073165330017,-0.0383765349497247,-0.06779770614198827,-0.04486905831830179,-0.24784052108883822,-0.3270216778546137,-0.26551106181937856,0.04355335561887263,0.052562934539053634,0.04557578651514398,1.8372953194160163e-15,7.539596356829593e-18,1.094255186948861e-15
139.76,"[0.06062, 0.0456, 0.3906960252952799]",0.0456,0.3906960252952799,-0.07313359429597405,-0.08869027438914408,-0.07641656205091778,0.1946982670130295,0.23086341683709058,0.20227670859337377,-0.039610114394556646,-0.07196430451851255,-0.04626041037000606,-0.2511979238332525,-0.3377739039799068,-0.26925295408927485,0.043937617489150364,0.053758643995135434,0.046001396775619784,1.462857642371202e-15,6.731112821608874e-18,1.088817368316923e-15
139.781,"[0.06062, 0.0456, 0.3906960252952799]",0.0456,0.3906960252952799,-0.07409710049669649,-0.08869027438914408,-0.07715478144239674,0.196923709434503,0.23086341683709058,0.20399355612258707,-0.04156610258376504,-0.07196430451851255,-0.047797990100128966,-0.2565019447374861,-0.3377739039799068,-0.2733640310582235,0.044543517093866135,0.053758643995135434,0.046467550956647445,-3.060142989110778e-16,6.731112821608874e-18,1.0941729711681131e-15
139.8,"[0.06062, 0.0456, 0.3906960252952799]",0.0456,0.3906960252952799,-0.07440286859127827,-0.08869027438914408,-0.07856270817633905,0.1976306941034316,0.23086341683709058,0.207268754026706,-0.04218929133800309,-0.07196430451851255,-0.05073323764758522,-0.25818815337259826,-0.3377739039799068,-0.2812080274967396,0.044735920480135714,0.053758643995135434,0.04735673454708476,9.450572131012364e-16,6.731112821608874e-18,1.0353880659238977e-15
139.82,"[0.06062, 0.0456, 0.38960805370398327]",0.0456,0.38960805370398327,-0.07513005405372562,-0.09056674114408914,-0.07930831569891099,0.19931494274332826,0.23531384003682687,0.2090079580422468,-0.04368091340944485,-0.07619541113397509,-0.05230517740176001,-0.2622099096320324,-0.3486129535171881,-0.2853831447454743,0.04519397085068361,0.05495896676170465,0.04782846479198899,-1.6200786076661027e-15,6.664170779031235e-18,1.2032353145486515e-15
139.84,"[0.06062, 0.0456, 0.38960805370398327]",0.0456,0.38960805370398327,-0.07585681908927785,-0.09056674114408914,-0.08001662975399651,0.20100008728893684,0.23531384003682687,0.21066062383392467,-0.045178048995016575,-0.07619541113397509,-0.053800067397672756,-0.26623706375686823,-0.3486129535171881,-0.28935133839572696,0.04565206897747385,0.05495896676170465,0.048276676987197606,-1.4552332567548893e-15,6.664170779031235e-18,1.276615355756526e-15
139.86,"[0.06062, 0.0456, 0.3885008694940874]",0.0456,0.3885008694940874,-0.07658343485061636,-0.09244392246475677,-0.08078241065133207,0.20268684931145042,0.23977726156630658,0.21245190703804143,-0.04668169239683367,-0.08048658924838506,-0.05543395411383565,-0.2702716385154215,-0.3595256836645554,-0.29366279263804135,0.04611040540173537,0.056162323093709124,0.04876208908764743,-1.147453196636222e-15,6.963185359864561e-18,1.3236195567008777e-15
139.88,"[0.06062, 0.0456, 0.3885008694940874]",0.0456,0.3885008694940874,-0.07731231997199002,-0.09244392246475677,-0.08078241065133207,0.20438099479135155,0.23977726156630658,0.21245190703804143,-0.04819757232357291,-0.08048658924838506,-0.05543395411383565,-0.27432792692260716,-0.3595256836645554,-0.29366279263804135,0.046570538213000306,0.056162323093709124,0.04876208908764743,-1.1208663909625323e-15,6.963185359864561e-18,1.3236195567008777e-15
139.902,"[0.06062, 0.0456, 0.3885008694940874]",0.0456,0.3885008694940874,-0.07832269432314491,-0.09244392246475677,-0.08216237811660047,0.20673199145274174,0.23977726156630658,0.21568171261183067,-0.05030825322092973,-0.08048658924838506,-0.058384975208725175,-0.27996204710794864,-0.3595256836645554,-0.30144028447627874,0.047208822153153356,0.056162323093709124,0.04963714303470937,2.6319878053771583e-16,6.963185359864561e-18,1.2322276800454916e-15
139.92,"[0.06062, 0.0456, 0.38733019190970003]",0.0456,0.38733019190970003,-0.0786386457330202,-0.09439558787580411,-0.08216237811660047,0.20746776245361087,0.24442903215956302,0.21568171261183067,-0.05097044473793455,-0.08500927672404587,-0.058384975208725175,-0.28172649323228793,-0.37094397223739606,-0.30144028447627874,0.04740852249974293,0.057416045977234396,0.04963714303470937,1.6620529033515356e-15,7.344031885464386e-18,1.2322276800454916e-15
139.941,"[0.06062, 0.0456, 0.38733019190970003]",0.0456,0.38733019190970003,-0.07959357720898193,-0.09439558787580411,-0.08288056683630687,0.20969374294682744,0.24442903215956302,0.21736743219017918,-0.05297978250279773,-0.08500927672404587,-0.059940461132557556,-0.28706893066769673,-0.37094397223739606,-0.30551159097418246,0.048012478664689155,0.057416045977234396,0.05009346870264813,2.7888283341238117e-15,7.344031885464386e-18,1.1057439772812577e-15
139.96,"[0.06062, 0.0456, 0.3862332517292851]",0.0456,0.3862332517292851,-0.07992227617170067,-0.09619009907104592,-0.08367001075527263,0.21046111187127411,0.24871480178968045,0.21922425662860276,-0.0536758503683923,-0.08923029256685557,-0.061667647889895774,-0.28891319670129884,-0.3815171422586244,-0.3100076374614425,0.04822057766847471,0.05857158100104865,0.050595866270829695,8.709400683879554e-16,7.73364140137931e-18,1.0849766693650336e-15
139.98,"[0.06062, 0.0456, 0.3862332517292851]",0.0456,0.3862332517292851,-0.08056329578986696,-0.09619009907104592,-0.08442731903316288,0.21195899517594036,0.24871480178968045,0.22100589800279,-0.05503884509439861,-0.08923029256685557,-0.06332614821359388,-0.2925164962676182,-0.3815171422586244,-0.3143226139070091,0.048626666721764564,0.05857158100104865,0.05107788892955492,3.088775682120351e-17,7.73364140137931e-18,1.1146854172603084e-15
140.0,"[0.06062, 0.0456, 0.3862332517292851]",0.0456,0.3862332517292851,-0.0812293024610793,-0.09619009907104592,-0.08515044942958389,0.2135175589896008,0.24871480178968045,0.22270747426860818,-0.056464167663032847,-0.08923029256685557,-0.0649111707377914,-0.2962713107447749,-0.3815171422586244,-0.31844450108089495,0.04904901690193735,0.05857158100104865,0.05153822191506918,-4.116932193867144e-16,7.73364140137931e-18,1.1532491050743798e-15
140.02,"[0.06062, 0.0456, 0.3850750560393397]",0.0456,0.3850750560393397,-0.08190923864941485,-0.09805670597997589,-0.08515044942958389,0.2151105010289283,0.2531827372606218,0.22270747426860818,-0.0579264462252172,-0.09367637311383126,-0.0649111707377914,-0.30011324706878784,-0.39258002141210274,-0.31844450108089495,0.049480535885713134,0.059775724903832594,0.05153822191506918,-5.534975394091353e-16,7.959609042215997e-18,1.1532491050743798e-15
140.04,"[0.06062, 0.0456, 0.3850750560393397]",0.0456,0.3850750560393397,-0.08252506869766785,-0.09805670597997589,-0.08666869472213917,0.2165539259447293,0.2531827372606218,0.22628854610840368,-0.059253543887903694,-0.09367637311383126,-0.06827834554841261,-0.3035961853370529,-0.39258002141210274,-0.32714556570670167,0.04987149623126569,0.059775724903832594,0.05250648335746997,2.4509566763886785e-15,7.959609042215997e-18,8.746693701192909e-16
140.06,"[0.06062, 0.0456, 0.3839021212522147]",0.0456,0.3839021212522147,-0.08324361194321045,-0.0999142339233378,-0.08747627146863486,0.21824136156113638,0.2576363233304416,0.228197346880015,-0.060815823695100316,-0.09816375322253344,-0.07008932899420435,-0.30767662455356215,-0.40366324940505066,-0.3317975295324658,0.0503283026813794,0.06097661456931378,0.05302239956005295,-1.5313271188690455e-15,7.538421640157257e-18,1.0869737411751924e-15
140.08,"[0.06062, 0.0456, 0.3839021212522147]",0.0456,0.3839021212522147,-0.08397513534585341,-0.0999142339233378,-0.08824589737049754,0.21996120670252733,0.2576363233304416,0.23001685597507004,-0.062414801197041646,-0.09816375322253344,-0.07181706251769635,-0.3118409197610699,-0.40366324940505066,-0.3362330984550906,0.05079374863006958,0.06097661456931378,0.05351415525007385,-1.7131622430837583e-15,7.538421640157257e-18,1.1887956573977462e-15
140.1,"[0.06062, 0.0456, 0.3839021212522147]",0.0456,0.3839021212522147,-0.08471731379936634,-0.0999142339233378,-0.0889779467543402,0.22170802424600838,0.2576363233304416,0.2317478531031465,-0.06404573483612701,-0.09816375322253344,-0.07346190430464514,-0.316076232515761,-0.40366324940505066,-0.340453853676049,0.05126636787574216,0.06097661456931378,0.05398196777802376,-1.599233194596809e-15,7.538421640157257e-18,1.2662613795172376e-15
140.12,"[0.06062, 0.0456, 0.3827156049129347]",0.0456,0.3827156049129347,-0.08546094961626495,-0.10176177078889,-0.0897651077294269,0.22345980198759438,0.2620730132312671,0.23361284110507863,-0.06568677127963604,-0.10268927407100296,-0.07525052404741399,-0.3203281125722193,-0.41475987208332776,-0.34501605544334385,0.051740228729632805,0.06217354625003625,0.054485868754020166,-1.291338100627641e-15,7.194418938696025e-18,1.320247046959954e-15
140.14,"[0.06062, 0.0456, 0.3827156049129347]",0.0456,0.3827156049129347,-0.08656361642596017,-0.10176177078889,-0.09051480014801656,0.22606021156065714,0.2620730132312671,0.2353894202311915,-0.06813367008823704,-0.10268927407100296,-0.07695577902026556,-0.3266490067556497,-0.41475987208332776,-0.34936321170385604,0.052443481197144606,0.06217354625003625,0.05496586336059229,7.522541912894439e-16,7.194418938696025e-18,1.3858015385942144e-15
140.16,"[0.06062, 0.0456, 0.38151667796987687]",0.0456,0.38151667796987687,-0.0869587347981542,-0.10359748755102728,-0.09051480014801656,0.22699313242784114,0.26648740759043266,0.2353894202311915,-0.06901588098420869,-0.10724860108676397,-0.07695577902026556,-0.32892042725350756,-0.42585883649463263,-0.34936321170385604,0.0526957194134746,0.06336528061577117,0.05496586336059229,-1.0938726842135071e-15,6.847761146625763e-18,1.3858015385942144e-15
140.181,"[0.06062, 0.0456, 0.38151667796987687]",0.0456,0.38151667796987687,-0.0879997891848029,-0.10359748755102728,-0.0912884069163107,0.22945222836160561,0.26648740759043266,0.2372264396178821,-0.0713457483291363,-0.10724860108676397,-0.07873732871420468,-0.33491159947482635,-0.42585883649463263,-0.3538749879713591,0.05336055315115273,0.06336528061577117,0.055462110641123843,3.2768777627845935e-16,6.847761146625763e-18,1.256942723987877e-15
140.2,"[0.06062, 0.0456, 0.38151667796987687]",0.0456,0.38151667796987687,-0.0883286509579647,-0.10359748755102728,-0.09204155175542948,0.2302296494873836,0.26648740759043266,0.2390150278926452,-0.07208490637057788,-0.10724860108676397,-0.08047258817138378,-0.33680793832769884,-0.42585883649463263,-0.35826841653220914,0.053570708900132546,0.06336528061577117,0.055945268661005465,2.1714519584071303e-15,6.847761146625763e-18,1.2582336810946935e-15
140.22,"[0.06062, 0.0456, 0.3803065236191857]",0.0456,0.3803065236191857,-0.08903410210948312,-0.10541965598628963,-0.0928512480140934,0.2318988713846562,0.27087433586448745,0.24094116205180008,-0.07367856591820318,-0.11183743489230043,-0.08235905435394013,-0.3408854291925295,-0.4369494563372907,-0.3630164370209328,0.05402187525466628,0.06455064308057543,0.05646558669569788,1.901651879861391e-15,7.148734008817978e-18,1.2741872341030853e-15
140.24,"[0.06062, 0.0456, 0.3803065236191857]",0.0456,0.3803065236191857,-0.08975935983135835,-0.10541965598628963,-0.09359547220191472,0.23361690661168943,0.27087433586448745,0.24271218238121975,-0.07532785872648656,-0.11183743489230043,-0.08409653451658662,-0.34509032068590656,-0.4369494563372907,-0.36738474820201816,0.054486180428429266,0.06455064308057543,0.05694398562005132,1.4908490861694572e-15,7.148734008817978e-18,1.1477477383966668e-15
140.26,"[0.06062, 0.0456, 0.37908633613710174]",0.0456,0.37908633613710174,-0.09042124100485717,-0.10722664181664059,-0.09440994704203821,0.23518561717852926,0.27522883643615936,0.24465321266387055,-0.07683753391747582,-0.11645150155319867,-0.08601843036992121,-0.3489331139136481,-0.44802136908682216,-0.37218943708518704,0.05491010751161189,0.06572851161748679,0.05746838574977447,7.556536529911642e-16,7.18632881506148e-18,1.1323250632453565e-15
140.28,"[0.06062, 0.0456, 0.37908633613710174]",0.0456,0.37908633613710174,-0.09110579241630637,-0.10722664181664059,-0.09519031014650677,0.23680976759558506,0.27522883643615936,0.2465132447648231,-0.07840893362216332,-0.11645150155319867,-0.08786163999571982,-0.3529193933227343,-0.44802136908682216,-0.3767950337631566,0.05534898436515315,0.06572851161748679,0.05797089989129758,-1.6169408774740201e-16,7.18632881506148e-18,1.174304518591627e-15
140.3,"[0.06062, 0.0456, 0.37908633613710174]",0.0456,0.37908633613710174,-0.09181161810563941,-0.10722664181664059,-0.09593464792204184,0.23848602536893726,0.27522883643615936,0.24828766088368984,-0.08003905897238492,-0.11645150155319867,-0.08962128667504907,-0.35704126131140634,-0.44802136908682216,-0.38118982267951546,0.05580192204234782,0.06572851161748679,0.058450280691471436,-5.994817519406535e-16,7.18632881506148e-18,1.2222492668118388e-15
140.32,"[0.06062, 0.0456, 0.3778573197013547]",0.0456,0.3778573197013547,-0.09252800337095604,-0.10901690123518483,-0.0967322598355319,0.24018863866632817,0.2795461578836793,0.2501917672341023,-0.08170131404036246,-0.12108655320900331,-0.09152830889043226,-0.361233956974912,-0.45906452770722245,-0.38592433510188695,0.05626196591362881,0.06689781534079367,0.05896484265486059,-6.784299389042045e-16,7.607183495516995e-18,1.2605338278851413e-15
140.34,"[0.06062, 0.0456, 0.3778573197013547]",0.0456,0.3778573197013547,-0.09325502702700882,-0.10901690123518483,-0.09752591579385148,0.24191786352295724,0.2795461578836793,0.25208644663819585,-0.08339681106811919,-0.12108655320900331,-0.09342600086626114,-0.3654990227070641,-0.45906452770722245,-0.3906355162120633,0.05672920191772006,0.06689781534079367,0.05947685776766665,-1.0154793377117251e-15,7.607183495516995e-18,1.1078395055828958e-15
140.36,"[0.06062, 0.0456, 0.3766206872027857]",0.0456,0.3766206872027857,-0.09406649589271086,-0.11078897742763151,-0.09826331926384946,0.24384989431514678,0.28382175969277734,0.2538471957486334,-0.08530235713546903,-0.12573836840173552,-0.09519160857129105,-0.3702749564791142,-0.4700691918695369,-0.3950156346441286,0.05725125652917053,0.06805753301042056,0.059952683589317005,-3.613122417851142e-16,7.13515820513048e-18,1.4185002772442882e-15
140.38,"[0.06062, 0.0456, 0.3766206872027857]",0.0456,0.3766206872027857,-0.09486389233323013,-0.11078897742763151,-0.09901630207591712,0.245749381587807,0.28382175969277734,0.2556477574979328,-0.08718131491402346,-0.12573836840173552,-0.09701763385838798,-0.3749756853365953,-0.4700691918695369,-0.3995153810646204,0.05776452767055767,0.06805753301042056,0.060439486415320445,4.81411571039697e-16,7.13515820513048e-18,1.2810508460618985e-15
140.402,"[0.06062, 0.0456, 0.3753776590483704]",0.0456,0.3753776590483704,-0.09592820376573018,-0.11254149715277491,-0.09974832015317808,0.24828599595819179,0.28805131263289796,0.2573983017374146,-0.08969904930798006,-0.13040275221811642,-0.09879369304291512,-0.3812614634276397,-0.4810259190754925,-0.4038908726929189,0.05845001046142164,0.06920669154658755,0.060912771298965475,2.4585756903153876e-15,6.873704542550226e-18,1.2754349070508727e-15
140.42,"[0.06062, 0.0456, 0.3753776590483704]",0.0456,0.3753776590483704,-0.09631021540446477,-0.11254149715277491,-0.09974832015317808,0.2491972265362677,0.28805131263289796,0.2573983017374146,-0.09060851368443905,-0.13040275221811642,-0.09879369304291512,-0.38352440435730584,-0.4810259190754925,-0.4038908726929189,0.0586962865451544,0.06920669154658755,0.060912771298965475,7.723441813898613e-17,6.873704542550226e-18,1.2754349070508727e-15
140.44,"[0.06062, 0.0456, 0.3753776590483704]",0.0456,0.3753776590483704,-0.09696345530673912,-0.11254149715277491,-0.10050343915069104,0.250755430824801,0.28805131263289796,0.25920638682270036,-0.09216369776852032,-0.13040275221811642,-0.10064918990310777,-0.3873940333473896,-0.4810259190754925,-0.40843177614270276,0.059117418648333,0.06920669154658755,0.06140190917577574,4.3211341918434434e-15,6.873704542550226e-18,1.077584394105803e-15
140.46,"[0.06062, 0.0456, 0.37412946195682456]",0.0456,0.37412946195682456,-0.09763605223708949,-0.1142731674020104,-0.10123875980246803,0.25236111246470977,0.2922306988282994,0.26096716729397085,-0.09377594127992678,-0.13507553627745303,-0.10245690840776833,-0.39139120448465287,-0.4919255557831442,-0.4128546432385413,0.05955147184850245,0.07034436456587553,0.061878257371092,3.4443852959203885e-15,6.5300443088072835e-18,1.0410142752391532e-15
140.48,"[0.06062, 0.0456, 0.37412946195682456]",0.0456,0.37412946195682456,-0.09861238598731584,-0.1142731674020104,-0.10202711484805849,0.2546933533238874,0.2922306988282994,0.2628567543891129,-0.0961284833800379,-0.13507553627745303,-0.10441724828029465,-0.39720779639585474,-0.4919255557831442,-0.41762241043444587,0.060182030725057546,0.07034436456587553,0.06238981452026964,4.7292756893302675e-15,6.5300443088072835e-18,1.030368119540672e-15
140.5,"[0.06062, 0.0456, 0.37412946195682456]",0.0456,0.37412946195682456,-0.09895385887337799,-0.1142731674020104,-0.10202711484805849,0.2555096934305695,0.2922306988282994,0.2628567543891129,-0.09695735987305591,-0.13507553627745303,-0.10441724828029465,-0.39924925780285203,-0.4919255557831442,-0.41762241043444587,0.06040280910455528,0.07034436456587553,0.06238981452026964,1.3394878628097573e-15,6.5300443088072835e-18,1.030368119540672e-15
140.52,"[0.06062, 0.0456, 0.372877327747981]",0.0456,0.372877327747981,-0.09953777750858347,-0.11598277215349224,-0.10273181274484079,0.2569056350130155,0.2963560115495602,0.26454638079106213,-0.09837473867650923,-0.13975257859662119,-0.10617486530467661,-0.4027401568092164,-0.5027592286179923,-0.421890442440262,0.06078034013349141,0.07146967094793498,0.06284729681171697,5.1274623948350345e-15,6.1262800325843165e-18,7.663622227488157e-16
140.54,"[0.06062, 0.0456, 0.372877327747981]",0.0456,0.372877327747981,-0.10014464420347124,-0.11598277215349224,-0.10351409931040914,0.2583573767111611,0.2963560115495602,0.2664233230800145,-0.09985676274180454,-0.13975257859662119,-0.10814638269066916,-0.4063787110853205,-0.5027592286179923,-0.42665204762915926,0.06117306190230552,0.07146967094793498,0.06335591064820255,3.970863726812773e-15,6.1262800325843165e-18,7.043817536577695e-16
140.56,"[0.06062, 0.0456, 0.3716224921271317]",0.0456,0.3716224921271317,-0.10071443488288263,-0.11766916923244405,-0.10433025789422408,0.25972098171555524,0.30042355474498345,0.2683828929730257,-0.10125435397326532,-0.14442976336240534,-0.11022783860485812,-0.4098021005678149,-0.5135183357390073,-0.43164829744101707,0.061542027918693155,0.07258177343984501,0.0638874550884777,1.757302069978411e-15,6.368841942516942e-18,6.304694554772134e-16
140.58,"[0.06062, 0.0456, 0.3716224921271317]",0.0456,0.3716224921271317,-0.10132798698248924,-0.11766916923244405,-0.10433025789422408,0.26119038356442476,0.30042355474498345,0.2683828929730257,-0.10277198502692962,-0.14442976336240534,-0.11022783860485812,-0.41350321549683466,-0.5135183357390073,-0.43164829744101707,0.06193982008127739,0.07258177343984501,0.0638874550884777,-5.083549134259992e-17,6.368841942516942e-18,6.304694554772134e-16
140.6,"[0.06062, 0.0456, 0.3716224921271317]",0.0456,0.3716224921271317,-0.10189841845573384,-0.11766916923244405,-0.10509822650827501,0.2625569603523881,0.30042355474498345,0.2702269690905779,-0.10418859721292553,-0.14442976336240534,-0.11218910480502405,-0.41695078107264383,-0.5135183357390073,-0.4363526973332282,0.0623098707325918,0.07258177343984501,0.06438771779062122,4.050372266834396e-15,6.368841942516942e-18,5.058176087739827e-16
140.62,"[0.06062, 0.0456, 0.3703661934655364]",0.0456,0.3703661934655364,-0.10250638198571423,-0.11933128728554726,-0.10593090543944259,0.2640142620129693,0.30442984232582276,0.2722272317556748,-0.1057086936614544,-0.14910300064022916,-0.11433762135161335,-0.4206371451683947,-0.5241945384163813,-0.44147888106916555,0.06270466167356487,0.07367987730313254,0.06493092427556059,2.639739693491214e-15,6.274972321004127e-18,5.404697886319371e-16
140.64,"[0.06062, 0.0456, 0.3703661934655364]",0.0456,0.3703661934655364,-0.10315704144191998,-0.11933128728554726,-0.10752774870095129,0.2655747262644112,0.30442984232582276,0.2760634005538538,-0.10734818992863436,-0.14910300064022916,-0.11846150132169334,-0.42459707499578797,-0.5241945384163813,-0.45131366919637916,0.06312765156789049,0.07367987730313254,0.06597277674927346,1.3341632376263447e-15,6.274972321004127e-18,5.108832357561049e-16
140.66,"[0.06062, 0.0456, 0.36910967157829927]",0.0456,0.36910967157829927,-0.10391580749119196,-0.12096812287423221,-0.10835303094406482,0.2673954022030792,0.30837159721425583,0.27804662405412905,-0.10927463240570354,-0.1537682260471489,-0.12061680126254808,-0.4292318281954196,-0.5347797528667579,-0.45642412529442167,0.06362146563924477,0.07476322900673335,0.06651207659519551,-4.709830728436172e-15,6.3679044572593235e-18,9.517798875711076e-16
140.68,"[0.06062, 0.0456, 0.36910967157829927]",0.0456,0.36910967157829927,-0.10468460454535593,-0.12096812287423221,-0.10913848136843046,0.269240644240087,0.30837159721425583,0.2799342270096663,-0.11123566749995178,-0.1537682260471489,-0.1226701805418841,-0.43393842360169455,-0.5347797528667579,-0.4612903612107915,0.0641221447346862,0.07476322900673335,0.0670254242132044,-4.408112130955746e-15,6.3679044572593235e-18,1.1762871978136266e-15
140.7,"[0.06062, 0.0456, 0.36910967157829927]",0.0456,0.36910967157829927,-0.10546015060354638,-0.12096812287423221,-0.10988482194560382,0.2711025407006437,0.30837159721425583,0.28172791986394347,-0.11322342084895512,-0.1537682260471489,-0.12462297019789666,-0.43869733052126947,-0.5347797528667579,-0.4659162066996935,0.06462756654992606,0.07476322900673335,0.06751327123116942,-3.745118748430839e-15,6.3679044572593235e-18,1.340997806077293e-15
140.72,"[0.06062, 0.0456, 0.36785416650082126]",0.0456,0.36785416650082126,-0.10623366750659166,-0.12257873768901026,-0.11067306500208171,0.27295993038512284,0.31224575015847805,0.28362255121445007,-0.11521358416243781,-0.15842140041577663,-0.12670874248075162,-0.4434525909075173,-0.5452661423817654,-0.47082856526260386,0.06513194420768607,0.07583111496763495,0.06802931407611416,-2.8711105394169743e-15,6.786541300564026e-18,1.4528088580977511e-15
140.74,"[0.06062, 0.0456, 0.36785416650082126]",0.0456,0.36785416650082126,-0.10700621115565116,-0.12257873768901026,-0.11067306500208171,0.27481531152149036,0.31224575015847805,0.28362255121445007,-0.11720994474370106,-0.15842140041577663,-0.12670874248075162,-0.448211913770672,-0.5452661423817654,-0.47082856526260386,0.06563600062658177,0.07583111496763495,0.06802931407611416,-2.4897233161819084e-15,6.786541300564026e-18,1.4528088580977511e-15
140.76,"[0.06062, 0.0456, 0.36660091726503496]",0.0456,0.36660091726503496,-0.10770291338648949,-0.12416225588469959,-0.11139159252676133,0.276488687063498,0.31604943831529336,0.2853497314461221,-0.11901471632024446,-0.1630585094746666,-0.12861383950510297,-0.4525090775607234,-0.5556461097770705,-0.4753108343877084,0.06609073018192826,0.07688286033962122,0.06849985139510968,3.597595294154228e-15,6.408348270357529e-18,1.2790286734129918e-15
140.78,"[0.06062, 0.0456, 0.36660091726503496]",0.0456,0.36660091726503496,-0.10840376242314202,-0.12416225588469959,-0.11216882275042263,0.27817228549654166,0.31604943831529336,0.28721790447233464,-0.1208385497316992,-0.1630585094746666,-0.1306971928143471,-0.456841411364255,-0.5556461097770705,-0.4801851751531006,0.06654846321236911,0.07688286033962122,0.06900959320413924,3.390403283210293e-15,6.408348270357529e-18,1.2506131958272522e-15
140.8,"[0.06062, 0.0456, 0.36660091726503496]",0.0456,0.36660091726503496,-0.10911912388532569,-0.12416225588469959,-0.11291130325559307,0.27989095310229045,0.31604943831529336,0.28900258606996765,-0.12271169192374919,-0.1630585094746666,-0.13268942781152615,-0.4612767264905416,-0.5556461097770705,-0.484843916651543,0.0670160779107406,0.07688286033962122,0.06949661536075807,2.88214854933765e-15,6.408348270357529e-18,1.278338663398924e-15
140.82,"[0.06062, 0.0456, 0.3653511606766294]",0.0456,0.3653511606766294,-0.10983963796567728,-0.12571786153444603,-0.11366640255348409,0.28162216336649876,0.31978000359703745,0.290817226504668,-0.12460746174882034,-0.1676755635695482,-0.13474090311461692,-0.46575449262756513,-0.5659122901815375,-0.489610820921543,0.06748738002617759,0.0779178278493845,0.06999275677816597,2.7866033413075813e-15,6.912095843602646e-18,1.0407799158083804e-15
140.84,"[0.06062, 0.0456, 0.3653511606766294]",0.0456,0.3653511606766294,-0.11049876430054865,-0.12571786153444603,-0.11440165683043596,0.2832059077239811,0.31978000359703745,0.2925841784781649,-0.12634818283741342,-0.1676755635695482,-0.13673943794199747,-0.46985817362552196,-0.5659122901815375,-0.49425356213725,0.06791874888142165,0.0779178278493845,0.07047589221018914,1.4926739679382187e-15,6.912095843602646e-18,1.0047516246246266e-15
140.86,"[0.06062, 0.0456, 0.3640316054040695]",0.0456,0.3640316054040695,-0.11117414099630019,-0.12733679086363417,-0.11510349014111404,0.28482875349001546,0.3236557914203795,0.2942708217484109,-0.12814265317923534,-0.17254403429504084,-0.13864875303964308,-0.474075450739764,-0.5766671435610446,-0.49868712946962607,0.06836112392493687,0.0789966645957327,0.07093712233398367,7.180489748823846e-16,7.087470628038556e-18,9.988858712970288e-16
140.88,"[0.06062, 0.0456, 0.3640316054040695]",0.0456,0.3640316054040695,-0.11185755233585294,-0.12733679086363417,-0.11585184334289805,0.28647094856514393,0.3236557914203795,0.2960685278372655,-0.12996697380038685,-0.17254403429504084,-0.140709269501647,-0.47835264864497923,-0.5766671435610446,-0.5034426072206163,0.06880905291144424,0.0789966645957327,0.07142971899501101,4.4214494652576844e-16,7.087470628038556e-18,9.888290280697691e-16
140.9,"[0.06062, 0.0456, 0.3640316054040695]",0.0456,0.3640316054040695,-0.11254911583903002,-0.12733679086363417,-0.11656531613067289,0.28813269507920913,0.3236557914203795,0.29778242153960727,-0.13182256350851917,-0.17254403429504084,-0.14267584550026646,-0.4826917477832161,-0.5766671435610446,-0.5079788330631869,0.06926264576775827,0.0789966645957327,0.07189942595840898,-1.4816909244437307e-16,7.087470628038556e-18,1.0180002085526476e-15
140.92,"[0.06062, 0.0456, 0.36286705421343435]",0.0456,0.36286705421343435,-0.11357971482226252,-0.12874126135253322,-0.11731379336025888,0.2906089455606006,0.3270083036452238,0.299579321629198,-0.13460451028183706,-0.17683271744007167,-0.14476148753424745,-0.4891771136102096,-0.586070683542168,-0.5127632664717158,0.06993916693528343,0.07993442091539867,0.0723928916865241,2.9026559623796672e-15,6.530428204355182e-18,1.0359579417852628e-15
140.94,"[0.06062, 0.0456, 0.36286705421343435]",0.0456,0.36286705421343435,-0.11395312267605485,-0.12874126135253322,-0.11802677535660931,0.2915059831676535,0.3270083036452238,0.30129095167359593,-0.1356202080104005,-0.17683271744007167,-0.14675047122988838,-0.4915357288996665,-0.586070683542168,-0.5173233714107109,0.07018453941036981,0.07993442091539867,0.07286302923977243,-6.119351622622243e-16,6.530428204355182e-18,1.0798262684208684e-15
140.96,"[0.06062, 0.0456, 0.36163515585181416]",0.0456,0.36163515585181416,-0.11466294830568857,-0.13020990677812164,-0.11802677535660931,0.29321108048015115,0.3305093955595085,0.30129095167359593,-0.1375559494960827,-0.1813668245160754,-0.14675047122988838,-0.496024971538771,-0.5959578462866725,-0.5173233714107109,0.07065114009808822,0.08091625207459303,0.07286302923977243,-5.283338506249085e-16,6.537125607226798e-18,1.0798262684208684e-15
140.98,"[0.06062, 0.0456, 0.36163515585181416]",0.0456,0.36163515585181416,-0.11530207544537684,-0.13020990677812164,-0.11874896490510344,0.29474625600726845,0.3305093955595085,0.30302337308120353,-0.13930290863236222,-0.1813668245160754,-0.14879044432967706,-0.5000716675211823,-0.5959578462866725,-0.5219709986759137,0.07107139903492814,0.08091625207459303,0.07334002181222213,5.489189380382747e-15,6.537125607226798e-18,8.237577864300223e-16
141.001,"[0.06062, 0.0456, 0.360411650744566]",0.0456,0.360411650744566,-0.11623618248896914,-0.1316468206455133,-0.11945186230838543,0.296989354734829,0.33392490178698164,0.30470947853985675,-0.14187403081593883,-0.18586424363695042,-0.1507769423306584,-0.5060063862735541,-0.6056996280642218,-0.5264956305609542,0.07168619580746086,0.08187843842629529,0.07380430485746942,6.859748537000127e-15,6.584687218095535e-18,7.7734520910489765e-16
141.02,"[0.06062, 0.0456, 0.360411650744566]",0.0456,0.360411650744566,-0.11655775047090333,-0.1316468206455133,-0.12017277492717379,0.29776136711552903,0.33392490178698164,0.3064371181361795,-0.1427643219707896,-0.18586424363695042,-0.15283945539090457,-0.5080553107056249,-0.6056996280642218,-0.5311645648872478,0.07189800671242122,0.08187843842629529,0.07428124580180825,2.7760262443835724e-15,6.584687218095535e-18,6.000341299778346e-16
141.04,"[0.06062, 0.0456, 0.360411650744566]",0.0456,0.360411650744566,-0.11717972298190256,-0.1316468206455133,-0.12017277492717379,0.29925427224615697,0.33392490178698164,0.3064371181361795,-0.14449297115184984,-0.18586424363695042,-0.15283945539090457,-0.5120258649173023,-0.6056996280642218,-0.5311645648872478,0.0723078974543336,0.08187843842629529,0.07428124580180825,1.3333135416074997e-15,6.584687218095535e-18,6.000341299778346e-16
141.06,"[0.06062, 0.0456, 0.3591977463435151]",0.0456,0.3591977463435151,-0.11774840285151533,-0.1330525575940968,-0.12084668689415963,0.3006190129656288,0.3372570008227189,0.30805198198861017,-0.14607880316422328,-0.19032203000941608,-0.15477041693140617,-0.5156622179183689,-0.6152940717965271,-0.5355324088249546,0.07268283364026855,0.0828211966403889,0.0747271833112529,6.587627506863746e-15,6.630350539722259e-18,3.3526316309958263e-16
141.08,"[0.06062, 0.0456, 0.3591977463435151]",0.0456,0.3591977463435151,-0.11833707681961744,-0.1330525575940968,-0.12155012358557717,0.3020312770803696,0.3372570008227189,0.3097356788605421,-0.14773020978673804,-0.19032203000941608,-0.15680950807514224,-0.5194375541972089,-0.6152940717965271,-0.540118090958924,0.0730712600776719,0.0828211966403889,0.07519334967252345,5.181341937099058e-15,6.630350539722259e-18,3.967875845973874e-17
141.1,"[0.06062, 0.0456, 0.3591977463435151]",0.0456,0.3591977463435151,-0.11888424640291999,-0.1330525575940968,-0.12223719574009245,0.30334358070050704,0.3372570008227189,0.3113801586253559,-0.14927175826531455,-0.19032203000941608,-0.15880193277118318,-0.5229541447964295,-0.6152940717965271,-0.5445979636545842,0.0734325021280952,0.0828211966403889,0.07564869475915602,2.6974707554468955e-15,6.630350539722259e-18,-1.0787440935791713e-17
141.12,"[0.06062, 0.0456, 0.3579946406257488]",0.0456,0.3579946406257488,-0.11945947028307453,-0.13442661590987537,-0.12223719574009245,0.3047225273277734,0.3405042039558917,0.3113801586253559,-0.15090317320554786,-0.19473633560685724,-0.15880193277118318,-0.5266632818434486,-0.6247350590163302,-0.5445979636545842,0.07381259767011418,0.08374408255543017,0.07564869475915602,1.0674657052411214e-15,6.397502650571177e-18,-1.0787440935791713e-17
141.14,"[0.06062, 0.0456, 0.3579946406257488]",0.0456,0.3579946406257488,-0.11998723811991786,-0.13442661590987537,-0.1229404196301024,0.3059874772746855,0.3405042039558917,0.31306105573375903,-0.15240393753006712,-0.19473633560685724,-0.16086544120894983,-0.5300708713943781,-0.6247350590163302,-0.5492103609921184,0.07416145611694194,0.08374408255543017,0.076115441383252,6.129330098593807e-15,6.397502650571177e-18,-2.3829009053867905e-16
141.16,"[0.06062, 0.0456, 0.3568035209113579]",0.0456,0.3568035209113579,-0.12048505245674898,-0.13576853671829853,-0.12367632759354999,0.3071801764425364,0.34366521852440657,0.31481757470583555,-0.15382590747642416,-0.19910334334747934,-0.16304872567415943,-0.5332922586641383,-0.6340166792240697,-0.5540638420831474,0.07449070612128471,0.08464669278294128,0.07660455026243596,2.9420114170387203e-15,5.812036938298401e-18,-3.55445682934744e-16
141.18,"[0.06062, 0.0456, 0.3568035209113579]",0.0456,0.3568035209113579,-0.12102516301602845,-0.13576853671829853,-0.12367632759354999,0.30847319540546186,0.34366521852440657,0.31481757470583555,-0.15538174733891427,-0.19910334334747934,-0.16304872567415943,-0.5368020462221357,-0.6340166792240697,-0.5540638420831474,0.07484831670888821,0.08464669278294128,0.07660455026243596,3.452070265950347e-16,5.812036938298401e-18,-3.55445682934744e-16
141.2,"[0.06062, 0.0456, 0.3568035209113579]",0.0456,0.3568035209113579,-0.1215288842857663,-0.13576853671829853,-0.1243701790773002,0.3096786274729066,0.34366521852440657,0.31647349152955506,-0.15683847322972816,-0.19910334334747934,-0.16510982945401068,-0.5400817874425684,-0.6340166792240697,-0.5586428654390506,0.07518200108396855,0.08464669278294128,0.07706578272916263,5.422525475084e-15,5.812036938298401e-18,-5.174932068567383e-16
141.22,"[0.06062, 0.0456, 0.3556255626916949]",0.0456,0.3556255626916949,-0.12200628366261698,-0.1370779042895164,-0.1243701790773002,0.3108206191299213,0.3467389336889812,0.31647349152955506,-0.1582245315789874,-0.20341926254883788,-0.16510982945401068,-0.5431962801664627,-0.6431332092517748,-0.5586428654390506,0.07549840867445909,0.08552865352597976,0.07706578272916263,2.1861449647105767e-15,6.1703739220922344e-18,-5.174932068567383e-16
141.24,"[0.06062, 0.0456, 0.3556255626916949]",0.0456,0.3556255626916949,-0.12245542379141457,-0.1370779042895164,-0.12507662028899288,0.31189466488622775,0.3467389336889812,0.3181566476197156,-0.1595327381823834,-0.20341926254883788,-0.1672326546832369,-0.5461311313750974,-0.6431332092517748,-0.5633321239139276,0.07579620974475705,0.08552865352597976,0.07753605055423138,6.46685562478537e-15,6.1703739220922344e-18,-7.945933654497544e-16
141.26,"[0.06062, 0.0456, 0.3544619284693059]",0.0456,0.3544619284693059,-0.12295345112595271,-0.1383543442855779,-0.12577560888063483,0.3130844416059781,0.34972441623525974,0.3198220646110146,-0.16099572232444972,-0.20768032994758456,-0.16933285440754126,-0.5493993199641133,-0.65207910923186,-0.56797165300627,0.07612677949846364,0.08638961971807048,0.07800135041691317,3.717437743920235e-15,6.0731613610768835e-18,-7.447217522717493e-16
141.28,"[0.06062, 0.0456, 0.3544619284693059]",0.0456,0.3544619284693059,-0.12348966109934083,-0.1383543442855779,-0.12649058106693298,0.314364589977322,0.34972441623525974,0.32152256639293975,-0.1625797774271868,-0.20768032994758456,-0.1715045691935404,-0.5529280632487877,-0.65207910923186,-0.5727434155742478,0.07648294797287399,0.08638961971807048,0.07847791654864211,1.942046278134366e-15,6.0731613610768835e-18,-8.57919253271445e-16
141.3,"[0.06062, 0.0456, 0.3544619284693059]",0.0456,0.3544619284693059,-0.12399548839641394,-0.1383543442855779,-0.12649058106693298,0.3155715603363076,0.34972441623525974,0.32152256639293975,-0.16408003353897066,-0.20768032994758456,-0.1715045691935404,-0.5562635215661388,-0.65207910923186,-0.5727434155742478,0.07681910105031879,0.08638961971807048,0.07847791654864211,-7.299489424340138e-16,6.0731613610768835e-18,-8.57919253271445e-16
141.32,"[0.06062, 0.0456, 0.35331376661068126]",0.0456,0.35331376661068126,-0.12446955600381984,-0.13959752204547196,-0.1272298865705625,0.3167022514874448,0.35262090595501155,0.32327770713101944,-0.16549069532059082,-0.21188281092315148,-0.1737735388019216,-0.5593947014345745,-0.6608490187810765,-0.577703487690907,0.07713427599489947,0.08722927414184616,0.07897130893253348,4.467704888338683e-15,6.499965428419889e-18,-9.721311526028472e-16
141.34,"[0.06062, 0.0456, 0.35331376661068126]",0.0456,0.35331376661068126,-0.12499401881149938,-0.13959752204547196,-0.127953044865348,0.31795158806011636,0.35262090595501155,0.32499442725750727,-0.16706443558903294,-0.21188281092315148,-0.1759936634204434,-0.5628733708299516,-0.6608490187810765,-0.5825560197788495,0.07748331225295162,0.08722927414184616,0.07945394433537277,1.958687914120279e-15,6.499965428419889e-18,-8.175966678907739e-16
141.36,"[0.06062, 0.0456, 0.35218221021295604]",0.0456,0.35218221021295604,-0.12555623376172942,-0.14080714090740717,-0.127953044865348,0.3192897275080119,0.35542781065886986,0.32499442725750727,-0.16876098888404148,-0.21602300095455362,-0.1759936634204434,-0.5666130741369465,-0.6694377534587878,-0.5825560197788495,0.07785773234851166,0.08804732655011703,0.07945394433537277,4.942569613159555e-16,6.782150075042271e-18,-8.175966678907739e-16
141.38,"[0.06062, 0.0456, 0.35218221021295604]",0.0456,0.35218221021295604,-0.12601162787142353,-0.14080714090740717,-0.1286859557548353,0.3203736204607949,0.35542781065886986,0.3267307755629577,-0.17013519705327865,-0.21602300095455362,-0.17826752647397365,-0.5696422338158296,-0.6694377534587878,-0.5875003430320613,0.07816101262591074,0.08804732655011703,0.07994369340337597,5.432147660944589e-15,6.782150075042271e-18,-8.84760300178293e-16
141.4,"[0.06062, 0.0456, 0.35218221021295604]",0.0456,0.35218221021295604,-0.12651975016927008,-0.14080714090740717,-0.1293850773544169,0.3215814799306008,0.35542781065886986,0.32838679045429087,-0.1716803396502647,-0.21602300095455362,-0.18043872306077496,-0.5730352745736131,-0.6694377534587878,-0.5922191264204131,0.07849972197352716,0.08804732655011703,0.08041092094084401,2.6379385151983207e-15,6.782150075042271e-18,-8.531230246465477e-16
141.42,"[0.06062, 0.0456, 0.35106837598568036]",0.0456,0.35106837598568036,-0.12706416233444684,-0.14198294056012528,-0.13012361534081482,0.32287448893049514,0.35814470081079586,0.33013269845620435,-0.17334443250537274,-0.22009722731963527,-0.18275393325080413,-0.57668020643124,-0.6778403014813765,-0.5972277950488635,0.07886284977721363,0.08884351278444087,0.08090502271877727,1.0926082452008404e-15,7.047298603553173e-18,-6.752966447645139e-16
141.44,"[0.06062, 0.0456, 0.35106837598568036]",0.0456,0.35106837598568036,-0.12764545840565597,-0.14198294056012528,-0.13012361534081482,0.32425354874077494,0.35814470081079586,0.33013269845620435,-0.17513223765413727,-0.22009722731963527,-0.18275393325080413,-0.5805842482753321,-0.6778403014813765,-0.5972277950488635,0.07925086263600561,0.08884351278444087,0.08090502271877727,-1.741773678388274e-16,7.047298603553173e-18,-6.752966447645139e-16
141.46,"[0.06062, 0.0456, 0.34997336314876176]",0.0456,0.34997336314876176,-0.12811630822334255,-0.1431246954154378,-0.13078876444272855,0.325370587187086,0.36077130377683253,0.33170451476315554,-0.17658035982493547,-0.22410185104449826,-0.18484330982187966,-0.5837465221692744,-0.6860518206745158,-0.6017434403201241,0.0795651530516222,0.0896175938866966,0.08135013441498892,5.276265788864073e-15,6.975363995394539e-18,-9.855563035655624e-16
141.48,"[0.06062, 0.0456, 0.34997336314876176]",0.0456,0.34997336314876176,-0.12862407490502495,-0.1431246954154378,-0.1315059744914098,0.3265740334269348,0.36077130377683253,0.33339581558283354,-0.17815032033153436,-0.22410185104449826,-0.18711689138344037,-0.5871659366246984,-0.6860518206745158,-0.6066352733169694,0.07990429951055424,0.0896175938866966,0.08183058018137232,3.166727279276318e-15,6.975363995394539e-18,-9.219970010340426e-16
141.5,"[0.06062, 0.0456, 0.34997336314876176]",0.0456,0.34997336314876176,-0.12917163582643698,-0.1431246954154378,-0.13217475156245934,0.32787017203695323,0.36077130377683253,0.33497248881508757,-0.17985396883859153,-0.22410185104449826,-0.18923964582482214,-0.5908651106029973,-0.6860518206745158,-0.6111997556360037,0.08027029283790076,0.0896175938866966,0.08227864949937809,1.321046498757236e-15,6.975363995394539e-18,-1.018644344915421e-15
141.52,"[0.06062, 0.0456, 0.3488982523476678]",0.0456,0.3488982523476678,-0.12993130924814553,-0.14423221299467964,-0.13217475156245934,0.32966718935257433,0.3633074976831879,0.33497248881508757,-0.18222554420254886,-0.22803326910900426,-0.18923964582482214,-0.5960060763488756,-0.6940676356447864,-0.6111997556360037,0.08077826387824309,0.09036935519946464,0.08227864949937809,2.3328567632364253e-15,7.16901942507365e-18,-1.018644344915421e-15
141.54,"[0.06062, 0.0456, 0.3488982523476678]",0.0456,0.3488982523476678,-0.13015565347957989,-0.14423221299467964,-0.13286128191588453,0.33019771929902636,0.3633074976831879,0.3365870466493473,-0.1829269543687372,-0.22803326910900426,-0.1914410487665943,-0.5975254442812764,-0.6940676356447864,-0.6159099031781843,0.08092830244029575,0.09036935519946464,0.08273913793139695,4.9093352902918725e-15,7.16901942507365e-18,-1.1723833078768873e-15
141.56,"[0.06062, 0.0456, 0.3478441045869594]",0.0456,0.3478441045869594,-0.130669722882477,-0.14530533232236797,-0.13353232814214902,0.3314116914959872,0.3657533048815402,0.33816508737901657,-0.1845446323115896,-0.2318879169123282,-0.19359341776806263,-0.601018491478482,-0.7018832351522121,-0.6205144971492352,0.08127236118349217,0.09109860545142129,0.08318925542518678,2.640147685544975e-15,7.380175879071045e-18,-1.05555368842968e-15
141.58,"[0.06062, 0.0456, 0.3478441045869594]",0.0456,0.3478441045869594,-0.1312136178818139,-0.14530533232236797,-0.13420810309301767,0.3326948367141609,0.3657533048815402,0.3397500158646379,-0.18626390155562705,-0.2318879169123282,-0.19578370143344842,-0.6047227325627452,-0.7018832351522121,-0.6251764747556872,0.08163657108929964,0.09109860545142129,0.08364306829329114,1.3242278189818492e-15,7.380175879071045e-18,-1.1765091453126854e-15
141.6,"[0.06062, 0.0456, 0.3468119601832076]",0.0456,0.3468119601832076,-0.13172175032636332,-0.14634392232103124,-0.13420810309301767,0.33389267718944937,0.36810888502257744,0.3397500158646379,-0.18787553800979984,-0.23566227100048026,-0.19578370143344842,-0.6081893656016095,-0.7094942696655059,-0.6251764747556872,0.08197696239981359,0.09180517582438893,0.08364306829329114,-1.027770876648948e-15,7.14553392363633e-18,-1.1765091453126854e-15
141.62,"[0.06062, 0.0456, 0.3468119601832076]",0.0456,0.3468119601832076,-0.13246457871693804,-0.14634392232103124,-0.1348983710011199,0.3356414721866751,0.36810888502257744,0.34136457802144893,-0.19024461493670197,-0.23566227100048026,-0.19804334771896123,-0.6132715167427553,-0.7094942696655059,-0.6299629202616224,0.0824748819263037,0.09180517582438893,0.084107116588551,-6.730518555656689e-16,7.14553392363633e-18,-1.3243497684975252e-15
141.64,"[0.06062, 0.0456, 0.3468119601832076]",0.0456,0.3468119601832076,-0.13270795794535892,-0.14634392232103124,-0.13555245793392948,0.3362137827703528,0.36810888502257744,0.34289412517605655,-0.19102448821896448,-0.23566227100048026,-0.2001866868711934,-0.6149406570983642,-0.7094942696655059,-0.634500822673227,0.08263810539246381,0.09180517582438893,0.08454689117655276,2.5316342269095925e-15,7.14553392363633e-18,-1.46308882097028e-15
141.66,"[0.06062, 0.0456, 0.3458028377383266]",0.0456,0.3458028377383266,-0.13318954511923328,-0.14734788020192524,-0.13555245793392948,0.33734538858392654,0.3703745277421928,0.34289412517605655,-0.19257240544652207,-0.2393528520555571,-0.2001866868711934,-0.6182486773473542,-0.7168965490822715,-0.634500822673227,0.0829611949784016,0.09248891899919082,0.08454689117655276,-1.5561067668555659e-16,7.276922674199467e-18,-1.46308882097028e-15
141.68,"[0.06062, 0.0456, 0.3458028377383266]",0.0456,0.3458028377383266,-0.1336384985540302,-0.14734788020192524,-0.13622158450675925,0.3383996485368134,0.3703745277421928,0.34445445837929006,-0.19401911892489962,-0.2393528520555571,-0.2024009013286996,-0.6213365849663437,-0.7168965490822715,-0.6391666256069197,0.08326247725592546,0.09248891899919082,0.08499725062662068,5.453087020132126e-15,7.276922674199467e-18,-1.624791780958867e-15
141.7,"[0.06062, 0.0456, 0.3458028377383266]",0.0456,0.3458028377383266,-0.13412928488504833,-0.14734788020192524,-0.13687582692742342,0.3395500624072883,0.3703745277421928,0.3459799645430784,-0.19561165758902713,-0.2393528520555571,-0.20456648361347496,-0.6247242926949029,-0.7168965490822715,-0.6437293216208748,0.0835920841962356,0.09248891899919082,0.08543760629339574,2.880215091603451e-15,7.276922674199467e-18,-1.5061625768606262e-15
141.72,"[0.06062, 0.0456, 0.3448177331343366]",0.0456,0.3448177331343366,-0.13465112787309905,-0.1483171298471671,-0.13753153598469428,0.34077174381349074,0.37255064496840146,0.3475042860501245,-0.19731307454112632,-0.24295622814421153,-0.20675884472533002,-0.6283352481977145,-0.7240860405970123,-0.64832611834058,0.08394273339457232,0.09314970817801597,0.08587941908226393,1.3565306469291006e-15,7.318179588260972e-18,-1.6202792258716877e-15
141.74,"[0.06062, 0.0456, 0.3448177331343366]",0.0456,0.3448177331343366,-0.13537860603770394,-0.1483171298471671,-0.13753153598469428,0.3424727927181148,0.37255064496840146,0.3475042860501245,-0.19969529702176386,-0.24295622814421153,-0.20675884472533002,-0.6333804334820419,-0.7240860405970123,-0.64832611834058,0.08443178837985804,0.09314970817801597,0.08587941908226393,2.1785377685875474e-15,7.318179588260972e-18,-1.6202792258716877e-15
141.76,"[0.06062, 0.0456, 0.34385761855054875]",0.0456,0.34385761855054875,-0.13559389903240512,-0.1492516201796941,-0.1381511600735115,0.342975942051517,0.37463776286088074,0.348944331127545,-0.20040165179621533,-0.24646901822046277,-0.20883252562038604,-0.6348750019716359,-0.731058866700563,-0.6526720962166245,0.0845765514500299,0.09378743608159469,0.08629696180871042,4.8870713071001005e-15,7.603448272719332e-18,-1.7607699439128085e-15
141.78,"[0.06062, 0.0456, 0.34385761855054875]",0.0456,0.34385761855054875,-0.136079778630215,-0.1492516201796941,-0.13880292412908493,0.34410993597636563,0.37463776286088074,0.3504547540605956,-0.2020035178303231,-0.24646901822046277,-0.21103345445079635,-0.6382564498850837,-0.731058866700563,-0.6572648778347988,0.08490342941805154,0.09378743608159469,0.0867365722222346,2.9122813466366645e-15,7.603448272719332e-18,-1.6667562748728e-15
141.8,"[0.06062, 0.0456, 0.34385761855054875]",0.0456,0.34385761855054875,-0.13659717627500018,-0.1492516201796941,-0.13880292412908493,0.3453154514127738,0.37463776286088074,0.3504547540605956,-0.2037192057957474,-0.24646901822046277,-0.21103345445079635,-0.6418680512024366,-0.731058866700563,-0.6572648778347988,0.08525172655071729,0.09378743608159469,0.0867365722222346,1.3052162796772088e-15,7.603448272719332e-18,-1.6667562748728e-15
141.821,"[0.06062, 0.0456, 0.34292344150414117]",0.0456,0.34292344150414117,-0.13725809669882807,-0.15015132351837884,-0.13943455168278326,0.3468540674393659,0.376636513399043,0.3519134041451786,-0.20591694958190046,-0.24988789587551619,-0.21318927834876983,-0.646488163002089,-0.7378113032954726,-0.6617405955585358,0.08569676961769333,0.09440201392012536,0.08716307112405469,8.036310696787194e-16,7.617652852950425e-18,-2.0276733580177194e-15
141.84,"[0.06062, 0.0456, 0.34292344150414117]",0.0456,0.34292344150414117,-0.1374757421972253,-0.15015132351837884,-0.14004293214621716,0.34736000111014786,0.376636513399043,0.3533181356049017,-0.2066441824627311,-0.24988789587551619,-0.21526684900118523,-0.6480134062614932,-0.7378113032954726,-0.666052772018821,0.08584339976825783,0.09440201392012536,0.08757389586209974,3.74179125574893e-15,7.617652852950425e-18,-2.207896533561682e-15
141.86,"[0.06062, 0.0456, 0.342016123915074]",0.0456,0.342016123915074,-0.13790875404582398,-0.15101623391659655,-0.1406814290797379,0.34836562083318506,0.37854762563866806,0.3547880332393917,-0.208095507753855,-0.2532095933247531,-0.21746602227993111,-0.6510527898808461,-0.7443397779129218,-0.6705986974529068,0.08613521979953176,0.09499337033756657,0.08800543018073274,5.899618181159197e-16,7.400683350355483e-18,-2.1266245747127038e-15
141.88,"[0.06062, 0.0456, 0.342016123915074]",0.0456,0.342016123915074,-0.13837809757825043,-0.15101623391659655,-0.1406814290797379,0.34945358840367025,0.37854762563866806,0.3547880332393917,-0.20967797992627535,-0.2532095933247531,-0.21746602227993111,-0.6543573790373636,-0.7443397779129218,-0.6705986974529068,0.08645172168314971,0.09499337033756657,0.08800543018073274,-1.9633808645707506e-15,7.400683350355483e-18,-2.1266245747127038e-15
141.9,"[0.06062, 0.0456, 0.342016123915074]",0.0456,0.342016123915074,-0.13881573056353624,-0.15101623391659655,-0.1412762344437077,0.35046713292283793,0.37854762563866806,0.35615676692581955,-0.2111577079814029,-0.2532095933247531,-0.2195173486072418,-0.6574432295434828,-0.7443397779129218,-0.674836416539178,0.08674692629755072,0.09499337033756657,0.08840748991457957,4.271721359453902e-15,7.400683350355483e-18,-2.22281356156296e-15
141.92,"[0.06062, 0.0456, 0.34113656119626595]",0.0456,0.34113656119626595,-0.13928322630076848,-0.15184636548352987,-0.14187906703668599,0.35154816338380906,0.38037191666129805,0.35753935962229977,-0.21274603970796704,-0.2564309056194649,-0.2216157122352556,-0.6607479350796172,-0.7506408680178763,-0.6791522208816466,0.0870624333846494,0.09556145032959917,0.08881535300027144,2.384814712897905e-15,7.766257737495917e-18,-2.375158712674314e-15
141.94,"[0.06062, 0.0456, 0.34113656119626595]",0.0456,0.34113656119626595,-0.13972218110722434,-0.15184636548352987,-0.14187906703668599,0.3525620573268494,0.38037191666129805,0.35753935962229977,-0.21424242476924496,-0.2564309056194649,-0.2216157122352556,-0.6638563269980977,-0.7506408680178763,-0.6791522208816466,0.0873587804337681,0.09556145032959917,0.08881535300027144,-4.537252912769502e-16,7.766257737495917e-18,-2.375158712674314e-15
141.96,"[0.06062, 0.0456, 0.3402856213699296]",0.0456,0.3402856213699296,-0.14013198943382452,-0.15264175068851565,-0.14244988861195657,0.3535077447633662,0.3821102822448101,0.3588481469807591,-0.21564334939576638,-0.25954869506834266,-0.22360435798625408,-0.6667625468431495,-0.7567112993904836,-0.683240701047232,0.08763552922126018,0.09610621413627775,0.08920159270797362,5.236558727440485e-15,7.602389727701915e-18,-2.522050319318362e-15
141.981,"[0.06062, 0.0456, 0.3402856213699296]",0.0456,0.3402856213699296,-0.14076014011109939,-0.15264175068851565,-0.1430295056904538,0.3549549937648453,0.3821102822448101,0.3601725538073959,-0.21780078273493256,-0.25954869506834266,-0.22564222785450783,-0.671228126642506,-0.7567112993904836,-0.6874122003515118,0.08805993242595643,0.09610621413627775,0.08959413776542961,5.507965973076609e-15,7.602389727701915e-18,-2.689081224089257e-15
142.0,"[0.06062, 0.0456, 0.3402856213699296]",0.0456,0.3402856213699296,-0.14098707666903357,-0.15264175068851565,-0.1430295056904538,0.3554767497693297,0.3821102822448101,0.3601725538073959,-0.21858492725077153,-0.25954869506834266,-0.22564222785450783,-0.6728465340169438,-0.7567112993904836,-0.6874122003515118,0.08821335295983171,0.09610621413627775,0.08959413776542961,3.0261040637538415e-17,7.602389727701915e-18,-2.689081224089257e-15
142.02,"[0.06062, 0.0456, 0.33946414421093835]",0.0456,0.33946414421093835,-0.14159930507163598,-0.15340243864974853,-0.1436168070684197,0.35688304870057896,0.38376368728772714,0.3615099141709889,-0.22070578476021652,-0.26255989585111733,-0.22772551820176715,-0.6772184893015111,-0.7625479445730001,-0.6916587973304446,0.08862735489787738,0.09662763611110511,0.08999223032476886,-2.7188008398203192e-16,7.468394495267673e-18,-2.8379921520454116e-15
142.04,"[0.06062, 0.0456, 0.33946414421093835]",0.0456,0.33946414421093835,-0.14180105527131548,-0.15340243864974853,-0.14419110928270726,0.3573457352478202,0.38376368728772714,0.36281753679180573,-0.2214077581086131,-0.26255989585111733,-0.229763265479432,-0.6786625201081965,-0.7625479445730001,-0.6958120138469955,0.08876384244048817,0.09662763611110511,0.09038152256661755,2.7217767250103246e-15,7.468394495267673e-18,-2.7095648864830625e-15
142.06,"[0.06062, 0.0456, 0.33867294041806995]",0.0456,0.33867294041806995,-0.1422551655334799,-0.15412849340967139,-0.14474274686075617,0.3583853775415819,0.38533315602390456,0.36407330729354825,-0.22299530451685115,-0.26546151880420715,-0.23172162596986262,-0.6819209239255668,-0.7681478213729709,-0.6998024390195677,0.08907120166430713,0.09712570356898606,0.09075547155209904,1.1132474430169265e-15,7.291940053393862e-18,-2.5149351266217346e-15
142.08,"[0.06062, 0.0456, 0.33867294041806995]",0.0456,0.33867294041806995,-0.1427278059856625,-0.15412849340967139,-0.14530664422111367,0.3594660841948576,0.38533315602390456,0.3653526010584421,-0.22465330560075086,-0.26546151880420715,-0.23374062255807818,-0.6853184118004498,-0.7681478213729709,-0.7038999180680394,0.08939121294284019,0.09712570356898606,0.09113804310738048,3.9691132715825834e-16,7.291940053393862e-18,-2.310490369679955e-15
142.1,"[0.06062, 0.0456, 0.33867294041806995]",0.0456,0.33867294041806995,-0.14321778525039827,-0.15412849340967139,-0.14584576945706834,0.36058452239934086,0.38533315602390456,0.3665753635870067,-0.2263798958304909,-0.26546151880420715,-0.23567226643541642,-0.6888488979983227,-0.7681478213729709,-0.7078188390329836,0.08972311067395396,0.09712570356898606,0.09150383354529064,-9.122449041581954e-17,7.291940053393862e-18,-2.081479047594216e-15
142.12,"[0.06062, 0.0456, 0.33791279081394476]",0.0456,0.33791279081394476,-0.1436685809784295,-0.1548199922003793,-0.14637826137663001,0.361612733597832,0.38681976206813795,0.36777849473121366,-0.22797159830429317,-0.26825065635573286,-0.2375977464984688,-0.6921004839150708,-0.7735080914148249,-0.7117084099155775,0.09002852687994636,0.09760041561621159,0.09186543853538702,-1.4163990525131727e-15,7.076828498906246e-18,-2.098886904322584e-15
142.14,"[0.06062, 0.0456, 0.33791279081394476]",0.0456,0.33791279081394476,-0.1441354959813275,-0.1548199922003793,-0.14637826137663001,0.3626759464106007,0.38681976206813795,0.36777849473121366,-0.22962727326336724,-0.26825065635573286,-0.2375977464984688,-0.6954759284827559,-0.7735080914148249,-0.7117084099155775,0.09034499564522021,0.09760041561621159,0.09186543853538702,-2.184404476309951e-15,7.076828498906246e-18,-2.098886904322584e-15
142.16,"[0.06062, 0.0456, 0.33718444557444804]",0.0456,0.33718444557444804,-0.14456162140643658,-0.15547702370332028,-0.14687541135506532,0.3636454305918933,0.3882246183369465,0.3689012922537458,-0.2311416631862279,-0.27092448758485543,-0.23939733068323274,-0.698560099962248,-0.778626058733509,-0.7153418680373985,0.0906338797941945,0.09805178196631557,0.09220307853061868,4.566265452345813e-15,7.047707083700046e-18,-2.2841461144112823e-15
142.18,"[0.06062, 0.0456, 0.33718444557444804]",0.0456,0.33718444557444804,-0.1451886584825159,-0.15547702370332028,-0.14737501938445918,0.36506976910281497,0.3882246183369465,0.3700253580213775,-0.2333789490893664,-0.27092448758485543,-0.24122190173709288,-0.7031079591207822,-0.778626058733509,-0.7190105030913859,0.09105913265154256,0.09805178196631557,0.09254266932574054,6.1687053670475556e-15,7.047707083700046e-18,-2.53742798413243e-15
142.2,"[0.06062, 0.0456, 0.33718444557444804]",0.0456,0.33718444557444804,-0.14540729457270987,-0.15547702370332028,-0.14737501938445918,0.3655653279948979,0.3882246183369465,0.3700253580213775,-0.23416324435815025,-0.27092448758485543,-0.24122190173709288,-0.7046982135214386,-0.778626058733509,-0.7190105030913859,0.09120748631888287,0.09805178196631557,0.09254266932574054,1.4169607692068178e-15,7.047707083700046e-18,-2.53742798413243e-15
142.22,"[0.06062, 0.0456, 0.3364886234883971]",0.0456,0.3364886234883971,-0.14578116228694352,-0.15609968630849386,-0.14787708449652381,0.3664127337003072,0.38954886689220986,0.3711507041454964,-0.2355043892683634,-0.2734802833781349,-0.24307114111967792,-0.7074175485469801,-0.7834991684052696,-0.7227139447798501,0.09146117109002495,0.09847982174628735,0.0928841995687139,6.812769975551164e-15,6.862891205804623e-18,-2.7932235030489827e-15
142.24,"[0.06062, 0.0456, 0.3364886234883971]",0.0456,0.3364886234883971,-0.1461793875067644,-0.15609968630849386,-0.1483674571625297,0.36731294808529696,0.38954886689220986,0.37224969556604537,-0.23694207212806073,-0.2734802833781349,-0.24487787208013692,-0.7103238638382807,-0.7834991684052696,-0.726331735596991,0.09173154650081808,0.09847982174628735,0.09321778589361213,4.596856243747547e-15,6.862891205804623e-18,-2.790707025261942e-15
142.26,"[0.06062, 0.0456, 0.3358260112481832]",0.0456,0.3358260112481832,-0.14659512074136002,-0.15668808637921167,-0.14884997123227672,0.3682509301070402,0.39079366875847366,0.37332685633109597,-0.23844987412693955,-0.27591541165352096,-0.24667101164342262,-0.7133653594795095,-0.7881250052121906,-0.7299079345919562,0.09201393198528961,0.09888456229824104,0.09354628531000876,3.22602492527982e-15,6.806962471431922e-18,-2.9967220455155024e-15
142.281,"[0.06062, 0.0456, 0.3358260112481832]",0.0456,0.3358260112481832,-0.14716710158474983,-0.15668808637921167,-0.14932039543091402,0.3695392560923533,0.39079366875847366,0.3743768714955489,-0.24053255810079474,-0.27591541165352096,-0.24841980655488438,-0.7175587252265593,-0.7881250052121906,-0.7333951530560006,0.09240259128332937,0.09888456229824104,0.09386656400543364,3.953104156520157e-15,6.806962471431922e-18,-2.9741885275730337e-15
142.3,"[0.06062, 0.0456, 0.3358260112481832]",0.0456,0.3358260112481832,-0.1473824309693661,-0.15668808637921167,-0.14932039543091402,0.37002301763289797,0.39079366875847366,0.3743768714955489,-0.24132128295026994,-0.27591541165352096,-0.24841980655488438,-0.7191423680131224,-0.7881250052121906,-0.7333951530560006,0.09254898855545687,0.09888456229824104,0.09386656400543364,-3.2251251517248456e-16,6.806962471431922e-18,-2.9741885275730337e-15
142.32,"[0.06062, 0.0456, 0.3351972627720892]",0.0456,0.3351972627720892,-0.14775064421706108,-0.15724233652926273,-0.1497818615849392,0.37085024986717713,0.3919601937674387,0.37540286265680084,-0.24267000244344464,-0.27822734262067067,-0.25014974965789627,-0.7218503971785463,-0.7925012923384713,-0.7368313541777515,0.09279932789078525,0.09926603798218546,0.09418098280813894,5.450679942231412e-15,6.547978881049264e-18,-3.1761492042643607e-15
142.34,"[0.06062, 0.0456, 0.3351972627720892]",0.0456,0.3351972627720892,-0.14813657551695847,-0.15724233652926273,-0.15021607893655112,0.37171524629760627,0.3919601937674387,0.37636784119201744,-0.2440911544222335,-0.27822734262067067,-0.25177912580159734,-0.7246967790154862,-0.7925012923384713,-0.740066343977652,0.09306184232491824,0.09926603798218546,0.09447686278377011,3.8275137276215535e-15,6.547978881049264e-18,-3.4048638158619074e-15
142.36,"[0.06062, 0.0456, 0.3346029985589514]",0.0456,0.3346029985589514,-0.14849260160503627,-0.15776255392003774,-0.15066568698883312,0.37251239125977775,0.3930496104854845,0.3773635969449753,-0.24540522513940757,-0.2804136540446658,-0.25347830524978066,-0.7273258472833805,-0.7966258900978715,-0.7434288040253396,0.0933040670141284,0.09962428898604567,0.09478342442991221,1.7888761989751465e-15,6.526103827828947e-18,-3.42549394107304e-15
142.38,"[0.06062, 0.0456, 0.3346029985589514]",0.0456,0.3346029985589514,-0.14886502310325297,-0.15776255392003774,-0.15066568698883312,0.3733445023226019,0.3930496104854845,0.3773635969449753,-0.2467861842180821,-0.2804136540446658,-0.25347830524978066,-0.730082787667138,-0.7966258900978715,-0.7434288040253396,0.0935575543748085,0.09962428898604567,0.09478342442991221,9.47156739456789e-17,6.526103827828947e-18,-3.42549394107304e-15
142.4,"[0.06062, 0.0456, 0.3346029985589514]",0.0456,0.3346029985589514,-0.14920714924151376,-0.15776255392003774,-0.15108131833767313,0.3741081303012275,0.3930496104854845,0.3782835395215589,-0.24805768722244934,-0.2804136540446658,-0.25505112551315945,-0.7326185307824811,-0.7966258900978715,-0.74653934675526,0.09379046968510642,0.09962428898604567,0.09506685367284233,5.476618327243322e-15,6.526103827828947e-18,-3.618607453840953e-15
142.42,"[0.06062, 0.0456, 0.3340438050758017]",0.0456,0.3340438050758017,-0.1495632413697843,-0.15824885858577073,-0.151496111909294,0.37490145805348835,0.3940630762818829,0.37919817342186246,-0.24938644050579478,-0.2824720364788077,-0.25663280428534646,-0.7352634858244229,-0.8004967946930203,-0.749656389135775,0.09403298264260723,0.0999593601495027,0.09534990286666035,4.013528302133402e-15,6.356304846188985e-18,-3.85465383488024e-15
142.44,"[0.06062, 0.0456, 0.3340438050758017]",0.0456,0.3340438050758017,-0.1498931553508459,-0.15824885858577073,-0.15190102886547913,0.37563551692285485,0.3940630762818829,0.3800909134982465,-0.2506208985424896,-0.2824720364788077,-0.2581772335046174,-0.7377176036464193,-0.8004967946930203,-0.752699649945739,0.09425772305756436,0.0999593601495027,0.09562621914760573,1.7649043034412787e-15,6.356304846188985e-18,-3.866630707960846e-15
142.46,"[0.06062, 0.0456, 0.3335202341790958]",0.0456,0.3335202341790958,-0.1502382087925699,-0.15870137179556476,-0.15190102886547913,0.3764016956657046,0.3950017275966777,0.3800909134982465,-0.25191760356366827,-0.28440029843111053,-0.2581772335046174,-0.7402902989774951,-0.804112137008519,-0.752699649945739,0.0944928688492164,0.10027129980856773,0.09562621914760573,3.195505609618631e-16,6.479613249400051e-18,-3.866630707960846e-15
142.48,"[0.06062, 0.0456, 0.3335202341790958]",0.0456,0.3335202341790958,-0.15055414460642286,-0.15870137179556476,-0.15231125248587843,0.37710264705426133,0.3950017275966777,0.380992189936912,-0.25310693326083306,-0.28440029843111053,-0.2597527766069569,-0.7426480756687511,-0.804112137008519,-0.7557943200048783,0.09470820540573434,0.10027129980856773,0.09590632638374928,5.318670910819653e-15,6.479613249400051e-18,-3.82656606478213e-15
142.5,"[0.06062, 0.0456, 0.3335202341790958]",0.0456,0.3335202341790958,-0.15088799510351975,-0.15870137179556476,-0.15269177543403242,0.37784166020236265,0.3950017275966777,0.38182767220334746,-0.25436964350474606,-0.28440029843111053,-0.2612161541141848,-0.7451458620997351,-0.804112137008519,-0.7586669577286084,0.09493584839138401,0.10027129980856773,0.09616618431489325,3.598495046140954e-15,6.479613249400051e-18,-3.8960713685505004e-15
142.52,"[0.06062, 0.0456, 0.33303280257009726]",0.0456,0.33303280257009726,-0.15123071336631738,-0.15912021446125083,-0.1530812992391264,0.37859900248294404,0.39586667046794616,0.3826800842326879,-0.25567048052872765,-0.2861963714283641,-0.26272376144412246,-0.747714870276362,-0.8074701814408409,-0.7616177214800198,0.0951696122166761,0.10056015866806976,0.09643233616602997,2.7785494468220615e-15,6.485523623413881e-18,-3.8624304413972035e-15
142.541,"[0.06062, 0.0456, 0.33303280257009726]",0.0456,0.33303280257009726,-0.15176944132013423,-0.15912021446125083,-0.153453491061975,0.37978639669452735,0.39586667046794616,0.38349429480096997,-0.2577260672251379,-0.2861963714283641,-0.26416523701174116,-0.7517645906142235,-0.8074701814408409,-0.7644381979956911,0.09553724284700532,0.10056015866806976,0.09668666056906512,-1.100364466879294e-15,6.485523623413881e-18,-3.789094349860121e-15
142.56,"[0.06062, 0.0456, 0.33258199128495575]",0.0456,0.33258199128495575,-0.15193784629431809,-0.15950550560040636,-0.15380778332467257,0.3801571865053659,0.39665897137833867,0.38426911706356637,-0.25836998420825047,-0.2878583149412891,-0.2655381930214658,-0.7530319513562209,-0.8105693247690371,-0.7671238850444684,0.09565218461911595,0.1008259887094047,0.09692876670308107,1.9327200181893287e-15,6.349685063003203e-18,-3.7221920954733815e-15
142.58,"[0.06062, 0.0456, 0.33258199128495575]",0.0456,0.33258199128495575,-0.1524445992295442,-0.15950550560040636,-0.1541492093603281,0.38127151968718453,0.39665897137833867,0.38501291833423784,-0.26031256880851134,-0.2878583149412891,-0.26687101174606953,-0.7568508653960326,-0.8105693247690371,-0.7697223217469784,0.09599813836361369,0.1008259887094047,0.09716222804006397,4.545416969337959e-15,6.349685063003203e-18,-3.935627017917281e-15
142.6,"[0.06062, 0.0456, 0.33258199128495575]",0.0456,0.33258199128495575,-0.1526150602426231,-0.15950550560040636,-0.15448116264095244,0.3816456595521084,0.39665897137833867,0.385735968035819,-0.2609684131064885,-0.2878583149412891,-0.26816724629578775,-0.7581380110348115,-0.8105693247690371,-0.772249083615104,0.09611454733116616,0.1008259887094047,0.0973892181976354,1.28333491791721e-15,6.349685063003203e-18,-3.979516391332754e-15
142.62,"[0.06062, 0.0456, 0.33216824521998267]",0.0456,0.33216824521998267,-0.1529397439030497,-0.15985736086399271,-0.1548148404087104,0.38235774369126396,0.39737964848034246,0.3864602964409026,-0.2622195303112296,-0.2893843211342936,-0.26947847519896007,-0.7605917062640901,-0.8134080950710466,-0.7747976948159245,0.0963363056814336,0.10106884214097328,0.0976175105262072,8.346001457035354e-16,6.271307455610396e-18,-4.0038867443381215e-15
142.64,"[0.06062, 0.0456, 0.33216824521998267]",0.0456,0.33216824521998267,-0.1532659812400275,-0.15985736086399271,-0.15513217763999393,0.3830720391576303,0.39737964848034246,0.387148892169767,-0.26348071924687183,-0.2893843211342936,-0.2707263805185078,-0.7630614690880214,-0.8134080950710466,-0.7772224384649716,0.09655918829218778,0.10106884214097328,0.09783463676749887,4.537111675768347e-16,6.271307455610396e-18,-4.01178265050904e-15
142.66,"[0.06062, 0.0456, 0.3317919726925919]",0.0456,0.3317919726925919,-0.15359199820520597,-0.16017589113808325,-0.1554477459503477,0.38378466761472907,0.39802966325865574,0.3878336431447185,-0.2647450834180072,-0.2907727194037645,-0.2719673511881507,-0.7655338263483956,-0.8159851506910902,-0.7796336887093541,0.096781982140598,0.10128877039871009,0.09805055301881017,4.3074692530690817e-16,6.251971913875689e-18,-4.263208212651057e-15
142.68,"[0.06062, 0.0456, 0.3317919726925919]",0.0456,0.3317919726925919,-0.1539161891288513,-0.16017589113808325,-0.15575746080184816,0.38449234537807087,0.39802966325865574,0.3885033415159745,-0.2660056269423635,-0.2907727194037645,-0.27319308837698636,-0.767995787682154,-0.8159851506910902,-0.7820084259674186,0.09700357814465653,0.10128877039871009,0.09826257880692492,4.021038217928828e-16,6.251971913875689e-18,-4.425963249765777e-15
142.7,"[0.06062, 0.0456, 0.3314535450383401]",0.0456,0.3314535450383401,-0.1542966534517349,-0.16017589113808325,-0.1563439062331511,0.38532064664378807,0.39802966325865574,0.38977098932369375,-0.2674924502363543,-0.2907727194037645,-0.275515457260724,-0.7708930013415499,-0.8159851506910902,-0.7865065094581629,0.09726375226211693,0.10128877039871009,0.0986640714862914,-3.4427750205977148e-15,6.251971913875689e-18,-4.037278197902337e-15
142.72,"[0.06062, 0.0456, 0.3314535450383401]",0.0456,0.3314535450383401,-0.15466041182589868,-0.16046120122902782,-0.15662029760864044,0.3861117142498576,0.3986099126863768,0.3903662162117644,-0.268916893431761,-0.29202198066963336,-0.27661727518273627,-0.7736660715170718,-0.8182992792641184,-0.7886341338330163,0.09751254616601054,0.10148582320398991,0.09885340079650244,-1.4881201852553223e-15,6.2812403756466705e-18,-4.020922632280688e-15
142.741,"[0.06062, 0.0456, 0.3314535450383401]",0.0456,0.3314535450383401,-0.1551691531716069,-0.16046120122902782,-0.15687988753211118,0.38721647090413774,0.3986099126863768,0.3909249862689272,-0.27091444964664646,-0.29202198066963336,-0.2776530277560916,-0.7775500788406816,-0.8182992792641184,-0.7906333864372808,0.0978605820964763,0.10148582320398991,0.09903123461044283,2.8887197967699654e-15,6.2812403756466705e-18,-4.07092576223105e-15
142.76,"[0.06062, 0.0456, 0.3311532962444632]",0.0456,0.3311532962444632,-0.15534022660765773,-0.1607133886411421,-0.15713604119799318,0.3875873224408272,0.3991212219293997,0.39147455480829463,-0.2715883074619223,-0.2931307213861888,-0.2786809582969672,-0.778858409604078,-0.8203493968036069,-0.7926123731193154,0.09797764734777464,0.10166004768597386,0.09920679882821931,1.1467720648774527e-15,6.3716677387543915e-18,-4.1740212666281494e-15
142.78,"[0.06062, 0.0456, 0.3311532962444632]",0.0456,0.3311532962444632,-0.15563276218330332,-0.1607133886411421,-0.15713604119799318,0.38822147856853173,0.3991212219293997,0.39147455480829463,-0.2727406043263828,-0.2931307213861888,-0.2786809582969672,-0.7810956552097159,-0.8203493968036069,-0.7926123731193154,0.09817782892748841,0.10166004768597386,0.09920679882821931,6.0588224320281516e-15,6.3716677387543915e-18,-4.1740212666281494e-15
142.8,"[0.06062, 0.0456, 0.3311532962444632]",0.0456,0.3311532962444632,-0.1559183851960946,-0.1607133886411421,-0.15735475064489599,0.3888395630544701,0.3991212219293997,0.3919430623979563,-0.2738692715891958,-0.2931307213861888,-0.2795610303994466,-0.7832838316197495,-0.8203493968036069,-0.7943046090283378,0.0983733332084361,0.10166004768597386,0.09935673464073823,5.839539398456657e-15,6.3716677387543915e-18,-4.6325954079079815e-15
142.82,"[0.06062, 0.0456, 0.3308915226202712]",0.0456,0.3308915226202712,-0.15617161078114583,-0.1609325424556202,-0.15759365463306432,0.389387062247047,0.39956433765048655,0.3924537546614058,-0.27487149928231813,-0.29409770723973666,-0.28052581806972066,-0.7852254781027719,-0.8221345468591237,-0.7961567251458438,0.09854668525725495,0.10181148757513923,0.09952056294779614,5.316213495444944e-15,6.442879843177359e-18,-5.08120185842363e-15
142.84,"[0.06062, 0.0456, 0.3308915226202712]",0.0456,0.3308915226202712,-0.1564202977540757,-0.1609325424556202,-0.15781667370953326,0.38992377150245056,0.39956433765048655,0.3929301520454381,-0.27585898896998784,-0.29409770723973666,-0.2814275704574422,-0.7871357245975711,-0.8221345468591237,-0.7978868669067772,0.09871697747063016,0.10181148757513923,0.09967351440079358,4.377010732574066e-15,6.442879843177359e-18,-5.4154661069634996e-15
142.86,"[0.06062, 0.0456, 0.3306684825047269]",0.0456,0.3306684825047269,-0.15668560918561267,-0.16111874231885343,-0.15824182057975286,0.390494983805999,0.399939921960997,0.3938367780925457,-0.2769170194610417,-0.2949218565027491,-0.28315159645614363,-0.7891784416435402,-0.8236538997500731,-0.8011903283616068,0.09889871948716723,0.10194018247433122,0.09996516015706214,4.4699395439214925e-15,6.426810202928381e-18,-5.660484204556061e-15
142.88,"[0.06062, 0.0456, 0.3306684825047269]",0.0456,0.3306684825047269,-0.15696179794283832,-0.16111874231885343,-0.15843967850745846,0.39108840802490724,0.399939921960997,0.3942578889710422,-0.2780223921503682,-0.2949218565027491,-0.28395659557324837,-0.7913090840553878,-0.8236538997500731,-0.8027305130236236,0.09908797014997305,0.10194018247433122,0.100100925967864,1.0566375677891714e-15,6.426810202928381e-18,-5.5980846988249305e-15
142.9,"[0.06062, 0.0456, 0.3306684825047269]",0.0456,0.3306684825047269,-0.15722478803662257,-0.16111874231885343,-0.15862450522124533,0.39165270942598773,0.399939921960997,0.39465106711973347,-0.2790774408886334,-0.2949218565027491,-0.2847092234374672,-0.7933405389469964,-0.8236538997500731,-0.8041699403496946,0.09926821283220431,0.10194018247433122,0.10022775936997977,1.785994247007978e-15,6.426810202928381e-18,-5.704488765734878e-15
142.92,"[0.06062, 0.0456, 0.3304843960114964]",0.0456,0.3304843960114964,-0.15747409989746017,-0.16127205754770121,-0.15880501750393808,0.39218701135479617,0.40024854706417734,0.395034027618519,-0.2800797430735987,-0.29560224301655236,-0.2854476221084077,-0.7952685767613892,-0.8249067518817873,-0.8055792728530671,0.09943911166799449,0.10204616721316445,0.10035167857761834,2.3902227198193626e-15,6.461639065377673e-18,-5.845970303363883e-15
142.94,"[0.06062, 0.0456, 0.3304843960114964]",0.0456,0.3304843960114964,-0.15771072813724857,-0.16127205754770121,-0.15880501750393808,0.3926934780003922,0.40024854706417734,0.395034027618519,-0.28103318421829604,-0.29560224301655236,-0.2854476221084077,-0.7971007691007284,-0.8249067518817873,-0.8055792728530671,0.09960134665193807,0.10204616721316445,0.10035167857761834,2.7244953142328214e-15,6.461639065377673e-18,-5.845970303363883e-15
142.96,"[0.06062, 0.0456, 0.33033944481172345]",0.0456,0.33033944481172345,-0.15791864311691886,-0.1613925463585143,-0.15896488595636815,0.3931381824282027,0.40049069062935544,0.395372842712644,-0.2818719274260104,-0.29613809877738123,-0.2861027120124582,-0.7987116848209782,-0.8258925251497787,-0.8068286261514084,0.09974390971761704,0.1021294712910223,0.10046144229551074,5.799181327838597e-15,6.416630014406681e-18,-6.14105731764999e-15
142.98,"[0.06062, 0.0456, 0.33033944481172345]",0.0456,0.33033944481172345,-0.15811742925641414,-0.1613925463585143,-0.159125376759967,0.3935627678826247,0.40049069062935544,0.39571225109860464,-0.2826757765059188,-0.29613809877738123,-0.2867626703928186,-0.8002539036809865,-0.8258925251497787,-0.8080852741777005,0.09988024090721788,0.1021294712910223,0.10057166523111088,5.450904636064231e-15,6.416630014406681e-18,-6.3445396771632124e-15
143.0,"[0.06062, 0.0456, 0.33033944481172345]",0.0456,0.33033944481172345,-0.1583089392820891,-0.1613925463585143,-0.15927673579984006,0.3939711696940394,0.40049069062935544,0.3960321967317264,-0.2834522863529137,-0.29613809877738123,-0.28738556648308367,-0.8017418640825863,-0.8258925251497787,-0.80927093396789,0.100011611528558,0.1021294712910223,0.10067562351271339,5.001237964978252e-15,6.416630014406681e-18,-6.516863744157753e-15
143.02,"[0.06062, 0.0456, 0.3302337719547421]",0.0456,0.3302337719547421,-0.15849282062046186,-0.16148025522585607,-0.15942340880923533,0.3943627648315779,0.4006667319313378,0.3963416361373519,-0.2841996095861373,-0.296528816103727,-0.28799109681700985,-0.8031723873680191,-0.8266107664374206,-0.810421897949914,0.10013777380534729,0.10219011841324487,0.10077638967077708,4.633878989707488e-15,6.394606926998075e-18,-6.675480228024043e-15
143.04,"[0.06062, 0.0456, 0.3302337719547421]",0.0456,0.3302337719547421,-0.15866963237632886,-0.16148025522585607,-0.15969848753258334,0.3947387503800528,0.4006667319313378,0.3969216976932543,-0.28491999216849845,-0.296528816103727,-0.2891276415405907,-0.8045497943858035,-0.8266107664374206,-0.8125814249322428,0.10025911081957813,0.10219011841324487,0.10096538479190922,4.267927092016174e-15,6.394606926998075e-18,-7.070713548423576e-15
143.06,"[0.06062, 0.0456, 0.3301665581399488]",0.0456,0.3301665581399488,-0.1588527725504292,-0.16153598490342547,-0.1598232362360688,0.3951274841594203,0.40077848736209243,0.39718459595276173,-0.2856684502933359,-0.2967773646560137,-0.2896435861419167,-0.805978909467547,-0.8270674242694137,-0.8135613202430079,0.10038482298393563,0.10222865614825834,0.10105110174059796,1.6450061143810069e-15,6.388588272420402e-18,-7.063937833570588e-15
143.08,"[0.06062, 0.0456, 0.3301665581399488]",0.0456,0.3301665581399488,-0.159025933267387,-0.16153598490342547,-0.1599497558709432,0.3954946745571757,0.40077848736209243,0.39745093494248096,-0.28637729109895804,-0.2967773646560137,-0.29016778009518185,-0.807331376944144,-0.8270674242694137,-0.8145560945698033,0.10050370142211736,0.10222865614825834,0.10113804808421295,1.8707165694815373e-15,6.388588272420402e-18,-7.25024038793555e-15
143.1,"[0.06062, 0.0456, 0.3301665581399488]",0.0456,0.3301665581399488,-0.15920145956206241,-0.16153598490342547,-0.1601774571511131,0.3958663640307585,0.40077848736209243,0.39792996100092837,-0.2870974840167673,-0.2967773646560137,-0.2911121949322674,-0.8087040733002558,-0.8270674242694137,-0.8163474778912483,0.1006242272877126,0.10222865614825834,0.10129454219013205,2.2599256337647286e-15,6.388588272420402e-18,-7.38255818197711e-15
143.12,"[0.06062, 0.0456, 0.33014063954866096]",0.0456,0.33014063954866096,-0.15937669590793918,-0.16155745718168507,-0.1602801480802599,0.3962369828073141,0.40082151428336404,0.3981457629609508,-0.2878179593027516,-0.29687321612401757,-0.29153886393276324,-0.810076048042343,-0.8272434626513325,-0.8171561572997045,0.10074457467200554,0.10224350538946898,0.10136512972197341,6.579990345815503e-16,6.398262940799498e-18,-7.362189294584104e-15
143.14,"[0.06062, 0.0456, 0.33014063954866096]",0.0456,0.33014063954866096,-0.1595391096370567,-0.16155745718168507,-0.1603749570389495,0.39658022886047745,0.40082151428336404,0.39834491693160473,-0.28848653098094684,-0.29687321612401757,-0.29193305542156806,-0.811348487661718,-0.8272434626513325,-0.8179030517841842,0.10085612725342959,0.10224350538946898,0.10143030314309558,1.2569137241253673e-15,6.398262940799498e-18,-7.441913329419858e-15
143.16,"[0.06062, 0.0456, 0.330153271910002]",0.0456,0.330153271910002,-0.15968938783713418,-0.16154698112093688,-0.1603749570389495,0.39689759573700667,0.4008005003555922,0.39834491693160473,-0.2891058933992123,-0.2968264984959111,-0.29193305542156806,-0.81252663434862,-0.8271576343948964,-0.8179030517841842,0.1009593550643605,0.10223626118915533,0.10143030314309558,1.6770537753469631e-15,6.39335035267036e-18,-7.441913329419858e-15
143.18,"[0.06062, 0.0456, 0.330153271910002]",0.0456,0.330153271910002,-0.1598196459854785,-0.16154698112093688,-0.16045634890513027,0.3971725867643477,0.4008005003555922,0.39851580510548756,-0.28964305419206327,-0.2968264984959111,-0.292271727860423,-0.8135481536686548,-0.8271576343948964,-0.8185445279445602,0.10104883519911399,0.10223626118915533,0.10148625718836374,3.441729962641941e-15,6.39335035267036e-18,-7.625760446413547e-15
143.2,"[0.06062, 0.0456, 0.330153271910002]",0.0456,0.330153271910002,-0.15994061954021208,-0.16154698112093688,-0.1605345963999516,0.39742779824953817,0.4008005003555922,0.3986800676592365,-0.290142502197595,-0.2968264984959111,-0.2925973931267479,-0.8144974647883105,-0.8271576343948964,-0.8191613027193095,0.10113194537686597,0.10223626118915533,0.1015400506604724,3.2972437601256604e-15,6.39335035267036e-18,-7.758042183121973e-15
143.22,"[0.06062, 0.0456, 0.33020536634431175]",0.0456,0.33020536634431175,-0.16005347514356258,-0.161503785326683,-0.16060083178024162,0.3976657294377551,0.40071386740502335,0.3988192307817643,-0.29060893148267763,-0.296633842687815,-0.2928726943702634,-0.8153835940024323,-0.8268037043598816,-0.8196830092482614,0.10120948538054535,0.1022063909419974,0.10158558119142225,3.069706695415036e-15,6.381410450014102e-18,-7.927057797114336e-15
143.24,"[0.06062, 0.0456, 0.33020536634431175]",0.0456,0.33020536634431175,-0.1601515117203053,-0.161503785326683,-0.16073454967303502,0.39787237001246406,0.40071386740502335,0.39910019715375233,-0.2910142693279421,-0.296633842687815,-0.2934284163038642,-0.8161535293187616,-0.8268037043598816,-0.8207361779396313,0.1012768458366204,0.1022063909419974,0.10167749863287721,2.6957746902634685e-15,6.381410450014102e-18,-8.22656945458637e-15
143.26,"[0.06062, 0.0456, 0.3302968714406729]",0.0456,0.3302968714406729,-0.16025637372916748,-0.16142785301348894,-0.16078933385471567,0.3980932287512447,0.4005614742294375,0.39921562728574816,-0.2914483723898482,-0.29629545937850005,-0.29365508240067245,-0.816977642332739,-0.8261818410477451,-0.8211666044318724,0.10134890374390298,0.10215388606391748,0.10171514353569858,1.3075185352654776e-15,6.408911096049134e-18,-8.241267822215928e-15
143.28,"[0.06062, 0.0456, 0.3302968714406729]",0.0456,0.3302968714406729,-0.1603527055766701,-0.16142785301348894,-0.16083946640983893,0.3982960957612937,0.4005614742294375,0.39932126255936895,-0.29184724735174616,-0.29629545937850005,-0.29386248422990036,-0.8177348067545063,-0.8261818410477451,-0.8215604655194837,0.1014151012628833,0.10215388606391748,0.10174959187068032,1.3901315966225726e-15,6.408911096049134e-18,-8.30982252047595e-15
143.3,"[0.06062, 0.0456, 0.33042769689460283]",0.0456,0.33042769689460283,-0.16048055702549352,-0.1613191545007162,-0.16083946640983893,0.39856535950693944,0.4003430743991374,0.39932126255936895,-0.29237657700977765,-0.2958117230073645,-0.29386248422990036,-0.8187396575420458,-0.8252923364244925,-0.8215604655194837,0.10150295790216687,0.10207873135878577,0.10174959187068032,1.8097852747495905e-15,6.388743378559518e-18,-8.30982252047595e-15
143.32,"[0.06062, 0.0456, 0.33042769689460283]",0.0456,0.33042769689460283,-0.16051644796392797,-0.1613191545007162,-0.16087668345514916,0.3986409498123772,0.4003430743991374,0.39940022280240145,-0.29252516773630777,-0.2958117230073645,-0.2940147294180733,-0.8190217383436061,-0.8252923364244925,-0.8218510588109906,0.10152762129890877,0.10207873135878577,0.10177514199294999,2.112786496952594e-15,6.388743378559518e-18,-8.414587375164074e-15
143.34,"[0.06062, 0.0456, 0.33042769689460283]",0.0456,0.33042769689460283,-0.1605848927072597,-0.1613191545007162,-0.16091218015763278,0.3987852116808548,0.4003430743991374,0.399475554692089,-0.2928081844644009,-0.2958117230073645,-0.29415986851987846,-0.8195593092396405,-0.8252923364244925,-0.8221281481302759,0.10157465023056884,0.10207873135878577,0.10179951015176422,1.91922811148723e-15,6.388743378559518e-18,-8.494588930273988e-15
143.36,"[0.06062, 0.0456, 0.3305977135971734]",0.0456,0.3305977135971734,-0.16064707732283032,-0.16117764779555765,-0.16093521051719079,0.3989163768533625,0.4000583191554516,0.39952527544587374,-0.29306500444349776,-0.2951831706949461,-0.29425132233568047,-0.8200473886360904,-0.8241356068197655,-0.8223050948694685,0.1016173736153881,0.10198090541994728,0.10181528326308704,1.6656010225383474e-15,6.393042115909918e-18,-8.576867155965092e-15
143.38,"[0.06062, 0.0456, 0.3305977135971734]",0.0456,0.3305977135971734,-0.16069974989739821,-0.16117764779555765,-0.1609570239387479,0.3990275927184721,0.4000583191554516,0.3995724175146617,-0.29328217400814893,-0.2951831706949461,-0.29433778803426947,-0.8204604276211351,-0.8241356068197655,-0.8224725293878292,0.10165355686822371,0.10198090541994728,0.10183022079960419,1.4601382056393093e-15,6.393042115909918e-18,-8.642339513086876e-15
143.4,"[0.06062, 0.0456, 0.3305977135971734]",0.0456,0.3305977135971734,-0.16074666875731447,-0.16117764779555765,-0.16097679096717338,0.39912686664393054,0.4000583191554516,0.39961522052053144,-0.2934749587687952,-0.2951831706949461,-0.2944158746875951,-0.8208276578573822,-0.8241356068197655,-0.8226239775643418,0.10168577863669132,0.10198090541994728,0.10184375336374586,1.1992830660671185e-15,6.393042115909918e-18,-8.692381051202542e-15
143.42,"[0.06062, 0.0456, 0.3308067537624254]",0.0456,0.3308067537624254,-0.16078861294462937,-0.16100327907904094,-0.16097679096717338,0.3992158016103299,0.39970676019765095,0.39961522052053144,-0.29364670500312323,-0.29441050071322356,-0.2944158746875951,-0.8211553282730439,-0.8227121932615116,-0.8226239775643418,0.1017145759038506,0.10186038098102353,0.10184375336374586,9.267073757497077e-16,6.3739020873905706e-18,-8.692381051202542e-15
143.44,"[0.06062, 0.0456, 0.3308067537624254]",0.0456,0.3308067537624254,-0.16082436676891276,-0.16100327907904094,-0.16099352441831755,0.39929169120364116,0.39970676019765095,0.39965427441502815,-0.2937928472517387,-0.29441050071322356,-0.29447289340397,-0.8214343716456235,-0.8227121932615116,-0.8227427088898577,0.10173911962102203,0.10186038098102353,0.1018550845319299,9.544059223310639e-16,6.3739020873905706e-18,-8.775877002867714e-15
143.46,"[0.06062, 0.0456, 0.3310546110929536]",0.0456,0.3310546110929536,-0.16085582383524,-0.16079598332736755,-0.16098934031050452,0.3993589735931817,0.39928785327211536,0.3996481702617608,-0.29391977623459686,-0.29349457051068584,-0.29444681804011225,-0.8216781594812534,-0.8210227619117786,-0.822700695288999,0.10176069117740313,0.10171712536424068,0.10185208870664052,6.178926614978372e-16,6.3782056964536e-18,-8.794731758799772e-15
143.48,"[0.06062, 0.0456, 0.3310546110929536]",0.0456,0.3310546110929536,-0.1608815685352432,-0.16079598332736755,-0.1609840798106395,0.39941447033437805,0.39928785327211536,0.3996397256988003,-0.2940222609689577,-0.29349457051068584,-0.29441652253267475,-0.8218762225160341,-0.8210227619117786,-0.8226504681722903,0.1017783263320255,0.10171712536424068,0.10184835644113902,6.058102040674414e-16,6.3782056964536e-18,-8.823464135771352e-15
143.5,"[0.06062, 0.0456, 0.3310546110929536]",0.0456,0.3310546110929536,-0.16090151912255626,-0.16079598332736755,-0.1609840798106395,0.3994580288646578,0.39928785327211536,0.3996397256988003,-0.29409989727029584,-0.29349457051068584,-0.29441652253267475,-0.8220278496384557,-0.8210227619117786,-0.8226504681722903,0.10179196795644342,0.10171712536424068,0.10184835644113902,5.054584025460937e-16,6.3782056964536e-18,-8.823464135771352e-15
143.523,"[0.06062, 0.0456, 0.3313410409834968]",0.0456,0.3313410409834968,-0.1609220173772194,-0.16055568506368814,-0.1609653228925674,0.3995036624493926,0.39880096253674424,0.39960366312030826,-0.29417681834022186,-0.2924363943091025,-0.2943276786487365,-0.8221806704096801,-0.8190681045996321,-0.8224913795547247,0.10180594475923661,0.1015511010225361,0.1018353116785256,4.2973620493666453e-16,6.505256085771597e-18,-8.832861640473027e-15
143.54,"[0.06062, 0.0456, 0.3313410409834968]",0.0456,0.3313410409834968,-0.16092634792875435,-0.16055568506368814,-0.16094650579982464,0.39951366251668124,0.39880096253674424,0.3995674095622239,-0.2941919043755723,-0.2924363943091025,-0.29423879361841765,-0.8222117413279837,-0.8190681045996321,-0.8223320349109815,0.10180888145105574,0.1015511010225361,0.10182222843698939,2.202615147387785e-16,6.505256085771597e-18,-8.85570477608388e-15
143.56,"[0.06062, 0.0456, 0.3316657607623342]",0.0456,0.3316657607623342,-0.1609301779242574,-0.1602822992344793,-0.1609137922780856,0.39952387445570736,0.39824536566808627,0.3995027010136143,-0.29420081334027376,-0.2912371402924832,-0.29408964289657774,-0.8222345971159806,-0.8168491394464875,-0.822060621582875,0.10181141737817426,0.10136226617095716,0.10179955617680272,1.1665829932236391e-16,6.573284674411007e-18,-8.850405024632172e-15
143.58,"[0.06062, 0.0456, 0.3316657607623342]",0.0456,0.3316657607623342,-0.16092838720940553,-0.1602822992344793,-0.1609137922780856,0.3995233778458697,0.39824536566808627,0.3995027010136143,-0.2941827673707088,-0.2912371402924832,-0.29408964289657774,-0.8222094342363928,-0.8168491394464875,-0.822060621582875,0.10181003944537985,0.10136226617095716,0.10179955617680272,-4.2315012622668254e-17,6.573284674411007e-18,-8.850405024632172e-15
143.6,"[0.06062, 0.0456, 0.3316657607623342]",0.0456,0.3316657607623342,-0.16092692771627373,-0.1602822992344793,-0.16088152804935157,0.39952131016284204,0.39824536566808627,0.3994387630927965,-0.2941734549277897,-0.2912371402924832,-0.293942923583271,-0.8221945529748375,-0.8168491394464875,-0.8217933352849026,0.10180899111841242,0.10136226617095716,0.10177720060144703,-3.1743283177390653e-16,6.573284674411007e-18,-8.841661261523832e-15
143.62,"[0.06062, 0.0456, 0.33202844997024805]",0.0456,0.33202844997024805,-0.16092120556014422,-0.15997573220381797,-0.16088152804935157,0.3995113806327795,0.39762025967347936,0.3994387630927965,-0.2941428587190941,-0.2898981274119662,-0.293942923583271,-0.822142377387798,-0.8143669115784895,-0.8217933352849026,0.10180496292176204,0.10115057550218261,0.10177720060144703,-1.9250845537491268e-16,6.6032510682896365e-18,-8.841661261523832e-15
143.64,"[0.06062, 0.0456, 0.33202844997024805]",0.0456,0.33202844997024805,-0.16091366683309385,-0.15997573220381797,-0.1608345077067429,0.39949758330055907,0.39762025967347936,0.3993446229491071,-0.29410487105182237,-0.2898981274119662,-0.29373211839231544,-0.8220760593954588,-0.8143669115784895,-0.8214069520083316,0.1017996880806938,0.10115057550218261,0.10174466062699185,-7.691065779215913e-16,6.6032510682896365e-18,-8.826026880646816e-15
143.66,"[0.06062, 0.0456, 0.332428750676778]",0.0456,0.332428750676778,-0.1608986265990869,-0.15963588285808453,-0.1607721758317209,0.3994685208341557,0.3969247673657849,0.39921895940152025,-0.29403404805508193,-0.28842082183334733,-0.29345535266539663,-0.8219489289991355,-0.8116225939201065,-0.82089755019914,0.10178923286428156,0.10091598098040282,0.10170155927176983,-5.290012247870792e-16,6.693547176899377e-18,-8.787107827146691e-15
143.681,"[0.06062, 0.0456, 0.332428750676778]",0.0456,0.332428750676778,-0.16086940732300734,-0.15963588285808453,-0.16071065802891055,0.39941106843379875,0.3969247673657849,0.39909494295494574,-0.2938996396405639,-0.28842082183334733,-0.29318218192251094,-0.8217052669011886,-0.8116225939201065,-0.8203947808291729,0.10176896453018625,0.10091598098040282,0.10165902055103856,-4.617560787036626e-16,6.693547176899377e-18,-8.803757638170022e-15
143.7,"[0.06062, 0.0456, 0.332428750676778]",0.0456,0.332428750676778,-0.16083924495712867,-0.15963588285808453,-0.16071065802891055,0.39935100459318945,0.3969247673657849,0.39909494295494574,-0.2937633226826963,-0.28842082183334733,-0.29318218192251094,-0.8214562745547352,-0.8116225939201065,-0.8203947808291729,0.1017480751739396,0.10091598098040282,0.10165902055103856,-3.0392638321016823e-16,6.693547176899377e-18,-8.803757638170022e-15
143.72,"[0.06062, 0.0456, 0.3328662678334557]",0.0456,0.3328662678334557,-0.160826386264307,-0.15926264381296057,-0.1606333057527144,0.39932539842956427,0.39615794445407426,0.39893822510078714,-0.2937052086111602,-0.2868068330565572,-0.2928410606617416,-0.8213501251859685,-0.8086174880627516,-0.8197650662195823,0.10173916971154018,0.10065843270727401,0.1016055622192298,-7.705462899864348e-16,6.645419914317182e-18,-8.779093316389569e-15
143.74,"[0.06062, 0.0456, 0.3328662678334557]",0.0456,0.3328662678334557,-0.16078970096710404,-0.15926264381296057,-0.16055878427472986,0.39925183549746884,0.39615794445407426,0.39878719471377955,-0.29354102050933817,-0.2868068330565572,-0.2925125736826293,-0.8210489639895892,-0.8086174880627516,-0.8191585538184206,0.1017137842877927,0.10065843270727401,0.10155406226122232,-3.937809392975113e-16,6.645419914317182e-18,-8.75530016054517e-15
143.76,"[0.06062, 0.0456, 0.33334056966366954]",0.0456,0.33334056966366954,-0.16075253372857093,-0.15885590271405614,-0.16055878427472986,0.39917714648377073,0.39531878719996316,0.39878719471377955,-0.2933751794489534,-0.285057909738665,-0.2925125736826293,-0.8207443721804075,-0.8053530252021331,-0.8191585538184206,0.10168807209875651,0.10037787985323475,0.10155406226122232,-6.8199682189688355e-18,6.636205218357685e-18,-8.75530016054517e-15
143.78,"[0.06062, 0.0456, 0.33334056966366954]",0.0456,0.33334056966366954,-0.16071572133234158,-0.15885590271405614,-0.16046702164371618,0.3991030556478527,0.39531878719996316,0.3986004478754345,-0.2932112843618565,-0.285057909738665,-0.2921103911240807,-0.8204430666988249,-0.8053530252021331,-0.8184141235761957,0.10166261022941786,0.10037787985323475,0.10149067554982316,-1.1457201403063671e-15,6.636205218357685e-18,-8.715257862993229e-15
143.8,"[0.06062, 0.0456, 0.33334056966366954]",0.0456,0.33334056966366954,-0.1606684683915023,-0.15885590271405614,-0.1603768965751263,0.3990075601714662,0.39531878719996316,0.39841701955596864,-0.2930021146552445,-0.285057909738665,-0.29171542893902974,-0.8200575675127602,-0.8053530252021331,-0.8176830232163547,0.10162994264008676,0.10037787985323475,0.10142842056686796,-6.334484915947741e-16,6.636205218357685e-18,-8.740129297165427e-15
143.82,"[0.06062, 0.0456, 0.3338511880887763]",0.0456,0.3338511880887763,-0.1606130697463904,-0.15841554362207527,-0.16026761929625,0.39889535745489546,0.39440624058617657,0.39819377254333643,-0.2927576443777195,-0.28317593525380985,-0.2912390005989895,-0.8196064041036726,-0.8018307671379962,-0.8167991340573694,0.10159165344596735,0.10007427164713173,0.101352965675973,-4.046145042454212e-16,6.726070560734466e-18,-8.772673401022359e-15
143.84,"[0.06062, 0.0456, 0.3338511880887763]",0.0456,0.3338511880887763,-0.16055726911596188,-0.15841554362207527,-0.1601635282876578,0.39878214855320776,0.39440624058617657,0.39798105005489287,-0.29251198061894096,-0.28317593525380985,-0.2907853969309392,-0.8191525728264282,-0.8018307671379962,-0.815957416907975,0.10155309370964095,0.10007427164713173,0.10128109453167694,3.036471785639868e-16,6.726070560734466e-18,-8.785533453726974e-15
143.86,"[0.06062, 0.0456, 0.3343976191900381]",0.0456,0.3343976191900381,-0.16049182654935684,-0.1579414484731491,-0.1600591096404635,0.39864908486286066,0.3934192069414378,0.39776767270241553,-0.29222475405690745,-0.28116292302493046,-0.2903303210229526,-0.8186212477526036,-0.7980524073301577,-0.8151130039384834,0.1015078822686068,0.09974755841686607,0.101208996605509,5.9146653458611e-16,6.891240862622567e-18,-8.728924862065798e-15
143.88,"[0.06062, 0.0456, 0.3343976191900381]",0.0456,0.3343976191900381,-0.1604096103366668,-0.1579414484731491,-0.15993992710150134,0.39848161655275194,0.3934192069414378,0.39752315617759426,-0.2918648117889941,-0.28116292302493046,-0.2898137356691634,-0.8179546814351422,-0.7980524073301577,-0.8141521588760495,0.10145109399241123,0.09974755841686607,0.10112673861698715,3.3504599873981883e-16,6.891240862622567e-18,-8.77368147954424e-15
143.9,"[0.06062, 0.0456, 0.3343976191900381]",0.0456,0.3343976191900381,-0.1603310969504915,-0.1579414484731491,-0.15982347832279478,0.39832151556907924,0.3934192069414378,0.39728422594022944,-0.2915216000166256,-0.28116292302493046,-0.2893090656547367,-0.8173186782117702,-0.7980524073301577,-0.813213422326469,0.10139686968984056,0.09974755841686607,0.10104636823530638,6.619246053874703e-16,6.891240862622567e-18,-8.819813718671069e-15
143.92,"[0.06062, 0.0456, 0.3349793237059293]",0.0456,0.3349793237059293,-0.16024512980131247,-0.15743349860481332,-0.15982347832279478,0.39814593426133504,0.3923565549639012,0.39728422594022944,-0.29114663879771246,-0.2790210116631924,-0.2893090656547367,-0.8166231658902566,-0.7940197720051052,-0.813213422326469,0.10133750774762375,0.09939769267362646,0.10104636823530638,7.262103132208707e-16,7.067583844788421e-18,-8.819813718671069e-15
143.94,"[0.06062, 0.0456, 0.3349793237059293]",0.0456,0.3349793237059293,-0.16016501602039482,-0.15743349860481332,-0.1596896864013165,0.39798220968071074,0.3923565549639012,0.3970086279307096,-0.29079749990899867,-0.2790210116631924,-0.2887323877285874,-0.815975314620307,-0.7940197720051052,-0.8121381725357645,0.10128219124007883,0.09939769267362646,0.1009540657230395,-1.3664589321348565e-15,7.067583844788421e-18,-8.761769597524383e-15
143.96,"[0.06062, 0.0456, 0.33559572756432293]",0.0456,0.33559572756432293,-0.16007470339276952,-0.15689157633807985,-0.1595587957027102,0.39779722914858606,0.3912171290840769,0.3967389818274831,-0.29040512860326156,-0.27675245995163245,-0.2881682862231059,-0.8152462576314735,-0.7897348213079642,-0.8110863136789722,0.10121984739163536,0.099024630232236,0.10086376561518258,-9.096858579093204e-16,7.201165005105357e-18,-8.789273585562946e-15
143.98,"[0.06062, 0.0456, 0.33559572756432293]",0.0456,0.33559572756432293,-0.15997668093165793,-0.15689157633807985,-0.15940968300239117,0.3975961621579532,0.3912171290840769,0.3964305729689879,-0.28998012855956157,-0.27675245995163245,-0.28752921633322864,-0.8144558682877225,-0.7897348213079642,-0.8098917449551744,0.10115219185390388,0.099024630232236,0.10076093713480075,-7.386792028923064e-16,7.201165005105357e-18,-8.721004150888961e-15
144.0,"[0.06062, 0.0456, 0.33559572756432293]",0.0456,0.33559572756432293,-0.15988237146812534,-0.15689157633807985,-0.15926379189201398,0.39740245700968857,0.3912171290840769,0.39612879927289324,-0.2895719715352009,-0.27675245995163245,-0.2869040355484246,-0.8136961960469223,-0.7897348213079642,-0.8087230706190816,0.10108710802030303,0.099024630232236,0.10066033125824637,5.229008370363751e-17,7.201165005105357e-18,-8.748689473127529e-15
144.02,"[0.06062, 0.0456, 0.33624622244903]",0.0456,0.33624622244903,-0.15977797154859769,-0.15631556660617082,-0.15909456805925698,0.3971876216727214,0.3899997591075746,0.39577742314710124,-0.28912132997688555,-0.27435964170976296,-0.2861827731518265,-0.8128564829131159,-0.7851996504953739,-0.8073715720889683,0.10101507496419711,0.0986283313601915,0.10054368253438808,4.481497525330721e-16,7.254721564186915e-18,-8.786317530074928e-15
144.041,"[0.06062, 0.0456, 0.33624622244903]",0.0456,0.33624622244903,-0.1596633550305708,-0.15631556660617082,-0.15893144873152845,0.39695130780454935,0.3899997591075746,0.39543864854503513,-0.2886279178043642,-0.27435964170976296,-0.2854877450287024,-0.8119359847314793,-0.7851996504953739,-0.8060690525061113,0.10093600878747581,0.0986283313601915,0.10043124435218917,1.008744183652127e-15,7.254721564186915e-18,-8.85703483022294e-15
144.06,"[0.06062, 0.0456, 0.33693016640013457]",0.0456,0.33693016640013457,-0.15955528550602216,-0.1557053586207181,-0.15893144873152845,0.3967282697200245,0.38870327007796673,0.39543864854503513,-0.28816334032879154,-0.2718450405757056,-0.2854877450287024,-0.8110687463365549,-0.7804164911656823,-0.8060690525061113,0.10086146679918702,0.09820876194812994,0.10043124435218917,-1.6373195230356131e-15,7.312763193841872e-18,-8.85703483022294e-15
144.08,"[0.06062, 0.0456, 0.33693016640013457]",0.0456,0.33693016640013457,-0.15943675651886804,-0.1557053586207181,-0.15874831552656535,0.3964832416971542,0.38870327007796673,0.3950567398967301,-0.2876549772302923,-0.2718450405757056,-0.2847120304021201,-0.8101188045159973,-0.7804164911656823,-0.8046115243339234,0.10077972453405377,0.09820876194812994,0.10030506681297303,-1.1813138471077623e-15,7.312763193841872e-18,-8.83801048264741e-15
144.1,"[0.06062, 0.0456, 0.3376468844475303]",0.0456,0.3376468844475303,-0.1593059527303303,-0.1557053586207181,-0.15839244982125567,0.3962122063554515,0.38870327007796673,0.3943145224777834,-0.28709581734145706,-0.2718450405757056,-0.28320491934847974,-0.8090724212886329,-0.7804164911656823,-0.8017795206414992,0.10068953956684518,0.09820876194812994,0.10005988095361996,-6.996703676677985e-16,7.312763193841872e-18,-8.812884894328712e-15
144.12,"[0.06062, 0.0456, 0.3376468844475303]",0.0456,0.3376468844475303,-0.15914836521382855,-0.15506084756659147,-0.15819374531525962,0.39588497124594024,0.38732649230062766,0.39389837447338266,-0.2864242147166092,-0.2692112447418603,-0.28236844342988043,-0.8078139245995071,-0.7753877125238617,-0.8002035043090682,0.1005809130464958,0.09776589469469248,0.09992303939752727,2.46462007658413e-15,7.162897215545012e-18,-9.042511359295324e-15
144.14,"[0.06062, 0.0456, 0.3376468844475303]",0.0456,0.3376468844475303,-0.15898487083864002,-0.15506084756659147,-0.1580036431212358,0.39554497117992915,0.38732649230062766,0.39350013257424576,-0.2857289010133121,-0.2692112447418603,-0.281568502204572,-0.8065097862214705,-0.7753877125238617,-0.7986960538888647,0.10046823279303795,0.09776589469469248,0.09979212594527695,2.244503562592538e-15,7.162897215545012e-18,-9.154147835517828e-15
144.16,"[0.06062, 0.0456, 0.33839566927703507]",0.0456,0.33839566927703507,-0.15881554676979515,-0.15438193631700153,-0.15778829476166595,0.3951922936161521,0.38586827146955344,0.3930471189664542,-0.2850104199584198,-0.266460941679239,-0.2806679014614765,-0.8051608476233139,-0.7701158226797306,-0.7969942530531103,0.10035155470246453,0.09729971029909049,0.09964389715519804,1.7655419114363257e-15,7.167932370304943e-18,-9.225342484520586e-15
144.18,"[0.06062, 0.0456, 0.33839566927703507]",0.0456,0.33839566927703507,-0.15863975024061175,-0.15438193631700153,-0.15778829476166595,0.3948254816577905,0.38586827146955344,0.3930471189664542,-0.28426639551937727,-0.266460941679239,-0.2806679014614765,-0.8037623567374218,-0.7701158226797306,-0.7969942530531103,0.10023044035939001,0.09729971029909049,0.09964389715519804,1.6999187318029472e-15,7.167932370304943e-18,-9.225342484520586e-15
144.2,"[0.06062, 0.0456, 0.33839566927703507]",0.0456,0.33839566927703507,-0.1584779736996134,-0.15438193631700153,-0.15758920575229468,0.3944875927468342,0.38586827146955344,0.3926280696853617,-0.283582681656709,-0.266460941679239,-0.2798360033389182,-0.8024764170445225,-0.7701158226797306,-0.7954216808942773,0.10011899715039592,0.09729971029909049,0.09950686879345727,-2.1129090343848514e-15,7.167932370304943e-18,-9.128921944434554e-15
144.22,"[0.06062, 0.0456, 0.3391757819284238]",0.0456,0.3391757819284238,-0.15830910778962293,-0.1536685371610995,-0.15735961718161723,0.39413428336553724,0.384327478840805,0.39214282127202305,-0.2828708127847928,-0.2635969128843356,-0.27888263305284533,-0.8011360171831882,-0.7646034699792593,-0.7936144617910272,0.10000269276237819,0.09681019865507812,0.09934892506541514,-1.9603753954534055e-15,6.962500741980914e-18,-9.12286841002117e-15
144.24,"[0.06062, 0.0456, 0.3391757819284238]",0.0456,0.3391757819284238,-0.15812870457410183,-0.1536685371610995,-0.15713888785936192,0.3937559055681515,0.384327478840805,0.3916761624010526,-0.28211305864419245,-0.2635969128843356,-0.27796645064936,-0.7997069216658964,-0.7646034699792593,-0.7918773977049621,0.09987847689975625,0.09681019865507812,0.0991970810391875,-1.5434800360734068e-15,6.962500741980914e-18,-9.163094188678602e-15
144.26,"[0.06062, 0.0456, 0.3399864525246939]",0.0456,0.3399864525246939,-0.15794063939830122,-0.1529205735369823,-0.15692771947944098,0.39336075436678664,0.3827030213983859,0.3912296044547329,-0.2813252031336259,-0.2606220286809147,-0.2770902859483161,-0.7982193121205289,-0.7588534443701292,-0.7902159240205529,0.09974901168605009,0.09629736004052282,0.09905181837464347,-1.4995634512949262e-15,6.878731314428441e-18,-9.19522989773693e-15
144.28,"[0.06062, 0.0456, 0.3399864525246939]",0.0456,0.3399864525246939,-0.15766613810029073,-0.1529205735369823,-0.15669664078967002,0.3927832127411773,0.3827030213983859,0.3907386273833487,-0.2801775405883678,-0.2606220286809147,-0.2761384629408493,-0.7960503939556625,-0.7588534443701292,-0.7884050954979553,0.09956007229837896,0.09629736004052282,0.09889295032280061,-3.3857456339592695e-15,6.878731314428441e-18,-9.031606079446193e-15
144.3,"[0.06062, 0.0456, 0.3399864525246939]",0.0456,0.3399864525246939,-0.1575691883692281,-0.1529205735369823,-0.15647117283780035,0.39257875420558686,0.3827030213983859,0.3902595061726657,-0.2797736328281513,-0.2606220286809147,-0.27520994589813963,-0.7952858641137505,-0.7588534443701292,-0.7866384397304831,0.09949336010071602,0.09629736004052282,0.09873794220039211,-9.109318230459403e-16,6.878731314428441e-18,-9.008125672966938e-15
144.32,"[0.06062, 0.0456, 0.3408268810318402]",0.0456,0.3408268810318402,-0.15728988906431304,-0.15213798176377422,-0.15621608450562263,0.3919890468072876,0.380993851960944,0.38971502858324175,-0.2786120835625389,-0.2575392431072925,-0.27416676335396983,-0.7930855112332871,-0.7528686788040673,-0.7846473836748351,0.09930119750736495,0.09576120629729899,0.09856266794715578,-2.4530600103472014e-15,6.806064634531416e-18,-8.997338326159225e-15
144.34,"[0.06062, 0.0456, 0.3408268810318402]",0.0456,0.3408268810318402,-0.15718250860844354,-0.15213798176377422,-0.15597126955309176,0.3917616449850753,0.380993851960944,0.3891923140864838,-0.27816755154621886,-0.2575392431072925,-0.2731660898318083,-0.7922416984813057,-0.7528686788040673,-0.7827370359218431,0.09922734455123948,0.09576120629729899,0.09839445914676388,1.5003893264928306e-16,6.806064634531416e-18,-9.028799250432754e-15
144.36,"[0.06062, 0.0456, 0.34169623804839233]",0.0456,0.34169623804839233,-0.1569744065336544,-0.15132071276729947,-0.15597126955309176,0.391320516419436,0.37919897918068024,0.3891923140864838,-0.27730733444591077,-0.25435158891770265,-0.2731660898318083,-0.7906077438999938,-0.7466522506799758,-0.7827370359218431,0.09908423511622938,0.09520176199683068,0.09839445914676388,3.283586397399288e-16,6.647025178241352e-18,-9.028799250432754e-15
144.38,"[0.06062, 0.0456, 0.34169623804839233]",0.0456,0.34169623804839233,-0.15667591708792586,-0.15132071276729947,-0.15570487631312738,0.390686620581016,0.37919897918068024,0.38862078401902406,-0.27607700891799203,-0.25435158891770265,-0.2720856073372146,-0.7882677921401224,-0.7466522506799758,-0.7806671368413766,0.09887901375732588,0.09520176199683068,0.09821153843773937,-7.469372997895847e-16,6.647025178241352e-18,-8.867027727099076e-15
144.4,"[0.06062, 0.0456, 0.34169623804839233]",0.0456,0.34169623804839233,-0.15657881301044646,-0.15132071276729947,-0.155444815885744,0.3904800369250297,0.37919897918068024,0.3880627584782277,-0.27567786876425276,-0.25435158891770265,-0.27103105952983186,-0.7875077266139815,-0.7466522506799758,-0.7786467059909546,0.09881226622526701,0.09520176199683068,0.09803296952050679,-2.7460511733624063e-15,6.647025178241352e-18,-8.863409063193159e-15
144.42,"[0.06062, 0.0456, 0.3425936656239337]",0.0456,0.3425936656239337,-0.15636335355675315,-0.15046873379475756,-0.15516152547119544,0.3900207540205252,0.3773174773891724,0.3874519637031344,-0.27479497501811273,-0.25106217272412207,-0.2698913547739164,-0.7858241327028109,-0.7402073833333129,-0.7764553226579152,0.09866419985116995,0.09461906558724922,0.09783857564153425,-2.3034306779853012e-15,6.7375290142612665e-18,-8.695980689813735e-15
144.44,"[0.06062, 0.0456, 0.3425936656239337]",0.0456,0.3425936656239337,-0.15606060466914584,-0.15046873379475756,-0.1548848114272075,0.3893740862218542,0.3773174773891724,0.38685526306155543,-0.2735584100290835,-0.25106217272412207,-0.26877836753532375,-0.7834626872408604,-0.7402073833333129,-0.77431508432249,0.09845620159428284,0.09461906558724922,0.09764869800981528,-2.8890469773622795e-15,6.7375290142612665e-18,-8.697630822857021e-15
144.46,"[0.06062, 0.0456, 0.34351827810579494]",0.0456,0.34351827810579494,-0.15594302534495164,-0.14958203011476637,-0.1545748974487628,0.38912220390601826,0.37534849624843153,0.38618398702755885,-0.2730804057842262,-0.2476741703025985,-0.2675411900333997,-0.7825479269528872,-0.7335374475786889,-0.7719279185982417,0.09837545123573375,0.0940131705188044,0.09743617221742402,-8.294299537156405e-17,6.895318250667653e-18,-8.724172061949523e-15
144.48,"[0.06062, 0.0456, 0.34351827810579494]",0.0456,0.34351827810579494,-0.15571097330273598,-0.14958203011476637,-0.1542771127408182,0.3886243575425565,0.37534849624843153,0.38553877530219777,-0.2721393007751592,-0.2476741703025985,-0.26635307444768036,-0.780744970287915,-0.7335374475786889,-0.7696348566425675,0.09821611554337904,0.0940131705188044,0.09723197306547199,8.729866759860938e-16,6.895318250667653e-18,-8.802988117542278e-15
144.5,"[0.06062, 0.0456, 0.34351827810579494]",0.0456,0.34351827810579494,-0.15546534041968668,-0.14958203011476637,-0.15399212017159394,0.38809616597255825,0.37534849624843153,0.3849211134758294,-0.27114684818404355,-0.2476741703025985,-0.2652165126861755,-0.7788404242785236,-0.7335374475786889,-0.7674408417971909,0.09804750639606247,0.0940131705188044,0.09703655296972083,1.189074543671649e-15,6.895318250667653e-18,-8.875600945433009e-15
144.52,"[0.06062, 0.0456, 0.3444691630130864]",0.0456,0.3444691630130864,-0.15521107790377933,-0.14866060670012254,-0.15399212017159394,0.38754849556294235,0.37329127016935876,0.3849211134758294,-0.27012237500635095,-0.24419082208565868,-0.2652165126861755,-0.7768719649503558,-0.7266459633141121,-0.7674408417971909,0.09787301305348636,0.09338414634487285,0.09703655296972083,1.0562895388918093e-15,6.693512601752175e-18,-8.875600945433009e-15
144.54,"[0.06062, 0.0456, 0.3444691630130864]",0.0456,0.3444691630130864,-0.15497947593466463,-0.14866060670012254,-0.15368445317383372,0.3870492929668007,0.37329127016935876,0.3842510351144048,-0.2691902611736822,-0.24419082208565868,-0.26399990168887194,-0.7750800515583203,-0.7266459633141121,-0.7650832266199935,0.09771408563738619,0.09338414634487285,0.0968257361003164,-3.6560738273832265e-15,6.693512601752175e-18,-8.704013760618066e-15
144.56,"[0.06062, 0.0456, 0.34544538193720625]",0.0456,0.34544538193720625,-0.1547334216101068,-0.1477044898916319,-0.1533842894312423,0.38651762397523654,0.37114512746376466,0.3835972037115181,-0.2682040928799158,-0.2406154288598149,-0.2628132572836558,-0.7731806548272361,-0.7195366011967224,-0.7627834205932745,0.09754529922515581,0.09273207979661692,0.09662006476800805,-2.8370065470205285e-15,6.521756347123704e-18,-8.706657885741873e-15
144.58,"[0.06062, 0.0456, 0.34544538193720625]",0.0456,0.34544538193720625,-0.1544770864961227,-0.1477044898916319,-0.15304900970889976,0.38596274412552267,0.37114512746376466,0.38286355454986365,-0.2671798341249535,-0.2406154288598149,-0.261498486425834,-0.7712051803299713,-0.7195366011967224,-0.7602258761588643,0.09736950467811167,0.09273207979661692,0.09639049192259828,-2.4658516986287295e-15,6.521756347123704e-18,-8.725012819468681e-15
144.6,"[0.06062, 0.0456, 0.34544538193720625]",0.0456,0.34544538193720625,-0.15420575190655061,-0.1477044898916319,-0.15272739486657155,0.38537389810653977,0.37114512746376466,0.38215957096369535,-0.2661003780704484,-0.2406154288598149,-0.26023804707396686,-0.7691191125446544,-0.7195366011967224,-0.7577733562453026,0.09718349225437879,0.09273207979661692,0.09617028654292238,-1.8931921031039305e-15,6.521756347123704e-18,-8.790499800380462e-15
144.62,"[0.06062, 0.0456, 0.3464459714679366]",0.0456,0.3464459714679366,-0.15383116795094512,-0.14671372904238594,-0.15237935196312322,0.38455983812187644,0.36890949920025307,0.3813940364080009,-0.2646137819696839,-0.23695134768461384,-0.258886097337036,-0.7662430667107285,-0.7122131844012636,-0.7551320801358333,0.0969267501420664,0.09205707583006822,0.09593217036864449,-3.191217212810184e-15,6.1038597336107995e-18,-8.697315047367244e-15
144.64,"[0.06062, 0.0456, 0.3464459714679366]",0.0456,0.3464459714679366,-0.15368598635216316,-0.14671372904238594,-0.15237935196312322,0.3842432579506842,0.36890949920025307,0.3813940364080009,-0.26404101351091624,-0.23695134768461384,-0.258886097337036,-0.7651319680571116,-0.7122131844012636,-0.7551320801358333,0.09682729216462563,0.09205707583006822,0.09593217036864449,2.3035516591407393e-16,6.1038597336107995e-18,-8.697315047367244e-15
144.66,"[0.06062, 0.0456, 0.3474699441442135]",0.0456,0.3474699441442135,-0.15343772581824577,-0.14568839814286694,-0.15205214699239977,0.38370190585798736,0.36658392773844334,0.3806739957325453,-0.26306157944597924,-0.23320198804704018,-0.2576161822100098,-0.7632319893591158,-0.7046796904738207,-0.752650095402375,0.09665721902320985,0.091359258645128,0.09570832685515744,-4.497354187645702e-15,6.073613305951624e-18,-8.519582260150563e-15
144.68,"[0.06062, 0.0456, 0.3474699441442135]",0.0456,0.3474699441442135,-0.1531744658413354,-0.14568839814286694,-0.151681581912873,0.38312660293454764,0.36658392773844334,0.3798550046304316,-0.262026953979434,-0.23320198804704018,-0.25618971111456024,-0.7612214295145199,-0.7046796904738207,-0.7498516488575104,0.09647692951109811,0.091359258645128,0.09545500470060334,-3.5178485671524007e-15,6.073613305951624e-18,-8.497992850155582e-15
144.7,"[0.06062, 0.0456, 0.3474699441442135]",0.0456,0.3474699441442135,-0.15289081789492795,-0.14568839814286694,-0.1513249965745941,0.38250499925715964,0.36658392773844334,0.3790666663591535,-0.2609178778433982,-0.23320198804704018,-0.25481784809040664,-0.7590611711968792,-0.7046796904738207,-0.7471596154495281,0.09628276379692305,0.091359258645128,0.09521125132496795,-2.4159623796072986e-15,6.073613305951624e-18,-8.559969223880157e-15
144.72,"[0.06062, 0.0456, 0.34851628942863094]",0.0456,0.34851628942863094,-0.15259331184406497,-0.1446285974282686,-0.15093057915575578,0.3818517160069341,0.36416807492019393,0.3781908426950694,-0.25975887219859234,-0.22937080826251277,-0.2533134047462385,-0.7567998756120586,-0.6969402532946046,-0.7441957463483745,0.09607917642707177,0.0906387726766771,0.09494184533948999,-1.9752381131722886e-15,5.936384782681402e-18,-8.626221994396567e-15
144.74,"[0.06062, 0.0456, 0.34851628942863094]",0.0456,0.34851628942863094,-0.15227739263328663,-0.1446285974282686,-0.15055213126759748,0.38115615007807574,0.36416807492019393,0.3773501928817533,-0.258534233390905,-0.22937080826251277,-0.2518708231674279,-0.754405091059139,-0.6969402532946046,-0.741352886726322,0.09586308352025229,0.0906387726766771,0.09468336208349741,-1.3840799414957047e-15,5.936384782681402e-18,-8.738733639457e-15
144.76,"[0.06062, 0.0456, 0.34958397470472014]",0.0456,0.34958397470472014,-0.1519495929738058,-0.1435344549703854,-0.15019035689848534,0.3804330182111718,0.36166172990061685,0.37654634902842093,-0.2572681854566757,-0.22546131213111006,-0.2504925604146955,-0.751925172243069,-0.6889991651646169,-0.7386360847114931,0.09563893644709127,0.08989578355866551,0.09443627884015506,-1.359794747956403e-15,5.821120203702008e-18,-8.834589125876087e-15
144.78,"[0.06062, 0.0456, 0.34958397470472014]",0.0456,0.34958397470472014,-0.15143288325785415,-0.1435344549703854,-0.14979078950307687,0.37929055355845964,0.36166172990061685,0.3756545759809851,-0.25528112517564316,-0.22546131213111006,-0.24898390134974274,-0.748025213685458,-0.6889991651646169,-0.7356499262429361,0.09528574915346479,0.08989578355866551,0.09416360802121997,1.5997035194265408e-15,5.821120203702008e-18,-8.895693812273198e-15
144.8,"[0.06062, 0.0456, 0.34958397470472014]",0.0456,0.34958397470472014,-0.15126867388237605,-0.1435344549703854,-0.149408620626745,0.3789269558009327,0.36166172990061685,0.3748013387671283,-0.2546514027972484,-0.22546131213111006,-0.24754192618823542,-0.7467876849448857,-0.6889991651646169,-0.7327948485623862,0.09517353504015014,0.08989578355866551,0.09390282608826134,-1.6739176889397078e-15,5.821120203702008e-18,-8.979774011615456e-15
144.82,"[0.06062, 0.0456, 0.35067194629601683]",0.0456,0.35067194629601683,-0.1509152637638065,-0.14240612825736795,-0.14898790011562588,0.37814308856491013,0.3590648166057217,0.37385790294132143,-0.25330060224971324,-0.2214770458551933,-0.2459689429687107,-0.7441290460393555,-0.6808608790320876,-0.7296671676298366,0.0949321003391173,0.08913047906270552,0.09361598210283324,-2.0230423216806502e-15,5.607674199089105e-18,-9.03171730962233e-15
144.84,"[0.06062, 0.0456, 0.35067194629601683]",0.0456,0.35067194629601683,-0.15054906467065274,-0.14240612825736795,-0.14858555762943537,0.37732890329682817,0.3590648166057217,0.3729553423712116,-0.2519075869944986,-0.2214770458551933,-0.24446582088601285,-0.7413812891486976,-0.6808608790320876,-0.7266773337924076,0.09468203787405034,0.08913047906270552,0.09334168696159986,-1.978672694554067e-15,5.607674199089105e-18,-9.107091465263097e-15
144.86,"[0.06062, 0.0456, 0.35177913050591264]",0.0456,0.35177913050591264,-0.1501759983328219,-0.14124380576552384,-0.14820206910121805,0.3764979267213621,0.3563774008074079,0.3720948038760802,-0.2504936514420339,-0.21742159522213741,-0.24303406617633425,-0.7385875376381388,-0.672530010875377,-0.7238285945106371,0.09442737120051321,0.0883430700133054,0.09308026064986061,-2.3328783057143116e-15,5.861511833028038e-18,-9.149481731781623e-15
144.88,"[0.06062, 0.0456, 0.35177913050591264]",0.0456,0.35177913050591264,-0.1498009517788173,-0.14124380576552384,-0.1477793450517327,0.37566133338116137,0.3563774008074079,0.3711420325726352,-0.24907633024967263,-0.21742159522213741,-0.24147081400663858,-0.7357833384510372,-0.672530010875377,-0.720704400324548,0.0941714201957191,0.0883430700133054,0.0927923477381143,-2.9324891106511043e-15,5.861511833028038e-18,-9.146763730884425e-15
144.9,"[0.06062, 0.0456, 0.35177913050591264]",0.0456,0.35177913050591264,-0.14941684650067183,-0.14124380576552384,-0.14739126711175787,0.37480266622794395,0.3563774008074079,0.37026672605620714,-0.24763128217161753,-0.21742159522213741,-0.24003785929330287,-0.7329183402141354,-0.672530010875377,-0.717838579601388,0.09390939642860505,0.0883430700133054,0.09252806851873759,-3.0188795391534027e-15,5.861511833028038e-18,-8.873697660744171e-15
144.92,"[0.06062, 0.0456, 0.35290443467726457]",0.0456,0.35290443467726457,-0.14906691343137654,-0.14004770852818083,-0.14739126711175787,0.37401961518219284,0.3535996968102336,0.37026672605620714,-0.2463174977570707,-0.21329858305354973,-0.24003785929330287,-0.7303111095699432,-0.6640113422597539,-0.717838579601388,0.09367072925530577,0.0875337911824489,0.09252806851873759,-2.4566895215784197e-15,6.044931857075621e-18,-8.873697660744171e-15
144.94,"[0.06062, 0.0456, 0.35290443467726457]",0.0456,0.35290443467726457,-0.14874854063064818,-0.14004770852818083,-0.14696817274569002,0.3733065662486763,0.3535996968102336,0.36930810807627423,-0.2451243664568438,-0.21329858305354973,-0.2384914561987866,-0.7279413288828918,-0.6640113422597539,-0.7147311285991985,0.09345362371519425,0.0875337911824489,0.09224022587633371,-7.588012981521942e-15,6.044931857075621e-18,-8.520061658128336e-15
144.96,"[0.06062, 0.0456, 0.3540467482707149]",0.0456,0.3540467482707149,-0.14841027073250718,-0.13881809170740508,-0.14655486391902325,0.3725468591963216,0.3507320737478812,0.36837153013326007,-0.24386411351592038,-0.20911166692012656,-0.2369812878835232,-0.72543139083613,-0.6553098230860144,-0.7116960487743496,0.09322307812564454,0.08670290216675061,0.09195904872141086,-5.988042106875074e-15,5.540484114765001e-18,-8.409220713583396e-15
144.98,"[0.06062, 0.0456, 0.3540467482707149]",0.0456,0.3540467482707149,-0.14790745548605289,-0.13881809170740508,-0.1461116635051336,0.3714153450208152,0.3507320737478812,0.36736269091364976,-0.2419988677809538,-0.20911166692012656,-0.23537884116622998,-0.7217091131474707,-0.6553098230860144,-0.7084596202064358,0.09288052615686414,0.08670290216675061,0.09165784586645095,-7.256657948049585e-15,5.540484114765001e-18,-8.10551656005373e-15
145.0,"[0.06062, 0.0456, 0.3540467482707149]",0.0456,0.3540467482707149,-0.14772787628796294,-0.13881809170740508,-0.1461116635051336,0.3710100796102989,0.3507320737478812,0.36736269091364976,-0.24133686512387637,-0.20911166692012656,-0.23537884116622998,-0.7203841638572268,-0.6553098230860144,-0.7084596202064358,0.09275825812773432,0.08670290216675061,0.09165784586645095,-2.8480804004321986e-15,5.540484114765001e-18,-8.10551656005373e-15
145.02,"[0.06062, 0.0456, 0.3552049439606603]",0.0456,0.3552049439606603,-0.14742079585922416,-0.13755524617505852,-0.14562956839271216,0.37031707575835554,0.3477750614904409,0.36626078188557154,-0.24020484057977148,-0.20486453711915442,-0.23365320877372903,-0.7181185005705424,-0.6464305745492167,-0.7049578993136327,0.09254917979793098,0.0858506882508803,0.09133053772337558,-7.503262686632331e-15,5.334120232228753e-18,-7.815528603245086e-15
145.04,"[0.06062, 0.0456, 0.3552049439606603]",0.0456,0.3552049439606603,-0.14708046264058858,-0.13755524617505852,-0.14515785725126848,0.36954637992292766,0.3477750614904409,0.36518246627775525,-0.23896003054470602,-0.20486453711915442,-0.23196526942596069,-0.7156179863388757,-0.6464305745492167,-0.7015321644171273,0.09231763780360303,0.0858506882508803,0.09101028907349493,-5.059194640268765e-15,5.334120232228753e-18,-7.792176675232038e-15
145.06,"[0.06062, 0.0456, 0.3563778787477854]",0.0456,0.3563778787477854,-0.14671516761661868,-0.13625950011030985,-0.14470441962081457,0.368717236330747,0.34472935616658534,0.3641456663808043,-0.23763102594019495,-0.20056091490966513,-0.23034366943096207,-0.7129416801808709,-0.6373788923259991,-0.6982401561845637,0.09206924154472146,0.08497746126136041,0.09070246362186503,-3.58858837004556e-15,5.299047899891776e-18,-7.829276233529776e-15
145.08,"[0.06062, 0.0456, 0.3563778787477854]",0.0456,0.3563778787477854,-0.14637393488415792,-0.13625950011030985,-0.14420181300151177,0.3679419500313832,0.34472935616658534,0.3629920667628219,-0.23639237221105888,-0.20056091490966513,-0.22856358007643401,-0.7104446713696493,-0.6373788923259991,-0.6946098507205981,0.091837258029865,0.08497746126136041,0.09036159473741856,-1.659150667772357e-15,5.299047899891776e-18,-7.352750365957591e-15
145.1,"[0.06062, 0.0456, 0.3563778787477854]",0.0456,0.3563778787477854,-0.14596123172645611,-0.13625950011030985,-0.14372186446383334,0.3670014722107603,0.34472935616658534,0.3618901296964107,-0.2349049017134892,-0.20056091490966513,-0.2268650511294998,-0.7074360554534392,-0.6373788923259991,-0.6911446118714625,0.09155688200414162,0.08497746126136041,0.0900361171223798,-1.0662375251442255e-15,5.299047899891776e-18,-7.75497935457979e-15
145.12,"[0.06062, 0.0456, 0.35756439508706533]",0.0456,0.35756439508706533,-0.14553575194655832,-0.13493122062124813,-0.14319723235694065,0.3660303171334386,0.341595825307313,0.36068114279052765,-0.2333773301105057,-0.19620455099835424,-0.22502661806474442,-0.7043406811799539,-0.6281602500088695,-0.6873764194056556,0.09126793667644992,0.08408356041518575,0.08968069977426928,-1.1567551250701518e-15,5.358509404328558e-18,-7.899273152600895e-15
145.14,"[0.06062, 0.0456, 0.35756439508706533]",0.0456,0.35756439508706533,-0.14509143322453208,-0.13493122062124813,-0.1427128451570011,0.3650139740086907,0.341595825307313,0.35956422982305036,-0.23179069482977804,-0.19620455099835424,-0.2233318338592053,-0.7011174714499305,-0.6281602500088695,-0.6839001067345291,0.0909663616648798,0.08408356041518575,0.08935259693265139,-9.647821142315046e-16,5.358509404328558e-18,-7.732100843198081e-15
145.161,"[0.06062, 0.0456, 0.3587633220301232]",0.0456,0.3587633220301232,-0.14448607122142595,-0.13357081539869103,-0.14217312356618167,0.3636275632853328,0.33837551262020726,0.3583154340811664,-0.22963562103862836,-0.19179922426757917,-0.2214616336427361,-0.6967331469484446,-0.6187803028055364,-0.6800463394393907,0.09055560775239872,0.08316935316798983,0.08898738547807422,-3.410710909021073e-15,5.781315243674594e-18,-7.744479182126198e-15
145.18,"[0.06062, 0.0456, 0.3587633220301232]",0.0456,0.3587633220301232,-0.14425477645590493,-0.13357081539869103,-0.14163534252030305,0.36309635036511856,0.33837551262020726,0.35707111910237044,-0.2288182223033734,-0.19179922426757917,-0.2195981987617431,-0.6950644662013894,-0.6187803028055364,-0.6762064727850031,0.09039878552488326,0.08316935316798983,0.08862348800019551,1.0015282739358667e-15,5.781315243674594e-18,-7.461305135406241e-15
145.2,"[0.06062, 0.0456, 0.3587633220301232]",0.0456,0.3587633220301232,-0.14380548430227102,-0.13357081539869103,-0.1411274395997403,0.36206354477369074,0.33837551262020726,0.3558954659706256,-0.22723412697770254,-0.19179922426757917,-0.21784018857674345,-0.691827035458273,-0.6187803028055364,-0.672581984709019,0.09009422976804922,0.08316935316798983,0.08827984522218034,1.6327618376190862e-15,5.781315243674594e-18,-7.357737259545594e-15
145.22,"[0.06062, 0.0456, 0.3599734763808143]",0.0456,0.3599734763808143,-0.14329665580879,-0.13217873441063366,-0.14057835413345968,0.3608916098015161,0.3350696424050801,0.3546200236947423,-0.2254492786893744,-0.18734874073509963,-0.21595917304408413,-0.6881704758229517,-0.6092448915208237,-0.6686847788841441,0.08974949670418435,0.0822352360666941,0.08790874878144808,2.295128741940429e-16,5.705329069707991e-18,-7.832414151049885e-15
145.243,"[0.06062, 0.0456, 0.3599734763808143]",0.0456,0.3599734763808143,-0.14250768621885931,-0.13217873441063366,-0.1400552557742657,0.3590704630532206,0.3350696424050801,0.3534045545554313,-0.22269842464265022,-0.18734874073509963,-0.21416881876234006,-0.6825187528541266,-0.6092448915208237,-0.6649737877985806,0.08921530401342136,0.0822352360666941,0.08755524874656646,2.5333471080396153e-15,5.705329069707991e-18,-8.00522478887462e-15
145.261,"[0.06062, 0.0456, 0.3611936638628983]",0.0456,0.3611936638628983,-0.14199201764683544,-0.13075547164602028,-0.1395581878987524,0.3578784102802405,0.33167962362338826,0.352249252967366,-0.22090780560551712,-0.1828569327336392,-0.21246887948541826,-0.6788327199819693,-0.5995600468378398,-0.6614488926122242,0.08886630527660595,0.08128163561170913,0.08721936638689844,1.2186756460679987e-15,5.876357760847932e-18,-8.090061892668893e-15
145.28,"[0.06062, 0.0456, 0.3611936638628983]",0.0456,0.3611936638628983,-0.1417486346720249,-0.13075547164602028,-0.13901570111040304,0.35731549454917605,0.33167962362338826,0.3509840182273721,-0.2200639129974752,-0.1828569327336392,-0.21063351173277942,-0.6770943372485869,-0.5995600468378398,-0.6576235250701145,0.08870161138756098,0.08128163561170913,0.08685322269942634,-2.801650363967354e-15,5.876357760847932e-18,-8.10194273735355e-15
145.3,"[0.06062, 0.0456, 0.3611936638628983]",0.0456,0.3611936638628983,-0.14122937729531734,-0.13075547164602028,-0.13851995889915567,0.35611251404844063,0.33167962362338826,0.3498270936625438,-0.21827213676496002,-0.1828569327336392,-0.2089593801575785,-0.6733948829416929,-0.5995600468378398,-0.6541311217278452,0.08835041753667164,0.08128163561170913,0.08651869292869496,-3.2604197254429792e-15,5.876357760847932e-18,-7.778978621182695e-15
145.321,"[0.06062, 0.0456, 0.3624226802986454]",0.0456,0.3624226802986454,-0.14053528002906723,-0.129301566916655,-0.13796542860243166,0.3545028760142006,0.3282070536349482,0.3485288682973544,-0.2158839843929125,-0.17832765829686917,-0.20710630345127726,-0.6684572883333842,-0.5897319939139017,-0.6502458884221992,0.08788111707913818,0.08030900913380805,0.08614492799606382,-6.1239826820779315e-15,5.9358458606838364e-18,-7.636985353027611e-15
145.34,"[0.06062, 0.0456, 0.3624226802986454]",0.0456,0.3624226802986454,-0.1402782948864077,-0.129301566916655,-0.13796542860243166,0.35390547524272115,0.3282070536349482,0.3485288682973544,-0.2150062163029786,-0.17832765829686917,-0.20710630345127726,-0.6666361483460757,-0.5897319939139017,-0.6502458884221992,0.08770749817075434,0.08030900913380805,0.08614492799606382,-1.9048808346726714e-15,5.9358458606838364e-18,-7.636985353027611e-15
145.36,"[0.06062, 0.0456, 0.36365931279721436]",0.0456,0.36365931279721436,-0.13983885029244783,-0.12781760772607617,-0.13745428093707954,0.3528839199235222,0.3246537216162112,0.3473315166754972,-0.21350523286865034,-0.1737648007370405,-0.2054013022922769,-0.6635219989673605,-0.579767157305247,-0.6466679763507572,0.08741060983742695,0.07931784569077846,0.08580047018681078,-8.052051823053863e-15,5.577295264316805e-18,-7.285865396351865e-15
145.38,"[0.06062, 0.0456, 0.36365931279721436]",0.0456,0.36365931279721436,-0.1393857821149289,-0.12781760772607617,-0.13690076087856165,0.3518289633068034,0.3246537216162112,0.3460306693847781,-0.21196548606685725,-0.1737648007370405,-0.2035760212807644,-0.6603197346772088,-0.579767157305247,-0.6428164431698865,0.08710468330367133,0.07931784569077846,0.08542793756545602,-6.8709557492458276e-15,5.577295264316805e-18,-6.8819228629742524e-15
145.401,"[0.06062, 0.0456, 0.36365931279721436]",0.0456,0.36365931279721436,-0.13875717648461364,-0.12781760772607617,-0.1363599381328623,0.35036299428506623,0.3246537216162112,0.3447595243439667,-0.20983978888266927,-0.1737648007370405,-0.20179326024109892,-0.6558883168763024,-0.579767157305247,-0.6390539675814717,0.0866804603507503,0.07931784569077846,0.08506396484717677,-6.9924815313048415e-15,5.577295264316805e-18,-6.751987724105946e-15
145.42,"[0.06062, 0.0456, 0.3649272583346954]",0.0456,0.3649272583346954,-0.1385715349240063,-0.1262740802582434,-0.1363599381328623,0.34992976179525725,0.32094945046613604,0.3447595243439667,-0.20921341212641348,-0.1690803554809953,-0.20179326024109892,-0.6545811295092554,-0.5694705237329964,-0.6390539675814717,0.08655520807215096,0.07828854754100664,0.08506396484717677,-9.121812205761428e-15,5.214236396361526e-18,-6.751987724105946e-15
145.44,"[0.06062, 0.0456, 0.3649272583346954]",0.0456,0.3649272583346954,-0.13815133153369058,-0.1262740802582434,-0.13577865854160806,0.34894741667991575,0.32094945046613604,0.3433889785623067,-0.20780358327589918,-0.1690803554809953,-0.1998996130610731,-0.6516309687499843,-0.5694705237329964,-0.6350346106062328,0.08627187185927047,0.07828854754100664,0.08467328962101195,-6.872322819765119e-15,5.214236396361526e-18,-6.541174233159267e-15
145.46,"[0.06062, 0.0456, 0.36615053804317543]",0.0456,0.36615053804317543,-0.1377005236651971,-0.12476174264244196,-0.1352134517146528,0.347891313437974,0.3173115872989201,0.3420561655483725,-0.20630182894275875,-0.16455367566000723,-0.1980591350269433,-0.6484776607096737,-0.5594523617814843,-0.6311272732408809,0.08596814123386722,0.07728180832250936,0.08429343515173798,-4.963989681985486e-15,5.0081542124226405e-18,-6.520320814064705e-15
145.481,"[0.06062, 0.0456, 0.36615053804317543]",0.0456,0.36615053804317543,-0.13702652716659822,-0.12476174264244196,-0.13461524457903143,0.346309988360475,0.3173115872989201,0.3406414802536075,-0.20406805890234594,-0.16455367566000723,-0.19613339793700932,-0.6437757057154909,-0.5594523617814843,-0.6270161504180446,0.08551429588542327,0.07728180832250936,0.08389193650098474,-6.4500879815260635e-15,5.0081542124226405e-18,-6.266498217370377e-15
145.5,"[0.06062, 0.0456, 0.36615053804317543]",0.0456,0.36615053804317543,-0.13678539890784738,-0.12476174264244196,-0.13401078426998533,0.3457431375499934,0.3173115872989201,0.33921215489332257,-0.20327459280998153,-0.16455367566000723,-0.194186785338921,-0.6420997501895459,-0.5594523617814843,-0.6228612393237174,0.08535205994690806,0.07728180832250936,0.08348622378912145,-1.5408681951971798e-15,5.0081542124226405e-18,-5.850098281565523e-15
145.52,"[0.06062, 0.0456, 0.36740267225201906]",0.0456,0.36740267225201906,-0.13625822212665464,-0.12319203522406778,-0.13338488874605134,0.3445022508456298,0.3135299819772088,0.33772803889991654,-0.2015479093980728,-0.1599139351464859,-0.1921950295088648,-0.6384444331319976,-0.5491192888531592,-0.618585230416342,0.08499755107679874,0.07623851531773324,0.08306671042469803,-1.2534598602186457e-15,5.388279349628345e-18,-5.9619002186547224e-15
145.54,"[0.06062, 0.0456, 0.36740267225201906]",0.0456,0.36740267225201906,-0.13576861938149754,-0.12319203522406778,-0.13277505129588502,0.34334872101575353,0.3135299819772088,0.33628184118275345,-0.19995012025145062,-0.1599139351464859,-0.1902552321691399,-0.6350560254246816,-0.5491192888531592,-0.6144198669942931,0.08466844755556845,0.07623851531773324,0.08265798056983964,3.7979703756306437e-16,5.388279349628345e-18,-6.049786200260171e-15
145.56,"[0.06062, 0.0456, 0.3686575078728684]",0.0456,0.3686575078728684,-0.1352547268157485,-0.12159475619468148,-0.1321113042560349,0.34213617164243043,0.30967543681412774,0.33470422401725175,-0.19828267328397192,-0.15525608045780845,-0.18816639569522214,-0.631510038037864,-0.5386757490615472,-0.6099110223431472,0.08432324451508963,0.07517876582504535,0.08221368930584483,1.1742392405579142e-15,4.74050597995755e-18,-6.140799740142013e-15
145.58,"[0.06062, 0.0456, 0.3686575078728684]",0.0456,0.3686575078728684,-0.13471721376299275,-0.12159475619468148,-0.13147527496024128,0.3408660871389435,0.30967543681412774,0.33319216558201026,-0.19654857583233484,-0.15525608045780845,-0.18616662268648715,-0.6278120210814445,-0.5386757490615472,-0.6055924793195393,0.08396241523896629,0.07517876582504535,0.08178799618225825,2.1311778162471797e-15,4.74050597995755e-18,-6.2827733189807865e-15
145.6,"[0.06062, 0.0456, 0.3686575078728684]",0.0456,0.3686575078728684,-0.13415848802709363,-0.12159475619468148,-0.13086798067912567,0.3395441273026995,0.30967543681412774,0.3317481580807762,-0.1947559843129397,-0.15525608045780845,-0.1842586842974298,-0.623978977025754,-0.5386757490615472,-0.6014706755449498,0.08358758799919,0.07517876582504535,0.08138157155962061,2.2744028205863172e-15,4.74050597995755e-18,-6.403739984629359e-15
145.62,"[0.06062, 0.0456, 0.36991380653446365]",0.0456,0.36991380653446365,-0.13358794811628133,-0.11997114751157359,-0.1302085008069771,0.3381928538260462,0.3057520480784861,0.33017670363722523,-0.19293321177249728,-0.15058443277397893,-0.18220950881777742,-0.6200733620910368,-0.5281307297632045,-0.597019788004673,0.08320502309158642,0.07410343015639032,0.0809408150947123,1.8638953635661686e-15,4.9821793420902216e-18,-6.482887724403924e-15
145.64,"[0.06062, 0.0456, 0.36991380653446365]",0.0456,0.36991380653446365,-0.13300520631600948,-0.11997114751157359,-0.12957861631267784,0.3368112161904907,0.3057520480784861,0.3286754711382486,-0.19108013401174737,-0.15058443277397893,-0.18025412857105053,-0.6160937629001789,-0.5281307297632045,-0.5927706626504902,0.08281449165390063,0.07410343015639032,0.08051988450128059,1.9524636221960743e-15,4.9821793420902216e-18,-6.582388741421854e-15
145.66,"[0.06062, 0.0456, 0.37117032842170083]",0.0456,0.37117032842170083,-0.13241084381986495,-0.11832212612219685,-0.12957861631267784,0.3354005355558728,0.3017628153804396,0.3286754711382486,-0.18919917720765725,-0.14590302885410836,-0.18025412857105053,-0.6120447951415161,-0.5174919811658962,-0.5927706626504902,0.08241640004819202,0.07301321203320517,0.08051988450128059,1.5080620537001177e-15,4.531596242079679e-18,-6.582388741421854e-15
145.68,"[0.06062, 0.0456, 0.37117032842170083]",0.0456,0.37117032842170083,-0.13187272059349123,-0.11832212612219685,-0.1289204772213322,0.3341227733169335,0.3017628153804396,0.3271034885523477,-0.18749961797385128,-0.14590302885410836,-0.17823570702291403,-0.6083827099748941,-0.5174919811658962,-0.5883582682050211,0.08205606209416447,0.07301321203320517,0.08008073051978094,-5.689707128192125e-15,4.531596242079679e-18,-6.304201749042047e-15
145.7,"[0.06062, 0.0456, 0.37117032842170083]",0.0456,0.37117032842170083,-0.1313117943527828,-0.11832212612219685,-0.12830169490381554,0.332789109212062,0.3017628153804396,0.3256251323295056,-0.18573947490055692,-0.14590302885410836,-0.17634046095432265,-0.6045780660454985,-0.5174919811658962,-0.5842124662993836,0.08168074909491496,0.07301321203320517,0.07966790175093556,-4.661913175815393e-15,4.531596242079679e-18,-5.983793374909833e-15
145.72,"[0.06062, 0.0456, 0.37242583349917874]",0.0456,0.37242583349917874,-0.1307955658660586,-0.11664867305578307,-0.12759097916536163,0.33156100566482954,0.29771094253470476,0.323924575785085,-0.1841242344043378,-0.14121592954592,-0.17418471633688898,-0.6010817242721405,-0.5067674910067537,-0.5794741639012596,0.08133546268863927,0.07190885035694478,0.07919432195433612,-3.0254545748082234e-15,4.101881808503319e-18,-5.511915649201924e-15
145.74,"[0.06062, 0.0456, 0.37242583349917874]",0.0456,0.37242583349917874,-0.13025065880939138,-0.11664867305578307,-0.12691520101982026,0.3302631340770731,0.29771094253470476,0.32230720465293466,-0.18242974299448506,-0.14121592954592,-0.17213783863576365,-0.5974027350244137,-0.5067674910067537,-0.5749719918712659,0.08097126813070094,0.07190885035694478,0.07874409905188608,-9.328245775711407e-16,4.101881808503319e-18,-5.25335651568905e-15
145.76,"[0.06062, 0.0456, 0.3736790827349651]",0.0456,0.3736790827349651,-0.1296169218293735,-0.11495183533630812,-0.12621569499356625,0.32875150748688414,0.29359984263437594,0.3206300917414723,-0.1804742811736185,-0.13652722229546457,-0.17004481638623703,-0.593140893832147,-0.4959654984471627,-0.5703403950555074,0.08054810600561407,0.07079112416133987,0.07827878974134968,-1.296978651220039e-15,3.95148376186251e-18,-5.355335437965216e-15
145.78,"[0.06062, 0.0456, 0.3736790827349651]",0.0456,0.3736790827349651,-0.12903364427293704,-0.11495183533630812,-0.12621569499356625,0.3273593786576839,0.29359984263437594,0.3206300917414723,-0.17868105487379046,-0.13652722229546457,-0.17004481638623703,-0.5892256427848723,-0.4959654984471627,-0.5703403950555074,0.08015881375324083,0.07079112416133987,0.07827878974134968,-8.877052999585443e-17,3.95148376186251e-18,-5.355335437965216e-15
145.8,"[0.06062, 0.0456, 0.3736790827349651]",0.0456,0.3736790827349651,-0.12849823390984738,-0.11495183533630812,-0.12555822577270787,0.3260808141440047,0.29359984263437594,0.31905341247428215,-0.1770401695681753,-0.13652722229546457,-0.16808026565423628,-0.5856374457229149,-0.4959654984471627,-0.565990120648852,0.07980160919087553,0.07079112416133987,0.07784151611031594,-6.433890055279237e-15,3.95148376186251e-18,-5.105511618759807e-15
145.82,"[0.06062, 0.0456, 0.3749288393233706]",0.0456,0.3749288393233706,-0.1279396323637926,-0.1132327287812103,-0.12483102308747317,0.3247456078271515,0.28943313917589975,0.31730722427565183,-0.17533778783176593,-0.1318410215870862,-0.16593045095794867,-0.5819044539656636,-0.48509450213884336,-0.5612042688601719,0.0794291915054612,0.069660853876217,0.07735853344695039,-5.086745003518203e-15,3.80249095454771e-18,-5.054756135910691e-15
145.84,"[0.06062, 0.0456, 0.3749288393233706]",0.0456,0.3749288393233706,-0.12727653421988339,-0.1132327287812103,-0.12342808833409823,0.3231583151091485,0.28943313917589975,0.31393812550958816,-0.17333617887776182,-0.1318410215870862,-0.16178564771786047,-0.5774945354741833,-0.48509450213884336,-0.5519742681098047,0.07898763961510336,0.069660853876217,0.07642682725954032,3.531563211999308e-15,3.80249095454771e-18,-5.166697127367992e-15
145.86,"[0.06062, 0.0456, 0.37617386990552754]",0.0456,0.37617386990552754,-0.12660637748610723,-0.1114925409151974,-0.12275447334714039,0.32155309811532357,0.28521466692305925,0.3123202905032191,-0.17132181679624015,-0.12716146935032585,-0.15979696631384688,-0.5730471897536309,-0.4741632685277303,-0.5475441053745363,0.07854162465109124,0.06851890262811172,0.07597951103910552,2.6367260562366445e-15,3.4255867611488934e-18,-5.011332181524806e-15
145.88,"[0.06062, 0.0456, 0.37617386990552754]",0.0456,0.37617386990552754,-0.12587451569970182,-0.1114925409151974,-0.1220446846278992,0.3197988646694142,0.28521466692305925,0.3106133815461678,-0.16913209521168052,-0.12716146935032585,-0.15772641273546933,-0.568201603728334,-0.4741632685277303,-0.5429039653523737,0.07805482306471159,0.06851890262811172,0.07550891101420602,5.024339100084387e-16,3.4255867611488934e-18,-5.460444457145277e-15
145.9,"[0.06062, 0.0456, 0.37617386990552754]",0.0456,0.37617386990552754,-0.12514684779605864,-0.1114925409151974,-0.12070326098917232,0.31805362287638755,0.28521466692305925,0.3073870417041643,-0.16696501554827345,-0.12716146935032585,-0.1538177700641158,-0.5633950524436302,-0.4741632685277303,-0.5341396048376245,0.0775710997750148,0.06851890262811172,0.07461965636011678,-9.38661434176827e-16,3.4255867611488934e-18,-5.387613947397134e-15
145.92,"[0.06062, 0.0456, 0.3774129457865657]",0.0456,0.3774129457865657,-0.12436275704034273,-0.10973253400023605,-0.11996555903001038,0.3161717411463759,0.2809484725297584,0.3056110029070219,-0.16464242010684205,-0.12249273531423112,-0.15169210880982037,-0.5582297781773083,-0.46318084038923424,-0.5293465552266564,0.07705022700713607,0.06736617758587608,0.07413134593384682,3.990131128711284e-15,4.073161077548973e-18,-5.565961627718258e-15
145.94,"[0.06062, 0.0456, 0.3774129457865657]",0.0456,0.3774129457865657,-0.12359368259470488,-0.10973253400023605,-0.11928028162792613,0.31432504437302855,0.2809484725297584,0.3039608236024102,-0.1623731704803209,-0.12249273531423112,-0.14972139167195975,-0.5531733402883897,-0.46318084038923424,-0.5248984719852556,0.07653958754147802,0.06736617758587608,0.07367785134742197,2.381054866721867e-15,4.073161077548973e-18,-5.4481899250922146e-15
145.96,"[0.06062, 0.0456, 0.37864484414818583]",0.0456,0.37864484414818583,-0.12283581137720413,-0.10795404817551682,-0.11790572563827972,0.3125043585644113,0.27663881490910913,0.3006490579489945,-0.1601466970561184,-0.11783901727937823,-0.14579611432889236,-0.5482014428092103,-0.4521565455430839,-0.5160074945286254,0.07603667217729021,0.06620363134736748,0.07276907003225425,6.548442751528732e-16,4.2676641705164076e-18,-5.41381275791412e-15
145.98,"[0.06062, 0.0456, 0.37864484414818583]",0.0456,0.37864484414818583,-0.1219646427131519,-0.10795404817551682,-0.11723668652996988,0.31040983376602543,0.27663881490910913,0.299036217272982,-0.15760630406025036,-0.11783901727937823,-0.14389959846166428,-0.5425074833902195,-0.4521565455430839,-0.5116957921820687,0.0754591341203981,0.06620363134736748,0.07232717206068329,4.480801295968601e-15,4.2676641705164076e-18,-5.777508624197953e-15
146.001,"[0.06062, 0.0456, 0.37864484414818583]",0.0456,0.37864484414818583,-0.12067117084442992,-0.10795404817551682,-0.11657280742141549,0.30729818221829386,0.27663881490910913,0.2974358015388101,-0.15385723393601503,-0.11783901727937823,-0.14201789144017046,-0.5340789385844839,-0.4521565455430839,-0.5074175483027251,0.0746023177050649,0.06620363134736748,0.07188868773351045,2.7179498209299167e-15,4.2676641705164076e-18,-5.582623375831047e-15
146.02,"[0.06062, 0.0456, 0.37989272543845354]",0.0456,0.37989272543845354,-0.12026133450211945,-0.1061229689162891,-0.11527867260183736,0.3063119441505457,0.2722042813900499,0.2943144833952635,-0.15267329968989457,-0.1131124574190247,-0.13837962479313154,-0.5314127995596689,-0.44088071787876604,-0.49911144136449465,0.0743309547078645,0.06500906068125024,0.07103486952637109,-2.1385468942643633e-15,3.653769515928274e-18,-5.551954506403974e-15
146.04,"[0.06062, 0.0456, 0.37989272543845354]",0.0456,0.37989272543845354,-0.1193767631123776,-0.1061229689162891,-0.11396366197839149,0.30418232976057397,0.2722042813900499,0.2911416304947021,-0.15013122489966593,-0.1131124574190247,-0.13470771353663538,-0.5256732529355288,-0.44088071787876604,-0.49069965468270943,0.07374566159154386,0.06500906068125024,0.07016807530948604,1.0464443304870468e-15,3.653769515928274e-18,-5.6686074454641974e-15
146.06,"[0.06062, 0.0456, 0.381082253656485]",0.0456,0.381082253656485,-0.11840638514323688,-0.10434693293128489,-0.11329572645010781,0.3018448121074958,0.26790570821072435,0.2895290739859053,-0.147362951069009,-0.10859304619323915,-0.13286918996310867,-0.5193999120747367,-0.4300191358020915,-0.48645714605975166,0.07310422225293801,0.06385285989638145,0.06972866798178319,2.8496420041299996e-15,4.160853752055773e-18,-5.878344280811554e-15
146.08,"[0.06062, 0.0456, 0.381082253656485]",0.0456,0.381082253656485,-0.1174954741890843,-0.10434693293128489,-0.11267251979833809,0.2996499519505602,0.26790570821072435,0.2880243149685305,-0.14477460358718297,-0.10859304619323915,-0.13115737805233066,-0.5135226123144842,-0.4300191358020915,-0.4825027987506995,0.07250241360082924,0.06385285989638145,0.06931879949071285,-7.622812021424333e-16,4.160853752055773e-18,-5.718731562297684e-15
146.1,"[0.06062, 0.0456, 0.381082253656485]",0.0456,0.381082253656485,-0.11617699423090218,-0.10434693293128489,-0.11205312922749748,0.2964717348231461,0.26790570821072435,0.28652876510631164,-0.1410528688123521,-0.10859304619323915,-0.12945614376024198,-0.5050435424224696,-0.4300191358020915,-0.47857277317439467,0.07163211795318138,0.06385285989638145,0.06891144377603833,-2.2845847527197976e-15,4.160853752055773e-18,-5.293606679585172e-15
146.12,"[0.06062, 0.0456, 0.38228535937425123]",0.0456,0.38228535937425123,-0.11576460773055212,-0.10252235506193877,-0.1107574717621467,0.2954774378516559,0.2634948260301868,0.2833993726740404,-0.13989319631050656,-0.10401035405634962,-0.125948393432932,-0.5023964655009796,-0.4189301876505786,-0.47040974387090023,0.07136005053542718,0.06266729797646867,0.06806102207235741,-6.37503153826065e-15,4.343011468022092e-18,-4.814787119528454e-15
146.14,"[0.06062, 0.0456, 0.38228535937425123]",0.0456,0.38228535937425123,-0.11487134306179851,-0.10252235506193877,-0.1101723447512004,0.29332291314185227,0.2634948260301868,0.28198592776928333,-0.13740094013633725,-0.10401035405634962,-0.1243690718437884,-0.4966849635501456,-0.4189301876505786,-0.4667287032820406,0.07077136354712689,0.06266729797646867,0.06767712102733336,-2.730997570455822e-15,4.343011468022092e-18,-4.79562509207248e-15
146.16,"[0.06062, 0.0456, 0.38347647908864213]",0.0456,0.38347647908864213,-0.11403119481376572,-0.1006850283105917,-0.10894087747166127,0.2912960959628575,0.2590581552645862,0.27901118064437663,-0.13506702411029536,-0.09945924599934855,-0.12106735195132964,-0.4913245677586577,-0.4078377279786286,-0.459006810781168,0.07021800856234321,0.061475956876899565,0.06686991947244844,-5.074359403160383e-15,3.548895708790631e-18,-4.127097852556123e-15
146.18,"[0.06062, 0.0456, 0.38347647908864213]",0.0456,0.38347647908864213,-0.11312264188880007,-0.1006850283105917,-0.10835181482442725,0.2891035335381381,0.2590581552645862,0.27758810906157405,-0.13256329919321605,-0.09945924599934855,-0.11950260652907196,-0.4855506386912282,-0.4078377279786286,-0.455329748838833,0.0696202558130945,0.061475956876899565,0.06648429671819217,-2.275282189659655e-15,3.548895708790631e-18,-4.1139822294512915e-15
146.2,"[0.06062, 0.0456, 0.38347647908864213]",0.0456,0.38347647908864213,-0.11226920038481578,-0.1006850283105917,-0.10780466706608828,0.2870436793304037,0.2590581552645862,0.2762662136328001,-0.1302225946814684,-0.09945924599934855,-0.11805240254798756,-0.4801396052004985,-0.4078377279786286,-0.4519179643036925,0.06905912963287468,0.061475956876899565,0.06612621868150946,-4.626584176974413e-15,3.548895708790631e-18,-3.807487780759425e-15
146.22,"[0.06062, 0.0456, 0.3846544373083051]",0.0456,0.3846544373083051,-0.11147018235250365,-0.09883720692328092,-0.10720312781985004,0.2851149314368066,0.2546024836788409,0.27481327180685405,-0.12804077654080906,-0.09494455948569236,-0.11647983861546553,-0.47508455404467015,-0.39675461108957694,-0.44819199052132397,0.06853410357534695,0.060280284426128754,0.06573331332613319,-6.338644195468996e-15,3.694066009989469e-18,-3.4254161371525686e-15
146.24,"[0.06062, 0.0456, 0.3846544373083051]",0.0456,0.3846544373083051,-0.11030269186817965,-0.09883720692328092,-0.10543272341666776,0.282296325921326,0.2546024836788409,0.2705370649716056,-0.12487871128468256,-0.09494455948569236,-0.11185387786388466,-0.46772781739679503,-0.39675461108957694,-0.4372285976333823,0.06776782759712947,0.060280284426128754,0.06457702194157755,-4.891892731180194e-15,3.694066009989469e-18,-2.259453891576351e-15
146.26,"[0.06062, 0.0456, 0.38581807153069414]",0.0456,0.38581807153069414,-0.10943074958626169,-0.09698076931081567,-0.10481733812210818,0.28019093087212615,0.25013334254331715,0.26905135756138976,-0.12254342907737663,-0.0904706619721065,-0.11026969409920546,-0.46226338673967593,-0.385692071766651,-0.43344507134246324,0.06719642080172683,0.059081541239891074,0.06417595334334823,-2.138483468437271e-15,3.8913719417872965e-18,-2.2059766018616516e-15
146.28,"[0.06062, 0.0456, 0.38581807153069414]",0.0456,0.38581807153069414,-0.10896940843985152,-0.09698076931081567,-0.10421238126233717,0.2790769735412405,0.25013334254331715,0.2675908360852616,-0.12131605558294216,-0.0904706619721065,-0.10871298864676356,-0.4593815552033725,-0.385692071766651,-0.4297263853543486,0.06689437405585405,0.059081541239891074,0.06378170353418698,-9.720902060802026e-16,3.8913719417872965e-18,-2.152522788438435e-15
146.3,"[0.06062, 0.0456, 0.38581807153069414]",0.0456,0.38581807153069414,-0.10806557327611607,-0.09698076931081567,-0.1031337064591082,0.2768946074249505,0.25013334254331715,0.2649866779157902,-0.11892147287129497,-0.0904706619721065,-0.10594709828617664,-0.4537470729383605,-0.385692071766651,-0.42310694952869093,0.06630296665667444,0.059081541239891074,0.06307907149801512,-3.80593520827238e-15,3.8913719417872965e-18,-1.9058535647794492e-15
146.32,"[0.06062, 0.0456, 0.38696623338931885]",0.0456,0.38696623338931885,-0.1071768431296384,-0.095117694858877,-0.10256295829028919,0.27474876686545896,0.24565646026374865,0.2636098319424838,-0.11658024380145067,-0.08604194160424354,-0.10450505283692758,-0.44822198876954317,-0.37466167519135796,-0.4196291951058107,0.06572190410653712,0.05788103841934707,0.0627080876702919,-2.1563754605786036e-15,3.847104732378602e-18,-1.8468072357137994e-15
146.34,"[0.06062, 0.0456, 0.38696623338931885]",0.0456,0.38696623338931885,-0.10635157234535116,-0.095117694858877,-0.1014506991340551,0.27275628536803387,0.24565646026374865,0.26092672112796245,-0.1144157416147973,-0.08604194160424354,-0.10169704142565593,-0.44310235587778674,-0.37466167519135796,-0.41285437128764607,0.06518266752808569,0.05788103841934707,0.061985202641944105,-3.865121289872332e-15,3.847104732378602e-18,-1.3235184204445676e-15
146.36,"[0.06062, 0.0456, 0.388097789787044]",0.0456,0.388097789787044,-0.10546953460451328,-0.09325006781904853,-0.10092707625233076,0.2706271788574876,0.2411777677021394,0.25966363176845764,-0.11212314338334732,-0.0816628097581078,-0.10037751103862222,-0.4376543957208047,-0.36367533676611175,-0.40966772032412985,0.06460707619160609,0.05668014383412475,0.06164497244919091,-1.850593056515268e-15,4.296504714736376e-18,-1.2338125986298685e-15
146.38,"[0.06062, 0.0456, 0.388097789787044]",0.0456,0.388097789787044,-0.10460646751758941,-0.09325006781904853,-0.09982008762068406,0.26854410491090497,0.2411777677021394,0.2569961535329205,-0.10989147324391697,-0.0816628097581078,-0.09762889596999437,-0.4323369274016579,-0.36367533676611175,-0.40297827645216533,0.06404427648049085,0.05668014383412475,0.060927248406562655,-4.4300246385804425e-15,4.296504714736376e-18,-8.906731069675307e-16
146.4,"[0.06062, 0.0456, 0.388097789787044]",0.0456,0.388097789787044,-0.10374667118328167,-0.09325006781904853,-0.0993264037994426,0.2664695513671328,0.2411777677021394,0.25580671644983044,-0.10768476411413574,-0.0816628097581078,-0.0964077597641597,-0.4270585922981306,-0.36367533676611175,-0.4000003490763443,0.06348420942576467,0.05668014383412475,0.06060733453395313,-2.1780435798089063e-15,4.296504714736376e-18,-8.528218802040809e-16
146.42,"[0.06062, 0.0456, 0.3892116240143197]",0.0456,0.3892116240143197,-0.1029512519242573,-0.09138008044883113,-0.09818017602736381,0.26455066207065253,0.2367033946961224,0.25304826479402787,-0.10565203555217925,-0.07733769903973678,-0.09360429342860019,-0.4221855395560241,-0.3527453277137865,-0.39312320043023957,0.0629663954448017,0.05548028333519035,0.05986581730594393,-3.922343657721213e-15,4.564457996887271e-18,-3.462975433863548e-16
146.44,"[0.06062, 0.0456, 0.3892116240143197]",0.0456,0.3892116240143197,-0.10209545364233542,-0.09138008044883113,-0.09763839122675824,0.2624872286530349,0.2367033946961224,0.25174458039497666,-0.10348689903160703,-0.07733769903973678,-0.09228185111361933,-0.41696782583767233,-0.3527453277137865,-0.38987567068116663,0.06241008527937053,0.05548028333519035,0.05951542528670799,-1.4249988376441605e-15,4.564457996887271e-18,-2.7432359254264935e-16
146.464,"[0.06062, 0.0456, 0.39030663685123823]",0.0456,0.39030663685123823,-0.10083942351349728,-0.08951003591157691,-0.09658601347808678,0.2594600938179115,0.2322396657518297,0.24921456439357265,-0.10033320530217178,-0.07307106080651025,-0.08973702203523272,-0.40933764846369963,-0.34188427931325927,-0.38359540136463605,0.06159449804937941,0.05428294179571533,0.05883575385718888,-2.7459817216767544e-15,4.4266846213317025e-18,-3.4142738552674677e-17
146.48,"[0.06062, 0.0456, 0.39030663685123823]",0.0456,0.39030663685123823,-0.10041408250996176,-0.08951003591157691,-0.09603494925998875,0.2584355408756522,0.2322396657518297,0.2478906658550322,-0.09927358697864519,-0.07307106080651025,-0.088412505953358,-0.4067634237571057,-0.34188427931325927,-0.38031621429131635,0.06131862363013376,0.05428294179571533,0.05848017588935249,-1.5455177584150354e-15,4.4266846213317025e-18,8.279300487797472e-17
146.5,"[0.06062, 0.0456, 0.39030663685123823]",0.0456,0.39030663685123823,-0.0996316429720908,-0.08951003591157691,-0.0955381532600224,0.2565511654905209,0.2322396657518297,0.24669747336449338,-0.09732918803709531,-0.07307106080651025,-0.08722298539143197,-0.40203358080136165,-0.34188427931325927,-0.37736523635689573,0.06081132057644243,0.05428294179571533,0.05815978850997166,-2.6535994295394236e-15,4.4266846213317025e-18,3.2936882193878407e-16
146.52,"[0.06062, 0.0456, 0.39138174765233225]",0.0456,0.39138174765233225,-0.09885387992678957,-0.08764235087441496,-0.09498941820516835,0.2546789639868881,0.22779309488128668,0.24538169781963062,-0.09540900954025025,-0.06886736219908053,-0.08592532773664682,-0.3973465953630285,-0.3311051855999452,-0.3741247450693283,0.060307529483766366,0.053089663966873535,0.05780657266575682,-4.094533972989985e-15,4.399968948045639e-18,3.4613641491683754e-16
146.54,"[0.06062, 0.0456, 0.39138174765233225]",0.0456,0.39138174765233225,-0.09811963219967632,-0.08764235087441496,-0.09447660770473391,0.2529124834154212,0.22779309488128668,0.24415234225184254,-0.09360711000338146,-0.06886736219908053,-0.08471570092940596,-0.39293444381334713,-0.3311051855999452,-0.37109997602518047,0.05983234768829892,0.053089663966873535,0.05747660111189962,-4.629753316335847e-15,4.399968948045639e-18,5.005064129329014e-16
146.56,"[0.06062, 0.0456, 0.3924358954130407]",0.0456,0.3924358954130407,-0.09742745754563212,-0.08577955771921636,-0.09399778403855918,0.2512480565946503,0.22337037948063385,0.24300469694435556,-0.09191774228511462,-0.06473108264499468,-0.0835888477901906,-0.3887858949397046,-0.3204214042323763,-0.3682787016515852,0.05938475583873855,0.051902055104175976,0.05716860012314521,-4.936612400919096e-15,4.096577839329531e-18,6.804670039320397e-16
146.58,"[0.06062, 0.0456, 0.3924358954130407]",0.0456,0.3924358954130407,-0.09677581957928315,-0.08577955771921636,-0.09292052803855368,0.24968181826140062,0.22337037948063385,0.2404273376623015,-0.09033525233684175,-0.06473108264499468,-0.08108294523005799,-0.3848895282210595,-0.3204214042323763,-0.36196586765669725,0.058963686252732336,0.051902055104175976,0.05647689933228567,-5.057898791138422e-15,4.096577839329531e-18,1.1773910758422678e-15
146.6,"[0.06062, 0.0456, 0.3924358954130407]",0.0456,0.3924358954130407,-0.09609166959239313,-0.08577955771921636,-0.0924296623843877,0.24803915767582543,0.22337037948063385,0.2392533022199294,-0.08868979287416519,-0.06473108264499468,-0.07994453340671392,-0.3808173946517649,-0.3204214042323763,-0.35909334769918233,0.05852224530082816,0.051902055104175976,0.05616185386894889,-1.5836477393585246e-15,4.096577839329531e-18,1.1394065161110589e-15
146.62,"[0.06062, 0.0456, 0.39346803981679246]",0.0456,0.39346803981679246,-0.0954400661317437,-0.08392430627123121,-0.09128671052613004,0.2464755083293208,0.21897839313731243,0.23652429934014502,-0.08713065064516856,-0.06066670979641466,-0.07731889899262363,-0.37694835253303405,-0.30984665519704435,-0.35243453026761196,0.05810212502042983,0.05072178131470731,0.05542938483409669,-1.8824266717260556e-15,4.188961186422754e-18,1.4041281301410124e-15
146.64,"[0.06062, 0.0456, 0.39346803981679246]",0.0456,0.39346803981679246,-0.09436012819530462,-0.08392430627123121,-0.09074227318478749,0.2438876530980371,0.21897839313731243,0.23522460107484666,-0.0845764153845882,-0.06066670979641466,-0.07607010318160244,-0.37057083324656115,-0.30984665519704435,-0.3492648795018785,0.057407047052249464,0.05072178131470731,0.05508055605976443,-1.0326344299427794e-15,4.188961186422754e-18,1.355142955837878e-15
146.66,"[0.06062, 0.0456, 0.39447716226167345]",0.0456,0.39447716226167345,-0.09399834269425972,-0.08207936493958201,-0.09024656552423146,0.2430213478958806,0.2146241772476889,0.23404163074701323,-0.08372578416731258,-0.05667873486678226,-0.07493622246112903,-0.3684402378753385,-0.29939501699662896,-0.3463826030497674,0.05717439795297971,0.04955056957062331,0.054763077239466156,2.8016347646467416e-16,3.9368751585022095e-18,1.4306950637099646e-15
146.68,"[0.06062, 0.0456, 0.39447716226167345]",0.0456,0.39447716226167345,-0.09292664486037573,-0.08207936493958201,-0.08915029569059951,0.2404569390040266,0.2146241772476889,0.23143081420159475,-0.08121943573093322,-0.05667873486678226,-0.07245570298675695,-0.36214462233978584,-0.29939501699662896,-0.3400404780557082,0.05648578638395135,0.04955056957062331,0.05406216199879695,4.0708408590364855e-16,3.9368751585022095e-18,1.4142166567541247e-15
146.7,"[0.06062, 0.0456, 0.39447716226167345]",0.0456,0.39447716226167345,-0.09254900994340456,-0.08207936493958201,-0.08862140584326972,0.23955432652394273,0.2146241772476889,0.23017140319101137,-0.08034306245950125,-0.05667873486678226,-0.07126008214593103,-0.3599342079146027,-0.29939501699662896,-0.3369820363499257,0.05624342394541583,0.04955056957062331,0.05372405479797897,1.451641050699505e-15,3.9368751585022095e-18,1.3528839992404818e-15
146.72,"[0.06062, 0.0456, 0.3954622668656634]",0.0456,0.3954622668656634,-0.09185036525063445,-0.08024762115344228,-0.08804929932293214,0.23788491808192425,0.2103149313211793,0.22881212370875603,-0.07872490208116535,-0.052771647334583054,-0.06998122508064583,-0.3558485550768402,-0.2890809199412329,-0.3336908591305383,0.05579517345544014,0.04839020732939041,0.05335896757619938,6.016525683230089e-16,4.7341363834762764e-18,1.410168917300642e-15
146.74,"[0.06062, 0.0456, 0.3954622668656634]",0.0456,0.3954622668656634,-0.09112816272436572,-0.08024762115344228,-0.08751575414152575,0.23616108715130454,0.2103149313211793,0.22754486562442466,-0.07706360345659656,-0.052771647334583054,-0.068790920702073,-0.35163859285302435,-0.2890809199412329,-0.33062429212681704,0.055332294338349186,0.04839020732939041,0.053018589118427106,-2.639382338368569e-16,4.7341363834762764e-18,1.2473333382457951e-15
146.761,"[0.06062, 0.0456, 0.3964223814494513]",0.0456,0.3964223814494513,-0.09009924946059611,-0.07843208096784617,-0.08642894986239742,0.23370748215259374,0.20605800184327044,0.22496693164736006,-0.07471045792601103,-0.04894992898672229,-0.06638155304193888,-0.3456568466456269,-0.2789191361396904,-0.32439597459443936,0.054673422013438985,0.04724254169668992,0.052325946359355675,9.913261342151083e-17,4.718621862981331e-18,1.3454823361593314e-15
146.78,"[0.06062, 0.0456, 0.3964223814494513]",0.0456,0.3964223814494513,-0.08979094939085702,-0.07843208096784617,-0.08588463075450872,0.23297261153458357,0.20605800184327044,0.22367751413492937,-0.07400725569447027,-0.04894992898672229,-0.0651825806404686,-0.3438667204776683,-0.2789191361396904,-0.32128577939567576,0.05447608051365854,0.04724254169668992,0.05197939162961046,-1.4857567244030136e-15,4.718621862981331e-18,1.4426460314063442e-15
146.8,"[0.06062, 0.0456, 0.3964223814494513]",0.0456,0.3964223814494513,-0.08909773756967683,-0.07843208096784617,-0.08537717794003477,0.23132259060506066,0.20605800184327044,0.2224757723784838,-0.07243847495588368,-0.04894992898672229,-0.0640666382933973,-0.3398562592460512,-0.2789191361396904,-0.3183883940287724,0.054032899551332815,0.04724254169668992,0.051656388575873624,1.2442820184108985e-15,4.718621862981331e-18,1.2870134818017452e-15
146.82,"[0.06062, 0.0456, 0.39735655849585894]",0.0456,0.39735655849585894,-0.08843650199334356,-0.07663586770408287,-0.08420589443451101,0.22974985190036246,0.20186086956837485,0.2197077753186952,-0.07094826080667425,-0.04521804727951522,-0.06151350084167421,-0.3360381295437246,-0.26892476576973773,-0.311727869466124,0.05361043274080029,0.04610947806387712,0.05091190687764028,5.68297901638122e-16,4.122036779649844e-18,1.3035049190377543e-15
146.84,"[0.06062, 0.0456, 0.39735655849585894]",0.0456,0.39735655849585894,-0.0876846405109131,-0.07663586770408287,-0.08310976040100956,0.22796462590912797,0.20186086956837485,0.21711818108986183,-0.06926885726175498,-0.04521804727951522,-0.05912805222290667,-0.33171456114535974,-0.26892476576973773,-0.30549929003479304,0.05313073326528216,0.04610947806387712,0.0502153642785948,2.6970125324203017e-15,4.122036779649844e-18,9.989877935072402e-16
146.86,"[0.06062, 0.0456, 0.398263876084926]",0.0456,0.398263876084926,-0.0868638336375201,-0.07486221948201839,-0.08200811804485307,0.22601818462305784,0.1977311351146831,0.21451930517289736,-0.06744743590856844,-0.04158044800197266,-0.05674513818860296,-0.3270087487534253,-0.25911321919336266,-0.29925680043656594,0.052607580153489736,0.044992978148640055,0.04951600202384855,3.595119967195834e-15,3.486456611909301e-18,6.204418843686773e-16
146.88,"[0.06062, 0.0456, 0.398263876084926]",0.0456,0.398263876084926,-0.08599385063202529,-0.07486221948201839,-0.0814829733414952,0.22395735984879844,0.1977311351146831,0.21328246410412235,-0.06552728809438216,-0.04158044800197266,-0.055617191028938306,-0.32203336156446044,-0.25911321919336266,-0.29629059124145757,0.05205355112092803,0.044992978148640055,0.049182993687937805,3.996651964951278e-15,3.486456611909301e-18,4.05893495513979e-16
146.9,"[0.06062, 0.0456, 0.398263876084926]",0.0456,0.398263876084926,-0.08518404697011789,-0.07486221948201839,-0.08096241743415299,0.22204044535375195,0.1977311351146831,0.21205646218044089,-0.06374588490159377,-0.04158044800197266,-0.05449923668107292,-0.31740919403648754,-0.25911321919336266,-0.29335046408967047,0.051538115958864615,0.044992978148640055,0.048852901466267494,1.960901815767998e-15,3.486456611909301e-18,4.0885624358803536e-16
146.92,"[0.06062, 0.0456, 0.3991434388037341]",0.0456,0.3991434388037341,-0.08438193735827361,-0.07311448549607555,-0.08041024241503321,0.22014348855106933,0.19367650273768136,0.21075961794540649,-0.06198902174493181,-0.03804154723400426,-0.053326490486525935,-0.31283803535240307,-0.2495001944788498,-0.29024750701947116,0.05102792520524502,0.04389505736533675,0.04850338504153847,1.1527551640808343e-16,2.991825470304711e-18,2.836345324279081e-16
146.94,"[0.06062, 0.0456, 0.3991434388037341]",0.0456,0.3991434388037341,-0.08362731531905014,-0.07311448549607555,-0.07989594362104761,0.21836055313623953,0.19367650273768136,0.20955225119981896,-0.06034314081104822,-0.03804154723400426,-0.052236298941185866,-0.3085458349749553,-0.2495001944788498,-0.28735991890935697,0.05054826257411546,0.04389505736533675,0.04817794147311918,-1.0071442405564491e-15,2.991825470304711e-18,2.9176641697776374e-16
146.96,"[0.06062, 0.0456, 0.39999437863007037]",0.0456,0.39999437863007037,-0.08291835469642207,-0.07139612088366439,-0.07885400631223989,0.21668697576856255,0.1897047621673313,0.2071101747680467,-0.05880284086095989,-0.03460572260137426,-0.05004146258770335,-0.3045205109282877,-0.2401016498958737,-0.2815264853505244,0.0500979015649017,0.04281778145073701,0.04751927930947477,-1.828408737936852e-15,2.8684126553780188e-18,4.949284431547227e-16
146.98,"[0.06062, 0.0456, 0.39999437863007037]",0.0456,0.39999437863007037,-0.08219675140124857,-0.07139612088366439,-0.07830857109440947,0.21498590650540061,0.1897047621673313,0.20583342278260308,-0.057244399054994496,-0.03460572260137426,-0.04889802576194072,-0.3004345624359422,-0.2401016498958737,-0.2784794427657184,0.04963994429912999,0.04281778145073701,0.04717474964042496,-9.036944645593243e-17,2.8684126553780188e-18,5.250976136447381e-16
147.0,"[0.06062, 0.0456, 0.39999437863007037]",0.0456,0.39999437863007037,-0.08109043888672489,-0.07139612088366439,-0.07730605928923588,0.21238244699714495,0.1897047621673313,0.20348789268288675,-0.05487232928354738,-0.03460572260137426,-0.04680076188809369,-0.2941909099623258,-0.2401016498958737,-0.2728842131566744,0.04893864602072208,0.04281778145073701,0.04654170882416095,-2.2667003099016513e-16,2.8684126553780188e-18,5.762665302581588e-16
147.02,"[0.06062, 0.0456, 0.4008158557890617]",0.0456,0.4008158557890617,-0.08071200092697997,-0.0697106800353235,-0.07678388184670905,0.21149299156584891,0.1858237684066254,0.20227000693669,-0.054065172546707965,-0.0312773038396695,-0.04572095775695079,-0.2920602402848281,-0.23093377096651674,-0.26998503510497296,0.04869895230105415,0.04176326227193322,0.046212593327961314,2.2049907197127705e-16,2.5704950017853417e-18,5.238969224153535e-16
147.04,"[0.06062, 0.0456, 0.4008158557890617]",0.0456,0.4008158557890617,-0.08001265427155077,-0.0697106800353235,-0.07629512466488168,0.20985023420369842,0.1858237684066254,0.20113056416494146,-0.052576954113531145,-0.0312773038396695,-0.04471204723308079,-0.2881268773310549,-0.23093377096651674,-0.2672735537558926,0.04825616449080327,0.04176326227193322,0.04590462702471887,-4.582212458242012e-16,2.5704950017853417e-18,5.677193220080534e-16
147.06,"[0.06062, 0.0456, 0.4016070595819301]",0.0456,0.4016070595819301,-0.07935031179264297,-0.06806180820055946,-0.0758092707559788,0.20829604674602056,0.1820414194069146,0.19999790191011962,-0.05117342375844135,-0.028060562691135084,-0.04370917296659753,-0.28440877917892343,-0.22201293168561587,-0.2645782308634594,0.04783708933951861,0.04073365274638239,0.04559849214395161,-9.682109742233637e-16,2.1590906545410845e-18,7.054663381373569e-16
147.08,"[0.06062, 0.0456, 0.4016070595819301]",0.0456,0.4016070595819301,-0.07867751399566923,-0.06806180820055946,-0.07528765907998695,0.2067193992274221,0.1820414194069146,0.1987855275119406,-0.04975521611300497,-0.028060562691135084,-0.04264387485297732,-0.28064097500469093,-0.22201293168561587,-0.2616983196671003,0.04741175587234127,0.04073365274638239,0.045270391062015525,-1.5764033985975735e-15,2.1590906545410845e-18,6.717553204044742e-16
147.1,"[0.06062, 0.0456, 0.4016070595819301]",0.0456,0.4016070595819301,-0.0780334415616845,-0.06806180820055946,-0.07479851710370711,0.20521196360170293,0.1820414194069146,0.1976491334386407,-0.04840406127859252,-0.028060562691135084,-0.04164663949493827,-0.27704187049625156,-0.22201293168561587,-0.25899978676896795,0.047004896558360376,0.04073365274638239,0.04496279851182105,-1.8073039837079003e-15,2.1590906545410845e-18,7.129111816974961e-16
147.12,"[0.06062, 0.0456, 0.4023672091860553]",0.0456,0.4023672091860553,-0.07741880591466357,-0.06645323125312931,-0.07376161227325825,0.20377502587094015,0.1783656315584655,0.19524344877757743,-0.04712015114466613,-0.024959702170768927,-0.03954236665738545,-0.2736138745937569,-0.21335564957032974,-0.25329110824124396,0.046616897929499586,0.03973114080981476,0.04431123928676286,-1.9682503267664216e-15,1.992271509906681e-18,8.627175253952687e-16
147.142,"[0.06062, 0.0456, 0.4023672091860553]",0.0456,0.4023672091860553,-0.07642122162041101,-0.06645323125312931,-0.07325070635697328,0.2014480169445757,0.1783656315584655,0.19406029149614185,-0.04505371231167233,-0.024959702170768927,-0.03851220535679283,-0.26807106641935324,-0.21335564957032974,-0.2504863866116511,0.04598800437555711,0.03973114080981476,0.04399053362284345,6.3690534775126825e-16,1.992271509906681e-18,9.149451559745995e-16
147.16,"[0.06062, 0.0456, 0.403095554425552]",0.0456,0.403095554425552,-0.07610417009405451,-0.06488874349518593,-0.07277779338639981,0.20070924439983376,0.17480431296361912,0.192965597742252,-0.044399561618742166,-0.0219788452514134,-0.037560215551460954,-0.2663125984415124,-0.20497853426352042,-0.24789212439783764,0.0457882573002773,0.038757942376472614,0.043693753506566874,-6.189351359369404e-16,1.893675330506751e-18,8.2562341711628915e-16
147.18,"[0.06062, 0.0456, 0.403095554425552]",0.0456,0.403095554425552,-0.0754173651934401,-0.06488874349518593,-0.07172828302941459,0.19911141858808834,0.17480431296361912,0.190542738340041,-0.04299063195916327,-0.0219788452514134,-0.0354660844148468,-0.2625131595181838,-0.20497853426352042,-0.24215741155507328,0.04535595886483378,0.038757942376472614,0.04303607003484331,7.828090361878567e-16,1.893675330506751e-18,8.112886377904206e-16
147.2,"[0.06062, 0.0456, 0.403095554425552]",0.0456,0.403095554425552,-0.07476158152084308,-0.06488874349518593,-0.07123064267285402,0.19758754703503498,0.17480431296361912,0.18939432598702902,-0.04165093121234245,-0.0219788452514134,-0.03447443928191716,-0.2588920975919859,-0.20497853426352042,-0.23943980941403795,0.044943463056415736,0.038757942376472614,0.0427242852420739,2.263973486300338e-16,1.893675330506751e-18,8.748507944863281e-16
147.22,"[0.06062, 0.0456, 0.40379137651160296]",0.0456,0.40379137651160296,-0.07409070313971756,-0.06337219340198419,-0.07070379889568029,0.19603083503611454,0.17136533449480756,0.18818215308081546,-0.04028739775039292,-0.01912202303132793,-0.033434719119735765,-0.25519616284378377,-0.1968982294998608,-0.2365750541261312,0.0445218192716759,0.03781629324815754,0.0423947212248374,-4.4403315935462e-16,2.053415045844481e-18,7.965092961197075e-16
147.24,"[0.06062, 0.0456, 0.40379137651160296]",0.0456,0.40379137651160296,-0.07344719133334526,-0.06337219340198419,-0.07020945037616878,0.19453958546480768,0.17136533449480756,0.18704526802122226,-0.038985388815377074,-0.01912202303132793,-0.03246069648750582,-0.25165815219303295,-0.1968982294998608,-0.2338888968449579,0.044117670642762244,0.03781629324815754,0.0420855629595774,-7.914863453688772e-16,2.053415045844481e-18,7.945466822138389e-16
147.26,"[0.06062, 0.0456, 0.4044539887518169]",0.0456,0.4044539887518169,-0.07283202055147626,-0.061907467238400765,-0.06974553617403732,0.193115665150723,0.16805649868067338,0.1859787982076859,-0.03774569727786591,-0.0163931624615982,-0.03154791360375088,-0.248281993682488,-0.18913134834896378,-0.23136965720778455,0.0437315701829434,0.036908439944161764,0.041795501652120814,-1.0601635699346827e-15,1.793217562058389e-18,8.124825250835632e-16
147.28,"[0.06062, 0.0456, 0.4044539887518169]",0.0456,0.4044539887518169,-0.07224558851975739,-0.061907467238400765,-0.0692373225268936,0.19175966043173942,0.16805649868067338,0.18481377018027212,-0.036568118384545024,-0.0163931624615982,-0.03055671268443806,-0.24506864975787063,-0.18913134834896378,-0.22862053384653075,0.04336371716207395,0.036908439944161764,0.04147819492210239,-1.2544330836049803e-15,1.793217562058389e-18,8.424006956022595e-16
147.3,"[0.06062, 0.0456, 0.4044539887518169]",0.0456,0.4044539887518169,-0.07167401798111003,-0.061907467238400765,-0.0687572173295282,0.19043994128415384,0.16805649868067338,0.18371362290347923,-0.03542595130626675,-0.0163931624615982,-0.02962162011093641,-0.2419435077402895,-0.18913134834896378,-0.2260250238780979,0.04300546793646664,0.036908439944161764,0.04117850299579013,-1.2095336695571417e-15,1.793217562058389e-18,8.619294349664274e-16
147.32,"[0.06062, 0.0456, 0.4050827372279109]",0.0456,0.4050827372279109,-0.07111982585730592,-0.06049847051572966,-0.06825644450907675,0.18916194079201548,0.16488550651033923,0.18256969746847826,-0.034323128383873525,-0.013796073724233,-0.02865565269731688,-0.23891899581203271,-0.1816944017766129,-0.2233292501554977,0.04265834459772592,0.03603662944349391,0.04086639778414051,-1.1872476770612676e-15,2.2265382612757554e-18,9.499122796916176e-16
147.34,"[0.06062, 0.0456, 0.4050827372279109]",0.0456,0.4050827372279109,-0.07062085295498449,-0.06049847051572966,-0.06776984501951783,0.1880123678498863,0.16488550651033923,0.18145833226779026,-0.03333324507536165,-0.013796073724233,-0.027717537872105923,-0.2361995637778948,-0.1816944017766129,-0.22071039940400847,0.042345964172181255,0.03603662944349391,0.04056315226343877,-7.577030393550977e-16,2.2265382612757554e-18,9.749136526495974e-16
147.36,"[0.06062, 0.0456, 0.4056770014410486]",0.0456,0.4056770014410486,-0.07012295540130693,-0.05914910730222151,-0.06723988296869676,0.18686712395753946,0.16185992229801455,0.18025106054382306,-0.03235069104570026,-0.011334437364458844,-0.02670370338040498,-0.23349231912004711,-0.17460372071302588,-0.21786783201929685,0.0420345220063719,0.0352030978539123,0.04023329796037188,-4.4071051337682055e-16,2.5590284107193243e-18,9.851126156288364e-16
147.38,"[0.06062, 0.0456, 0.4056770014410486]",0.0456,0.4056770014410486,-0.06967586442874919,-0.05914910730222151,-0.06723988296869676,0.18583945353665454,0.16185992229801455,0.18025106054382306,-0.03147039194735012,-0.011334437364458844,-0.02670370338040498,-0.23106375437946547,-0.17460372071302588,-0.21786783201929685,0.04175496175520425,0.0352030978539123,0.04023329796037188,-1.5665510366157619e-15,2.5590284107193243e-18,9.851126156288364e-16
147.4,"[0.06062, 0.0456, 0.4056770014410486]",0.0456,0.4056770014410486,-0.06921302795134124,-0.05914910730222151,-0.0667511255950241,0.18477765886820258,0.16185992229801455,0.17913837547375933,-0.03056472112428369,-0.011334437364458844,-0.025770655059225933,-0.22855652913657415,-0.17460372071302588,-0.21524866629803127,0.04146584563417544,0.0352030978539123,0.03992919077404113,-9.88800081899079e-16,2.5590284107193243e-18,1.0047986589979689e-15
147.42,"[0.06062, 0.0456, 0.4062361949241983]",0.0456,0.4062361949241983,-0.06849213531282126,-0.057863257453388404,-0.06621395459531719,0.1831274088770474,0.15898713680673313,0.17791833355843537,-0.029163678729167967,-0.009011791292030596,-0.02475215007816673,-0.22466309343296148,-0.16787537198447783,-0.212378617475107,0.04101602610519774,0.03441005804898817,0.039595330155376134,3.6302807272578866e-16,2.080211314189847e-18,9.94413810372899e-16
147.44,"[0.06062, 0.0456, 0.4062361949241983]",0.0456,0.4062361949241983,-0.06826431724106113,-0.057863257453388404,-0.06570032646152177,0.18260650134526984,0.15898713680673313,0.17675209543840975,-0.028722525866476074,-0.009011791292030596,-0.023779159595325165,-0.22343464584003508,-0.16787537198447783,-0.2096354263630543,0.040873956510210814,0.03441005804898817,0.03927614727636375,-2.9062592452269364e-16,2.080211314189847e-18,9.610202422854757e-16
147.46,"[0.06062, 0.0456, 0.40675976582090423]",0.0456,0.40675976582090423,-0.06777715899294888,-0.05664475188749763,-0.06516989010060589,0.18149416422314335,0.15627432888988013,0.1755509221236379,-0.027783286279552198,-0.006831517775813138,-0.02278213861993983,-0.2208127941449112,-0.16152506864873384,-0.20681206413041264,0.040570372755770474,0.0336596863443584,0.03894693450452652,-8.971870831200536e-17,2.0725009318137024e-18,9.80332631736182e-16
147.48,"[0.06062, 0.0456, 0.40675976582090423]",0.0456,0.40675976582090423,-0.06732951717589097,-0.05664475188749763,-0.06516989010060589,0.1804730538227464,0.15627432888988013,0.1755509221236379,-0.026922800116594127,-0.006831517775813138,-0.02278213861993983,-0.2184067580486044,-0.16152506864873384,-0.20681206413041264,0.04029154863749031,0.0336596863443584,0.03894693450452652,3.7905409871816563e-16,2.0725009318137024e-18,9.80332631736182e-16
147.5,"[0.06062, 0.0456, 0.40675976582090423]",0.0456,0.40675976582090423,-0.06691918803156997,-0.05664475188749763,-0.06465309403871312,0.1795378488000701,0.15627432888988013,0.17438077938760552,-0.026136074436761213,-0.006831517775813138,-0.0218111194236878,-0.21620376620956114,-0.16152506864873384,-0.20406175003881358,0.0400360719522191,0.0336596863443584,0.03862620652530296,-6.721323828916792e-16,2.0725009318137024e-18,9.4615818618222e-16
147.52,"[0.06062, 0.0456, 0.40726593607123207]",0.0456,0.40726593607123207,-0.06648863017292975,-0.055453440549372346,-0.06411457281882205,0.17855800561187463,0.15363106531110823,0.17316461505969277,-0.02531433298882511,-0.004718851053462184,-0.0208067543441291,-0.2138967831426025,-0.15533995489143035,-0.20120501609582248,0.03976819752109663,0.03292708914483347,0.03829239485737665,-2.228942969244828e-16,1.9668948628668285e-18,9.316679657838674e-16
147.54,"[0.06062, 0.0456, 0.40726593607123207]",0.0456,0.40726593607123207,-0.06603755927565204,-0.055453440549372346,-0.0636098514426879,0.17753326140713074,0.15363106531110823,0.1720251677938714,-0.024457893050862805,-0.004718851053462184,-0.019866386959944964,-0.21148534740918756,-0.15533995489143035,-0.19852875961891076,0.03948779501498177,0.03292708914483347,0.0379795851459096,1.2672360714735887e-16,1.9668948628668285e-18,9.320806589599928e-16
147.56,"[0.06062, 0.0456, 0.4076980087150443]",0.0456,0.4076980087150443,-0.06562171971124585,-0.05442437337002326,-0.0636098514426879,0.17658927387470624,0.15135522657606826,0.1720251677938714,-0.023670139962682413,-0.002910349356065509,-0.019866386959944964,-0.20926445881743,-0.15001768824378267,-0.19852875961891076,0.03922938801388229,0.03229522272710126,0.0379795851459096,5.507394642951558e-16,2.0997914742798536e-18,9.320806589599928e-16
147.58,"[0.06062, 0.0456, 0.4076980087150443]",0.0456,0.4076980087150443,-0.065239464740204,-0.05442437337002326,-0.0630832758685385,0.17572209371949418,0.15135522657606826,0.1708390204902139,-0.022947426896632095,-0.002910349356065509,-0.01889141495558472,-0.207224675975093,-0.15001768824378267,-0.19574416300956998,0.038991925468960666,0.03229522272710126,0.0376535621209797,-3.9902749349387753e-16,2.0997914742798536e-18,9.356458001123613e-16
147.6,"[0.06062, 0.0456, 0.4076980087150443]",0.0456,0.4076980087150443,-0.06482978885459141,-0.05442437337002326,-0.0630832758685385,0.17479430980609664,0.15135522657606826,0.1708390204902139,-0.022176784632317512,-0.002910349356065509,-0.01889141495558472,-0.20504337851709464,-0.15001768824378267,-0.19574416300956998,0.03873763643283713,0.03229522272710126,0.0376535621209797,6.484190079101072e-17,2.0997914742798536e-18,9.356458001123613e-16
147.62,"[0.06062, 0.0456, 0.4081117547800174]",0.0456,0.4081117547800174,-0.06449795138722754,-0.053430320507884474,-0.06255035571839682,0.17404280483622378,0.14916352696138768,0.16964142819410744,-0.021552564398182508,-0.001176126004510129,-0.017911164030132886,-0.20327652757603853,-0.14489224686022054,-0.1929339940894093,0.038531662313577915,0.03168549795127931,0.03732395874900446,-6.25013823837197e-16,2.2904898472323692e-18,9.643658553365246e-16
147.64,"[0.06062, 0.0456, 0.4081117547800174]",0.0456,0.4081117547800174,-0.06412790821015561,-0.053430320507884474,-0.062035843917597755,0.17320654327438584,0.14916352696138768,0.16848534406680538,-0.020860698332712098,-0.001176126004510129,-0.01696510726196521,-0.20131144621902133,-0.14489224686022054,-0.19022130600242468,0.03830219863630229,0.03168549795127931,0.03700575848428001,3.7473252118870556e-18,2.2904898472323692e-18,9.536269762696648e-16
147.66,"[0.06062, 0.0456, 0.40848802730740813]",0.0456,0.40848802730740813,-0.06360263424273664,-0.05251756751837183,-0.061486557864711834,0.17202074110366428,0.14715678747155464,0.16725338134827036,-0.01988162375708518,0.00040438960308296725,-0.0159601163137268,-0.1985257459630842,-0.14020080553741618,-0.1873314648945452,0.037976637576538165,0.031126321999202497,0.0366663241121243,2.0746978078365143e-16,1.9255510871740805e-18,8.9916331908392e-16
147.68,"[0.06062, 0.0456, 0.40848802730740813]",0.0456,0.40848802730740813,-0.06344595521021575,-0.05251756751837183,-0.061486557864711834,0.17166720140005187,0.14715678747155464,0.16725338134827036,-0.019589972109890635,0.00040438960308296725,-0.0159601163137268,-0.19769530196983517,-0.14020080553741618,-0.1873314648945452,0.03787954966730944,0.031126321999202497,0.0366663241121243,-1.260926069967214e-16,1.9255510871740805e-18,8.9916331908392e-16
147.7,"[0.06062, 0.0456, 0.40848802730740813]",0.0456,0.40848802730740813,-0.06307366971457636,-0.05251756751837183,-0.060969262789951864,0.17082857559037265,0.14715678747155464,0.16609351681199583,-0.018900299513039058,0.00040438960308296725,-0.01501446796467492,-0.19572617293095113,-0.14020080553741618,-0.18461092995446532,0.037649036811818345,0.031126321999202497,0.036346702215041854,4.126888690343147e-16,1.9255510871740805e-18,8.462083978220265e-16
147.72,"[0.06062, 0.0456, 0.4088264549616599]",0.0456,0.4088264549616599,-0.06267383239890159,-0.051689605618727014,-0.06044149927848932,0.1699289144226356,0.14534133600201682,0.16491241971976006,-0.01816199152325162,0.0018283969529126675,-0.014054605608012073,-0.19361427677082202,-0.135957240540033,-0.18184142870875164,0.03740159323842524,0.030619628165170453,0.036020880028488036,6.884858324263979e-16,2.1208635083599054e-18,8.174574151155425e-16
147.741,"[0.06062, 0.0456, 0.4088264549616599]",0.0456,0.4088264549616599,-0.06211161896769691,-0.051689605618727014,-0.05992575529269224,0.1686651132228368,0.14534133600201682,0.1637582918258793,-0.017126638797353697,0.0018283969529126675,-0.01311676359195879,-0.19064816455456818,-0.135957240540033,-0.1791351987727835,0.03705381155563588,0.030619628165170453,0.035702486896317276,6.052652925920595e-16,2.1208635083599054e-18,7.484262139978079e-16
147.76,"[0.06062, 0.0456, 0.40912670375553684]",0.0456,0.40912670375553684,-0.06189303260020981,-0.05094937744936936,-0.059393692028310414,0.16817443108323218,0.14372224335987924,0.16256964057737816,-0.01672565127912807,0.0030937021376676137,-0.0121535730530314,-0.1894968679792657,-0.13217307175213422,-0.17634869412167115,0.03691867908970105,0.030167058721011157,0.03537425512418374,1.321453035383423e-15,2.1982113986601646e-18,6.738291286732456e-16
147.78,"[0.06062, 0.0456, 0.40912670375553684]",0.0456,0.40912670375553684,-0.06146604358534891,-0.05094937744936936,-0.058883808535506135,0.1672164994996354,0.14372224335987924,0.16143071316081814,-0.015943643569031288,0.0030937021376676137,-0.01123092304585651,-0.1872495003703056,-0.13217307175213422,-0.17367882866504566,0.036654779395739974,0.030167058721011157,0.03505972716672275,1.4580735679787555e-15,2.1982113986601646e-18,5.956671322100787e-16
147.8,"[0.06062, 0.0456, 0.40912670375553684]",0.0456,0.40912670375553684,-0.061021308440235046,-0.05094937744936936,-0.05839683878037343,0.1662197035628967,0.14372224335987924,0.16034310875709498,-0.015131265174613504,0.0030937021376676137,-0.010350051876198427,-0.18491136064276917,-0.13217307175213422,-0.17112933462781982,0.03638002698839374,0.030167058721011157,0.0347593509124198,1.4520744605179585e-15,2.1982113986601646e-18,5.230080633654792e-16
147.82,"[0.06062, 0.0456, 0.40938847737972883]",0.0456,0.40938847737972883,-0.06056648648282562,-0.05029957219126849,-0.057900518956943155,0.16520103494627164,0.14230408829342295,0.15923639651152743,-0.014302113057504895,0.004198349078716526,-0.009456072019702026,-0.18252223016863023,-0.1288587600606985,-0.16853560198133313,0.03609913239684185,0.029770110638374685,0.034453415135299384,1.3508147480973717e-15,2.230153006520447e-18,4.590996196450059e-16
147.84,"[0.06062, 0.0456, 0.40938847737972883]",0.0456,0.40938847737972883,-0.06010462143701921,-0.05029957219126849,-0.05742756591889172,0.1641673577459114,0.14230408829342295,0.15818195213336267,-0.013461823451710223,0.004198349078716526,-0.008604541629451293,-0.18009820675656874,-0.1288587600606985,-0.16606442866269827,0.035813980337085806,0.029770110638374685,0.034161902441574125,1.2544348128147073e-15,2.230153006520447e-18,4.000971136552059e-16
147.86,"[0.06062, 0.0456, 0.40961151749527314]",0.0456,0.40961151749527314,-0.05963854666200088,-0.0497425989630002,-0.05742756591889172,0.16312503067369824,0.14109092744938123,0.15818195213336267,-0.012615577644887917,0.005140625764367768,-0.008604541629451293,-0.17765419452273687,-0.1260236229163933,-0.16606442866269827,0.035526321679370386,0.029430122584962356,0.034161902441574125,1.099772505547912e-15,2.2604911906944687e-18,4.000971136552059e-16
147.88,"[0.06062, 0.0456, 0.40961151749527314]",0.0456,0.40961151749527314,-0.05921846032079214,-0.0497425989630002,-0.05696900152013953,0.16218584575114778,0.14109092744938123,0.1571612672409539,-0.011853480806199275,0.005140625764367768,-0.007782494983558747,-0.17545213901457518,-0.1260236229163933,-0.16367286938303371,0.03526708202418649,0.029430122584962356,0.03387945396085383,4.635430218622316e-17,2.2604911906944687e-18,4.0056455086845797e-16
147.9,"[0.06062, 0.0456, 0.40961151749527314]",0.0456,0.40961151749527314,-0.0587910631486685,-0.0497425989630002,-0.05652300075713311,0.16123117583434177,0.14109092744938123,0.1561686190325427,-0.011079993504147038,0.005140625764367768,-0.006983127438982349,-0.1732140777898854,-0.1260236229163933,-0.1613470276061951,0.035003432692150394,0.029430122584962356,0.03360475247665218,8.537517205484561e-17,2.2604911906944687e-18,3.729920430299327e-16
147.92,"[0.06062, 0.0456, 0.4097956039885037]",0.0456,0.4097956039885037,-0.05836013129427638,-0.049280560867980785,-0.05609227129982607,0.16026929004212778,0.1400862642372843,0.155211376375545,-0.01030158895599838,0.005919071534080554,-0.006214120890528056,-0.17095933826027526,-0.1236757495301982,-0.15910453127971744,0.03473768345120313,0.029148261451738638,0.03333962041603478,7.883699927388904e-17,2.288416653955293e-18,3.8593088207670323e-16
147.94,"[0.06062, 0.0456, 0.4097956039885037]",0.0456,0.4097956039885037,-0.05796800354649107,-0.049280560867980785,-0.05567320006854477,0.15939443828473585,0.1400862642372843,0.15428010729028455,-0.009594180617140083,0.005919071534080554,-0.0054660673977678705,-0.1689087496086445,-0.1236757495301982,-0.15692290295736547,0.03449591335997427,0.029148261451738638,0.0330816720591093,2.08609494107369e-16,2.288416653955293e-18,3.7225762035015075e-16
147.96,"[0.06062, 0.0456, 0.4099405551882766]",0.0456,0.4099405551882766,-0.05756970729649833,-0.048915231589419614,-0.05567320006854477,0.15850652961358958,0.13929302128979446,0.15428010729028455,-0.008877163924012289,0.006532483236731996,-0.0054660673977678705,-0.16682778529919373,-0.12182192498355426,-0.15692290295736547,0.03425042286493103,0.028925510220579483,0.0330816720591093,2.740458657064282e-16,2.3404037471474886e-18,3.7225762035015075e-16
147.98,"[0.06062, 0.0456, 0.4099405551882766]",0.0456,0.4099405551882766,-0.05720937092317163,-0.048915231589419614,-0.055271536102287494,0.1577035093722672,0.13929302128979446,0.1533886627114404,-0.008229055588196591,0.006532483236731996,-0.004751478123641263,-0.16494585765945619,-0.12182192498355426,-0.15483486095445903,0.034028360211823455,0.028925510220579483,0.03283456904322083,-4.2939664686649894e-16,2.3404037471474886e-18,3.8962283184927647e-16
148.0,"[0.06062, 0.0456, 0.4099405551882766]",0.0456,0.4099405551882766,-0.056841182307204176,-0.048915231589419614,-0.05489554189776116,0.15688368850683101,0.13929302128979446,0.15255435247823787,-0.007568315874105417,0.006532483236731996,-0.0040829060844572084,-0.1630247682907658,-0.12182192498355426,-0.15288069490466566,0.03380153988978724,0.028925510220579483,0.03260327705810326,-2.843004722079778e-16,2.3404037471474886e-18,4.1046232340537363e-16
148.02,"[0.06062, 0.0456, 0.410046228045258]",0.0456,0.410046228045258,-0.05650535010781993,-0.04864803509844764,-0.05451580773550569,0.15613620258250782,0.13871351705613938,0.15171244839423184,-0.006966259501762299,0.0069799202027619875,-0.003409143338942346,-0.1612732692971465,-0.12046756495355151,-0.15090890217207034,0.0335946862304263,0.02876265745916191,0.03236976420056492,-7.995828667442092e-17,2.4331862283590367e-18,4.079076892592263e-16
148.04,"[0.06062, 0.0456, 0.410046228045258]",0.0456,0.410046228045258,-0.056161513131685575,-0.04864803509844764,-0.05415304430428196,0.15537146065441523,0.13871351705613938,0.150908267574064,-0.006351046082073088,0.0069799202027619875,-0.0027656987188556586,-0.1594815008945655,-0.12046756495355151,-0.14902548746938302,0.033382967201929716,0.02876265745916191,0.03214669858053861,7.507481773536438e-17,2.4331862283590367e-18,3.9840183373065426e-16
148.06,"[0.06062, 0.0456, 0.410112518273096]",0.0456,0.410112518273096,-0.05581255276329038,-0.048480028978471056,-0.05415304430428196,0.15459583024308005,0.13834944698037768,0.150908267574064,-0.005727740103005736,0.007260707996347613,-0.0027656987188556586,-0.15766436567226125,-0.11961666253540638,-0.14902548746938302,0.03316815206966664,0.028660288694646468,0.03214669858053861,1.5546537305908166e-16,2.440006347404828e-18,3.9840183373065426e-16
148.08,"[0.06062, 0.0456, 0.410112518273096]",0.0456,0.410112518273096,-0.05549724615606513,-0.048480028978471056,-0.053813578406935715,0.15389519333606574,0.13834944698037768,0.1501563101567485,-0.005164952244124835,0.007260707996347613,-0.00216477434059463,-0.1560229788188923,-0.11961666253540638,-0.14726451486255543,0.03297407590673179,0.028660288694646468,0.03193802408209606,-3.818305291552149e-16,2.440006347404828e-18,4.1317097624934085e-16
148.1,"[0.06062, 0.0456, 0.410112518273096]",0.0456,0.410112518273096,-0.05517734928373068,-0.048480028978471056,-0.053483535236874075,0.15318480553210723,0.13834944698037768,0.14942526202775208,-0.00459491844656383,0.007260707996347613,-0.0015806076999776153,-0.15435887067240733,-0.11961666253540638,-0.1455525186382661,0.032777226060050256,0.028660288694646468,0.03173514610162238,-2.5546546490942237e-16,2.440006347404828e-18,4.093000827973685e-16
148.12,"[0.06062, 0.0456, 0.4101393604513391]",0.0456,0.4101393604513391,-0.05485552461482748,-0.04841189179209458,-0.05315482022617766,0.1524704922663893,0.13820186963562414,0.14869715418267318,-0.004022199408809601,0.007374440928632733,-0.0009987884815544548,-0.15268566379113063,-0.11927174840400079,-0.14384740763702455,0.032579230867948415,0.028618779879095422,0.0315330843579882,-1.73368375366213e-16,2.4402813998390668e-18,4.305535672555796e-16
148.14,"[0.06062, 0.0456, 0.4101393604513391]",0.0456,0.4101393604513391,-0.05453239078098353,-0.04841189179209458,-0.052858730378503464,0.151753558030591,0.13820186963562414,0.14804162348244698,-0.0034477513367159813,0.007374440928632733,-0.0004753636704582741,-0.15100639512705277,-0.11927174840400079,-0.1423123344728982,0.03238046303105562,0.028618779879095422,0.03135111277687573,-1.0770865811962179e-16,2.4402813998390668e-18,4.096344361554437e-16
148.161,"[0.06062, 0.0456, 0.41014]",0.0456,0.41014,-0.05405030363314291,-0.04841189179209458,-0.05257347859077813,0.15068447313546623,0.13820186963562414,0.14741011715511193,-0.0025918139106571904,0.007374440928632733,2.8840072661124217e-05,-0.14850242400004934,-0.11927174840400079,-0.14083352750138856,0.032083978378573096,0.028618779879095422,0.0311758054408815,1.3917111544923148e-16,2.4402813998390668e-18,4.013029110629977e-16
148.18,"[0.06062, 0.0456, 0.41014]",0.0456,0.41014,-0.05390262112889968,-0.04841189179209458,-0.052315937937818885,0.15035703753747875,0.13820186963562414,0.1468400458720324,-0.00232974851445447,0.007374440928632733,0.00048388029173516837,-0.14773553435289005,-0.11927174840400079,-0.13949860674468328,0.03199316108480413,0.028618779879095422,0.031017538487392537,-1.0212414956958345e-16,2.4402813998390668e-18,4.152595567541228e-16
148.2,"[0.06062, 0.0456, 0.41014]",0.0456,0.41014,-0.05362432998136026,-0.04841189179209458,-0.05206620961354053,0.14974011553662428,0.13820186963562414,0.14628728344529218,-0.0018361126650448317,0.007374440928632733,0.0009250832845968279,-0.14629066098061574,-0.11927174840400079,-0.13820422194563461,0.03182203681711004,0.028618779879095422,0.03086407430844368,-4.5690992810843986e-17,2.4402813998390668e-18,4.163064817969791e-16
148.22,"[0.06062, 0.0456, 0.41014]",0.0456,0.41014,-0.053350762660658996,-0.04841189179209458,-0.05206620961354053,0.14913382605777942,0.13820186963562414,0.14628728344529218,-0.0013511937080095356,0.007374440928632733,0.0009250832845968279,-0.14487073220105826,-0.11927174840400079,-0.13820422194563461,0.03165383571656908,0.028618779879095422,0.03086407430844368,-3.5701720906511485e-18,2.4402813998390668e-18,4.163064817969791e-16
148.24,"[0.06062, 0.0456, 0.41014]",0.0456,0.41014,-0.052980075113330076,-0.04841189179209458,-0.05184047289799199,0.1483124529298612,0.13820186963562414,0.14578768264457007,-0.0006944530653141673,0.007374440928632733,0.0013237791189731965,-0.1429471196425151,-0.11927174840400079,-0.1370343390788527,0.031425938957567956,0.028618779879095422,0.03072536013444515,-1.0091895043464863e-16,2.4402813998390668e-18,4.3049914620887417e-16
148.26,"[0.06062, 0.0456, 0.41014]",0.0456,0.41014,-0.052866114891791036,-0.04841189179209458,-0.05162154514011273,0.14805997590137887,0.13820186963562414,0.14530316211292918,-0.0004926298489948993,0.007374440928632733,0.001710426540621196,-0.1423558415888483,-0.11927174840400079,-0.13589977153133026,0.031355881075256095,0.028618779879095422,0.030590831258656106,-2.4236006272928656e-16,2.4402813998390668e-18,4.330451059815713e-16
148.28,"[0.06062, 0.0456, 0.41014]",0.0456,0.41014,-0.05262964663897091,-0.04841189179209458,-0.051414035206434956,0.14753618128167048,0.13820186963562414,0.14484393071765342,-7.404913897762378e-05,0.007374440928632733,0.0020768674694302295,-0.14112918828307466,-0.11927174840400079,-0.13482442700429104,0.031210521610102744,0.028618779879095422,0.030463320785846442,-1.7782965046555638e-16,2.4402813998390668e-18,4.324834587468487e-16
148.3,"[0.06062, 0.0456, 0.41014]",0.0456,0.41014,-0.05239868046678759,-0.04841189179209458,-0.05122728650043069,0.14702465367460282,0.13820186963562414,0.14443067827894168,0.00033462501261926925,0.007374440928632733,0.0024065765019322016,-0.13993128364525428,-0.11927174840400079,-0.1338567564226241,0.031068553453494817,0.028618779879095422,0.030348571455356667,-1.3287862839430738e-16,2.4402813998390668e-18,4.424719391675007e-16
148.32,"[0.06062, 0.0456, 0.41014]",0.0456,0.41014,-0.05219292299671967,-0.04841189179209458,-0.0510462909492295,0.14656899106900687,0.13820186963562414,0.14403016300257732,0.0006986219786701158,0.007374440928632733,0.0027261153392216728,-0.13886421383045167,-0.11927174840400079,-0.1329189127620781,0.030942084313593497,0.028618779879095422,0.030237357902342055,-5.79164565077907e-17,2.4402813998390668e-18,4.4309964459690683e-16
148.34,"[0.06062, 0.0456, 0.41014]",0.0456,0.41014,-0.05200945206241687,-0.04841189179209458,-0.0510462909492295,0.14616271163898123,0.13820186963562414,0.14403016300257732,0.0010231333341117034,0.007374440928632733,0.0027261153392216728,-0.1379127969280808,-0.11927174840400079,-0.1329189127620781,0.030829316870529644,0.028618779879095422,0.030237357902342055,-2.4700435115534574e-16,2.4402813998390668e-18,4.4309964459690683e-16
148.36,"[0.06062, 0.0456, 0.41014]",0.0456,0.41014,-0.05182645145091075,-0.04841189179209458,-0.05088155080163999,0.1457575273981581,0.13820186963562414,0.14366564001364304,0.0013466999111039323,0.007374440928632733,0.0030169106773665247,-0.13696395894167826,-0.11927174840400079,-0.1320653541009102,0.03071684466657504,0.028618779879095422,0.0301361350340288,-1.475361744045736e-16,2.4402813998390668e-18,4.459142838127991e-16
148.38,"[0.06062, 0.0456, 0.41014]",0.0456,0.41014,-0.051570383374953954,-0.04841189179209458,-0.05072258750866061,0.14519062591708248,0.13820186963562414,0.14331390368517155,0.0017993270231024528,0.007374440928632733,0.0032975001727803548,-0.13563643703713799,-0.11927174840400079,-0.13124173748446308,0.03055947235615672,0.028618779879095422,0.030038462167581204,-1.5262368467874459e-16,2.4402813998390668e-18,4.4324093245505604e-16
148.4,"[0.06062, 0.0456, 0.41014]",0.0456,0.41014,-0.051409302160357793,-0.04841189179209458,-0.05057798695435206,0.14483404869311092,0.13820186963562414,0.14299396201288184,0.002083979917579032,0.007374440928632733,0.003552707455186797,-0.1348014441272578,-0.11927174840400079,-0.1304925742184039,0.0304604804203286,0.028618779879095422,0.02994961594405059,-6.797264849802836e-17,2.4402813998390668e-18,4.4271283561703697e-16
148.42,"[0.06062, 0.0456, 0.41014]",0.0456,0.41014,-0.05132617063975997,-0.04841189179209458,-0.050438468473814405,0.144650040025139,0.13820186963562414,0.14268526763515227,0.00223085266925377,0.007374440928632733,0.003798939539281591,-0.13437055713908044,-0.11927174840400079,-0.12976974791937465,0.030409393972701402,0.028618779879095422,0.029863892590417645,6.579534818149519e-17,2.4402813998390668e-18,4.375691112163286e-16
148.44,"[0.06062, 0.0456, 0.41014]",0.0456,0.41014,-0.05117006389147827,-0.04841189179209458,-0.05029953763447121,0.1443045157651275,0.13820186963562414,0.14237787332264282,0.002506628283037457,0.007374440928632733,0.004044134790020245,-0.13356145775937148,-0.11927174840400079,-0.1290499657656304,0.030313463811895796,0.028618779879095422,0.029778530281867503,1.0812780516575721e-16,2.4402813998390668e-18,4.4105186169680505e-16
148.46,"[0.06062, 0.0456, 0.41014]",0.0456,0.41014,-0.05100466390264547,-0.04841189179209458,-0.05017206626687979,0.14393845370114383,0.13820186963562414,0.1420958410308256,0.0027987545154184858,0.007374440928632733,0.0042690905446588325,-0.13270427428567574,-0.11927174840400079,-0.12838957218876793,0.030211826441191875,0.028618779879095422,0.029700209754839824,1.095398700752023e-16,2.4402813998390668e-18,4.2319617849654047e-16
148.48,"[0.06062, 0.0456, 0.41014]",0.0456,0.41014,-0.050846470351848375,-0.04841189179209458,-0.04992959496252816,0.14358835729387082,0.13820186963562414,0.14155937597171794,0.003078118357034862,0.007374440928632733,0.00469697978962526,-0.13188448089237398,-0.11927174840400079,-0.12713341245602577,0.030114619270786517,0.028618779879095422,0.029551232078017596,1.0304072857245519e-16,2.4402813998390668e-18,4.161525836521017e-16
148.5,"[0.06062, 0.0456, 0.41014]",0.0456,0.41014,-0.05068270315072081,-0.04841189179209458,-0.0498150646181939,0.1432259470172745,0.13820186963562414,0.14130598207783404,0.0033672806637986582,0.007374440928632733,0.004899084788830114,-0.13103585866974074,-0.11927174840400079,-0.12654007884903995,0.030013989612823658,0.028618779879095422,0.02948086344135893,2.519645705807192e-16,2.4402813998390668e-18,4.0354606851278345e-16
148.52,"[0.06062, 0.0456, 0.41014]",0.0456,0.41014,-0.050506811959971254,-0.04841189179209458,-0.049704665922478644,0.14283672856626575,0.13820186963562414,0.14106173095178703,0.003677804507247559,0.007374440928632733,0.005093895425062963,-0.13012446801384228,-0.11927174840400079,-0.12596815389822916,0.029905912648395646,0.028618779879095422,0.029413033522846077,3.262090006290505e-16,2.4402813998390668e-18,3.8878479047543996e-16
148.54,"[0.06062, 0.0456, 0.41014]",0.0456,0.41014,-0.05035440421284106,-0.04841189179209458,-0.04951911510216121,0.14249947901959456,0.13820186963562414,0.14065122259786667,0.003946861777717341,0.007374440928632733,0.005421293397610452,-0.1293347683369575,-0.11927174840400079,-0.12500693358800616,0.029812265614543115,0.028618779879095422,0.029299030951183087,1.1962555236453145e-16,2.4402813998390668e-18,3.770482441365622e-16
148.56,"[0.06062, 0.0456, 0.41014]",0.0456,0.41014,-0.050204156461714014,-0.04841189179209458,-0.0494349633220085,0.14216702082350063,0.13820186963562414,0.14046504979591867,0.004212081267559699,0.007374440928632733,0.005569770706863937,-0.12855629112963024,-0.11927174840400079,-0.12457100387355473,0.02971994713279377,0.028618779879095422,0.029247328335165544,1.987350144012398e-16,2.4402813998390668e-18,3.6470221803330067e-16
148.58,"[0.06062, 0.0456, 0.41014]",0.0456,0.41014,-0.05006558342538155,-0.04841189179209458,-0.049357493715099586,0.14186040188051824,0.13820186963562414,0.14029366231592538,0.004456679299286499,0.007374440928632733,0.005706453693703558,-0.12783832023036654,-0.11927174840400079,-0.12416969501745471,0.02963480279668789,0.028618779879095422,0.029199731462405943,1.5000793300365828e-16,2.4402813998390668e-18,3.5884701577257014e-16
148.6,"[0.06062, 0.0456, 0.41014]",0.0456,0.41014,-0.04993801864504778,-0.04841189179209458,-0.04928600114209767,0.14157814623652734,0.13820186963562414,0.14013549966873465,0.004681834961506987,0.007374440928632733,0.005832587508868827,-0.12717739924204977,-0.11927174840400079,-0.12379935295667156,0.029556422961724643,0.028618779879095422,0.029155807042502504,1.1522065577815738e-16,2.4402813998390668e-18,3.545277751186922e-16
148.62,"[0.06062, 0.0456, 0.41014]",0.0456,0.41014,-0.04982056965105562,-0.04841189179209458,-0.049220000151473466,0.14131827802697575,0.13820186963562414,0.13998948752504825,0.004889125898242276,0.007374440928632733,0.005949029403302861,-0.12656890123838346,-0.11927174840400079,-0.12345746202306539,0.029484259134865753,0.028618779879095422,0.029115256776062182,9.201872928696758e-17,2.4402813998390668e-18,3.5095029979251943e-16
148.64,"[0.06062, 0.0456, 0.41014]",0.0456,0.41014,-0.049712401535289504,-0.04841189179209458,-0.049159057242932805,0.14107894892462278,0.13820186963562414,0.13985466654853257,0.005080027789810378,0.007374440928632733,0.006056544841439127,-0.1260084979765805,-0.11927174840400079,-0.12314177582390252,0.029417798210674754,0.028618779879095422,0.02907781428914208,7.778879261352984e-17,2.4402813998390668e-18,3.4774215902752577e-16
148.661,"[0.06062, 0.0456, 0.41014]",0.0456,0.41014,-0.04956738160764921,-0.04841189179209458,-0.04910277529663717,0.14075808889991426,0.13820186963562414,0.13973015793525798,0.00533595515476647,0.007374440928632733,0.006155835000796728,-0.12525718686257872,-0.11927174840400079,-0.12285023654797843,0.02932869540938294,0.028618779879095422,0.02904323556515843,3.08280933953617e-17,2.4402813998390668e-18,3.446448659080716e-16
148.68,"[0.06062, 0.0456, 0.41014]",0.0456,0.41014,-0.04952092097654847,-0.04841189179209458,-0.04905078960594856,0.1406552958034924,0.13820186963562414,0.13961515462978233,0.005417943137323042,0.007374440928632733,0.006247543786471134,-0.12501649183379568,-0.11927174840400079,-0.12258095439593954,0.029300149424961577,0.028618779879095422,0.029011296506615502,6.796982405863213e-17,2.4402813998390668e-18,3.414723668962082e-16
148.7,"[0.06062, 0.0456, 0.41014]",0.0456,0.41014,-0.04943627472829521,-0.04841189179209458,-0.04900276503304509,0.14046801927806082,0.13820186963562414,0.1395089150266582,0.005567313466066976,0.007374440928632733,0.006332262861813628,-0.12457797511936383,-0.11927174840400079,-0.12233219283063651,0.029248141885746863,0.028618779879095422,0.02898179118686603,6.925655519693794e-17,2.4402813998390668e-18,3.380939215239293e-16
148.72,"[0.06062, 0.0456, 0.41014]",0.0456,0.41014,-0.049358230097757826,-0.04841189179209458,-0.04895839348212299,0.1402953510346558,0.13820186963562414,0.1394107573753601,0.005705029130597573,0.007374440928632733,0.006410536117060659,-0.12417366503045865,-0.11927174840400079,-0.122102355474773,0.029200190731739135,0.028618779879095422,0.02895453029708875,7.304996175803021e-17,2.4402813998390668e-18,3.344284839039521e-16
148.74,"[0.06062, 0.0456, 0.41014]",0.0456,0.41014,-0.04928625458036907,-0.04841189179209458,-0.04895839348212299,0.14013611242808627,0.13820186963562414,0.1394107573753601,0.005832030861175714,0.007374440928632733,0.006410536117060659,-0.12380080158198037,-0.11927174840400079,-0.122102355474773,0.029155968729237734,0.028618779879095422,0.02895453029708875,7.852474904821301e-17,2.4402813998390668e-18,3.344284839039521e-16
148.761,"[0.06062, 0.0456, 0.41014]",0.0456,0.41014,-0.04919330403524097,-0.04841189179209458,-0.048917391607108486,0.13993047094184544,0.13820186963562414,0.13932005470470943,0.005996038540565174,0.007374440928632733,0.006482863722763012,-0.12331928456919868,-0.11927174840400079,-0.12188997422515531,0.029098859858162348,0.028618779879095422,0.02892933973742621,7.359032812079699e-17,2.4402813998390668e-18,3.3042386420196415e-16
148.78,"[0.06062, 0.0456, 0.41014]",0.0456,0.41014,-0.04916571279242646,-0.04841189179209458,-0.048881752962646276,0.13986942931817287,0.13820186963562414,0.1392412174448932,0.006044721056747715,0.007374440928632733,0.006545728255838584,-0.12317635353746088,-0.11927174840400079,-0.12170537624822138,0.029081907846089966,0.028618779879095422,0.028907444342080927,5.696647305051124e-17,2.4402813998390668e-18,3.2702451168992595e-16
148.8,"[0.06062, 0.0456, 0.41014]",0.0456,0.41014,-0.04911176042476736,-0.04841189179209458,-0.048847674194145395,0.13975006906232898,0.13820186963562414,0.13916583104647706,0.006139912420704337,0.007374440928632733,0.006605840804002934,-0.12289686785757602,-0.11927174840400079,-0.12152885854369734,0.02904875978033056,0.028618779879095422,0.02888650731600775,7.10021206946396e-17,2.4402813998390668e-18,3.2238033273953536e-16
148.82,"[0.06062, 0.0456, 0.41014]",0.0456,0.41014,-0.04906465113011382,-0.04841189179209458,-0.04881772404040961,0.13964584861525395,0.13820186963562414,0.13909957839639073,0.006223028680327191,0.007374440928632733,0.006658669193460721,-0.12265283268641695,-0.11927174840400079,-0.12137372776410436,0.029019816144458106,0.028618779879095422,0.028868106879277242,9.270524610258544e-17,2.4402813998390668e-18,3.1762069560690915e-16
148.84,"[0.06062, 0.0456, 0.41014]",0.0456,0.41014,-0.049020430496905694,-0.04841189179209458,-0.04878902720724598,0.13954802001225677,0.13820186963562414,0.1390360983613075,0.00630104581890412,0.007374440928632733,0.006709286568092783,-0.12242376452641034,-0.11927174840400079,-0.12122508911016047,0.0289926474233818,0.028618779879095422,0.02885047646046356,1.0765812878463653e-16,2.4402813998390668e-18,3.118210011280055e-16
148.86,"[0.06062, 0.0456, 0.41014]",0.0456,0.41014,-0.04897904658685463,-0.04841189179209458,-0.04878902720724598,0.1394564681018129,0.13820186963562414,0.1390360983613075,0.006374055993667443,0.007374440928632733,0.006709286568092783,-0.12220939368124642,-0.11927174840400079,-0.12122508911016047,0.0289672216781229,0.028618779879095422,0.02885047646046356,1.2063472774668098e-16,2.4402813998390668e-18,3.118210011280055e-16
148.88,"[0.06062, 0.0456, 0.41014]",0.0456,0.41014,-0.04894294290472742,-0.04841189179209458,-0.04876384675227235,0.13937659785119436,0.13820186963562414,0.13898039739781312,0.006437749798945242,0.007374440928632733,0.006753700429795659,-0.12202237581780408,-0.11927174840400079,-0.1210946653086934,0.028945040086770006,0.028618779879095422,0.028835006451850123,1.0080857313974203e-16,2.4402813998390668e-18,3.0641712388141824e-16
148.9,"[0.06062, 0.0456, 0.41014]",0.0456,0.41014,-0.04890891463576054,-0.04841189179209458,-0.048739566389094005,0.13930131976513038,0.13820186963562414,0.13892668760130408,0.006497780414944044,0.007374440928632733,0.0067965264794320164,-0.12184611082614002,-0.11927174840400079,-0.12096890385099396,0.028924133696137617,0.028618779879095422,0.028820089440230876,1.1504284662186972e-16,2.4402813998390668e-18,2.998159730399067e-16
148.92,"[0.06062, 0.0456, 0.41014]",0.0456,0.41014,-0.04887673846889351,-0.04841189179209458,-0.04871810480795072,0.13923013965408187,0.13820186963562414,0.13887921349721233,0.006554542163335229,0.007374440928632733,0.006834379970803997,-0.12167944150592859,-0.11927174840400079,-0.1208577433581577,0.02890436528751774,0.028618779879095422,0.028806904231330973,1.2651587401111132e-16,2.4402813998390668e-18,2.934837570359839e-16
148.94,"[0.06062, 0.0456, 0.41014]",0.0456,0.41014,-0.04884852961561703,-0.04841189179209458,-0.04871810480795072,0.13916773635372334,0.13820186963562414,0.13887921349721233,0.006604304528670298,0.007374440928632733,0.006834379970803997,-0.1215333233072735,-0.11927174840400079,-0.1208577433581577,0.028887034355645633,0.028618779879095422,0.028806904231330973,1.3929297977341854e-16,2.4402813998390668e-18,2.934837570359839e-16
148.96,"[0.06062, 0.0456, 0.41014]",0.0456,0.41014,-0.04882374890215939,-0.04841189179209458,-0.04869848827939797,0.13911291701106357,0.13820186963562414,0.13883582095162153,0.006648018858817064,0.007374440928632733,0.006868978757833582,-0.12140496312200413,-0.11927174840400079,-0.12075613987942348,0.02887180963202826,0.028618779879095422,0.028794852579078857,1.2628125266098553e-16,2.4402813998390668e-18,2.868420044841977e-16
148.98,"[0.06062, 0.0456, 0.41014]",0.0456,0.41014,-0.048799949383834494,-0.04841189179209458,-0.04867947721905978,0.13906026875984778,0.13820186963562414,0.13879376777297092,0.006690001235771664,0.007374440928632733,0.006902509547248754,-0.12128168671097878,-0.11927174840400079,-0.12065767253570449,0.028857187791970294,0.028618779879095422,0.02878317290896627,1.3789175688569835e-16,2.4402813998390668e-18,2.792713858957673e-16
149.0,"[0.06062, 0.0456, 0.41014]",0.0456,0.41014,-0.04877705967252711,-0.04841189179209458,-0.04864373811440045,0.13900963357241933,0.13820186963562414,0.1387147117319457,0.006730377811094669,0.007374440928632733,0.006965544033975224,-0.12116312402274111,-0.11927174840400079,-0.12047256319573824,0.028843124964201942,0.028618779879095422,0.02876121618953425,1.462058528251862e-16,2.4402813998390668e-18,2.6438749979196185e-16
149.02,"[0.06062, 0.0456, 0.41014]",0.0456,0.41014,-0.04875333226488037,-0.04841189179209458,-0.04862752446317142,0.13895714583267813,0.13820186963562414,0.13867884674080153,0.006772230900470117,0.007374440928632733,0.006994140439308597,-0.12104022371380888,-0.11927174840400079,-0.12038858552408843,0.028828547540944747,0.028618779879095422,0.028751255165358276,1.7070058198684774e-16,2.4402813998390668e-18,2.5513730307177095e-16
149.04,"[0.06062, 0.0456, 0.41014]",0.0456,0.41014,-0.048730888011166054,-0.04841189179209458,-0.04861241747774814,0.13890749685450238,0.13820186963562414,0.13864542979668062,0.006811820032513601,0.007374440928632733,0.007020784833270612,-0.12092397045327373,-0.11927174840400079,-0.12031033996051606,0.028814758481761595,0.028618779879095422,0.02874197404139995,1.682645965457073e-16,2.4402813998390668e-18,2.4687265552585406e-16
149.06,"[0.06062, 0.0456, 0.41014]",0.0456,0.41014,-0.04870973823850451,-0.04841189179209458,-0.04859740385683202,0.1388607116385649,0.13820186963562414,0.13861221937856977,0.006849125345345876,0.007374440928632733,0.007047264554969423,-0.12081442276543404,-0.11927174840400079,-0.12023257797679904,0.028801764739251588,0.028618779879095422,0.02873275027705751,1.6475568463467526e-16,2.4402813998390668e-18,2.39519323425496e-16
149.082,"[0.06062, 0.0456, 0.41014]",0.0456,0.41014,-0.0486779423895205,-0.04841189179209458,-0.04858387154132535,0.1387903768705243,0.13820186963562414,0.13858228572164272,0.006905207760133902,0.007374440928632733,0.0070711314997406695,-0.12064973389037689,-0.11927174840400079,-0.12016248853122044,0.028782230449984916,0.028618779879095422,0.028724436576901546,1.619627798383526e-16,2.4402813998390668e-18,2.3071163245593394e-16
149.1,"[0.06062, 0.0456, 0.41014]",0.0456,0.41014,-0.04866853530470056,-0.04841189179209458,-0.048571342002638754,0.1387695677556766,0.13820186963562414,0.13855457027289514,0.00692180013206692,0.007374440928632733,0.007093229735860468,-0.1206010093571242,-0.11927174840400079,-0.12009759301839787,0.028776451062677903,0.028618779879095422,0.028716738947803484,1.5028939188763569e-16,2.4402813998390668e-18,2.2299107887457524e-16
149.12,"[0.06062, 0.0456, 0.41014]",0.0456,0.41014,-0.04865006857730853,-0.04841189179209458,-0.048559716923660456,0.13872871823402547,0.13820186963562414,0.13852885554113273,0.006954371752935173,0.007374440928632733,0.007113732691437658,-0.12050536025782724,-0.11927174840400079,-0.12003738218093418,0.028765105760854243,0.028618779879095422,0.028709596986327246,1.4335483479241837e-16,2.4402813998390668e-18,2.156909910432077e-16
149.14,"[0.06062, 0.0456, 0.41014]",0.0456,0.41014,-0.048632901763115126,-0.04841189179209458,-0.048538210428013664,0.13869074432245307,0.13820186963562414,0.13848128314444716,0.006984650327398801,0.007374440928632733,0.007151663172397374,-0.12041644442827824,-0.11927174840400079,-0.11992599181745216,0.028754559093696588,0.028618779879095422,0.028696384305310012,1.3685786169401629e-16,2.4402813998390668e-18,2.0238938373811688e-16
149.16,"[0.06062, 0.0456, 0.41014]",0.0456,0.41014,-0.04861587521376685,-0.04841189179209458,-0.0485286282610149,0.13865308084709782,0.13820186963562414,0.13846008742425617,0.0070146811623706,0.007374440928632733,0.0071685629098942015,-0.1203282555276281,-0.11927174840400079,-0.1198763622304906,0.028744098618856302,0.028618779879095422,0.028690497432572227,1.4207937935670648e-16,2.4402813998390668e-18,1.952511613538457e-16
149.18,"[0.06062, 0.0456, 0.41014]",0.0456,0.41014,-0.0486001606877736,-0.04841189179209458,-0.0485286282610149,0.13861831971165245,0.13820186963562414,0.13846008742425617,0.0070423977141748015,0.007374440928632733,0.0071685629098942015,-0.12024686246905848,-0.11927174840400079,-0.1198763622304906,0.028734444212011226,0.028618779879095422,0.028690497432572227,1.330835370911597e-16,2.4402813998390668e-18,1.952511613538457e-16
149.2,"[0.06062, 0.0456, 0.41014]",0.0456,0.41014,-0.04858656952668885,-0.04841189179209458,-0.04852041323802194,0.13858825557712381,0.13820186963562414,0.13844191587415403,0.007066369097511848,0.007374440928632733,0.0071830513527287925,-0.12017646742878901,-0.11927174840400079,-0.11983381372428129,0.028726094323920325,0.028618779879095422,0.028685450480519663,1.158503603999371e-16,2.4402813998390668e-18,1.8983166800913447e-16
149.221,"[0.06062, 0.0456, 0.41014]",0.0456,0.41014,-0.048567852263326446,-0.04841189179209458,-0.04850466230611347,0.13854685245947965,0.13820186963562414,0.13840707498706267,0.007099381342362766,0.007374440928632733,0.007210830476515563,-0.12007952224558595,-0.11927174840400079,-0.11975223413427953,0.02871459517109205,0.028618779879095422,0.02867577379673467,1.1376739118615795e-16,2.4402813998390668e-18,1.7908806260474475e-16
149.24,"[0.06062, 0.0456, 0.41014]",0.0456,0.41014,-0.04856153326760519,-0.04841189179209458,-0.04849763210514256,0.13853287471227865,0.13820186963562414,0.13839152428620546,0.007110526253752121,0.007374440928632733,0.007223229232763271,-0.12004679343711859,-0.11927174840400079,-0.1197158223300226,0.028710713033657645,0.028618779879095422,0.028671454751657017,1.152896110363276e-16,2.4402813998390668e-18,1.7332196902134793e-16
149.26,"[0.06062, 0.0456, 0.41014]",0.0456,0.41014,-0.04855002476482451,-0.04841189179209458,-0.04848397676339472,0.13850741769447883,0.13820186963562414,0.13836131888161537,0.007130823927853356,0.007374440928632733,0.007247312343254034,-0.11998718599421244,-0.11927174840400079,-0.11964509669209109,0.028703642674137032,0.028618779879095422,0.028663065513742366,1.088407765143838e-16,2.4402813998390668e-18,1.6297235582781842e-16
149.28,"[0.06062, 0.0456, 0.41014]",0.0456,0.41014,-0.04853807752278072,-0.04841189179209458,-0.048478099528055346,0.13848099026508157,0.13820186963562414,0.13834831855217203,0.007151895227001187,0.007374440928632733,0.007257677621331545,-0.11992530636205279,-0.11927174840400079,-0.11961465656350571,0.028696302780982477,0.028618779879095422,0.02865945480310672,1.0841533558190047e-16,2.4402813998390668e-18,1.5768694923197127e-16
149.3,"[0.06062, 0.0456, 0.41014]",0.0456,0.41014,-0.04852721065496323,-0.04841189179209458,-0.04847227961200387,0.13845695266935548,0.13820186963562414,0.13833544501281328,0.007171061003049319,0.007374440928632733,0.007267941807318861,-0.11986902251695984,-0.11927174840400079,-0.1195845133127606,0.028689626629145842,0.028618779879095422,0.028655879306987108,9.956477640746678e-17,2.4402813998390668e-18,1.5308190106562202e-16
149.321,"[0.06062, 0.0456, 0.41014]",0.0456,0.41014,-0.04851228141085626,-0.04841189179209458,-0.048467136165353406,0.13842392913267645,0.13820186963562414,0.1383240678272744,0.007197391407247503,0.007374440928632733,0.007277012915253915,-0.11979169817812003,-0.11927174840400079,-0.11955787376249068,0.028680454729866123,0.028618779879095422,0.028652719405347055,9.130228849138924e-17,2.4402813998390668e-18,1.4888028804939797e-16
149.34,"[0.06062, 0.0456, 0.41014]",0.0456,0.41014,-0.04850776688630576,-0.04841189179209458,-0.048462492452315306,0.13841394300217652,0.13820186963562414,0.13831379605182162,0.007205353556023624,0.007374440928632733,0.007285202658005642,-0.11976831573921871,-0.11927174840400079,-0.11953382252021415,0.02867768119741555,0.028618779879095422,0.0286498665187437,8.451951970031992e-17,2.4402813998390668e-18,1.444950396705424e-16
149.36,"[0.06062, 0.0456, 0.41014]",0.0456,0.41014,-0.04849916474384737,-0.04841189179209458,-0.04845826670362643,0.13839491508168597,0.13820186963562414,0.13830444881211448,0.00722052488155367,0.007374440928632733,0.007292655251334928,-0.11972376203266552,-0.11927174840400079,-0.11951193607003138,0.028672396408470448,0.028618779879095422,0.02864727041152983,7.776060335704527e-17,2.4402813998390668e-18,1.4070310148602874e-16
149.38,"[0.06062, 0.0456, 0.41014]",0.0456,0.41014,-0.04849139411620524,-0.04841189179209458,-0.04845441618940681,0.138377726490544,0.13820186963562414,0.13829593158883702,0.007234229647965875,0.007374440928632733,0.00729944605849602,-0.11968351510482259,-0.11927174840400079,-0.11949199309556247,0.028667622469054275,0.028618779879095422,0.028644904832187214,7.208025133495923e-17,2.4402813998390668e-18,1.3720694313959427e-16
149.4,"[0.06062, 0.0456, 0.41014]",0.0456,0.41014,-0.04848436831011339,-0.04841189179209458,-0.048450904889671326,0.13836218545929638,0.13820186963562414,0.13828816470512248,0.0072466207621206405,0.007374440928632733,0.0073056386083438256,-0.11964712592812049,-0.11927174840400079,-0.11947380703393716,0.02866330611805207,0.028618779879095422,0.028642747651490694,6.725641902913673e-17,2.4402813998390668e-18,1.3394580972484362e-16
149.42,"[0.06062, 0.0456, 0.41014]",0.0456,0.41014,-0.04847801026022925,-0.04841189179209458,-0.048447956312205345,0.13834812151607986,0.13820186963562414,0.13828164255714798,0.00725783414905733,0.007374440928632733,0.007310838712676167,-0.11961419534328299,-0.11927174840400079,-0.11945853550872704,0.02865940000940797,0.028618779879095422,0.028640936182784203,6.312040458153899e-17,2.4402813998390668e-18,1.312288988198016e-16
149.44,"[0.06062, 0.0456, 0.41014]",0.0456,0.41014,-0.048470104475089294,-0.04841189179209458,-0.04844513750142837,0.13833063401230455,0.13820186963562414,0.138275407450806,0.0072717771718623335,0.007374440928632733,0.007315809955829364,-0.11957324852887337,-0.11927174840400079,-0.11944393608841493,0.028654543041361783,0.028618779879095422,0.028639204436959543,5.735765319434402e-17,2.4402813998390668e-18,1.2845798985599382e-16
149.46,"[0.06062, 0.0456, 0.41014]",0.0456,0.41014,-0.04846536075009362,-0.04841189179209458,-0.04844513750142837,0.13832014096569648,0.13820186963562414,0.138275407450806,0.007280143396970839,0.007374440928632733,0.007315809955829364,-0.11954867917024338,-0.11927174840400079,-0.11944393608841493,0.02865162870652791,0.028618779879095422,0.028639204436959543,5.516236063549538e-17,2.4402813998390668e-18,1.2845798985599382e-16
149.48,"[0.06062, 0.0456, 0.41014]",0.0456,0.41014,-0.048463338425227,-0.04841189179209458,-0.04844273036874099,0.13831566761424768,0.13820186963562414,0.1382700829697464,0.007283710050832998,0.007374440928632733,0.007320055147517321,-0.11953820486472194,-0.11927174840400079,-0.11943146888757304,0.028650386279572428,0.028618779879095422,0.028637725607910093,5.3010002482677154e-17,2.4402813998390668e-18,1.2600891412228025e-16
149.5,"[0.06062, 0.0456, 0.41014]",0.0456,0.41014,-0.048459422894494585,-0.04841189179209458,-0.048440422092283324,0.13830700653186911,0.13820186963562414,0.1382649771563641,0.007290615615358019,0.007374440928632733,0.007324125994003082,-0.11951792503412063,-0.11927174840400079,-0.11941951369459831,0.028647980751959144,0.028618779879095422,0.02863630751166651,5.16825053426859e-17,2.4402813998390668e-18,1.2350660346393478e-16
149.52,"[0.06062, 0.0456, 0.41014]",0.0456,0.41014,-0.04845602048695563,-0.04841189179209458,-0.04843841027948641,0.13829948047380425,0.13820186963562414,0.13826052711447917,0.0072966162072719744,0.007374440928632733,0.007327673988460482,-0.11950030285203608,-0.11927174840400079,-0.1194090939832983,0.028645890464968012,0.028618779879095422,0.02863507154940603,5.108879623303283e-17,2.4402813998390668e-18,1.2117102994671717e-16
149.54,"[0.06062, 0.0456, 0.41014]",0.0456,0.41014,-0.048452855610688135,-0.04841189179209458,-0.04843841027948641,0.1382924798393787,0.13820186963562414,0.13826052711447917,0.007302197862351869,0.007374440928632733,0.007327673988460482,-0.11948391094604986,-0.11927174840400079,-0.1194090939832983,0.02864394610761723,0.028618779879095422,0.02863507154940603,5.0052298956136695e-17,2.4402813998390668e-18,1.2117102994671717e-16
149.56,"[0.06062, 0.0456, 0.41014]",0.0456,0.41014,-0.04845011099775969,-0.04841189179209458,-0.04843660868683879,0.13828640882172416,0.13820186963562414,0.1382565420739694,0.007307038322467939,0.007374440928632733,0.0073308512351211354,-0.1194696957281837,-0.11927174840400079,-0.11939976306721851,0.028642259941559656,0.028618779879095422,0.02863396473683733,4.703908427836499e-17,2.4402813998390668e-18,1.189759544978403e-16
149.58,"[0.06062, 0.0456, 0.41014]",0.0456,0.41014,-0.04844754555868473,-0.04841189179209458,-0.04843497300765354,0.1382807341397273,0.13820186963562414,0.1382529240292054,0.007311562772027503,0.007374440928632733,0.007333735874881527,-0.11945640852765708,-0.11927174840400079,-0.11939129146722627,0.028640683852664984,0.028618779879095422,0.02863295985390066,4.637251678272092e-17,2.4402813998390668e-18,1.1685618268367853e-16
149.6,"[0.06062, 0.0456, 0.41014]",0.0456,0.41014,-0.048445303985115505,-0.04841189179209458,-0.04843339084888125,0.13827577584283365,0.13820186963562414,0.13824942436969756,0.007315516040146868,0.007374440928632733,0.007336526126133991,-0.11944479873523137,-0.11927174840400079,-0.1193830970647859,0.028639306732366632,0.028618779879095422,0.028631987851415543,4.6006490129289826e-17,2.4402813998390668e-18,1.146960015459291e-16
149.62,"[0.06062, 0.0456, 0.41014]",0.0456,0.41014,-0.04844318288352049,-0.04841189179209458,-0.04843339084888125,0.13827108403237015,0.13820186963562414,0.13824942436969756,0.0073192568300273165,0.007374440928632733,0.007336526126133991,-0.1194338129191231,-0.11927174840400079,-0.1193830970647859,0.028638003625212127,0.028618779879095422,0.028631987851415543,4.5358137230143486e-17,2.4402813998390668e-18,1.146960015459291e-16
149.64,"[0.06062, 0.0456, 0.41014]",0.0456,0.41014,-0.04844132239693894,-0.04841189179209458,-0.048431989575651174,0.1382669686965388,0.13820186963562414,0.13824632482299937,0.007322537992443343,0.007374440928632733,0.007338997367110074,-0.11942417691185556,-0.11927174840400079,-0.11937583952144014,0.02863686062819336,0.028618779879095422,0.028631126976637566,4.3023633112347694e-17,2.4402813998390668e-18,1.126824768287457e-16
149.66,"[0.06062, 0.0456, 0.41014]",0.0456,0.41014,-0.0484387932023699,-0.04841189179209458,-0.04843070728261229,0.13826137420691884,0.13820186963562414,0.1382434884561143,0.007326998477494984,0.007374440928632733,0.007341258775145884,-0.11941107748626531,-0.11927174840400079,-0.11936919821019518,0.02863530680862538,0.028618779879095422,0.028630339197735742,4.1443733706601804e-17,2.4402813998390668e-18,1.1074942109299161e-16
149.68,"[0.06062, 0.0456, 0.41014]",0.0456,0.41014,-0.04843798461039418,-0.04841189179209458,-0.04842946423592879,0.13825958563187882,0.13820186963562414,0.13824073890051655,0.007328424505236804,0.007374440928632733,0.007343450968922747,-0.1194068895613198,-0.11927174840400079,-0.11936276016639191,0.02863481004753777,0.028618779879095422,0.028629575529938837,4.192208370510241e-17,2.4402813998390668e-18,1.0879583355862143e-16
149.7,"[0.06062, 0.0456, 0.41014]",0.0456,0.41014,-0.04843647761344722,-0.04841189179209458,-0.04842829181179406,0.13825625221300036,0.13820186963562414,0.13823814555911199,0.0073310822320530955,0.007374440928632733,0.0073455186136958395,-0.11939908440528245,-0.11927174840400079,-0.11935668789600792,0.028633884219298248,0.028618779879095422,0.02862885524930625,4.1196535611275106e-17,2.4402813998390668e-18,1.068847610778966e-16
149.72,"[0.06062, 0.0456, 0.41014]",0.0456,0.41014,-0.048435027829305234,-0.04841189179209458,-0.04842718955125938,0.13825304534956448,0.13820186963562414,0.13823570741661373,0.007333639052691577,0.007374440928632733,0.007347462519094633,-0.11939157557791141,-0.11927174840400079,-0.11935097902173325,0.028632993540259253,0.028618779879095422,0.028628178073868783,4.022682518820409e-17,2.4402813998390668e-18,1.0503112659369108e-16
149.74,"[0.06062, 0.0456, 0.41014]",0.0456,0.41014,-0.048433637759924646,-0.04841189179209458,-0.04842718955125938,0.1382499705752052,0.13820186963562414,0.13823570741661373,0.007336090555978262,0.007374440928632733,0.007347462519094633,-0.11938437603597887,-0.11927174840400079,-0.11935097902173325,0.028632139547436996,0.028618779879095422,0.028628178073868783,3.906802990625158e-17,2.4402813998390668e-18,1.0503112659369108e-16
149.76,"[0.06062, 0.0456, 0.41014]",0.0456,0.41014,-0.04843241260027821,-0.04841189179209458,-0.048426209283663486,0.13824726057514938,0.13820186963562414,0.13823353911716663,0.007338251225126461,0.007374440928632733,0.00734919128006973,-0.11937803060832856,-0.11927174840400079,-0.11934590198121917,0.0286313868674616,0.028618779879095422,0.028627575845101543,3.68081188979228e-17,2.4402813998390668e-18,1.0334690529500269e-16
149.78,"[0.06062, 0.0456, 0.41014]",0.0456,0.41014,-0.0484312339701214,-0.04841189179209458,-0.04842530875203335,0.1382446534982092,0.13820186963562414,0.13823154719001385,0.007340329831721778,0.007374440928632733,0.007350779420589415,-0.11937192617423435,-0.11927174840400079,-0.119341237913938,0.028630662773215753,0.028618779879095422,0.02862702260230587,3.57846320470965e-17,2.4402813998390668e-18,1.0175736430226757e-16
149.8,"[0.06062, 0.0456, 0.41014]",0.0456,0.41014,-0.048430189226531355,-0.04841189179209458,-0.04842530875203335,0.1382423425731723,0.13820186963562414,0.13823154719001385,0.007342172317115988,0.007374440928632733,0.007350779420589415,-0.11936651517588981,-0.11927174840400079,-0.119341237913938,0.028630020932597044,0.028618779879095422,0.02862702260230587,3.4970179375125413e-17,2.4402813998390668e-18,1.0175736430226757e-16
149.82,"[0.06062, 0.0456, 0.41014]",0.0456,0.41014,-0.04842926193637666,-0.04841189179209458,-0.048424476397064785,0.13824029145044892,0.13820186963562414,0.13822970606639667,0.007343807662932143,0.007374440928632733,0.007352247326596588,-0.11936171250117535,-0.11927174840400079,-0.11933692695097395,0.02862945124984427,0.028618779879095422,0.02862651124398452,3.3219409706995824e-17,2.4402813998390668e-18,1.0024598171713669e-16
149.84,"[0.06062, 0.0456, 0.41014]",0.0456,0.41014,-0.04842835268390737,-0.04841189179209458,-0.04842366788820064,0.1382382802275554,0.13820186963562414,0.1382279176891611,0.007345411195184595,0.007374440928632733,0.007353673178403746,-0.11935700325169357,-0.11927174840400079,-0.11933273949288828,0.028628892648733473,0.028618779879095422,0.02862601453555937,3.2425773716736454e-17,2.4402813998390668e-18,9.873169208899427e-17
149.861,"[0.06062, 0.0456, 0.41014]",0.0456,0.41014,-0.04842700653053319,-0.04841189179209458,-0.04842290215082396,0.13823530260287664,0.13820186963562414,0.13822622392033015,0.0073477852292912595,0.007374440928632733,0.007355023599770651,-0.11935003118688069,-0.11927174840400079,-0.11932877355900132,0.028628065636898625,0.028618779879095422,0.02862554410387612,3.140488895112411e-17,2.4402813998390668e-18,9.726515415812662e-17
149.88,"[0.06062, 0.0456, 0.41014]",0.0456,0.41014,-0.048426596092562266,-0.04841189179209458,-0.0484222142338789,0.13823439473466215,0.13820186963562414,0.13822470228637518,0.007348509064316207,0.007374440928632733,0.007356236779597621,-0.11934790542675394,-0.11927174840400079,-0.11932521067640066,0.028627813483597716,0.028618779879095422,0.028625121481312122,3.044688791151592e-17,2.4402813998390668e-18,9.593620525246133e-17
149.9,"[0.06062, 0.0456, 0.41014]",0.0456,0.41014,-0.048425464330131604,-0.04841189179209458,-0.048421547733565176,0.13823189133363592,0.13820186963562414,0.13822322802488476,0.007350505002109189,0.007374440928632733,0.007357412189857364,-0.11934204375011077,-0.11927174840400079,-0.11932175871571861,0.028627118183409666,0.028618779879095422,0.028624712016088096,2.870522554163521e-17,2.4402813998390668e-18,9.461650460217664e-17
149.92,"[0.06062, 0.0456, 0.41014]",0.0456,0.41014,-0.04842507267047497,-0.04841189179209458,-0.04842091705523288,0.13823102500280107,0.13820186963562414,0.1382218329997447,0.007351195718861015,0.007374440928632733,0.007358524425799645,-0.11934001524933291,-0.11927174840400079,-0.11931849228576995,0.028626877566678855,0.028618779879095422,0.028624324558153575,2.8579458089626903e-17,2.4402813998390668e-18,9.334611624099397e-17
149.94,"[0.06062, 0.0456, 0.41014]",0.0456,0.41014,-0.04842433986462889,-0.04841189179209458,-0.04842091705523288,0.13822940407455944,0.13820186963562414,0.1382218329997447,0.007352488068100915,0.007374440928632733,0.007358524425799645,-0.11933621987000763,-0.11927174840400079,-0.11931849228576995,0.02862642736627572,0.028618779879095422,0.028624324558153575,2.753472087621987e-17,2.4402813998390668e-18,9.334611624099397e-17
149.96,"[0.06062, 0.0456, 0.41014]",0.0456,0.41014,-0.048423630044679825,-0.04841189179209458,-0.04841976196366109,0.13822783399037067,0.13820186963562414,0.13821927800221476,0.007353739879319239,0.007374440928632733,0.007360561492677241,-0.11933254354139385,-0.11927174840400079,-0.11931250979836301,0.028625991287345567,0.028618779879095422,0.02862361492639891,2.6443146128961464e-17,2.4402813998390668e-18,9.097104560304957e-17
149.981,"[0.06062, 0.0456, 0.41014]",0.0456,0.41014,-0.04842294552998031,-0.04841189179209458,-0.04841923501676993,0.13822631988042966,0.13820186963562414,0.1382181124254872,0.0073549470623839545,0.007374440928632733,0.007361490791935342,-0.11932899827574237,-0.11927174840400079,-0.11930978061842284,0.028625570754775606,0.028618779879095422,0.028623291196022214,2.530560120958967e-17,2.4402813998390668e-18,8.987030784155613e-17
150.001,"[0.06062, 0.0456, 0.41014]",0.0456,0.41014,-0.04842198266359845,-0.04841189179209458,-0.04841871114898531,0.13822419007196446,0.13820186963562414,0.1382169536595711,0.007356645134370377,0.007374440928632733,0.007362414661019027,-0.11932401136139582,-0.11927174840400079,-0.11930706738589322,0.02862497921651761,0.028618779879095422,0.028622969357298078,2.3322378595679192e-17,2.4402813998390668e-18,8.880330251651263e-17
150.02,"[0.06062, 0.0456, 0.41014]",0.0456,0.41014,-0.048421655512137125,-0.04841189179209458,-0.048418229988397544,0.1382234664307653,0.13820186963562414,0.13821588935965715,0.007357222085012325,0.007374440928632733,0.007363263213452952,-0.11932231696650686,-0.11927174840400079,-0.11930457534407732,0.028624778230596996,0.028618779879095422,0.028622673755796427,2.3060001669937705e-17,2.4402813998390668e-18,8.780056763835833e-17
150.04,"[0.06062, 0.0456, 0.41014]",0.0456,0.41014,-0.04842100466262658,-0.04841189179209458,-0.04841778392314703,0.13822202678733136,0.13820186963562414,0.1382149026886981,0.007358369895572546,0.007374440928632733,0.0073640498732549554,-0.11931894606330151,-0.11927174840400079,-0.11930226506927685,0.028624378380387457,0.028618779879095422,0.028622399715158245,2.1761127467300075e-17,2.4402813998390668e-18,8.681570891096128e-17
150.06,"[0.06062, 0.0456, 0.41014]",0.0456,0.41014,-0.048420392722125456,-0.04841189179209458,-0.048417368116713766,0.1382206732086675,0.13820186963562414,0.13821398294857165,0.007359449087488733,0.007374440928632733,0.00736478316991743,-0.11931577667949304,-0.11927174840400079,-0.11930011151199968,0.028624002433996463,0.028618779879095422,0.028622144264060827,2.0510825521989796e-17,2.4402813998390668e-18,8.591624707814023e-17
150.08,"[0.06062, 0.0456, 0.41014]",0.0456,0.41014,-0.04841981804709719,-0.04841189179209458,-0.04841698051163067,0.13821940205932584,0.13820186963562414,0.1382131255882672,0.007360462559306737,0.007374440928632733,0.007365466731914885,-0.11931280030272547,-0.11927174840400079,-0.11929810401612216,0.028623649381711278,0.028618779879095422,0.028621906138495985,1.933381564353954e-17,2.4402813998390668e-18,8.50778065187166e-17
150.101,"[0.06062, 0.0456, 0.41014]",0.0456,0.41014,-0.04841901295761155,-0.04841189179209458,-0.048416260351987817,0.13821762124621303,0.13820186963562414,0.13821153263634683,0.00736188237948716,0.007374440928632733,0.007366736771251516,-0.11930863055608928,-0.11927174840400079,-0.11929437414388579,0.028623154774059568,0.028618779879095422,0.028621463707718217,1.793346011755727e-17,2.4402813998390668e-18,8.353242538170633e-17
150.12,"[0.06062, 0.0456, 0.41014]",0.0456,0.41014,-0.04841873769704916,-0.04841189179209458,-0.04841593765995523,0.13821701238526665,0.13820186963562414,0.1382108188600806,0.007362367816640746,0.007374440928632733,0.00736730585549796,-0.11930720491753015,-0.11927174840400079,-0.11929270284783121,0.028622985667426774,0.028618779879095422,0.028621265461558913,1.7547917825021425e-17,2.4402813998390668e-18,8.280329576695432e-17
150.141,"[0.06062, 0.0456, 0.41014]",0.0456,0.41014,-0.04841800502505134,-0.04841189179209458,-0.04841563942589441,0.13821539175592787,0.13820186963562414,0.13821015918347246,0.007363659923865219,0.007374440928632733,0.007367831806776545,-0.11930341023883383,-0.11927174840400079,-0.11929115822529411,0.02862253554957916,0.028618779879095422,0.028621082241181147,1.5716483515258923e-17,2.4402813998390668e-18,8.214604685334696e-17
150.16,"[0.06062, 0.0456, 0.41014]",0.0456,0.41014,-0.04841776846513566,-0.04841189179209458,-0.04841534309679763,0.13821486849872253,0.13820186963562414,0.13820950372053603,0.007364077110133525,0.007374440928632733,0.007368354398550497,-0.11930218504014105,-0.11927174840400079,-0.11928962346900406,0.02862239021874072,0.028618779879095422,0.028620900191119916,1.538385028874037e-17,2.4402813998390668e-18,8.150943698210323e-17
150.18,"[0.06062, 0.0456, 0.41014]",0.0456,0.41014,-0.0484173076451514,-0.04841189179209458,-0.04841509728245882,0.13821384919094357,0.13820186963562414,0.13820895999339128,0.007364889791089403,0.007374440928632733,0.007368787904817674,-0.11929979834668121,-0.11927174840400079,-0.11928835034034872,0.028622107113495346,0.028618779879095422,0.028620749174853747,1.4349087735320203e-17,2.4402813998390668e-18,8.096359420889871e-17
150.2,"[0.06062, 0.0456, 0.41014]",0.0456,0.41014,-0.04841690979953029,-0.04841189179209458,-0.04841486200309572,0.13821296917892809,0.13820186963562414,0.13820843956901416,0.007365591413290396,0.007374440928632733,0.007369202832093361,-0.11929773781211321,-0.11927174840400079,-0.11928713177476376,0.028621862696619964,0.028618779879095422,0.02862060463076065,1.348996593384269e-17,2.4402813998390668e-18,8.044453964110376e-17
150.22,"[0.06062, 0.0456, 0.41014]",0.0456,0.41014,-0.04841654189335045,-0.04841189179209458,-0.04841462757788108,0.13821215539131496,0.13820186963562414,0.1382079210339638,0.007366240235564825,0.007374440928632733,0.007369616253034931,-0.11929583234097564,-0.11927174840400079,-0.11928591763300797,0.02862163667307765,0.028618779879095422,0.028620460611414402,1.2717580306164014e-17,2.4402813998390668e-18,7.993966702459115e-17
150.24,"[0.06062, 0.0456, 0.41014]",0.0456,0.41014,-0.048416178173411276,-0.04841189179209458,-0.04841421099784011,0.13821135086349476,0.13820186963562414,0.13820699958298852,0.007366881675040839,0.007374440928632733,0.007370350913307259,-0.11929394855151787,-0.11927174840400079,-0.11928376006989166,0.0286214132213642,0.028618779879095422,0.028620204685087882,1.1944760997616343e-17,2.4402813998390668e-18,7.90022520347815e-17
150.26,"[0.06062, 0.0456, 0.41014]",0.0456,0.41014,-0.04841582307180102,-0.04841189179209458,-0.04841401210282654,0.13821056539898383,0.13820186963562414,0.13820655963871978,0.007367507915517787,0.007374440928632733,0.007370701674852986,-0.11929210939851895,-0.11927174840400079,-0.11928272994723582,0.02862119506433627,0.028618779879095422,0.028620082493756405,1.1424343954823306e-17,2.4402813998390668e-18,7.854903055512539e-17
150.28,"[0.06062, 0.0456, 0.41014]",0.0456,0.41014,-0.048415314851083635,-0.04841189179209458,-0.04841366485631597,0.13820944124381848,0.13820186963562414,0.1382057915495517,0.007368404189475293,0.007374440928632733,0.007371314061793297,-0.11928947720661517,-0.11927174840400079,-0.11928093147841586,0.028620882838441445,0.028618779879095422,0.028619869162552408,1.0327131356267976e-17,2.4402813998390668e-18,7.774623021704834e-17
150.3,"[0.06062, 0.0456, 0.41014]",0.0456,0.41014,-0.048415149851606845,-0.04841189179209458,-0.04841366485631597,0.1382090762744321,0.13820186963562414,0.1382057915495517,0.00736869517468432,0.007374440928632733,0.007371314061793297,-0.11928862263645637,-0.11927174840400079,-0.11928093147841586,0.028620781470853892,0.028618779879095422,0.028619869162552408,1.0021820024496057e-17,2.4402813998390668e-18,7.774623021704834e-17
150.32,"[0.06062, 0.0456, 0.41014]",0.0456,0.41014,-0.04841486770250157,-0.04841189179209458,-0.04841352650010739,0.1382084521767813,0.13820186963562414,0.1382054855136537,0.00736919275939178,0.007374440928632733,0.007371558059981893,-0.1192871613214848,-0.11927174840400079,-0.11928021490013449,0.028620608132279183,0.028618779879095422,0.028619784163294523,9.168336074315466e-18,2.4402813998390668e-18,7.742802254886335e-17
150.34,"[0.06062, 0.0456, 0.41014]",0.0456,0.41014,-0.048414612874046636,-0.04841189179209458,-0.04841339494595007,0.1382078885108637,0.13820186963562414,0.13820519452350186,0.007369642162660655,0.007374440928632733,0.007371790062400114,-0.11928584150648443,-0.11927174840400079,-0.11927953355123413,0.028620451578174676,0.028618779879095422,0.02861970334288322,8.601515178540042e-18,2.4402813998390668e-18,7.71264485733756e-17
150.36,"[0.06062, 0.0456, 0.41014]",0.0456,0.41014,-0.0484143814677083,-0.04841189179209458,-0.048413274175855524,0.1382073766533415,0.13820186963562414,0.13820492738707674,0.007370050259767918,0.007374440928632733,0.007372003046563908,-0.11928464300004296,-0.11927174840400079,-0.11927890805546446,0.02862030941347189,0.028618779879095422,0.02861962914767104,8.100613774851737e-18,2.4402813998390668e-18,7.68479475704021e-17
150.38,"[0.06062, 0.0456, 0.41014]",0.0456,0.41014,-0.048414171082256256,-0.04841189179209458,-0.048413163556375,0.13820691129282775,0.13820186963562414,0.13820468270322542,0.00737042128541593,0.007374440928632733,0.007372198129594513,-0.11928355336562914,-0.11927174840400079,-0.11927833513204741,0.02862018016297228,0.028618779879095422,0.028619561188498056,7.641345734586873e-18,2.4402813998390668e-18,7.659237676720888e-17
150.4,"[0.06062, 0.0456, 0.41014]",0.0456,0.41014,-0.04841389677353642,-0.04841189179209458,-0.04841306126253573,0.13820630453774546,0.13820186963562414,0.13820445643521312,0.007370905043014351,0.007374440928632733,0.007372378529926001,-0.11928213265803533,-0.11927174840400079,-0.11927780532903132,0.02862001164115571,0.028618779879095422,0.028619498344190537,7.166898863907215e-18,2.4402813998390668e-18,7.636432221155874e-17
150.42,"[0.06062, 0.0456, 0.41014]",0.0456,0.41014,-0.04841381322243635,-0.04841189179209458,-0.04841286819020787,0.1382061197275325,0.13820186963562414,0.1382040293704786,0.007371052389682778,0.007374440928632733,0.007372719022677588,-0.11928169992779604,-0.11927174840400079,-0.1192768053636283,0.028619960311460562,0.028618779879095422,0.02861937973004163,6.9331448755193385e-18,2.4402813998390668e-18,7.590167776065407e-17
150.44,"[0.06062, 0.0456, 0.41014]",0.0456,0.41014,-0.04841364264514309,-0.04841189179209458,-0.0484127822419965,0.13820574242041778,0.13820186963562414,0.1382038392580509,0.007371353211490014,0.007374440928632733,0.007372870596655058,-0.11928081646906001,-0.11927174840400079,-0.11927636021835084,0.02861985551714553,0.028618779879095422,0.028619326927685495,6.698089844524482e-18,2.4402813998390668e-18,7.569539461002467e-17
150.46,"[0.06062, 0.0456, 0.41014]",0.0456,0.41014,-0.04841347916854521,-0.04841189179209458,-0.048412705415945854,0.13820538081964456,0.13820186963562414,0.13820366932331435,0.007371641510828176,0.007374440928632733,0.007373006083236599,-0.11927996978648137,-0.11927174840400079,-0.11927596231882281,0.028619755085150692,0.028618779879095422,0.02861927972953695,6.30560865808473e-18,2.4402813998390668e-18,7.550016564948437e-17
150.48,"[0.06062, 0.0456, 0.41014]",0.0456,0.41014,-0.04841333215555134,-0.04841189179209458,-0.04841263576381825,0.13820505563541832,0.13820186963562414,0.13820351525687982,0.007371900775742585,0.007374440928632733,0.007373128918239259,-0.1192792083726824,-0.11927174840400079,-0.11927560157467666,0.02861966476758664,0.028618779879095422,0.02861923693869441,5.974710155042152e-18,2.4402813998390668e-18,7.532712872075626e-17
150.5,"[0.06062, 0.0456, 0.41014]",0.0456,0.41014,-0.04841319984112206,-0.04841189179209458,-0.04841250964542053,0.1382047629635724,0.13820186963562414,0.13820323629036255,0.007372134118973766,0.007374440928632733,0.0073733513343146135,-0.1192785230861174,-0.11927174840400079,-0.1192749483789424,0.02861958348009969,0.028618779879095422,0.028619159457752525,5.678072440650119e-18,2.4402813998390668e-18,7.501332294773539e-17
150.52,"[0.06062, 0.0456, 0.41014]",0.0456,0.41014,-0.04841307436031957,-0.04841189179209458,-0.04841245507241698,0.13820448540732247,0.13820186963562414,0.138203115578075,0.0073723554107361046,0.007374440928632733,0.007373447576516782,-0.11927787319248696,-0.11927174840400079,-0.11927466573301124,0.02861950639085852,0.028618779879095422,0.02861912593078309,5.465135133973966e-18,2.4402813998390668e-18,7.487001168170986e-17
150.54,"[0.06062, 0.0456, 0.41014]",0.0456,0.41014,-0.048412961607188366,-0.04841189179209458,-0.04841245507241698,0.13820423600394785,0.13820186963562414,0.138203115578075,0.00737255425659306,0.007374440928632733,0.007373447576516782,-0.11927728921837649,-0.11927174840400079,-0.11927466573301124,0.028619437120874013,0.028618779879095422,0.02861912593078309,5.1984213995425314e-18,2.4402813998390668e-18,7.487001168170986e-17
150.56,"[0.06062, 0.0456, 0.41014]",0.0456,0.41014,-0.0484128653655818,-0.04841189179209458,-0.048412363463858965,0.13820402312310848,0.13820186963562414,0.13820291294531756,0.007372723983535392,0.007374440928632733,0.007373609132742992,-0.11927679076121316,-0.11927174840400079,-0.11927419127158453,0.028619377994759315,0.028618779879095422,0.02861906965099129,4.938646559015005e-18,2.4402813998390668e-18,7.46342519397775e-17
150.58,"[0.06062, 0.0456, 0.41014]",0.0456,0.41014,-0.04841277420442186,-0.04841189179209458,-0.04841227638159421,0.13820382147992882,0.13820186963562414,0.13820272032445682,0.007372884750838446,0.007374440928632733,0.007373762706623816,-0.11927631861685621,-0.11927174840400079,-0.11927374025285756,0.028619321989822238,0.028618779879095422,0.028619016151931586,4.805506532233786e-18,2.4402813998390668e-18,7.439896517765238e-17
150.6,"[0.06062, 0.0456, 0.41014]",0.0456,0.41014,-0.048412683434806564,-0.04841189179209458,-0.0484122362461915,0.13820362070283054,0.13820186963562414,0.13820263154730197,0.007373044827616599,0.007374440928632733,0.007373833487388803,-0.11927584850041807,-0.11927174840400079,-0.11927353238254099,0.028619266225431813,0.028618779879095422,0.028618991494714658,4.6298657802911345e-18,2.4402813998390668e-18,7.428812122216703e-17
150.62,"[0.06062, 0.0456, 0.41014]",0.0456,0.41014,-0.04841259846896969,-0.04841189179209458,-0.048412202156857424,0.13820343276335656,0.13820186963562414,0.13820255614369822,0.007373194669130153,0.007374440928632733,0.0073738936056085775,-0.1192754084430775,-0.11927174840400079,-0.11927335582618522,0.028619214026598155,0.028618779879095422,0.028618970551905102,4.396979153641246e-18,2.4402813998390668e-18,7.418975542231578e-17
150.64,"[0.06062, 0.0456, 0.41014]",0.0456,0.41014,-0.048412523169668376,-0.04841189179209458,-0.048412141703858415,0.13820326620569806,0.13820186963562414,0.13820242242521966,0.007373327463217894,0.007374440928632733,0.0073740002174441256,-0.11927501845092407,-0.11927174840400079,-0.11927304272646534,0.028619167766409038,0.028618779879095422,0.028618933412557307,4.1918481026069885e-18,2.4402813998390668e-18,7.402185029030142e-17
150.66,"[0.06062, 0.0456, 0.41014]",0.0456,0.41014,-0.04841245340145932,-0.04841189179209458,-0.048412113218857515,0.13820311188249634,0.13820186963562414,0.1382023594180735,0.007373450502939574,0.007374440928632733,0.007374050452142227,-0.11927465710556127,-0.11927174840400079,-0.11927289519622113,0.02861912490425157,0.028618779879095422,0.028618915912774524,4.0465650114939305e-18,2.4402813998390668e-18,7.394155770346953e-17
150.68,"[0.06062, 0.0456, 0.41014]",0.0456,0.41014,-0.048412388766764985,-0.04841189179209458,-0.04841208932670583,0.13820296891433237,0.13820186963562414,0.1382023065700412,0.007373564489444923,0.007374440928632733,0.007374092587121771,-0.11927432234784277,-0.11927174840400079,-0.1192727714533831,0.028619085195873525,0.028618779879095422,0.028618901234612467,3.884802047359093e-18,2.4402813998390668e-18,7.386938057996183e-17
150.7,"[0.06062, 0.0456, 0.41014]",0.0456,0.41014,-0.048412331873153774,-0.04841189179209458,-0.04841206826128588,0.1382028430689935,0.13820186963562414,0.13820225997457405,0.007373664824160373,0.007374440928632733,0.007374129737019264,-0.1192740276829514,-0.11927174840400079,-0.11927266235082849,0.02861905024323649,0.028618779879095422,0.02861888829305538,3.744289445804971e-18,2.4402813998390668e-18,7.380575543092022e-17
150.72,"[0.06062, 0.0456, 0.41014]",0.0456,0.41014,-0.04841228178689891,-0.04841189179209458,-0.04841204959446733,0.13820273228113017,0.13820186963562414,0.13820221868467275,0.00737375315376041,0.007374440928632733,0.007374162656864039,-0.11927376827490413,-0.11927174840400079,-0.1192725656711732,0.028619019472704673,0.028618779879095422,0.028618876825081033,3.612450461630733e-18,2.4402813998390668e-18,7.374859574283364e-17
150.74,"[0.06062, 0.0456, 0.41014]",0.0456,0.41014,-0.0484122376703369,-0.04841189179209458,-0.0484120330341542,0.1382026346978798,0.13820186963562414,0.138202182054238,0.007373830955506949,0.007374440928632733,0.007374191861782021,-0.11927353978525138,-0.11927174840400079,-0.11927247990158586,0.028618992369658754,0.028618779879095422,0.02861886665124001,3.506198648727157e-18,2.4402813998390668e-18,7.369633387516578e-17
150.76,"[0.06062, 0.0456, 0.41014]",0.0456,0.41014,-0.04841219878946213,-0.04841189179209458,-0.0484120198936506,0.13820254869566417,0.13820186963562414,0.1382021529882214,0.007373899523856065,0.007374440928632733,0.007374215035696534,-0.11927333841241101,-0.11927174840400079,-0.11927241184396509,0.028618968483161773,0.028618779879095422,0.028618858578361737,3.4042836445135197e-18,2.4402813998390668e-18,7.365432382803581e-17
150.78,"[0.06062, 0.0456, 0.41014]",0.0456,0.41014,-0.04841216598190324,-0.04841189179209458,-0.0484120198936506,0.13820247612726816,0.13820186963562414,0.1382021529882214,0.0073739573816103045,0.007374440928632733,0.007374215035696534,-0.11927316849464824,-0.11927174840400079,-0.11927241184396509,0.028618948327811398,0.028618779879095422,0.028618858578361737,3.316680108976692e-18,2.4402813998390668e-18,7.365432382803581e-17
150.802,"[0.06062, 0.0456, 0.41014]",0.0456,0.41014,-0.048412125274902,-0.04841189179209458,-0.048411996985953804,0.1382023860857703,0.13820186963562414,0.13820210231775273,0.007374029170419005,0.007374440928632733,0.007374255434526111,-0.11927295766389204,-0.11927174840400079,-0.11927229319986005,0.02861892331943235,0.028618779879095422,0.02861884450500116,3.2238724030119335e-18,2.4402813998390668e-18,7.357849563155495e-17
150.82,"[0.06062, 0.0456, 0.41014]",0.0456,0.41014,-0.048412113619692075,-0.04841189179209458,-0.04841198679370354,0.13820236030513045,0.13820186963562414,0.1382020797730993,0.0073740497249569215,0.007374440928632733,0.007374273409050462,-0.11927289729892776,-0.11927174840400079,-0.11927224041190898,0.02861891615904479,0.028618779879095422,0.028618838243384688,3.1930810613133453e-18,2.4402813998390668e-18,7.354275058454562e-17
150.84,"[0.06062, 0.0456, 0.41014]",0.0456,0.41014,-0.04841209044005678,-0.04841189179209458,-0.04841198679370354,0.13820230903313963,0.13820186963562414,0.1382020797730993,0.007374090603384361,0.007374440928632733,0.007374273409050462,-0.11927277724636584,-0.11927174840400079,-0.11927224041190898,0.028618901918617445,0.028618779879095422,0.028618838243384688,3.16359076222174e-18,2.4402813998390668e-18,7.354275058454562e-17
150.86,"[0.06062, 0.0456, 0.41014]",0.0456,0.41014,-0.04841207074724967,-0.04841189179209458,-0.04841197861241614,0.1382022654738082,0.13820186963562414,0.1382020616765775,0.0073741253326177775,0.007374440928632733,0.007374287837143003,-0.11927267525287509,-0.11927174840400079,-0.11927219803918822,0.028618889820325805,0.028618779879095422,0.028618833217204844,3.102875440562552e-18,2.4402813998390668e-18,7.351054379851694e-17
150.88,"[0.06062, 0.0456, 0.41014]",0.0456,0.41014,-0.04841204500328306,-0.04841189179209458,-0.048411970858149286,0.1382022085296699,0.13820186963562414,0.13820204452459997,0.007374170733364673,0.007374440928632733,0.007374301512163957,-0.11927254191906901,-0.11927174840400079,-0.11927215787810304,0.02861887400449976,0.028618779879095422,0.0286188284533654,3.050833736283248e-18,2.4402813998390668e-18,7.34788748375118e-17
150.9,"[0.06062, 0.0456, 0.41014]",0.0456,0.41014,-0.048412037588769684,-0.04841189179209458,-0.04841196445473286,0.1382021921292031,0.13820186963562414,0.13820203036062395,0.007374183809221894,0.007374440928632733,0.007374312804894118,-0.11927250351763351,-0.11927174840400079,-0.11927212471337653,0.028618869449387675,0.028618779879095422,0.02861882451942197,3.027848650226556e-18,2.4402813998390668e-18,7.345206582958993e-17
150.92,"[0.06062, 0.0456, 0.41014]",0.0456,0.41014,-0.04841202426961016,-0.04841189179209458,-0.04841196445473286,0.1382021626680074,0.13820186963562414,0.13820203036062395,0.00737420729821076,0.007374440928632733,0.007374312804894118,-0.11927243453470608,-0.11927174840400079,-0.11927212471337653,0.028618861266751682,0.028618779879095422,0.02861882451942197,2.9818784781131705e-18,2.4402813998390668e-18,7.345206582958993e-17
150.94,"[0.06062, 0.0456, 0.41014]",0.0456,0.41014,-0.04841201290478344,-0.04841189179209458,-0.04841195886505293,0.13820213752968097,0.13820186963562414,0.13820201799658505,0.007374227340637455,0.007374440928632733,0.00737432266256031,-0.11927237567370945,-0.11927174840400079,-0.1192720957631745,0.028618854284761592,0.028618779879095422,0.028618821085398177,2.952388179021565e-18,2.4402813998390668e-18,7.342809409167967e-17
150.96,"[0.06062, 0.0456, 0.41014]",0.0456,0.41014,-0.048412002637234684,-0.04841189179209458,-0.048411953507206264,0.13820211481846917,0.13820186963562414,0.1382020061453476,0.007374245447959656,0.007374440928632733,0.00737433211137732,-0.11927232249576379,-0.11927174840400079,-0.11927206801368903,0.028618847976885114,0.028618779879095422,0.028618817793801328,2.9311378164408497e-18,2.4402813998390668e-18,7.340416599313545e-17
150.98,"[0.06062, 0.0456, 0.41014]",0.0456,0.41014,-0.048411993784735464,-0.04841189179209458,-0.04841194891587375,0.1382020952372639,0.13820186963562414,0.13820199598959415,0.007374261059772339,0.007374440928632733,0.0073743402084093905,-0.11927227664667926,-0.11927174840400079,-0.11927204423415273,0.028618842538345495,0.028618779879095422,0.02861881497311303,2.9120558582051057e-18,2.4402813998390668e-18,7.338163527361998e-17
151.0,"[0.06062, 0.0456, 0.41014]",0.0456,0.41014,-0.048411985672871645,-0.04841189179209458,-0.04841194891587375,0.13820207729430095,0.13820186963562414,0.13820199598959415,0.007374275365437351,0.007374440928632733,0.0073743402084093905,-0.11927223463351354,-0.11927174840400079,-0.11927204423415273,0.02861883755481583,0.028618779879095422,0.02861881497311303,2.9025148790872336e-18,2.4402813998390668e-18,7.338163527361998e-17
151.02,"[0.06062, 0.0456, 0.41014]",0.0456,0.41014,-0.04841197868904202,-0.04841189179209458,-0.04841194485227673,0.13820206184648293,0.13820186963562414,0.13820198700116035,0.007374287681758899,0.007374440928632733,0.007374347374754456,-0.11927219846269109,-0.11927174840400079,-0.11927202318787698,0.02861883326429487,0.028618779879095422,0.028618812476639423,2.878228750423558e-18,2.4402813998390668e-18,7.335992417473954e-17
151.04,"[0.06062, 0.0456, 0.41014]",0.0456,0.41014,-0.04841197226005662,-0.04841189179209458,-0.04841194119970754,0.13820204762594818,0.13820186963562414,0.13820197892189576,0.007374299019584912,0.007374440928632733,0.007374353816232137,-0.11927216516553245,-0.11927174840400079,-0.11927200427040663,0.02861882931464291,0.028618779879095422,0.02861881023268107,2.8634836008777547e-18,2.4402813998390668e-18,7.333977402189333e-17
151.06,"[0.06062, 0.0456, 0.41014]",0.0456,0.41014,-0.0484119666873215,-0.04841189179209458,-0.04841193767521572,0.1382020352993884,0.13820186963562414,0.13820197112593066,0.007374308847371751,0.007374440928632733,0.00737436003183927,-0.11927213630308696,-0.11927174840400079,-0.1192719860162776,0.028618825891028984,0.028618779879095422,0.028618808067407134,2.8465700469869814e-18,2.4402813998390668e-18,7.332012005936043e-17
151.08,"[0.06062, 0.0456, 0.41014]",0.0456,0.41014,-0.04841196149222562,-0.04841189179209458,-0.04841193438680108,0.1382020238081449,0.13820186963562414,0.13820196385215427,0.0073743180091728,0.007374440928632733,0.0073743658311129796,-0.11927210939652082,-0.11927174840400079,-0.11927196898484521,0.02861882269941805,0.028618779879095422,0.028618806047167388,2.8422332382970394e-18,2.4402813998390668e-18,7.330021983075168e-17
151.1,"[0.06062, 0.0456, 0.41014]",0.0456,0.41014,-0.048411956638152225,-0.04841189179209458,-0.048411931327542054,0.13820201307122298,0.13820186963562414,0.13820195708525645,0.007374326569563663,0.007374440928632733,0.0073743712262598245,-0.11927208425618739,-0.11927174840400079,-0.11927195314026103,0.028618819717314562,0.028618779879095422,0.028618804167709556,2.834426982655143e-18,2.4402813998390668e-18,7.328079863238774e-17
151.12,"[0.06062, 0.0456, 0.41014]",0.0456,0.41014,-0.04841195210446956,-0.04841189179209458,-0.048411931327542054,0.1382020030429867,0.13820186963562414,0.13820195708525645,0.007374334564929578,0.007374440928632733,0.0073743712262598245,-0.11927206077522993,-0.11927174840400079,-0.11927195314026103,0.028618816932043382,0.028618779879095422,0.028618804167709556,2.8092734922534803e-18,2.4402813998390668e-18,7.328079863238774e-17
151.14,"[0.06062, 0.0456, 0.41014]",0.0456,0.41014,-0.04841194815685337,-0.04841189179209458,-0.04841192848284553,0.13820199431109453,0.13820186963562414,0.1382019507929581,0.007374341526739185,0.007374440928632733,0.007374376243015478,-0.11927204032964193,-0.11927174840400079,-0.11927193840694403,0.028618814506822524,0.028618779879095422,0.028618802420068347,2.8075387687775036e-18,2.4402813998390668e-18,7.326324643423058e-17
151.16,"[0.06062, 0.0456, 0.41014]",0.0456,0.41014,-0.04841194441879191,-0.04841189179209458,-0.04841192598124023,0.1382019860427252,0.13820186963562414,0.13820194525955715,0.007374348118988544,0.007374440928632733,0.00737438065471339,-0.11927202096938534,-0.11927174840400079,-0.1192719254505733,0.02861881221034181,0.028618779879095422,0.028618800883205484,2.7988651513976194e-18,2.4402813998390668e-18,7.324493306425485e-17
151.18,"[0.06062, 0.0456, 0.41014]",0.0456,0.41014,-0.04841194091565711,-0.04841189179209458,-0.04841192358340502,0.13820197829399966,0.13820186963562414,0.1382019399556894,0.007374354296933127,0.007374440928632733,0.007374384883407858,-0.11927200282586713,-0.11927174840400079,-0.11927191303165101,0.02861881005818846,0.028618779879095422,0.028618799410093845,2.7741453418649505e-18,2.4402813998390668e-18,7.322852117885947e-17
151.2,"[0.06062, 0.0456, 0.41014]",0.0456,0.41014,-0.04841193762252919,-0.04841189179209458,-0.048411921474504155,0.13820197100979725,0.13820186963562414,0.13820193529092722,0.007374360104520187,0.007374440928632733,0.007374388602552937,-0.11927198577002206,-0.11927174840400079,-0.11927190210918419,0.02861880803505305,0.028618779879095422,0.028618798114489218,2.7628696392711006e-18,2.4402813998390668e-18,7.321322076281471e-17
151.22,"[0.06062, 0.0456, 0.41014]",0.0456,0.41014,-0.0484119347442055,-0.04841189179209458,-0.048411921474504155,0.13820196464311674,0.13820186963562414,0.13820193529092722,0.007374365180580218,0.007374440928632733,0.007374388602552937,-0.11927197086254097,-0.11927174840400079,-0.11927190210918419,0.028618806266752925,0.028618779879095422,0.028618798114489218,2.759833873188141e-18,2.4402813998390668e-18,7.321322076281471e-17
