timestamp,target_x,target_y,target_z,actual_j1,target_j1,control_u_j1,actual_j2,target_j2,control_u_j2,actual_j3,target_j3,control_u_j3,actual_j4,target_j4,control_u_j4,actual_j5,target_j5,control_u_j5,actual_j6,target_j6,control_u_j6
329.909,"[0.0, 0.0, 0.0]",0.0,0.0,4.649070395358665e-05,0.0,0.0,-4.649070395340761e-05,0.0,0.0,-4.6490703979091964e-05,0.0,0.0,4.6490703947988826e-05,0.0,0.0,-4.6490703953396284e-05,0.0,0.0,4.649070395359896e-05,0.0,0.0
329.92,"[0.0, 0.0, 0.0]",0.0,0.0,4.6490703938433366e-05,0.0,0.0,-4.649070393800889e-05,0.0,0.0,-4.64907039581763e-05,0.0,0.0,4.649070392849162e-05,0.0,0.0,-4.649070393798147e-05,0.0,0.0,4.64907039384613e-05,0.0,0.0
329.94,"[0.0, 0.0, 0.0]",0.0,0.0,4.6490703949074654e-05,0.0,-0.005234496216293951,-4.649070394887812e-05,0.0,0.014085391819401409,-4.6490703973736845e-05,0.0,0.0012299492843395017,4.649070394307185e-05,0.0,-0.012609704407670806,-4.64907039488657e-05,0.0,0.0030982911667668967,4.6490703949088044e-05,0.0,-3.6718432329953045e-17
329.96,"[0.0, 0.0, 0.0]",0.0,0.0,4.6490703948476696e-05,0.0,-0.005234496216293951,-4.649070394900401e-05,0.0,0.014085391819401409,-4.649070398942062e-05,0.0,0.0012299492843395017,4.649070395931882e-05,0.0,-0.012609704407670806,-4.6490703949038835e-05,0.0,0.0030982911667668967,4.6490703948443255e-05,0.0,-3.6718432329953045e-17
329.98,"[0.0, 0.0, 0.0]",0.0,0.0,4.649070392751815e-05,0.0,-0.004943913756807897,-4.649070392709472e-05,0.0,0.013303469810669336,-4.649070394640562e-05,0.0,0.0011616711420823441,4.64907039178319e-05,0.0,-0.01190970219574567,-4.649070392706739e-05,0.0,0.0029262958055605447,4.649070392754596e-05,0.0,-3.542648955198796e-17
330.0,"[0.0, 0.0, 0.0]",0.0,0.0,4.649070392635207e-05,0.0,-0.004943913756807897,-4.6490703926825335e-05,0.0,0.013303469810669336,-4.649070396551259e-05,0.0,0.0011616711420823441,4.649070393767715e-05,0.0,-0.01190970219574567,-4.649070392685664e-05,0.0,0.0029262958055605447,4.6490703926322075e-05,0.0,-3.542648955198796e-17
330.02,"[0.0, 0.0, 0.0]",0.0,0.0,4.6490703910584786e-05,0.0,-0.004671279554961079,-4.6490703910207605e-05,0.0,0.012569844377347065,-4.6490703930010734e-05,0.0,0.0010976103008063323,4.6490703903240766e-05,0.0,-0.011252936661177531,-4.649070391018354e-05,0.0,0.002764923993556318,4.649070391060976e-05,0.0,-3.4117819601770373e-17
330.04,"[0.0, 0.0, 0.0]",0.0,0.0,4.649070391317597e-05,0.0,-0.004671279554961079,-4.649070391364091e-05,0.0,0.012569844377347065,-4.6490703951656546e-05,0.0,0.0010976103008063323,4.649070392517723e-05,0.0,-0.011252936661177531,-4.649070391367096e-05,0.0,0.002764923993556318,4.649070391314577e-05,0.0,-3.4117819601770373e-17
330.06,"[0.0, 0.0, 0.0]",0.0,0.0,4.6490703901208395e-05,0.0,-0.004407851739702109,-4.6490703900871995e-05,0.0,0.011860992209100656,-4.6490703921100124e-05,0.0,0.0010357126836054934,4.6490703895330664e-05,0.0,-0.010618348965520955,-4.649070390085033e-05,0.0,0.0026090014292105787,4.649070390123047e-05,0.0,-3.2730111772581716e-17
330.08,"[0.0, 0.0, 0.0]",0.0,0.0,4.6490703913413585e-05,0.0,-0.004407851739702109,-4.6490703913261817e-05,0.0,0.011860992209100656,-4.649070393730106e-05,0.0,0.0010357126836054934,4.649070391034957e-05,0.0,-0.010618348965520955,-4.6490703913252194e-05,0.0,0.0026090014292105787,4.649070391342388e-05,0.0,-3.2730111772581716e-17
330.1,"[0.0, 0.0, 0.0]",0.0,0.0,4.649070389166451e-05,0.0,-0.004164312336758756,-4.6490703891294634e-05,0.0,0.011205657336206582,-4.649070391033526e-05,0.0,0.0009784882454127823,4.64907038855327e-05,0.0,-0.010031671706835148,-4.6490703891270714e-05,0.0,0.002464850788971312,4.6490703891688836e-05,0.0,-3.1403662784960085e-17
330.12,"[0.0, 0.0, 0.0]",0.0,0.0,4.64907039036568e-05,0.0,-0.004164312336758756,-4.649070390351881e-05,0.0,0.011205657336206582,-4.649070392743222e-05,0.0,0.0009784882454127823,4.649070390150185e-05,0.0,-0.010031671706835148,-4.649070390351038e-05,0.0,0.002464850788971312,4.649070390366637e-05,0.0,-3.1403662784960085e-17
330.14,"[0.0, 0.0, 0.0]",0.0,0.0,4.649070388515282e-05,0.0,-0.00393542729143172,-4.649070388481888e-05,0.0,0.010589755554920859,-4.649070390423876e-05,0.0,0.0009247071407154861,4.64907038801311e-05,0.0,-0.009480296244284163,-4.6490703884797525e-05,0.0,0.0023293740430060574,4.64907038851751e-05,0.0,-3.006953799708485e-17
330.16,"[0.0, 0.0, 0.0]",0.0,0.0,4.6490703898019574e-05,0.0,-0.00393542729143172,-4.649070389790229e-05,0.0,0.010589755554920859,-4.6490703921878154e-05,0.0,0.0009247071407154861,4.6490703896538256e-05,0.0,-0.009480296244284163,-4.6490703897894416e-05,0.0,0.0023293740430060574,4.6490703898027306e-05,0.0,-3.006953799708485e-17
330.18,"[0.0, 0.0, 0.0]",0.0,0.0,4.649070389525821e-05,0.0,-0.0037197717486649787,-4.6490703895647116e-05,0.0,0.010009452753819379,-4.649070393045727e-05,0.0,0.0008740345714085554,4.649070390571824e-05,0.0,-0.008960790155648539,-4.649070389567248e-05,0.0,0.0022017278215518384,4.649070389523342e-05,0.0,-2.8733371561249585e-17
330.2,"[0.0, 0.0, 0.0]",0.0,0.0,4.649070389478177e-05,0.0,-0.0037197717486649787,-4.6490703894680245e-05,0.0,0.010009452753819379,-4.64907039186462e-05,0.0,0.0008740345714085554,4.649070389364075e-05,0.0,-0.008960790155648539,-4.6490703894674234e-05,0.0,0.0022017278215518384,4.649070389478948e-05,0.0,-2.8733371561249585e-17
330.22,"[0.0, 0.0, 0.0]",0.0,0.0,4.6490703880092765e-05,0.0,-0.00351636405480463,-4.649070387981383e-05,0.0,0.009462107422473835,-4.649070389972631e-05,0.0,0.0008262398783936143,4.6490703876156515e-05,0.0,-0.00847078867421049,-4.649070387979628e-05,0.0,0.0020813310851506076,4.649070388011172e-05,0.0,-2.7407126791525066e-17
330.24,"[0.0, 0.0, 0.0]",0.0,0.0,4.6490703892733004e-05,0.0,-0.00331959082773508,-4.649070389264325e-05,0.0,0.008932614633260212,-4.6490703916542185e-05,0.0,0.0007800040856201977,4.6490703891744225e-05,0.0,-0.007996769373658693,-4.649070389263743e-05,0.0,0.001964861280589614,4.64907038927391e-05,0.0,-2.6116083661311683e-17
330.26,"[0.0, 0.0, 0.0]",0.0,0.0,4.649070389830975e-05,0.0,-0.00331959082773508,-4.649070389867447e-05,0.0,0.008932614633260212,-4.649070393238047e-05,0.0,0.0007800040856201977,4.649070390726373e-05,0.0,-0.007996769373658693,-4.649070389869846e-05,0.0,0.001964861280589614,4.6490703898286816e-05,0.0,-2.6116083661311683e-17
330.28,"[0.0, 0.0, 0.0]",0.0,0.0,4.6490703889844005e-05,0.0,-0.0031370816948379492,-4.6490703889610475e-05,0.0,0.008441504784254716,-4.64907039100275e-05,0.0,0.0007371199261670013,4.6490703885428504e-05,0.0,-0.00755711173928565,-4.649070388959502e-05,0.0,0.0018568343739020902,4.649070388985953e-05,0.0,-2.4851171369125224e-17
330.3,"[0.0, 0.0, 0.0]",0.0,0.0,4.649070389259984e-05,0.0,-0.0031370816948379492,-4.6490703892924095e-05,0.0,0.008441504784254716,-4.6490703925428164e-05,0.0,0.0007371199261670013,4.64907039008696e-05,0.0,-0.00755711173928565,-4.649070389294468e-05,0.0,0.0018568343739020902,4.6490703892579013e-05,0.0,-2.4851171369125224e-17
330.32,"[0.0, 0.0, 0.0]",0.0,0.0,4.649070388522259e-05,0.0,-0.002965262209704212,-4.649070388500763e-05,0.0,0.007979159475500076,-4.649070390553223e-05,0.0,0.0006967475125805448,4.649070388141878e-05,0.0,-0.007143205064182494,-4.649070388499327e-05,0.0,0.0017551346551373313,4.64907038852368e-05,0.0,-2.3614512769883914e-17
330.34,"[0.0, 0.0, 0.0]",0.0,0.0,4.6490703888662794e-05,0.0,-0.002965262209704212,-4.649070388897432e-05,0.0,0.007979159475500076,-4.649070392091842e-05,0.0,0.0006967475125805448,4.649070389675053e-05,0.0,-0.007143205064182494,-4.6490703888994634e-05,0.0,0.0017551346551373313,4.649070388864294e-05,0.0,-2.3614512769883914e-17
330.36,"[0.0, 0.0, 0.0]",0.0,0.0,4.6490703882377125e-05,0.0,-0.0028031825579722305,-4.649070388218005e-05,0.0,0.0075430228722260725,-4.64907039028265e-05,0.0,0.0006586636670387803,4.6490703879012005e-05,0.0,-0.006752761281288912,-4.649070388216693e-05,0.0,0.001659199930471007,4.6490703882389695e-05,0.0,-2.2412654685130308e-17
330.38,"[0.0, 0.0, 0.0]",0.0,0.0,4.649070388611733e-05,0.0,-0.0028031825579722305,-4.6490703886416185e-05,0.0,0.0075430228722260725,-4.649070391781846e-05,0.0,0.0006586636670387803,4.64907038938951e-05,0.0,-0.006752761281288912,-4.6490703886435904e-05,0.0,0.001659199930471007,4.649070388609862e-05,0.0,-2.2412654685130308e-17
330.4,"[0.0, 0.0, 0.0]",0.0,0.0,4.6490703880533175e-05,0.0,-0.0026501777818164094,-4.6490703880351415e-05,0.0,0.007131305653908419,-4.649070390107724e-05,0.0,0.0006227121444426645,4.6490703877453736e-05,0.0,-0.006384178532221848,-4.649070388033993e-05,0.0,0.0015686366122736346,4.649070388054564e-05,0.0,-2.12498099369983e-17
330.42,"[0.0, 0.0, 0.0]",0.0,0.0,4.649070388430062e-05,0.0,-0.0026501777818164094,-4.649070388458611e-05,0.0,0.007131305653908419,-4.6490703915451566e-05,0.0,0.0006227121444426645,4.649070389169673e-05,0.0,-0.006384178532221848,-4.649070388460486e-05,0.0,0.0015686366122736346,4.64907038842826e-05,0.0,-2.12498099369983e-17
330.44,"[0.0, 0.0, 0.0]",0.0,0.0,4.649070387917972e-05,0.0,-0.002505670848457882,-4.649070387901094e-05,0.0,0.006742455095615252,-4.649070389978399e-05,0.0,0.0005887573594360182,4.6490703876299135e-05,0.0,-0.006036066766727581,-4.6490703879000405e-05,0.0,0.001483103155630881,4.6490703879191604e-05,0.0,-2.0129663789885715e-17
330.46,"[0.0, 0.0, 0.0]",0.0,0.0,4.649070388282959e-05,0.0,-0.002505670848457882,-4.649070388310164e-05,0.0,0.006742455095615252,-4.649070391344292e-05,0.0,0.0005887573594360182,4.649070388982084e-05,0.0,-0.006036066766727581,-4.649070388312003e-05,0.0,0.001483103155630881,4.649070388281313e-05,0.0,-2.0129663789885715e-17
330.48,"[0.0, 0.0, 0.0]",0.0,0.0,4.6490703878040194e-05,0.0,-0.002369143324717314,-4.649070387788273e-05,0.0,0.006375076156800278,-4.649070389868113e-05,0.0,0.0005566774958069605,4.649070387531179e-05,0.0,-0.005707177098782851,-4.649070387787253e-05,0.0,0.0014022927006514,4.649070387805097e-05,0.0,-1.905363245878532e-17
330.5,"[0.0, 0.0, 0.0]",0.0,0.0,4.649070388150439e-05,0.0,-0.002369143324717314,-4.649070388176304e-05,0.0,0.006375076156800278,-4.649070391159562e-05,0.0,0.0005566774958069605,4.6490703888092165e-05,0.0,-0.005707177098782851,-4.6490703881780116e-05,0.0,0.0014022927006514,4.649070388148837e-05,0.0,-1.905363245878532e-17
330.52,"[0.0, 0.0, 0.0]",0.0,0.0,4.649070387697478e-05,0.0,-0.0022370073476329893,-4.6490703876827284e-05,0.0,0.006019514335196707,-4.6490703897637e-05,0.0,0.0005256295136166711,4.649070387437538e-05,0.0,-0.005388866501507212,-4.64907038768175e-05,0.0,0.0013240815961451185,4.649070387698459e-05,0.0,-1.805784452104875e-17
330.54,"[0.0, 0.0, 0.0]",0.0,0.0,4.649070388401263e-05,0.0,-0.0022370073476329893,-4.649070388395381e-05,0.0,0.006019514335196707,-4.649070390660255e-05,0.0,0.0005256295136166711,4.649070388264032e-05,0.0,-0.005388866501507212,-4.649070388395026e-05,0.0,0.0013240815961451185,4.6490703884017225e-05,0.0,-1.805784452104875e-17
330.56,"[0.0, 0.0, 0.0]",0.0,0.0,4.649070387367204e-05,0.0,-0.0021142782497081494,-4.649070387350054e-05,0.0,0.005689265279755902,-4.649070389357366e-05,0.0,0.0004967918652354882,4.649070387063657e-05,0.0,-0.00509321672219583,-4.6490703873489405e-05,0.0,0.0012514384105750446,4.6490703873683606e-05,0.0,-1.7073278234044234e-17
330.58,"[0.0, 0.0, 0.0]",0.0,0.0,4.6490703876777865e-05,0.0,-0.0021142782497081494,-4.64907038770123e-05,0.0,0.005689265279755902,-4.649070390591261e-05,0.0,0.0004967918652354882,4.6490703882869495e-05,0.0,-0.00509321672219583,-4.649070387702776e-05,0.0,0.0012514384105750446,4.649070387676312e-05,0.0,-1.7073278234044234e-17
330.6,"[0.0, 0.0, 0.0]",0.0,0.0,4.6490703873225456e-05,0.0,-0.002000530373308173,-4.649070387309772e-05,0.0,0.005383183597624417,-4.649070389395038e-05,0.0,0.0004700645339141883,4.649070387107562e-05,0.0,-0.004819202367623725,-4.649070387308968e-05,0.0,0.0011841111977684761,4.649070387323451e-05,0.0,-1.6116052227532253e-17
330.62,"[0.0, 0.0, 0.0]",0.0,0.0,4.649070387636021e-05,0.0,-0.002000530373308173,-4.649070387657816e-05,0.0,0.005383183597624417,-4.649070390493903e-05,0.0,0.0004700645339141883,4.649070388191949e-05,0.0,-0.004819202367623725,-4.649070387659216e-05,0.0,0.0011841111977684761,4.649070387634633e-05,0.0,-1.6116052227532253e-17
330.64,"[0.0, 0.0, 0.0]",0.0,0.0,4.6490703872753015e-05,0.0,-0.0018893072229571848,-4.6490703872632045e-05,0.0,0.005083895645808382,-4.649070389346385e-05,0.0,0.0004439304373098402,4.6490703870633996e-05,0.0,-0.004551269983116319,-4.649070387262467e-05,0.0,0.0011182783668654296,4.649070387276174e-05,0.0,-1.5251171729041504e-17
330.661,"[0.0, 0.0, 0.0]",0.0,0.0,4.649070387479582e-05,0.0,-0.0018893072229571848,-4.649070387467038e-05,0.0,0.005083895645808382,-4.649070389527159e-05,0.0,0.0004439304373098402,4.6490703872216037e-05,0.0,-0.004551269983116319,-4.649070387466233e-05,0.0,0.0011182783668654296,4.6490703874804264e-05,0.0,-1.5251171729041504e-17
330.68,"[0.0, 0.0, 0.0]",0.0,0.0,4.649070387028707e-05,0.0,-0.001785818940386069,-4.649070387014511e-05,0.0,0.004805421281165113,-4.649070389034255e-05,0.0,0.00041961380210425264,4.6490703867752776e-05,0.0,-0.004301970604068907,-4.649070387013599e-05,0.0,0.0010570237936449313,4.649070387029664e-05,0.0,-1.4395133872349505e-17
330.7,"[0.0, 0.0, 0.0]",0.0,0.0,4.649070387571319e-05,0.0,-0.001785818940386069,-4.6490703875667086e-05,0.0,0.004805421281165113,-4.6490703897885275e-05,0.0,0.00041961380210425264,4.649070387476883e-05,0.0,-0.004301970604068907,-4.6490703875664016e-05,0.0,0.0010570237936449313,4.649070387571662e-05,0.0,-1.4395133872349505e-17
330.72,"[0.0, 0.0, 0.0]",0.0,0.0,4.649070386799781e-05,0.0,-0.001688262931273284,-4.6490703867866e-05,0.0,0.0045429099419123575,-4.6490703888125545e-05,0.0,0.00039669107282075134,4.6490703865774785e-05,0.0,-0.0040669618485844015,-4.6490703867857706e-05,0.0,0.000999280524988464,4.649070386800696e-05,0.0,-1.3574516117549423e-17
330.74,"[0.0, 0.0, 0.0]",0.0,0.0,4.649070387346549e-05,0.0,-0.001688262931273284,-4.649070387342412e-05,0.0,0.0045429099419123575,-4.649070389559151e-05,0.0,0.00039669107282075134,4.649070387270676e-05,0.0,-0.0040669618485844015,-4.649070387342131e-05,0.0,0.000999280524988464,4.6490703873468554e-05,0.0,-1.3574516117549423e-17
330.76,"[0.0, 0.0, 0.0]",0.0,0.0,4.6490703866463775e-05,0.0,-0.0015961561384977229,-4.6490703866341145e-05,0.0,0.004295061780168341,-4.649070388665563e-05,0.0,0.0003750487455574701,4.6490703864464465e-05,0.0,-0.0038450800502331174,-4.6490703866333786e-05,0.0,0.0009447626400453366,4.649070386647231e-05,0.0,-1.2793553774753161e-17
330.78,"[0.0, 0.0, 0.0]",0.0,0.0,4.6490703871834126e-05,0.0,-0.0015961561384977229,-4.649070387179669e-05,0.0,0.004295061780168341,-4.649070389390618e-05,0.0,0.0003750487455574701,4.6490703871188e-05,0.0,-0.0038450800502331174,-4.649070387179445e-05,0.0,0.0009447626400453366,4.649070387183731e-05,0.0,-1.2793553774753161e-17
330.8,"[0.0, 0.0, 0.0]",0.0,0.0,4.6490703865373196e-05,0.0,-0.001509151704988396,-4.649070386525893e-05,0.0,0.004060943445798379,-4.6490703885612886e-05,0.0,0.00035460531933003287,4.6490703863533434e-05,0.0,-0.00363548964338141,-4.6490703865251935e-05,0.0,0.0008932648345886031,4.649070386538154e-05,0.0,-1.2052383577039956e-17
330.82,"[0.0, 0.0, 0.0]",0.0,0.0,4.649070387055334e-05,0.0,-0.001509151704988396,-4.649070387051907e-05,0.0,0.004060943445798379,-4.64907038925632e-05,0.0,0.00035460531933003287,4.649070386997471e-05,0.0,-0.00363548964338141,-4.649070387051677e-05,0.0,0.0008932648345886031,4.6490703870556055e-05,0.0,-1.2052383577039956e-17
330.84,"[0.0, 0.0, 0.0]",0.0,0.0,4.649070386452428e-05,0.0,-0.001428734900308826,-4.649070386441714e-05,0.0,0.0038445516183076827,-4.649070388479846e-05,0.0,0.00033570978783602836,4.649070386280576e-05,0.0,-0.00344176858652393,-4.649070386441014e-05,0.0,0.0008456662376456455,4.64907038645315e-05,0.0,-1.132216108750284e-17
330.86,"[0.0, 0.0, 0.0]",0.0,0.0,4.649070386713038e-05,0.0,-0.001428734900308826,-4.6490703867288493e-05,0.0,0.0038445516183076827,-4.649070389344277e-05,0.0,0.00033570978783602836,4.6490703871311026e-05,0.0,-0.00344176858652393,-4.64907038672985e-05,0.0,0.0008456662376456455,4.649070386712011e-05,0.0,-1.132216108750284e-17
330.88,"[0.0, 0.0, 0.0]",0.0,0.0,4.649070386521735e-05,0.0,-0.0013497598059765716,-4.64907038651372e-05,0.0,0.0036320392577784675,-4.649070388599848e-05,0.0,0.0003171530149278649,4.6490703863940836e-05,0.0,-0.003251520555653264,-4.6490703865131656e-05,0.0,0.0007989209870903432,4.649070386522236e-05,0.0,-1.0691257913396083e-17
330.9,"[0.0, 0.0, 0.0]",0.0,0.0,4.649070387006975e-05,0.0,-0.0013497598059765716,-4.649070387004162e-05,0.0,0.0036320392577784675,-4.649070389198706e-05,0.0,0.0003171530149278649,4.6490703869440343e-05,0.0,-0.003251520555653264,-4.649070387003988e-05,0.0,0.0007989209870903432,4.649070387007169e-05,0.0,-1.0691257913396083e-17
330.92,"[0.0, 0.0, 0.0]",0.0,0.0,4.649070386434731e-05,0.0,-0.0012760855978913815,-4.649070386425058e-05,0.0,0.0034337909365494638,-4.649070388463112e-05,0.0,0.00029984179092873447,4.649070386265058e-05,0.0,-0.003074042160308216,-4.649070386424488e-05,0.0,0.0007553133238701828,4.6490703864354175e-05,0.0,-1.006793040212332e-17
330.94,"[0.0, 0.0, 0.0]",0.0,0.0,4.649070386846579e-05,0.0,-0.0012760855978913815,-4.6490703868436426e-05,0.0,0.0034337909365494638,-4.6490703890240044e-05,0.0,0.00029984179092873447,4.649070386785584e-05,0.0,-0.003074042160308216,-4.649070386843482e-05,0.0,0.0007553133238701828,4.649070386846795e-05,0.0,-1.006793040212332e-17
330.96,"[0.0, 0.0, 0.0]",0.0,0.0,4.6490703863140844e-05,0.0,-0.0012080696050362888,-4.6490703863049914e-05,0.0,0.0032507681833951804,-4.649070388344532e-05,0.0,0.0002838600774075619,4.6490703861589093e-05,0.0,-0.0029101941925644245,-4.649070386304444e-05,0.0,0.0007150547505225277,4.6490703863147377e-05,0.0,-9.446324560016074e-18
330.98,"[0.0, 0.0, 0.0]",0.0,0.0,4.649070386516196e-05,0.0,-0.0012080696050362888,-4.649070386529559e-05,0.0,0.0032507681833951804,-4.64907038905756e-05,0.0,0.0002838600774075619,4.6490703868618376e-05,0.0,-0.0029101941925644245,-4.649070386530418e-05,0.0,0.0007150547505225277,4.649070386515386e-05,0.0,-9.446324560016074e-18
331.0,"[0.0, 0.0, 0.0]",0.0,0.0,4.6490703863398776e-05,0.0,-0.0011412776535071514,-4.64907038633308e-05,0.0,0.0030710391763753477,-4.6490703884133824e-05,0.0,0.000268165976796468,4.649070386225693e-05,0.0,-0.002749294894324121,-4.649070386332638e-05,0.0,0.0006755206855657465,4.6490703863403384e-05,0.0,-8.915625496076717e-18
331.02,"[0.0, 0.0, 0.0]",0.0,0.0,4.649070386738626e-05,0.0,-0.0011412776535071514,-4.649070386736246e-05,0.0,0.0030710391763753477,-4.649070388908349e-05,0.0,0.000268165976796468,4.64907038668046e-05,0.0,-0.002749294894324121,-4.6490703867361196e-05,0.0,0.0006755206855657465,4.649070386738849e-05,0.0,-8.915625496076717e-18
331.041,"[0.0, 0.0, 0.0]",0.0,0.0,4.649070386616786e-05,0.0,-0.0010789746428105764,-4.6490703866285356e-05,0.0,0.002903389362431292,-4.6490703891039616e-05,0.0,0.0002535266423309796,4.649070386895741e-05,0.0,-0.0025992092856550273,-4.6490703866292735e-05,0.0,0.0006386436185613656,4.6490703866160334e-05,0.0,-8.388682139620154e-18
331.06,"[0.0, 0.0, 0.0]",0.0,0.0,4.6490703865864014e-05,0.0,-0.0010789746428105764,-4.649070386583915e-05,0.0,0.002903389362431292,-4.649070388744092e-05,0.0,0.0002535266423309796,4.649070386531708e-05,0.0,-0.0025992092856550273,-4.6490703865837655e-05,0.0,0.0006386436185613656,4.649070386586604e-05,0.0,-8.388682139620154e-18
331.08,"[0.0, 0.0, 0.0]",0.0,0.0,4.6490703861303894e-05,0.0,-0.0010201731697937278,-4.649070386122681e-05,0.0,0.002745161759934116,-4.649070388163773e-05,0.0,0.00023971006395341092,4.649070385996733e-05,0.0,-0.002457558749513369,-4.6490703861222254e-05,0.0,0.0006038391069309436,4.649070386130925e-05,0.0,-7.886145132796285e-18
331.1,"[0.0, 0.0, 0.0]",0.0,0.0,4.649070386463821e-05,0.0,-0.0009632684039766906,-4.6490703864615054e-05,0.0,0.0025920379655138717,-4.6490703886167516e-05,0.0,0.00022633915474536107,4.649070386416958e-05,0.0,-0.002320477309655243,-4.649070386461386e-05,0.0,0.0005701572537038528,4.649070386463979e-05,0.0,-7.441514327780334e-18
331.12,"[0.0, 0.0, 0.0]",0.0,0.0,4.649070386596093e-05,0.0,-0.0009632684039766906,-4.649070386606879e-05,0.0,0.0025920379655138717,-4.6490703890453266e-05,0.0,0.00022633915474536107,4.64907038683787e-05,0.0,-0.002320477309655243,-4.64907038660759e-05,0.0,0.0005701572537038528,4.649070386595418e-05,0.0,-7.441514327780334e-18
331.14,"[0.0, 0.0, 0.0]",0.0,0.0,4.649070386084388e-05,0.0,-0.0009104172331617004,-4.649070386077005e-05,0.0,0.0024498219015596724,-4.649070388109035e-05,0.0,0.00021392071850048666,4.649070385946092e-05,0.0,-0.0021931608276420773,-4.649070386076556e-05,0.0,0.00053887471782617,4.649070386084933e-05,0.0,-6.990050077172527e-18
331.16,"[0.0, 0.0, 0.0]",0.0,0.0,4.6490703858687436e-05,0.0,-0.0009104172331617004,-4.649070385861568e-05,0.0,0.0024498219015596724,-4.649070387896582e-05,0.0,0.00021392071850048666,4.649070385756474e-05,0.0,-0.0021931608276420773,-4.649070385861179e-05,0.0,0.00053887471782617,4.649070385869293e-05,0.0,-6.990050077172527e-18
331.18,"[0.0, 0.0, 0.0]",0.0,0.0,4.649070386200998e-05,0.0,-0.000860262817352118,-4.649070386199134e-05,0.0,0.002314862476889837,-4.6490703883466226e-05,0.0,0.00020213593860844874,4.649070386173787e-05,0.0,-0.0020723407269740784,-4.649070386199029e-05,0.0,0.0005091883875559623,4.6490703862011824e-05,0.0,-6.579874157502957e-18
331.2,"[0.0, 0.0, 0.0]",0.0,0.0,4.6490703863425095e-05,0.0,-0.000860262817352118,-4.649070386352112e-05,0.0,0.002314862476889837,-4.649070388747635e-05,0.0,0.00020213593860844874,4.649070386565338e-05,0.0,-0.0020723407269740784,-4.649070386352733e-05,0.0,0.0005091883875559623,4.649070386341943e-05,0.0,-6.579874157502957e-18
331.22,"[0.0, 0.0, 0.0]",0.0,0.0,4.649070386122688e-05,0.0,-0.000860262817352118,-4.649070386116979e-05,0.0,0.002314862476889837,-4.649070388171754e-05,0.0,0.00020213593860844874,4.6490703860048144e-05,0.0,-0.0020723407269740784,-4.6490703861165557e-05,0.0,0.0005091883875559623,4.6490703861230636e-05,0.0,-6.579874157502957e-18
331.241,"[0.0, 0.0, 0.0]",0.0,0.0,4.6490703860397874e-05,0.0,-0.0008131799875019741,-4.6490703860488994e-05,0.0,0.0021881683159506475,-4.649070388424337e-05,0.0,0.0001910728890758937,4.6490703862732425e-05,0.0,-0.001958919961315543,-4.649070386049428e-05,0.0,0.0004813201248231426,4.649070386039193e-05,0.0,-6.174946957715258e-18
331.26,"[0.06062, 0.0456, 0.41014]",0.0456,0.41014,4.649070386043568e-05,0.0,-0.0007684393253423397,-4.6490703860420195e-05,0.0,0.002067776643016275,-4.649070388181087e-05,0.0,0.0001805601785370014,4.649070386024168e-05,0.0,-0.0018511413895017492,-4.649070386041875e-05,0.0,0.00045483818795002967,4.649070386043709e-05,0.0,-5.810449589652351e-18
331.28,"[0.06062, 0.0456, 0.41014]",0.0456,0.41014,4.649070386180387e-05,0.0,-0.0007684393253423397,-4.6490703861890203e-05,0.0,0.002067776643016275,-4.649070388549186e-05,0.0,0.0001805601785370014,4.6490703863827436e-05,0.0,-0.0018511413895017492,-4.649070386189628e-05,0.0,0.00045483818795002967,4.649070386179885e-05,0.0,-5.810449589652351e-18
331.3,"[0.06062, 0.0456, 0.41014]",0.0456,0.41014,4.6490703859920256e-05,0.0,-0.0007264188642597466,-4.6490703859869915e-05,0.0,0.001954704699888872,-4.64907038804288e-05,0.0,0.00017068663347372972,4.649070385889357e-05,0.0,-0.0017499156797364575,-4.649070385986661e-05,0.0,0.0004299663343819746,4.64907038599238e-05,0.0,-5.450709910346889e-18
331.32,"[0.06062, 0.0456, 0.41014]",0.0456,0.41014,4.649070386058974e-05,0.0,-0.0007264188642597466,-4.649070386066738e-05,0.0,0.001954704699888872,-4.649070388400769e-05,0.0,0.00017068663347372972,4.6490703862463015e-05,0.0,-0.0017499156797364575,-4.649070386067276e-05,0.0,0.0004299663343819746,4.649070386058537e-05,0.0,-5.450709910346889e-18
331.34,"[0.06062, 0.0456, 0.41014]",0.0456,0.41014,4.6490703858893746e-05,0.0,-0.0006867658737840038,-4.649070385884671e-05,0.0,0.0018480033318321466,-4.6490703879412124e-05,0.0,0.00016136937282926477,4.649070385798335e-05,0.0,-0.0016543931175887303,-4.649070385884399e-05,0.0,0.000406495783435149,4.649070385889752e-05,0.0,-5.109716044497163e-18
331.36,"[0.06062, 0.0456, 0.41014]",0.0456,0.41014,4.64907038596614e-05,-0.050405127070389744,-0.0006867658737840038,-4.649070385973528e-05,0.1356341964655918,0.0018480033318321466,-4.6490703882933246e-05,0.011843966290356344,0.00016136937282926477,4.649070386148164e-05,-0.12142370989855977,-0.0016543931175887303,-4.6490703859740624e-05,0.02983472569216441,0.000406495783435149,4.649070385965701e-05,2.3698083881627514e-17,-5.109716044497163e-18
331.38,"[0.06062, 0.0456, 0.41014]",0.0456,0.41014,4.649070385816985e-05,-0.050405127070389744,-0.003169573253600701,-4.649070385812603e-05,0.1356341964655918,0.008528942527765593,-4.649070387870314e-05,0.011843966290356344,0.0007447683043842761,4.649070385734953e-05,-0.12142370989855977,-0.007635365443850617,-4.649070385812316e-05,0.02983472569216441,0.0018760660716165732,4.6490703858172705e-05,2.3698083881627514e-17,-3.603738203065625e-18
331.4,"[0.06062, 0.0456, 0.41014]",0.0456,0.41014,4.6490703614038795e-05,-0.050405127070389744,-0.003169573253600701,-4.6490703606132074e-05,0.1356341964655918,0.008528942527765593,-4.649070345395531e-05,0.011843966290356344,0.0007447683043842761,4.649070345440719e-05,-0.12142370989855977,-0.007635365443850617,-4.64907036056199e-05,0.02983472569216441,0.0018760660716165732,4.649070361455255e-05,2.3698083881627514e-17,-3.603738203065625e-18
331.42,"[0.06062, 0.0456, 0.41014]",0.0456,0.41014,4.649070357121243e-05,-0.050405127070389744,-0.0056129424651693936,-4.649070357119775e-05,0.1356341964655918,0.015103758304472569,-4.6490703593044006e-05,0.011843966290356344,0.001318900229041237,4.649070360190735e-05,-0.12142370989855977,-0.013521332984467487,-4.649070357119713e-05,0.02983472569216441,0.003322292961989301,4.64907035712136e-05,2.3698083881627514e-17,3.1904075081945536e-18
331.44,"[0.06062, 0.0456, 0.41014]",0.0456,0.41014,4.649070343237651e-05,-0.050405127070389744,-0.0056129424651693936,-4.649070342540808e-05,0.1356341964655918,0.015103758304472569,-4.649070329515147e-05,0.011843966290356344,0.001318900229041237,4.6490703314776275e-05,-0.12142370989855977,-0.013521332984467487,-4.6490703424956125e-05,0.02983472569216441,0.003322292961989301,4.649070343282919e-05,2.3698083881627514e-17,3.1904075081945536e-18
331.46,"[0.06062, 0.0456, 0.41014]",0.0456,0.41014,4.649070347884654e-05,-0.050405127070389744,-0.007974608574328999,-4.6490703479586145e-05,0.1356341964655918,0.021458720752525487,-4.649070351958066e-05,0.011843966290356344,0.0018738339193868133,4.649070353840965e-05,-0.12142370989855977,-0.019210481400258862,-4.6490703479634446e-05,0.02983472569216441,0.004720159897937515,4.6490703478798655e-05,2.3698083881627514e-17,6.80321346242091e-18
331.48,"[0.06062, 0.0456, 0.41014]",0.0456,0.41014,4.649070334833985e-05,-0.050405127070389744,-0.007974608574328999,-4.6490703347856455e-05,0.1356341964655918,0.021458720752525487,-4.649070336230951e-05,0.011843966290356344,0.0018738339193868133,4.649070339387916e-05,-0.12142370989855977,-0.019210481400258862,-4.6490703347825305e-05,0.02983472569216441,0.004720159897937515,4.649070334837133e-05,2.3698083881627514e-17,6.80321346242091e-18
331.5,"[0.06062, 0.0456, 0.41014]",0.0456,0.41014,4.649070354849042e-05,-0.050405127070389744,-0.010261093510842223,-4.649070355031284e-05,0.1356341964655918,0.027611379611327452,-4.649070361639526e-05,0.011843966290356344,0.002411101874307312,4.6490703628489516e-05,-0.12142370989855977,-0.02471852172299349,-4.649070355043131e-05,0.02983472569216441,0.006073527200750663,4.649070354837208e-05,2.3698083881627514e-17,6.986303636783464e-18
331.52,"[0.06062, 0.0456, 0.41014]",0.0456,0.41014,4.6490703450965274e-05,-0.050405127070389744,-0.012431445633974294,-4.649070345091122e-05,0.1356341964655918,0.03345153888829981,-4.6490703477281036e-05,0.011843966290356344,0.0029210814594757893,4.649070349821215e-05,-0.12142370989855977,-0.029946803277248996,-4.649070345090799e-05,0.02983472569216441,0.007358155650369392,4.6490703450968866e-05,2.3698083881627514e-17,2.228703541134189e-18
331.54,"[0.06062, 0.0456, 0.41014]",0.0456,0.41014,4.64907034413561e-05,-0.050405127070389744,-0.012431445633974294,-4.649070343652843e-05,0.1356341964655918,0.03345153888829981,-4.6490703359866576e-05,0.011843966290356344,0.0029210814594757893,4.649070337822373e-05,-0.12142370989855977,-0.029946803277248996,-4.649070343621572e-05,0.02983472569216441,0.007358155650369392,4.6490703441669684e-05,2.3698083881627514e-17,2.228703541134189e-18
331.56,"[0.06062, 0.0456, 0.41014]",0.0456,0.41014,4.6490703587827164e-05,-0.050405127070389744,-0.014480860452561181,-4.649070358975665e-05,0.1356341964655918,0.038966270270352786,-4.649070366237455e-05,0.011843966290356344,0.003402643738883707,4.649070367039225e-05,-0.12142370989855977,-0.03488375225574163,-4.649070358988216e-05,0.02983472569216441,0.008571201475051813,4.649070358770216e-05,2.3698083881627514e-17,-4.818383680162101e-18
331.58,"[0.06062, 0.0456, 0.41014]",0.0456,0.41014,4.6490703604753796e-05,-0.050405127070389744,-0.014480860452561181,-4.649070360054073e-05,0.1356341964655918,0.038966270270352786,-4.649070354031449e-05,0.011843966290356344,0.003402643738883707,4.649070354167845e-05,-0.12142370989855977,-0.03488375225574163,-4.6490703600267774e-05,0.02983472569216441,0.008571201475051813,4.649070360502703e-05,2.3698083881627514e-17,-4.818383680162101e-18
331.6,"[0.06062, 0.0456, 0.41014]",0.0456,0.41014,4.649070373378187e-05,-0.050405127070389744,-0.016423304747377264,-4.6490703735730724e-05,0.1356341964655918,0.044193156702698966,-4.649070381146268e-05,0.011843966290356344,0.003859070564544497,4.6490703804475586e-05,-0.12142370989855977,-0.03956301401019643,-4.649070373585776e-05,0.02983472569216441,0.009720931593204411,4.6490703733656e-05,2.3698083881627514e-17,-1.2098640648848e-17
331.62,"[0.06062, 0.0456, 0.41014]",0.0456,0.41014,4.649070373656944e-05,-0.050405127070389744,-0.016423304747377264,-4.649070373265291e-05,0.1356341964655918,0.044193156702698966,-4.649070368177639e-05,0.011843966290356344,0.003859070564544497,4.649070366937796e-05,-0.12142370989855977,-0.03956301401019643,-4.649070373239966e-05,0.02983472569216441,0.009720931593204411,4.649070373682464e-05,2.3698083881627514e-17,-1.2098640648848e-17
331.64,"[0.06062, 0.0456, 0.41014]",0.0456,0.41014,4.649070384697527e-05,-0.050405127070389744,-0.018263656347832537,-4.649070384888141e-05,0.1356341964655918,0.049145323843961586,-4.649070392628467e-05,0.011843966290356344,0.004291508107258394,4.649070390772464e-05,-0.12142370989855977,-0.04399633901384568,-4.649070384900607e-05,0.02983472569216441,0.010810233185372772,4.649070384685253e-05,2.3698083881627514e-17,-1.8710849515190864e-17
331.66,"[0.06062, 0.0456, 0.41014]",0.0456,0.41014,4.649070383907847e-05,-0.050405127070389744,-0.018263656347832537,-4.649070383541628e-05,0.1356341964655918,0.049145323843961586,-4.6490703792851e-05,0.011843966290356344,0.004291508107258394,4.649070376982514e-05,-0.12142370989855977,-0.04399633901384568,-4.6490703835178735e-05,0.02983472569216441,0.010810233185372772,4.649070383931627e-05,2.3698083881627514e-17,-1.8710849515190864e-17
331.68,"[0.06062, 0.0456, 0.41014]",0.0456,0.41014,4.649070393474968e-05,-0.050405127070389744,-0.02004622122528728,-4.649070393659461e-05,0.1356341964655918,0.05394199379057012,-4.6490704015168086e-05,0.011843966290356344,0.004710367185517559,4.649070398770059e-05,-0.12142370989855977,-0.04829045837682172,-4.649070393671488e-05,0.02983472569216441,0.011865330895322962,4.64907039346303e-05,2.3698083881627514e-17,-2.798341884815957e-17
331.7,"[0.06062, 0.0456, 0.41014]",0.0456,0.41014,4.649070391553535e-05,-0.050405127070389744,-0.02004622122528728,-4.6490703911974116e-05,0.1356341964655918,0.05394199379057012,-4.6490703874264006e-05,0.011843966290356344,0.004710367185517559,4.649070384325234e-05,-0.12142370989855977,-0.04829045837682172,-4.6490703911743825e-05,0.02983472569216441,0.011865330895322962,4.649070391576682e-05,2.3698083881627514e-17,-2.798341884815957e-17
331.72,"[0.06062, 0.0456, 0.41014]",0.0456,0.41014,4.6490703998913476e-05,-0.050405127070389744,-0.021718090872037573,-4.649070400068756e-05,0.1356341964655918,0.05844079604466711,-4.649070408012696e-05,0.011843966290356344,0.005103215595720825,4.649070404621137e-05,-0.12142370989855977,-0.052317917862001295,-4.649070400080271e-05,0.02983472569216441,0.01285490824980872,4.6490703998798314e-05,2.3698083881627514e-17,-3.528097646477915e-17
331.74,"[0.06062, 0.0456, 0.41014]",0.0456,0.41014,4.649070397812598e-05,-0.050405127070389744,-0.021718090872037573,-4.64907039748394e-05,0.1356341964655918,0.05844079604466711,-4.64907039456324e-05,0.011843966290356344,0.005103215595720825,4.649070390832312e-05,-0.12142370989855977,-0.052317917862001295,-4.6490703974626426e-05,0.02983472569216441,0.01285490824980872,4.649070397833929e-05,2.3698083881627514e-17,-3.528097646477915e-17
331.76,"[0.06062, 0.0456, 0.41014]",0.0456,0.41014,4.6490704053969066e-05,-0.050405127070389744,-0.023298161401222796,-4.6490704055678304e-05,0.1356341964655918,0.06269257779806336,-4.649070413600957e-05,0.011843966290356344,0.005474493461856656,4.649070409660479e-05,-0.12142370989855977,-0.05612423736360798,-4.649070405578877e-05,0.02983472569216441,0.013790149832317598,4.6490704053858044e-05,2.3698083881627514e-17,-4.10319098400337e-17
331.78,"[0.06062, 0.0456, 0.41014]",0.0456,0.41014,4.6490704030712984e-05,-0.050405127070389744,-0.023298161401222796,-4.649070402762947e-05,0.1356341964655918,0.06269257779806336,-4.6490704005241924e-05,0.011843966290356344,0.005474493461856656,4.649070396265903e-05,-0.12142370989855977,-0.05612423736360798,-4.6490704027429e-05,0.02983472569216441,0.013790149832317598,4.6490704030912606e-05,2.3698083881627514e-17,-4.10319098400337e-17
331.8,"[0.06062, 0.0456, 0.41014]",0.0456,0.41014,4.649070409925493e-05,-0.050405127070389744,-0.02479205704584601,-4.6490704100887956e-05,0.1356341964655918,0.06671247319249127,-4.6490704181763224e-05,0.011843966290356344,0.005825522341007653,4.64907041378691e-05,-0.12142370989855977,-0.05972296540821771,-4.649070410099375e-05,0.02983472569216441,0.014674384618661378,4.649070409914922e-05,2.3698083881627514e-17,-4.528320257545772e-17
331.82,"[0.06062, 0.0456, 0.41014]",0.0456,0.41014,4.6490704074312934e-05,-0.050405127070389744,-0.02479205704584601,-4.64907040714114e-05,0.1356341964655918,0.06671247319249127,-4.6490704055254706e-05,0.011843966290356344,0.005825522341007653,4.649070400835389e-05,-0.12142370989855977,-0.05972296540821771,-4.6490704071223405e-05,0.02983472569216441,0.014674384618661378,4.649070407450157e-05,2.3698083881627514e-17,-4.528320257545772e-17
331.84,"[0.06062, 0.0456, 0.41014]",0.0456,0.41014,4.649070413667787e-05,-0.050405127070389744,-0.026204261356401328,-4.64907041382327e-05,0.1356341964655918,0.0705125469287832,-4.649070421950374e-05,0.011843966290356344,0.006157355757768536,4.6490704171924516e-05,-0.12142370989855977,-0.06312490266911948,-4.6490704138333893e-05,0.02983472569216441,0.015510266416237364,4.649070413657748e-05,2.3698083881627514e-17,-4.807834527710711e-17
331.86,"[0.06062, 0.0456, 0.41014]",0.0456,0.41014,4.649070407299389e-05,-0.050405127070389744,-0.026204261356401328,-4.6490704073617236e-05,0.1356341964655918,0.0705125469287832,-4.6490704135947564e-05,0.011843966290356344,0.006157355757768536,4.649070409388209e-05,-0.12142370989855977,-0.06312490266911948,-4.649070407365794e-05,0.02983472569216441,0.015510266416237364,4.6490704072954077e-05,2.3698083881627514e-17,-4.807834527710711e-17
331.88,"[0.06062, 0.0456, 0.41014]",0.0456,0.41014,4.6490704196294434e-05,-0.050405127070389744,-0.027529334497873637,-4.6490704198123896e-05,0.1356341964655918,0.0740781610583242,-4.6490704287433735e-05,0.011843966290356344,0.006468715484199051,4.64907042343104e-05,-0.12142370989855977,-0.06631694482610943,-4.64907041982427e-05,0.02983472569216441,0.01629457539415224,4.649070419617588e-05,2.3698083881627514e-17,-4.643708992219157e-17
331.9,"[0.06062, 0.0456, 0.41014]",0.0456,0.41014,4.6490704134469356e-05,-0.050405127070389744,-0.027529334497873637,-4.6490704135069943e-05,0.1356341964655918,0.0740781610583242,-4.649070419895189e-05,0.011843966290356344,0.006468715484199051,4.649070415070407e-05,-0.12142370989855977,-0.06631694482610943,-4.6490704135109205e-05,0.02983472569216441,0.01629457539415224,4.64907041344307e-05,2.3698083881627514e-17,-4.643708992219157e-17
331.92,"[0.06062, 0.0456, 0.41014]",0.0456,0.41014,4.649070424245951e-05,-0.050405127070389744,-0.028779188707493606,-4.649070424415426e-05,0.1356341964655918,0.07744136999386013,-4.649070433249658e-05,0.011843966290356344,0.006762400604275432,4.649070427469113e-05,-0.12142370989855977,-0.06932778792785038,-4.6490704244264315e-05,0.02983472569216441,0.017034362389307174,4.649070424234966e-05,2.3698083881627514e-17,-4.289801418195176e-17
331.94,"[0.06062, 0.0456, 0.41014]",0.0456,0.41014,4.649070417671169e-05,-0.050405127070389744,-0.028779188707493606,-4.649070417724811e-05,0.1356341964655918,0.07744136999386013,-4.649070424164404e-05,0.011843966290356344,0.006762400604275432,4.649070418915162e-05,-0.12142370989855977,-0.06932778792785038,-4.649070417728319e-05,0.02983472569216441,0.017034362389307174,4.649070417667687e-05,2.3698083881627514e-17,-4.289801418195176e-17
331.96,"[0.06062, 0.0456, 0.41014]",0.0456,0.41014,4.649070427300449e-05,-0.050405127070389744,-0.02998837813250676,-4.6490704274578086e-05,0.1356341964655918,0.08069515483342692,-4.649070436211826e-05,0.011843966290356344,0.0070465304961815,4.649070430125113e-05,-0.12142370989855977,-0.07224067137535412,-4.649070427468021e-05,0.02983472569216441,0.017750079954134006,4.6490704272902445e-05,2.3698083881627514e-17,-4.424292024067336e-17
331.98,"[0.06062, 0.0456, 0.41014]",0.0456,0.41014,4.649070420276735e-05,-0.050405127070389744,-0.02998837813250676,-4.64907042032293e-05,0.1356341964655918,0.08069515483342692,-4.649070426779877e-05,0.011843966290356344,0.0070465304961815,4.649070421271363e-05,-0.12142370989855977,-0.07224067137535412,-4.6490704203259206e-05,0.02983472569216441,0.017750079954134006,4.649070420273728e-05,2.3698083881627514e-17,-4.424292024067336e-17
332.0,"[0.06062, 0.0456, 0.41014]",0.0456,0.41014,4.6490704178842295e-05,-0.050405127070389744,-0.03111860951648749,-4.6490704176742894e-05,0.1356341964655918,0.08373647298117944,-4.6490704187180285e-05,0.011843966290356344,0.007312107182686437,4.6490704130710495e-05,-0.12142370989855977,-0.07496334842018255,-4.649070417660653e-05,0.02983472569216441,0.01841906236259859,4.6490704178978254e-05,2.3698083881627514e-17,-4.2622019353683225e-17
332.02,"[0.06062, 0.0456, 0.41014]",0.0456,0.41014,4.649070423653397e-05,-0.050405127070389744,-0.03111860951648749,-4.649070423787497e-05,0.1356341964655918,0.08373647298117944,-4.649070432312216e-05,0.011843966290356344,0.007312107182686437,4.649070426610857e-05,-0.12142370989855977,-0.07496334842018255,-4.6490704237961976e-05,0.02983472569216441,0.01841906236259859,4.649070423644675e-05,2.3698083881627514e-17,-4.2622019353683225e-17
332.04,"[0.06062, 0.0456, 0.41014]",0.0456,0.41014,4.6490704331455576e-05,-0.050405127070389744,-0.03215208668814588,-4.6490704332911524e-05,0.1356341964655918,0.0865174370580763,-4.649070442132265e-05,0.011843966290356344,0.007554948999488626,4.6490704354718184e-05,-0.12142370989855977,-0.07745294887864713,-4.649070433300582e-05,0.02983472569216441,0.019030776085288494,4.649070433136087e-05,2.3698083881627514e-17,-3.1068958391711797e-17
332.06,"[0.06062, 0.0456, 0.41014]",0.0456,0.41014,4.6490704267054583e-05,-0.050405127070389744,-0.033166891841778026,-4.649070426746605e-05,0.1356341964655918,0.08924815695656708,-4.6490704334263266e-05,0.011843966290356344,0.007793403349528076,4.6490704272824335e-05,-0.12142370989855977,-0.07989756927760655,-4.6490704267492405e-05,0.02983472569216441,0.019631437866070897,4.6490704267027505e-05,2.3698083881627514e-17,-2.888429999683745e-17
332.08,"[0.06062, 0.0456, 0.41014]",0.0456,0.41014,4.649070423648291e-05,-0.050405127070389744,-0.033166891841778026,-4.6490704234538696e-05,0.1356341964655918,0.08924815695656708,-4.649070425162052e-05,0.011843966290356344,0.007793403349528076,4.649070418957016e-05,-0.12142370989855977,-0.07989756927760655,-4.6490704234412475e-05,0.02983472569216441,0.019631437866070897,4.649070423660842e-05,2.3698083881627514e-17,-2.888429999683745e-17
332.1,"[0.06062, 0.0456, 0.41014]",0.0456,0.41014,4.6490704280600016e-05,-0.050405127070389744,-0.03411129956313978,-4.6490704281749196e-05,0.1356341964655918,0.09178944574266298,-4.6490704365910254e-05,0.011843966290356344,0.008015316027542713,4.649070430448432e-05,-0.12142370989855977,-0.08217260539892943,-4.649070428182332e-05,0.02983472569216441,0.020190431503095428,4.649070428052493e-05,2.3698083881627514e-17,-2.2104592562500454e-17
332.12,"[0.06062, 0.0456, 0.41014]",0.0456,0.41014,4.6490704265907586e-05,-0.050405127070389744,-0.03411129956313978,-4.649070426418258e-05,0.1356341964655918,0.09178944574266298,-4.6490704287502785e-05,0.011843966290356344,0.008015316027542713,4.649070422283368e-05,-0.12142370989855977,-0.08217260539892943,-4.649070426407112e-05,0.02983472569216441,0.020190431503095428,4.649070426601968e-05,2.3698083881627514e-17,-2.2104592562500454e-17
332.14,"[0.06062, 0.0456, 0.41014]",0.0456,0.41014,4.6490704305618665e-05,-0.050405127070389744,-0.03500153043737729,-4.649070430669103e-05,0.1356341964655918,0.09418495108061394,-4.6490704390622155e-05,0.011843966290356344,0.008224498473696116,4.649070432667447e-05,-0.12142370989855977,-0.0843171319094751,-4.649070430676064e-05,0.02983472569216441,0.020717357938495586,4.6490704305549195e-05,2.3698083881627514e-17,-1.4483602132518997e-17
332.16,"[0.06062, 0.0456, 0.41014]",0.0456,0.41014,4.6490704288238844e-05,-0.050405127070389744,-0.03500153043737729,-4.649070428659215e-05,0.1356341964655918,0.09418495108061394,-4.649070431301444e-05,0.011843966290356344,0.008224498473696116,4.6490704246242774e-05,-0.12142370989855977,-0.0843171319094751,-4.64907042864859e-05,0.02983472569216441,0.020717357938495586,4.649070428834611e-05,2.3698083881627514e-17,-1.4483602132518997e-17
332.18,"[0.06062, 0.0456, 0.41014]",0.0456,0.41014,4.649070432286074e-05,-0.050405127070389744,-0.03584199555378174,-4.6490704323853353e-05,0.1356341964655918,0.0964465426867493,-4.649070440739469e-05,0.011843966290356344,0.008421987185915676,4.649070434171345e-05,-0.12142370989855977,-0.08634177492679714,-4.64907043239178e-05,0.02983472569216441,0.021214828089982034,4.649070432279666e-05,2.3698083881627514e-17,-6.7331032533648835e-18
332.2,"[0.06062, 0.0456, 0.41014]",0.0456,0.41014,4.6490704304225405e-05,-0.050405127070389744,-0.03584199555378174,-4.649070430265416e-05,0.1356341964655918,0.0964465426867493,-4.649070433201685e-05,0.011843966290356344,0.008421987185915676,4.649070426380195e-05,-0.12142370989855977,-0.08634177492679714,-4.6490704302552345e-05,0.02983472569216441,0.021214828089982034,4.649070430432749e-05,2.3698083881627514e-17,-6.7331032533648835e-18
332.22,"[0.06062, 0.0456, 0.41014]",0.0456,0.41014,4.649070433534353e-05,-0.050405127070389744,-0.03584199555378174,-4.6490704336267096e-05,0.1356341964655918,0.0964465426867493,-4.649070441956344e-05,0.011843966290356344,0.008421987185915676,4.649070435264631e-05,-0.12142370989855977,-0.08634177492679714,-4.6490704336327465e-05,0.02983472569216441,0.021214828089982034,4.649070433528441e-05,2.3698083881627514e-17,-6.7331032533648835e-18
332.24,"[0.06062, 0.0456, 0.41014]",0.0456,0.41014,4.6490704396038755e-05,-0.050405127070389744,-0.03661841307810201,-4.6490704397053914e-05,0.1356341964655918,0.09853578984475395,-4.649070448280699e-05,0.011843966290356344,0.00860442628301393,4.649070440978789e-05,-0.12142370989855977,-0.08821213014854642,-4.649070439711992e-05,0.02983472569216441,0.021674388559420717,4.649070439597354e-05,2.3698083881627514e-17,5.0861421712259316e-18
332.26,"[0.06062, 0.0456, 0.41014]",0.0456,0.41014,4.6490704339345146e-05,-0.050405127070389744,-0.0373809362331523,-4.6490704339589254e-05,0.1356341964655918,0.10058764890858372,-4.649070440944883e-05,0.011843966290356344,0.00878360054375333,4.6490704341045446e-05,-0.12142370989855977,-0.09004901445378122,-4.649070433960497e-05,0.02983472569216441,0.02212572497071055,4.6490704339329594e-05,2.3698083881627514e-17,8.173408846801545e-18
332.28,"[0.06062, 0.0456, 0.41014]",0.0456,0.41014,4.6490704310497914e-05,-0.050405127070389744,-0.0373809362331523,-4.6490704308984395e-05,0.1356341964655918,0.10058764890858372,-4.6490704341909304e-05,0.011843966290356344,0.00878360054375333,4.649070427332796e-05,-0.12142370989855977,-0.09004901445378122,-4.649070430888628e-05,0.02983472569216441,0.02212572497071055,4.649070431059628e-05,2.3698083881627514e-17,8.173408846801545e-18
332.3,"[0.06062, 0.0456, 0.41014]",0.0456,0.41014,4.649070433976826e-05,-0.050405127070389744,-0.038092105607984386,-4.649070434058872e-05,0.1356341964655918,0.10250132106135391,-4.649070442386464e-05,0.011843966290356344,0.008950707924196624,4.649070435663681e-05,-0.12142370989855977,-0.09176218979062936,-4.6490704340642265e-05,0.02983472569216441,0.022546665149813426,4.64907043397156e-05,2.3698083881627514e-17,1.4595345136209087e-17
332.32,"[0.06062, 0.0456, 0.41014]",0.0456,0.41014,4.6490704325807973e-05,-0.050405127070389744,-0.038092105607984386,-4.649070432447229e-05,0.1356341964655918,0.10250132106135391,-4.6490704362307734e-05,0.011843966290356344,0.008950707924196624,4.6490704292537556e-05,-0.12142370989855977,-0.09176218979062936,-4.649070432438623e-05,0.02983472569216441,0.022546665149813426,4.6490704325895035e-05,2.3698083881627514e-17,1.4595345136209087e-17
332.34,"[0.06062, 0.0456, 0.41014]",0.0456,0.41014,4.6490704353968986e-05,-0.050405127070389744,-0.03876325032251813,-4.6490704354746495e-05,0.1356341964655918,0.10430729161651181,-4.649070443814776e-05,0.011843966290356344,0.009108410489996136,4.649070436950514e-05,-0.12142370989855977,-0.09337894750418073,-4.649070435479739e-05,0.02983472569216441,0.022943914787294586,4.64907043539191e-05,2.3698083881627514e-17,2.1344367055387038e-17
332.36,"[0.06062, 0.0456, 0.41014]",0.0456,0.41014,4.649070433961938e-05,-0.050405127070389744,-0.03876325032251813,-4.6490704338353e-05,0.1356341964655918,0.10430729161651181,-4.649070437870403e-05,0.011843966290356344,0.009108410489996136,4.649070430770188e-05,-0.12142370989855977,-0.09337894750418073,-4.649070433827122e-05,0.02983472569216441,0.022943914787294586,4.649070433970207e-05,2.3698083881627514e-17,2.1344367055387038e-17
332.38,"[0.06062, 0.0456, 0.41014]",0.0456,0.41014,4.649070436515616e-05,-0.050405127070389744,-0.039397382086520716,-4.649070436588391e-05,0.1356341964655918,0.10601366472662382,-4.649070444920095e-05,0.011843966290356344,0.009257415919168958,4.6490704379435005e-05,-0.12142370989855977,-0.09490654266907106,-4.64907043659312e-05,0.02983472569216441,0.023319256510040878,4.649070436510917e-05,2.3698083881627514e-17,2.794528115191053e-17
332.4,"[0.06062, 0.0456, 0.41014]",0.0456,0.41014,4.6490704350726416e-05,-0.050405127070389744,-0.039397382086520716,-4.6490704349523886e-05,0.1356341964655918,0.10601366472662382,-4.649070439221394e-05,0.011843966290356344,0.009257415919168958,4.6490704320253335e-05,-0.12142370989855977,-0.09490654266907106,-4.649070434944625e-05,0.02983472569216441,0.023319256510040878,4.649070435080484e-05,2.3698083881627514e-17,2.794528115191053e-17
332.42,"[0.06062, 0.0456, 0.41014]",0.0456,0.41014,4.6490704374237496e-05,-0.050405127070389744,-0.03999670765551476,-4.6490704374920265e-05,0.1356341964655918,0.10762637850818035,-4.64907044581975e-05,0.011843966290356344,0.009398242745202956,4.649070438752696e-05,-0.12142370989855977,-0.09635029126102816,-4.6490704374964826e-05,0.02983472569216441,0.023673996493624238,4.649070437419372e-05,2.3698083881627514e-17,3.4286461858090854e-17
332.441,"[0.06062, 0.0456, 0.41014]",0.0456,0.41014,4.6490704361807755e-05,-0.050405127070389744,-0.03999670765551476,-4.649070436203509e-05,0.1356341964655918,0.10762637850818035,-4.6490704436284936e-05,0.011843966290356344,0.009398242745202956,4.649070436611017e-05,-0.12142370989855977,-0.09635029126102816,-4.649070436204996e-05,0.02983472569216441,0.023673996493624238,4.649070436179322e-05,2.3698083881627514e-17,3.4286461858090854e-17
332.46,"[0.06062, 0.0456, 0.41014]",0.0456,0.41014,4.6490704382035674e-05,-0.050405127070389744,-0.040563223829470085,-4.6490704382677515e-05,0.1356341964655918,0.10915080611226567,-4.64907044659502e-05,0.011843966290356344,0.009531360167174223,4.649070439450785e-05,-0.12142370989855977,-0.09771500348220845,-4.649070438271934e-05,0.02983472569216441,0.024009316641212464,4.649070438199435e-05,2.3698083881627514e-17,4.032678490036066e-17
332.48,"[0.06062, 0.0456, 0.41014]",0.0456,0.41014,4.649070436846265e-05,-0.050405127070389744,-0.040563223829470085,-4.649070436738148e-05,0.1356341964655918,0.10915080611226567,-4.649070441443951e-05,0.011843966290356344,0.009531360167174223,4.6490704341015535e-05,-0.12142370989855977,-0.09771500348220845,-4.64907043673116e-05,0.02983472569216441,0.024009316641212464,4.64907043685328e-05,2.3698083881627514e-17,4.032678490036066e-17
332.5,"[0.06062, 0.0456, 0.41014]",0.0456,0.41014,4.649070438903267e-05,-0.050405127070389744,-0.04109878363837395,-4.6490704389637036e-05,0.1356341964655918,0.11059193382205063,-4.649070447292909e-05,0.011843966290356344,0.009657203601734823,4.649070440079625e-05,-0.12142370989855977,-0.0990051431992863,-4.6490704389676494e-05,0.02983472569216441,0.02432631375871754,4.649070438899374e-05,2.3698083881627514e-17,4.605125825022616e-17
332.52,"[0.06062, 0.0456, 0.41014]",0.0456,0.41014,4.649070437609821e-05,-0.050405127070389744,-0.04109878363837395,-4.649070437507437e-05,0.1356341964655918,0.11059193382205063,-4.649070442416168e-05,0.011843966290356344,0.009657203601734823,4.649070435012567e-05,-0.12142370989855977,-0.0990051431992863,-4.6490704375008e-05,0.02983472569216441,0.02432631375871754,4.6490704376164746e-05,2.3698083881627514e-17,4.605125825022616e-17
332.54,"[0.06062, 0.0456, 0.41014]",0.0456,0.41014,4.6490704395499744e-05,-0.050405127070389744,-0.04160511731987057,-4.6490704396069485e-05,0.1356341964655918,0.11195441750112417,-4.649070447939609e-05,0.011843966290356344,0.009776179612344242,4.64907044066255e-05,-0.12142370989855977,-0.10022487847765302,-4.64907043961067e-05,0.02983472569216441,0.024626011971431747,4.649070439546308e-05,2.3698083881627514e-17,5.1452786104088565e-17
332.56,"[0.06062, 0.0456, 0.41014]",0.0456,0.41014,4.6490704383238115e-05,-0.050405127070389744,-0.04160511731987057,-4.649070438226873e-05,0.1356341964655918,0.11195441750112417,-4.649070443328297e-05,0.011843966290356344,0.009776179612344242,4.649070435868047e-05,-0.12142370989855977,-0.10022487847765302,-4.6490704382205806e-05,0.02983472569216441,0.024626011971431747,4.649070438330087e-05,2.3698083881627514e-17,5.1452786104088565e-17
332.58,"[0.06062, 0.0456, 0.41014]",0.0456,0.41014,4.649070440158404e-05,-0.050405127070389744,-0.04208384614859024,-4.649070440212153e-05,0.1356341964655918,0.11324261980657221,-4.649070448549219e-05,0.011843966290356344,0.00988866915882297,4.649070441212121e-05,-0.12142370989855977,-0.10137811489565446,-4.649070440215681e-05,0.02983472569216441,0.02490937090958865,4.6490704401549565e-05,2.3698083881627514e-17,5.653428032210486e-17
332.6,"[0.06062, 0.0456, 0.41014]",0.0456,0.41014,4.649070438999269e-05,-0.050405127070389744,-0.04208384614859024,-4.649070438907532e-05,0.1356341964655918,0.11324261980657221,-4.649070444191757e-05,0.011843966290356344,0.00988866915882297,4.6490704366782074e-05,-0.12142370989855977,-0.10137811489565446,-4.649070438901626e-05,0.02983472569216441,0.02490937090958865,4.6490704390052624e-05,2.3698083881627514e-17,5.653428032210486e-17
332.62,"[0.06062, 0.0456, 0.41014]",0.0456,0.41014,4.6490704407362305e-05,-0.050405127070389744,-0.04253649310147212,-4.64907044078698e-05,0.1356341964655918,0.11446063888809192,-4.6490704491289555e-05,0.011843966290356344,0.00999503010344209,4.6490704417347346e-05,-0.12142370989855977,-0.10246852123687832,-4.649070440790294e-05,0.02983472569216441,0.025177292021153024,4.649070440732965e-05,2.3698083881627514e-17,6.130439780857415e-17
332.64,"[0.06062, 0.0456, 0.41014]",0.0456,0.41014,4.6490704396418226e-05,-0.050405127070389744,-0.04253649310147212,-4.6490704395550166e-05,0.1356341964655918,0.11446063888809192,-4.649070445012366e-05,0.011843966290356344,0.00999503010344209,4.649070437448256e-05,-0.12142370989855977,-0.10246852123687832,-4.6490704395494126e-05,0.02983472569216441,0.025177292021153024,4.6490704396474665e-05,2.3698083881627514e-17,6.130439780857415e-17
332.66,"[0.06062, 0.0456, 0.41014]",0.0456,0.41014,4.649070441287262e-05,-0.050405127070389744,-0.04296449142522187,-4.6490704413351946e-05,0.1356341964655918,0.1156123314420008,-4.6490704496823614e-05,0.011843966290356344,0.010095599224065971,4.649070442233569e-05,-0.12142370989855977,-0.10349955012877796,-4.649070441338306e-05,0.02983472569216441,0.025430623642887323,4.6490704412841605e-05,2.3698083881627514e-17,6.57700772999316e-17
332.68,"[0.06062, 0.0456, 0.41014]",0.0456,0.41014,4.649070440254539e-05,-0.050405127070389744,-0.04296449142522187,-4.649070440172428e-05,0.1356341964655918,0.1156123314420008,-4.6490704457937016e-05,0.011843966290356344,0.010095599224065971,4.6490704381814456e-05,-0.12142370989855977,-0.10349955012877796,-4.6490704401671083e-05,0.02983472569216441,0.025430623642887323,4.64907044025988e-05,2.3698083881627514e-17,6.57700772999316e-17
332.7,"[0.06062, 0.0456, 0.41014]",0.0456,0.41014,4.649070443447672e-05,-0.050405127070389744,-0.043369191712341444,-4.649070443499329e-05,0.1356341964655918,0.11670133175199052,-4.6490704520000793e-05,0.011843966290356344,0.010190693876845906,4.649070444342746e-05,-0.12142370989855977,-0.10447445508851277,-4.6490704435026604e-05,0.02983472569216441,0.025670165188643988,4.6490704434443385e-05,2.3698083881627514e-17,6.994606645613724e-17
332.72,"[0.06062, 0.0456, 0.41014]",0.0456,0.41014,4.649070440838969e-05,-0.050405127070389744,-0.043369191712341444,-4.649070440761301e-05,0.1356341964655918,0.11670133175199052,-4.649070446537714e-05,0.011843966290356344,0.010190693876845906,4.649070438879608e-05,-0.12142370989855977,-0.10447445508851277,-4.6490704407562625e-05,0.02983472569216441,0.025670165188643988,4.6490704408440246e-05,2.3698083881627514e-17,6.994606645613724e-17
332.74,"[0.06062, 0.0456, 0.41014]",0.0456,0.41014,4.64907044231589e-05,-0.050405127070389744,-0.04375186789374528,-4.649070442358694e-05,0.1356341964655918,0.11773106781454415,-4.649070450716507e-05,0.011843966290356344,0.010280613404338135,4.649070443165527e-05,-0.12142370989855977,-0.10539630495889366,-4.649070442361492e-05,0.02983472569216441,0.0258966706963868,4.6490704423131524e-05,2.3698083881627514e-17,7.383916012213721e-17
332.76,"[0.06062, 0.0456, 0.41014]",0.0456,0.41014,4.649070441396287e-05,-0.050405127070389744,-0.04375186789374528,-4.649070441322817e-05,0.1356341964655918,0.11773106781454415,-4.649070447245989e-05,0.011843966290356344,0.010280613404338135,4.6490704395442376e-05,-0.12142370989855977,-0.10539630495889366,-4.649070441318082e-05,0.02983472569216441,0.0258966706963868,4.649070441401069e-05,2.3698083881627514e-17,7.383916012213721e-17
332.78,"[0.06062, 0.0456, 0.41014]",0.0456,0.41014,4.6490704427952456e-05,-0.050405127070389744,-0.044113722429141994,-4.649070442835695e-05,0.1356341964655918,0.11870477530563547,-4.649070451198705e-05,0.011843966290356344,0.010365640355116392,4.649070443599988e-05,-0.12142370989855977,-0.10626799641178117,-4.64907044283834e-05,0.02983472569216441,0.026110851900370675,4.64907044279264e-05,2.3698083881627514e-17,7.746241263204263e-17
332.8,"[0.06062, 0.0456, 0.41014]",0.0456,0.41014,4.649070441927094e-05,-0.050405127070389744,-0.044113722429141994,-4.6490704418576045e-05,0.1356341964655918,0.11870477530563547,-4.649070447919594e-05,0.011843966290356344,0.010365640355116392,4.6490704401762936e-05,-0.12142370989855977,-0.10626799641178117,-4.6490704418531606e-05,0.02983472569216441,0.026110851900370675,4.649070441931645e-05,2.3698083881627514e-17,7.746241263204263e-17
332.82,"[0.06062, 0.0456, 0.41014]",0.0456,0.41014,4.649070443251911e-05,-0.050405127070389744,-0.044455890890323556,-4.6490704432901446e-05,0.1356341964655918,0.11962550991381474,-4.649070451658215e-05,0.011843966290356344,0.01044604156073258,4.649070444013918e-05,-0.12142370989855977,-0.107092264989025,-4.649070443292629e-05,0.02983472569216441,0.026313380943984263,4.649070443249434e-05,2.3698083881627514e-17,8.082895295541342e-17
332.84,"[0.06062, 0.0456, 0.41014]",0.0456,0.41014,4.649070442432058e-05,-0.050405127070389744,-0.044455890890323556,-4.6490704423663494e-05,0.1356341964655918,0.11962550991381474,-4.649070448559545e-05,0.011843966290356344,0.01044604156073258,4.649070440776759e-05,-0.12142370989855977,-0.107092264989025,-4.6490704423621095e-05,0.02983472569216441,0.026313380943984263,4.649070442436334e-05,2.3698083881627514e-17,8.082895295541342e-17
332.86,"[0.06062, 0.0456, 0.41014]",0.0456,0.41014,4.649070443686322e-05,-0.050405127070389744,-0.04478713297887703,-4.6490704437224776e-05,0.1356341964655918,0.1205168429535765,-4.649070452095469e-05,0.011843966290356344,0.010523875336469061,4.649070444407727e-05,-0.12142370989855977,-0.1078902124214413,-4.649070443724832e-05,0.02983472569216441,0.026509442682600665,4.6490704436839966e-05,2.3698083881627514e-17,8.126365111065843e-17
332.88,"[0.06062, 0.0456, 0.41014]",0.0456,0.41014,4.6490704428343785e-05,-0.050405127070389744,-0.04478713297887703,-4.649070442769815e-05,0.1356341964655918,0.1205168429535765,-4.649070449035785e-05,0.011843966290356344,0.010523875336469061,4.6490704412183094e-05,-0.12142370989855977,-0.1078902124214413,-4.649070442765665e-05,0.02983472569216441,0.026509442682600665,4.6490704428386076e-05,2.3698083881627514e-17,8.126365111065843e-17
332.9,"[0.06062, 0.0456, 0.41014]",0.0456,0.41014,4.649070444008679e-05,-0.050405127070389744,-0.04509729407144839,-4.649070444042871e-05,0.1356341964655918,0.12135144954195916,-4.649070452421e-05,0.011843966290356344,0.010596755594599268,4.64907044470149e-05,-0.12142370989855977,-0.10863737667383218,-4.64907044404514e-05,0.02983472569216441,0.02669302660856348,4.6490704440065196e-05,2.3698083881627514e-17,8.246468198647174e-17
332.92,"[0.06062, 0.0456, 0.41014]",0.0456,0.41014,4.649070442421974e-05,-0.050405127070389744,-0.04539550779092227,-4.649070442435814e-05,0.1356341964655918,0.12215390717116997,-4.6490704504084536e-05,0.011843966290356344,0.010666828512748205,4.649070442813944e-05,-0.12142370989855977,-0.10935576023676055,-4.6490704424367386e-05,0.02983472569216441,0.02686953890075006,4.649070442421134e-05,2.3698083881627514e-17,8.252703562071539e-17
332.94,"[0.06062, 0.0456, 0.41014]",0.0456,0.41014,4.6490704420359036e-05,-0.050405127070389744,-0.04539550779092227,-4.649070441981922e-05,0.1356341964655918,0.12215390717116997,-4.649070448545615e-05,0.011843966290356344,0.010666828512748205,4.6490704408432846e-05,-0.12142370989855977,-0.10935576023676055,-4.649070441978463e-05,0.02983472569216441,0.02686953890075006,4.649070442039459e-05,2.3698083881627514e-17,8.252703562071539e-17
332.96,"[0.06062, 0.0456, 0.41014]",0.0456,0.41014,4.64907044376734e-05,-0.050405127070389744,-0.04567906605962599,-4.64907044380382e-05,0.1356341964655918,0.12291692872647558,-4.649070452303828e-05,0.011843966290356344,0.010733457759003497,4.649070444624615e-05,-0.12142370989855977,-0.11003883947177759,-4.649070443806203e-05,0.02983472569216441,0.02703737665169473,4.6490704437650095e-05,2.3698083881627514e-17,8.256962366568399e-17
332.98,"[0.06062, 0.0456, 0.41014]",0.0456,0.41014,4.6490704428064833e-05,-0.050405127070389744,-0.04567906605962599,-4.649070442823492e-05,0.1356341964655918,0.12291692872647558,-4.649070450937203e-05,0.011843966290356344,0.010733457759003497,4.6490704433186794e-05,-0.12142370989855977,-0.11003883947177759,-4.649070442824635e-05,0.02983472569216441,0.02703737665169473,4.6490704428054344e-05,2.3698083881627514e-17,8.256962366568399e-17
333.0,"[0.06062, 0.0456, 0.41014]",0.0456,0.41014,4.649070445548894e-05,-0.050405127070389744,-0.04594062636269817,-4.6490704455892705e-05,0.1356341964655918,0.12362075637420444,-4.649070454218872e-05,0.011843966290356344,0.010794918022244762,4.649070446367322e-05,-0.12142370989855977,-0.11066892658774487,-4.649070445591889e-05,0.02983472569216441,0.027192193836906815,4.6490704455462785e-05,2.3698083881627514e-17,8.579189197572609e-17
333.02,"[0.06062, 0.0456, 0.41014]",0.0456,0.41014,4.649070444477117e-05,-0.050405127070389744,-0.04594062636269817,-4.6490704444925045e-05,0.1356341964655918,0.12362075637420444,-4.6490704526165926e-05,0.011843966290356344,0.010794918022244762,4.6490704448244844e-05,-0.12142370989855977,-0.11066892658774487,-4.6490704444935216e-05,0.02983472569216441,0.027192193836906815,4.6490704444761574e-05,2.3698083881627514e-17,8.579189197572609e-17
333.04,"[0.06062, 0.0456, 0.41014]",0.0456,0.41014,4.649070446736479e-05,-0.050405127070389744,-0.04618628974619417,-4.649070446772773e-05,0.1356341964655918,0.12428180730321592,-4.6490704553585636e-05,0.011843966290356344,0.0108526428988362,4.6490704473787286e-05,-0.12142370989855977,-0.11126071873276304,-4.649070446775161e-05,0.02983472569216441,0.027337601657190822,4.6490704467341494e-05,2.3698083881627514e-17,8.930368342044456e-17
333.06,"[0.06062, 0.0456, 0.41014]",0.0456,0.41014,4.649070445468812e-05,-0.050405127070389744,-0.04618628974619417,-4.649070445481802e-05,0.1356341964655918,0.12428180730321592,-4.649070453595787e-05,0.011843966290356344,0.0108526428988362,4.649070445699315e-05,-0.12142370989855977,-0.11126071873276304,-4.649070445482678e-05,0.02983472569216441,0.027337601657190822,4.6490704454680025e-05,2.3698083881627514e-17,8.930368342044456e-17
333.08,"[0.06062, 0.0456, 0.41014]",0.0456,0.41014,4.649070447395601e-05,-0.050405127070389744,-0.046417664489218365,-4.649070447428495e-05,0.1356341964655918,0.12490440920118154,-4.649070455980886e-05,0.011843966290356344,0.010907010294968584,4.649070447929348e-05,-0.12142370989855977,-0.11181809017953427,-4.649070447430632e-05,0.02983472569216441,0.02747455205074613,4.649070447393476e-05,2.3698083881627514e-17,9.259133683919725e-17
333.1,"[0.06062, 0.0456, 0.41014]",0.0456,0.41014,4.649070446052886e-05,-0.050405127070389744,-0.04664140602893624,-4.64907044606406e-05,0.1356341964655918,0.1255064710574618,-4.6490704541766945e-05,0.011843966290356344,0.010959584075333092,4.649070446219607e-05,-0.12142370989855977,-0.11235707357964374,-4.649070446064825e-05,0.02983472569216441,0.02760698436171649,4.649070446052189e-05,2.3698083881627514e-17,9.36099645757636e-17
333.12,"[0.06062, 0.0456, 0.41014]",0.0456,0.41014,4.6490704455017815e-05,-0.050405127070389744,-0.04664140602893624,-4.6490704454611795e-05,0.1356341964655918,0.1255064710574618,-4.6490704524993036e-05,0.011843966290356344,0.010959584075333092,4.649070444483871e-05,-0.12142370989855977,-0.11235707357964374,-4.649070445458564e-05,0.02983472569216441,0.02760698436171649,4.64907044550443e-05,2.3698083881627514e-17,9.36099645757636e-17
333.14,"[0.06062, 0.0456, 0.41014]",0.0456,0.41014,4.64907044657569e-05,-0.050405127070389744,-0.04684869183914819,-4.649070446602889e-05,0.1356341964655918,0.126064252504008,-4.649070455089921e-05,0.011843966290356344,0.011008291162402348,4.649070447119369e-05,-0.12142370989855977,-0.11285641586058406,-4.649070446604697e-05,0.02983472569216441,0.02772967654892703,4.6490704465739734e-05,2.3698083881627514e-17,9.624380492895652e-17
333.16,"[0.06062, 0.0456, 0.41014]",0.0456,0.41014,4.649070446306021e-05,-0.050405127070389744,-0.04684869183914819,-4.649070446269834e-05,0.1356341964655918,0.126064252504008,-4.649070453436152e-05,0.011843966290356344,0.011008291162402348,4.64907044535026e-05,-0.12142370989855977,-0.11285641586058406,-4.649070446267519e-05,0.02983472569216441,0.02772967654892703,4.6490704463084e-05,2.3698083881627514e-17,9.624380492895652e-17
333.18,"[0.06062, 0.0456, 0.41014]",0.0456,0.41014,4.649070447213224e-05,-0.050405127070389744,-0.04684869183914819,-4.6490704472380953e-05,0.1356341964655918,0.126064252504008,-4.649070455709054e-05,0.011843966290356344,0.011008291162402348,4.649070447670578e-05,-0.12142370989855977,-0.11285641586058406,-4.649070447239759e-05,0.02983472569216441,0.02772967654892703,4.649070447211672e-05,2.3698083881627514e-17,9.624380492895652e-17
333.2,"[0.06062, 0.0456, 0.41014]",0.0456,0.41014,4.649070448803999e-05,-0.050405127070389744,-0.047043720077368324,-4.649070448830732e-05,0.1356341964655918,0.12658905028307488,-4.649070457354896e-05,0.011843966290356344,0.011054118020347609,4.649070449155077e-05,-0.12142370989855977,-0.1133262301967487,-4.64907044883249e-05,0.02983472569216441,0.02784511349606093,4.6490704488022935e-05,2.3698083881627514e-17,9.88316466702666e-17
333.22,"[0.06062, 0.0456, 0.41014]",0.0456,0.41014,4.64907044739048e-05,-0.050405127070389744,-0.047228957517245665,-4.649070447397606e-05,0.1356341964655918,0.1270875021889851,-4.649070455522651e-05,0.011843966290356344,0.011097644280547023,4.6490704474284447e-05,-0.12142370989855977,-0.11377245893594519,-4.6490704473980985e-05,0.02983472569216441,0.027954755283062675,4.6490704473900564e-05,2.3698083881627514e-17,1.0006073199092276e-16
333.24,"[0.06062, 0.0456, 0.41014]",0.0456,0.41014,4.649070446729057e-05,-0.050405127070389744,-0.047228957517245665,-4.6490704466938536e-05,0.1356341964655918,0.1270875021889851,-4.649070453940625e-05,0.011843966290356344,0.011097644280547023,4.649070445819673e-05,-0.12142370989855977,-0.11377245893594519,-4.649070446691595e-05,0.02983472569216441,0.027954755283062675,4.649070446731374e-05,2.3698083881627514e-17,1.0006073199092276e-16
333.26,"[0.06062, 0.0456, 0.41014]",0.0456,0.41014,4.649070447475972e-05,-0.050405127070389744,-0.04740284207733492,-4.6490704474972264e-05,0.1356341964655918,0.12755540484647132,-4.649070455948691e-05,0.011843966290356344,0.011138502892126019,4.649070447882129e-05,-0.12142370989855977,-0.1141913390935759,-4.649070447498607e-05,0.02983472569216441,0.028057677316064508,4.649070447474609e-05,2.3698083881627514e-17,1.0189805940016476e-16
333.28,"[0.06062, 0.0456, 0.41014]",0.0456,0.41014,4.64907044713075e-05,-0.050405127070389744,-0.04740284207733492,-4.649070447099047e-05,0.1356341964655918,0.12755540484647132,-4.649070454447458e-05,0.011843966290356344,0.011138502892126019,4.649070446295648e-05,-0.12142370989855977,-0.1141913390935759,-4.649070447097014e-05,0.02983472569216441,0.028057677316064508,4.649070447132828e-05,2.3698083881627514e-17,1.0189805940016476e-16
333.3,"[0.06062, 0.0456, 0.41014]",0.0456,0.41014,4.649070447811515e-05,-0.050405127070389744,-0.04756686590111475,-4.6490704478312725e-05,0.1356341964655918,0.12799677343605695,-4.649070456277953e-05,0.011843966290356344,0.011177044472248382,4.6490704481762365e-05,-0.12142370989855977,-0.11458646517679504,-4.6490704478325736e-05,0.02983472569216441,0.02815476279274789,4.649070447810256e-05,2.3698083881627514e-17,1.0358501989232635e-16
333.32,"[0.06062, 0.0456, 0.41014]",0.0456,0.41014,4.649070447437594e-05,-0.050405127070389744,-0.04756686590111475,-4.649070447407268e-05,0.1356341964655918,0.12799677343605695,-4.649070454810741e-05,0.011843966290356344,0.011177044472248382,4.6490704466329655e-05,-0.12142370989855977,-0.11458646517679504,-4.649070447405318e-05,0.02983472569216441,0.02815476279274789,4.649070447439571e-05,2.3698083881627514e-17,1.0358501989232635e-16
333.34,"[0.06062, 0.0456, 0.41014]",0.0456,0.41014,4.649070448042065e-05,-0.050405127070389744,-0.047721729053764685,-4.6490704480603367e-05,0.1356341964655918,0.1284134917498267,-4.64907045650061e-05,0.011843966290356344,0.011213433519081047,4.649070448374544e-05,-0.12142370989855977,-0.11495952361142751,-4.6490704480615686e-05,0.02983472569216441,0.028246426080733914,4.6490704480409186e-05,2.3698083881627514e-17,1.050422443231431e-16
333.36,"[0.06062, 0.0456, 0.41012104396126986]",0.0456,0.41012104396126986,4.6490704476613665e-05,-0.05043266935476085,-0.047721729053764685,-4.649070447632433e-05,0.13569367227582663,0.1284134917498267,-4.6490704550891685e-05,0.011798299364820115,0.011213433519081047,4.6490704468939696e-05,-0.12156341907633998,-0.11495952361142751,-4.6490704476306145e-05,0.029851552727713032,0.028246426080733914,4.649070447663306e-05,2.3703854524691794e-17,1.050422443231431e-16
333.38,"[0.06062, 0.0456, 0.41012104396126986]",0.0456,0.41012104396126986,4.649070448213575e-05,-0.05043266935476085,-0.047721729053764685,-4.6490704482305855e-05,0.13569367227582663,0.1284134917498267,-4.6490704566670506e-05,0.011798299364820115,0.011213433519081047,4.6490704485230606e-05,-0.12156341907633998,-0.11495952361142751,-4.6490704482317084e-05,0.029851552727713032,0.028246426080733914,4.649070448212497e-05,2.3703854524691794e-17,1.050422443231431e-16
333.4,"[0.06062, 0.0456, 0.41012104396126986]",0.0456,0.41012104396126986,4.6490704493201674e-05,-0.05043266935476085,-0.04786938594998877,-4.649070449338865e-05,0.13569367227582663,0.1288100870251954,-4.6490704578206966e-05,0.011798299364820115,0.011245522337818392,4.6490704495653414e-05,-0.12156341907633998,-0.11531889054750943,-4.6490704493400896e-05,0.029851552727713032,0.028333850235166828,4.649070449318975e-05,2.3703854524691794e-17,1.0627479334457037e-16
333.42,"[0.06062, 0.0456, 0.4100626393548031]",0.0456,0.4100626393548031,4.649070448205579e-05,-0.05058084916724534,-0.04786938594998877,-4.649070448209713e-05,0.13601374429686594,0.1288100870251954,-4.6490704563970524e-05,0.011552684110994848,0.011245522337818392,4.6490704482268105e-05,-0.12231494006903544,-0.11531889054750943,-4.6490704482099986e-05,0.029942061121104962,0.028333850235166828,4.6490704482053175e-05,2.371861073604253e-17,1.0627479334457037e-16
333.44,"[0.06062, 0.0456, 0.4100626393548031]",0.0456,0.4100626393548031,4.6490704490834285e-05,-0.05058084916724534,-0.04801737030321583,-4.6490704491000865e-05,0.13601374429686594,0.12920364214077062,-4.6490704575574876e-05,0.011552684110994848,0.011263708451350288,4.649070449324845e-05,-0.12231494006903544,-0.1156987152762546,-4.6490704491011626e-05,0.029942061121104962,0.028421607836023606,4.6490704490823503e-05,2.371861073604253e-17,1.0657964614112546e-16
333.46,"[0.06062, 0.0456, 0.40996483592321176]",0.0456,0.40996483592321176,4.649070448080807e-05,-0.0508285567582953,-0.04817018679535127,-4.649070448084319e-05,0.13654902567595653,0.1296037242921195,-4.6490704562865567e-05,0.011141587696794195,0.0112598779927977,4.649070448132525e-05,-0.12357188462214715,-0.11612275131908169,-4.64907044808456e-05,0.030093396101794928,0.028512458299407063,4.649070448080605e-05,2.3685834725488605e-17,1.0715333661397905e-16
333.48,"[0.06062, 0.0456, 0.40996483592321176]",0.0456,0.40996483592321176,4.6490704476535996e-05,-0.0508285567582953,-0.04817018679535127,-4.6490704476218494e-05,0.13654902567595653,0.1296037242921195,-4.6490704551999625e-05,0.011141587696794195,0.0112598779927977,4.649070447031152e-05,-0.12357188462214715,-0.11612275131908169,-4.6490704476197955e-05,0.030093396101794928,0.028512458299407063,4.649070447655658e-05,2.3685834725488605e-17,1.0715333661397905e-16
333.5,"[0.06062, 0.0456, 0.40996483592321176]",0.0456,0.40996483592321176,4.649070448216407e-05,-0.0508285567582953,-0.04831434715945129,-4.6490704482313784e-05,0.13654902567595653,0.12998085559441733,-4.649070456668235e-05,0.011141587696794195,0.01125523336655365,4.649070448525125e-05,-0.12357188462214715,-0.11652421896515554,-4.6490704482323846e-05,0.030093396101794928,0.028598172985624074,4.649070448215481e-05,2.3685834725488605e-17,1.0889277416096059e-16
333.52,"[0.06062, 0.0456, 0.40982773018667495]",0.0456,0.40982773018667495,4.6490704479981224e-05,-0.051174860020986326,-0.04831434715945129,-4.649070447969901e-05,0.13729791079508133,0.12998085559441733,-4.6490704556140525e-05,0.010565703715248759,0.01125523336655365,4.649070447415229e-05,-0.1253306058289942,-0.11652421896515554,-4.649070447968084e-05,0.030305042376898596,0.028598172985624074,4.649070447999955e-05,2.3749024847235635e-17,1.0889277416096059e-16
333.54,"[0.06062, 0.0456, 0.40982773018667495]",0.0456,0.40982773018667495,4.649070448489739e-05,-0.051174860020986326,-0.04846808643736552,-4.649070448504314e-05,0.13729791079508133,0.13037503167899503,-4.64907045692816e-05,0.010565703715248759,0.0112214685849492,4.649070448754603e-05,-0.1253306058289942,-0.11699288747750604,-4.649070448505262e-05,0.030305042376898596,0.028689875948778032,4.649070448488793e-05,2.3749024847235635e-17,1.1040651569366017e-16
333.56,"[0.06062, 0.0456, 0.40965145745200165]",0.0456,0.40965145745200165,4.649070448230042e-05,-0.051618447900610535,-0.04846808643736552,-4.649070448198321e-05,0.138258158542785,0.13037503167899503,-4.649070455864656e-05,0.009825989480393421,0.0112214685849492,4.649070447652867e-05,-0.12758599378128024,-0.11699288747750604,-4.649070448196259e-05,0.030576274368157463,0.028689875948778032,4.649070448232087e-05,2.378593080148864e-17,1.1040651569366017e-16
333.58,"[0.06062, 0.0456, 0.40965145745200165]",0.0456,0.40965145745200165,4.649070448635638e-05,-0.051618447900610535,-0.048636283817249014,-4.649070448649601e-05,0.138258158542785,0.13079710316376525,-4.6490704570512085e-05,0.009825989480393421,0.011151265193665038,4.64907044886005e-05,-0.12758599378128024,-0.1175524031022002,-4.649070448650534e-05,0.030576274368157463,0.02879054651583119,4.649070448634767e-05,2.378593080148864e-17,1.1253770631793702e-16
333.6,"[0.06062, 0.0456, 0.40965145745200165]",0.0456,0.40965145745200165,4.649070448342836e-05,-0.051618447900610535,-0.048636283817249014,-4.649070448306609e-05,0.138258158542785,0.13079710316376525,-4.649070455983365e-05,0.009825989480393421,0.011151265193665038,4.649070447771812e-05,-0.12758599378128024,-0.1175524031022002,-4.649070448304251e-05,0.030576274368157463,0.02879054651583119,4.6490704483451715e-05,2.378593080148864e-17,1.1253770631793702e-16
333.62,"[0.06062, 0.0456, 0.4094361916790993]",0.0456,0.4094361916790993,4.6490704486672744e-05,-0.052157651212282566,-0.048823372355048994,-4.649070448681107e-05,0.1394269243959023,0.13125695009391142,-4.649070457050024e-05,0.00892365499260465,0.011037816875174947,4.64907044885176e-05,-0.13033155003502328,-0.1182244587083668,-4.649070448681977e-05,0.030906166923003197,0.02890289750989334,4.649070448666363e-05,2.3697386520461098e-17,1.154410409522518e-16
333.64,"[0.06062, 0.0456, 0.4094361916790993]",0.0456,0.4094361916790993,4.649070448339846e-05,-0.052157651212282566,-0.048823372355048994,-4.6490704482983285e-05,0.1394269243959023,0.13125695009391142,-4.649070455969465e-05,0.00892365499260465,0.011037816875174947,4.649070447770325e-05,-0.13033155003502328,-0.1182244587083668,-4.6490704482956295e-05,0.030906166923003197,0.02890289750989334,4.649070448342522e-05,2.3697386520461098e-17,1.154410409522518e-16
333.66,"[0.06062, 0.0456, 0.40918214530929636]",0.0456,0.40918214530929636,4.6490704485769576e-05,-0.052790461665604596,-0.04903343244089944,-4.6490704485911105e-05,0.1408007835516519,0.13176371415697288,-4.6490704569117076e-05,0.007860157325821947,0.010874746949267964,4.649070448717182e-05,-0.1335594503443183,-0.11902916383489665,-4.649070448591997e-05,0.03129360515258234,0.02902943219463182,4.649070448576016e-05,2.3627907479440712e-17,1.191623381215055e-16
333.68,"[0.06062, 0.0456, 0.40918214530929636]",0.0456,0.40918214530929636,4.649070448204499e-05,-0.052790461665604596,-0.04903343244089944,-4.6490704481569804e-05,0.1408007835516519,0.13176371415697288,-4.6490704558016486e-05,0.007860157325821947,0.010874746949267964,4.649070447628231e-05,-0.1335594503443183,-0.11902916383489665,-4.649070448153908e-05,0.03129360515258234,0.02902943219463182,4.649070448207598e-05,2.3627907479440712e-17,1.191623381215055e-16
333.7,"[0.06062, 0.0456, 0.40918214530929636]",0.0456,0.40918214530929636,4.649070448340881e-05,-0.052790461665604596,-0.049233995537573454,-4.649070448355785e-05,0.1408007835516519,0.13224707734756014,-4.6490704566073294e-05,0.007860157325821947,0.010717247635876294,4.6490704484294506e-05,-0.1335594503443183,-0.11980001992574668,-4.649070448356775e-05,0.03129360515258234,0.02915026524438505,4.649070448339929e-05,2.3627907479440712e-17,1.236998807867663e-16
333.72,"[0.06062, 0.0456, 0.40888956905568846]",0.0456,0.40888956905568846,4.6490704478940194e-05,-0.05351455424867429,-0.049233995537573454,-4.6490704478507265e-05,0.14237575816281142,0.13224707734756014,-4.649070455451716e-05,0.006637194056232208,0.010717247635876294,4.649070447302369e-05,-0.13726061846418894,-0.11980001992574668,-4.64907044784794e-05,0.03173729603258609,0.02915026524438505,4.6490704478968376e-05,2.3622580311212776e-17,1.236998807867663e-16
333.741,"[0.06062, 0.0456, 0.40888956905568846]",0.0456,0.40888956905568846,4.649070448114411e-05,-0.05351455424867429,-0.049461060746066085,-4.649070448133823e-05,0.14237575816281142,0.13278550130422292,-4.649070456309764e-05,0.006637194056232208,0.010505100060742843,4.649070448143653e-05,-0.13726061846418894,-0.12072021636076954,-4.6490704481350355e-05,0.03173729603258609,0.02928744920939906,4.649070448113118e-05,2.3622580311212776e-17,1.2685621536144877e-16
333.76,"[0.06062, 0.0456, 0.4085587516557148]",0.0456,0.4085587516557148,4.6490704474196355e-05,-0.05432731242608808,-0.049461060746066085,-4.6490704473690826e-05,0.14414734815200392,0.13278550130422292,-4.649070454901983e-05,0.005256695794347137,0.010505100060742843,4.649070446812494e-05,-0.1414248093691212,-0.12072021636076954,-4.6490704473657723e-05,0.03223578149165536,0.02928744920939906,4.649070447422877e-05,2.3518203057589248e-17,1.2685621536144877e-16
333.78,"[0.06062, 0.0456, 0.4085587516557148]",0.0456,0.4085587516557148,4.649070447343484e-05,-0.05432731242608808,-0.049718364689604604,-4.649070447360011e-05,0.14414734815200392,0.1333874489068143,-4.649070455419371e-05,0.005256695794347137,0.010232151422308372,4.649070447325469e-05,-0.1414248093691212,-0.12180857440863212,-4.649070447361098e-05,0.03223578149165536,0.029443291049681703,4.649070447342417e-05,2.3518203057589248e-17,1.3072204970699032e-16
333.8,"[0.06062, 0.0456, 0.4085587516557148]",0.0456,0.4085587516557148,4.649070446772366e-05,-0.05432731242608808,-0.049718364689604604,-4.6490704467139846e-05,0.14414734815200392,0.1333874489068143,-4.649070454155694e-05,0.005256695794347137,0.010232151422308372,4.649070446143168e-05,-0.1414248093691212,-0.12180857440863212,-4.6490704467101844e-05,0.03223578149165536,0.029443291049681703,4.6490704467761276e-05,2.3518203057589248e-17,1.3072204970699032e-16
333.82,"[0.06062, 0.0456, 0.40819001958620904]",0.0456,0.40819001958620904,4.6490704465757535e-05,-0.055225855566027,-0.050009089776884424,-4.6490704465933616e-05,0.14611056504746064,0.13406022686132513,-4.649070454522699e-05,0.003720817883687105,0.009893025663931843,4.649070446495804e-05,-0.14604070011945888,-0.12308128755702945,-4.649070446594493e-05,0.032787452693535654,0.029619765666539496,4.649070446574587e-05,2.331166311730261e-17,1.3551850270635165e-16
333.84,"[0.06062, 0.0456, 0.40819001958620904]",0.0456,0.40819001958620904,4.6490704459217126e-05,-0.055225855566027,-0.050009089776884424,-4.649070445855157e-05,0.14611056504746064,0.13406022686132513,-4.64907045317635e-05,0.003720817883687105,0.009893025663931843,4.649070445260171e-05,-0.14604070011945888,-0.12308128755702945,-4.649070445850793e-05,0.032787452693535654,0.029619765666539496,4.649070445925956e-05,2.331166311730261e-17,1.3551850270635165e-16
333.86,"[0.06062, 0.0456, 0.4077837367412062]",0.0456,0.4077837367412062,4.649070445584778e-05,-0.056207067990930656,-0.05029187080233876,-4.6490704456039716e-05,0.148259968255958,0.13471444077920677,-4.649070453372655e-05,0.0020319313365312333,0.009562446253913049,4.649070445432744e-05,-0.1510959865373477,-0.12432023313109164,-4.6490704456052164e-05,0.033390565207847334,0.029791426755162657,4.6490704455835195e-05,2.3467847837117478e-17,1.461189044442066e-16
333.88,"[0.06062, 0.0456, 0.4077837367412062]",0.0456,0.4077837367412062,4.64907044455302e-05,-0.056207067990930656,-0.05029187080233876,-4.649070444556002e-05,0.148259968255958,0.13471444077920677,-4.6490704521119466e-05,0.0020319313365312333,0.009562446253913049,4.6490704442795834e-05,-0.1510959865373477,-0.12432023313109164,-4.649070444556177e-05,0.033390565207847334,0.029791426755162657,4.649070444552814e-05,2.3467847837117478e-17,1.461189044442066e-16
333.9,"[0.06062, 0.0456, 0.4077837367412062]",0.0456,0.4077837367412062,4.649070444396475e-05,-0.056207067990930656,-0.05060679553829436,-4.64907044442445e-05,0.148259968255958,0.1354365786814148,-4.649070452032321e-05,0.0020319313365312333,0.009165583681714643,4.6490704441917224e-05,-0.1510959865373477,-0.1257400893825657,-4.6490704444262604e-05,0.033390565207847334,0.029982993216331796,4.649070444394673e-05,2.3467847837117478e-17,1.501150946909415e-16
333.921,"[0.06062, 0.0456, 0.40734030407282323]",0.0456,0.40734030407282323,4.649070443076043e-05,-0.05726762904752622,-0.05060679553829436,-4.6490704430998366e-05,0.15058970317958076,0.1354365786814148,-4.649070450503657e-05,0.00019261308463554999,0.009165583681714643,4.6490704427882064e-05,-0.15657748384557768,-0.1257400893825657,-4.649070443101364e-05,0.034043254763833734,0.029982993216331796,4.649070443074477e-05,2.3253571923949645e-17,1.501150946909415e-16
333.94,"[0.06062, 0.0456, 0.40734030407282323]",0.0456,0.40734030407282323,4.649070442895975e-05,-0.05726762904752622,-0.05095980758951859,-4.64907044292508e-05,0.15058970317958076,0.1362405998705037,-4.649070450300394e-05,0.00019261308463554999,0.008694146368461893,4.6490704425942894e-05,-0.15657748384557768,-0.12736866965464064,-4.6490704429269734e-05,0.034043254763833734,0.030198124094730064,4.649070442894087e-05,2.3253571923949645e-17,1.5419429012937761e-16
333.96,"[0.06062, 0.0456, 0.40686015919556756]",0.0456,0.40686015919556756,4.6490704416357185e-05,-0.05840404361313114,-0.05095980758951859,-4.649070441636023e-05,0.15309354059040212,0.1362405998705037,-4.6490704487429185e-05,-0.001794364369905983,0.008694146368461893,4.649070441183477e-05,-0.16247122947150489,-0.12736866965464064,-4.649070441636015e-05,0.0347435532908233,0.030198124094730064,4.649070441635706e-05,2.308736411250583e-17,1.5419429012937761e-16
333.98,"[0.06062, 0.0456, 0.40686015919556756]",0.0456,0.40686015919556756,4.6490704410504173e-05,-0.05840404361313114,-0.051353566347277335,-4.6490704410814465e-05,0.15309354059040212,0.13713288115447964,-4.649070448194591e-05,-0.001794364369905983,0.008143401400958863,4.64907044065535e-05,-0.16247122947150489,-0.12921977167353285,-4.64907044108344e-05,0.0347435532908233,0.030438493519216136,4.649070441048423e-05,2.308736411250583e-17,1.592124179440998e-16
334.0,"[0.06062, 0.0456, 0.40686015919556756]",0.0456,0.40686015919556756,4.6490704396586074e-05,-0.05840404361313114,-0.051353566347277335,-4.64907043965784e-05,0.15309354059040212,0.13713288115447964,-4.649070446490145e-05,-0.001794364369905983,0.008143401400958863,4.649070439116575e-05,-0.16247122947150489,-0.12921977167353285,-4.6490704396577556e-05,0.0347435532908233,0.030438493519216136,4.649070439658651e-05,2.308736411250583e-17,1.592124179440998e-16
334.02,"[0.06062, 0.0456, 0.40634377595446436]",0.0456,0.40634377595446436,4.6490704388595124e-05,-0.059612672493386525,-0.051790082433664904,-4.649070438893152e-05,0.15576491669940065,0.13811838767994758,-4.6490704457076525e-05,-0.003926043811819253,0.007509397425395634,4.6490704383672826e-05,-0.16876258631695304,-0.13130429796470186,-4.649070438895285e-05,0.035489404967076366,0.030705386762738766,4.6490704388573325e-05,2.3119898380547768e-17,1.6529419619837204e-16
334.04,"[0.06062, 0.0456, 0.40634377595446436]",0.0456,0.40634377595446436,4.6490704373269344e-05,-0.059612672493386525,-0.051790082433664904,-4.649070437325568e-05,0.15576491669940065,0.13811838767994758,-4.649070443843364e-05,-0.003926043811819253,0.007509397425395634,4.6490704366886585e-05,-0.16876258631695304,-0.13130429796470186,-4.649070437325413e-05,0.035489404967076366,0.030705386762738766,4.6490704373270076e-05,2.3119898380547768e-17,1.6529419619837204e-16
334.06,"[0.06062, 0.0456, 0.40579166395742894]",0.0456,0.40579166395742894,4.649070436300165e-05,-0.06088976221849413,-0.05220710937592712,-4.6490704363369365e-05,0.1585969733907253,0.1390596369080302,-4.6490704428102225e-05,-0.006199294580353547,0.006902353361514386,4.649070435702822e-05,-0.1754363449345612,-0.13329762705484505,-4.6490704363392736e-05,0.03627868202355328,0.030960385285056066,4.649070436297763e-05,2.3114387731264635e-17,1.7239569816333269e-16
334.08,"[0.06062, 0.0456, 0.40579166395742894]",0.0456,0.40579166395742894,4.649070433958856e-05,-0.06088976221849413,-0.052675759117566535,-4.649070433990669e-05,0.1585969733907253,0.14011481574589166,-4.6490704401600814e-05,-0.006199294580353547,0.006199111814604151,4.649070433278536e-05,-0.1754363449345612,-0.13556665083995406,-4.649070433992713e-05,0.03627868202355328,0.031247373699655828,4.64907043395681e-05,2.3114387731264635e-17,1.8692872170233323e-16
334.1,"[0.06062, 0.0456, 0.40579166395742894]",0.0456,0.40579166395742894,4.6490704329831875e-05,-0.06088976221849413,-0.052675759117566535,-4.649070432880731e-05,0.1585969733907253,0.14011481574589166,-4.649070438551906e-05,-0.006199294580353547,0.006199111814604151,4.6490704319322506e-05,-0.1754363449345612,-0.13556665083995406,-4.649070432874078e-05,0.03627868202355328,0.031247373699655828,4.6490704329898214e-05,2.3114387731264635e-17,1.8692872170233323e-16
334.12,"[0.06062, 0.0456, 0.4052043680723451]",0.0456,0.4052043680723451,4.6490704314474164e-05,-0.06223147380695257,-0.053184437493050525,-4.6490704314836844e-05,0.1615825981372835,0.14125808951873817,-4.649070437335861e-05,-0.008610824145855296,0.005414252662680444,4.649070430683294e-05,-0.18247682322157532,-0.13805897034349462,-4.64907043148599e-05,0.03710920007914209,0.031559348009615594,4.649070431445038e-05,2.289989315711252e-17,1.9227400526239583e-16
334.14,"[0.06062, 0.0456, 0.4052043680723451]",0.0456,0.4052043680723451,4.649070429718331e-05,-0.06223147380695257,-0.053184437493050525,-4.6490704296092763e-05,0.1615825981372835,0.14125808951873817,-4.6490704348780144e-05,-0.008610824145855296,0.005414252662680444,4.6490704285815496e-05,-0.18247682322157532,-0.13805897034349462,-4.6490704296021714e-05,0.03710920007914209,0.031559348009615594,4.649070429725379e-05,2.289989315711252e-17,1.9227400526239583e-16
334.16,"[0.06062, 0.0456, 0.4045824678893463]",0.0456,0.4045824678893463,4.649070427926374e-05,-0.06363391013399335,-0.053184437493050525,-4.6490704279641825e-05,0.16471446316596253,0.14125808951873817,-4.649070433360215e-05,-0.011157189891087075,0.005414252662680444,4.649070427034004e-05,-0.18986796243349957,-0.13805897034349462,-4.649070427966601e-05,0.03797873281725662,0.031559348009615594,4.64907042792391e-05,2.3025248329331618e-17,1.9227400526239583e-16
334.18,"[0.06062, 0.0456, 0.4045824678893463]",0.0456,0.4045824678893463,4.6490704262229145e-05,-0.06363391013399335,-0.053730713498920446,-4.6490704262688596e-05,0.16471446316596253,0.14248460857465467,-4.649070431473955e-05,-0.011157189891087075,0.004550428849043525,4.649070425296298e-05,-0.18986796243349957,-0.14076401102685446,-4.649070426271865e-05,0.03797873281725662,0.03189488707914377,4.6490704262199255e-05,2.3025248329331618e-17,1.85127466270286e-16
334.2,"[0.06062, 0.0456, 0.4045824678893463]",0.0456,0.4045824678893463,4.649070424037166e-05,-0.06363391013399335,-0.05426695099043417,-4.649070424035493e-05,0.16471446316596253,0.1436885998145465,-4.649070428894604e-05,-0.011157189891087075,0.0037025296012902845,4.6490704229914845e-05,-0.18986796243349957,-0.14341927238817898,-4.6490704240353855e-05,0.03797873281725662,0.03222425947675246,4.649070424037265e-05,2.3025248329331618e-17,2.0508143699286628e-16
334.22,"[0.06062, 0.0456, 0.4039265771488303]",0.0456,0.4039265771488303,4.6490704218753424e-05,-0.0650931416129297,-0.05426695099043417,-4.649070421759805e-05,0.16798506349799375,0.1436885998145465,-4.6490704261129236e-05,-0.013834810992693793,0.0037025296012902845,4.649070420572974e-05,-0.1975934185226474,-0.14341927238817898,-4.649070421752302e-05,0.03888502584869508,0.03222425947675246,4.6490704218828085e-05,2.3316973419152647e-17,2.0508143699286628e-16
334.24,"[0.06062, 0.0456, 0.4039265771488303]",0.0456,0.4039265771488303,4.6490704196578664e-05,-0.0650931416129297,-0.05484449959066715,-4.6490704197007974e-05,0.16798506349799375,0.14498494242037668,-4.6490704241169006e-05,-0.013834810992693793,0.002769749139994045,4.649070418562099e-05,-0.1975934185226474,-0.1463055191478621,-4.649070419703573e-05,0.03888502584869508,0.032579527820647526,4.649070419655066e-05,2.3316973419152647e-17,2.0869712754355564e-16
334.26,"[0.06062, 0.0456, 0.4032373431357713]",0.0456,0.4032373431357713,4.649070417369855e-05,-0.0666052299682961,-0.05484449959066715,-4.6490704172483246e-05,0.1713867535496009,0.14498494242037668,-4.6490704210893216e-05,-0.016639980299796926,0.002769749139994045,4.6490704159911793e-05,-0.20563664801163606,-0.1463055191478621,-4.6490704172404574e-05,0.03982580964074659,0.032579527820647526,4.649070417377724e-05,2.3648658943816004e-17,2.0869712754355564e-16
334.28,"[0.06062, 0.0456, 0.4032373431357713]",0.0456,0.4032373431357713,4.649070414925316e-05,-0.0666052299682961,-0.055469825032623155,-4.649070414969509e-05,0.1713867535496009,0.14638884437814698,-4.649070418825051e-05,-0.016639980299796926,0.0017406693045515112,4.6490704137144476e-05,-0.20563664801163606,-0.14945620170687451,-4.649070414972339e-05,0.03982580964074659,0.03296474116096321,4.6490704149224006e-05,2.3648658943816004e-17,2.117811371845054e-16
334.3,"[0.06062, 0.0456, 0.4032373431357713]",0.0456,0.4032373431357713,4.649070412464221e-05,-0.0666052299682961,-0.055469825032623155,-4.649070412330544e-05,0.1713867535496009,0.14638884437814698,-4.649070415616251e-05,-0.016639980299796926,0.0017406693045515112,4.6490704110075445e-05,-0.20563664801163606,-0.14945620170687451,-4.6490704123218645e-05,0.03982580964074659,0.03296474116096321,4.6490704124728335e-05,2.3648658943816004e-17,2.117811371845054e-16
334.32,"[0.06062, 0.0456, 0.4025154460409279]",0.0456,0.4025154460409279,4.649070409793796e-05,-0.06816624994739429,-0.05615539658667683,-4.649070409839554e-05,0.17491178203794563,0.14792901280246853,-4.649070413098479e-05,-0.019568876110326833,0.0005939821613007983,4.6490704084696826e-05,-0.21398098781173902,-0.15293501842558668,-4.6490704098425184e-05,0.04079881142639153,0.03338764863789452,4.6490704097908155e-05,2.371564107650953e-17,2.368543904411002e-16
334.34,"[0.06062, 0.0456, 0.4025154460409279]",0.0456,0.4025154460409279,4.649070407156291e-05,-0.06816624994739429,-0.05615539658667683,-4.6490704070077044e-05,0.17491178203794563,0.14792901280246853,-4.6490704096919336e-05,-0.019568876110326833,0.0005939821613007983,4.649070405614786e-05,-0.21398098781173902,-0.15293501842558668,-4.6490704069980774e-05,0.04079881142639153,0.03338764863789452,4.6490704071659146e-05,2.371564107650953e-17,2.368543904411002e-16
334.36,"[0.06062, 0.0456, 0.4017615982895771]",0.0456,0.4017615982895771,4.6490704042448036e-05,-0.0697723088795871,-0.05687407001180231,-4.6490704042929516e-05,0.17855232499563545,0.14954516566988862,-4.649070406908622e-05,-0.022617573751226284,-0.0006284143917615699,4.6490704027993303e-05,-0.22260972858459044,-0.15660874992102025,-4.6490704042960863e-05,0.04180176603906906,0.033831648994660304,4.649070404241712e-05,2.3916228404910215e-17,2.3572694700305583e-16
334.38,"[0.06062, 0.0456, 0.4017615982895771]",0.0456,0.4017615982895771,4.649070401422652e-05,-0.0697723088795871,-0.05687407001180231,-4.6490704012683786e-05,0.17855232499563545,0.14954516566988862,-4.649070403319338e-05,-0.022617573751226284,-0.0006284143917615699,4.6490703998002625e-05,-0.22260972858459044,-0.15660874992102025,-4.649070401258375e-05,0.04180176603906906,0.033831648994660304,4.649070401432652e-05,2.3916228404910215e-17,2.3572694700305583e-16
334.4,"[0.06062, 0.0456, 0.4017615982895771]",0.0456,0.4017615982895771,4.6490703982569935e-05,-0.0697723088795871,-0.05756341230492327,-4.649070398308377e-05,0.17855232499563545,0.15109538668659683,-4.649070400230216e-05,-0.022617573751226284,-0.001801593837601552,4.649070396679825e-05,-0.22260972858459044,-0.16013344315054603,-4.6490703983116996e-05,0.04180176603906906,0.03425754903592244,4.649070398253674e-05,2.3916228404910215e-17,2.421485450162818e-16
334.42,"[0.06062, 0.0456, 0.40097654383843634]",0.0456,0.40097654383843634,4.6490703951535095e-05,-0.07141956404893327,-0.05756341230492327,-4.6490703950115326e-05,0.18230051675212747,0.15109538668659683,-4.649070396358539e-05,-0.025782056875848648,-0.001801593837601552,4.649070393411257e-05,-0.23150618141836718,-0.16013344315054603,-4.649070395002311e-05,0.04283242564706588,0.03425754903592244,4.6490703951627056e-05,2.413210558013173e-17,2.421485450162818e-16
334.44,"[0.06062, 0.0456, 0.40097654383843634]",0.0456,0.40097654383843634,4.649070391734413e-05,-0.07141956404893327,-0.05831492340408193,-4.649070391788779e-05,0.18230051675212747,0.15278761170574096,-4.649070392981883e-05,-0.025782056875848648,-0.0030988688098547365,4.649070390042974e-05,-0.23150618141836718,-0.16400002455186344,-4.6490703917922856e-05,0.04283242564706588,0.03472251268667777,4.649070391730893e-05,2.413210558013173e-17,2.6942771467430333e-16
334.46,"[0.06062, 0.0456, 0.40016105744146807]",0.0456,0.40016105744146807,4.649070388334128e-05,-0.07310423789460724,-0.05831492340408193,-4.64907038834328e-05,0.18614847879116894,0.15278761170574096,-4.649070389066052e-05,-0.029058228400464407,-0.0030988688098547365,4.64907038651883e-05,-0.24065373774321228,-0.16400002455186344,-4.649070388343863e-05,0.04388856838667514,0.03472251268667777,4.6490703883335296e-05,2.4457764449470324e-17,2.6942771467430333e-16
334.48,"[0.06062, 0.0456, 0.40016105744146807]",0.0456,0.40016105744146807,4.6490703846374024e-05,-0.07310423789460724,-0.05910576784238873,-4.6490703847105575e-05,0.18614847879116894,0.1545712307905686,-4.6490703850935235e-05,-0.029058228400464407,-0.004483837921800669,4.64907038279077e-05,-0.24065373774321228,-0.1680948155964302,-4.649070384715338e-05,0.04388856838667514,0.035212548906071686,4.6490703846326725e-05,2.4457764449470324e-17,2.737726636423016e-16
334.5,"[0.06062, 0.0456, 0.40016105744146807]",0.0456,0.40016105744146807,4.649070381014631e-05,-0.07310423789460724,-0.05987298162776277,-4.649070381023651e-05,0.18614847879116894,0.15630161186845645,-4.649070380912602e-05,-0.029058228400464407,-0.005827954716394328,4.6490703790559885e-05,-0.24065373774321228,-0.17206795159313412,-4.649070381024224e-05,0.04388856838667514,0.03568796125125461,4.6490703810140265e-05,2.4457764449470324e-17,3.091595444433308e-16
334.52,"[0.06062, 0.0456, 0.39931594388529124]",0.0456,0.39931594388529124,4.6490703772177285e-05,-0.07482263109452306,-0.05987298162776277,-4.649070377065278e-05,0.1900883464389982,0.15630161186845645,-4.6490703763745214e-05,-0.03244192101135396,-0.005827954716394328,4.6490703751445354e-05,-0.25003592254319795,-0.17206795159313412,-4.6490703770553895e-05,0.044968005914550684,0.03568796125125461,4.649070377227632e-05,2.4385709577033585e-17,3.091595444433308e-16
334.54,"[0.06062, 0.0456, 0.39931594388529124]",0.0456,0.39931594388529124,4.649070372930154e-05,-0.07482263109452306,-0.060676794828156105,-4.649070372999613e-05,0.1900883464389982,0.15811785831083575,-4.6490703719973384e-05,-0.03244192101135396,-0.007255944416935267,4.649070370797614e-05,-0.25003592254319795,-0.17625622668335234,-4.6490703730040445e-05,0.044968005914550684,0.036186821345975916,4.649070372925619e-05,2.4385709577033585e-17,3.0622579161502366e-16
334.56,"[0.06062, 0.0456, 0.3984420371949541]",0.0456,0.3984420371949541,4.64907036888867e-05,-0.07657113362073288,-0.060676794828156105,-4.649070368730978e-05,0.19411229337812957,0.15811785831083575,-4.64907036714491e-05,-0.035928907184306365,-0.007255944416935267,4.649070366716511e-05,-0.25963644103338335,-0.17625622668335234,-4.6490703687207575e-05,0.04606858991717095,0.036186821345975916,4.649070368898901e-05,2.38488632965665e-17,3.0622579161502366e-16
334.58,"[0.06062, 0.0456, 0.3984420371949541]",0.0456,0.3984420371949541,4.649070364346634e-05,-0.07657113362073288,-0.06152711830237372,-4.649070364414825e-05,0.19411229337812957,0.16004299553370194,-4.6490703624784004e-05,-0.035928907184306365,-0.008786645461319268,4.649070362091458e-05,-0.25963644103338335,-0.18071270974113046,-4.6490703644192816e-05,0.04606858991717095,0.036715356738058785,4.6490703643421995e-05,2.38488632965665e-17,3.000393301789978e-16
334.6,"[0.06062, 0.0456, 0.3984420371949541]",0.0456,0.3984420371949541,4.649070360150692e-05,-0.07657113362073288,-0.06152711830237372,-4.649070359979249e-05,0.19411229337812957,0.16004299553370194,-4.649070357487954e-05,-0.035928907184306365,-0.008786645461319268,4.649070357917393e-05,-0.25963644103338335,-0.18071270974113046,-4.649070359968131e-05,0.04606858991717095,0.036715356738058785,4.6490703601618e-05,2.38488632965665e-17,3.000393301789978e-16
334.62,"[0.06062, 0.0456, 0.3975401998108518]",0.0456,0.3975401998108518,4.6490703554046596e-05,-0.07834623388069864,-0.06242472608425741,-4.649070355472425e-05,0.19821255401567298,0.16207943372098113,-4.6490703525864264e-05,-0.03951490866891552,-0.01042311347584687,4.6490703530458456e-05,-0.2694392190602061,-0.18544344082344863,-4.6490703554768207e-05,0.047188217629053765,0.037274139499768176,4.6490703554002374e-05,2.316628912048961e-17,2.958266075848691e-16
334.64,"[0.06062, 0.0456, 0.3975401998108518]",0.0456,0.3975401998108518,4.64907035107987e-05,-0.07834623388069864,-0.06242472608425741,-4.649070350896145e-05,0.19821255401567298,0.16207943372098113,-4.6490703474780934e-05,-0.03951490866891552,-0.01042311347584687,4.6490703487948644e-05,-0.2694392190602061,-0.18544344082344863,-4.649070350884197e-05,0.047188217629053765,0.037274139499768176,4.649070351091764e-05,2.316628912048961e-17,2.958266075848691e-16
334.66,"[0.06062, 0.0456, 0.39661132173760244]",0.0456,0.39661132173760244,4.649070344063357e-05,-0.08014452607708566,-0.06329628215418477,-4.649070343890366e-05,0.20238144376356476,0.16405686378062942,-4.649070339686488e-05,-0.043195605400719456,-0.012012617569626866,4.649070341642867e-05,-0.279428437553146,-0.19003755577568704,-4.649070343879198e-05,0.04832483642163699,0.037816725633072326,4.6490703440746045e-05,2.3363341886775827e-17,3.362322544919489e-16
334.68,"[0.06062, 0.0456, 0.39661132173760244]",0.0456,0.39661132173760244,4.649070341472076e-05,-0.08014452607708566,-0.06329628215418477,-4.649070341490575e-05,0.20238144376356476,0.16405686378062942,-4.649070337045342e-05,-0.043195605400719456,-0.012012617569626866,4.649070338901964e-05,-0.279428437553146,-0.19003755577568704,-4.649070341491778e-05,0.04832483642163699,0.037816725633072326,4.64907034147088e-05,2.3363341886775827e-17,3.362322544919489e-16
334.7,"[0.06062, 0.0456, 0.39661132173760244]",0.0456,0.39661132173760244,4.6490703361006344e-05,-0.08014452607708566,-0.06420217036572422,-4.649070336191448e-05,0.20238144376356476,0.16611684080630115,-4.649070331244596e-05,-0.043195605400719456,-0.013685991037227018,4.649070333482305e-05,-0.279428437553146,-0.1948397019228588,-4.649070336197327e-05,0.04832483642163699,0.038381587358792955,4.649070336094736e-05,2.3363341886775827e-17,3.299600374225758e-16
334.72,"[0.06062, 0.0456, 0.3956563196657195]",0.0456,0.3956563196657195,4.6490703312827475e-05,-0.08196271593096266,-0.06420217036572422,-4.6490703312995594e-05,0.20661137731087545,0.16611684080630115,-4.6490703257825845e-05,-0.04696664381457877,-0.013685991037227018,4.649070328604415e-05,-0.28958856140658656,-0.1948397019228588,-4.649070331300675e-05,0.04947644753183384,0.038381587358792955,4.649070331281677e-05,2.308085013585356e-17,3.299600374225758e-16
334.74,"[0.06062, 0.0456, 0.3956563196657195]",0.0456,0.3956563196657195,4.649070325680606e-05,-0.08196271593096266,-0.06515284077957943,-4.649070325770587e-05,0.20661137731087545,0.16828364745365687,-4.649070319738678e-05,-0.04696664381457877,-0.015463850542927789,4.6490703229609057e-05,-0.28958856140658656,-0.19990679516854493,-4.649070325776435e-05,0.04947644753183384,0.03897531399961455,4.6490703256747545e-05,2.308085013585356e-17,3.200563047887284e-16
334.76,"[0.06062, 0.0456, 0.39467613606694907]",0.0456,0.39467613606694907,4.649070320779074e-05,-0.08379762492003062,-0.06515284077957943,-4.6490703207922384e-05,0.21089488498591918,0.16828364745365687,-4.6490703141929715e-05,-0.05082364454252897,-0.015463850542927789,4.6490703180142224e-05,-0.29990436320514036,-0.19990679516854493,-4.649070320793103e-05,0.050641109003596196,0.03897531399961455,4.649070320778238e-05,2.3627319352515273e-17,3.200563047887284e-16
334.78,"[0.06062, 0.0456, 0.39467613606694907]",0.0456,0.39467613606694907,4.649070314966346e-05,-0.08379762492003062,-0.06614870241678886,-4.649070315056892e-05,0.21089488498591918,0.1705587795468321,-4.649070307919686e-05,-0.05082364454252897,-0.01734872006804417,4.6490703121512494e-05,-0.29990436320514036,-0.20524310120642733,-4.649070315062772e-05,0.050641109003596196,0.039598250250336586,4.649070314960481e-05,2.3627319352515273e-17,3.1269702570164486e-16
334.8,"[0.06062, 0.0456, 0.39467613606694907]",0.0456,0.39467613606694907,4.649070309985479e-05,-0.08379762492003062,-0.06614870241678886,-4.649070309996447e-05,0.21089488498591918,0.1705587795468321,-4.649070302286959e-05,-0.05082364454252897,-0.01734872006804417,4.649070307131117e-05,-0.29990436320514036,-0.20524310120642733,-4.64907030999716e-05,0.050641109003596196,0.039598250250336586,4.64907030998477e-05,2.3627319352515273e-17,3.1269702570164486e-16
334.82,"[0.06062, 0.0456, 0.3936717382641642]",0.0456,0.3936717382641642,4.649070303944168e-05,-0.08564619318560518,-0.0671889405890896,-4.6490703040364874e-05,0.2152246273186626,0.1729409072780426,-4.649070295758302e-05,-0.054762209488486625,-0.01934086606563783,4.649070301023939e-05,-0.31036094222551797,-0.2108463957510367,-4.649070304042456e-05,0.05181693791774853,0.04024997566894898,4.6490703039381706e-05,2.351117640319898e-17,3.088458051274627e-16
334.84,"[0.06062, 0.0456, 0.3936717382641642]",0.0456,0.3936717382641642,4.649070298863804e-05,-0.08564619318560518,-0.0671889405890896,-4.6490702988736596e-05,0.2152246273186626,0.1729409072780426,-4.649070290013471e-05,-0.054762209488486625,-0.01934086606563783,4.649070295907188e-05,-0.31036094222551797,-0.2108463957510367,-4.649070298874287e-05,0.05181693791774853,0.04024997566894898,4.6490702988631395e-05,2.351117640319898e-17,3.088458051274627e-16
334.86,"[0.06062, 0.0456, 0.3926441174767338]",0.0456,0.3926441174767338,4.649070292561775e-05,-0.08750548126036813,-0.06817935407617225,-4.6490702926566465e-05,0.21959340792244328,0.17520924810320537,-4.64907028319166e-05,-0.0587779282805085,-0.021238949815132517,4.649070289521154e-05,-0.3209437391555367,-0.21618302015984794,-4.6490702926628305e-05,0.05300211198531497,0.04087054390037698,4.649070292555627e-05,2.3156983670188875e-17,3.0835898409172595e-16
334.88,"[0.06062, 0.0456, 0.3926441174767338]",0.0456,0.3926441174767338,4.649070287197405e-05,-0.08750548126036813,-0.06923283332946885,-4.649070287213402e-05,0.21959340792244328,0.1776276294245221,-4.649070277156925e-05,-0.0587779282805085,-0.023280862690891285,4.6490702841360514e-05,-0.3209437391555367,-0.2218881151185597,-4.6490702872144625e-05,0.05300211198531497,0.04153165191853209,4.649070287196363e-05,2.3156983670188875e-17,3.5632426530506273e-16
334.9,"[0.06062, 0.0456, 0.3926441174767338]",0.0456,0.3926441174767338,4.649070281645685e-05,-0.08750548126036813,-0.06923283332946885,-4.649070281436621e-05,0.21959340792244328,0.1776276294245221,-4.649070270883177e-05,-0.0587779282805085,-0.023280862690891285,4.649070278822128e-05,-0.3209437391555367,-0.2218881151185597,-4.649070281423114e-05,0.05300211198531497,0.04153165191853209,4.649070281659275e-05,2.3156983670188875e-17,3.5632426530506273e-16
334.92,"[0.06062, 0.0456, 0.3915942878423088]",0.0456,0.3915942878423088,4.6490702749735076e-05,-0.08937267076417717,-0.0703145133885043,-4.649070275062257e-05,0.22399418481877476,0.18011689701215045,-4.649070263656869e-05,-0.06286638410869402,-0.02540271302422151,4.6490702716353095e-05,-0.3316385469681703,-0.22777735675895547,-4.649070275068023e-05,0.05419487057791666,0.042211587140720805,4.6490702749677566e-05,2.3468028865649477e-17,3.516293816175478e-16
334.94,"[0.06062, 0.0456, 0.3915942878423088]",0.0456,0.3915942878423088,4.6490702691139444e-05,-0.08937267076417717,-0.0703145133885043,-4.6490702689052376e-05,0.22399418481877476,0.18011689701215045,-4.649070257079586e-05,-0.06286638410869402,-0.02540271302422151,4.6490702661999126e-05,-0.3316385469681703,-0.22777735675895547,-4.6490702688917e-05,0.05419487057791666,0.042211587140720805,4.6490702691274644e-05,2.3468028865649477e-17,3.516293816175478e-16
334.96,"[0.06062, 0.0456, 0.3905232854159911]",0.0456,0.3905232854159911,4.649070262175817e-05,-0.09124506420820158,-0.07143510790820694,-4.649070262264375e-05,0.2284200803305875,0.1827019203244947,-4.649070249530425e-05,-0.06702315896325585,-0.027626571500265058,4.649070258706137e-05,-0.34243151837769925,-0.23391025359048015,-4.649070262270131e-05,0.05539351526593168,0.04291713287227179,4.6490702621700774e-05,2.361120074566361e-17,3.4130470483745293e-16
334.98,"[0.06062, 0.0456, 0.3905232854159911]",0.0456,0.3905232854159911,4.649070256174084e-05,-0.09124506420820158,-0.07143510790820694,-4.649070255955036e-05,0.2284200803305875,0.1827019203244947,-4.6490702428516554e-05,-0.06702315896325585,-0.027626571500265058,4.649070253214306e-05,-0.34243151837769925,-0.23391025359048015,-4.649070255940831e-05,0.05539351526593168,0.04291713287227179,4.6490702561882325e-05,2.361120074566361e-17,3.4130470483745293e-16
335.0,"[0.06062, 0.0456, 0.3905232854159911]",0.0456,0.3905232854159911,4.6490702490133295e-05,-0.09124506420820158,-0.07250070039111486,-4.6490702491017584e-05,0.2284200803305875,0.18516042858861148,-4.6490702350178685e-05,-0.06702315896325585,-0.029742799342701253,4.649070245424561e-05,-0.34243151837769925,-0.23974402617611773,-4.649070249107484e-05,0.05539351526593168,0.04358811607036655,4.6490702490075724e-05,2.361120074566361e-17,3.3238442083030493e-16
335.02,"[0.06062, 0.0456, 0.38943216714787166]",0.0456,0.38943216714787166,4.649070242709468e-05,-0.09312008403898944,-0.07250070039111486,-4.649070242507447e-05,0.2328643896681906,0.18516042858861148,-4.649070228036266e-05,-0.0712438382927673,-0.029742799342701253,4.6490702396270525e-05,-0.3533091702879282,-0.23974402617611773,-4.649070242494334e-05,0.056596409931310904,0.04358811607036655,4.649070242722553e-05,2.3058723859167146e-17,3.3238442083030493e-16
335.04,"[0.06062, 0.0456, 0.38943216714787166]",0.0456,0.38943216714787166,4.649070235341064e-05,-0.09312008403898944,-0.07360585585911922,-4.6490702354303044e-05,0.2328643896681906,0.18771635972012934,-4.649070219989234e-05,-0.0712438382927673,-0.03196339905106498,4.649070231675368e-05,-0.3533091702879282,-0.2458262072249637,-4.649070235436065e-05,0.056596409931310904,0.04428516520880213,4.649070235335297e-05,2.3058723859167146e-17,3.0995474164092793e-16
335.06,"[0.06062, 0.0456, 0.3883220098399488]",0.0456,0.3883220098399488,4.649070229024108e-05,-0.09499527104430347,-0.07360585585911922,-4.649070228810963e-05,0.23732058832896058,0.18771635972012934,-4.64907021304961e-05,-0.07552401510711923,-0.03196339905106498,4.6490702259575135e-05,-0.36425838562061824,-0.2458262072249637,-4.649070228797103e-05,0.0578019805174852,0.04428516520880213,4.649070229037908e-05,2.3598825338907876e-17,3.0995474164092793e-16
335.08,"[0.06062, 0.0456, 0.3883220098399488]",0.0456,0.3883220098399488,4.649070221550686e-05,-0.09499527104430347,-0.07475015430248398,-4.649070221639011e-05,0.23732058832896058,0.1903690971931954,-4.649070204837999e-05,-0.07552401510711923,-0.034289562142114184,4.64907021781726e-05,-0.36425838562061824,-0.25215687548550414,-4.6490702216447165e-05,0.0578019805174852,0.04500810273496254,4.6490702215449495e-05,2.3598825338907876e-17,2.910174200301049e-16
335.1,"[0.06062, 0.0456, 0.3883220098399488]",0.0456,0.3883220098399488,4.649070215211573e-05,-0.09499527104430347,-0.07475015430248398,-4.649070214988731e-05,0.23732058832896058,0.1903690971931954,-4.649070197921406e-05,-0.07552401510711923,-0.034289562142114184,4.6490702121535666e-05,-0.36425838562061824,-0.25215687548550414,-4.6490702149742886e-05,0.0578019805174852,0.04500810273496254,4.649070215226035e-05,2.3598825338907876e-17,2.910174200301049e-16
335.12,"[0.06062, 0.0456, 0.3871939090834546]",0.0456,0.3871939090834546,4.6490702075964745e-05,-0.09686828223217453,-0.07593225103863746,-4.649070207685191e-05,0.24178233842680782,0.1931157901581365,-4.649070189495537e-05,-0.07985929355338606,-0.03672041496880982,4.6490702037768404e-05,-0.37526641288733226,-0.25873075753688796,-4.649070207690927e-05,0.05900871447395541,0.04575615622950921,4.64907020759075e-05,2.3381849801554693e-17,2.7710751446089624e-16
335.14,"[0.06062, 0.0456, 0.3871939090834546]",0.0456,0.3871939090834546,4.6490702011944395e-05,-0.09686828223217453,-0.07593225103863746,-4.649070200963472e-05,0.24178233842680782,0.1931157901581365,-4.649070182558777e-05,-0.07985929355338606,-0.03672041496880982,4.649070198128162e-05,-0.37526641288733226,-0.25873075753688796,-4.6490702009484584e-05,0.05900871447395541,0.04575615622950921,4.649070201209404e-05,2.3381849801554693e-17,2.7710751446089624e-16
335.16,"[0.06062, 0.0456, 0.3860489781776384]",0.0456,0.3860489781776384,4.649070193391346e-05,-0.09873688828398229,-0.0771504543272959,-4.64907019348129e-05,0.24624349406117377,0.19595271235781117,-4.6490701738629855e-05,-0.08424529199562861,-0.03925426942786986,4.6490701894638125e-05,-0.3863208638408762,-0.2655405189067425,-4.649070193487118e-05,0.060215159948083595,0.04652832679466761,4.6490701933855344e-05,2.3567702671063918e-17,2.6774763723816764e-16
335.18,"[0.06062, 0.0456, 0.3860489781776384]",0.0456,0.3860489781776384,4.649070186883864e-05,-0.09873688828398229,-0.0771504543272959,-4.64907018664599e-05,0.24624349406117377,0.19595271235781117,-4.649070166863802e-05,-0.08424529199562861,-0.03925426942786986,4.649070183792121e-05,-0.3863208638408762,-0.2655405189067425,-4.64907018663057e-05,0.060215159948083595,0.04652832679466761,4.649070186899283e-05,2.3567702671063918e-17,2.6774763723816764e-16
335.2,"[0.06062, 0.0456, 0.3860489781776384]",0.0456,0.3860489781776384,4.649070178849248e-05,-0.09873688828398229,-0.07830976041670744,-4.649070178940919e-05,0.24624349406117377,0.1986528568593227,-4.649070157847268e-05,-0.08424529199562861,-0.04166729228852622,4.6490701747937134e-05,-0.3863208638408762,-0.2720230974929283,-4.649070178946883e-05,0.060215159948083595,0.04726323897919814,4.649070178843321e-05,2.3567702671063918e-17,2.6191658288114293e-16
335.22,"[0.06062, 0.0456, 0.3848883470310751]",0.0456,0.3848883470310751,4.649070171983293e-05,-0.10059897067177942,-0.07830976041670744,-4.6490701717648815e-05,0.25069810582805374,0.1986528568593227,-4.6490701504694676e-05,-0.08867764563175246,-0.04166729228852622,4.6490701687418467e-05,-0.39740970951450516,-0.2720230974929283,-4.6490701717507184e-05,0.061419924771490456,0.04726323897919814,4.649070171997458e-05,2.3439853081007166e-17,2.6191658288114293e-16
335.24,"[0.06062, 0.0456, 0.3848883470310751]",0.0456,0.3848883470310751,4.649070163697336e-05,-0.10059897067177942,-0.07950381128018931,-4.64907016379093e-05,0.25069810582805374,0.20144004602425578,-4.64907014120057e-05,-0.08867764563175246,-0.04418151012754461,4.6490701595506556e-05,-0.39740970951450516,-0.27873507235269446,-4.649070163796983e-05,0.061419924771490456,0.04802144050346245,4.649070163691289e-05,2.3439853081007166e-17,2.3940424464928164e-16
335.26,"[0.06062, 0.0456, 0.38371316104658165]",0.0456,0.38371316104658165,4.6490701568078775e-05,-0.10245251851978544,-0.07950381128018931,-4.649070156580995e-05,0.2551404245676539,0.20144004602425578,-4.649070133868417e-05,-0.09315200868199743,-0.04418151012754461,4.6490701535842754e-05,-0.4085212749289089,-0.27873507235269446,-4.6490701565663084e-05,0.0626216752834174,0.04802144050346245,4.6490701568226294e-05,2.323997059071181e-17,2.3940424464928164e-16
335.28,"[0.06062, 0.0456, 0.38371316104658165]",0.0456,0.38371316104658165,4.6490701483901616e-05,-0.10245251851978544,-0.08075514807302026,-4.6490701484834816e-05,0.2551404245676539,0.20436688244725237,-4.649070124388416e-05,-0.09315200868199743,-0.04684558030238895,4.649070144159633e-05,-0.4085212749289089,-0.28580448320339924,-4.649070148489521e-05,0.0626216752834174,0.048817285417937575,4.6490701483841314e-05,2.323997059071181e-17,3.194485011323895e-16
335.3,"[0.06062, 0.0456, 0.38371316104658165]",0.0456,0.38371316104658165,4.649070141673642e-05,-0.10245251851978544,-0.08075514807302026,-4.649070141696154e-05,0.2551404245676539,0.20436688244725237,-4.649070116874204e-05,-0.09315200868199743,-0.04684558030238895,4.6490701374077784e-05,-0.4085212749289089,-0.28580448320339924,-4.649070141697596e-05,0.0626216752834174,0.048817285417937575,4.6490701416721766e-05,2.323997059071181e-17,3.194485011323895e-16
335.32,"[0.06062, 0.0456, 0.38252457999084283]",0.0456,0.38252457999084283,4.649070132127284e-05,-0.10429562528012004,-0.08202105467276206,-4.649070132248825e-05,0.25956490443498115,0.20733401610963723,-4.6490701064263585e-05,-0.09766405618449597,-0.04957263091371877,4.649070127628481e-05,-0.4196442327192081,-0.29299483482035005,-4.649070132256696e-05,0.06381913502853928,0.04962377110143182,4.649070132119428e-05,2.3657493145161e-17,3.0968802666641085e-16
335.34,"[0.06062, 0.0456, 0.38252457999084283]",0.0456,0.38252457999084283,4.649070125185388e-05,-0.10429562528012004,-0.08202105467276206,-4.649070125209063e-05,0.25956490443498115,0.20733401610963723,-4.649070098729486e-05,-0.09766405618449597,-0.04957263091371877,4.649070120782553e-05,-0.4196442327192081,-0.29299483482035005,-4.649070125210635e-05,0.06381913502853928,0.04962377110143182,4.649070125183852e-05,2.3657493145161e-17,3.0968802666641085e-16
335.36,"[0.06062, 0.0456, 0.38132377684986146]",0.0456,0.38132377684986146,4.6490701153382035e-05,-0.1061264852835874,-0.0832223549673144,-4.649070115458782e-05,0.2639662053711937,0.2101501310732197,-4.649070087959857e-05,-0.10220948543373884,-0.05216251038386479,4.649070110710924e-05,-0.4307675959073799,-0.29982065630443205,-4.6490701154665765e-05,0.06501108336205633,0.05038918440831154,4.6490701153303634e-05,2.32568097255791e-17,2.87389908429429e-16
335.38,"[0.06062, 0.0456, 0.38132377684986146]",0.0456,0.38132377684986146,4.64907010805469e-05,-0.1061264852835874,-0.0832223549673144,-4.6490701080820165e-05,0.2639662053711937,0.2101501310732197,-4.649070079932001e-05,-0.10220948543373884,-0.05216251038386479,4.6490701035603297e-05,-0.4307675959073799,-0.29982065630443205,-4.649070108083849e-05,0.06501108336205633,0.05038918440831154,4.6490701080529504e-05,2.32568097255791e-17,2.87389908429429e-16
335.4,"[0.06062, 0.0456, 0.38132377684986146]",0.0456,0.38132377684986146,4.649070098069645e-05,-0.1061264852835874,-0.08445305087738099,-4.649070098187809e-05,0.2639662053711937,0.21304087423841972,-4.6490700690437906e-05,-0.10220948543373884,-0.05484689628795291,4.6490700933982335e-05,-0.4307675959073799,-0.3068510017175311,-4.649070098195486e-05,0.06501108336205633,0.05117465062949213,4.6490700980619616e-05,2.32568097255791e-17,2.427409623783449e-16
335.42,"[0.06062, 0.0456, 0.38011193667136306]",0.0456,0.38011193667136306,4.649070090915989e-05,-0.1079433902176999,-0.08445305087738099,-4.649070090939149e-05,0.26833919504506765,0.21304087423841972,-4.6490700611741064e-05,-0.10678401709778397,-0.05484689628795291,4.649070086400868e-05,-0.44188071001998874,-0.3068510017175311,-4.6490700909406534e-05,0.06619635399054236,0.05117465062949213,4.649070090914423e-05,2.3875291213655877e-17,2.427409623783449e-16
335.44,"[0.06062, 0.0456, 0.38011193667136306]",0.0456,0.38011193667136306,4.6490700808267236e-05,-0.1079433902176999,-0.08571272789299168,-4.649070080943275e-05,0.26833919504506765,0.21600527280796966,-4.649070050157434e-05,-0.10678401709778397,-0.057626701601973175,4.649070076108319e-05,-0.44188071001998874,-0.3140855754431004,-4.649070080950788e-05,0.06619635399054236,0.05197996693245945,4.649070080819128e-05,2.3875291213655877e-17,2.01059465039897e-16
335.46,"[0.06062, 0.0456, 0.3788902553952965]",0.0456,0.3788902553952965,4.64907007377789e-05,-0.10974472557620893,-0.08702496571114798,-4.6490700737984684e-05,0.27267895032559836,0.21909854792927524,-4.6490700424084926e-05,-0.11138339604971198,-0.06055453529971599,4.649070069226003e-05,-0.45297324472705897,-0.3216603670638889,-4.649070073799785e-05,0.06737383347296294,0.0528202146001871,4.649070073776521e-05,2.4203898033341803e-17,2.8851913055858744e-16
335.48,"[0.06062, 0.0456, 0.3788902553952965]",0.0456,0.3788902553952965,4.649070066115935e-05,-0.10974472557620893,-0.08702496571114798,-4.649070065873377e-05,0.27267895032559836,0.21909854792927524,-4.649070034403666e-05,-0.11138339604971198,-0.06055453529971599,4.64907006258663e-05,-0.45297324472705897,-0.3216603670638889,-4.649070065857662e-05,0.06737383347296294,0.0528202146001871,4.649070066131717e-05,2.4203898033341803e-17,2.8851913055858744e-16
335.501,"[0.06062, 0.0456, 0.377659938673586]",0.0456,0.377659938673586,4.649070050464017e-05,-0.10974472557620893,-0.08825508681193685,-4.649070050590681e-05,0.27267895032559836,0.22199879702008965,-4.64907001666429e-05,-0.11138339604971198,-0.06330223905391939,4.6490700453571525e-05,-0.45297324472705897,-0.3287648574164016,-4.649070050598852e-05,0.06737383347296294,0.053608011658643706,4.6490700504557833e-05,2.4203898033341803e-17,2.651394310258119e-16
335.52,"[0.06062, 0.0456, 0.377659938673586]",0.0456,0.377659938673586,4.6490700475259364e-05,-0.11152896711719126,-0.08825508681193685,-4.649070047314812e-05,0.2769807583386601,0.22199879702008965,-4.6490700139551e-05,-0.11600339194823948,-0.06330223905391939,4.649070043768182e-05,-0.46403518515554004,-0.3287648574164016,-4.6490700473011176e-05,0.06854245970254068,0.053608011658643706,4.649070047539613e-05,2.4302814087821594e-17,2.651394310258119e-16
335.54,"[0.06062, 0.0456, 0.377659938673586]",0.0456,0.377659938673586,4.649070037153057e-05,-0.11152896711719126,-0.08950857947408017,-4.64907003725973e-05,0.2769807583386601,0.22495915942207195,-4.649070002018142e-05,-0.11600339194823948,-0.0661353161414016,4.649070031971158e-05,-0.46403518515554004,-0.33604391905818964,-4.6490700372666476e-05,0.06854245970254068,0.05441213504112229,4.6490700371461764e-05,2.4302814087821594e-17,2.02755159148453e-16
335.56,"[0.06062, 0.0456, 0.37642220068029775]",0.0456,0.37642220068029775,4.6490700288214675e-05,-0.11329467736022732,-0.08950857947408017,-4.649070028601699e-05,0.28124011715291053,0.22495915942207195,-4.649069993587487e-05,-0.12063979960163214,-0.0661353161414016,4.649070025163473e-05,-0.4750568230102222,-0.33604391905818964,-4.649070028587414e-05,0.0697012203867422,0.05441213504112229,4.649070028835703e-05,2.42340579016579e-17,2.02755159148453e-16
335.58,"[0.06062, 0.0456, 0.37642220068029775]",0.0456,0.37642220068029775,4.649070018472599e-05,-0.11329467736022732,-0.09078634087030772,-4.649070018575414e-05,0.28124011715291053,0.22798159924047215,-4.649069981594082e-05,-0.12063979960163214,-0.06905734296537536,4.649070013273897e-05,-0.4750568230102222,-0.34350449189060855,-4.649070018582059e-05,0.0697012203867422,0.05523320478468435,4.649070018465945e-05,2.42340579016579e-17,1.4135858776271672e-16
335.6,"[0.06062, 0.0456, 0.37642220068029775]",0.0456,0.37642220068029775,4.6490700102764116e-05,-0.11329467736022732,-0.09078634087030772,-4.649070010049451e-05,0.28124011715291053,0.22798159924047215,-4.649069973397656e-05,-0.12063979960163214,-0.06905734296537536,4.649070006716458e-05,-0.4750568230102222,-0.34350449189060855,-4.6490700100347585e-05,0.0697012203867422,0.05523320478468435,4.649070010291142e-05,2.42340579016579e-17,1.4135858776271672e-16
335.62,"[0.06062, 0.0456, 0.3751782629133974]",0.0456,0.3751782629133974,4.649069999910427e-05,-0.11504050214736053,-0.09208726592648184,-4.649070000011116e-05,0.28545273613275224,0.2310632892922274,-4.649069961288814e-05,-0.12528843914810875,-0.07206716155529029,4.64906999467568e-05,-0.48602874761603676,-0.35114163355504535,-4.649070000017685e-05,0.07084915153956667,0.05607054616682411,4.6490699999039226e-05,2.4549891931931944e-17,8.674512437106014e-17
335.64,"[0.06062, 0.0456, 0.3751782629133974]",0.0456,0.3751782629133974,4.649069991797991e-05,-0.11504050214736053,-0.09208726592648184,-4.6490699915657364e-05,0.28545273613275224,0.2310632892922274,-4.649069953269091e-05,-0.12528843914810875,-0.07206716155529029,4.6490699883158044e-05,-0.48602874761603676,-0.35114163355504535,-4.649069991550652e-05,0.07084915153956667,0.05607054616682411,4.6490699918129914e-05,2.4549891931931944e-17,8.674512437106014e-17
335.66,"[0.06062, 0.0456, 0.3739293529892784]",0.0456,0.3739293529892784,4.6490699813563405e-05,-0.11676516728734612,-0.0934097674766368,-4.649069981456121e-05,0.28961453598927417,0.23420021233799057,-4.6490699409757564e-05,-0.12994515608492807,-0.07516235901597797,4.649069976060168e-05,-0.4969418369786103,-0.3589474000857933,-4.6490699814625795e-05,0.07198533599753879,0.056923166896164126,4.6490699813498556e-05,2.4422089569869417e-17,3.932848096951819e-17
335.68,"[0.06062, 0.0456, 0.3739293529892784]",0.0456,0.3739293529892784,4.649069973271637e-05,-0.11676516728734612,-0.0934097674766368,-4.649069973035577e-05,0.28961453598927417,0.23420021233799057,-4.649069933074348e-05,-0.12994515608492807,-0.07516235901597797,4.649069969845002e-05,-0.4969418369786103,-0.3589474000857933,-4.6490699730202603e-05,0.07198533599753879,0.056923166896164126,4.64906997328691e-05,2.4422089569869417e-17,3.932848096951819e-17
335.7,"[0.06062, 0.0456, 0.3739293529892784]",0.0456,0.3739293529892784,4.6490699626991876e-05,-0.11676516728734612,-0.09469295865856357,-4.6490699627987695e-05,0.28961453598927417,0.2372440220980837,-4.649069920534023e-05,-0.12994515608492807,-0.07816654575274004,4.649069957317722e-05,-0.4969418369786103,-0.36652232380150174,-4.649069962805238e-05,0.07198533599753879,0.05775048372556394,4.64906996269269e-05,2.4422089569869417e-17,1.520942853357628e-16
335.72,"[0.06062, 0.0456, 0.37267670343125303]",0.0456,0.37267670343125303,4.6490699547820804e-05,-0.11846747529809254,-0.09469295865856357,-4.649069954814193e-05,0.29372164855362815,0.2372440220980837,-4.6490699118121424e-05,-0.13460582117722072,-0.07816654575274004,4.649069949474231e-05,-0.5077872489444006,-0.36652232380150174,-4.649069954816258e-05,0.07310890196831876,0.05775048372556394,4.6490699547800563e-05,2.4445554249607337e-17,1.520942853357628e-16
335.74,"[0.06062, 0.0456, 0.37267670343125303]",0.0456,0.37267670343125303,4.649069942518848e-05,-0.11846747529809254,-0.09597754554891157,-4.649069942645379e-05,0.29372164855362815,0.24029490272205073,-4.649069898339259e-05,-0.13460582117722072,-0.08121003168467829,4.649069936877554e-05,-0.5077872489444006,-0.3741480018336598,-4.6490699426535715e-05,0.07310890196831876,0.05858009293791113,4.649069942510705e-05,2.4445554249607337e-17,9.679545608204392e-17
335.76,"[0.06062, 0.0456, 0.37142155045320097]",0.0456,0.37142155045320097,4.6490699345676066e-05,-0.12014630225818118,-0.09597754554891157,-4.649069934598889e-05,0.2977704162913655,0.24029490272205073,-4.6490698897226134e-05,-0.13926633027652346,-0.08121003168467829,4.6490699292315064e-05,-0.5185564125279405,-0.3741480018336598,-4.649069934600915e-05,0.07421902161863167,0.05858009293791113,4.6490699345655764e-05,2.4749432825769632e-17,9.679545608204392e-17
335.78,"[0.06062, 0.0456, 0.37142155045320097]",0.0456,0.37142155045320097,4.6490699222435e-05,-0.12014630225818118,-0.09727843546254619,-4.6490699223659676e-05,0.2977704162913655,0.24338783127904468,-4.6490698761889636e-05,-0.13926633027652346,-0.08432839404080072,4.649069916583116e-05,-0.5185564125279405,-0.38191310659985095,-4.6490699223738944e-05,0.07421902161863167,0.0594216088382991,4.649069922235588e-05,2.4749432825769632e-17,2.191467791426333e-17
335.8,"[0.06062, 0.0456, 0.37142155045320097]",0.0456,0.37142155045320097,4.649069914509729e-05,-0.12014630225818118,-0.09727843546254619,-4.649069914536916e-05,0.2977704162913655,0.24338783127904468,-4.649069867829349e-05,-0.13926633027652346,-0.08432839404080072,4.6490699091788484e-05,-0.5185564125279405,-0.38191310659985095,-4.6490699145386506e-05,0.07421902161863167,0.0594216088382991,4.649069914507904e-05,2.4749432825769632e-17,2.191467791426333e-17
335.82,"[0.06062, 0.0456, 0.3701651327395751]",0.0456,0.3701651327395751,4.649069902121377e-05,-0.12180059477483006,-0.09859584941843075,-4.649069902240985e-05,0.3017573915708017,0.246522975832886,-4.649069854204719e-05,-0.14392260407781074,-0.08752312894775233,4.649069896433897e-05,-0.5292410194613122,-0.38981997199258844,-4.649069902248759e-05,0.07531490970625895,0.060275188234526975,4.6490699021136524e-05,2.4868579175089493e-17,-5.095811708681121e-17
335.84,"[0.06062, 0.0456, 0.3701651327395751]",0.0456,0.3701651327395751,4.649069894571511e-05,-0.12180059477483006,-0.09859584941843075,-4.649069894596083e-05,0.3017573915708017,0.246522975832886,-4.6490698460584356e-05,-0.14392260407781074,-0.08752312894775233,4.6490698892291815e-05,-0.5292410194613122,-0.38981997199258844,-4.649069894597636e-05,0.07531490970625895,0.060275188234526975,4.6490698945698726e-05,2.4868579175089493e-17,-5.095811708681121e-17
335.86,"[0.06062, 0.0456, 0.3689086902229695]",0.0456,0.3689086902229695,4.64906987955085e-05,-0.12342936707262087,-0.09987366494314429,-4.649069879336949e-05,0.30567933569353484,0.24956398334272675,-4.6490698306633265e-05,-0.14857058784267807,-0.09062287940456332,4.649069875953501e-05,-0.5398330160100152,-0.39749040179582146,-4.649069879323017e-05,0.07639582225911655,0.06110315072151191,4.6490698795646636e-05,2.555782579043903e-17,5.577691281725072e-17
335.88,"[0.06062, 0.0456, 0.3689086902229695]",0.0456,0.3689086902229695,4.649069874309485e-05,-0.12342936707262087,-0.10118632314983125,-4.649069874335728e-05,0.30567933569353484,0.2526903363004847,-4.649069823931451e-05,-0.14857058784267807,-0.09384342682456986,4.6490698689359085e-05,-0.5398330160100152,-0.40541241292815633,-4.649069874337365e-05,0.07639582225911655,0.061955021726937676,4.64906987430773e-05,2.555782579043903e-17,2.9279218973474046e-16
335.9,"[0.06062, 0.0456, 0.3689086902229695]",0.0456,0.3689086902229695,4.649069866241719e-05,-0.12342936707262087,-0.10118632314983125,-4.649069866275461e-05,0.30567933569353484,0.2526903363004847,-4.649069814721405e-05,-0.14857058784267807,-0.09384342682456986,4.64906986038083e-05,-0.5398330160100152,-0.40541241292815633,-4.649069866277586e-05,0.07639582225911655,0.061955021726937676,4.649069866239495e-05,2.555782579043903e-17,2.9279218973474046e-16
335.92,"[0.06062, 0.0456, 0.3676534628604561]",0.0456,0.3676534628604561,4.649069856007569e-05,-0.1250316982046873,-0.10243305591865212,-4.6490698558238426e-05,0.3095332176908063,0.2556598635552404,-4.649069804365831e-05,-0.15320625111518651,-0.09690455111970665,4.649069851637276e-05,-0.5503245950896865,-0.41293928320623335,-4.649069855811911e-05,0.07746105530293487,0.06276419631977984,4.649069856019515e-05,2.5380503471650036e-17,4.46080451757964e-16
335.94,"[0.06062, 0.0456, 0.3676534628604561]",0.0456,0.3676534628604561,4.649069842552561e-05,-0.1250316982046873,-0.10366779941984597,-4.649069842676029e-05,0.3095332176908063,0.258602914505849,-4.649069788396411e-05,-0.15320625111518651,-0.09997384902524437,4.649069835892924e-05,-0.5503245950896865,-0.42043764599335554,-4.649069842683981e-05,0.07746105530293487,0.06356694795437552,4.649069842544497e-05,2.5380503471650036e-17,3.1444699807472457e-16
335.96,"[0.06062, 0.0456, 0.36640068940989606]",0.0456,0.36640068940989606,4.649069832011514e-05,-0.12660672938582102,-0.10366779941984597,-4.6490698318321066e-05,0.3133162128854514,0.258602914505849,-4.649069778312726e-05,-0.15782558745576347,-0.09997384902524437,4.6490698277723096e-05,-0.5607081887096237,-0.42043764599335554,-4.649069831820408e-05,0.07850994363775195,0.06356694795437552,4.649069832023113e-05,2.561766731829915e-17,3.1444699807472457e-16
335.98,"[0.06062, 0.0456, 0.36640068940989606]",0.0456,0.36640068940989606,4.6490698188919626e-05,-0.12660672938582102,-0.10494024932384204,-4.64906981900508e-05,0.3133162128854514,0.26163735814604355,-4.6490697627023936e-05,-0.15782558745576347,-0.10317320509249542,4.6490698123778564e-05,-0.5607081887096237,-0.42820723978560954,-4.64906981901238e-05,0.07850994363775195,0.06439550022098581,4.649069818884577e-05,2.561766731829915e-17,3.505777479131792e-16
336.0,"[0.06062, 0.0456, 0.36640068940989606]",0.0456,0.36640068940989606,4.6490698096915057e-05,-0.12660672938582102,-0.10494024932384204,-4.649069809736071e-05,0.3133162128854514,0.26163735814604355,-4.6490697527340985e-05,-0.15782558745576347,-0.10317320509249542,4.649069803432056e-05,-0.5607081887096237,-0.42820723978560954,-4.6490698097389246e-05,0.07850994363775195,0.06439550022098581,4.6490698096885505e-05,2.561766731829915e-17,3.505777479131792e-16
336.02,"[0.06062, 0.0456, 0.3651516062074361]",0.0456,0.3651516062074361,4.649069794996267e-05,-0.12815366144505894,-0.10620236779216456,-4.6490697951262314e-05,0.3170257012157519,0.26464841684518164,-4.6490697365806896e-05,-0.1624246142174428,-0.10638601170803402,4.64906978835291e-05,-0.5709764607616135,-0.43595949546367657,-4.649069795134583e-05,0.07954185966229882,0.06521870016890162,4.649069794987767e-05,2.5766062099780298e-17,1.9708286824163823e-16
336.04,"[0.06062, 0.0456, 0.3651516062074361]",0.0456,0.3651516062074361,4.649069786086896e-05,-0.12815366144505894,-0.10742351964070959,-4.649069786126544e-05,0.3170257012157519,0.2675618043103663,-4.649069727100977e-05,-0.1624246142174428,-0.10949591704588175,4.649069779955132e-05,-0.5709764607616135,-0.4434617323910502,-4.6490697861290894e-05,0.07954185966229882,0.06601522941327687,4.649069786084277e-05,2.5766062099780298e-17,2.3273008500046215e-16
336.06,"[0.06062, 0.0456, 0.36390744594739327]",0.0456,0.36390744594739327,4.649069775804601e-05,-0.1296717523937169,-0.10742351964070959,-4.649069775625436e-05,0.3206592653145338,0.2675618043103663,-4.649069717019533e-05,-0.16699937238762824,-0.10949591704588175,4.6490697715700716e-05,-0.5811223001660565,-0.4434617323910502,-4.6490697756137696e-05,0.08055621224439732,0.06601522941327687,4.649069775816181e-05,2.6050082850903712e-17,2.3273008500046215e-16
336.08,"[0.06062, 0.0456, 0.36390744594739327]",0.0456,0.36390744594739327,4.6490697621422134e-05,-0.1296717523937169,-0.10866371952933707,-4.649069762254004e-05,0.3206592653145338,0.2705213094878036,-4.649069700603961e-05,-0.16699937238762824,-0.11269154616735791,4.649069755350875e-05,-0.5811223001660565,-0.4511240349070779,-4.649069762261197e-05,0.08055621224439732,0.06682545379614999,4.6490697621349066e-05,2.6050082850903712e-17,2.7240715934352844e-16
336.1,"[0.06062, 0.0456, 0.36390744594739327]",0.0456,0.36390744594739327,4.649069752618895e-05,-0.1296717523937169,-0.10866371952933707,-4.649069752666087e-05,0.3206592653145338,0.2705213094878036,-4.6490696903330404e-05,-0.16699937238762824,-0.11269154616735791,4.649069746129665e-05,-0.5811223001660565,-0.4511240349070779,-4.649069752669118e-05,0.08055621224439732,0.06682545379614999,4.649069752615744e-05,2.6050082850903712e-17,2.7240715934352844e-16
336.12,"[0.06062, 0.0456, 0.362669436465735]",0.0456,0.362669436465735,4.649069737296523e-05,-0.1311603151035308,-0.10981543802368898,-4.6490697374241007e-05,0.32421468833439465,0.27326981002258643,-4.6490696734937984e-05,-0.17154592651749315,-0.11566319574507823,4.649069730418206e-05,-0.5911388143818069,-0.4582443316090988,-4.649069737432319e-05,0.08155244563467373,0.06757801364913445,4.649069737288148e-05,2.670372209839889e-17,8.703792118808407e-17
336.14,"[0.06062, 0.0456, 0.362669436465735]",0.0456,0.362669436465735,4.649069727711302e-05,-0.1311603151035308,-0.10981543802368898,-4.649069727756786e-05,0.32421468833439465,0.27326981002258643,-4.649069663358827e-05,-0.17154592651749315,-0.11566319574507823,4.649069721418408e-05,-0.5911388143818069,-0.4582443316090988,-4.649069727759645e-05,0.08155244563467373,0.06757801364913445,4.6490697277082865e-05,2.670372209839889e-17,8.703792118808407e-17
336.16,"[0.06062, 0.0456, 0.361438799528353]",0.0456,0.361438799528353,4.6490697129961977e-05,-0.1326187150884903,-0.11100248443182689,-4.64906971311323e-05,0.3276899515079283,0.2761028001786453,-4.649069647246547e-05,-0.1760603647600237,-0.11876209724329881,4.6490697064112185e-05,-0.6010193232812654,-0.4656246645098956,-4.6490697131207874e-05,0.08253003842021445,0.06835486456680234,4.649069712988611e-05,2.6707504545931157e-17,6.02775582516228e-17
336.181,"[0.06062, 0.0456, 0.361438799528353]",0.0456,0.361438799528353,4.64906969737933e-05,-0.1326187150884903,-0.11218761680182565,-4.6490696974760374e-05,0.3276899515079283,0.2789310317238901,-4.649069630278565e-05,-0.1760603647600237,-0.12189495524247358,4.6490696909027005e-05,-0.6010193232812654,-0.47303791276387086,-4.64906969748233e-05,0.08253003842021445,0.0691317440649767,4.64906969737306e-05,2.6707504545931157e-17,-2.9010159850828484e-17
336.2,"[0.06062, 0.0456, 0.361438799528353]",0.0456,0.361438799528353,4.649069690230876e-05,-0.1326187150884903,-0.11218761680182565,-4.6490696903405234e-05,0.3276899515079283,0.2789310317238901,-4.649069622608774e-05,-0.1760603647600237,-0.12189495524247358,4.6490696838541606e-05,-0.6010193232812654,-0.47303791276387086,-4.649069690347615e-05,0.08253003842021445,0.0691317440649767,4.649069690223763e-05,2.6707504545931157e-17,-2.9010159850828484e-17
336.22,"[0.06062, 0.0456, 0.36021674962532785]",0.0456,0.36021674962532785,4.649069682306468e-05,-0.13404636838310421,-0.11218761680182565,-4.649069682336037e-05,0.3310832314302756,0.2789310317238901,-4.64906961427816e-05,-0.18053879903662437,-0.12189495524247358,4.649069676508263e-05,-0.610757353388139,-0.47303791276387086,-4.649069682337965e-05,0.08348850251423824,0.0691317440649767,4.649069682304509e-05,2.6698584262521917e-17,-2.9010159850828484e-17
336.24,"[0.06062, 0.0456, 0.36021674962532785]",0.0456,0.36021674962532785,4.649069668421725e-05,-0.13404636838310421,-0.113355943906031,-4.649069668526439e-05,0.3310832314302756,0.2817185157804089,-4.649069598964313e-05,-0.18053879903662437,-0.12502299590251584,4.649069662186369e-05,-0.610757353388139,-0.4803914882500305,-4.649069668533261e-05,0.08348850251423824,0.06989888530908,4.649069668414909e-05,2.6698584262521917e-17,-3.0442587041822896e-16
336.26,"[0.06062, 0.0456, 0.35900449277237395]",0.0456,0.35900449277237395,4.649069660920757e-05,-0.13544273950919108,-0.11456809207645496,-4.649069660948012e-05,0.33439289705025804,0.2846094495640096,-4.649069591097093e-05,-0.1849773653510845,-0.12830338345293252,4.649069655261274e-05,-0.6203466324717792,-0.48806092186433453,-4.649069660949754e-05,0.08442738217742676,0.0706959005994458,4.649069660918976e-05,2.6449796239793098e-17,-2.8881428628415834e-16
336.28,"[0.06062, 0.0456, 0.35900449277237395]",0.0456,0.35900449277237395,4.649069646611996e-05,-0.13544273950919108,-0.11456809207645496,-4.6490696466416335e-05,0.33439289705025804,0.2846094495640096,-4.649069575310342e-05,-0.1849773653510845,-0.12830338345293252,4.649069640708601e-05,-0.6203466324717792,-0.48806092186433453,-4.649069646643543e-05,0.08442738217742676,0.0706959005994458,4.649069646610022e-05,2.6449796239793098e-17,-2.8881428628415834e-16
336.3,"[0.06062, 0.0456, 0.35900449277237395]",0.0456,0.35900449277237395,4.6490696394774546e-05,-0.13544273950919108,-0.11570228478090382,-4.64906963957092e-05,0.33439289705025804,0.2873144175305973,-4.649069567169476e-05,-0.1849773653510845,-0.1313768230616052,4.6490696329513415e-05,-0.6203466324717792,-0.495241738253238,-4.6490696395769817e-05,0.08442738217742676,0.07144178918545697,4.6490696394713736e-05,2.6449796239793098e-17,-4.3401229157908527e-16
336.32,"[0.06062, 0.0456, 0.3578032253206476]",0.0456,0.3578032253206476,4.649069629902923e-05,-0.13680733952281426,-0.11570228478090382,-4.649069629745341e-05,0.3376175063556968,0.2873144175305973,-4.649069558734877e-05,-0.1893722242685412,-0.1313768230616052,4.649069626446175e-05,-0.6297810844890174,-0.495241738253238,-4.649069629735054e-05,0.08534625306622132,0.07144178918545697,4.649069629913099e-05,2.720119581309421e-17,-4.3401229157908527e-16
336.34,"[0.06062, 0.0456, 0.3578032253206476]",0.0456,0.3578032253206476,4.649069617171003e-05,-0.13680733952281426,-0.11684271906654231,-4.649069617260757e-05,0.3376175063556968,0.29003275838756226,-4.64906954298794e-05,-0.1893722242685412,-0.13450396188660957,4.6490696107780105e-05,-0.6297810844890174,-0.5025040361697091,-4.649069617266496e-05,0.08534625306622132,0.0721929183454241,4.649069617165094e-05,2.720119581309421e-17,-6.223658294546049e-16
336.36,"[0.06062, 0.0456, 0.356614132776093]",0.0456,0.356614132776093,4.649069608146219e-05,-0.1381397241326804,-0.11684271906654231,-4.649069607984457e-05,0.34075580273834205,0.29003275838756226,-4.649069535278277e-05,-0.19371956157588252,-0.13450396188660957,4.649069604986057e-05,-0.6390548248619868,-0.5025040361697091,-4.649069607973934e-05,0.08624472130316832,0.0721929183454241,4.6490696081566435e-05,2.7021040356803754e-17,-6.223658294546049e-16
336.38,"[0.06062, 0.0456, 0.356614132776093]",0.0456,0.356614132776093,4.649069595800637e-05,-0.1381397241326804,-0.11799027825404755,-4.649069595885436e-05,0.34075580273834205,0.29276614721875455,-4.649069519824089e-05,-0.19371956157588252,-0.13768759765429622,4.649069589540003e-05,-0.6390548248619868,-0.5098537567836756,-4.649069595890892e-05,0.08624472130316832,0.07294985796977359,4.6490695957950866e-05,2.7021040356803754e-17,-7.97035183369143e-16
336.4,"[0.06062, 0.0456, 0.356614132776093]",0.0456,0.356614132776093,4.64906958722778e-05,-0.1381397241326804,-0.11799027825404755,-4.6490695870632734e-05,0.34075580273834205,0.29276614721875455,-4.649069512696335e-05,-0.19371956157588252,-0.13768759765429622,4.649069584312479e-05,-0.6390548248619868,-0.5098537567836756,-4.6490695870525296e-05,0.08624472130316832,0.07294985796977359,4.6490695872383435e-05,2.7021040356803754e-17,-7.97035183369143e-16
336.42,"[0.06062, 0.0456, 0.3554383886294906]",0.0456,0.3554383886294906,4.649069575128172e-05,-0.13943949188115567,-0.11914405531515694,-4.649069575209602e-05,0.3438067110240591,0.29551200866046945,-4.64906949737715e-05,-0.19801558913876138,-0.14092539559872985,4.6490695689414846e-05,-0.6481621560783762,-0.5172851870505464,-4.649069575214794e-05,0.08712242256426364,0.07371199210339047,4.649069575122767e-05,2.7010661191665685e-17,-9.517701130910797e-16
336.44,"[0.06062, 0.0456, 0.3554383886294906]",0.0456,0.3554383886294906,4.649069566871453e-05,-0.13943949188115567,-0.11914405531515694,-4.6490695667057994e-05,0.3438067110240591,0.29551200866046945,-4.64906949068633e-05,-0.19801558913876138,-0.14092539559872985,4.649069564146238e-05,-0.6481621560783762,-0.5172851870505464,-4.649069566694993e-05,0.08712242256426364,0.07371199210339047,4.649069566882144e-05,2.7010661191665685e-17,-9.517701130910797e-16
336.46,"[0.06062, 0.0456, 0.3542771531983639]",0.0456,0.3542771531983639,4.649069554898422e-05,-0.14070628237903937,-0.12026293369763287,-4.649069554977575e-05,0.3467693331545821,0.2981747620199964,-4.649069475377502e-05,-0.20225654596906126,-0.14406635671978252,4.6490695487381956e-05,-0.6570975635989487,-0.5244930866999964,-4.6490695549826764e-05,0.08797902117819247,0.07445110715343949,4.649069554893269e-05,2.7673046610669213e-17,-8.6903707514951e-16
336.48,"[0.06062, 0.0456, 0.3542771531983639]",0.0456,0.3542771531983639,4.649069546517033e-05,-0.14070628237903937,-0.12026293369763287,-4.649069546359377e-05,0.3467693331545821,0.2981747620199964,-4.649069468504169e-05,-0.20225654596906126,-0.14406635671978252,4.6490695437376804e-05,-0.6570975635989487,-0.5244930866999964,-4.649069546349113e-05,0.08797902117819247,0.07445110715343949,4.649069546527209e-05,2.7673046610669213e-17,-8.6903707514951e-16
336.5,"[0.06062, 0.0456, 0.3542771531983639]",0.0456,0.3542771531983639,4.649069534557282e-05,-0.14070628237903937,-0.1213783283852572,-4.649069534634673e-05,0.3467693331545821,0.30082650318633214,-4.64906945328059e-05,-0.20225654596906126,-0.14723431961450745,4.649069528446772e-05,-0.6570975635989487,-0.5317201744783967,-4.649069534639649e-05,0.08797902117819247,0.07518898759145369,4.649069534552209e-05,2.7673046610669213e-17,-8.7959002192609645e-16
336.52,"[0.06062, 0.0456, 0.35313157248188565]",0.0456,0.35313157248188565,4.649069527528607e-05,-0.1419397745853357,-0.1213783283852572,-4.649069527556668e-05,0.34964294350821257,0.30082650318633214,-4.649069445793864e-05,-0.20643869951523555,-0.14723431961450745,4.6490695217628695e-05,-0.6658557120558987,-0.5317201744783967,-4.649069527558449e-05,0.0888142092324065,0.07518898759145369,4.649069527526749e-05,2.7752551778517677e-17,-8.7959002192609645e-16
336.54,"[0.06062, 0.0456, 0.35313157248188565]",0.0456,0.35313157248188565,4.649069513120193e-05,-0.1419397745853357,-0.1224902493743441,-4.649069513214635e-05,0.34964294350821257,0.3034668927013992,-4.6490694297843214e-05,-0.20643869951523555,-0.15042881571970637,4.649069506752417e-05,-0.6658557120558987,-0.5389658421842247,-4.649069513220691e-05,0.0888142092324065,0.07592560236488236,4.649069513114037e-05,2.7752551778517677e-17,-1.027718386038938e-15
336.56,"[0.06062, 0.0456, 0.35200277702991545]",0.0456,0.35200277702991545,4.649069506244657e-05,-0.14313968512348638,-0.1224902493743441,-4.649069506271295e-05,0.3524269838483081,0.3034668927013992,-4.649069422703143e-05,-0.210558347186427,-0.15042881571970637,4.6490695005630856e-05,-0.6744314417246768,-0.5389658421842247,-4.649069506272976e-05,0.08962770568109571,0.07592560236488236,4.64906950624288e-05,2.8366091528808534e-17,-1.027718386038938e-15
336.58,"[0.06062, 0.0456, 0.35200277702991545]",0.0456,0.35200277702991545,4.649069492011294e-05,-0.14313968512348638,-0.12360366180331199,-4.6490694921015165e-05,0.3524269838483081,0.3061073887378827,-4.649069406881083e-05,-0.210558347186427,-0.15366364370812655,4.6490694857269166e-05,-0.6744314417246768,-0.5462618148150389,-4.6490694921073096e-05,0.08962770568109571,0.07666420568005018,4.649069492005378e-05,2.8366091528808534e-17,-1.1862332707353368e-15
336.6,"[0.06062, 0.0456, 0.35200277702991545]",0.0456,0.35200277702991545,4.649069485549488e-05,-0.14313968512348638,-0.12360366180331199,-4.649069485573098e-05,0.3524269838483081,0.3061073887378827,-4.649069400259707e-05,-0.210558347186427,-0.15366364370812655,4.649069479961827e-05,-0.6744314417246768,-0.5462618148150389,-4.649069485574598e-05,0.08962770568109571,0.07666420568005018,4.649069485547926e-05,2.8366091528808534e-17,-1.1862332707353368e-15
336.62,"[0.06062, 0.0456, 0.35089188082728323]",0.0456,0.35089188082728323,4.64906947143054e-05,-0.14430576662585914,-0.12471808406601692,-4.6490694715174795e-05,0.35512105789025183,0.3087465154448455,-4.649069384529164e-05,-0.2146118181196564,-0.1569371631027551,4.649069465195915e-05,-0.6828197652512549,-0.5536045645084862,-4.649069471523138e-05,0.09041925545029954,0.07740445020633543,4.6490694714249246e-05,2.850049226764124e-17,-1.3367066268243834e-15
336.64,"[0.06062, 0.0456, 0.35089188082728323]",0.0456,0.35089188082728323,4.64906946528852e-05,-0.14430576662585914,-0.12471808406601692,-4.6490694653101585e-05,0.35512105789025183,0.3087465154448455,-4.649069378263502e-05,-0.2146118181196564,-0.1569371631027551,4.6490694597586246e-05,-0.6828197652512549,-0.5536045645084862,-4.649069465311546e-05,0.09041925545029954,0.07740445020633543,4.649069465287111e-05,2.850049226764124e-17,-1.3367066268243834e-15
336.66,"[0.06062, 0.0456, 0.34979998019442093]",0.0456,0.34979998019442093,4.649069451200211e-05,-0.14543780609871249,-0.1257757594729239,-4.649069451284701e-05,0.35772492547981666,0.31125103373005636,-4.649069362536028e-05,-0.2185954751976398,-0.16004649069509785,4.649069444982947e-05,-0.6910158646164223,-0.5605762339928204,-4.6490694512901064e-05,0.09118862853567777,0.07810707133218127,4.6490694511946905e-05,2.851180084023248e-17,-1.4761900300948499e-15
336.68,"[0.06062, 0.0456, 0.34979998019442093]",0.0456,0.34979998019442093,4.649069444756899e-05,-0.14543780609871249,-0.1257757594729239,-4.6490694447799006e-05,0.35772492547981666,0.31125103373005636,-4.6490693559578425e-05,-0.2185954751976398,-0.16004649069509785,4.649069439250984e-05,-0.6910158646164223,-0.5605762339928204,-4.649069444781359e-05,0.09118862853567777,0.07810707133218127,4.6490694447553536e-05,2.851180084023248e-17,-1.4761900300948499e-15
336.7,"[0.06062, 0.0456, 0.34979998019442093]",0.0456,0.34979998019442093,4.649069430818507e-05,-0.14543780609871249,-0.12683494574697043,-4.649069430899989e-05,0.35772492547981666,0.3137551527293272,-4.649069340443985e-05,-0.2185954751976398,-0.16319463351208668,4.6490694246959946e-05,-0.6910158646164223,-0.5675963661879053,-4.649069430905297e-05,0.09118862853567777,0.0788116084309345,4.6490694308131906e-05,2.851180084023248e-17,-1.637354402162999e-15
336.72,"[0.06062, 0.0456, 0.3487281527054264]",0.0456,0.3487281527054264,4.649069424807989e-05,-0.1465356233003909,-0.12683494574697043,-4.6490694248288066e-05,0.36023849637840283,0.3137551527293272,-4.649069334346072e-05,-0.2225057173229631,-0.16319463351208668,4.6490694194083575e-05,-0.6990150883185782,-0.5675963661879053,-4.649069424830125e-05,0.09193561908878563,0.0788116084309345,4.6490694248066076e-05,2.870669537807754e-17,-1.637354402162999e-15
336.74,"[0.06062, 0.0456, 0.3487281527054264]",0.0456,0.3487281527054264,4.6490694110074265e-05,-0.1465356233003909,-0.12789483769201263,-4.6490694110863286e-05,0.36023849637840283,0.31625664401670905,-4.6490693189459586e-05,-0.2225057173229631,-0.1663792302116965,4.649069404943626e-05,-0.6990150883185782,-0.5746595679042108,-4.649069411091433e-05,0.09193561908878563,0.07951750734614307,4.649069411002305e-05,2.870669537807754e-17,-1.7859624444616926e-15
336.76,"[0.06062, 0.0456, 0.34767745612462797]",0.0456,0.34767745612462797,4.649069405322139e-05,-0.1475990691261053,-0.12789483769201263,-4.649069405341512e-05,0.3626618236535103,0.31625664401670905,-4.6490693132055316e-05,-0.22633898195236007,-0.1663792302116965,4.64906939998475e-05,-0.7068129487565202,-0.5746595679042108,-4.649069405342702e-05,0.0926600444881033,0.07951750734614307,4.649069405320794e-05,2.875737716983879e-17,-1.7859624444616926e-15
336.78,"[0.06062, 0.0456, 0.34767745612462797]",0.0456,0.34767745612462797,4.649069391562214e-05,-0.1475990691261053,-0.128954129913902,-4.649069391639107e-05,0.3626618236535103,0.31875215344331775,-4.64906929781801e-05,-0.22633898195236007,-0.16959607290402715,4.649069385518955e-05,-0.7068129487565202,-0.5817567310565244,-4.649069391643999e-05,0.0926600444881033,0.08022387239839597,4.6490693915571255e-05,2.875737716983879e-17,-1.9205458630632904e-15
336.8,"[0.06062, 0.0456, 0.34767745612462797]",0.0456,0.34767745612462797,4.64906938610993e-05,-0.1475990691261053,-0.128954129913902,-4.649069386128414e-05,0.3626618236535103,0.31875215344331775,-4.6490692923393676e-05,-0.22633898195236007,-0.16959607290402715,4.649069380802191e-05,-0.7068129487565202,-0.5817567310565244,-4.649069386129585e-05,0.0926600444881033,0.08022387239839597,4.6490693861087e-05,2.875737716983879e-17,-1.9205458630632904e-15
336.82,"[0.06062, 0.0456, 0.3466489273626987]",0.0456,0.3466489273626987,4.649069372324028e-05,-0.14862802399335734,-0.13001137730045967,-4.6490693723992595e-05,0.3649950966760025,0.32123803963736003,-4.649069276897363e-05,-0.2300917478927897,-0.17284033642899457,4.6490693662757656e-05,-0.7144051197940574,-0.5888776000330742,-4.6490693724041086e-05,0.09336174439152158,0.0809297106438953,4.649069372319092e-05,2.8887365625508796e-17,-2.043541731131999e-15
336.84,"[0.06062, 0.0456, 0.3466489273626987]",0.0456,0.3466489273626987,4.6490693656887453e-05,-0.14862802399335734,-0.13001137730045967,-4.6490693655498516e-05,0.3649950966760025,0.32123803963736003,-4.6490692728117575e-05,-0.2300917478927897,-0.17284033642899457,4.6490693641283155e-05,-0.7144051197940574,-0.5888776000330742,-4.6490693655408554e-05,0.09336174439152158,0.0809297106438953,4.649069365697742e-05,2.8887365625508796e-17,-2.043541731131999e-15
336.86,"[0.06062, 0.0456, 0.3456435814533509]",0.0456,0.3456435814533509,4.6490693548854635e-05,-0.1496223962228197,-0.1310226317062786,-4.649069354943054e-05,0.3672386337291651,0.32361549190044303,-4.64906925815604e-05,-0.23376053835879274,-0.17594573124394053,4.6490693491526503e-05,-0.7217874344886936,-0.5956912215646033,-4.6490693549467724e-05,0.09404057976750596,0.08160490141960103,4.649069354881719e-05,2.921016898904073e-17,-2.0056583717137576e-15
336.88,"[0.06062, 0.0456, 0.3456435814533509]",0.0456,0.3456435814533509,4.649069349333482e-05,-0.1496223962228197,-0.1310226317062786,-4.649069349353209e-05,0.3672386337291651,0.32361549190044303,-4.6490692523097784e-05,-0.23376053835879274,-0.17594573124394053,4.6490693439583434e-05,-0.7217874344886936,-0.5956912215646033,-4.649069349354489e-05,0.09404057976750596,0.08160490141960103,4.6490693493321956e-05,2.921016898904073e-17,-2.0056583717137576e-15
336.9,"[0.06062, 0.0456, 0.3456435814533509]",0.0456,0.3456435814533509,4.649069341685948e-05,-0.1496223962228197,-0.1320477723638194,-4.649069341564141e-05,0.3672386337291651,0.3260208042602857,-4.649069246117038e-05,-0.23376053835879274,-0.17912511798137684,4.649069339358005e-05,-0.7217874344886936,-0.6026331840212718,-4.649069341556239e-05,0.09404057976750596,0.08229012469826137,4.649069341693827e-05,2.921016898904073e-17,-1.8675355380886724e-15
336.92,"[0.06062, 0.0456, 0.34466241055162017]",0.0456,0.34466241055162017,4.6490693288786125e-05,-0.15058212041032218,-0.1330526863900394,-4.649069328947285e-05,0.3693928742382569,0.328373373141782,-4.6490692292527914e-05,-0.23734192428833611,-0.1822749335962679,4.649069322338208e-05,-0.7289558829673075,-0.6094748970771181,-4.649069328951703e-05,0.09469643190272306,0.0829626190143786,4.649069328874094e-05,2.936676237095433e-17,-1.9931218820109997e-15
336.94,"[0.06062, 0.0456, 0.34466241055162017]",0.0456,0.34466241055162017,4.6490693204984934e-05,-0.15058212041032218,-0.1330526863900394,-4.649069320385128e-05,0.3693928742382569,0.328373373141782,-4.649069223136522e-05,-0.23734192428833611,-0.1822749335962679,4.649069318207165e-05,-0.7289558829673075,-0.6094748970771181,-4.649069320377688e-05,0.09469643190272306,0.0829626190143786,4.649069320505755e-05,2.936676237095433e-17,-1.9931218820109997e-15
336.96,"[0.06062, 0.0456, 0.34370638295472833]",0.0456,0.34370638295472833,4.649069307929319e-05,-0.15150715578647656,-0.13404972995609798,-4.6490693079943945e-05,0.37145837063313014,0.33070217454351486,-4.649069206587851e-05,-0.24083252791193693,-0.1854319286055229,4.649069301518423e-05,-0.7359066104325024,-0.6162982127699013,-4.649069307998569e-05,0.09532920138451861,0.08363058916140922,4.6490693079250245e-05,2.909614533656753e-17,-2.1568983241561515e-15
336.98,"[0.06062, 0.0456, 0.34370638295472833]",0.0456,0.34370638295472833,4.649069299969154e-05,-0.15150715578647656,-0.13404972995609798,-4.649069299856295e-05,0.37145837063313014,0.33070217454351486,-4.6490692009970096e-05,-0.24083252791193693,-0.1854319286055229,4.6490692978901195e-05,-0.7359066104325024,-0.6162982127699013,-4.649069299848938e-05,0.09532920138451861,0.08363058916140922,4.649069299976431e-05,2.909614533656753e-17,-2.1568983241561515e-15
337.0,"[0.06062, 0.0456, 0.34370638295472833]",0.0456,0.34370638295472833,4.649069287712794e-05,-0.15150715578647656,-0.13404972995609798,-4.649069287774388e-05,0.37145837063313014,0.33070217454351486,-4.6490691847075096e-05,-0.24083252791193693,-0.1854319286055229,4.649069281414353e-05,-0.7359066104325024,-0.6162982127699013,-4.649069287778364e-05,0.09532920138451861,0.08363058916140922,4.6490692877087984e-05,2.909614533656753e-17,-2.1568983241561515e-15
337.02,"[0.06062, 0.0456, 0.34277644214649095]",0.0456,0.34277644214649095,4.649069279667497e-05,-0.152397484561405,-0.13499477403950244,-4.6490692795634334e-05,0.37343577986053283,0.33290916894939726,-4.649069178894903e-05,-0.24422902656739887,-0.18842653469054282,4.64906927750833e-05,-0.7426359152842547,-0.6227681725604848,-4.649069279556587e-05,0.0959388070572901,0.0842637766440618,4.6490692796741535e-05,2.952124974080837e-17,-2.3228054866200272e-15
337.04,"[0.06062, 0.0456, 0.34277644214649095]",0.0456,0.34277644214649095,4.649069267598695e-05,-0.152397484561405,-0.13593433736985494,-4.6490692676574096e-05,0.37343577986053283,0.33509805185196784,-4.649069162973597e-05,-0.24422902656739887,-0.1914339714524556,4.649069261450282e-05,-0.7426359152842547,-0.6292338970199549,-4.649069267661143e-05,0.0959388070572901,0.0848939804933815,4.649069267594803e-05,2.952124974080837e-17,-2.5121232909280547e-15
337.06,"[0.06062, 0.0456, 0.3418735058662126]",0.0456,0.3418735058662126,4.649069260033703e-05,-0.1532531102530151,-0.13593433736985494,-4.649069259930063e-05,0.3753258545668582,0.33509805185196784,-4.6490691577573614e-05,-0.24752815674995077,-0.1914339714524556,4.649069258116347e-05,-0.74914024734255,-0.6292338970199549,-4.6490692599232344e-05,0.09652518495246824,0.0848939804933815,4.649069260040311e-05,2.9716449896237776e-17,-2.5121232909280547e-15
337.08,"[0.06062, 0.0456, 0.3418735058662126]",0.0456,0.3418735058662126,4.649069248328442e-05,-0.1532531102530151,-0.13688776298927316,-4.6490692483841743e-05,0.3753258545668582,0.33731393255745484,-4.649069142143098e-05,-0.24752815674995077,-0.1945146034890604,4.649069242312302e-05,-0.74914024734255,-0.6358267182759032,-4.649069248387738e-05,0.09652518495246824,0.08553412492262907,4.649069248324745e-05,2.9716449896237776e-17,-2.4475396133620988e-15
337.1,"[0.06062, 0.0456, 0.3418735058662126]",0.0456,0.3418735058662126,4.64906924269651e-05,-0.1532531102530151,-0.13688776298927316,-4.649069242717986e-05,0.3753258545668582,0.33731393255745484,-4.6490691363191343e-05,-0.24752815674995077,-0.1945146034890604,4.649069237164789e-05,-0.74914024734255,-0.6358267182759032,-4.6490692427193515e-05,0.09652518495246824,0.08553412492262907,4.649069242695046e-05,2.9716449896237776e-17,-2.4475396133620988e-15
337.12,"[0.06062, 0.0456, 0.3409984652029891]",0.0456,0.3409984652029891,4.6490692280941865e-05,-0.15407405599825572,-0.13781939672192844,-4.6490692281607674e-05,0.377129433976301,0.33947342368318195,-4.649069119974729e-05,-0.25072671838498,-0.19755516073996038,4.649069221803025e-05,-0.7554162061578337,-0.6423021646028308,-4.649069228165079e-05,0.09708828719252624,0.08616030329582629,4.649069228089817e-05,2.991650141730132e-17,-2.6042940898521564e-15
337.14,"[0.06062, 0.0456, 0.3409984652029891]",0.0456,0.3409984652029891,4.649069222484774e-05,-0.15407405599825572,-0.1387211151851354,-4.649069222505722e-05,0.377129433976301,0.3415633832025208,-4.649069114466094e-05,-0.25072671838498,-0.20049913655461493,4.649069217074627e-05,-0.7554162061578337,-0.6485708396853515,-4.6490692225069966e-05,0.09708828719252624,0.08676639846803928,4.649069222483325e-05,2.991650141730132e-17,-2.5261434063657015e-15
337.16,"[0.06062, 0.0456, 0.3401521837163101]",0.0456,0.3401521837163101,4.649069214617101e-05,-0.15486036284781166,-0.1387211151851354,-4.6490692145265185e-05,0.3788474344936015,0.3415633832025208,-4.64906910813926e-05,-0.25382157930796323,-0.20049913655461493,4.6490692123273235e-05,-0.7614605393973988,-0.6485708396853515,-4.649069214520545e-05,0.09762808087014781,0.08676639846803928,4.649069214622865e-05,2.970105370509359e-17,-2.5261434063657015e-15
337.18,"[0.06062, 0.0456, 0.3401521837163101]",0.0456,0.3401521837163101,4.649069201751705e-05,-0.15486036284781166,-0.1387211151851354,-4.6490692018100555e-05,0.3788474344936015,0.3415633832025208,-4.649069091191329e-05,-0.25382157930796323,-0.20049913655461493,4.6490691952737544e-05,-0.7614605393973988,-0.6485708396853515,-4.649069201813824e-05,0.09762808087014781,0.08676639846803928,4.6490692017478494e-05,2.970105370509359e-17,-2.5261434063657015e-15
337.2,"[0.06062, 0.0456, 0.3401521837163101]",0.0456,0.3401521837163101,4.649069187026925e-05,-0.15486036284781166,-0.1395810054214335,-4.6490691870891975e-05,0.3788474344936015,0.3435506271837667,-4.649069075618965e-05,-0.25382157930796323,-0.2033359941501952,4.649069181037514e-05,-0.7614605393973988,-0.6545809989652971,-4.649069187093161e-05,0.09762808087014781,0.08734501153818865,4.649069187022812e-05,2.970105370509359e-17,-2.9509635725161546e-15
337.22,"[0.06062, 0.0456, 0.3393354965838302]",0.0456,0.3393354965838302,4.6490691819088965e-05,-0.1556120880457109,-0.1395810054214335,-4.6490691819264606e-05,0.38048084006472016,0.3435506271837667,-4.649069070732059e-05,-0.2568096799335904,-0.2033359941501952,4.649069176908249e-05,-0.7672701412971654,-0.6545809989652971,-4.649069181927564e-05,0.09814454690440916,0.08734501153818865,4.6490691819077594e-05,2.993046813181799e-17,-2.9509635725161546e-15
337.24,"[0.06062, 0.0456, 0.3393354965838302]",0.0456,0.3393354965838302,4.649069168672402e-05,-0.1556120880457109,-0.14044404467521115,-4.649069168727156e-05,0.38048084006472016,0.3455397797049016,-4.6490690559208676e-05,-0.2568096799335904,-0.206209582016705,4.649069162989616e-05,-0.7672701412971654,-0.6606419702283277,-4.649069168730712e-05,0.09814454690440916,0.08792629601648314,4.6490691686688845e-05,2.993046813181799e-17,-3.1768274472950564e-15
337.26,"[0.06062, 0.0456, 0.3385492097771493]",0.0456,0.3385492097771493,4.6490691641931875e-05,-0.15632930329632866,-0.1413173588821195,-4.649069164208286e-05,0.38203069233284387,0.34754731486344365,-4.6490690516182506e-05,-0.25968803809350505,-0.2091426108174969,4.649069159349488e-05,-0.7728420511696884,-0.6668026349869212,-4.64906916420923e-05,0.09863767887654405,0.0885150196182029,4.6490691641921575e-05,3.0040323140221275e-17,-3.128034552044288e-15
337.28,"[0.06062, 0.0456, 0.3385492097771493]",0.0456,0.3385492097771493,4.64906915781641e-05,-0.15632930329632866,-0.1413173588821195,-4.6490691577285135e-05,0.38203069233284387,0.34754731486344365,-4.649069047024466e-05,-0.25968803809350505,-0.2091426108174969,4.649069156228088e-05,-0.7728420511696884,-0.6668026349869212,-4.6490691577228106e-05,0.09863767887654405,0.0885150196182029,4.649069157822089e-05,3.0040323140221275e-17,-3.128034552044288e-15
337.3,"[0.06062, 0.0456, 0.3385492097771493]",0.0456,0.3385492097771493,4.6490691461489375e-05,-0.15632930329632866,-0.14213360930263705,-4.649069146198176e-05,0.38203069233284387,0.34942310447101743,-4.649069031181338e-05,-0.25968803809350505,-0.2118868528982325,4.6490691401341856e-05,-0.7728420511696884,-0.6725638855627227,-4.649069146201294e-05,0.09863767887654405,0.08906533595094436,4.649069146145692e-05,3.0040323140221275e-17,-3.2815128477928838e-15
337.32,"[0.06062, 0.0456, 0.337794099266416]",0.0456,0.337794099266416,4.649069138584675e-05,-0.15701209302227043,-0.14213360930263705,-4.6490691385093054e-05,0.38349808063103175,0.34942310447101743,-4.6490690259918915e-05,-0.2624537540196077,-0.2118868528982325,4.649069136762306e-05,-0.7781734519607147,-0.6725638855627227,-4.649069138504459e-05,0.09910748184856373,0.08906533595094436,4.6490691385895994e-05,3.008052114575959e-17,-3.2815128477928838e-15
337.34,"[0.06062, 0.0456, 0.337794099266416]",0.0456,0.337794099266416,4.649069127106789e-05,-0.15701209302227043,-0.14293916467991366,-4.649069127153465e-05,0.38349808063103175,0.3512689629529304,-4.649069010671241e-05,-0.2624537540196077,-0.21461999694888034,4.6490691212943453e-05,-0.7781734519607147,-0.6782767341780952,-4.64906912715641e-05,0.09910748184856373,0.08960894374667552,4.6490691271037e-05,3.008052114575959e-17,-3.4812560206005713e-15
337.36,"[0.06062, 0.0456, 0.33707091025453884]",0.0456,0.33707091025453884,4.649069120105636e-05,-0.15766055261756412,-0.14293916467991366,-4.649069120030922e-05,0.3848841318564837,0.3512689629529304,-4.649069006140488e-05,-0.2651040154474588,-0.21461999694888034,4.649069118542626e-05,-0.783261668848052,-0.6782767341780952,-4.649069120026033e-05,0.0995539711686867,0.08960894374667552,4.649069120110501e-05,2.979645243253834e-17,-3.4812560206005713e-15
337.38,"[0.06062, 0.0456, 0.33707091025453884]",0.0456,0.33707091025453884,4.649069109125869e-05,-0.15766055261756412,-0.1437519891664232,-4.649069109169472e-05,0.3848841318564837,0.3531263399942766,-4.649068991307397e-05,-0.2651040154474588,-0.21740101450639232,4.649069103509341e-05,-0.783261668848052,-0.6840663761886459,-4.649069109172267e-05,0.0995539711686867,0.09015791617202862,4.649069109123071e-05,2.979645243253834e-17,-3.43780246511544e-15
337.4,"[0.06062, 0.0456, 0.33707091025453884]",0.0456,0.33707091025453884,4.6490691041543274e-05,-0.15766055261756412,-0.1437519891664232,-4.649069104172385e-05,0.3848841318564837,0.3531263399942766,-4.649068986252002e-05,-0.2651040154474588,-0.21740101450639232,4.649069099060828e-05,-0.783261668848052,-0.6840663761886459,-4.649069104173535e-05,0.0995539711686867,0.09015791617202862,4.6490691041531707e-05,2.979645243253834e-17,-3.43780246511544e-15
337.42,"[0.06062, 0.0456, 0.33638035644176084]",0.0456,0.33638035644176084,4.64906909046437e-05,-0.15827478670150907,-0.14454098960396938,-4.649069090515252e-05,0.3861900002748228,0.35492384021163126,-4.649068970915488e-05,-0.2676361028120739,-0.2201246478207726,4.6490690846439446e-05,-0.7881041678780045,-0.6897125294027808,-4.6490690905185043e-05,0.09997717126817261,0.09069126890511314,4.649069090461039e-05,2.947989466416288e-17,-3.60884078610038e-15
337.44,"[0.06062, 0.0456, 0.33638035644176084]",0.0456,0.33638035644176084,4.649069085576965e-05,-0.15827478670150907,-0.14530438823743067,-4.6490690855941916e-05,0.3861900002748228,0.35666282267733745,-4.649068966231316e-05,-0.2676361028120739,-0.22276078427740473,4.649069080657573e-05,-0.7881041678780045,-0.695176432790571,-4.649069085595284e-05,0.09997717126817261,0.09120733283260574,4.649069085575853e-05,2.947989466416288e-17,-3.556929910034634e-15
337.46,"[0.06062, 0.0456, 0.33572311932132365]",0.0456,0.33572311932132365,4.64906907856097e-05,-0.15885490737937252,-0.14530438823743067,-4.649069078496427e-05,0.38741685730585007,0.35666282267733745,-4.6490689608395924e-05,-0.27004739450632353,-0.22276078427740473,4.6490690767157555e-05,-0.7926985546360938,-0.695176432790571,-4.649069078492191e-05,0.10037711445476254,0.09120733283260574,4.649069078565085e-05,2.94214581667419e-17,-3.556929910034634e-15
337.48,"[0.06062, 0.0456, 0.33572311932132365]",0.0456,0.33572311932132365,4.6490690668027467e-05,-0.15885490737937252,-0.14606138869161836,-4.649069066846744e-05,0.38741685730585007,0.35838225241920096,-4.6490689451532415e-05,-0.27004739450632353,-0.22539636809874794,4.6490690609006624e-05,-0.7926985546360938,-0.7006178962037811,-4.649069066849553e-05,0.10037711445476254,0.09171948328135487,4.64906906679986e-05,2.94214581667419e-17,-3.4973969248749207e-15
337.5,"[0.06062, 0.0456, 0.335099847506916]",0.0456,0.335099847506916,4.6490690539639207e-05,-0.15885490737937252,-0.14606138869161836,-4.6490690540086616e-05,0.38741685730585007,0.35838225241920096,-4.6490689311028176e-05,-0.27004739450632353,-0.22539636809874794,4.6490690479086935e-05,-0.7926985546360938,-0.7006178962037811,-4.6490690540115104e-05,0.10037711445476254,0.09171948328135487,4.649069053960976e-05,2.94214581667419e-17,-3.4973969248749207e-15
337.52,"[0.06062, 0.0456, 0.335099847506916]",0.0456,0.335099847506916,4.6490690468327415e-05,-0.15940103251690357,-0.14679098525514797,-4.649069046881624e-05,0.38856588134490955,0.3600343149744392,-4.649068923479971e-05,-0.2723353721702744,-0.2279583464930423,4.649069040898005e-05,-0.797042572950191,-0.7058859842862724,-4.649069046884757e-05,0.10075383970846723,0.0922135044435365,4.64906904682951e-05,2.9387593534206924e-17,-3.715231363847945e-15
337.54,"[0.06062, 0.0456, 0.335099847506916]",0.0456,0.335099847506916,4.649069041395573e-05,-0.15940103251690357,-0.14749616426425047,-4.649069041414255e-05,0.38856588134490955,0.36163089726441866,-4.649068918246466e-05,-0.2723353721702744,-0.23043541710281448,4.649069036410723e-05,-0.797042572950191,-0.7109786697082922,-4.6490690414154454e-05,0.10075383970846723,0.09269100821704064,4.6490690413943536e-05,2.9387593534206924e-17,-3.718267628151803e-15
337.56,"[0.06062, 0.0456, 0.3345111560925701]",0.0456,0.3345111560925701,4.6490690340779953e-05,-0.15991328403632238,-0.14749616426425047,-4.649069034024742e-05,0.38963824767625144,0.36163089726441866,-4.649068912508791e-05,-0.2744976259781998,-0.23043541710281448,4.649069032120824e-05,-0.8011341036255827,-0.7109786697082922,-4.649069034021261e-05,0.10110739148594011,0.09269100821704064,4.6490690340814085e-05,2.9372465929925576e-17,-3.718267628151803e-15
337.58,"[0.06062, 0.0456, 0.3345111560925701]",0.0456,0.3345111560925701,4.649069022360725e-05,-0.15991328403632238,-0.1481759928297026,-4.6490690224015e-05,0.38963824767625144,0.3631653051828157,-4.649068897012356e-05,-0.2744976259781998,-0.23284338154962608,4.6490690165554146e-05,-0.8011341036255827,-0.7159098370504938,-4.6490690224041114e-05,0.10110739148594011,0.0931517154209631,4.649069022358026e-05,2.9372465929925576e-17,-3.9688889200302456e-15
337.6,"[0.06062, 0.0456, 0.3345111560925701]",0.0456,0.3345111560925701,4.6490690149000994e-05,-0.15991328403632238,-0.1481759928297026,-4.6490690148505365e-05,0.38963824767625144,0.3631653051828157,-4.649068891895045e-05,-0.2744976259781998,-0.23284338154962608,4.6490690131677124e-05,-0.8011341036255827,-0.7159098370504938,-4.649069014847275e-05,0.10110739148594011,0.0931517154209631,4.649069014903281e-05,2.9372465929925576e-17,-3.9688889200302456e-15
337.62,"[0.06062, 0.0456, 0.3339576260456384]",0.0456,0.3339576260456384,4.649069004005727e-05,-0.16039178624203726,-0.14885693209033765,-4.649069004042423e-05,0.3906351185365274,0.36469790153265597,-4.649068877400027e-05,-0.2765318598886333,-0.23527294202454233,4.649068998581574e-05,-0.8049711632127569,-0.7208681231052578,-4.649069004044767e-05,0.10143781854007383,0.09361349621097223,4.6490690040033214e-05,2.9304713136405134e-17,-4.0079747598216325e-15
337.64,"[0.06062, 0.0456, 0.3339576260456384]",0.0456,0.3339576260456384,4.6490689988603224e-05,-0.16039178624203726,-0.14885693209033765,-4.64906899887759e-05,0.3906351185365274,0.36469790153265597,-4.6490688722202746e-05,-0.2765318598886333,-0.23527294202454233,4.649068994019432e-05,-0.8049711632127569,-0.7208681231052578,-4.649068998878661e-05,0.10143781854007383,0.09361349621097223,4.649068998859186e-05,2.9304713136405134e-17,-4.0079747598216325e-15
337.66,"[0.06062, 0.0456, 0.3334398036334487]",0.0456,0.3334398036334487,4.649068985881431e-05,-0.16083666418482961,-0.14948958931761447,-4.649068985921795e-05,0.39155763338779004,0.36612128265230875,-4.649068857746883e-05,-0.27843589682182446,-0.23753254223427334,4.6490689804425064e-05,-0.8085519028099113,-0.7254773388524549,-4.649068985924442e-05,0.10174517276180103,0.09404257759151999,4.64906898587887e-05,2.929412521934608e-17,-4.249699555614054e-15
337.68,"[0.06062, 0.0456, 0.3334398036334487]",0.0456,0.3334398036334487,4.6490689807760226e-05,-0.16083666418482961,-0.14948958931761447,-4.649068980792054e-05,0.39155763338779004,0.36612128265230875,-4.649068852845714e-05,-0.27843589682182446,-0.23753254223427334,4.649068976233522e-05,-0.8085519028099113,-0.7254773388524549,-4.649068980793126e-05,0.10174517276180103,0.09404257759151999,4.649068980775015e-05,2.929412521934608e-17,-4.249699555614054e-15
337.7,"[0.06062, 0.0456, 0.3334398036334487]",0.0456,0.3334398036334487,4.6490689686709514e-05,-0.16083666418482961,-0.15010793478308979,-4.649068968707315e-05,0.39155763338779004,0.367508285631919,-4.649068839378865e-05,-0.27843589682182446,-0.23975787841097537,4.649068963613483e-05,-0.8085519028099113,-0.7300004522972047,-4.6490689687097076e-05,0.10174517276180103,0.0944622544047867,4.6490689686686705e-05,2.929412521934608e-17,-4.5186764173295806e-15
337.72,"[0.06062, 0.0456, 0.3329581998842044]",0.0456,0.3329581998842044,4.64906896436622e-05,-0.16124804207361362,-0.15010793478308979,-4.649068964379556e-05,0.3924068994600274,0.367508285631919,-4.649068835313714e-05,-0.2802076837282609,-0.23975787841097537,4.6490689601613474e-05,-0.8118746069032504,-0.7300004522972047,-4.649068964380434e-05,0.10202950805132609,0.0944622544047867,4.649068964365388e-05,2.935301966763756e-17,-4.5186764173295806e-15
337.74,"[0.06062, 0.0456, 0.3329581998842044]",0.0456,0.3329581998842044,4.649068952998217e-05,-0.16124804207361362,-0.15071286937033776,-4.649068953031363e-05,0.3924068994600274,0.3688612391537366,-4.64906882261087e-05,-0.2802076837282609,-0.24195072923132116,4.649068948234241e-05,-0.8118746069032504,-0.7344424545672911,-4.649068953033533e-05,0.10202950805132609,0.09487310789104629,4.649068952996088e-05,2.935301966763756e-17,-4.763533225572556e-15
337.76,"[0.06062, 0.0456, 0.3325132900826613]",0.0456,0.3325132900826613,4.649068949275537e-05,-0.16162604174413292,-0.15071286937033776,-4.649068949286985e-05,0.3931839826233432,0.3688612391537366,-4.649068819145084e-05,-0.2818452965116087,-0.24195072923132116,4.649068945320536e-05,-0.8149376922490963,-0.7344424545672911,-4.6490689492877605e-05,0.10229087922616721,0.09487310789104629,4.649068949274842e-05,2.946297005050894e-17,-4.763533225572556e-15
337.78,"[0.06062, 0.0456, 0.3325132900826613]",0.0456,0.3325132900826613,4.6490689384511774e-05,-0.16162604174413292,-0.15130417032470253,-4.6490689384818434e-05,0.3931839826233432,0.3701799846998996,-4.6490688070070895e-05,-0.2818452965116087,-0.24410875082797032,4.649068933906454e-05,-0.8149376922490963,-0.7388000375230498,-4.6490689384838105e-05,0.10229087922616721,0.09527495621833239,4.6490689384491316e-05,2.946297005050894e-17,-4.9784060201171335e-15
337.8,"[0.06062, 0.0456, 0.3325132900826613]",0.0456,0.3325132900826613,4.649068935136936e-05,-0.16162604174413292,-0.15130417032470253,-4.649068935147045e-05,0.3931839826233432,0.3701799846998996,-4.649068803961496e-05,-0.2818452965116087,-0.24410875082797032,4.6490689313694954e-05,-0.8149376922490963,-0.7388000375230498,-4.649068935147667e-05,0.10229087922616721,0.09527495621833239,4.649068935136199e-05,2.946297005050894e-17,-4.9784060201171335e-15
337.82,"[0.06062, 0.0456, 0.3321055133010788]",0.0456,0.3321055133010788,4.649068924726479e-05,-0.16197078119406685,-0.15188132355894626,-4.649068924755175e-05,0.39388989864935003,0.3714637361370065,-4.649068792258021e-05,-0.2833469447694848,-0.24622849772393277,4.649068920351968e-05,-0.8177397068026254,-0.7430677092950401,-4.6490689247569904e-05,0.10252934097345656,0.0956674197737192,4.649068924724591e-05,2.9381918850113224e-17,-5.165521801938131e-15
337.84,"[0.06062, 0.0456, 0.3321055133010788]",0.0456,0.3321055133010788,4.6490689216997774e-05,-0.16197078119406685,-0.15188132355894626,-4.649068921708948e-05,0.39388989864935003,0.3714637361370065,-4.64906878950781e-05,-0.2833469447694848,-0.24622849772393277,4.649068918078958e-05,-0.8177397068026254,-0.7430677092950401,-4.649068921709492e-05,0.10252934097345656,0.0956674197737192,4.649068921699079e-05,2.9381918850113224e-17,-5.165521801938131e-15
337.86,"[0.06062, 0.0456, 0.3317352719659089]",0.0456,0.3317352719659089,4.649068916837959e-05,-0.16228237319401398,-0.15244051012300577,-4.649068916799571e-05,0.3945256049201822,0.37270740171370925,-4.649068786130171e-05,-0.28471097631595227,-0.24828274510558787,4.649068915802757e-05,-0.8202793286986966,-0.7472030543062858,-4.6490689167970084e-05,0.10274494685390136,0.09604767461008791,4.649068916840375e-05,2.942884438407493e-17,-5.147662713064887e-15
337.88,"[0.06062, 0.0456, 0.3317352719659089]",0.0456,0.3317352719659089,4.6490689079791095e-05,-0.16228237319401398,-0.15297685845913986,-4.6490689080042684e-05,0.3945256049201822,0.3738971150697847,-4.64906877400363e-05,-0.28471097631595227,-0.25026523202529866,4.649068903496713e-05,-0.8202793286986966,-0.7511825304697405,-4.6490689080058303e-05,0.10274494685390136,0.09641260579320396,4.649068907977425e-05,2.942884438407493e-17,-5.306737891309853e-15
337.9,"[0.06062, 0.0456, 0.3317352719659089]",0.0456,0.3317352719659089,4.649068902623017e-05,-0.16228237319401398,-0.15297685845913986,-4.649068902588367e-05,0.3945256049201822,0.3738971150697847,-4.649068770761222e-05,-0.28471097631595227,-0.25026523202529866,4.6490689016260676e-05,-0.8202793286986966,-0.7511825304697405,-4.6490689025860826e-05,0.10274494685390136,0.09641260579320396,4.649068902625186e-05,2.942884438407493e-17,-5.306737891309853e-15
337.92,"[0.06062, 0.0456, 0.3314029314606497]",0.0456,0.3314029314606497,4.6490688942072543e-05,-0.16256092398367183,-0.1534973161297599,-4.6490688942304556e-05,0.3950919926417441,0.37504876889959715,-4.649068759257596e-05,-0.28593588145050586,-0.2521996778753267,4.6490688899600346e-05,-0.8225553652907003,-0.7550555697426315,-4.6490688942319504e-05,0.10293774836467467,0.09676690494634235,4.649068894205714e-05,2.956202477904083e-17,-5.4770523825544836e-15
337.94,"[0.06062, 0.0456, 0.3314029314606497]",0.0456,0.3314029314606497,4.6490688893026246e-05,-0.16256092398367183,-0.1534973161297599,-4.6490688892689886e-05,0.3950919926417441,0.37504876889959715,-4.649068756455059e-05,-0.28593588145050586,-0.2521996778753267,4.649068888471161e-05,-0.8225553652907003,-0.7550555697426315,-4.6490688892667775e-05,0.10293774836467467,0.09676690494634235,4.649068889304754e-05,2.956202477904083e-17,-5.4770523825544836e-15
337.96,"[0.06062, 0.0456, 0.33110881976525586]",0.0456,0.33110881976525586,4.6490688813563944e-05,-0.16280653206224904,-0.1540020190418279,-4.6490688813777776e-05,0.3955898796153905,0.3761630559162268,-4.64906874548614e-05,-0.2870202969396084,-0.25408501907431863,4.6490688773133686e-05,-0.8245667522536521,-0.7588214928652066,-4.6490688813791355e-05,0.10310779406827025,0.09711063665374789,4.649068881354967e-05,2.963436404637686e-17,-5.635857485565492e-15
337.98,"[0.06062, 0.0456, 0.33110881976525586]",0.0456,0.33110881976525586,4.649068876799511e-05,-0.16280653206224904,-0.1540020190418279,-4.64906887676708e-05,0.3955898796153905,0.3761630559162268,-4.6490687429994774e-05,-0.2870202969396084,-0.25408501907431863,4.649068876087082e-05,-0.8245667522536521,-0.7588214928652066,-4.6490688767649384e-05,0.10310779406827025,0.09711063665374789,4.6490688768015465e-05,2.963436404637686e-17,-5.635857485565492e-15
338.0,"[0.06062, 0.0456, 0.33110881976525586]",0.0456,0.33110881976525586,4.649068869227361e-05,-0.16280653206224904,-0.1540020190418279,-4.64906886924722e-05,0.3955898796153905,0.3761630559162268,-4.6490687324701694e-05,-0.2870202969396084,-0.25408501907431863,4.649068865352786e-05,-0.8245667522536521,-0.7588214928652066,-4.649068869248487e-05,0.10310779406827025,0.09711063665374789,4.649068869226003e-05,2.963436404637686e-17,-5.635857485565492e-15
338.02,"[0.06062, 0.0456, 0.3308532271324622]",0.0456,0.3308532271324622,4.649068860168403e-05,-0.16301928708174077,-0.15448051324270023,-4.6490688601896895e-05,0.396020003619215,0.3772171772044245,-4.649068722909901e-05,-0.28796300967854593,-0.25588109334482745,4.6490688566076705e-05,-0.8263125527578781,-0.762401099891527,-4.649068860191026e-05,0.10325512879401742,0.09743666165726556,4.64906886016695e-05,2.965821653109613e-17,-5.914641920059377e-15
338.04,"[0.06062, 0.0456, 0.3308532271324622]",0.0456,0.3308532271324622,4.64906885819544e-05,-0.16301928708174077,-0.15495037156972963,-4.649068858200997e-05,0.396020003619215,0.3782522883333819,-4.649068721286578e-05,-0.28796300967854593,-0.2576446951029449,4.649068855357656e-05,-0.8263125527578781,-0.7659160409394463,-4.6490688582013156e-05,0.10325512879401742,0.09775680157306983,4.6490688581950035e-05,2.965821653109613e-17,-5.8989194176604296e-15
338.06,"[0.06062, 0.0456, 0.33063640580133924]",0.0456,0.33063640580133924,4.649068854683538e-05,-0.16319926885115751,-0.15495037156972963,-4.649068854653112e-05,0.39638301644650814,0.3782522883333819,-4.649068719141999e-05,-0.2887629600034685,-0.2576446951029449,4.6490688541077836e-05,-0.8277919567195724,-0.7659160409394463,-4.649068854651111e-05,0.103379792918527,0.09775680157306983,4.649068854685483e-05,2.970714242896643e-17,-5.8989194176604296e-15
338.08,"[0.06062, 0.0456, 0.33063640580133924]",0.0456,0.33063640580133924,4.649068847589059e-05,-0.16319926885115751,-0.15539852009956248,-4.649068847606798e-05,0.39638301644650814,0.37923771875042844,-4.6490687091929715e-05,-0.2887629600034685,-0.25933371247244796,4.649068843939265e-05,-0.8277919567195724,-0.7692759561149236,-4.6490688476079184e-05,0.103379792918527,0.0980622626173289,4.6490688475877786e-05,2.970714242896643e-17,-6.00424871169565e-15
338.1,"[0.06062, 0.0456, 0.33063640580133924]",0.0456,0.33063640580133924,4.6490688434389794e-05,-0.16319926885115751,-0.15539852009956248,-4.649068843412033e-05,0.39638301644650814,0.37923771875042844,-4.649068706916454e-05,-0.2887629600034685,-0.25933371247244796,4.64906884279954e-05,-0.8277919567195724,-0.7692759561149236,-4.6490688434102636e-05,0.103379792918527,0.0980622626173289,4.649068843440669e-05,2.970714242896643e-17,-6.00424871169565e-15
338.12,"[0.06062, 0.0456, 0.33045856974836363]",0.0456,0.33045856974836363,4.6490688365735476e-05,-0.16334654645914848,-0.1558295816504222,-4.6490688365902904e-05,0.3966794786447986,0.3801840647119514,-4.6490686973740715e-05,-0.2894192446259755,-0.26096393155451236,4.6490688330756356e-05,-0.8290042801342992,-0.7725137496459826,-4.649068836591282e-05,0.1034818217308234,0.09835616824775793,4.64906883657238e-05,2.963456180950014e-17,-6.119261311125275e-15
338.14,"[0.06062, 0.0456, 0.33045856974836363]",0.0456,0.33045856974836363,4.649068832653971e-05,-0.16334654645914848,-0.1558295816504222,-4.6490688326284294e-05,0.3966794786447986,0.3801840647119514,-4.649068695286334e-05,-0.2894192446259755,-0.26096393155451236,4.6490688320820186e-05,-0.8290042801342992,-0.7725137496459826,-4.6490688326267624e-05,0.1034818217308234,0.09835616824775793,4.6490688326555785e-05,2.963456180950014e-17,-6.119261311125275e-15
338.16,"[0.06062, 0.0456, 0.33031989447624927]",0.0456,0.33031989447624927,4.649068826103307e-05,-0.16346117752168604,-0.15624331785047973,-4.6490688261189154e-05,0.39690985499419906,0.3810911804337513,-4.649068686145743e-05,-0.28993111916542386,-0.26253303551965546,4.649068822756864e-05,-0.829948964499069,-0.7756261159932245,-4.649068826119866e-05,0.10356124488731516,0.09863833252633956,4.649068826102229e-05,2.964497458982907e-17,-6.229664189187845e-15
338.18,"[0.06062, 0.0456, 0.33031989447624927]",0.0456,0.33031989447624927,4.6490688223802394e-05,-0.16346117752168604,-0.15624331785047973,-4.649068822356101e-05,0.39690985499419906,0.3810911804337513,-4.6490686841956184e-05,-0.28993111916542386,-0.26253303551965546,4.649068821856063e-05,-0.829948964499069,-0.7756261159932245,-4.649068822354536e-05,0.10356124488731516,0.09863833252633956,4.649068822381775e-05,2.964497458982907e-17,-6.229664189187845e-15
338.2,"[0.06062, 0.0456, 0.33031989447624927]",0.0456,0.33031989447624927,4.649068816110939e-05,-0.16346117752168604,-0.15663498838000997,-4.649068816125545e-05,0.39690985499419906,0.3819498012852313,-4.649068675426892e-05,-0.28993111916542386,-0.26401888828380404,4.649068812904338e-05,-0.829948964499069,-0.7785729550072661,-4.6490688161264074e-05,0.10356124488731516,0.09890545535676998,4.649068816109964e-05,2.964497458982907e-17,-6.334077737542552e-15
338.22,"[0.06062, 0.0456, 0.3302205168407472]",0.0456,0.3302205168407472,4.649068812494122e-05,-0.1635432075606219,-0.15663498838000997,-4.6490688124718404e-05,0.3970745107586703,0.3819498012852313,-4.649068673487605e-05,-0.29029800025732444,-0.26401888828380404,4.649068811967088e-05,-0.8306255763281276,-0.7785729550072661,-4.649068812470353e-05,0.10361808596109007,0.09890545535676998,4.649068812495562e-05,2.9658588756454434e-17,-6.334077737542552e-15
338.24,"[0.06062, 0.0456, 0.3302205168407472]",0.0456,0.3302205168407472,4.6490688064795445e-05,-0.1635432075606219,-0.15700973727323655,-4.6490688064932115e-05,0.3970745107586703,0.38277049274459296,-4.6490686651020396e-05,-0.29029800025732444,-0.26544361247479537,4.6490688034155485e-05,-0.8306255763281276,-0.7813957523674678,-4.6490688064940606e-05,0.10361808596109007,0.09916108690848913,4.6490688064786446e-05,2.9658588756454434e-17,-6.4368609864817064e-15
338.26,"[0.06062, 0.0456, 0.3301605349155857]",0.0456,0.3301605349155857,4.649068803047502e-05,-0.16359266951796955,-0.15700973727323655,-4.6490688030265266e-05,0.39717370873826746,0.38277049274459296,-4.6490686632901474e-05,-0.29051946721962973,-0.26544361247479537,4.64906880256315e-05,-0.8310338067668801,-0.7813957523674678,-4.649068803025043e-05,0.10365236208927701,0.09916108690848913,4.6490688030487785e-05,2.964172619799874e-17,-6.4368609864817064e-15
338.28,"[0.06062, 0.0456, 0.3301605349155857]",0.0456,0.3301605349155857,4.649068797310841e-05,-0.16359266951796955,-0.15737513396905303,-4.649068797323593e-05,0.39717370873826746,0.38357021504922384,-4.6490686552757134e-05,-0.29051946721962973,-0.26683457110825054,4.6490687943853614e-05,-0.8310338067668801,-0.7841500139699925,-4.649068797324349e-05,0.10365236208927701,0.09941036768714943,4.6490687973099364e-05,2.964172619799874e-17,-6.40299141815268e-15
338.3,"[0.06062, 0.0456, 0.3301605349155857]",0.0456,0.3301605349155857,4.6490687949811996e-05,-0.16359266951796955,-0.15737513396905303,-4.649068794986885e-05,0.39717370873826746,0.38357021504922384,-4.649068652992193e-05,-0.29051946721962973,-0.26683457110825054,4.6490687923957826e-05,-0.8310338067668801,-0.7841500139699925,-4.649068794987172e-05,0.10365236208927701,0.09941036768714943,4.6490687949807964e-05,2.964172619799874e-17,-6.40299141815268e-15
338.32,"[0.06062, 0.0456, 0.33014000789568326]",0.0456,0.33014000789568326,4.6490687877589705e-05,-0.16360958340974088,-0.1577160604176331,-4.6490687877735984e-05,0.3972076071445665,0.38431612576775026,-4.6490686448899944e-05,-0.2905952632624046,-0.2681333163187368,4.649068784775153e-05,-0.8311734713075666,-0.7867208264655394,-4.649068787774419e-05,0.10366408372142842,0.09964296950314935,4.649068787757965e-05,2.963475899277054e-17,-6.494388398660346e-15
338.34,"[0.06062, 0.0456, 0.33014000789568326]",0.0456,0.33014000789568326,4.649068785378338e-05,-0.16360958340974088,-0.1577160604176331,-4.64906878538382e-05,0.3972076071445665,0.38431612576775026,-4.649068642706949e-05,-0.2905952632624046,-0.2681333163187368,4.649068782941748e-05,-0.8311734713075666,-0.7867208264655394,-4.649068785384118e-05,0.10366408372142842,0.09964296950314935,4.6490687853779724e-05,2.963475899277054e-17,-6.494388398660346e-15
338.36,"[0.06062, 0.0456, 0.3301589560387302]",0.0456,0.3301589560387302,4.64906877862187e-05,-0.16359395612208666,-0.15802969988841448,-4.649068778635237e-05,0.3971762583153262,0.38500239808691045,-4.649068635147246e-05,-0.2905252962302854,-0.2693278857156013,4.6490687758393554e-05,-0.8310445096094452,-0.7890856356641137,-4.649068778636065e-05,0.10365325447104105,0.09985695082932805,4.649068778620996e-05,2.963982936260723e-17,-6.703533593668843e-15
338.38,"[0.06062, 0.0456, 0.3301589560387302]",0.0456,0.3301589560387302,4.649068775606787e-05,-0.16359395612208666,-0.15802969988841448,-4.649068775590285e-05,0.3971762583153262,0.38500239808691045,-4.6490686336493834e-05,-0.2905252962302854,-0.2693278857156013,4.649068775213001e-05,-0.8310445096094452,-0.7890856356641137,-4.649068775589225e-05,0.10365325447104105,0.09985695082932805,4.6490687756079074e-05,2.963982936260723e-17,-6.703533593668843e-15
338.4,"[0.06062, 0.0456, 0.3301589560387302]",0.0456,0.3301589560387302,4.6490687708367165e-05,-0.16359395612208666,-0.1583308686254813,-4.649068770846668e-05,0.3971762583153262,0.385661371491522,-4.649068626981271e-05,-0.2905252962302854,-0.2704750011703253,4.649068768408365e-05,-0.8310445096094452,-0.7913564636128096,-4.64906877084732e-05,0.10365325447104105,0.10006242468066812,4.649068770836129e-05,2.963982936260723e-17,-6.805838884267136e-15
338.42,"[0.06062, 0.0456, 0.33021736064519697]",0.0456,0.33021736064519697,4.6490687681663476e-05,-0.16354578135136277,-0.1583308686254813,-4.649068768150356e-05,0.3970796082781082,0.385661371491522,-4.649068625633939e-05,-0.2903096388711503,-0.2704750011703253,4.64906876782666e-05,-0.8306469854252413,-0.7913564636128096,-4.649068768149322e-05,0.10361987107146715,0.10006242468066812,4.649068768167395e-05,2.965267828502028e-17,-6.805838884267136e-15
338.44,"[0.06062, 0.0456, 0.33021736064519697]",0.0456,0.33021736064519697,4.649068763626348e-05,-0.16354578135136277,-0.15861390873948272,-4.649068763635635e-05,0.3970796082781082,0.38628109933955995,-4.6490686192535394e-05,-0.2903096388711503,-0.2715515220617462,4.649068761304816e-05,-0.8306469854252413,-0.7934889544308366,-4.649068763636233e-05,0.10361987107146715,0.1002555054290027,4.649068763625704e-05,2.965267828502028e-17,-6.885172139431945e-15
338.46,"[0.06062, 0.0456, 0.3303151640767883]",0.0456,0.3303151640767883,4.6490687610108064e-05,-0.16346503968859347,-0.15861390873948272,-4.649068760996162e-05,0.3969174971661101,0.38628109933955995,-4.649068617871877e-05,-0.2899485286285567,-0.2715515220617462,4.649068760650395e-05,-0.8299810866346089,-0.7934889544308366,-4.649068760995218e-05,0.10356392343658057,0.1002555054290027,4.649068761011718e-05,2.968843849599771e-17,-6.885172139431945e-15
338.48,"[0.06062, 0.0456, 0.3303151640767883]",0.0456,0.3303151640767883,4.6490687566569e-05,-0.16346503968859347,-0.15887770666582562,-4.649068756665641e-05,0.3969174971661101,0.38685943054712424,-4.649068611789224e-05,-0.2899485286285567,-0.2725521524088415,4.6490687544443996e-05,-0.8299810866346089,-0.7954735877679275,-4.649068756666262e-05,0.10356392343658057,0.1004354163233235,4.649068756656363e-05,2.968843849599771e-17,-6.9567093000847555e-15
338.501,"[0.06062, 0.0456, 0.3304522698133251]",0.0456,0.3304522698133251,4.64906875240548e-05,-0.16335169884765036,-0.15887770666582562,-4.649068752408753e-05,0.3966896604829938,0.38685943054712424,-4.6490686075097216e-05,-0.2894423669596781,-0.2725521524088415,4.6490687506329445e-05,-0.8290471253843522,-0.7954735877679275,-4.6490687524089286e-05,0.10348539482567852,0.1004354163233235,4.6490687524052565e-05,2.9667379887654713e-17,-6.9567093000847555e-15
338.52,"[0.06062, 0.0456, 0.3304522698133251]",0.0456,0.3304522698133251,4.649068749950928e-05,-0.16335169884765036,-0.15912148625211772,-4.649068749959129e-05,0.3966896604829938,0.3873949295301142,-4.6490686046187636e-05,-0.2894423669596781,-0.2734729558472453,4.649068747857945e-05,-0.8290471253843522,-0.7973034665807617,-4.64906874995964e-05,0.10348539482567852,0.10060161185519112,4.649068749950398e-05,2.9667379887654713e-17,-7.024491971819125e-15
338.54,"[0.06062, 0.0456, 0.3304522698133251]",0.0456,0.3304522698133251,4.6490687474640736e-05,-0.16335169884765036,-0.15912148625211772,-4.6490687474521555e-05,0.3966896604829938,0.3873949295301142,-4.649068603177265e-05,-0.2894423669596781,-0.2734729558472453,4.6490687470618874e-05,-0.8290471253843522,-0.7973034665807617,-4.649068747451382e-05,0.10348539482567852,0.10060161185519112,4.64906874746486e-05,2.9667379887654713e-17,-7.024491971819125e-15
338.56,"[0.06062, 0.0456, 0.3306285425479984]",0.0456,0.3306285425479984,4.649068743542048e-05,-0.16320571403531473,-0.15935739577016306,-4.6490687435496606e-05,0.39639573120701754,0.38791316263607994,-4.6490685977779744e-05,-0.2887917181845971,-0.27436395166353944,4.649068741578414e-05,-0.8278455383340909,-0.7990741843016418,-4.649068743550169e-05,0.10338426211120855,0.10076244070639508,4.6490687435415555e-05,2.975401558008421e-17,-7.0053403019819455e-15
338.58,"[0.06062, 0.0456, 0.3306285425479984]",0.0456,0.3306285425479984,4.649068741289059e-05,-0.16320571403531473,-0.15935739577016306,-4.649068741277408e-05,0.39639573120701754,0.38791316263607994,-4.649068596549641e-05,-0.2887917181845971,-0.27436395166353944,4.6490687409620305e-05,-0.8278455383340909,-0.7990741843016418,-4.6490687412766775e-05,0.10338426211120855,0.10076244070639508,4.649068741289829e-05,2.975401558008421e-17,-7.0053403019819455e-15
338.6,"[0.06062, 0.0456, 0.3306285425479984]",0.0456,0.3306285425479984,4.649068737627375e-05,-0.16320571403531473,-0.15957084202074673,-4.649068737634409e-05,0.39639573120701754,0.3883834324171261,-4.6490685914606936e-05,-0.2887917181845971,-0.2751649782638247,4.6490687357779585e-05,-0.8278455383340909,-0.8006708274929342,-4.649068737634871e-05,0.10338426211120855,0.10090787236127935,4.649068737626913e-05,2.975401558008421e-17,-7.011443256905641e-15
338.62,"[0.06062, 0.0456, 0.33084380832090077]",0.0456,0.33084380832090077,4.649068735386372e-05,-0.16302702846027245,-0.15957084202074673,-4.6490687353762494e-05,0.3960352427184603,0.3883834324171261,-4.649068590121917e-05,-0.28799730787688405,-0.2751649782638247,4.649068735006393e-05,-0.8263768870050902,-0.8006708274929342,-4.6490687353756354e-05,0.10326049614705386,0.10090787236127935,4.649068735387064e-05,2.97401036684663e-17,-7.011443256905641e-15
338.64,"[0.06062, 0.0456, 0.33084380832090077]",0.0456,0.33084380832090077,4.64906873191371e-05,-0.16302702846027245,-0.1597630965197285,-4.64906873192028e-05,0.3960352427184603,0.38880874918709396,-4.64906858536662e-05,-0.28799730787688405,-0.2758799977461775,4.6490687301846896e-05,-0.8263768870050902,-0.8021020431776232,-4.649068731920646e-05,0.10326049614705386,0.10103875945437339,4.649068731913245e-05,2.97401036684663e-17,-7.028348571137009e-15
338.66,"[0.06062, 0.0456, 0.3310978546907037]",0.0456,0.3310978546907037,4.6490687301769646e-05,-0.16281557397701696,-0.1597630965197285,-4.649068730180204e-05,0.39560763252819175,0.38880874918709396,-4.6490685836366665e-05,-0.28706002080932846,-0.2758799977461775,4.649068728656437e-05,-0.8246418582290574,-0.8021020431776232,-4.6490687301804036e-05,0.10311406223427853,0.10103875945437339,4.64906873017679e-05,2.9716927964871846e-17,-7.028348571137009e-15
338.68,"[0.06062, 0.0456, 0.3310978546907037]",0.0456,0.3310978546907037,4.649068726042861e-05,-0.16281557397701696,-0.15993231354454732,-4.649068726050136e-05,0.39560763252819175,0.38918522344892736,-4.649068579047328e-05,-0.28706002080932846,-0.276501373622767,4.6490687243580116e-05,-0.8246418582290574,-0.8033532660403427,-4.64906872605063e-05,0.10311406223427853,0.10115383199133929,4.6490687260423996e-05,2.9716927964871846e-17,-7.096804767716311e-15
338.7,"[0.06062, 0.0456, 0.3310978546907037]",0.0456,0.3310978546907037,4.6490687243e-05,-0.16281557397701696,-0.16009560702486425,-4.649068724303047e-05,0.39560763252819175,0.3895485842589269,-4.6490685773874425e-05,-0.28706002080932846,-0.27710075385164645,4.649068722925323e-05,-0.8246418582290574,-0.8045604289138375,-4.6490687243032506e-05,0.10311406223427853,0.10126487235752288,4.649068724299782e-05,2.9716927964871846e-17,-7.109279412439836e-15
338.72,"[0.06062, 0.0456, 0.33139043094431153]",0.0456,0.33139043094431153,4.649068722180924e-05,-0.16257127185961465,-0.16009560702486425,-4.649068722174055e-05,0.3951122467793688,0.3895485842589269,-4.6490685757209614e-05,-0.2859808984724217,-0.27710075385164645,4.649068721654678e-05,-0.8226412646928485,-0.8045604289138375,-4.649068722173611e-05,0.10294492068045019,0.10126487235752288,4.649068722181328e-05,2.962822802456147e-17,-7.109279412439836e-15
338.74,"[0.06062, 0.0456, 0.33139043094431153]",0.0456,0.33139043094431153,4.649068719030157e-05,-0.16257127185961465,-0.16023408204846998,-4.649068719035986e-05,0.3951122467793688,0.3898592750452743,-4.6490685715897784e-05,-0.2859808984724217,-0.277599377570926,4.649068717524686e-05,-0.8226412646928485,-0.8055738160299728,-4.649068719036391e-05,0.10294492068045019,0.1013588765086307,4.649068719029839e-05,2.962822802456147e-17,-7.176834868134264e-15
338.76,"[0.06062, 0.0456, 0.33172124834428524]",0.0456,0.33172124834428524,4.6490687168130405e-05,-0.16229403369935258,-0.16023408204846998,-4.6490687168078e-05,0.3945483454887217,0.3898592750452743,-4.649068569892177e-05,-0.2847611361867074,-0.277599377570926,4.649068716256343e-05,-0.8203760455743048,-0.8055738160299728,-4.6490687168075064e-05,0.10275302744792311,0.1013588765086307,4.649068716813423e-05,2.964278054231608e-17,-7.176834868134264e-15
338.78,"[0.06062, 0.0456, 0.33172124834428524]",0.0456,0.33172124834428524,4.649068713996619e-05,-0.16229403369935258,-0.16034977605585982,-4.64906871400174e-05,0.3945483454887217,0.390121930789364,-4.6490685662863e-05,-0.2847611361867074,-0.27800425197222794,4.649068712680501e-05,-0.8203760455743048,-0.8064079824178708,-4.649068714002104e-05,0.10275302744792311,0.1014372206288558,4.649068713996295e-05,2.964278054231608e-17,-7.252414861800893e-15
338.8,"[0.06062, 0.0456, 0.33172124834428524]",0.0456,0.33172124834428524,4.649068711975812e-05,-0.16229403369935258,-0.16034977605585982,-4.6490687119715804e-05,0.3945483454887217,0.390121930789364,-4.649068564672749e-05,-0.2847611361867074,-0.27800425197222794,4.6490687114354947e-05,-0.8203760455743048,-0.8064079824178708,-4.649068711971299e-05,0.10275302744792311,0.1014372206288558,4.649068711976071e-05,2.964278054231608e-17,-7.252414861800893e-15
338.82,"[0.06062, 0.0456, 0.332089980413791]",0.0456,0.332089980413791,4.649068709523555e-05,-0.16198376241943066,-0.1604457175365151,-4.649068709527989e-05,0.3939151084887718,0.39034340385914673,-4.6490685615893856e-05,-0.2834020798333576,-0.2783259498612444,4.6490687083961554e-05,-0.8178472672638609,-0.8070847311554601,-4.649068709528295e-05,0.1025383348858108,0.10150195318694631,4.6490687095232764e-05,2.951836802767987e-17,-7.287528852679951e-15
338.84,"[0.06062, 0.0456, 0.332089980413791]",0.0456,0.332089980413791,4.649068707715541e-05,-0.16198376241943066,-0.1604457175365151,-4.6490687077121025e-05,0.3939151084887718,0.39034340385914673,-4.6490685600859875e-05,-0.2834020798333576,-0.2783259498612444,4.649068707202524e-05,-0.8178472672638609,-0.8070847311554601,-4.64906870771188e-05,0.1025383348858108,0.10150195318694631,4.649068707715754e-05,2.951836802767987e-17,-7.287528852679951e-15
338.86,"[0.06062, 0.0456, 0.33249626325879383]",0.0456,0.33249626325879383,4.649068705617477e-05,-0.1616403533991123,-0.1605335552386949,-4.6490687056213074e-05,0.3932116420276603,0.39054664762837865,-4.649068557499257e-05,-0.28190522223023495,-0.27861865398339886,4.649068704669318e-05,-0.8150561241660833,-0.8077023741720203,-4.649068705621586e-05,0.10230079253977961,0.10156118769158921,4.649068705617273e-05,2.941735544911172e-17,-7.342334005802198e-15
338.88,"[0.06062, 0.0456, 0.33249626325879383]",0.0456,0.33249626325879383,4.649068704327262e-05,-0.1616403533991123,-0.1605335552386949,-4.649068704329368e-05,0.3932116420276603,0.39054664762837865,-4.649068556199692e-05,-0.28190522223023495,-0.27861865398339886,4.649068703510607e-05,-0.8150561241660833,-0.8077023741720203,-4.6490687043295516e-05,0.10230079253977961,0.10156118769158921,4.6490687043271874e-05,2.941735544911172e-17,-7.342334005802198e-15
338.9,"[0.06062, 0.0456, 0.33249626325879383]",0.0456,0.33249626325879383,4.64906870223979e-05,-0.1616403533991123,-0.1605977660621636,-4.6490687022436313e-05,0.3932116420276603,0.3907000119834571,-4.649068553929674e-05,-0.28190522223023495,-0.2788141114391776,4.649068701402031e-05,-0.8150561241660833,-0.8081341122523491,-4.649068702243871e-05,0.10230079253977961,0.10160417628814783,4.649068702239539e-05,2.941735544911172e-17,-7.401403103492953e-15
338.92,"[0.06062, 0.0456, 0.3329396959271768]",0.0456,0.3329396959271768,4.649068700933523e-05,-0.16126369569910287,-0.1605977660621636,-4.649068700935511e-05,0.39243698597911636,0.3907000119834571,-4.649068552623561e-05,-0.28027219918327656,-0.2788141114391776,4.649068700241051e-05,-0.8120039395750198,-0.8081341122523491,-4.649068700935666e-05,0.1020403480332958,0.10160417628814783,4.649068700933371e-05,2.95309888387107e-17,-7.401403103492953e-15
338.94,"[0.06062, 0.0456, 0.3329396959271768]",0.0456,0.3329396959271768,4.649068699242511e-05,-0.16126369569910287,-0.16063828781008363,-4.649068699245709e-05,0.39243698597911636,0.3908034391070462,-4.649068550814772e-05,-0.28027219918327656,-0.2789116188313904,4.649068698572612e-05,-0.8120039395750198,-0.8083789701016463,-4.6490686992460366e-05,0.1020403480332958,0.10163086598025413,4.649068699242399e-05,2.95309888387107e-17,-7.459996642151805e-15
338.96,"[0.06062, 0.0456, 0.3334198408044325]",0.0456,0.3334198408044325,4.649068697974899e-05,-0.1608536733794075,-0.16065637349226036,-4.649068697976727e-05,0.39159012161150103,0.3908598879786456,-4.649068549526915e-05,-0.27850478524522065,-0.2789149223042937,4.6490686974174246e-05,-0.808692166617117,-0.8084452899953103,-4.649068697976888e-05,0.101756948013539,0.1016420912728689,4.649068697974761e-05,2.95020294668942e-17,-7.507955261583007e-15
338.98,"[0.06062, 0.0456, 0.3334198408044325]",0.0456,0.3334198408044325,4.649068696596097e-05,-0.1608536733794075,-0.16065637349226036,-4.6490686965965216e-05,0.39159012161150103,0.3908598879786456,-4.64906854802912e-05,-0.27850478524522065,-0.2789149223042937,4.6490686960333254e-05,-0.808692166617117,-0.8084452899953103,-4.649068696596563e-05,0.101756948013539,0.1016420912728689,4.649068696596058e-05,2.95020294668942e-17,-7.507955261583007e-15
339.0,"[0.06062, 0.0456, 0.3334198408044325]",0.0456,0.3334198408044325,4.6490686954966914e-05,-0.1608536733794075,-0.16067072740287533,-4.6490686954989214e-05,0.39159012161150103,0.39090725820354505,-4.649068546968115e-05,-0.27850478524522065,-0.2789075263299282,4.6490686950955034e-05,-0.808692166617117,-0.8084872241606089,-4.6490686954991125e-05,0.101756948013539,0.10165082966133443,4.6490686954966094e-05,2.95020294668942e-17,-7.566385380705278e-15
339.02,"[0.06062, 0.0456, 0.3339362240455357]",0.0456,0.3339362240455357,4.649068694522048e-05,-0.16041016690052337,-0.16067072740287533,-4.6490686945222504e-05,0.390669979861839,0.39090725820354505,-4.6490685459078885e-05,-0.27660488921549975,-0.2789075263299282,4.649068694117656e-05,-0.8051223892555212,-0.8084872241606089,-4.649068694522307e-05,0.10145053915487333,0.10165082966133443,4.64906869452206e-05,2.9463064292552744e-17,-7.566385380705278e-15
339.04,"[0.06062, 0.0456, 0.3339362240455357]",0.0456,0.3339362240455357,4.649068693805418e-05,-0.16041016690052337,-0.16066191676284938,-4.6490686938070856e-05,0.390669979861839,0.3909059730126006,-4.649068545252352e-05,-0.27660488921549975,-0.27880324216238817,4.6490686935523435e-05,-0.8051223892555212,-0.8083452124177433,-4.649068693807185e-05,0.10145053915487333,0.10164360444019475,4.649068693805278e-05,2.9463064292552744e-17,-7.607567648337502e-15
339.06,"[0.06062, 0.0456, 0.3344883360425711]",0.0456,0.3344883360425711,4.649068692884244e-05,-0.15993305459855447,-0.16066191676284938,-4.649068692885603e-05,0.38967545005835275,0.3909059730126006,-4.6490685441039076e-05,-0.27457454941649073,-0.27880324216238817,4.649068692431672e-05,-0.8012963233497891,-0.8083452124177433,-4.649068692885695e-05,0.10112106921254296,0.10164360444019475,4.649068692884123e-05,2.9454355627107887e-17,-7.607567648337502e-15
339.08,"[0.06062, 0.0456, 0.3344883360425711]",0.0456,0.3344883360425711,4.6490686924029015e-05,-0.15993305459855447,-0.16062750666405393,-4.649068692404157e-05,0.38967545005835275,0.3908502191533326,-4.649068543844632e-05,-0.27457454941649073,-0.27859439787222995,4.6490686922911975e-05,-0.8012963233497891,-0.8080025926006433,-4.649068692404283e-05,0.10112106921254296,0.10161877706621554,4.6490686924028486e-05,2.9454355627107887e-17,-7.651026230094806e-15
339.1,"[0.06062, 0.0456, 0.3344883360425711]",0.0456,0.3344883360425711,4.649068691370429e-05,-0.15993305459855447,-0.16062750666405393,-4.649068691371884e-05,0.38967545005835275,0.3908502191533326,-4.649068542745781e-05,-0.27457454941649073,-0.27859439787222995,4.649068691279062e-05,-0.8012963233497891,-0.8080025926006433,-4.649068691372009e-05,0.10112106921254296,0.10161877706621554,4.6490686913703494e-05,2.9454355627107887e-17,-7.651026230094806e-15
339.12,"[0.06062, 0.0456, 0.33507563192765494]",0.0456,0.33507563192765494,4.6490686914808865e-05,-0.1594222142247075,-0.16056766793247376,-4.649068691481579e-05,0.3886053890332187,0.3907401886998877,-4.6490685429935714e-05,-0.2724159287823018,-0.27828207457561227,4.6490686915582375e-05,-0.7972158177654667,-0.8074610987095513,-4.6490686914816705e-05,0.10076848811913171,0.10157646707542768,4.6490686914808147e-05,2.948979730579735e-17,-7.689204433257684e-15
339.14,"[0.06062, 0.0456, 0.33507563192765494]",0.0456,0.33507563192765494,4.649068690479623e-05,-0.1594222142247075,-0.16056766793247376,-4.64906869048101e-05,0.3886053890332187,0.3907401886998877,-4.649068541885692e-05,-0.2724159287823018,-0.27828207457561227,4.649068690519324e-05,-0.7972158177654667,-0.8074610987095513,-4.6490686904811653e-05,0.10076848811913171,0.10157646707542768,4.649068690479551e-05,2.948979730579735e-17,-7.689204433257684e-15
339.16,"[0.06062, 0.0456, 0.33569753211065373]",0.0456,0.33569753211065373,4.649068690996138e-05,-0.1588775245396264,-0.16050917090157713,-4.649068690996248e-05,0.38745863056611507,0.3906321025527474,-4.6490685426014846e-05,-0.27013130979681693,-0.2779788114311599,4.6490686912435424e-05,-0.7928828555285575,-0.8069339447261915,-4.649068690996311e-05,0.1003927491163,0.1015351411083125,4.6490686909961234e-05,2.933606564089291e-17,-7.72498584071492e-15
339.18,"[0.06062, 0.0456, 0.33569753211065373]",0.0456,0.33569753211065373,4.649068690417241e-05,-0.1588775245396264,-0.16050917090157713,-4.64906869041809e-05,0.38745863056611507,0.3906321025527474,-4.649068541932002e-05,-0.27013130979681693,-0.2779788114311599,4.649068690602797e-05,-0.7928828555285575,-0.8069339447261915,-4.649068690418176e-05,0.1003927491163,0.1015351411083125,4.649068690417176e-05,2.933606564089291e-17,-7.72498584071492e-15
339.2,"[0.06062, 0.0456, 0.33569753211065373]",0.0456,0.33569753211065373,4.649068691239684e-05,-0.1588775245396264,-0.16042540550284984,-4.649068691239374e-05,0.38745863056611507,0.39046999227833606,-4.649068542952914e-05,-0.27013130979681693,-0.2775727667874885,4.6490686915987637e-05,-0.7928828555285575,-0.80620920354102,-4.64906869123941e-05,0.1003927491163,0.10147643879034977,4.649068691239763e-05,2.933606564089291e-17,-7.733586540871979e-15
339.22,"[0.06062, 0.0456, 0.33635342285116976]",0.0456,0.33635342285116976,4.6490686905487064e-05,-0.1582988669531554,-0.16042540550284984,-4.649068690549668e-05,0.3862339950985923,0.39046999227833606,-4.6490685421398984e-05,-0.26772308931788386,-0.2775727667874885,4.649068690814684e-05,-0.7882995550206664,-0.80620920354102,-4.6490686905497764e-05,0.09999380991438601,0.10147643879034977,4.6490686905486434e-05,2.918263698608258e-17,-7.733586540871979e-15
339.24,"[0.06062, 0.0456, 0.33635342285116976]",0.0456,0.33635342285116976,4.6490686916688173e-05,-0.1582988669531554,-0.16031558613697602,-4.6490686916680726e-05,0.3862339950985923,0.39025193278789816,-4.64906854351979e-05,-0.26772308931788386,-0.2770613969683061,4.6490686921580785e-05,-0.7882995550206664,-0.8052814137168831,-4.649068691668077e-05,0.09999380991438601,0.10139982636459102,4.649068691668908e-05,2.918263698608258e-17,-7.741780636440006e-15
339.26,"[0.06062, 0.0456, 0.33705677702901754]",0.0456,0.33705677702901754,4.649068690914583e-05,-0.15767361717006534,-0.16017712805349582,-4.6490686909156194e-05,0.38490375963707085,0.3899724596208411,-4.6490685426196985e-05,-0.2651419608386867,-0.276433620556873,4.6490686912842956e-05,-0.7833693227082615,-0.8041297404326633,-4.64906869091575e-05,0.09956301229246807,0.10130351177654998,4.6490686909145514e-05,2.9202548376158714e-17,-7.801771271604449e-15
339.28,"[0.06062, 0.0456, 0.33705677702901754]",0.0456,0.33705677702901754,4.649068690544154e-05,-0.15767361717006534,-0.16017712805349582,-4.6490686905523554e-05,0.38490375963707085,0.3899724596208411,-4.649068541565621e-05,-0.2651419608386867,-0.276433620556873,4.6490686900350466e-05,-0.7833693227082615,-0.8041297404326633,-4.6490686905528975e-05,0.09956301229246807,0.10130351177654998,4.649068690543637e-05,2.9202548376158714e-17,-7.801771271604449e-15
339.3,"[0.06062, 0.0456, 0.33705677702901754]",0.0456,0.33705677702901754,4.649068691807506e-05,-0.15767361717006534,-0.16004494324567026,-4.6490686918062556e-05,0.38490375963707085,0.38970530066906883,-4.649068543940799e-05,-0.2651419608386867,-0.27583562527405403,4.6490686926407646e-05,-0.7833693227082615,-0.8030316753516197,-4.649068691806182e-05,0.09956301229246807,0.1012115835155876,4.6490686918075634e-05,2.9202548376158714e-17,-7.819974981204051e-15
339.32,"[0.06062, 0.0456, 0.3377645539590721]",0.0456,0.3377645539590721,4.649068692155225e-05,-0.15703909781197065,-0.16004494324567026,-4.649068692162355e-05,0.38354598236987225,0.38970530066906883,-4.649068543486742e-05,-0.26254595844233497,-0.27583562527405403,4.649068691875493e-05,-0.7783907913172008,-0.8030316753516197,-4.649068692162903e-05,0.09912612889397855,0.1012115835155876,4.649068692154834e-05,2.936789996453349e-17,-7.819974981204051e-15
339.34,"[0.06062, 0.0456, 0.3377645539590721]",0.0456,0.3377645539590721,4.649068693760584e-05,-0.15703909781197065,-0.15988698996185924,-4.649068693758898e-05,0.38354598236987225,0.38938213428341056,-4.6490685461360026e-05,-0.26254595844233497,-0.2751353939839947,4.649068694695893e-05,-0.7783907913172008,-0.8017348270740511,-4.649068693758803e-05,0.09912612889397855,0.1011019645558757,4.6490686937607516e-05,2.936789996453349e-17,-7.802739074860352e-15
339.36,"[0.06062, 0.0456, 0.3385184017104229]",0.0456,0.3385184017104229,4.6490686940337306e-05,-0.15635797608122023,-0.15988698996185924,-4.649068694042543e-05,0.38208104136677346,0.38938213428341056,-4.6490685454510166e-05,-0.25978239371866896,-0.2751353939839947,4.649068693653482e-05,-0.7730708634888406,-0.8017348270740511,-4.649068694043212e-05,0.09865745952151804,0.1011019645558757,4.6490686940331885e-05,2.943198059762256e-17,-7.802739074860352e-15
339.38,"[0.06062, 0.0456, 0.3385184017104229]",0.0456,0.3385184017104229,4.649068695763818e-05,-0.15635797608122023,-0.15970170734393954,-4.649068695761855e-05,0.38208104136677346,0.3889993087344834,-4.649068548385634e-05,-0.25978239371866896,-0.27432746275623004,4.649068696800241e-05,-0.7730708634888406,-0.8002279126440063,-4.6490686957617354e-05,0.09865745952151804,0.10097359131786564,4.649068695763963e-05,2.943198059762256e-17,-7.785676730101277e-15
339.4,"[0.06062, 0.0456, 0.3385184017104229]",0.0456,0.3385184017104229,4.649068696006806e-05,-0.15635797608122023,-0.15970170734393954,-4.649068696017415e-05,0.38208104136677346,0.3889993087344834,-4.6490685475361095e-05,-0.25978239371866896,-0.27432746275623004,4.6490686955492684e-05,-0.7730708634888406,-0.8002279126440063,-4.6490686960181194e-05,0.09865745952151804,0.10097359131786564,4.649068696006097e-05,2.943198059762256e-17,-7.785676730101277e-15
339.42,"[0.06062, 0.0456, 0.3393034561615637]",0.0456,0.3393034561615637,4.649068697935157e-05,-0.15564237279453336,-0.1594884818622451,-4.6490686979328415e-05,0.3805331854802554,0.3885551077293653,-4.649068550841616e-05,-0.25690583888925217,-0.2734105291657301,4.6490686991041674e-05,-0.7675101445884166,-0.7985073967808617,-4.6490686979326985e-05,0.0981654279543318,0.10082605714464578,4.649068697935273e-05,2.9727328007182063e-17,-7.773277539673228e-15
339.44,"[0.06062, 0.0456, 0.3393034561615637]",0.0456,0.3393034561615637,4.6490686982174235e-05,-0.15564237279453336,-0.1594884818622451,-4.649068698229856e-05,0.3805331854802554,0.3885551077293653,-4.649068549898961e-05,-0.25690583888925217,-0.2734105291657301,4.649068697708966e-05,-0.7675101445884166,-0.7985073967808617,-4.649068698230693e-05,0.0981654279543318,0.10082605714464578,4.6490686982166416e-05,2.9727328007182063e-17,-7.773277539673228e-15
339.46,"[0.06062, 0.0456, 0.340118942558532]",0.0456,0.340118942558532,4.649068700402436e-05,-0.15489230820706762,-0.15928432020117192,-4.649068700399708e-05,0.37890170645466775,0.38812961337477764,-4.649068553635402e-05,-0.25391919784850603,-0.2725332109056116,4.649068701726317e-05,-0.7617117541116625,-0.796860696481364,-4.649068700399615e-05,0.09765009300993127,0.10068480457483028,4.6490687004026845e-05,2.9366886411278856e-17,-7.765278913464656e-15
339.48,"[0.06062, 0.0456, 0.340118942558532]",0.0456,0.340118942558532,4.649068701179775e-05,-0.15489230820706762,-0.15928432020117192,-4.649068701191159e-05,0.37890170645466775,0.38812961337477764,-4.649068553277166e-05,-0.25391919784850603,-0.2725332109056116,4.649068700892263e-05,-0.7617117541116625,-0.796860696481364,-4.6490687011918834e-05,0.09765009300993127,0.10068480457483028,4.649068701179028e-05,2.9366886411278856e-17,-7.765278913464656e-15
339.5,"[0.06062, 0.0456, 0.340118942558532]",0.0456,0.340118942558532,4.649068703707335e-05,-0.15489230820706762,-0.15904852829092142,-4.649068703704104e-05,0.37890170645466775,0.38763474118123303,-4.649068557297945e-05,-0.25391919784850603,-0.2715319574135861,4.6490687051375214e-05,-0.7617117541116625,-0.7949716161495113,-4.649068703703869e-05,0.09765009300993127,0.10052185113071843,4.64906870370752e-05,2.9366886411278856e-17,-7.816194894956721e-15
339.52,"[0.06062, 0.0456, 0.3409640561147088]",0.0456,0.3409640561147088,4.6490687036791204e-05,-0.15410771514809368,-0.15904852829092142,-4.649068703679559e-05,0.37718555621670397,0.38763474118123303,-4.649068557148061e-05,-0.25082544318439326,-0.2715319574135861,4.649068704935689e-05,-0.7556786495647257,-0.7949716161495113,-4.6490687036795866e-05,0.0971114646558896,0.10052185113071843,4.649068703679111e-05,2.931556348802396e-17,-7.816194894956721e-15
339.54,"[0.06062, 0.0456, 0.3409640561147088]",0.0456,0.3409640561147088,4.649068707680604e-05,-0.15410771514809368,-0.1587865903291215,-4.649068707675678e-05,0.37718555621670397,0.38708129175494027,-4.6490685617926857e-05,-0.25082544318439326,-0.2704323892222224,4.649068709361445e-05,-0.7556786495647257,-0.7928865695028896,-4.649068707675336e-05,0.0971114646558896,0.10034102099338281,4.649068707680912e-05,2.931556348802396e-17,-7.788853749382882e-15
339.56,"[0.06062, 0.0456, 0.34183796280504597]",0.0456,0.34183796280504597,4.649068707650914e-05,-0.15328854149865775,-0.1587865903291215,-4.649068707651465e-05,0.3753837442956291,0.38708129175494027,-4.649068561510111e-05,-0.24762762535337807,-0.2704323892222224,4.6490687089816565e-05,-0.7494139332832682,-0.7928865695028896,-4.6490687076514265e-05,0.09654956525133918,0.10034102099338281,4.64906870765081e-05,2.913325225277276e-17,-7.788853749382882e-15
339.58,"[0.06062, 0.0456, 0.34183796280504597]",0.0456,0.34183796280504597,4.649068711896851e-05,-0.15328854149865775,-0.15849574340439296,-4.6490687118914396e-05,0.3753837442956291,0.3864630277430213,-4.6490685664422514e-05,-0.24762762535337807,-0.269224156935086,4.6490687136831704e-05,-0.7494139332832682,-0.7905848888708641,-4.649068711891113e-05,0.09654956525133918,0.10014042441958902,4.649068711897216e-05,2.913325225277276e-17,-7.755741219599203e-15
339.6,"[0.06062, 0.0456, 0.34183796280504597]",0.0456,0.34183796280504597,4.649068711755329e-05,-0.15328854149865775,-0.15849574340439296,-4.64906871175611e-05,0.3753837442956291,0.3864630277430213,-4.649068566023287e-05,-0.24762762535337807,-0.269224156935086,4.6490687131690153e-05,-0.7494139332832682,-0.7905848888708641,-4.6490687117561705e-05,0.09654956525133918,0.10014042441958902,4.6490687117552604e-05,2.913325225277276e-17,-7.755741219599203e-15
339.62,"[0.06062, 0.0456, 0.34273980018914824]",0.0456,0.34273980018914824,4.6490687163041045e-05,-0.1524347515508396,-0.15817528252221022,-4.649068716298109e-05,0.3734953474320554,0.38577795190855235,-4.6490685713208915e-05,-0.2443288678654762,-0.26790595284218927,4.649068718224544e-05,-0.742920853828025,-0.7880627191072094,-4.6490687162977247e-05,0.09596443110792494,0.0999195992204269,4.649068716304469e-05,2.900945662248504e-17,-7.726095577668171e-15
339.64,"[0.06062, 0.0456, 0.34273980018914824]",0.0456,0.34273980018914824,4.6490687161167774e-05,-0.1524347515508396,-0.15817528252221022,-4.649068716117755e-05,0.3734953474320554,0.38577795190855235,-4.649068570834987e-05,-0.2443288678654762,-0.26790595284218927,4.6490687176393266e-05,-0.742920853828025,-0.7880627191072094,-4.649068716117816e-05,0.09596443110792494,0.0999195992204269,4.6490687161167205e-05,2.900945662248504e-17,-7.726095577668171e-15
339.66,"[0.06062, 0.0456, 0.3436686782623976]",0.0456,0.3436686782623976,4.649068721024955e-05,-0.15154632771210838,-0.15786917546997262,-4.649068721018303e-05,0.3715195192223199,0.38512336640373557,-4.649068576556099e-05,-0.24093236259252027,-0.26664746175304777,4.6490687231012295e-05,-0.7362028075412661,-0.7856542315173624,-4.6490687210178286e-05,0.09535611362038164,0.09970867521239654,4.649068721025373e-05,2.932681135847705e-17,-7.70044729426037e-15
339.68,"[0.06062, 0.0456, 0.3436686782623976]",0.0456,0.3436686782623976,4.64906872139958e-05,-0.15154632771210838,-0.15786917546997262,-4.649068721399711e-05,0.3715195192223199,0.38512336640373557,-4.6490685766664134e-05,-0.24093236259252027,-0.26664746175304777,4.649068723063432e-05,-0.7362028075412661,-0.7856542315173624,-4.649068721399794e-05,0.09535611362038164,0.09970867521239654,4.649068721399625e-05,2.932681135847705e-17,-7.70044729426037e-15
339.7,"[0.06062, 0.0456, 0.3436686782623976]",0.0456,0.3436686782623976,4.649068726542529e-05,-0.15154632771210838,-0.1575333462137028,-4.6490687265353464e-05,0.3715195192223199,0.3844013012223539,-4.64906858259417e-05,-0.24093236259252027,-0.2652799922395702,4.6490687286969257e-05,-0.7362028075412661,-0.7830259363953449,-4.6490687265348734e-05,0.09535611362038164,0.09947747002728027,4.6490687265429846e-05,2.932681135847705e-17,-7.640192113794223e-15
339.72,"[0.06062, 0.0456, 0.34462368033428054]",0.0456,0.34462368033428054,4.649068726733424e-05,-0.15062327219198393,-0.1575333462137028,-4.649068726733961e-05,0.3694554995227423,0.3844013012223539,-4.649068582487381e-05,-0.23744136526594464,-0.2652799922395702,4.64906872844862e-05,-0.7292633401676482,-0.7830259363953449,-4.649068726733936e-05,0.09472468037285235,0.09947747002728027,4.6490687267333725e-05,2.883766074304013e-17,-7.640192113794223e-15
339.74,"[0.06062, 0.0456, 0.34462368033428054]",0.0456,0.34462368033428054,4.649068732105151e-05,-0.15062327219198393,-0.15716691651107553,-4.6490687320974594e-05,0.3694554995227423,0.38360930484715194,-4.649068588703623e-05,-0.23744136526594464,-0.26380187612251355,4.649068734366182e-05,-0.7292633401676482,-0.7801729965249065,-4.6490687320969545e-05,0.09472468037285235,0.09922540904936937,4.6490687321056966e-05,2.883766074304013e-17,-7.585887230653104e-15
339.76,"[0.06062, 0.0456, 0.345603863933051]",0.0456,0.345603863933051,4.649068732196322e-05,-0.14966560866985054,-0.15716691651107553,-4.649068732197141e-05,0.36730262358090937,0.38360930484715194,-4.649068588475944e-05,-0.23385919118259277,-0.26380187612251355,4.649068733998651e-05,-0.7221061485497601,-0.7801729965249065,-4.649068732197161e-05,0.0940702162188461,0.09922540904936937,4.649068732196243e-05,2.90245879507198e-17,-7.585887230653104e-15
339.78,"[0.06062, 0.0456, 0.345603863933051]",0.0456,0.345603863933051,4.649068737877211e-05,-0.14966560866985054,-0.15676937849025074,-4.64906873786881e-05,0.36730262358090937,0.3827457279651309,-4.649068595063788e-05,-0.23385919118259277,-0.26221297462834087,4.6490687402757576e-05,-0.7221061485497601,-0.7770935002484862,-4.649068737868221e-05,0.0940702162188461,0.09895217395135392,4.649068737877721e-05,2.90245879507198e-17,-7.540331939569712e-15
339.8,"[0.06062, 0.0456, 0.345603863933051]",0.0456,0.345603863933051,4.649068737940374e-05,-0.14966560866985054,-0.15676937849025074,-4.649068737941437e-05,0.36730262358090937,0.3827457279651309,-4.649068594789079e-05,-0.23385919118259277,-0.26221297462834087,4.649068739855537e-05,-0.7221061485497601,-0.7770935002484862,-4.649068737941391e-05,0.0940702162188461,0.09895217395135392,4.6490687379402066e-05,2.90245879507198e-17,-7.540331939569712e-15
339.82,"[0.06062, 0.0456, 0.34660826173583587]",0.0456,0.34660826173583587,4.649068743984464e-05,-0.14867338394346488,-0.1563403560276223,-4.649068743975267e-05,0.3650603308648528,0.3818092011901876,-4.649068601803164e-05,-0.23018921113455695,-0.2605137436233177,4.649068746541099e-05,-0.7147350824098986,-0.7737866336038752,-4.6490687439746014e-05,0.09339282433372902,0.09865753907538977,4.649068743985016e-05,2.8981766560247815e-17,-7.501922387809238e-15
339.84,"[0.06062, 0.0456, 0.34660826173583587]",0.0456,0.34660826173583587,4.6490687440707776e-05,-0.14867338394346488,-0.1563403560276223,-4.649068744072019e-05,0.3650603308648528,0.3818092011901876,-4.649068601534354e-05,-0.23018921113455695,-0.2605137436233177,4.6490687461160986e-05,-0.7147350824098986,-0.7737866336038752,-4.649068744072035e-05,0.09339282433372902,0.09865753907538977,4.6490687440706746e-05,2.8981766560247815e-17,-7.501922387809238e-15
339.86,"[0.06062, 0.0456, 0.34763588252326627]",0.0456,0.34763588252326627,4.649068750512814e-05,-0.14764666955871567,-0.15592335550971204,-4.64906875050271e-05,0.3627281735651826,0.38089881320772145,-4.649068609009099e-05,-0.22643484757642807,-0.25886248222350045,4.649068753240724e-05,-0.7071541462308856,-0.7705728081211118,-4.649068750501963e-05,0.09269262723935147,0.09837116581007234,4.649068750513459e-05,2.913017767379757e-17,-7.627968537572495e-15
339.88,"[0.06062, 0.0456, 0.34763588252326627]",0.0456,0.34763588252326627,4.64906875114943e-05,-0.14764666955871567,-0.15547766804670632,-4.6490687511496955e-05,0.3627281735651826,0.3799210339471798,-4.649068609321948e-05,-0.22643484757642807,-0.2571139686322868,4.649068753348533e-05,-0.7071541462308856,-0.7671553203680375,-4.6490687511496996e-05,0.09269262723935147,0.09806534858120614,4.64906875114944e-05,2.913017767379757e-17,-7.65902195006519e-15
339.9,"[0.06062, 0.0456, 0.34763588252326627]",0.0456,0.34763588252326627,4.6490687531847376e-05,-0.14764666955871567,-0.15547766804670632,-4.649068753215529e-05,0.3627281735651826,0.3799210339471798,-4.6490686098414244e-05,-0.22643484757642807,-0.2571139686322868,4.6490687530999354e-05,-0.7071541462308856,-0.7671553203680375,-4.6490687532175144e-05,0.09269262723935147,0.09806534858120614,4.6490687531827305e-05,2.913017767379757e-17,-7.65902195006519e-15
339.92,"[0.06062, 0.0456, 0.34868571215769123]",0.0456,0.34868571215769123,4.6490687590123575e-05,-0.14658556342218815,-0.1550028670095882,-4.6490687590025577e-05,0.3603058247494353,0.378874411392278,-4.649068618551477e-05,-0.2225995710407271,-0.2552684759888028,4.649068762159711e-05,-0.6993675012499426,-0.763532996320095,-4.649068759001948e-05,0.09196976780112108,0.09773982979025801,4.6490687590130236e-05,2.8690577786548773e-17,-7.586571196941778e-15
339.94,"[0.06062, 0.0456, 0.34868571215769123]",0.0456,0.34868571215769123,4.649068761665632e-05,-0.14658556342218815,-0.1550028670095882,-4.649068761698651e-05,0.3603058247494353,0.378874411392278,-4.649068619026256e-05,-0.2225995710407271,-0.2552684759888028,4.6490687615683234e-05,-0.6993675012499426,-0.763532996320095,-4.649068761700797e-05,0.09196976780112108,0.09773982979025801,4.649068761663516e-05,2.8690577786548773e-17,-7.586571196941778e-15
339.96,"[0.06062, 0.0456, 0.3497567145840089]",0.0456,0.3497567145840089,4.649068767588437e-05,-0.14549019139905908,-0.15449622195226026,-4.6490687675781645e-05,0.3577930861520326,0.37775242560654265,-4.6490686278917e-05,-0.2186868968097182,-0.25331734842417875,4.6490687707963564e-05,-0.6913794675807283,-0.7596871186194174,-4.649068767577417e-05,0.09122441019850476,0.09739277404459358,4.64906876758905e-05,2.872251136536848e-17,-7.504411074877433e-15
339.98,"[0.06062, 0.0456, 0.3497567145840089]",0.0456,0.3497567145840089,4.649068770144427e-05,-0.14549019139905908,-0.15449622195226026,-4.649068770181037e-05,0.3577930861520326,0.37775242560654265,-4.649068628155081e-05,-0.2186868968097182,-0.25331734842417875,4.64906876996008e-05,-0.6913794675807283,-0.7596871186194174,-4.64906877018342e-05,0.09122441019850476,0.09739277404459358,4.6490687701420756e-05,2.872251136536848e-17,-7.504411074877433e-15
340.0,"[0.06062, 0.0456, 0.3497567145840089]",0.0456,0.3497567145840089,4.649068776173107e-05,-0.14549019139905908,-0.15401352975487564,-4.6490687761622776e-05,0.3577930861520326,0.3766832063306381,-4.649068637266761e-05,-0.2186868968097182,-0.25145942988564857,4.649068779473816e-05,-0.6913794675807283,-0.7560240939283288,-4.649068776161533e-05,0.09122441019850476,0.09706214159292703,4.6490687761737444e-05,2.872251136536848e-17,-7.425870469960066e-15
340.02,"[0.06062, 0.0456, 0.3508478328521284]",0.0456,0.3508478328521284,4.6490687792174814e-05,-0.14436070889977562,-0.15401352975487564,-4.649068779251837e-05,0.3551898955872725,0.3766832063306381,-4.64906863818046e-05,-0.21470038184928714,-0.25145942988564857,4.649068779290603e-05,-0.683194526479591,-0.7560240939283288,-4.649068779254029e-05,0.09045674087059295,0.09706214159292703,4.649068779215207e-05,2.8589299336920146e-17,-7.425870469960066e-15
340.04,"[0.06062, 0.0456, 0.3508478328521284]",0.0456,0.3508478328521284,4.6490687854917384e-05,-0.14436070889977562,-0.1534983427175204,-4.64906878548011e-05,0.3551898955872725,0.3755367713243892,-4.649068647401405e-05,-0.21470038184928714,-0.24949508368266413,4.649068788840093e-05,-0.683194526479591,-0.7521344351378016,-4.649068785479338e-05,0.09045674087059295,0.09670956046584064,4.649068785492454e-05,2.8589299336920146e-17,-7.309026062648048e-15
340.06,"[0.06062, 0.0456, 0.35195799016005125]",0.0456,0.35195799016005125,4.649068788358648e-05,-0.14319730245986353,-0.1534983427175204,-4.64906878839696e-05,0.35249633397666286,0.3755367713243892,-4.649068647999214e-05,-0.21064362200816392,-0.24949508368266413,4.6490687883072014e-05,-0.6748173227729652,-0.7521344351378016,-4.649068788399385e-05,0.08966696943897047,0.09670956046584064,4.6490687883560616e-05,2.8541778333786236e-17,-7.309026062648048e-15
340.08,"[0.06062, 0.0456, 0.35195799016005125]",0.0456,0.35195799016005125,4.6490687946466514e-05,-0.14319730245986353,-0.15294969603299127,-4.649068794634634e-05,0.35249633397666286,0.3743104042217888,-4.6490686573676706e-05,-0.21064362200816392,-0.24742297011960185,4.649068798051767e-05,-0.6748173227729652,-0.748013392203887,-4.649068794633796e-05,0.08966696943897047,0.09633441601632246,4.649068794647327e-05,2.8541778333786236e-17,-7.20304094450975e-15
340.1,"[0.06062, 0.0456, 0.35195799016005125]",0.0456,0.35195799016005125,4.6490687974314206e-05,-0.14319730245986353,-0.15294969603299127,-4.649068797473791e-05,0.35249633397666286,0.3743104042217888,-4.6490686577822756e-05,-0.21064362200816392,-0.24742297011960185,4.649068797303951e-05,-0.6748173227729652,-0.748013392203887,-4.649068797476499e-05,0.08966696943897047,0.09633441601632246,4.649068797428592e-05,2.8541778333786236e-17,-7.20304094450975e-15
340.12,"[0.06062, 0.0456, 0.3530860909165454]",0.0456,0.3530860909165454,4.649068803845261e-05,-0.14200019131802752,-0.1523569553187797,-4.6490688038326146e-05,0.3497126319855734,0.37297995708126624,-4.6490686674155176e-05,-0.2065202494833962,-0.24520466564927107,4.649068807350893e-05,-0.6662526674634414,-0.7435829876620427,-4.6490688038317364e-05,0.08885532961069874,0.09592947421830754,4.649068803845975e-05,2.812866462729103e-17,-7.302264153744755e-15
340.14,"[0.06062, 0.0456, 0.3530860909165454]",0.0456,0.3530860909165454,4.649068805176735e-05,-0.14200019131802752,-0.1523569553187797,-4.64906880517721e-05,0.3497126319855734,0.37297995708126624,-4.649068668602747e-05,-0.2065202494833962,-0.24520466564927107,4.6490688083034984e-05,-0.6662526674634414,-0.7435829876620427,-4.6490688051772564e-05,0.08885532961069874,0.09592947421830754,4.649068805176732e-05,2.812866462729103e-17,-7.302264153744755e-15
340.161,"[0.06062, 0.0456, 0.35423102182236166]",0.0456,0.35423102182236166,4.6490688190840825e-05,-0.14076962899848117,-0.15180953412967518,-4.649068819065381e-05,0.34683917626765326,0.37175060120681613,-4.649068684064516e-05,-0.20233393055078638,-0.24315824760803706,4.649068822780126e-05,-0.6575055405326118,-0.7394937648422213,-4.649068819064107e-05,0.08802208006473479,0.09555553179004563,4.649068819085236e-05,2.7732231889523374e-17,-7.0442386175215116e-15
340.18,"[0.06062, 0.0456, 0.35423102182236166]",0.0456,0.35423102182236166,4.649068818075011e-05,-0.14076962899848117,-0.15180953412967518,-4.649068818117568e-05,0.34683917626765326,0.37175060120681613,-4.6490686803649194e-05,-0.20233393055078638,-0.24315824760803706,4.649068818217637e-05,-0.6575055405326118,-0.7394937648422213,-4.649068818120299e-05,0.08802208006473479,0.09555553179004563,4.649068818072154e-05,2.7732231889523374e-17,-7.0442386175215116e-15
340.2,"[0.06062, 0.0456, 0.35423102182236166]",0.0456,0.35423102182236166,4.649068824851415e-05,-0.14076962899848117,-0.15121114483331263,-4.6490688248372014e-05,0.34683917626765326,0.37040130273468996,-4.64906869027301e-05,-0.20233393055078638,-0.2409419347888529,4.649068828473156e-05,-0.6575055405326118,-0.7350460095617168,-4.649068824836258e-05,0.08802208006473479,0.095147139480441,4.6490688248522766e-05,2.7732231889523374e-17,-7.085795314412545e-15
340.22,"[0.06062, 0.0456, 0.3553916529689249]",0.0456,0.3553916529689249,4.649068826483911e-05,-0.13950590490412826,-0.15121114483331263,-4.649068826483772e-05,0.3438765153186377,0.37040130273468996,-4.6490686917709485e-05,-0.19808836355686893,-0.2409419347888529,4.649068829704741e-05,-0.6485810939590855,-0.7350460095617168,-4.6490688264837054e-05,0.08716750532557288,0.095147139480441,4.649068826483815e-05,2.736982320509754e-17,-7.085795314412545e-15
340.24,"[0.06062, 0.0456, 0.3553916529689249]",0.0456,0.3553916529689249,4.649068835962842e-05,-0.13950590490412826,-0.15059558687070987,-4.649068835942784e-05,0.3438765153186377,0.3690071017416076,-4.649068702602905e-05,-0.19808836355686893,-0.23868574962172334,4.649068839967665e-05,-0.6485810939590855,-0.7304961857894307,-4.649068835941391e-05,0.08716750532557288,0.09472745879171625,4.649068835964051e-05,2.736982320509754e-17,-6.802453049000674e-15
340.26,"[0.06062, 0.0456, 0.3565668389534184]",0.0456,0.3565668389534184,4.649068839243777e-05,-0.13820934592783207,-0.15059558687070987,-4.649068839295774e-05,0.3408253649440519,0.3690071017416076,-4.6490687031757504e-05,-0.1937872771669947,-0.23868574962172334,4.649068839186226e-05,-0.6394846549701608,-0.7304961857894307,-4.6490688392991384e-05,0.08629191662828667,0.09472745879171625,4.6490688392403475e-05,2.7339897289008548e-17,-6.802453049000674e-15
340.28,"[0.06062, 0.0456, 0.3565668389534184]",0.0456,0.3565668389534184,4.6490688461019703e-05,-0.13820934592783207,-0.14992682560474738,-4.64906884608671e-05,0.3408253649440519,0.3674866707013381,-4.649068713410821e-05,-0.1937872771669947,-0.2362571263726042,4.6490688498535464e-05,-0.6394846549701608,-0.7255774719452072,-4.649068846085699e-05,0.08629191662828667,0.09427192443257953,4.6490688461029366e-05,2.7339897289008548e-17,-6.879703886349844e-15
340.3,"[0.06062, 0.0456, 0.3565668389534184]",0.0456,0.3565668389534184,4.649068847547295e-05,-0.13820934592783207,-0.14992682560474738,-4.6490688475482554e-05,0.3408253649440519,0.3674866707013381,-4.6490687147192205e-05,-0.1937872771669947,-0.2362571263726042,4.649068850908707e-05,-0.6394846549701608,-0.7255774719452072,-4.6490688475482615e-05,0.08629191662828667,0.09427192443257953,4.649068847547176e-05,2.7339897289008548e-17,-6.879703886349844e-15
340.32,"[0.06062, 0.0456, 0.3577554200091573]",0.0456,0.3577554200091573,4.649068857513801e-05,-0.13688031808953827,-0.14923013479720892,-4.649068857491236e-05,0.33768661334790473,0.36589640125842354,-4.6490687261441235e-05,-0.18943442886223277,-0.2337525919607017,4.6490688617493936e-05,-0.630221729545608,-0.7204809180791347,-4.6490688574897456e-05,0.08539565277950158,0.09379784966032644,4.6490688575153036e-05,2.796015806690652e-17,-6.8035394658325885e-15
340.34,"[0.06062, 0.0456, 0.3577554200091573]",0.0456,0.3577554200091573,4.6490688593219185e-05,-0.13688031808953827,-0.14923013479720892,-4.649068859322436e-05,0.33768661334790473,0.36589640125842354,-4.649068727576438e-05,-0.18943442886223277,-0.2337525919607017,4.64906886280116e-05,-0.630221729545608,-0.7204809180791347,-4.6490688593225195e-05,0.08539565277950158,0.09379784966032644,4.6490688593218975e-05,2.796015806690652e-17,-6.8035394658325885e-15
340.36,"[0.06062, 0.0456, 0.35895622315013853]",0.0456,0.35895622315013853,4.6490688695264503e-05,-0.13551922820744403,-0.14851109193128703,-4.649068869502496e-05,0.3344613258516632,0.3642486333952842,-4.649068739243783e-05,-0.18503360367599225,-0.23119447767251297,4.649068873860658e-05,-0.6207980061915919,-0.7152498441727639,-4.649068869500971e-05,0.08447908101908362,0.09330908518374244,4.64906886952804e-05,2.791969315147311e-17,-6.52007112892443e-15
340.38,"[0.06062, 0.0456, 0.35895622315013853]",0.0456,0.35895622315013853,4.649068872952793e-05,-0.13551922820744403,-0.14851109193128703,-4.649068873019229e-05,0.3344613258516632,0.3642486333952842,-4.6490687397156296e-05,-0.18503360367599225,-0.23119447767251297,4.649068872849782e-05,-0.6207980061915919,-0.7152498441727639,-4.649068873023517e-05,0.08447908101908362,0.09330908518374244,4.6490688729484784e-05,2.791969315147311e-17,-6.52007112892443e-15
340.4,"[0.06062, 0.0456, 0.35895622315013853]",0.0456,0.35895622315013853,4.649068880390861e-05,-0.13551922820744403,-0.1478179900195322,-4.649068880372611e-05,0.3344613258516632,0.36266013981847595,-4.649068750865514e-05,-0.18503360367599225,-0.22872934456687743,4.6490688845017584e-05,-0.6207980061915919,-0.7102082398231825,-4.6490688803713655e-05,0.08447908101908362,0.09283796698718452,4.649068880391965e-05,2.791969315147311e-17,-6.427942207062666e-15
340.42,"[0.06062, 0.0456, 0.360168063328637]",0.0456,0.360168063328637,4.6490688841833275e-05,-0.13412652561175306,-0.1478179900195322,-4.6490688842469905e-05,0.33115074925467414,0.36266013981847595,-4.649068752122963e-05,-0.1805886131596366,-0.22872934456687743,4.649068884384918e-05,-0.6112193600022285,-0.7102082398231825,-4.649068884251109e-05,0.08354259788753213,0.09283796698718452,4.649068884179169e-05,2.7427388712780105e-17,-6.427942207062666e-15
340.44,"[0.06062, 0.0456, 0.360168063328637]",0.0456,0.360168063328637,4.6490688920554844e-05,-0.13412652561175306,-0.14707520447069708,-4.649068892035504e-05,0.33115074925467414,0.3609517718161169,-4.649068763618333e-05,-0.1805886131596366,-0.2261132087627273,4.649068896303032e-05,-0.6112193600022285,-0.7048331387276547,-4.6490688920342116e-05,0.08354259788753213,0.09233359153031497,4.6490688920568024e-05,2.7427388712780105e-17,-6.539890920442627e-15
340.46,"[0.06062, 0.0456, 0.3613897446047035]",0.0456,0.3613897446047035,4.6490688943009504e-05,-0.13270270390977074,-0.14707520447069708,-4.6490688943007166e-05,0.32775631584865456,0.3609517718161169,-4.6490687657748226e-05,-0.1761032945647905,-0.2261132087627273,4.649068898124711e-05,-0.6014918570253359,-0.7048331387276547,-4.649068894300645e-05,0.08258663010419567,0.09233359153031497,4.6490688943009125e-05,2.7444262267001327e-17,-6.539890920442627e-15
340.48,"[0.06062, 0.0456, 0.3613897446047035]",0.0456,0.3613897446047035,4.649068905362911e-05,-0.13270270390977074,-0.14630571549257979,-4.6490689053342254e-05,0.32775631584865456,0.35917555493124664,-4.64906877839054e-05,-0.1761032945647905,-0.22343134011789545,4.649068910071233e-05,-0.6014918570253359,-0.6992955911240305,-4.6490689053323253e-05,0.08258663010419567,0.09181166205471653,4.649068905364732e-05,2.7444262267001327e-17,-6.448943409912321e-15
340.5,"[0.06062, 0.0456, 0.3613897446047035]",0.0456,0.3613897446047035,4.649068907923347e-05,-0.13270270390977074,-0.14555940154910732,-4.6490689079228055e-05,0.32775631584865456,0.35745266038135165,-4.6490687806084206e-05,-0.1761032945647905,-0.22083098008582155,4.6490689118248566e-05,-0.6014918570253359,-0.6939256206904292,-4.6490689079227906e-05,0.08258663010419567,0.09130546646722701,4.649068907923421e-05,2.7444262267001327e-17,-6.589343231877642e-15
340.52,"[0.06062, 0.0456, 0.3626200613264141]",0.0456,0.3626200613264141,4.649068912912225e-05,-0.13124830281121916,-0.14555940154910732,-4.649068912982676e-05,0.32427964709995205,0.35745266038135165,-4.6490687838731404e-05,-0.17158151022856918,-0.22083098008582155,4.649068913856052e-05,-0.5916217589477236,-0.6939256206904292,-4.6490689129872474e-05,0.08161163546146172,0.09130546646722701,4.649068912907685e-05,2.7734011662705714e-17,-6.589343231877642e-15
340.54,"[0.06062, 0.0456, 0.3626200613264141]",0.0456,0.3626200613264141,4.649068922826185e-05,-0.13124830281121916,-0.14478865579957864,-4.649068922799053e-05,0.32427964709995205,0.35566705263727993,-4.649068797668021e-05,-0.17158151022856918,-0.2181742859386744,4.649068927951515e-05,-0.5916217589477236,-0.6884112282458035,-4.6490689227972536e-05,0.08161163546146172,0.09078330304889322,4.6490689228279156e-05,2.7734011662705714e-17,-6.4360875891548086e-15
340.56,"[0.06062, 0.0456, 0.3638577993197023]",0.0456,0.3638577993197023,4.6490689285812554e-05,-0.1297639100226379,-0.14478865579957864,-4.649068928654494e-05,0.32072255701393443,0.35566705263727993,-4.649068800870803e-05,-0.16702714714659386,-0.2181742859386744,4.649068929525738e-05,-0.5816155281138206,-0.6884112282458035,-4.6490689286591885e-05,0.08061810374004644,0.09078330304889322,4.649068928576508e-05,2.7505857009518767e-17,-6.4360875891548086e-15
340.58,"[0.06062, 0.0456, 0.3638577993197023]",0.0456,0.3638577993197023,4.649068938322701e-05,-0.1297639100226379,-0.14398337422712523,-4.6490689382954134e-05,0.32072255701393443,0.3537951860130206,-4.6490688144165135e-05,-0.16702714714659386,-0.21542816390674585,4.649068943370971e-05,-0.5816155281138206,-0.6826820818030732,-4.649068938293587e-05,0.08061810374004644,0.09023837870298163,4.649068938324474e-05,2.7505857009518767e-17,-6.257369491326351e-15
340.6,"[0.06062, 0.0456, 0.3638577993197023]",0.0456,0.3638577993197023,4.649068943743155e-05,-0.1297639100226379,-0.14398337422712523,-4.6490689438233266e-05,0.32072255701393443,0.3537951860130206,-4.649068817216058e-05,-0.16702714714659386,-0.21542816390674585,4.649068944543237e-05,-0.5816155281138206,-0.6826820818030732,-4.649068943828469e-05,0.08061810374004644,0.09023837870298163,4.649068943737929e-05,2.7505857009518767e-17,-6.257369491326351e-15
340.62,"[0.06062, 0.0456, 0.36510173708660265]",0.0456,0.36510173708660265,4.649068953313277e-05,-0.12825016321959562,-0.1431421912736171,-4.649068953285624e-05,0.3170870551961019,0.3518336652178227,-4.649068830656321e-05,-0.16244411671732417,-0.21259020980409857,4.6490689583339057e-05,-0.5714798328894353,-0.6767309971735903,-4.649068953283806e-05,0.0796065576503791,0.08966983411427118,4.649068953315064e-05,2.7651511788617037e-17,-6.090337608094379e-15
340.64,"[0.06062, 0.0456, 0.36510173708660265]",0.0456,0.36510173708660265,4.649068958550371e-05,-0.12825016321959562,-0.1431421912736171,-4.649068958637314e-05,0.3170870551961019,0.3518336652178227,-4.649068833227238e-05,-0.16244411671732417,-0.21259020980409857,4.6490689592692794e-05,-0.5714798328894353,-0.6767309971735903,-4.6490689586428857e-05,0.0796065576503791,0.08966983411427118,4.6490689585446874e-05,2.7651511788617037e-17,-6.090337608094379e-15
340.66,"[0.06062, 0.0456, 0.3663506470107217]",0.0456,0.3663506470107217,4.64906896809446e-05,-0.12670775210515314,-0.14232565742729955,-4.64906896806595e-05,0.31337534962432273,0.34992945515685625,-4.649068846713513e-05,-0.15783635463999557,-0.2098362087582341,4.649068973143511e-05,-0.561221553380065,-0.6709551621562588,-4.649068968064035e-05,0.0785775538048656,0.08911796654633086,4.649068968096251e-05,2.778215594847895e-17,-6.191795069304555e-15
340.68,"[0.06062, 0.0456, 0.3663506470107217]",0.0456,0.3663506470107217,4.649068972124335e-05,-0.12670775210515314,-0.14232565742729955,-4.6490689721198195e-05,0.31337534962432273,0.34992945515685625,-4.649068850779558e-05,-0.15783635463999557,-0.2098362087582341,4.649068976706895e-05,-0.561221553380065,-0.6709551621562588,-4.649068972119466e-05,0.0785775538048656,0.08911796654633086,4.649068972124567e-05,2.778215594847895e-17,-6.191795069304555e-15
340.7,"[0.06062, 0.0456, 0.3663506470107217]",0.0456,0.3663506470107217,4.649068984782926e-05,-0.12670775210515314,-0.14148461015206623,-4.64906898474353e-05,0.31337534962432273,0.3479619608964259,-4.649068865062949e-05,-0.15783635463999557,-0.20703104326699115,4.649068990172094e-05,-0.561221553380065,-0.6650404889418499,-4.6490689847409316e-05,0.0785775538048656,0.08855024233846208,4.649068984785477e-05,2.778215594847895e-17,-6.012913964628627e-15
340.72,"[0.06062, 0.0456, 0.36760329656874696]",0.0456,0.36760329656874696,4.6490689888527284e-05,-0.12513742056257424,-0.14059110589541743,-4.6490689888487236e-05,0.30958984914594734,0.34586598935202073,-4.6490688688834866e-05,-0.15320782094722954,-0.20408218123604427,4.6490689933753016e-05,-0.5508477875102501,-0.6587912814222432,-4.649068988848385e-05,0.07753168372549912,0.08794783330419566,4.649068988852953e-05,2.799087914829158e-17,-6.077094958028777e-15
340.74,"[0.06062, 0.0456, 0.36760329656874696]",0.0456,0.36760329656874696,4.649068994710047e-05,-0.12513742056257424,-0.14059110589541743,-4.649068994806678e-05,0.30958984914594734,0.34586598935202073,-4.6490688729143714e-05,-0.15320782094722954,-0.20408218123604427,4.649068995985966e-05,-0.5508477875102501,-0.6587912814222432,-4.6490689948128676e-05,0.07753168372549912,0.08794783330419566,4.649068994703685e-05,2.799087914829158e-17,-6.077094958028777e-15
340.76,"[0.06062, 0.0456, 0.3688584495467991]",0.0456,0.3688584495467991,4.649069005733286e-05,-0.12353996890966222,-0.13967397314130509,-4.64906900569745e-05,0.3057331657124707,0.3437085556761371,-4.6490688880561695e-05,-0.14856250015220007,-0.2010895642944407,4.649069011432966e-05,-0.5403658574670253,-0.6524145155636165,-4.649069005695091e-05,0.07646957489087511,0.08733030397137174,4.6490690057355967e-05,2.8469632226949494e-17,-5.901587708147867e-15
340.78,"[0.06062, 0.0456, 0.3688584495467991]",0.0456,0.3688584495467991,4.649069012402231e-05,-0.12353996890966222,-0.13967397314130509,-4.649069012501678e-05,0.3057331657124707,0.3437085556761371,-4.6490688921554986e-05,-0.14856250015220007,-0.2010895642944407,4.649069013729756e-05,-0.5403658574670253,-0.6524145155636165,-4.6490690125080784e-05,0.07646957489087511,0.08733030397137174,4.649069012395767e-05,2.8469632226949494e-17,-5.901587708147867e-15
340.8,"[0.06062, 0.0456, 0.3688584495467991]",0.0456,0.3688584495467991,4.6490690233006144e-05,-0.12353996890966222,-0.13880366988493392,-4.649069023264188e-05,0.3057331657124707,0.3416608666651186,-4.649068907069045e-05,-0.14856250015220007,-0.19825196826781313,4.649069028935068e-05,-0.5403658574670253,-0.6463657858554952,-4.649069023261741e-05,0.07646957489087511,0.08674435704398302,4.6490690233029414e-05,2.8469632226949494e-17,-5.70726231040016e-15
340.82,"[0.06062, 0.0456, 0.370114867260425]",0.0456,0.370114867260425,4.6490690301513695e-05,-0.12191625626129302,-0.13880366988493392,-4.6490690302451455e-05,0.30180811636284943,0.3416608666651186,-4.649068911535102e-05,-0.14390440148906805,-0.19825196826781313,4.6490690316480814e-05,-0.5297833165064351,-0.6463657858554952,-4.649069030251156e-05,0.0753918918261313,0.08674435704398302,4.649069030145247e-05,2.841140882423039e-17,-5.70726231040016e-15
340.84,"[0.06062, 0.0456, 0.370114867260425]",0.0456,0.370114867260425,4.64906904094151e-05,-0.12191625626129302,-0.13787908692280226,-4.6490690409042725e-05,0.30180811636284943,0.3394801275910189,-4.649068926133717e-05,-0.14390440148906805,-0.1952697410283465,4.649069046474089e-05,-0.5297833165064351,-0.6399755306773268,-4.649069040901766e-05,0.0753918918261313,0.0861226534105628,4.649069040943847e-05,2.841140882423039e-17,-5.733178316896226e-15
340.86,"[0.06062, 0.0456, 0.3713713097770305]",0.0456,0.3713713097770305,4.649069045760115e-05,-0.12026720300568984,-0.13787908692280226,-4.649069045754411e-05,0.29781772496456177,0.3394801275910189,-4.6490689310288215e-05,-0.13923755922422437,-0.1952697410283465,4.649069050772141e-05,-0.5191079561173201,-0.6399755306773268,-4.649069045754016e-05,0.07429933723868959,0.0861226534105628,4.6490690457604486e-05,2.8683746147891147e-17,-5.733178316896226e-15
340.88,"[0.06062, 0.0456, 0.3713713097770305]",0.0456,0.3713713097770305,4.649069059345409e-05,-0.12026720300568984,-0.13693086047470976,-4.6490690592962506e-05,0.29781772496456177,0.33723808742930694,-4.649068946315908e-05,-0.13923755922422437,-0.1922466228709581,4.649069065170747e-05,-0.5191079561173201,-0.6334610098053133,-4.649069059292959e-05,0.07429933723868959,0.08548593144600031,4.6490690593485125e-05,2.8683746147891147e-17,-5.52931540627882e-15
340.9,"[0.06062, 0.0456, 0.3713713097770305]",0.0456,0.3713713097770305,4.6490690642067824e-05,-0.12026720300568984,-0.13693086047470976,-4.649069064201603e-05,0.29781772496456177,0.33723808742930694,-4.6490689510002144e-05,-0.13923755922422437,-0.1922466228709581,4.649069069151321e-05,-0.5191079561173201,-0.6334610098053133,-4.6490690642012225e-05,0.07429933723868959,0.08548593144600031,4.649069064207136e-05,2.8683746147891147e-17,-5.52931540627882e-15
340.92,"[0.06062, 0.0456, 0.37262653713954397]",0.0456,0.37262653713954397,4.649069077544853e-05,-0.11859379339872868,-0.1359476904071351,-4.649069077495162e-05,0.29376522371900127,0.334908263684406,-4.649068966000395e-05,-0.13456603301471193,-0.18914748456396266,4.6490690832786935e-05,-0.5083478135310571,-0.6267456805225947,-4.649069077491879e-05,0.07319265320189376,0.08482664804269847,4.6490690775480664e-05,2.8835155318327803e-17,-5.315093022085121e-15
340.94,"[0.06062, 0.0456, 0.37262653713954397]",0.0456,0.37262653713954397,4.64906908211077e-05,-0.11859379339872868,-0.1359476904071351,-4.6490690821073364e-05,0.29376522371900127,0.334908263684406,-4.649068970384275e-05,-0.13456603301471193,-0.18914748456396266,4.649069086983788e-05,-0.5083478135310571,-0.6267456805225947,-4.649069082107075e-05,0.07319265320189376,0.08482664804269847,4.6490690821109895e-05,2.8835155318327803e-17,-5.315093022085121e-15
340.96,"[0.06062, 0.0456, 0.37387931059010393]",0.0456,0.37387931059010393,4.6490690953035696e-05,-0.11689707827903575,-0.135013234802016,-4.6490690952527185e-05,0.28965405443478653,0.33269352578171263,-4.649068985250742e-05,-0.12989390828898598,-0.18620412074617537,4.6490691010007654e-05,-0.4975111795595065,-0.6203655370196797,-4.6490690952494334e-05,0.07207262238770443,0.08420008581682668,4.649069095306887e-05,2.902146031616782e-17,-5.1202569504961255e-15
340.98,"[0.06062, 0.0456, 0.37387931059010393]",0.0456,0.37387931059010393,4.649069100222901e-05,-0.11689707827903575,-0.135013234802016,-4.6490691002166724e-05,0.28965405443478653,0.33269352578171263,-4.649068990036329e-05,-0.12989390828898598,-0.18620412074617537,4.64906910508766e-05,-0.4975111795595065,-0.6203655370196797,-4.649069100216198e-05,0.07207262238770443,0.08420008581682668,4.649069100223228e-05,2.902146031616782e-17,-5.1202569504961255e-15
341.0,"[0.06062, 0.0456, 0.37387931059010393]",0.0456,0.37387931059010393,4.6490691132300435e-05,-0.11689707827903575,-0.1340417765337372,-4.6490691131785005e-05,0.28965405443478653,0.33038637420570804,-4.649069004648466e-05,-0.12989390828898598,-0.1831792113752067,4.649069118843616e-05,-0.4975111795595065,-0.6137716925061749,-4.649069113175052e-05,0.07207262238770443,0.0835496290119076,4.6490691132332805e-05,2.902146031616782e-17,-4.89942676715434e-15
341.02,"[0.06062, 0.0456, 0.37512839379256396]",0.0456,0.37512839379256396,4.649069117855021e-05,-0.11517817790481859,-0.1330132472490073,-4.649069117850862e-05,0.285487869569097,0.3279393666431123,-4.6490690091295154e-05,-0.1252252966239554,-0.18001160737242644,4.649069122648049e-05,-0.486606606736092,-0.6068295231244165,-4.649069117850495e-05,0.07094006934853478,0.08286189878754743,4.649069117855195e-05,2.8867089660186377e-17,-4.9543786687923684e-15
341.04,"[0.06062, 0.0456, 0.37512839379256396]",0.0456,0.37512839379256396,4.649069124315565e-05,-0.11517817790481859,-0.1330132472490073,-4.649069124445771e-05,0.285487869569097,0.3279393666431123,-4.649069013980741e-05,-0.1252252966239554,-0.18001160737242644,4.649069126010014e-05,-0.486606606736092,-0.6068295231244165,-4.64906912445417e-05,0.07094006934853478,0.08286189878754743,4.6490691243070904e-05,2.8867089660186377e-17,-4.9543786687923684e-15
341.06,"[0.06062, 0.0456, 0.3763725540526068]",0.0456,0.3763725540526068,4.6490691358907234e-05,-0.11343828491122147,-0.13196144103003507,-4.6490691358430876e-05,0.2812705330331386,0.32543264687493256,-4.64906902957172e-05,-0.12056433609098438,-0.17681037061904778,4.6490691418792985e-05,-0.4756429177265025,-0.5997727749538876,-4.649069135839958e-05,0.0697958618470457,0.08215964592923296,4.649069135893782e-05,2.9149676478223105e-17,-4.7889333748337165e-15
341.08,"[0.06062, 0.0456, 0.3763725540526068]",0.0456,0.3763725540526068,4.649069143293869e-05,-0.11343828491122147,-0.13196144103003507,-4.649069143426102e-05,0.2812705330331386,0.32543264687493256,-4.649069034689192e-05,-0.12056433609098438,-0.17681037061904778,4.64906914511155e-05,-0.4756429177265025,-0.5997727749538876,-4.649069143434668e-05,0.0697958618470457,0.08215964592923296,4.649069143285266e-05,2.9149676478223105e-17,-4.7889333748337165e-15
341.1,"[0.06062, 0.0456, 0.3763725540526068]",0.0456,0.3763725540526068,4.6490691548447674e-05,-0.11343828491122147,-0.13094190321429253,-4.6490691547960895e-05,0.2812705330331386,0.3230026858972302,-4.6490690501303946e-05,-0.12056433609098438,-0.17370849059860285,4.649069160799832e-05,-0.4756429177265025,-0.5929337980149026,-4.6490691547929256e-05,0.0697958618470457,0.0814789680314549,4.6490691548479374e-05,2.9149676478223105e-17,-4.8834487187786946e-15
341.12,"[0.06062, 0.0456, 0.37761056353426503]",0.0456,0.37761056353426503,4.649069162349867e-05,-0.11167866738447374,-0.13094190321429253,-4.649069162477849e-05,0.27700612075333286,0.3230026858972302,-4.649069055458721e-05,-0.11591519154224088,-0.17370849059860285,4.64906916427365e-05,-0.46462921396592594,-0.5929337980149026,-4.649069162486131e-05,0.06864091223127154,0.0814789680314549,4.6490691623415626e-05,2.959207821038076e-17,-4.8834487187786946e-15
341.14,"[0.06062, 0.0456, 0.37761056353426503]",0.0456,0.37761056353426503,4.649069173824193e-05,-0.11167866738447374,-0.12991550329690832,-4.649069173774465e-05,0.27700612075333286,0.32055242082222435,-4.649069070697233e-05,-0.11591519154224088,-0.17062422142452313,4.649069179718805e-05,-0.46462921396592594,-0.5860919153785028,-4.649069173771182e-05,0.06864091223127154,0.08079478689507856,4.649069173827403e-05,2.959207821038076e-17,-4.569641453356355e-15
341.16,"[0.06062, 0.0456, 0.37884120047164704]",0.0456,0.37884120047164704,4.6490691812894755e-05,-0.1099006720461763,-0.12991550329690832,-4.649069181421599e-05,0.2726989209748055,0.32055242082222435,-4.649069076062827e-05,-0.11128205480746599,-0.17062422142452313,4.649069183246617e-05,-0.45357488446888583,-0.5860919153785028,-4.6490691814300986e-05,0.06747617885078855,0.08079478689507856,4.6490691812808256e-05,2.9583602586249284e-17,-4.569641453356355e-15
341.18,"[0.06062, 0.0456, 0.37884120047164704]",0.0456,0.37884120047164704,4.649069192629285e-05,-0.1099006720461763,-0.12882361811919826,-4.6490691925791244e-05,0.2726989209748055,0.3179426787124537,-4.649069091071073e-05,-0.11128205480746599,-0.16737880921740722,4.64906919845469e-05,-0.45357488446888583,-0.5788535690608212,-4.6490691925757864e-05,0.06747617885078855,0.0800679812999503,4.64906919263246e-05,2.9583602586249284e-17,-4.609316864163751e-15
341.2,"[0.06062, 0.0456, 0.37884120047164704]",0.0456,0.37884120047164704,4.649069199701749e-05,-0.1099006720461763,-0.12882361811919826,-4.649069199848848e-05,0.2726989209748055,0.3179426787124537,-4.649069095950962e-05,-0.11128205480746599,-0.16737880921740722,4.64906920148009e-05,-0.45357488446888583,-0.5788535690608212,-4.649069199858377e-05,0.06747617885078855,0.0800679812999503,4.649069199692188e-05,2.9583602586249284e-17,-4.609316864163751e-15
341.22,"[0.06062, 0.0456, 0.3800632503746722]",0.0456,0.3800632503746722,4.649069210883227e-05,-0.10810572753768186,-0.12770206973058654,-4.649069210832435e-05,0.2683534342881829,0.31525892597874516,-4.6490691108983644e-05,-0.10666914476987996,-0.1640846358488609,4.6490692167016374e-05,-0.4424896147454733,-0.5714629612726299,-4.64906921082911e-05,0.0663026675077503,0.07932258658224939,4.6490692108864784e-05,2.934716598028108e-17,-4.5989792514199e-15
341.24,"[0.06062, 0.0456, 0.3800632503746722]",0.0456,0.3800632503746722,4.64906921658407e-05,-0.10810572753768186,-0.12770206973058654,-4.6490692165773194e-05,0.2683534342881829,0.31525892597874516,-4.649069116852943e-05,-0.10666914476987996,-0.1640846358488609,4.649069221977182e-05,-0.4424896147454733,-0.5714629612726299,-4.649069216576825e-05,0.0663026675077503,0.07932258658224939,4.64906921658445e-05,2.934716598028108e-17,-4.5989792514199e-15
341.26,"[0.06062, 0.0456, 0.3812755072276261]",0.0456,0.3812755072276261,4.649069230768798e-05,-0.10629534779065278,-0.12664292053520193,-4.6490692306989186e-05,0.2639743733546508,0.31272423243408065,-4.6490691327707886e-05,-0.10208070728860208,-0.16097648805957915,4.64906923696637e-05,-0.431383395744061,-0.5644866284301402,-4.649069230694392e-05,0.06512143293447847,0.07861874157672274,4.649069230773298e-05,2.995021855723785e-17,-4.427480539296657e-15
341.28,"[0.06062, 0.0456, 0.3812755072276261]",0.0456,0.3812755072276261,4.6490692371462243e-05,-0.10629534779065278,-0.12664292053520193,-4.6490692371343943e-05,0.2639743733546508,0.31272423243408065,-4.64906913919612e-05,-0.10208070728860208,-0.16097648805957915,4.6490692425509336e-05,-0.431383395744061,-0.5644866284301402,-4.649069237133593e-05,0.06512143293447847,0.07861874157672274,4.6490692371469474e-05,2.995021855723785e-17,-4.427480539296657e-15
341.3,"[0.06062, 0.0456, 0.3812755072276261]",0.0456,0.3812755072276261,4.6490692510795985e-05,-0.10629534779065278,-0.12554898898916364,-4.649069251009823e-05,0.2639743733546508,0.3101038195109576,-4.649069154749989e-05,-0.10208070728860208,-0.15780408407940621,4.649069257158205e-05,-0.431383395744061,-0.5573239056394426,-4.649069251005271e-05,0.06512143293447847,0.07789291953895762,4.6490692510840986e-05,2.995021855723785e-17,-4.199763985425566e-15
341.32,"[0.06062, 0.0456, 0.3824767746793524]",0.0456,0.3824767746793524,4.649069257137986e-05,-0.10447113546545524,-0.12554898898916364,-4.6490692571293694e-05,0.25956666229764647,0.3101038195109576,-4.649069160842983e-05,-0.09752101493362317,-0.15780408407940621,4.649069262434052e-05,-0.4202665327252563,-0.5573239056394426,-4.6490692571287995e-05,0.06393358028689829,0.07789291953895762,4.6490692571385567e-05,3.016581300699865e-17,-4.199763985425566e-15
341.34,"[0.06062, 0.0456, 0.3824767746793524]",0.0456,0.3824767746793524,4.649069270810686e-05,-0.10447113546545524,-0.12441901497536184,-4.6490692707406833e-05,0.25956666229764647,0.3073950061042728,-4.6490691761268206e-05,-0.09752101493362317,-0.1545657423112338,4.649069276802413e-05,-0.4202665327252563,-0.5499688818814167,-4.649069270736123e-05,0.06393358028689829,0.07714436909534508,4.649069270815202e-05,3.016581300699865e-17,-3.9885779578116e-15
341.36,"[0.06062, 0.0456, 0.38366586722390705]",0.0456,0.38366586722390705,4.6490692766653624e-05,-0.10263478543403798,-0.12441901497536184,-4.649069276658934e-05,0.2551354357224861,0.3073950061042728,-4.6490691820235956e-05,-0.09299436649807016,-0.1545657423112338,4.649069281900213e-05,-0.40914965395484604,-0.5499688818814167,-4.649069276658487e-05,0.06274026664041676,0.07714436909534508,4.6490692766657466e-05,3.090153704553526e-17,-3.9885779578116e-15
341.381,"[0.06062, 0.0456, 0.38366586722390705]",0.0456,0.38366586722390705,4.649069291020498e-05,-0.10263478543403798,-0.12325314112740088,-4.649069291189015e-05,0.2551354357224861,0.3045985240630458,-4.6490691955767936e-05,-0.09299436649807016,-0.15126357252888015,4.6490692932441736e-05,-0.40914965395484604,-0.5424245257114247,-4.649069291199897e-05,0.06274026664041676,0.07637326289353244,4.649069291009545e-05,3.090153704553526e-17,-3.801328007903062e-15
341.4,"[0.06062, 0.0456, 0.38366586722390705]",0.0456,0.38366586722390705,4.6490692959623186e-05,-0.10263478543403798,-0.12325314112740088,-4.649069295957229e-05,0.2551354357224861,0.3045985240630458,-4.649069202988907e-05,-0.09299436649807016,-0.15126357252888015,4.64906930117852e-05,-0.40914965395484604,-0.5424245257114247,-4.649069295956866e-05,0.06274026664041676,0.07637326289353244,4.649069295962604e-05,3.090153704553526e-17,-3.801328007903062e-15
341.42,"[0.06062, 0.0456, 0.38484161137050943]",0.0456,0.38484161137050943,4.6490693094413314e-05,-0.10078808827830703,-0.12205199691839184,-4.6490693093680014e-05,0.2506860373176961,0.30171631129392684,-4.649069218082859e-05,-0.08850508625128636,-0.14790092891608497,4.6490693153885076e-05,-0.39804371908474956,-0.5346968100550971,-4.649069309363208e-05,0.06154270247185085,0.07558009285067012,4.649069309446103e-05,3.125235342178497e-17,-3.635979660355347e-15
341.44,"[0.06062, 0.0456, 0.38484161137050943]",0.0456,0.38484161137050943,4.64906931521532e-05,-0.10078808827830703,-0.12205199691839184,-4.649069315210935e-05,0.2506860373176961,0.30171631129392684,-4.649069223934693e-05,-0.08850508625128636,-0.14790092891608497,4.6490693204461054e-05,-0.39804371908474956,-0.5346968100550971,-4.649069315210618e-05,0.06154270247185085,0.07558009285067012,4.6490693152155265e-05,3.125235342178497e-17,-3.635979660355347e-15
341.46,"[0.06062, 0.0456, 0.38600284680163616]",0.0456,0.38600284680163616,4.649069328712016e-05,-0.09893293376871037,-0.12090927469469893,-4.64906932863609e-05,0.24622401798388985,0.2989741722416091,-4.6490692390517456e-05,-0.0840575228951778,-0.14470427090672044,4.649069334682872e-05,-0.38696002707054844,-0.5273477168330274,-4.6490693286311176e-05,0.06034215310771548,0.07482557709452001,4.6490693287168915e-05,3.1080674358310384e-17,-3.4882519580450412e-15
341.48,"[0.06062, 0.0456, 0.38600284680163616]",0.0456,0.38600284680163616,4.649069334925818e-05,-0.09893293376871037,-0.11970851465137515,-4.6490693349164985e-05,0.24622401798388985,0.2960922186363142,-4.6490692453903486e-05,-0.0840575228951778,-0.14138297674612516,4.6490693401977584e-05,-0.38696002707054844,-0.5196684289822325,-4.6490693349157836e-05,0.06034215310771548,0.07403397782920045,4.6490693349263214e-05,3.1080674358310384e-17,-3.556705596452883e-15
341.5,"[0.06062, 0.0456, 0.38600284680163616]",0.0456,0.38600284680163616,4.6490693427884425e-05,-0.09893293376871037,-0.11970851465137515,-4.6490693429676334e-05,0.24622401798388985,0.2960922186363142,-4.649069252218072e-05,-0.0840575228951778,-0.14138297674612516,4.6490693454353555e-05,-0.38696002707054844,-0.5196684289822325,-4.649069342979265e-05,0.06034215310771548,0.07403397782920045,4.6490693427768274e-05,3.1080674358310384e-17,-3.556705596452883e-15
341.52,"[0.06062, 0.0456, 0.3871484275181144]",0.0456,0.3871484275181144,4.649069355146901e-05,-0.09707131428074996,-0.11849010971659266,-4.649069355076421e-05,0.24175513342770708,0.29316777435906916,-4.649069268095007e-05,-0.07965604818533968,-0.13805341763563939,4.649069361459234e-05,-0.3759102234518478,-0.5119226778784848,-4.649069355071779e-05,0.05913994011554309,0.0732320995153115,4.649069355151399e-05,3.091782626442736e-17,-3.397289258619023e-15
341.54,"[0.06062, 0.0456, 0.3871484275181144]",0.0456,0.3871484275181144,4.649069363882568e-05,-0.09707131428074996,-0.11849010971659266,-4.6490693640623574e-05,0.24175513342770708,0.29316777435906916,-4.649069275279062e-05,-0.07965604818533968,-0.13805341763563939,4.649069366681784e-05,-0.3759102234518478,-0.5119226778784848,-4.649069364074008e-05,0.05913994011554309,0.0732320995153115,4.6490693638709225e-05,3.091782626442736e-17,-3.397289258619023e-15
341.56,"[0.06062, 0.0456, 0.3882772229700846]",0.0456,0.3882772229700846,4.649069376208114e-05,-0.09520532809945931,-0.1172409313186306,-4.649069376137066e-05,0.2372853411498019,0.2901698671888657,-4.649069290966902e-05,-0.07530505517784529,-0.13467969194756918,4.649069382475342e-05,-0.3649063067978756,-0.5040270964778804,-4.6490693761324326e-05,0.05793744261096885,0.07241132883639992,4.649069376212729e-05,3.099208036455412e-17,-3.2186755091268904e-15
341.58,"[0.06062, 0.0456, 0.3882772229700846]",0.0456,0.3882772229700846,4.64906938482324e-05,-0.09520532809945931,-0.1172409313186306,-4.649069385012996e-05,0.2372853411498019,0.2901698671888657,-4.649069298062078e-05,-0.07530505517784529,-0.13467969194756918,4.649069387609462e-05,-0.3649063067978756,-0.5040270964778804,-4.649069385025243e-05,0.05793744261096885,0.07241132883639992,4.649069384810897e-05,3.099208036455412e-17,-3.2186755091268904e-15
341.601,"[0.06062, 0.0456, 0.3882772229700846]",0.0456,0.3882772229700846,4.6490694040897816e-05,-0.09520532809945931,-0.11605393142109834,-4.6490694040029444e-05,0.2372853411498019,0.28732116275640296,-4.6490693212049155e-05,-0.07530505517784529,-0.13147642052755096,4.6490694102834966e-05,-0.3649063067978756,-0.49652740831429354,-4.649069403997251e-05,0.05793744261096885,0.07163149614912746,4.649069404095369e-05,3.099208036455412e-17,-3.0495344101163468e-15
341.62,"[0.06062, 0.0456, 0.38941014696406867]",0.0456,0.38941014696406867,4.6490694058225264e-05,-0.09330039015778024,-0.11605393142109834,-4.649069405999895e-05,0.2327330154354203,0.28732116275640296,-4.649069321004529e-05,-0.07092405680180482,-0.13147642052755096,4.649069408765231e-05,-0.3537446797942112,-0.49652740831429354,-4.6490694060113e-05,0.05671241593357705,0.07163149614912746,4.649069405810938e-05,3.0848190367346316e-17,-3.0495344101163468e-15
341.64,"[0.06062, 0.0456, 0.38941014696406867]",0.0456,0.38941014696406867,4.649069424916457e-05,-0.09330039015778024,-0.1148325926965043,-4.649069424829255e-05,0.2327330154354203,0.28439100194901396,-4.649069343796286e-05,-0.07092405680180482,-0.12822005630767408,4.6490694310253324e-05,-0.3537446797942112,-0.4888562830895211,-4.6490694248235835e-05,0.05671241593357705,0.07083047993387474,4.649069424922091e-05,3.0848190367346316e-17,-2.854746693126598e-15
341.66,"[0.06062, 0.0456, 0.3904800198055791]",0.0456,0.3904800198055791,4.649069426570927e-05,-0.09146870638263398,-0.1148325926965043,-4.6490694267595044e-05,0.22836640183257478,0.28439100194901396,-4.649069343555691e-05,-0.06677160438992719,-0.12822005630767408,4.6490694294624746e-05,-0.3430837883007213,-0.4888562830895211,-4.649069426771663e-05,0.05553714215351711,0.07083047993387474,4.649069426558635e-05,3.054647294897156e-17,-2.854746693126598e-15
341.68,"[0.06062, 0.0456, 0.3904800198055791]",0.0456,0.3904800198055791,4.649069438519484e-05,-0.09146870638263398,-0.1135561795144936,-4.6490694384466915e-05,0.22836640183257478,0.28133011175860656,-4.649069358608973e-05,-0.06677160438992719,-0.12485435905696318,4.649069444600283e-05,-0.3430837883007213,-0.48088251342613564,-4.649069438441918e-05,0.05553714215351711,0.06999467720011397,4.6490694385241605e-05,3.054647294897156e-17,-2.9120162395238584e-15
341.7,"[0.06062, 0.0456, 0.3904800198055791]",0.0456,0.3904800198055791,4.6490694458179585e-05,-0.09146870638263398,-0.1135561795144936,-4.64906944580489e-05,0.22836640183257478,0.28133011175860656,-4.6490693663945454e-05,-0.06677160438992719,-0.12485435905696318,4.649069451548654e-05,-0.3430837883007213,-0.48088251342613564,-4.649069445803982e-05,0.05553714215351711,0.06999467720011397,4.649069445818758e-05,3.054647294897156e-17,-2.9120162395238584e-15
341.72,"[0.06062, 0.0456, 0.3915518472945736]",0.0456,0.3915518472945736,4.6490694600931416e-05,-0.08960380499243753,-0.11226664711504392,-4.6490694599963895e-05,0.22393302369505652,0.2782397658986617,-4.6490693822753506e-05,-0.06259915785006548,-0.12149488621740828,4.649069466462365e-05,-0.3322952484390322,-0.4728739644515881,-4.649069459990076e-05,0.05434291741066604,0.06915175343250711,4.649069460099373e-05,2.987821597080212e-17,-2.7560006679935955e-15
341.74,"[0.06062, 0.0456, 0.3915518472945736]",0.0456,0.3915518472945736,4.6490694676802475e-05,-0.08960380499243753,-0.11226664711504392,-4.649069467666397e-05,0.22393302369505652,0.2782397658986617,-4.649069390184016e-05,-0.06259915785006548,-0.12149488621740828,4.649069473406757e-05,-0.3322952484390322,-0.4728739644515881,-4.649069467665454e-05,0.05434291741066604,0.06915175343250711,4.649069467681066e-05,2.987821597080212e-17,-2.7560006679935955e-15
341.76,"[0.06062, 0.0456, 0.3926025438753721]",0.0456,0.3926025438753721,4.649069481790799e-05,-0.08774355902215057,-0.11104342054205252,-4.649069481693598e-05,0.2195230754058937,0.27530840628469505,-4.649069405840852e-05,-0.05849436779342607,-0.11831086754657001,4.649069488095579e-05,-0.3216021023309675,-0.4652803307781275,-4.6490694816872e-05,0.05315426723645881,0.06835226698671418,4.6490694817970266e-05,3.005999215166142e-17,-2.5823551591007188e-15
341.78,"[0.06062, 0.0456, 0.3926025438753721]",0.0456,0.3926025438753721,4.649069489563615e-05,-0.08774355902215057,-0.11104342054205252,-4.6490694895461e-05,0.2195230754058937,0.27530840628469505,-4.6490694139553254e-05,-0.05849436779342607,-0.11831086754657001,4.649069495238712e-05,-0.3216021023309675,-0.4652803307781275,-4.649069489544889e-05,0.05315426723645881,0.06835226698671418,4.649069489564601e-05,3.005999215166142e-17,-2.5823551591007188e-15
341.8,"[0.06062, 0.0456, 0.3926025438753721]",0.0456,0.3926025438753721,4.649069503402193e-05,-0.08774355902215057,-0.10979078115086562,-4.649069503305638e-05,0.2195230754058937,0.27230901006563746,-4.6490694292749605e-05,-0.05849436779342607,-0.11508881382733041,4.649069509590951e-05,-0.3216021023309675,-0.4575487656774959,-4.6490695032992826e-05,0.05315426723645881,0.06753497405352572,4.6490695034083276e-05,3.005999215166142e-17,-2.382536855943655e-15
341.82,"[0.06062, 0.0456, 0.39363107263730135]",0.0456,0.39363107263730135,4.649069510966707e-05,-0.08589112434090014,-0.10979078115086562,-4.64906951095278e-05,0.21514486494777268,0.27230901006563746,-4.6490694371813056e-05,-0.05446224656897535,-0.11508881382733041,4.64906951654173e-05,-0.31102025111742204,-0.4575487656774959,-4.649069510951833e-05,0.05197312182662255,0.06753497405352572,4.64906951096755e-05,3.03416594726374e-17,-2.382536855943655e-15
341.84,"[0.06062, 0.0456, 0.39363107263730135]",0.0456,0.39363107263730135,4.6490695245431e-05,-0.08589112434090014,-0.10850870676122121,-4.649069524446613e-05,0.21514486494777268,0.26924210062093135,-4.6490694522141347e-05,-0.05446224656897535,-0.11182980462961596,4.649069530634528e-05,-0.31102025111742204,-0.4496805609782071,-4.649069524440301e-05,0.05197312182662255,0.06669992667288545,4.6490695245493145e-05,3.03416594726374e-17,-2.2020940992890627e-15
341.86,"[0.06062, 0.0456, 0.39463641854664916]",0.0456,0.39463641854664916,4.649069531970046e-05,-0.08404929102331225,-0.10850870676122121,-4.649069531958405e-05,0.21080546244186293,0.26924210062093135,-4.649069459996014e-05,-0.0505072574400416,-0.11182980462961596,4.649069537473499e-05,-0.3005638856018888,-0.4496805609782071,-4.64906953195765e-05,0.050801228730360755,0.06669992667288545,4.649069531970764e-05,3.1222336091587206e-17,-2.2020940992890627e-15
341.88,"[0.06062, 0.0456, 0.39463641854664916]",0.0456,0.39463641854664916,4.649069545356603e-05,-0.08404929102331225,-0.10719829045949814,-4.6490695452590146e-05,0.21080546244186293,0.2661108563639481,-4.649069474822186e-05,-0.0505072574400416,-0.10853740116061428,4.6490695513804024e-05,-0.3005638856018888,-0.441683445041685,-4.649069545252663e-05,0.050801228730360755,0.06584789071534576,4.64906954536293e-05,3.1222336091587206e-17,-2.0434286320659794e-15
341.9,"[0.06062, 0.0456, 0.39463641854664916]",0.0456,0.39463641854664916,4.6490695527230296e-05,-0.08404929102331225,-0.10592674344541586,-4.6490695527126857e-05,0.21080546244186293,0.26307256917401134,-4.649069482563345e-05,-0.0505072574400416,-0.10534372904429785,4.649069558183967e-05,-0.3005638856018888,-0.4339247837360663,-4.649069552711977e-05,0.050801228730360755,0.06502116764094343,4.6490695527236124e-05,3.1222336091587206e-17,-2.118159844315087e-15
341.92,"[0.06062, 0.0456, 0.3956175894483799]",0.0456,0.3956175894483799,4.649069561654508e-05,-0.08222096721835984,-0.10592674344541586,-4.6490695618632503e-05,0.20651208392810744,0.26307256917401134,-4.649069491138927e-05,-0.0466338539244142,-0.10534372904429785,4.649069565173206e-05,-0.2902475323334999,-0.4339247837360663,-4.649069561876792e-05,0.049640391647301496,0.06502116764094343,4.6490695616409584e-05,3.098937194867996e-17,-2.118159844315087e-15
341.94,"[0.06062, 0.0456, 0.3956175894483799]",0.0456,0.3956175894483799,4.649069574131925e-05,-0.08222096721835984,-0.10464661769598331,-4.649069574040435e-05,0.20651208392810744,0.26001771916446637,-4.64906950639101e-05,-0.0466338539244142,-0.10216689754932871,4.6490695804093904e-05,-0.2902475323334999,-0.42615860456463606,-4.64906957403447e-05,0.049640391647301496,0.06419035216418881,4.649069574137833e-05,3.098937194867996e-17,-1.959340753571044e-15
341.96,"[0.06062, 0.0456, 0.39657361704527166]",0.0456,0.39657361704527166,4.64906958372919e-05,-0.08040918034667999,-0.10464661769598331,-4.6490695839361964e-05,0.20227208994170806,0.26001771916446637,-4.6490695152709386e-05,-0.04284647872656966,-0.10216689754932871,4.649069587363831e-05,-0.2800860597441485,-0.42615860456463606,-4.649069583949566e-05,0.048492474431160844,0.06419035216418881,4.64906958371569e-05,3.045297583065754e-17,-1.959340753571044e-15
341.98,"[0.06062, 0.0456, 0.39657361704527166]",0.0456,0.39657361704527166,4.649069596082687e-05,-0.08040918034667999,-0.10464661769598331,-4.6490695959923945e-05,0.20227208994170806,0.26001771916446637,-4.6490695302336564e-05,-0.04284647872656966,-0.10216689754932871,4.649069602271346e-05,-0.2800860597441485,-0.42615860456463606,-4.64906959598653e-05,0.048492474431160844,0.06419035216418881,4.649069596088513e-05,3.045297583065754e-17,-1.959340753571044e-15
342.0,"[0.06062, 0.0456, 0.39657361704527166]",0.0456,0.39657361704527166,4.6490696095983715e-05,-0.08040918034667999,-0.10334303772623056,-4.649069609493037e-05,0.20227208994170806,0.25691127207160713,-4.6490695446878725e-05,-0.04284647872656966,-0.0989695508768054,4.6490696155010886e-05,-0.2800860597441485,-0.41829425874836174,-4.6490696094861437e-05,0.048492474431160844,0.0633457973891817,4.6490696096051606e-05,3.045297583065754e-17,-1.785731156213644e-15
342.02,"[0.06062, 0.0456, 0.3975035578535091]",0.0456,0.3975035578535091,4.649069616965913e-05,-0.07861707562191037,-0.10334303772623056,-4.6490696169578565e-05,0.19809297260772402,0.25691127207160713,-4.649069552410174e-05,-0.03914955702359175,-0.0989695508768054,4.649069622258562e-05,-0.27009466392503245,-0.41829425874836174,-4.649069616957345e-05,0.04735939967753763,0.0633457973891817,4.6490696169664285e-05,3.052707267711255e-17,-1.785731156213644e-15
342.04,"[0.06062, 0.0456, 0.3975035578535091]",0.0456,0.3975035578535091,4.6490696296052165e-05,-0.07861707562191037,-0.10203168942950047,-4.649069629506368e-05,0.19809297260772402,0.25379123075984067,-4.6490695663647493e-05,-0.03914955702359175,-0.09579158122431744,4.649069635343727e-05,-0.27009466392503245,-0.4104281372893664,-4.649069629499911e-05,0.04735939967753763,0.06249774340442853,4.649069629611573e-05,3.052707267711255e-17,-1.5708798016423706e-15
342.06,"[0.06062, 0.0456, 0.3984064941337874]",0.0456,0.3984064941337874,4.649069636948878e-05,-0.07684791341473306,-0.10066098036541314,-4.649069636940017e-05,0.1939823409338031,0.25053489881044516,-4.649069574146552e-05,-0.035547489027438706,-0.09250405738895498,4.649069642198763e-05,-0.26028885001600477,-0.40224630639619163,-4.649069636939413e-05,0.04624314666445821,0.06161269578593129,4.649069636949396e-05,3.0912465243555387e-17,-1.6334776503985115e-15
342.08,"[0.06062, 0.0456, 0.3984064941337874]",0.0456,0.3984064941337874,4.6490696454749995e-05,-0.07684791341473306,-0.10066098036541314,-4.6490696457190324e-05,0.1939823409338031,0.25053489881044516,-4.649069582471795e-05,-0.035547489027438706,-0.09250405738895498,4.649069648948493e-05,-0.26028885001600477,-0.40224630639619163,-4.6490696457348556e-05,0.04624314666445821,0.06161269578593129,4.6490696454591295e-05,3.0912465243555387e-17,-1.6334776503985115e-15
342.1,"[0.06062, 0.0456, 0.3984064941337874]",0.0456,0.3984064941337874,4.64906965735947e-05,-0.07684791341473306,-0.09937391622577109,-4.6490696572654806e-05,0.1939823409338031,0.24747770421366141,-4.649069596855915e-05,-0.035547489027438706,-0.08942063141663856,4.649069663373215e-05,-0.26028885001600477,-0.394567838317882,-4.64906965725937e-05,0.04624314666445821,0.0607817945425251,4.649069657365552e-05,3.0912465243555387e-17,-1.5288332794290132e-15
342.12,"[0.06062, 0.0456, 0.3992815347970109]",0.0456,0.3992815347970109,4.649069666791247e-05,-0.0751050653302235,-0.09937391622577109,-4.649069667005753e-05,0.18994790426684077,0.24747770421366141,-4.6490696058594644e-05,-0.03204464186116444,-0.08942063141663856,4.649069670525216e-05,-0.2506844089079245,-0.394567838317882,-4.649069667019581e-05,0.04514574860427341,0.0607817945425251,4.6490696667772574e-05,3.1436783035284235e-17,-1.5288332794290132e-15
342.14,"[0.06062, 0.0456, 0.3992815347970109]",0.0456,0.3992815347970109,4.6490696787308127e-05,-0.0751050653302235,-0.09804068807229306,-4.649069678635282e-05,0.18994790426684077,0.2443162116647605,-4.649069620115377e-05,-0.03204464186116444,-0.08626095090455405,4.649069684703502e-05,-0.2506844089079245,-0.38665445894438055,-4.649069678628986e-05,0.04514574860427341,0.05992250650629012,4.649069678736938e-05,3.1436783035284235e-17,-1.5788422528837442e-15
342.16,"[0.06062, 0.0456, 0.40012781628368993]",0.0456,0.40012781628368993,4.649069687277372e-05,-0.07339200884610353,-0.09804068807229306,-4.649069687252876e-05,0.18599745380198984,0.2443162116647605,-4.6490696293798976e-05,-0.02864534075562537,-0.08626095090455405,4.649069693012801e-05,-0.2412973888245516,-0.38665445894438055,-4.649069687251188e-05,0.044069289132104054,0.05992250650629012,4.649069687278872e-05,3.0853841534867716e-17,-1.5788422528837442e-15
342.18,"[0.06062, 0.0456, 0.40012781628368993]",0.0456,0.40012781628368993,4.649069700803161e-05,-0.07339200884610353,-0.0967085384790847,-4.649069700682157e-05,0.18599745380198984,0.24116329541551434,-4.649069644284218e-05,-0.02864534075562537,-0.08314000867195415,4.649069706960709e-05,-0.2412973888245516,-0.37879023009943685,-4.649069700674254e-05,0.044069289132104054,0.059065422542025216,4.649069700810965e-05,3.0853841534867716e-17,-1.4347229192116588e-15
342.2,"[0.06062, 0.0456, 0.40012781628368993]",0.0456,0.40012781628368993,4.649069709546283e-05,-0.07339200884610353,-0.0967085384790847,-4.6490697095222736e-05,0.18599745380198984,0.24116329541551434,-4.649069653632761e-05,-0.02864534075562537,-0.08314000867195415,4.649069715248506e-05,-0.2412973888245516,-0.37879023009943685,-4.6490697095206365e-05,0.044069289132104054,0.059065422542025216,4.6490697095477456e-05,3.0853841534867716e-17,-1.4347229192116588e-15
342.22,"[0.06062, 0.0456, 0.40094450341616983]",0.0456,0.40094450341616983,4.649069722837941e-05,-0.07171232036037979,-0.09536264782752114,-4.649069722719056e-05,0.1821388420452501,0.23798406545791764,-4.649069668233317e-05,-0.025353859583524763,-0.08002150627896949,4.6490697288963105e-05,-0.2321440613679714,-0.37088589461438776,-4.649069722711271e-05,0.043015897957073855,0.058200962651593385,4.6490697228455686e-05,3.1030251801889893e-17,-1.2740306215240215e-15
342.24,"[0.06062, 0.0456, 0.40094450341616983]",0.0456,0.40094450341616983,4.649069731452467e-05,-0.07171232036037979,-0.09536264782752114,-4.649069731432016e-05,0.1821388420452501,0.23798406545791764,-4.649069677450743e-05,-0.025353859583524763,-0.08002150627896949,4.649069737063456e-05,-0.2321440613679714,-0.37088589461438776,-4.6490697314305985e-05,0.043015897957073855,0.058200962651593385,4.649069731453699e-05,3.1030251801889893e-17,-1.2740306215240215e-15
342.26,"[0.06062, 0.0456, 0.40173079022285074]",0.0456,0.40173079022285074,4.649069744472794e-05,-0.07006966650227728,-0.0940576715787832,-4.649069744355006e-05,0.17837996014938165,0.23490165563677948,-4.649069691740798e-05,-0.022174410759355216,-0.07699886884944421,4.649069750424147e-05,-0.2232408816444918,-0.36322310329342455,-4.649069744347291e-05,0.04198774560616089,0.05736282609610725,4.649069744480381e-05,3.0956961940003606e-17,-1.3071379815256358e-15
342.28,"[0.06062, 0.0456, 0.40173079022285074]",0.0456,0.40173079022285074,4.649069753002398e-05,-0.07006966650227728,-0.09274895550955493,-4.6490697529803175e-05,0.17837996014938165,0.2318168607461109,-4.6490697008727045e-05,-0.022174410759355216,-0.07400129437748552,4.649069758520915e-05,-0.2232408816444918,-0.3555783754072825,-4.649069752978831e-05,0.04198774560616089,0.05652373239355324,4.6490697530037674e-05,3.0956961940003606e-17,-1.2536183310161587e-15
342.3,"[0.06062, 0.0456, 0.40173079022285074]",0.0456,0.40173079022285074,4.649069762557444e-05,-0.07006966650227728,-0.09274895550955493,-4.6490697627861794e-05,0.17837996014938165,0.2318168607461109,-4.649069710617698e-05,-0.022174410759355216,-0.07400129437748552,4.649069766680504e-05,-0.2232408816444918,-0.3555783754072825,-4.6490697628009394e-05,0.04198774560616089,0.05652373239355324,4.649069762542526e-05,3.0956961940003606e-17,-1.2536183310161587e-15
342.32,"[0.06062, 0.0456, 0.4024859007335841]",0.0456,0.4024859007335841,4.6490697747244196e-05,-0.06846779357105107,-0.09143651660053466,-4.649069774617674e-05,0.1747287130668937,0.22872992463602349,-4.649069724845638e-05,-0.019111134546393935,-0.071027793612118,4.649069780771954e-05,-0.21460444213748459,-0.34795067435796834,-4.649069774610737e-05,0.040987037196756344,0.05568366643366005,4.6490697747313375e-05,3.037877137949019e-17,-1.0925227027829214e-15
342.34,"[0.06062, 0.0456, 0.4024859007335841]",0.0456,0.4024859007335841,4.6490697846521655e-05,-0.06846779357105107,-0.09143651660053466,-4.649069784878574e-05,0.1747287130668937,0.22872992463602349,-4.649069734749658e-05,-0.019111134546393935,-0.071027793612118,4.64906978882073e-05,-0.21460444213748459,-0.34795067435796834,-4.649069784893168e-05,0.040987037196756344,0.05568366643366005,4.6490697846374644e-05,3.037877137949019e-17,-1.0925227027829214e-15
342.36,"[0.06062, 0.0456, 0.4032090897454612]",0.0456,0.4032090897454612,4.6490697966116215e-05,-0.06691051498397729,-0.090115033877728,-4.649069796507539e-05,0.1711929924936629,0.22562848820615444,-4.649069748629277e-05,-0.016168087825093044,-0.0680652959225151,4.64906980253886e-05,-0.2062514200616067,-0.34030794406563325,-4.64906979650076e-05,0.040016005183315856,0.054839194478729855,4.6490697966183903e-05,3.035633566523025e-17,-9.311599475425959e-16
342.38,"[0.06062, 0.0456, 0.4032090897454612]",0.0456,0.4032090897454612,4.649069806317521e-05,-0.06691051498397729,-0.090115033877728,-4.649069806551649e-05,0.1711929924936629,0.22562848820615444,-4.649069758346965e-05,-0.016168087825093044,-0.0680652959225151,4.649069810425428e-05,-0.2062514200616067,-0.34030794406563325,-4.649069806566846e-05,0.040016005183315856,0.054839194478729855,4.649069806302334e-05,3.035633566523025e-17,-9.311599475425959e-16
342.4,"[0.06062, 0.0456, 0.4032090897454612]",0.0456,0.4032090897454612,4.6490698179897946e-05,-0.06691051498397729,-0.08886122097831603,-4.64906981788794e-05,0.1711929924936629,0.22268630718364027,-4.6490697718480455e-05,-0.016168087825093044,-0.06525672688370063,4.649069823782939e-05,-0.2062514200616067,-0.33305922391451853,-4.64906981788137e-05,0.040016005183315856,0.054038061764914616,4.6490698179963717e-05,3.035633566523025e-17,-7.836558808166077e-16
342.42,"[0.06062, 0.0456, 0.4038996435582392]",0.0456,0.4038996435582392,4.649069827564179e-05,-0.0654016966383318,-0.08886122097831603,-4.6490698277830296e-05,0.16778064761253902,0.22268630718364027,-4.649069781479488e-05,-0.013349232390668816,-0.06525672688370063,4.649069831649036e-05,-0.19819851802090527,-0.33305922391451853,-4.6490698277972123e-05,0.03907690103616986,0.054038061764914616,4.6490698275500014e-05,3.062462913840548e-17,-7.836558808166077e-16
342.44,"[0.06062, 0.0456, 0.4038996435582392]",0.0456,0.4038996435582392,4.649069838962552e-05,-0.0654016966383318,-0.0875975425160719,-4.649069838861743e-05,0.16778064761253902,0.2197276643880342,-4.6490697946146756e-05,-0.013349232390668816,-0.06245552190598183,4.64906984460918e-05,-0.19819851802090527,-0.3257886545841306,-4.649069838855245e-05,0.03907690103616986,0.053231934643166244,4.649069838969117e-05,3.062462913840548e-17,-6.326716267135373e-16
342.46,"[0.06062, 0.0456, 0.40455688067867634]",0.0456,0.40455688067867634,4.6490698482755484e-05,-0.06394524012308338,-0.0875975425160719,-4.6490698485018594e-05,0.16449945368812396,0.2197276643880342,-4.649069804020733e-05,-0.010658422861065876,-0.06245552190598183,4.6490698522747135e-05,-0.1904623979026787,-0.3257886545841306,-4.649069848516517e-05,0.03817198582689622,0.053231934643166244,4.649069848260909e-05,3.0765401499039044e-17,-6.326716267135373e-16
342.48,"[0.06062, 0.0456, 0.40455688067867634]",0.0456,0.40455688067867634,4.6490698593668784e-05,-0.06394524012308338,-0.08629949456231861,-4.649069859268278e-05,0.16449945368812396,0.2166951582111268,-4.649069816767157e-05,-0.010658422861065876,-0.05960579605431966,4.649069864868311e-05,-0.1904623979026787,-0.3183534493126185,-4.6490698592618646e-05,0.03817198582689622,0.05240512610075938,4.649069859373245e-05,3.0765401499039044e-17,-6.406557012488536e-16
342.5,"[0.06062, 0.0456, 0.40455688067867634]",0.0456,0.40455688067867634,4.649069867955257e-05,-0.06394524012308338,-0.08629949456231861,-4.6490698679295345e-05,0.16449945368812396,0.2166951582111268,-4.649069826139274e-05,-0.010658422861065876,-0.05960579605431966,4.649069873283618e-05,-0.1904623979026787,-0.3183534493126185,-4.649069867927823e-05,0.03817198582689622,0.05240512610075938,4.649069867956948e-05,3.0765401499039044e-17,-6.406557012488536e-16
342.52,"[0.06062, 0.0456, 0.40518015249308403]",0.0456,0.40518015249308403,4.649069880046951e-05,-0.06254506375469653,-0.08501533743384253,-4.64906987992142e-05,0.16135707861142387,0.21370218014804143,-4.6490698393657315e-05,-0.00809939428922898,-0.05681521065073217,4.649069885634574e-05,-0.18305960806982866,-0.3110321393980706,-4.64906987991326e-05,0.03730351971478897,0.05158846322778686,4.649069880055082e-05,3.0644457354814054e-17,-5.212177179824545e-16
342.54,"[0.06062, 0.0456, 0.40518015249308403]",0.0456,0.40518015249308403,4.64906988872429e-05,-0.06254506375469653,-0.08501533743384253,-4.6490698886978445e-05,0.16135707861142387,0.21370218014804143,-4.649069848759771e-05,-0.00809939428922898,-0.05681521065073217,4.649069893990338e-05,-0.18305960806982866,-0.3110321393980706,-4.64906988869613e-05,0.03730351971478897,0.05158846322778686,4.6490698887259904e-05,3.0644457354814054e-17,-5.212177179824545e-16
342.56,"[0.06062, 0.0456, 0.40576884390742995]",0.0456,0.40576884390742995,4.649069900561228e-05,-0.06120508145797747,-0.08379904233653572,-4.649069900438231e-05,0.1583610475457798,0.21086785800059574,-4.6490698616732034e-05,-0.005675749585340317,-0.05417421895470509,4.6490699060346445e-05,-0.1760065040664395,-0.3041002661885677,-4.649069900430248e-05,0.03647375035289547,0.05081505207965951,4.6490699005691996e-05,3.0106740904866586e-17,-3.9552902985493885e-16
342.58,"[0.06062, 0.0456, 0.40576884390742995]",0.0456,0.40576884390742995,4.649069909152897e-05,-0.06120508145797747,-0.08379904233653572,-4.64906990912446e-05,0.1583610475457798,0.21086785800059574,-4.6490698709657e-05,-0.005675749585340317,-0.05417421895470509,4.649069914305335e-05,-0.1760065040664395,-0.3041002661885677,-4.649069909122614e-05,0.03647375035289547,0.05081505207965951,4.6490699091546985e-05,3.0106740904866586e-17,-3.9552902985493885e-16
342.6,"[0.06062, 0.0456, 0.40576884390742995]",0.0456,0.40576884390742995,4.6490699206570535e-05,-0.06120508145797747,-0.08258010712657197,-4.649069920537457e-05,0.1583610475457798,0.20803400958311907,-4.649069883498203e-05,-0.005675749585340317,-0.05155309597822323,4.649069925981504e-05,-0.1760065040664395,-0.2971840906908931,-4.649069920529687e-05,0.03647375035289547,0.05004113487986445,4.6490699206647764e-05,3.0106740904866586e-17,-2.6500248986121384e-16
342.62,"[0.06062, 0.0456, 0.40632237395436166]",0.0456,0.40632237395436166,4.649069929021551e-05,-0.05992917956695855,-0.08258010712657197,-4.649069928997134e-05,0.15551870588241462,0.20803400958311907,-4.649069892552522e-05,-0.0033909468647933738,-0.05155309597822323,4.649069934035299e-05,-0.16931916322258148,-0.2971840906908931,-4.649069928995581e-05,0.03568490025963989,0.05004113487986445,4.649069929023135e-05,3.0102387443569396e-17,-2.6500248986121384e-16
342.64,"[0.06062, 0.0456, 0.40632237395436166]",0.0456,0.40632237395436166,4.649069940183535e-05,-0.05992917956695855,-0.08136031254528285,-4.649069940066574e-05,0.15551870588241462,0.2052047428973784,-4.6490699047027475e-05,-0.0033909468647933738,-0.048954637667706837,4.649069945359117e-05,-0.16931916322258148,-0.29029252454489657,-4.649069940058997e-05,0.03568490025963989,0.04926780478752735,4.649069940191134e-05,3.0102387443569396e-17,-1.4967967639703858e-16
342.66,"[0.06062, 0.0456, 0.40684019636655133]",0.0456,0.40684019636655133,4.649069948336902e-05,-0.058721191681635504,-0.0801172159245231,-4.6490699483150076e-05,0.15283718077381953,0.20232763101909965,-4.649069913542238e-05,-0.0012482868457044877,-0.04632879937264219,4.649069953220303e-05,-0.16301329373186513,-0.28329612868430637,-4.6490699483136286e-05,0.034939153232775876,0.048480739623901495,4.649069948338336e-05,3.0270046921279875e-17,-1.6628246269747021e-16
342.681,"[0.06062, 0.0456, 0.40684019636655133]",0.0456,0.40684019636655133,4.649069962023403e-05,-0.058721191681635504,-0.0801172159245231,-4.649069961996794e-05,0.15283718077381953,0.20232763101909965,-4.649069928556161e-05,-0.0012482868457044877,-0.04632879937264219,4.6490699669893465e-05,-0.16301329373186513,-0.28329612868430637,-4.64906996199503e-05,0.034939153232775876,0.048480739623901495,4.649069962025107e-05,3.0270046921279875e-17,-1.6628246269747021e-16
342.7,"[0.06062, 0.0456, 0.40684019636655133]",0.0456,0.40684019636655133,4.64906996754225e-05,-0.058721191681635504,-0.0789547553282895,-4.649069967436115e-05,0.15283718077381953,0.1996378235312551,-4.649069934633639e-05,-0.0012482868457044877,-0.04387587149432279,4.6490699727412856e-05,-0.16301329373186513,-0.27675666811937744,-4.649069967429224e-05,0.034939153232775876,0.04774484750410165,4.6490699675491234e-05,3.0270046921279875e-17,-7.541014092242266e-17
342.72,"[0.06062, 0.0456, 0.4073218001157956]",0.0456,0.4073218001157956,4.649069976543315e-05,-0.05758487178263441,-0.0789547553282895,-4.6490699767468265e-05,0.15032334157439384,0.1996378235312551,-4.649069944066736e-05,0.0007490995747556858,-0.04387587149432279,4.649069980587131e-05,-0.15710413897455897,-0.27675666811937744,-4.649069976759992e-05,0.03423863991564088,0.04774484750410165,4.6490699765301094e-05,3.0153708588779996e-17,-7.541014092242266e-17
342.74,"[0.06062, 0.0456, 0.4073218001157956]",0.0456,0.4073218001157956,4.6490699868842944e-05,-0.05758487178263441,-0.07779903018246426,-4.6490699867803485e-05,0.15032334157439384,0.1969696921726007,-4.649069955675463e-05,0.0007490995747556858,-0.04145839060900482,4.6490699919709596e-05,-0.15710413897455897,-0.27028072052045227,-4.6490699867735845e-05,0.03423863991564088,0.04701421652323341,4.6490699868910374e-05,3.0153708588779996e-17,3.316761571603528e-17
342.76,"[0.06062, 0.0456, 0.40776670991733877]",0.0456,0.40776670991733877,4.6490699956664804e-05,-0.05652386587571557,-0.07779903018246426,-4.649069995874462e-05,0.147983759578244,0.1969696921726007,-4.64906996489869e-05,0.002598263433347462,-0.04145839060900482,4.6490699996306494e-05,-0.1516063780641553,-0.27028072052045227,-4.6490699958879287e-05,0.03358542266047115,0.04701421652323341,4.649069995653041e-05,3.011836734356708e-17,3.316761571603528e-17
342.78,"[0.06062, 0.0456, 0.40776670991733877]",0.0456,0.40776670991733877,4.6490700057061186e-05,-0.05652386587571557,-0.07665090705789744,-4.649070005606451e-05,0.147983759578244,0.1943249794935808,-4.6490699761242424e-05,0.002598263433347462,-0.03907669470952994,4.649070010644797e-05,-0.1516063780641553,-0.2638713958114068,-4.6490700056e-05,0.03358542266047115,0.046289331822159614,4.649070005712601e-05,3.011836734356708e-17,1.3152914397315336e-16
342.8,"[0.06062, 0.0456, 0.40776670991733877]",0.0456,0.40776670991733877,4.649070014230996e-05,-0.05652386587571557,-0.07665090705789744,-4.649070014441796e-05,0.147983759578244,0.1943249794935808,-4.649069985106446e-05,0.002598263433347462,-0.03907669470952994,4.649070018100151e-05,-0.1516063780641553,-0.2638713958114068,-4.649070014455443e-05,0.03358542266047115,0.046289331822159614,4.649070014217334e-05,3.011836734356708e-17,1.3152914397315336e-16
342.82,"[0.06062, 0.0456, 0.40817448669892126]",0.0456,0.40817448669892126,4.649070023963839e-05,-0.05554168250895394,-0.07551308378903834,-4.64907002386708e-05,0.14582466750145687,0.1917095550444359,-4.649069995955646e-05,0.004296449371808222,-0.036734729149427735,4.649070028753644e-05,-0.14653402379855723,-0.2575417881984429,-4.6490700238607716e-05,0.03298147986862853,0.04557182416655231,4.649070023970099e-05,3.02610143699582e-17,2.1723416049921295e-16
342.84,"[0.06062, 0.0456, 0.40817448669892126]",0.0456,0.40817448669892126,4.6490700322419756e-05,-0.05554168250895394,-0.07551308378903834,-4.6490700324535665e-05,0.14582466750145687,0.1917095550444359,-4.6490700047114194e-05,0.004296449371808222,-0.036734729149427735,4.649070036019773e-05,-0.14653402379855723,-0.2575417881984429,-4.649070032467267e-05,0.03298147986862853,0.04557182416655231,4.6490700322282286e-05,3.02610143699582e-17,2.1723416049921295e-16
342.86,"[0.06062, 0.0456, 0.40854472803409114]",0.0456,0.40854472803409114,4.649070041687667e-05,-0.0546416625745213,-0.07438871270718153,-4.6490700415928534e-05,0.14385191920799945,0.18913025051926133,-4.649070015212309e-05,0.005841106738544456,-0.0344372143360771,4.649070046337923e-05,-0.1419003193900024,-0.251307319033218,-4.649070041586726e-05,0.03242869002154252,0.04486360184322383,4.649070041693797e-05,3.025257099831091e-17,2.9144605196615687e-16
342.88,"[0.06062, 0.0456, 0.40854472803409114]",0.0456,0.40854472803409114,4.649070049742853e-05,-0.0546416625745213,-0.07438871270718153,-4.6490700499535646e-05,0.14385191920799945,0.18913025051926133,-4.649070023766551e-05,0.005841106738544456,-0.0344372143360771,4.649070053438552e-05,-0.1419003193900024,-0.251307319033218,-4.649070049967257e-05,0.03242869002154252,0.04486360184322383,4.649070049729192e-05,3.025257099831091e-17,2.9144605196615687e-16
342.9,"[0.06062, 0.0456, 0.40854472803409114]",0.0456,0.40854472803409114,4.649070058926462e-05,-0.0546416625745213,-0.07329865677411106,-4.6490700588331154e-05,0.14385191920799945,0.18662983495232238,-4.649070033950201e-05,0.005841106738544456,-0.032210390520833215,4.649070063448527e-05,-0.1419003193900024,-0.2452638138550965,-4.649070058827076e-05,0.03242869002154252,0.044177021151812865,4.649070058932502e-05,3.025257099831091e-17,2.6695435860235337e-16
342.92,"[0.06062, 0.0456, 0.40887706853935035]",0.0456,0.40887706853935035,4.64907006658332e-05,-0.05382694887082291,-0.07329865677411106,-4.649070066553056e-05,0.14207095022193855,0.18662983495232238,-4.649070042359653e-05,0.007229900000573995,-0.032210390520833215,4.64907007101036e-05,-0.13771763552071986,-0.2452638138550965,-4.649070066551118e-05,0.03192881564730836,0.044177021151812865,4.649070066585305e-05,3.0282415304329064e-17,2.6695435860235337e-16
342.94,"[0.06062, 0.0456, 0.40887706853935035]",0.0456,0.40887706853935035,4.649070076272896e-05,-0.05382694887082291,-0.07224102490707537,-4.649070076156237e-05,0.14207095022193855,0.18420858819015884,-4.6490700528901045e-05,0.007229900000573995,-0.030064939874224737,4.649070080813239e-05,-0.13771763552071986,-0.2394184289892056,-4.649070076148683e-05,0.03192881564730836,0.043511591207938294,4.649070076280453e-05,3.0282415304329064e-17,3.340185717157249e-16
342.96,"[0.06062, 0.0456, 0.4091711802347442]",0.0456,0.4091711802347442,4.649070084088581e-05,-0.05310045595566331,-0.07224102490707537,-4.6490700842853014e-05,0.14048673960125202,0.18420858819015884,-4.649070061193941e-05,0.00846071835525599,-0.030064939874224737,4.649070087674763e-05,-0.1339973694140357,-0.2394184289892056,-4.649070084298053e-05,0.031483487494401385,0.043511591207938294,4.649070084075825e-05,3.0247388643331776e-17,3.340185717157249e-16
342.98,"[0.06062, 0.0456, 0.4091711802347442]",0.0456,0.4091711802347442,4.649070092813215e-05,-0.05310045595566331,-0.0712191194253181,-4.6490700927252855e-05,0.14048673960125202,0.18187357162974138,-4.649070070809723e-05,0.00846071835525599,-0.02800573087938663,4.6490700970991833e-05,-0.1339973694140357,-0.23378721210856265,-4.6490700927195954e-05,0.031483487494401385,0.04286930451693083,4.649070092818904e-05,3.0247388643331776e-17,4.2813992644599575e-16
343.0,"[0.06062, 0.0456, 0.4091711802347442]",0.0456,0.4091711802347442,4.649070100311726e-05,-0.05310045595566331,-0.0712191194253181,-4.6490701005035314e-05,0.14048673960125202,0.18187357162974138,-4.649070078830295e-05,0.00846071835525599,-0.02800573087938663,4.649070103791276e-05,-0.1339973694140357,-0.23378721210856265,-4.649070100515964e-05,0.031483487494401385,0.04286930451693083,4.6490701002992847e-05,3.0247388643331776e-17,4.2813992644599575e-16
343.02,"[0.06062, 0.0456, 0.40942677286753787]",0.0456,0.40942677286753787,4.6490701087369e-05,-0.05246484086342793,-0.07020942566473586,-4.649070108650267e-05,0.13910377376769095,0.17957009528356238,-4.6490700880981335e-05,0.009531684443717107,-0.025982155276589838,4.6490701128747586e-05,-0.13074984771336468,-0.22823668700683816,-4.6490701086447154e-05,0.03109418920411723,0.042235228615766215,4.649070108742551e-05,3.0467294228311394e-17,4.8354491652866735e-16
343.04,"[0.06062, 0.0456, 0.40942677286753787]",0.0456,0.40942677286753787,4.6490701159822454e-05,-0.05246484086342793,-0.07020942566473586,-4.649070116172988e-05,0.13910377376769095,0.17957009528356238,-4.6490700958747627e-05,0.009531684443717107,-0.025982155276589838,4.649070119358174e-05,-0.13074984771336468,-0.22823668700683816,-4.64907011618532e-05,0.03109418920411723,0.042235228615766215,4.649070115969833e-05,3.0467294228311394e-17,4.8354491652866735e-16
343.06,"[0.06062, 0.0456, 0.4096435941986608]",0.0456,0.4096435941986608,4.649070124137974e-05,-0.05192247528545949,-0.06922996064910766,-4.649070124052815e-05,0.13792601289074552,0.17733569472333863,-4.649070104833952e-05,0.010441162082151985,-0.024019517128470155,4.649070128146569e-05,-0.1279842350149767,-0.22285276658716358,-4.64907012404728e-05,0.03076224278538385,0.04162015309432598,4.649070124143501e-05,3.04632362084944e-17,4.57896950038441e-16
343.08,"[0.06062, 0.0456, 0.4096435941986608]",0.0456,0.4096435941986608,4.649070131038391e-05,-0.05192247528545949,-0.06922996064910766,-4.649070131010515e-05,0.13792601289074552,0.17733569472333863,-4.6490701124238356e-05,0.010441162082151985,-0.024019517128470155,4.649070134970735e-05,-0.1279842350149767,-0.22285276658716358,-4.64907013100869e-05,0.03076224278538385,0.04162015309432598,4.649070131040221e-05,3.04632362084944e-17,4.57896950038441e-16
343.1,"[0.06062, 0.0456, 0.4096435941986608]",0.0456,0.4096435941986608,4.649070139563365e-05,-0.05192247528545949,-0.06828907003157118,-4.6490701394571835e-05,0.13792601289074552,0.17519256126760102,-4.6490701216719297e-05,0.010441162082151985,-0.02214396889263083,4.6490701435733895e-05,-0.1279842350149767,-0.21769279217978313,-4.649070139450289e-05,0.03076224278538385,0.041029778034792644,4.649070139570234e-05,3.04632362084944e-17,5.026568563159019e-16
343.12,"[0.06062, 0.0456, 0.4098214302516364]",0.0456,0.4098214302516364,4.649070146437249e-05,-0.05147541981989244,-0.06828907003157118,-4.6490701464086975e-05,0.13695686041028388,0.17519256126760102,-4.649070129201233e-05,0.011187762942588674,-0.02214396889263083,4.649070150291571e-05,-0.12570844989729055,-0.21769279217978313,-4.649070146406849e-05,0.0304887951981388,0.041029778034792644,4.649070146439133e-05,3.043705173878985e-17,5.026568563159019e-16
343.14,"[0.06062, 0.0456, 0.4098214302516364]",0.0456,0.4098214302516364,4.649070154724142e-05,-0.05147541981989244,-0.06737737554079322,-4.6490701546227175e-05,0.13695686041028388,0.1731186250799269,-4.649070138167427e-05,0.011187762942588674,-0.02033458331464334,4.649070158618614e-05,-0.12570844989729055,-0.21270262377640403,-4.649070154616121e-05,0.0304887951981388,0.040458111267610855,4.649070154730708e-05,3.043705173878985e-17,5.517719666246167e-16
343.16,"[0.06062, 0.0456, 0.4099601055237508]",0.0456,0.4099601055237508,4.6490701614099315e-05,-0.05112540088293468,-0.06737737554079322,-4.649070161383881e-05,0.13619913625088972,0.1731186250799269,-4.649070145481969e-05,0.011770352130572474,-0.02033458331464334,4.6490701651431804e-05,-0.12392909022434313,-0.21270262377640403,-4.6490701613822105e-05,0.030274806343422687,0.040458111267610855,4.649070161411616e-05,3.045845076818127e-17,5.517719666246167e-16
343.18,"[0.06062, 0.0456, 0.4099601055237508]",0.0456,0.4099601055237508,4.649070169404131e-05,-0.05112540088293468,-0.0664968610830042,-4.649070169307061e-05,0.13619913625088972,0.17111776436008103,-4.649070154119345e-05,0.011770352130572474,-0.018593356686210066,4.6490701731623415e-05,-0.12392909022434313,-0.2078907622513065,-4.649070169300717e-05,0.030274806343422687,0.039906302554838964,4.649070169410369e-05,3.045845076818127e-17,5.963557028073155e-16
343.2,"[0.06062, 0.0456, 0.4099601055237508]",0.0456,0.4099601055237508,4.6490701758690055e-05,-0.05112540088293468,-0.0664968610830042,-4.649070175844621e-05,0.13619913625088972,0.17111776436008103,-4.6490701611897775e-05,0.011770352130572474,-0.018593356686210066,4.649070179468726e-05,-0.12392909022434313,-0.2078907622513065,-4.649070175843004e-05,0.030274806343422687,0.039906302554838964,4.649070175870528e-05,3.045845076818127e-17,5.963557028073155e-16
343.22,"[0.06062, 0.0456, 0.41005948315925284]",0.0456,0.41005948315925284,4.649070183556299e-05,-0.05087379083677457,-0.0656505263910941,-4.64907018346307e-05,0.1356550542313185,0.16919615619755707,-4.6490701694888735e-05,0.01218805262278142,-0.016924314984889142,4.649070187172211e-05,-0.1226513693718592,-0.2032712821972367,-4.649070183457009e-05,0.030121038739193078,0.039376138819367835,4.6490701835623286e-05,3.046360546672418e-17,6.3529838794791205e-16
343.24,"[0.06062, 0.0456, 0.41005948315925284]",0.0456,0.41005948315925284,4.649070189791264e-05,-0.05087379083677457,-0.0656505263910941,-4.6490701897679014e-05,0.1356550542313185,0.16919615619755707,-4.649070176307621e-05,0.01218805262278142,-0.016924314984889142,4.649070193254252e-05,-0.1226513693718592,-0.2032712821972367,-4.649070189766362e-05,0.030121038739193078,0.039376138819367835,4.6490701897927337e-05,3.046360546672418e-17,6.3529838794791205e-16
343.26,"[0.06062, 0.0456, 0.4101194650844143]",0.0456,0.4101194650844143,4.6490701971707464e-05,-0.05072159182997196,-0.06484911577324208,-4.6490701970810964e-05,0.1353262041056066,0.16737671921509828,-4.6490701842702374e-05,0.012440248542229627,-0.01534437677040753,4.649070200643678e-05,-0.12187906483206352,-0.19889762721264923,-4.649070197075263e-05,0.03002804913064715,0.03887414137483432,4.649070197176545e-05,3.0464931475098636e-17,6.688528324412906e-16
343.28,"[0.06062, 0.0456, 0.4101194650844143]",0.0456,0.4101194650844143,4.649070203177036e-05,-0.05072159182997196,-0.06484911577324208,-4.6490702031536986e-05,0.1353262041056066,0.16737671921509828,-4.649070190837036e-05,0.012440248542229627,-0.01534437677040753,4.6490702065022475e-05,-0.12187906483206352,-0.19889762721264923,-4.649070203152172e-05,0.03002804913064715,0.03887414137483432,4.6490702031785234e-05,3.0464931475098636e-17,6.688528324412906e-16
343.3,"[0.06062, 0.0456, 0.4101194650844143]",0.0456,0.4101194650844143,4.649070210247815e-05,-0.05072159182997196,-0.06408297209995585,-4.6490702101618886e-05,0.1353262041056066,0.16563829427194912,-4.6490701984637334e-05,0.012440248542229627,-0.013836691145549727,4.649070213576388e-05,-0.12187906483206352,-0.1947197601261331,-4.6490702101563056e-05,0.03002804913064715,0.038394368408932095,4.649070210253391e-05,3.0464931475098636e-17,6.985597728473393e-16
343.32,"[0.06062, 0.0456, 0.4101399921043168]",0.0456,0.4101399921043168,4.649070216016068e-05,-0.050669423765743085,-0.06408297209995585,-4.649070215993684e-05,0.13521353858994087,0.16563829427194912,-4.6490702047700075e-05,0.01252658726196042,-0.013836691145549727,4.649070219202472e-05,-0.12161448040276716,-0.1947197601261331,-4.649070215992239e-05,0.02999618224326694,0.038394368408932095,4.64907021601751e-05,3.045936206750157e-17,6.985597728473393e-16
343.34,"[0.06062, 0.0456, 0.4101399921043168]",0.0456,0.4101399921043168,4.649070222780277e-05,-0.050669423765743085,-0.06335516850449062,-4.64907022269802e-05,0.13521353858994087,0.16398725147202203,-4.6490702120630344e-05,0.01252658726196042,-0.012405569116959036,4.649070225965465e-05,-0.12161448040276716,-0.19075232359505195,-4.6490702226927185e-05,0.02999618224326694,0.037938659328402166,4.649070222785648e-05,3.045936206750157e-17,7.232645096145069e-16
343.36,"[0.06062, 0.0456, 0.41014]",0.0456,0.41014,4.649070228311874e-05,-0.050669423765743085,-0.06335516850449062,-4.649070228290084e-05,0.13521353858994087,0.16398725147202203,-4.649070218109841e-05,0.01252658726196042,-0.012405569116959036,4.649070231360557e-05,-0.12161448040276716,-0.19075232359505195,-4.649070228288701e-05,0.02999618224326694,0.037938659328402166,4.649070228313321e-05,3.045936206750157e-17,7.232645096145069e-16
343.38,"[0.06062, 0.0456, 0.41014]",0.0456,0.41014,4.6490702347735564e-05,-0.050669423765743085,-0.06266639953991768,-4.649070234694933e-05,0.13521353858994087,0.1624248346134047,-4.649070225074443e-05,0.01252658726196042,-0.011051423720745131,4.6490702378168956e-05,-0.12161448040276716,-0.1869979428694224,-4.649070234689845e-05,0.02999618224326694,0.03750740226928054,4.649070234778648e-05,3.045936206750157e-17,7.435876635454234e-16
343.4,"[0.06062, 0.0456, 0.41014]",0.0456,0.41014,4.649070240069315e-05,-0.050669423765743085,-0.06266639953991768,-4.649070240048058e-05,0.13521353858994087,0.1624248346134047,-4.649070230862243e-05,0.01252658726196042,-0.011051423720745131,4.649070242981403e-05,-0.12161448040276716,-0.1869979428694224,-4.6490702400466936e-05,0.02999618224326694,0.03750740226928054,4.6490702400707093e-05,3.045936206750157e-17,7.435876635454234e-16
343.42,"[0.06062, 0.0456, 0.41014]",0.0456,0.41014,4.649070246232459e-05,-0.050669423765743085,-0.062014726440138605,-4.649070246157511e-05,0.13521353858994087,0.16094661657677745,-4.649070237503197e-05,0.01252658726196042,-0.009770357288121673,4.6490702491354743e-05,-0.12161448040276716,-0.18344594538180323,-4.649070246152679e-05,0.02999618224326694,0.03709937912101148,4.649070246237328e-05,3.045936206750157e-17,7.59942126170349e-16
343.44,"[0.06062, 0.0456, 0.41014]",0.0456,0.41014,4.6490702512922825e-05,-0.050669423765743085,-0.061383761740730305,-4.6490702512717145e-05,0.13521353858994087,0.15951538574008298,-4.6490702430318654e-05,0.01252658726196042,-0.00853003935808706,4.649070254069073e-05,-0.12161448040276716,-0.18000686901948693,-4.64907025127039e-05,0.02999618224326694,0.03670432377603045,4.64907025129362e-05,3.045936206750157e-17,7.387588347581177e-16
343.46,"[0.06062, 0.0456, 0.41014]",0.0456,0.41014,4.649070256442008e-05,-0.050669423765743085,-0.061383761740730305,-4.64907025655431e-05,0.13521353858994087,0.15951538574008298,-4.649070248648281e-05,0.01252658726196042,-0.00853003935808706,4.6490702589187835e-05,-0.12161448040276716,-0.18000686901948693,-4.649070256561616e-05,0.02999618224326694,0.03670432377603045,4.649070256434733e-05,3.045936206750157e-17,7.387588347581177e-16
343.48,"[0.06062, 0.0456, 0.41014]",0.0456,0.41014,4.649070262158639e-05,-0.050669423765743085,-0.060797008718140845,-4.6490702620936595e-05,0.13521353858994087,0.15818447871774727,-4.649070254864392e-05,0.01252658726196042,-0.00737674119931451,4.64907026495142e-05,-0.12161448040276716,-0.17680890336743565,-4.649070262089466e-05,0.02999618224326694,0.036336955348640544,4.6490702621628356e-05,3.045936206750157e-17,7.49532086668449e-16
343.5,"[0.06062, 0.0456, 0.41014]",0.0456,0.41014,4.649070267234052e-05,-0.050669423765743085,-0.060797008718140845,-4.649070267333215e-05,0.13521353858994087,0.15818447871774727,-4.649070260380015e-05,0.01252658726196042,-0.00737674119931451,4.6490702696408105e-05,-0.12161448040276716,-0.17680890336743565,-4.649070267339638e-05,0.02999618224326694,0.036336955348640544,4.649070267227623e-05,3.045936206750157e-17,7.49532086668449e-16
343.52,"[0.06062, 0.0456, 0.41014]",0.0456,0.41014,4.649070272717775e-05,-0.050669423765743085,-0.06024386865146299,-4.649070272656911e-05,0.13521353858994087,0.1569298330018095,-4.649070266325743e-05,0.01252658726196042,-0.006289565812611169,4.649070275386671e-05,-0.12161448040276716,-0.17379420389761172,-4.649070272652969e-05,0.02999618224326694,0.03599063478666863,4.649070272721702e-05,3.045936206750157e-17,7.616857298183299e-16
343.54,"[0.06062, 0.0456, 0.41014]",0.0456,0.41014,4.649070277555836e-05,-0.050669423765743085,-0.06024386865146299,-4.649070277650382e-05,0.13521353858994087,0.1569298330018095,-4.649070271573719e-05,0.01252658726196042,-0.006289565812611169,4.649070279848441e-05,-0.12161448040276716,-0.17379420389761172,-4.6490702776564926e-05,0.02999618224326694,0.03599063478666863,4.649070277549697e-05,3.045936206750157e-17,7.616857298183299e-16
343.56,"[0.06062, 0.0456, 0.41014]",0.0456,0.41014,4.6490702827552386e-05,-0.050669423765743085,-0.05972159180088668,-4.649070282698778e-05,0.13521353858994087,0.15574520402863026,-4.649070277201903e-05,0.01252658726196042,-0.005263086443196267,4.649070285283502e-05,-0.12161448040276716,-0.17094775702960444,-4.64907028269512e-05,0.02999618224326694,0.03566363939486619,4.649070282758879e-05,3.045936206750157e-17,7.706490439964906e-16
343.58,"[0.06062, 0.0456, 0.41014]",0.0456,0.41014,4.649070287331324e-05,-0.050669423765743085,-0.05972159180088668,-4.649070287421464e-05,0.13521353858994087,0.15574520402863026,-4.6490702821613527e-05,0.01252658726196042,-0.005263086443196267,4.649070289499887e-05,-0.12161448040276716,-0.17094775702960444,-4.6490702874273145e-05,0.02999618224326694,0.03566363939486619,4.6490702873254984e-05,3.045936206750157e-17,7.706490439964906e-16
343.6,"[0.06062, 0.0456, 0.41014]",0.0456,0.41014,4.6490702922378124e-05,-0.050669423765743085,-0.05922822262082334,-4.6490702921851846e-05,0.13521353858994087,0.1546261516513048,-4.6490702874675275e-05,0.01252658726196042,-0.004293446167643603,4.649070294622874e-05,-0.12161448040276716,-0.168258888462034,-4.6490702921817944e-05,0.02999618224326694,0.03535474415523438,4.6490702922412046e-05,3.045936206750157e-17,7.756897263809208e-16
343.62,"[0.06062, 0.0456, 0.41014]",0.0456,0.41014,4.6490702965502774e-05,-0.050669423765743085,-0.05922822262082334,-4.649070296636029e-05,0.13521353858994087,0.1546261516513048,-4.649070292139791e-05,0.01252658726196042,-0.004293446167643603,4.649070298594478e-05,-0.12161448040276716,-0.168258888462034,-4.6490702966415896e-05,0.02999618224326694,0.03535474415523438,4.6490702965447175e-05,3.045936206750157e-17,7.756897263809208e-16
343.64,"[0.06062, 0.0456, 0.41014]",0.0456,0.41014,4.64907030117011e-05,-0.050669423765743085,-0.05875074102272829,-4.6490703011208726e-05,0.13521353858994087,0.1535431374573287,-4.649070297133512e-05,0.01252658726196042,-0.0033550369966204837,4.649070303415721e-05,-0.12161448040276716,-0.16565661538054455,-4.649070301117677e-05,0.02999618224326694,0.035055796346384595,4.649070301173262e-05,3.045936206750157e-17,7.545093244610133e-16
343.66,"[0.06062, 0.0456, 0.41014]",0.0456,0.41014,4.649070305182764e-05,-0.050669423765743085,-0.05875074102272829,-4.6490703051630365e-05,0.13521353858994087,0.1535431374573287,-4.649070301526468e-05,0.01252658726196042,-0.0033550369966204837,4.649070307364368e-05,-0.12161448040276716,-0.16565661538054455,-4.6490703051617897e-05,0.02999618224326694,0.035055796346384595,4.649070305184064e-05,3.045936206750157e-17,7.545093244610133e-16
343.68,"[0.06062, 0.0456, 0.41014]",0.0456,0.41014,4.6490703097840986e-05,-0.050669423765743085,-0.05830730091064769,-4.649070309726929e-05,0.13521353858994087,0.15253734166420385,-4.649070306486618e-05,0.01252658726196042,-0.0024835488525658603,4.649070311952379e-05,-0.12161448040276716,-0.16323989049350698,-4.649070309723233e-05,0.02999618224326694,0.0347781625586394,4.649070309787797e-05,3.045936206750157e-17,7.537159161543826e-16
343.7,"[0.06062, 0.0456, 0.41014]",0.0456,0.41014,4.6490703136328306e-05,-0.050669423765743085,-0.05787895078617555,-4.6490703136136484e-05,0.13521353858994087,0.15156577377453193,-4.649070310687563e-05,0.01252658726196042,-0.0016417207569624525,4.649070315705849e-05,-0.12161448040276716,-0.1609054099235434,-4.649070313612382e-05,0.02999618224326694,0.03450997666186672,4.6490703136340815e-05,3.045936206750157e-17,7.323903799896426e-16
343.72,"[0.06062, 0.0456, 0.41014]",0.0456,0.41014,4.649070317507368e-05,-0.050669423765743085,-0.05787895078617555,-4.6490703175793286e-05,0.13521353858994087,0.15156577377453193,-4.649070314909119e-05,0.01252658726196042,-0.0016417207569624525,4.6490703193684804e-05,-0.12161448040276716,-0.1609054099235434,-4.649070317583963e-05,0.02999618224326694,0.03450997666186672,4.649070317502678e-05,3.045936206750157e-17,7.323903799896426e-16
343.74,"[0.06062, 0.0456, 0.41014]",0.0456,0.41014,4.649070321723559e-05,-0.050669423765743085,-0.05748203916263072,-4.6490703216758625e-05,0.13521353858994087,0.15066551674752893,-4.649070319478961e-05,0.01252658726196042,-0.0008616876323928434,4.649070323773072e-05,-0.12161448040276716,-0.15874227871909602,-4.6490703216727786e-05,0.02999618224326694,0.03426147457195678,4.649070321726636e-05,3.045936206750157e-17,7.304737551725823e-16
343.76,"[0.06062, 0.0456, 0.41014]",0.0456,0.41014,4.649070325476061e-05,-0.050669423765743085,-0.05748203916263072,-4.649070325540131e-05,0.13521353858994087,0.15066551674752893,-4.6490703235522065e-05,0.01252658726196042,-0.0008616876323928434,4.649070327255621e-05,-0.12161448040276716,-0.15874227871909602,-4.6490703255442863e-05,0.02999618224326694,0.03426147457195678,4.6490703254719037e-05,3.045936206750157e-17,7.304737551725823e-16
343.78,"[0.06062, 0.0456, 0.41014]",0.0456,0.41014,4.649070329464013e-05,-0.050669423765743085,-0.0571085511027455,-4.649070329420338e-05,0.13521353858994087,0.14981838957531657,-4.6490703278622706e-05,0.01252658726196042,-0.00012769249597003327,4.6490703313963834e-05,-0.12161448040276716,-0.15670680943761264,-4.649070329417498e-05,0.02999618224326694,0.034027637951060084,4.649070329466835e-05,3.045936206750157e-17,7.287824831148523e-16
343.8,"[0.06062, 0.0456, 0.41014]",0.0456,0.41014,4.6490703329873044e-05,-0.050669423765743085,-0.0571085511027455,-4.649070333049069e-05,0.13521353858994087,0.14981838957531657,-4.649070331679118e-05,0.01252658726196042,-0.00012769249597003327,4.649070334656931e-05,-0.12161448040276716,-0.15670680943761264,-4.649070333053076e-05,0.02999618224326694,0.034027637951060084,4.649070332983306e-05,3.045936206750157e-17,7.287824831148523e-16
343.82,"[0.06062, 0.0456, 0.41014]",0.0456,0.41014,4.649070336718137e-05,-0.050669423765743085,-0.05675634833847034,-4.649070336678306e-05,0.13521353858994087,0.1490195416951016,-4.649070335705303e-05,0.01252658726196042,0.000564468785684659,4.6490703385252126e-05,-0.12161448040276716,-0.154787346420662,-4.649070336675686e-05,0.02999618224326694,0.033807127960477114,4.6490703367206916e-05,3.045936206750157e-17,7.245750555143011e-16
343.84,"[0.06062, 0.0456, 0.41014]",0.0456,0.41014,4.649070340003852e-05,-0.050669423765743085,-0.05675634833847034,-4.649070340063232e-05,0.13521353858994087,0.1490195416951016,-4.649070339261924e-05,0.01252658726196042,0.000564468785684659,4.649070341561074e-05,-0.12161448040276716,-0.154787346420662,-4.649070340067062e-05,0.02999618224326694,0.033807127960477114,4.649070340000007e-05,3.045936206750157e-17,7.245750555143011e-16
343.86,"[0.06062, 0.0456, 0.41014]",0.0456,0.41014,4.649070343481667e-05,-0.050669423765743085,-0.056415647031275384,-4.649070343445033e-05,0.13521353858994087,0.14824678109767525,-4.6490703430126834e-05,0.01252658726196042,0.0012340261731155825,4.6490703451665825e-05,-0.12161448040276716,-0.15293056597616564,-4.649070343442636e-05,0.02999618224326694,0.033593818936591927,4.6490703434840566e-05,3.045936206750157e-17,7.033523180787294e-16
343.88,"[0.06062, 0.0456, 0.41014]",0.0456,0.41014,4.6490703465098575e-05,-0.050669423765743085,-0.056415647031275384,-4.649070346494547e-05,0.13521353858994087,0.14824678109767525,-4.649070346320845e-05,0.01252658726196042,0.0012340261731155825,4.649070348139768e-05,-0.12161448040276716,-0.15293056597616564,-4.649070346493508e-05,0.02999618224326694,0.033593818936591927,4.649070346510837e-05,3.045936206750157e-17,7.033523180787294e-16
343.9,"[0.06062, 0.0456, 0.41014]",0.0456,0.41014,4.6490703499284614e-05,-0.050669423765743085,-0.056099675031173885,-4.649070349886661e-05,0.13521353858994087,0.1475301109804682,-4.649070350000204e-05,0.01252658726196042,0.001854982411966665,4.6490703515378186e-05,-0.12161448040276716,-0.15120856003217922,-4.649070349883926e-05,0.02999618224326694,0.03339599274920077,4.649070349931145e-05,3.045936206750157e-17,6.948553769189075e-16
343.92,"[0.06062, 0.0456, 0.41014]",0.0456,0.41014,4.6490703527995426e-05,-0.050669423765743085,-0.056099675031173885,-4.649070352785002e-05,0.13521353858994087,0.1475301109804682,-4.649070353128743e-05,0.01252658726196042,0.001854982411966665,4.649070354333602e-05,-0.12161448040276716,-0.15120856003217922,-4.649070352784024e-05,0.02999618224326694,0.03339599274920077,4.6490703528004784e-05,3.045936206750157e-17,6.948553769189075e-16
343.94,"[0.06062, 0.0456, 0.41014]",0.0456,0.41014,4.649070356002708e-05,-0.050669423765743085,-0.0558022253130993,-4.6490703559643986e-05,0.13521353858994087,0.14685545245819745,-4.649070356570457e-05,0.01252658726196042,0.0024395370530329013,4.6490703575088466e-05,-0.12161448040276716,-0.14958749947781905,-4.649070355961941e-05,0.02999618224326694,0.033209763190468984,4.649070356005206e-05,3.045936206750157e-17,6.863563653377453e-16
343.96,"[0.06062, 0.0456, 0.41014]",0.0456,0.41014,4.649070358681153e-05,-0.050669423765743085,-0.0558022253130993,-4.649070358668444e-05,0.13521353858994087,0.14685545245819745,-4.6490703594857666e-05,0.01252658726196042,0.0024395370530329013,4.649070360112957e-05,-0.12161448040276716,-0.14958749947781905,-4.649070358667589e-05,0.02999618224326694,0.033209763190468984,4.649070358681967e-05,3.045936206750157e-17,6.863563653377453e-16
343.98,"[0.06062, 0.0456, 0.41014]",0.0456,0.41014,4.649070361666708e-05,-0.050669423765743085,-0.055521647176184116,-4.649070361631456e-05,0.13521353858994087,0.14621906134770554,-4.6490703626910816e-05,0.01252658726196042,0.002990934554068428,4.6490703630702434e-05,-0.12161448040276716,-0.14805838765231089,-4.649070361629148e-05,0.02999618224326694,0.03303409675450684,4.649070361668974e-05,3.045936206750157e-17,6.761758391693739e-16
344.0,"[0.06062, 0.0456, 0.41014]",0.0456,0.41014,4.649070364156771e-05,-0.050669423765743085,-0.055521647176184116,-4.6490703641455103e-05,0.13521353858994087,0.14621906134770554,-4.649070365400715e-05,0.01252658726196042,0.002990934554068428,4.649070365490055e-05,-0.12161448040276716,-0.14805838765231089,-4.649070364144785e-05,0.02999618224326694,0.03303409675450684,4.6490703641575335e-05,3.045936206750157e-17,6.761758391693739e-16
344.02,"[0.06062, 0.0456, 0.41014]",0.0456,0.41014,4.64907036693619e-05,-0.050669423765743085,-0.055256785617962004,-4.6490703669035384e-05,0.13521353858994087,0.145618317843514,-4.6490703683839744e-05,0.01252658726196042,0.003511445030271708,4.649070368243013e-05,-0.12161448040276716,-0.1466149296092941,-4.6490703669014316e-05,0.02999618224326694,0.03286827029505078,4.649070366938331e-05,3.045936206750157e-17,6.642642135240651e-16
344.04,"[0.06062, 0.0456, 0.41014]",0.0456,0.41014,4.6490703692504376e-05,-0.050669423765743085,-0.055256785617962004,-4.649070369240309e-05,0.13521353858994087,0.145618317843514,-4.649070370902765e-05,0.01252658726196042,0.003511445030271708,4.6490703704919684e-05,-0.12161448040276716,-0.1466149296092941,-4.6490703692396485e-05,0.02999618224326694,0.03286827029505078,4.6490703692511146e-05,3.045936206750157e-17,6.642642135240651e-16
344.06,"[0.06062, 0.0456, 0.41014]",0.0456,0.41014,4.649070371839601e-05,-0.050669423765743085,-0.05500663913942737,-4.649070371809184e-05,0.13521353858994087,0.14505095033969287,-4.649070373681973e-05,0.01252658726196042,0.004003036834835255,4.649070373057253e-05,-0.12161448040276716,-0.1452516670893951,-4.649070371807226e-05,0.02999618224326694,0.03271165677700924,4.6490703718416104e-05,3.045936206750157e-17,6.508675790485286e-16
344.08,"[0.06062, 0.0456, 0.41014]",0.0456,0.41014,4.6490703739929805e-05,-0.050669423765743085,-0.05500663913942737,-4.649070373983745e-05,0.13521353858994087,0.14505095033969287,-4.6490703760267026e-05,0.01252658726196042,0.004003036834835255,4.649070375150498e-05,-0.12161448040276716,-0.1452516670893951,-4.649070373983135e-05,0.02999618224326694,0.03271165677700924,4.649070373993586e-05,3.045936206750157e-17,6.508675790485286e-16
344.1,"[0.06062, 0.0456, 0.41014]",0.0456,0.41014,4.649070376408521e-05,-0.050669423765743085,-0.05477030853135533,-4.6490703763800664e-05,0.13521353858994087,0.14451491925894097,-4.649070378620104e-05,0.01252658726196042,0.00446747723754793,4.64907037754485e-05,-0.12161448040276716,-0.14396369937324555,-4.649070376378242e-05,0.02999618224326694,0.032563693210637346,4.6490703764104024e-05,3.045936206750157e-17,6.362898259042656e-16
344.12,"[0.06062, 0.0456, 0.41014]",0.0456,0.41014,4.649070378416091e-05,-0.050669423765743085,-0.05477030853135533,-4.6490703784076194e-05,0.13521353858994087,0.14451491925894097,-4.649070380807297e-05,0.01252658726196042,0.00446747723754793,4.649070379497201e-05,-0.12161448040276716,-0.14396369937324555,-4.649070378407068e-05,0.02999618224326694,0.032563693210637346,4.6490703784166874e-05,3.045936206750157e-17,6.362898259042656e-16
344.14,"[0.06062, 0.0456, 0.41014]",0.0456,0.41014,4.6490703815126436e-05,-0.050669423765743085,-0.054541580614117895,-4.649070381553265e-05,0.13521353858994087,0.14399613217260354,-4.649070384156115e-05,0.01252658726196042,0.004916976656194445,4.64907038244482e-05,-0.12161448040276716,-0.14271716530274606,-4.6490703815558985e-05,0.02999618224326694,0.032420489594716204,4.6490703815100103e-05,3.045936206750157e-17,6.121859172306672e-16
344.16,"[0.06062, 0.0456, 0.41014]",0.0456,0.41014,4.649070382543252e-05,-0.050669423765743085,-0.054541580614117895,-4.649070382535766e-05,0.13521353858994087,0.14399613217260354,-4.649070385270941e-05,0.01252658726196042,0.004916976656194445,4.649070383555559e-05,-0.12161448040276716,-0.14271716530274606,-4.6490703825353085e-05,0.02999618224326694,0.032420489594716204,4.6490703825437524e-05,3.045936206750157e-17,6.121859172306672e-16
344.18,"[0.06062, 0.0456, 0.41014]",0.0456,0.41014,4.649070384661599e-05,-0.050669423765743085,-0.05433267777642937,-4.649070384636365e-05,0.13521353858994087,0.14352231123719086,-4.6490703875472316e-05,0.01252658726196042,0.00532751529860993,4.649070385659096e-05,-0.12161448040276716,-0.14157867534378057,-4.649070384634724e-05,0.02999618224326694,0.032289698218706434,4.649070384663216e-05,3.045936206750157e-17,5.991620872176433e-16
344.2,"[0.06062, 0.0456, 0.41014]",0.0456,0.41014,4.6490703864258955e-05,-0.050669423765743085,-0.05433267777642937,-4.649070386418249e-05,0.13521353858994087,0.14352231123719086,-4.6490703894713225e-05,0.01252658726196042,0.00532751529860993,4.6490703873768756e-05,-0.12161448040276716,-0.14157867534378057,-4.649070386417752e-05,0.02999618224326694,0.032289698218706434,4.649070386426377e-05,3.045936206750157e-17,5.991620872176433e-16
344.22,"[0.06062, 0.0456, 0.41014]",0.0456,0.41014,4.649070388413869e-05,-0.050669423765743085,-0.05413342076550826,-4.649070388390148e-05,0.13521353858994087,0.14307036840337606,-4.649070391607417e-05,0.01252658726196042,0.005719097793426968,4.6490703893495795e-05,-0.12161448040276716,-0.1404927537810195,-4.6490703883886206e-05,0.02999618224326694,0.032164945972558756,4.649070388415407e-05,3.045936206750157e-17,5.834544011175052e-16
344.24,"[0.06062, 0.0456, 0.41014]",0.0456,0.41014,4.6490703900651116e-05,-0.050669423765743085,-0.05413342076550826,-4.649070390058189e-05,0.13521353858994087,0.14307036840337606,-4.649070393408977e-05,0.01252658726196042,0.005719097793426968,4.6490703909573944e-05,-0.12161448040276716,-0.1404927537810195,-4.649070390057759e-05,0.02999618224326694,0.032164945972558756,4.649070390065567e-05,3.045936206750157e-17,5.834544011175052e-16
344.26,"[0.06062, 0.0456, 0.41014]",0.0456,0.41014,4.649070391931689e-05,-0.050669423765743085,-0.05394492194446375,-4.6490703919093754e-05,0.13521353858994087,0.14264282666880632,-4.6490703954149655e-05,0.01252658726196042,0.006089538103625323,4.6490703928105276e-05,-0.12161448040276716,-0.13946546283851655,-4.6490703919079286e-05,0.02999618224326694,0.0320469292927912,4.64907039193312e-05,3.045936206750157e-17,5.672029407057275e-16
344.28,"[0.06062, 0.0456, 0.41014]",0.0456,0.41014,4.649070393481951e-05,-0.050669423765743085,-0.053762446386695854,-4.64907039347549e-05,0.13521353858994087,0.1422289465438252,-4.649070397107008e-05,0.01252658726196042,0.0064481414056229884,4.649070394320562e-05,-0.12161448040276716,-0.13847099781453034,-4.649070393475075e-05,0.02999618224326694,0.03193268370111267,4.649070393482357e-05,3.045936206750157e-17,5.440439664829178e-16
344.3,"[0.06062, 0.0456, 0.41014]",0.0456,0.41014,4.649070395041103e-05,-0.050669423765743085,-0.053762446386695854,-4.6490703950731715e-05,0.13521353858994087,0.1422289465438252,-4.649070398808081e-05,0.01252658726196042,0.0064481414056229884,4.649070395793328e-05,-0.12161448040276716,-0.13847099781453034,-4.6490703950752674e-05,0.02999618224326694,0.03193268370111267,4.649070395039028e-05,3.045936206750157e-17,5.440439664829178e-16
344.32,"[0.06062, 0.0456, 0.41014]",0.0456,0.41014,4.649070396746021e-05,-0.050669423765743085,-0.053592878250551465,-4.649070396726889e-05,0.13521353858994087,0.14184434227218104,-4.649070400654904e-05,0.01252658726196042,0.006781378838720202,4.649070397576152e-05,-0.12161448040276716,-0.13754687639219207,-4.649070396725617e-05,0.02999618224326694,0.03182651928141619,4.649070396747239e-05,3.045936206750157e-17,5.280182898938799e-16
344.34,"[0.06062, 0.0456, 0.41014]",0.0456,0.41014,4.6490703982606046e-05,-0.050669423765743085,-0.053592878250551465,-4.6490703982889795e-05,0.13521353858994087,0.14184434227218104,-4.649070402303005e-05,0.01252658726196042,0.006781378838720202,4.649070398981912e-05,-0.12161448040276716,-0.13754687639219207,-4.649070398290811e-05,0.02999618224326694,0.03182651928141619,4.649070398258774e-05,3.045936206750157e-17,5.280182898938799e-16
344.36,"[0.06062, 0.0456, 0.41014]",0.0456,0.41014,4.649070399880535e-05,-0.050669423765743085,-0.05343308410032402,-4.649070399862721e-05,0.13521353858994087,0.1414819067753745,-4.649070404054225e-05,0.01252658726196042,0.007095408292740591,4.649070400666954e-05,-0.12161448040276716,-0.1366760217799187,-4.64907039986158e-05,0.02999618224326694,0.031726474228979826,4.649070399881726e-05,3.045936206750157e-17,5.132057936144897e-16
344.38,"[0.06062, 0.0456, 0.41014]",0.0456,0.41014,4.6490704013112486e-05,-0.050669423765743085,-0.05343308410032402,-4.649070401338365e-05,0.13521353858994087,0.1414819067753745,-4.649070405608522e-05,0.01252658726196042,0.007095408292740591,4.6490704019919995e-05,-0.12161448040276716,-0.1366760217799187,-4.649070401340137e-05,0.02999618224326694,0.031726474228979826,4.649070401309529e-05,3.045936206750157e-17,5.132057936144897e-16
344.4,"[0.06062, 0.0456, 0.41014]",0.0456,0.41014,4.649070402836413e-05,-0.050669423765743085,-0.05343308410032402,-4.649070402819955e-05,0.13521353858994087,0.1414819067753745,-4.649070407255403e-05,0.01252658726196042,0.007095408292740591,4.6490704035764824e-05,-0.12161448040276716,-0.1366760217799187,-4.649070402818884e-05,0.02999618224326694,0.031726474228979826,4.6490704028374875e-05,3.045936206750157e-17,5.132057936144897e-16
344.42,"[0.06062, 0.0456, 0.41014]",0.0456,0.41014,4.649070404341703e-05,-0.050669423765743085,-0.053285610704548014,-4.649070404323695e-05,0.13521353858994087,0.14114741648051424,-4.649070408866765e-05,0.01252658726196042,0.00738522482751211,4.649070405042061e-05,-0.12161448040276716,-0.13587231349028145,-4.6490704043225355e-05,0.02999618224326694,0.031634143042618905,4.649070404342871e-05,3.045936206750157e-17,5.033779113769549e-16
344.44,"[0.06062, 0.0456, 0.41014]",0.0456,0.41014,4.649070405569123e-05,-0.050669423765743085,-0.0531407691616439,-4.64907040556465e-05,0.13521353858994087,0.14081889559578828,-4.6490704102013385e-05,0.01252658726196042,0.007669869213784754,4.649070406230004e-05,-0.12161448040276716,-0.1350829484097634,-4.649070405564357e-05,0.02999618224326694,0.03154345962525456,4.6490704055694195e-05,3.045936206750157e-17,4.840623288491801e-16
344.46,"[0.06062, 0.0456, 0.41014]",0.0456,0.41014,4.649070406789905e-05,-0.050669423765743085,-0.0531407691616439,-4.649070406816191e-05,0.13521353858994087,0.14081889559578828,-4.6490704115300594e-05,0.01252658726196042,0.007669869213784754,4.649070407378498e-05,-0.12161448040276716,-0.1350829484097634,-4.6490704068178755e-05,0.02999618224326694,0.03154345962525456,4.649070406788192e-05,3.045936206750157e-17,4.840623288491801e-16
344.48,"[0.06062, 0.0456, 0.41014]",0.0456,0.41014,4.649070408120931e-05,-0.050669423765743085,-0.05300573806325885,-4.649070408106456e-05,0.13521353858994087,0.1405126261746037,-4.649070412969501e-05,0.01252658726196042,0.007935233985389603,4.6490704087689956e-05,-0.12161448040276716,-0.1343470488171361,-4.6490704081055025e-05,0.02999618224326694,0.03145891840076076,4.6490704081218624e-05,3.045936206750157e-17,4.690886851316414e-16
344.5,"[0.06062, 0.0456, 0.41014]",0.0456,0.41014,4.649070409298362e-05,-0.050669423765743085,-0.05300573806325885,-4.64907040932159e-05,0.13521353858994087,0.1405126261746037,-4.649070414249864e-05,0.01252658726196042,0.007935233985389603,4.649070409859395e-05,-0.12161448040276716,-0.1343470488171361,-4.649070409323068e-05,0.02999618224326694,0.03145891840076076,4.649070409296859e-05,3.045936206750157e-17,4.690886851316414e-16
344.52,"[0.06062, 0.0456, 0.41014]",0.0456,0.41014,4.649070410559129e-05,-0.050669423765743085,-0.05287833474626889,-4.649070410545465e-05,0.13521353858994087,0.1402236576300978,-4.649070415612053e-05,0.01252658726196042,0.008185608543276377,4.649070411171618e-05,-0.12161448040276716,-0.1336527195143479,-4.6490704105445346e-05,0.02999618224326694,0.0313791528317575,4.64907041055999e-05,3.045936206750157e-17,4.549898507411083e-16
344.54,"[0.06062, 0.0456, 0.41014]",0.0456,0.41014,4.64907041167015e-05,-0.050669423765743085,-0.05287833474626889,-4.649070411692206e-05,0.13521353858994087,0.1402236576300978,-4.6490704168193384e-05,0.01252658726196042,0.008185608543276377,4.649070412199299e-05,-0.12161448040276716,-0.1336527195143479,-4.649070411693594e-05,0.02999618224326694,0.0313791528317575,4.649070411668719e-05,3.045936206750157e-17,4.549898507411083e-16
344.56,"[0.06062, 0.0456, 0.41014]",0.0456,0.41014,4.649070412858065e-05,-0.050669423765743085,-0.05275797608098763,-4.649070412845306e-05,0.13521353858994087,0.13995066734200828,-4.649070418102195e-05,0.01252658726196042,0.00842213886270581,4.649070413435056e-05,-0.12161448040276716,-0.13299678252851654,-4.649070412844454e-05,0.02999618224326694,0.031303797828208864,4.6490704128589044e-05,3.045936206750157e-17,4.4128561166986246e-16
344.581,"[0.06062, 0.0456, 0.41014]",0.0456,0.41014,4.6490704144534446e-05,-0.050669423765743085,-0.05275797608098763,-4.649070414449131e-05,0.13521353858994087,0.13995066734200828,-4.6490704198328736e-05,0.01252658726196042,0.00842213886270581,4.6490704149930384e-05,-0.12161448040276716,-0.13299678252851654,-4.64907041444884e-05,0.02999618224326694,0.031303797828208864,4.64907041445372e-05,3.045936206750157e-17,4.4128561166986246e-16
344.6,"[0.06062, 0.0456, 0.41014]",0.0456,0.41014,4.649070415021427e-05,-0.050669423765743085,-0.05264423621330893,-4.649070415009462e-05,0.13521353858994087,0.1396926894133096,-4.649070420444828e-05,0.01252658726196042,0.008645661838392212,4.649070415564396e-05,-0.12161448040276716,-0.13237691701628757,-4.649070415008686e-05,0.02999618224326694,0.031232586768317385,4.649070415022197e-05,3.045936206750157e-17,4.2790677822660235e-16
344.62,"[0.06062, 0.0456, 0.41014]",0.0456,0.41014,4.6490704160046526e-05,-0.050669423765743085,-0.05264423621330893,-4.649070416024539e-05,0.13521353858994087,0.1396926894133096,-4.649070421512856e-05,0.01252658726196042,0.008645661838392212,4.649070416472995e-05,-0.12161448040276716,-0.13237691701628757,-4.6490704160258074e-05,0.02999618224326694,0.031232586768317385,4.649070416003354e-05,3.045936206750157e-17,4.2790677822660235e-16
344.64,"[0.06062, 0.0456, 0.41014]",0.0456,0.41014,4.649070417056166e-05,-0.050669423765743085,-0.052536731467696586,-4.649070417044938e-05,0.13521353858994087,0.13944885361398754,-4.649070422648139e-05,0.01252658726196042,0.008856931474869465,4.649070417567058e-05,-0.12161448040276716,-0.13179103200170883,-4.649070417044222e-05,0.02999618224326694,0.031165279437759215,4.649070417056919e-05,3.045936206750157e-17,4.148483774866196e-16
344.66,"[0.06062, 0.0456, 0.41014]",0.0456,0.41014,4.6490704179808564e-05,-0.050669423765743085,-0.052536731467696586,-4.6490704179997174e-05,0.13521353858994087,0.13944885361398754,-4.649070423652675e-05,0.01252658726196042,0.008856931474869465,4.649070418421403e-05,-0.12161448040276716,-0.13179103200170883,-4.6490704180009405e-05,0.02999618224326694,0.031165279437759215,4.649070417979657e-05,3.045936206750157e-17,4.148483774866196e-16
344.68,"[0.06062, 0.0456, 0.41014]",0.0456,0.41014,4.6490704189703806e-05,-0.050669423765743085,-0.052435106986946534,-4.649070418959816e-05,0.13521353858994087,0.1392183550781118,-4.649070424721007e-05,0.01252658726196042,0.009056645142309873,4.649070419451198e-05,-0.12161448040276716,-0.13123719356476235,-4.64907041895911e-05,0.02999618224326694,0.031101653665006383,4.6490704189710535e-05,3.045936206750157e-17,4.0212482025822655e-16
344.7,"[0.06062, 0.0456, 0.41014]",0.0456,0.41014,4.6490704198403464e-05,-0.050669423765743085,-0.052435106986946534,-4.649070419858209e-05,0.13521353858994087,0.1392183550781118,-4.649070425666231e-05,0.01252658726196042,0.009056645142309873,4.649070420254911e-05,-0.12161448040276716,-0.13123719356476235,-4.649070419859341e-05,0.02999618224326694,0.031101653665006383,4.6490704198391674e-05,3.045936206750157e-17,4.0212482025822655e-16
344.72,"[0.06062, 0.0456, 0.41014]",0.0456,0.41014,4.649070420771961e-05,-0.050669423765743085,-0.052339032257558885,-4.6490704207619976e-05,0.13521353858994087,0.13900044415472956,-4.649070426672134e-05,0.01252658726196042,0.009245452370189543,4.649070421224736e-05,-0.12161448040276716,-0.130713600455214,-4.649070420761302e-05,0.02999618224326694,0.031041502519816647,4.649070420772554e-05,3.045936206750157e-17,3.8975038812832643e-16
344.74,"[0.06062, 0.0456, 0.41014]",0.0456,0.41014,4.649070421591036e-05,-0.050669423765743085,-0.052339032257558885,-4.649070421607951e-05,0.13521353858994087,0.13900044415472956,-4.649070427562278e-05,0.01252658726196042,0.009245452370189543,4.6490704219814526e-05,-0.12161448040276716,-0.130713600455214,-4.649070421609038e-05,0.02999618224326694,0.031041502519816647,4.649070421589932e-05,3.045936206750157e-17,3.8975038812832643e-16
344.76,"[0.06062, 0.0456, 0.41014]",0.0456,0.41014,4.649070422468806e-05,-0.050669423765743085,-0.05224819815265406,-4.6490704224594245e-05,0.13521353858994087,0.138794419700769,-4.6490704285101745e-05,0.01252658726196042,0.009423960658634274,4.649070422895498e-05,-0.12161448040276716,-0.13021856797688308,-4.649070422458788e-05,0.02999618224326694,0.030984632461839086,4.649070422469409e-05,3.045936206750157e-17,3.777405583934869e-16
344.78,"[0.06062, 0.0456, 0.41014]",0.0456,0.41014,4.6490704232405284e-05,-0.050669423765743085,-0.05224819815265406,-4.649070423256537e-05,0.13521353858994087,0.138794419700769,-4.649070429348968e-05,0.01252658726196042,0.009423960658634274,4.649070423608462e-05,-0.12161448040276716,-0.13021856797688308,-4.649070423257586e-05,0.02999618224326694,0.030984632461839086,4.649070423239505e-05,3.045936206750157e-17,3.777405583934869e-16
344.8,"[0.06062, 0.0456, 0.41014]",0.0456,0.41014,4.6490704240680336e-05,-0.050669423765743085,-0.0521623146814995,-4.649070424059184e-05,0.13521353858994087,0.13859962397664025,-4.64907043024267e-05,0.01252658726196042,0.009592739901110038,4.6490704244703674e-05,-0.12161448040276716,-0.1297505157228548,-4.6490704240585956e-05,0.02999618224326694,0.030930861931620344,4.649070424068616e-05,3.045936206750157e-17,3.6610848988585806e-16
344.82,"[0.06062, 0.0456, 0.41014]",0.0456,0.41014,4.649070424795572e-05,-0.050669423765743085,-0.0521623146814995,-4.6490704248107236e-05,0.13521353858994087,0.13859962397664025,-4.649070431033529e-05,0.01252658726196042,0.009592739901110038,4.649070425142479e-05,-0.12161448040276716,-0.1297505157228548,-4.6490704248116824e-05,0.02999618224326694,0.030930861931620344,4.6490704247945744e-05,3.045936206750157e-17,3.6610848988585806e-16
344.84,"[0.06062, 0.0456, 0.41014]",0.0456,0.41014,4.649070425576166e-05,-0.050669423765743085,-0.052081109209277436,-4.649070425567799e-05,0.13521353858994087,0.13841543860841182,-4.649070431876668e-05,0.01252658726196042,0.009752325882979631,4.6490704259557474e-05,-0.12161448040276716,-0.12930795787344943,-4.649070425567273e-05,0.02999618224326694,0.03088002023602313,4.6490704255767266e-05,3.045936206750157e-17,3.548603804759369e-16
344.86,"[0.06062, 0.0456, 0.41014]",0.0456,0.41014,4.6490704262625624e-05,-0.050669423765743085,-0.052081109209277436,-4.649070426276893e-05,0.13521353858994087,0.13841543860841182,-4.6490704326229233e-05,0.01252658726196042,0.009752325882979631,4.649070426589884e-05,-0.12161448040276716,-0.12930795787344943,-4.6490704262778355e-05,0.02999618224326694,0.03088002023602313,4.64907042626165e-05,3.045936206750157e-17,3.548603804759369e-16
344.88,"[0.06062, 0.0456, 0.41014]",0.0456,0.41014,4.649070426999241e-05,-0.050669423765743085,-0.05200432500904388,-4.649070426991328e-05,0.13521353858994087,0.13824128130344593,-4.649070433418604e-05,0.01252658726196042,0.009903223127225871,4.64907042735746e-05,-0.12161448040276716,-0.12888949530459368,-4.649070426990804e-05,0.02999618224326694,0.03083194664162572,4.649070426999717e-05,3.045936206750157e-17,3.4400046131513727e-16
344.9,"[0.06062, 0.0456, 0.41014]",0.0456,0.41014,4.649070427646964e-05,-0.050669423765743085,-0.05200432500904388,-4.649070427660524e-05,0.13521353858994087,0.13824128130344593,-4.649070434122926e-05,0.01252658726196042,0.009903223127225871,4.649070427955891e-05,-0.12161448040276716,-0.12888949530459368,-4.6490704276613845e-05,0.02999618224326694,0.03083194664162572,4.649070427646061e-05,3.045936206750157e-17,3.4400046131513727e-16
344.92,"[0.06062, 0.0456, 0.41014]",0.0456,0.41014,4.64907042834243e-05,-0.050669423765743085,-0.051931720052807835,-4.649070428334964e-05,0.13521353858994087,0.13807660310839365,-4.649070434874226e-05,0.01252658726196042,0.010045907270247876,4.649070428680681e-05,-0.12161448040276716,-0.128493808999368,-4.649070428334481e-05,0.02999618224326694,0.030786489617831817,4.649070428342916e-05,3.045936206750157e-17,3.3353060851812095e-16
344.94,"[0.06062, 0.0456, 0.41014]",0.0456,0.41014,4.649070428953993e-05,-0.050669423765743085,-0.051931720052807835,-4.649070428966824e-05,0.13521353858994087,0.13807660310839365,-4.649070435539266e-05,0.01252658726196042,0.010045907270247876,4.6490704292457034e-05,-0.12161448040276716,-0.128493808999368,-4.649070428967634e-05,0.02999618224326694,0.030786489617831817,4.64907042895315e-05,3.045936206750157e-17,3.3353060851812095e-16
344.96,"[0.06062, 0.0456, 0.41014]",0.0456,0.41014,4.649070429610795e-05,-0.050669423765743085,-0.051863065977706395,-4.649070429603738e-05,0.13521353858994087,0.1379208860643328,-4.649070436248775e-05,0.01252658726196042,0.010180827093553552,4.649070429930232e-05,-0.12161448040276716,-0.12811965441380443,-4.6490704296032455e-05,0.02999618224326694,0.030743506189605755,4.649070429611209e-05,3.045936206750157e-17,3.2344835442135515e-16
344.98,"[0.06062, 0.0456, 0.41014]",0.0456,0.41014,4.649070430188374e-05,-0.050669423765743085,-0.051863065977706395,-4.64907043020051e-05,0.13521353858994087,0.1379208860643328,-4.649070436876958e-05,0.01252658726196042,0.010180827093553552,4.649070430463909e-05,-0.12161448040276716,-0.12811965441380443,-4.649070430201265e-05,0.02999618224326694,0.030743506189605755,4.649070430187567e-05,3.045936206750157e-17,3.2344835442135515e-16
345.0,"[0.06062, 0.0456, 0.41014]",0.0456,0.41014,4.6490704308088397e-05,-0.050669423765743085,-0.05179814718297095,-4.6490704308021684e-05,0.13521353858994087,0.13777364115855958,-4.6490704375472646e-05,0.01252658726196042,0.010308406298417429,4.649070431110647e-05,-0.12161448040276716,-0.1277658565554798,-4.6490704308017225e-05,0.02999618224326694,0.03070286137209452,4.6490704308092456e-05,3.045936206750157e-17,3.13749668615374e-16
345.02,"[0.06062, 0.0456, 0.41014]",0.0456,0.41014,4.6490704313545654e-05,-0.050669423765743085,-0.05179814718297095,-4.6490704313660234e-05,0.13521353858994087,0.13777364115855958,-4.649070438140769e-05,0.01252658726196042,0.010308406298417429,4.6490704316148654e-05,-0.12161448040276716,-0.1277658565554798,-4.649070431366723e-05,0.02999618224326694,0.03070286137209452,4.64907043135376e-05,3.045936206750157e-17,3.13749668615374e-16
345.04,"[0.06062, 0.0456, 0.41014]",0.0456,0.41014,4.649070431940826e-05,-0.050669423765743085,-0.0517367600268535,-4.6490704319345126e-05,0.13521353858994087,0.13763440650310377,-4.6490704387741816e-05,0.01252658726196042,0.010429045084094184,4.6490704322260044e-05,-0.12161448040276716,-0.1274313056068784,-4.6490704319340924e-05,0.02999618224326694,0.030664427667833533,4.649070431941202e-05,3.045936206750157e-17,3.044249402230552e-16
345.06,"[0.06062, 0.0456, 0.41014]",0.0456,0.41014,4.649070432456478e-05,-0.050669423765743085,-0.0517367600268535,-4.6490704324673254e-05,0.13521353858994087,0.13763440650310377,-4.649070439335083e-05,0.01252658726196042,0.010429045084094184,4.649070432702496e-05,-0.12161448040276716,-0.1274313056068784,-4.649070432468017e-05,0.02999618224326694,0.030664427667833533,4.649070432455766e-05,3.045936206750157e-17,3.044249402230552e-16
345.08,"[0.06062, 0.0456, 0.41014]",0.0456,0.41014,4.649070433010579e-05,-0.050669423765743085,-0.05167871210190286,-4.649070433004604e-05,0.13521353858994087,0.13750274569095325,-4.649070439933707e-05,0.01252658726196042,0.010543121572056901,4.649070433280101e-05,-0.12161448040276716,-0.12711495297575148,-4.649070433004219e-05,0.02999618224326694,0.030628084613006347,4.649070433010941e-05,3.045936206750157e-17,2.954662693588577e-16
345.1,"[0.06062, 0.0456, 0.41014]",0.0456,0.41014,4.649070433497898e-05,-0.050669423765743085,-0.05167871210190286,-4.649070433508151e-05,0.13521353858994087,0.13750274569095325,-4.6490704404637894e-05,0.01252658726196042,0.010543121572056901,4.649070433730399e-05,-0.12161448040276716,-0.12711495297575148,-4.649070433508796e-05,0.02999618224326694,0.030628084613006347,4.649070433497206e-05,3.045936206750157e-17,2.954662693588577e-16
345.12,"[0.06062, 0.0456, 0.41014]",0.0456,0.41014,4.649070434021579e-05,-0.050669423765743085,-0.051622517688854765,-4.649070434015925e-05,0.13521353858994087,0.1373752889030246,-4.649070441029587e-05,0.01252658726196042,0.010653555515884969,4.6490704342763276e-05,-0.12161448040276716,-0.1268087017111775,-4.6490704340155715e-05,0.02999618224326694,0.03059290201800213,4.649070434021922e-05,3.045936206750157e-17,2.8489215655722773e-16
345.14,"[0.06062, 0.0456, 0.41014]",0.0456,0.41014,4.649070434478385e-05,-0.050669423765743085,-0.051622517688854765,-4.649070434476173e-05,0.13521353858994087,0.1373752889030246,-4.6490704415312264e-05,0.01252658726196042,0.010653555515884969,4.6490704347269606e-05,-0.12161448040276716,-0.1268087017111775,-4.649070434476017e-05,0.02999618224326694,0.03059290201800213,4.6490704344784866e-05,3.045936206750157e-17,2.8489215655722773e-16
345.16,"[0.06062, 0.0456, 0.41014]",0.0456,0.41014,4.6490704350019956e-05,-0.050669423765743085,-0.051570285658698055,-4.6490704349953623e-05,0.13521353858994087,0.13725681935366216,-4.64907044209606e-05,0.01252658726196042,0.01075620253665837,4.649070435249058e-05,-0.12161448040276716,-0.1265240448490786,-4.649070434994928e-05,0.02999618224326694,0.030560200219664237,4.6490704350023995e-05,3.045936206750157e-17,2.7664460428721127e-16
345.18,"[0.06062, 0.0456, 0.41014]",0.0456,0.41014,4.649070435442179e-05,-0.050669423765743085,-0.051570285658698055,-4.649070435439987e-05,0.13521353858994087,0.13725681935366216,-4.6490704425779843e-05,0.01252658726196042,0.01075620253665837,4.649070435679467e-05,-0.12161448040276716,-0.1265240448490786,-4.649070435439866e-05,0.02999618224326694,0.030560200219664237,4.649070435442307e-05,3.045936206750157e-17,2.7664460428721127e-16
345.2,"[0.06062, 0.0456, 0.41014]",0.0456,0.41014,4.649070435939419e-05,-0.050669423765743085,-0.05152105803836387,-4.649070435933272e-05,0.13521353858994087,0.1371451642259646,-4.6490704431133464e-05,0.01252658726196042,0.010852945254708925,4.649070436173668e-05,-0.12161448040276716,-0.1262557615774842,-4.649070435932862e-05,0.02999618224326694,0.0305293794434475,4.6490704359397905e-05,3.045936206750157e-17,2.6903826733620664e-16
345.22,"[0.06062, 0.0456, 0.41014]",0.0456,0.41014,4.6490704363557894e-05,-0.050669423765743085,-0.05147343553623705,-4.649070436353838e-05,0.13521353858994087,0.13703714973084755,-4.6490704435684186e-05,0.01252658726196042,0.010946533574939112,4.6490704365799496e-05,-0.12161448040276716,-0.12599622596342777,-4.649070436353671e-05,0.02999618224326694,0.030499563610974546,4.649070436355863e-05,3.045936206750157e-17,2.6006958371543875e-16
345.24,"[0.06062, 0.0456, 0.41014]",0.0456,0.41014,4.649070436774286e-05,-0.050669423765743085,-0.05147343553623705,-4.649070436782426e-05,0.13521353858994087,0.13703714973084755,-4.6490704440254444e-05,0.01252658726196042,0.010946533574939112,4.6490704369762566e-05,-0.12161448040276716,-0.12599622596342777,-4.6490704367829264e-05,0.02999618224326694,0.030499563610974546,4.649070436773721e-05,3.045936206750157e-17,2.6006958371543875e-16
345.26,"[0.06062, 0.0456, 0.41014]",0.0456,0.41014,4.6490704372299904e-05,-0.050669423765743085,-0.051429251954667105,-4.649070437224821e-05,0.13521353858994087,0.1369369351885089,-4.6490704445189996e-05,0.01252658726196042,0.011033363686670471,4.649070437451556e-05,-0.12161448040276716,-0.12575543195930095,-4.649070437224474e-05,0.02999618224326694,0.030471900842171957,4.649070437230298e-05,3.045936206750157e-17,2.5311989661347716e-16
345.28,"[0.06062, 0.0456, 0.41014]",0.0456,0.41014,4.6490704378483706e-05,-0.050669423765743085,-0.051429251954667105,-4.649070437846366e-05,0.13521353858994087,0.1369369351885089,-4.6490704451908675e-05,0.01252658726196042,0.011033363686670471,4.649070438056698e-05,-0.12161448040276716,-0.12575543195930095,-4.649070437846229e-05,0.02999618224326694,0.030471900842171957,4.649070437848473e-05,3.045936206750157e-17,2.5311989661347716e-16
345.3,"[0.06062, 0.0456, 0.41014]",0.0456,0.41014,4.649070438067506e-05,-0.050669423765743085,-0.05138658110898094,-4.649070438062741e-05,0.13521353858994087,0.1368401517427203,-4.649070445427114e-05,0.01252658726196042,0.011117220951448105,4.6490704382768446e-05,-0.12161448040276716,-0.12552288214267024,-4.649070438062403e-05,0.02999618224326694,0.03044518517773549,4.649070438067777e-05,3.045936206750157e-17,2.450859560741748e-16
345.32,"[0.06062, 0.0456, 0.41014]",0.0456,0.41014,4.6490704384464056e-05,-0.050669423765743085,-0.05138658110898094,-4.649070438444338e-05,0.13521353858994087,0.1368401517427203,-4.6490704458423314e-05,0.01252658726196042,0.011117220951448105,4.649070438649975e-05,-0.12161448040276716,-0.12552288214267024,-4.649070438444173e-05,0.02999618224326694,0.03044518517773549,4.649070438446503e-05,3.045936206750157e-17,2.450859560741748e-16
345.34,"[0.06062, 0.0456, 0.41014]",0.0456,0.41014,4.649070438873398e-05,-0.050669423765743085,-0.05134706466798097,-4.649070438868041e-05,0.13521353858994087,0.1367505229279232,-4.6490704463024465e-05,0.01252658726196042,0.011194879141778434,4.649070439074566e-05,-0.12161448040276716,-0.12530752336642587,-4.6490704388676995e-05,0.02999618224326694,0.030420444445263504,4.649070438873732e-05,3.045936206750157e-17,2.3893817931508456e-16
345.36,"[0.06062, 0.0456, 0.41014]",0.0456,0.41014,4.649070439234402e-05,-0.050669423765743085,-0.05134706466798097,-4.649070439232476e-05,0.13521353858994087,0.1367505229279232,-4.64907044669658e-05,0.01252658726196042,0.011194879141778434,4.6490704394267514e-05,-0.12161448040276716,-0.12530752336642587,-4.649070439232313e-05,0.02999618224326694,0.030420444445263504,4.649070439234487e-05,3.045936206750157e-17,2.3893817931508456e-16
345.38,"[0.06062, 0.0456, 0.41014]",0.0456,0.41014,4.649070439635613e-05,-0.050669423765743085,-0.05130989140155656,-4.64907043963073e-05,0.13521353858994087,0.13666620876077087,-4.649070447127895e-05,0.01252658726196042,0.011267932496940329,4.649070439824337e-05,-0.12161448040276716,-0.12510493454608926,-4.6490704396304066e-05,0.02999618224326694,0.030397170744078862,4.6490704396358866e-05,3.045936206750157e-17,2.3325268561323907e-16
345.4,"[0.06062, 0.0456, 0.41014]",0.0456,0.41014,4.6490704399730334e-05,-0.050669423765743085,-0.05130989140155656,-4.649070439971366e-05,0.13521353858994087,0.13666620876077087,-4.6490704474956774e-05,0.01252658726196042,0.011267932496940329,4.6490704401528416e-05,-0.12161448040276716,-0.12510493454608926,-4.64907043997126e-05,0.02999618224326694,0.030397170744078862,4.649070439973124e-05,3.045936206750157e-17,2.3325268561323907e-16
345.42,"[0.06062, 0.0456, 0.41014]",0.0456,0.41014,4.6490704403473156e-05,-0.050669423765743085,-0.05127484393239918,-4.649070440342847e-05,0.13521353858994087,0.1365867161991259,-4.6490704478975715e-05,0.01252658726196042,0.011336808209464257,4.6490704405232965e-05,-0.12161448040276716,-0.1249139310073832,-4.649070440342561e-05,0.02999618224326694,0.030375227977060947,4.649070440347576e-05,3.045936206750157e-17,2.2779970644457267e-16
345.44,"[0.06062, 0.0456, 0.41014]",0.0456,0.41014,4.649070440836538e-05,-0.050669423765743085,-0.05127484393239918,-4.6490704408328566e-05,0.13521353858994087,0.1365867161991259,-4.6490704484280215e-05,0.01252658726196042,0.011336808209464257,4.6490704410042446e-05,-0.12161448040276716,-0.1249139310073832,-4.649070440832632e-05,0.02999618224326694,0.030375227977060947,4.649070440836737e-05,3.045936206750157e-17,2.2779970644457267e-16
345.46,"[0.06062, 0.0456, 0.41014]",0.0456,0.41014,4.649070441009307e-05,-0.050669423765743085,-0.05124177139680102,-4.649070441005176e-05,0.13521353858994087,0.13651170306299965,-4.649070448613064e-05,0.01252658726196042,0.011401802758543526,4.64907044117306e-05,-0.12161448040276716,-0.12473369056534653,-4.6490704410049066e-05,0.02999618224326694,0.030354521690394067,4.649070441009528e-05,3.045936206750157e-17,2.225127077969066e-16
345.48,"[0.06062, 0.0456, 0.41014]",0.0456,0.41014,4.649070441300546e-05,-0.050669423765743085,-0.05124177139680102,-4.649070441299223e-05,0.13521353858994087,0.13651170306299965,-4.649070448930286e-05,0.01252658726196042,0.011401802758543526,4.6490704414562817e-05,-0.12161448040276716,-0.12473369056534653,-4.6490704412991435e-05,0.02999618224326694,0.030354521690394067,4.6490704413005855e-05,3.045936206750157e-17,2.225127077969066e-16
345.501,"[0.06062, 0.0456, 0.41014]",0.0456,0.41014,4.649070441747279e-05,-0.050669423765743085,-0.05121054431362616,-4.6490704417526246e-05,0.13521353858994087,0.13644087567106705,-4.6490704494132116e-05,0.01252658726196042,0.011463170602081083,4.649070441882108e-05,-0.12161448040276716,-0.12456350756688181,-4.6490704417529776e-05,0.02999618224326694,0.03033497081761416,4.6490704417468824e-05,3.045936206750157e-17,2.1737889809203789e-16
345.52,"[0.06062, 0.0456, 0.41014]",0.0456,0.41014,4.6490704418952704e-05,-0.050669423765743085,-0.05121054431362616,-4.6490704418940744e-05,0.13521353858994087,0.13644087567106705,-4.6490704495730094e-05,0.01252658726196042,0.011463170602081083,4.6490704420403054e-05,-0.12161448040276716,-0.12456350756688181,-4.649070441894006e-05,0.02999618224326694,0.03033497081761416,4.649070441895309e-05,3.045936206750157e-17,2.1737889809203789e-16
345.54,"[0.06062, 0.0456, 0.41014]",0.0456,0.41014,4.649070442197354e-05,-0.050669423765743085,-0.05118104741321371,-4.6490704421937675e-05,0.13521353858994087,0.13637397257561604,-4.6490704498972726e-05,0.01252658726196042,0.011521138269416255,4.649070442339428e-05,-0.12161448040276716,-0.12440275380933503,-4.6490704421935324e-05,0.02999618224326694,0.030316503189877816,4.649070442197528e-05,3.045936206750157e-17,2.1239622152013294e-16
345.56,"[0.06062, 0.0456, 0.41014]",0.0456,0.41014,4.6490704424492563e-05,-0.050669423765743085,-0.05118104741321371,-4.64907044244817e-05,0.13521353858994087,0.13637397257561604,-4.649070450171889e-05,0.01252658726196042,0.011521138269416255,4.6490704425845383e-05,-0.12161448040276716,-0.12440275380933503,-4.649070442448098e-05,0.02999618224326694,0.030316503189877816,4.6490704424492814e-05,3.045936206750157e-17,2.1239622152013294e-16
345.58,"[0.06062, 0.0456, 0.41014]",0.0456,0.41014,4.649070442731252e-05,-0.050669423765743085,-0.05115317644714344,-4.649070442727897e-05,0.13521353858994087,0.13631075732664968,-4.649070450474696e-05,0.01252658726196042,0.011575910630812175,4.649070442863957e-05,-0.12161448040276716,-0.12425086115418857,-4.649070442727693e-05,0.02999618224326694,0.030299053538597832,4.6490704427314355e-05,3.045936206750157e-17,2.0756786441396843e-16
345.6,"[0.06062, 0.0456, 0.41014]",0.0456,0.41014,4.649070442966288e-05,-0.050669423765743085,-0.05115317644714344,-4.649070442965266e-05,0.13521353858994087,0.13631075732664968,-4.6490704507310403e-05,0.01252658726196042,0.011575910630812175,4.649070443092756e-05,-0.12161448040276716,-0.12425086115418857,-4.649070442965236e-05,0.02999618224326694,0.030299053538597832,4.649070442966322e-05,3.045936206750157e-17,2.0756786441396843e-16
345.62,"[0.06062, 0.0456, 0.41014]",0.0456,0.41014,4.6490704432301475e-05,-0.050669423765743085,-0.05112683606693022,-4.649070443226979e-05,0.13521353858994087,0.13625101366046866,-4.6490704510144433e-05,0.01252658726196042,0.011627675066271291,4.6490704433543503e-05,-0.12161448040276716,-0.12410730996625863,-4.649070443226829e-05,0.02999618224326694,0.03028256216732121,4.649070443230323e-05,3.045936206750157e-17,2.0289782865503236e-16
345.64,"[0.06062, 0.0456, 0.41014]",0.0456,0.41014,4.649070443449913e-05,-0.050669423765743085,-0.05112683606693022,-4.649070443448964e-05,0.13521353858994087,0.13625101366046866,-4.64907045125423e-05,0.01252658726196042,0.011627675066271291,4.6490704435683305e-05,-0.12161448040276716,-0.12410730996625863,-4.6490704434489206e-05,0.02999618224326694,0.03028256216732121,4.6490704434499085e-05,3.045936206750157e-17,2.0289782865503236e-16
345.66,"[0.06062, 0.0456, 0.41014]",0.0456,0.41014,4.6490704436971805e-05,-0.050669423765743085,-0.05110193831170143,-4.649070443694197e-05,0.13521353858994087,0.13619454206951198,-4.6490704515199004e-05,0.01252658726196042,0.01167660443757006,4.649070443813592e-05,-0.12161448040276716,-0.12397162087176035,-4.649070443694038e-05,0.02999618224326694,0.030266974004883585,4.649070443697318e-05,3.045936206750157e-17,1.983955254523316e-16
345.68,"[0.06062, 0.0456, 0.41014]",0.0456,0.41014,4.6490704439030895e-05,-0.050669423765743085,-0.05107783821228227,-4.649070443902191e-05,0.13521353858994087,0.1361398796734885,-4.649070451744697e-05,0.01252658726196042,0.011723966245973072,4.649070444014198e-05,-0.12161448040276716,-0.12384027888380002,-4.6490704439021706e-05,0.02999618224326694,0.030251885244428827,4.649070443903088e-05,3.045936206750157e-17,1.932397932150205e-16
345.7,"[0.06062, 0.0456, 0.41014]",0.0456,0.41014,4.649070444109778e-05,-0.050669423765743085,-0.05107783821228227,-4.649070444113963e-05,0.13521353858994087,0.1361398796734885,-4.649070451970313e-05,0.01252658726196042,0.011723966245973072,4.649070444209625e-05,-0.12161448040276716,-0.12384027888380002,-4.6490704441142826e-05,0.02999618224326694,0.030251885244428827,4.649070444109453e-05,3.045936206750157e-17,1.932397932150205e-16
345.72,"[0.06062, 0.0456, 0.41014]",0.0456,0.41014,4.649070444335308e-05,-0.050669423765743085,-0.05105544486707179,-4.649070444332745e-05,0.13521353858994087,0.13608908843470996,-4.649070452214459e-05,0.01252658726196042,0.011767973920252792,4.649070444445014e-05,-0.12161448040276716,-0.12371823845459416,-4.649070444332577e-05,0.02999618224326694,0.03023786506070322,4.649070444335377e-05,3.045936206750157e-17,1.8907214419685383e-16
345.74,"[0.06062, 0.0456, 0.41014]",0.0456,0.41014,4.649070444535662e-05,-0.050669423765743085,-0.05105544486707179,-4.649070444539367e-05,0.13521353858994087,0.13608908843470996,-4.64907045243263e-05,0.01252658726196042,0.011767973920252792,4.64907044463121e-05,-0.12161448040276716,-0.12371823845459416,-4.649070444539617e-05,0.02999618224326694,0.03023786506070322,4.6490704445353514e-05,3.045936206750157e-17,1.8907214419685383e-16
345.76,"[0.06062, 0.0456, 0.41014]",0.0456,0.41014,4.6490704447496826e-05,-0.050669423765743085,-0.051034343244246626,-4.6490704447473015e-05,0.13521353858994087,0.13604122700295634,-4.6490704526639126e-05,0.01252658726196042,0.011809443085994882,4.649070444853507e-05,-0.12161448040276716,-0.12360323772190723,-4.6490704447471503e-05,0.02999618224326694,0.030224653607651582,4.649070444749773e-05,3.045936206750157e-17,1.851969135246659e-16
345.78,"[0.06062, 0.0456, 0.41014]",0.0456,0.41014,4.649070444938737e-05,-0.050669423765743085,-0.051034343244246626,-4.649070444942279e-05,0.13521353858994087,0.13604122700295634,-4.6490704528694245e-05,0.01252658726196042,0.011809443085994882,4.649070445028812e-05,-0.12161448040276716,-0.12360323772190723,-4.649070444942526e-05,0.02999618224326694,0.030224653607651582,4.649070444938451e-05,3.045936206750157e-17,1.851969135246659e-16
345.8,"[0.06062, 0.0456, 0.41014]",0.0456,0.41014,4.649070445140046e-05,-0.050669423765743085,-0.05101442481586348,-4.64907044513785e-05,0.13521353858994087,0.13599604922167396,-4.64907045308674e-05,0.01252658726196042,0.011848587023633146,4.6490704452376685e-05,-0.12161448040276716,-0.12349468522445203,-4.649070445137693e-05,0.02999618224326694,0.03021218293733268,4.649070445140125e-05,3.045936206750157e-17,1.8150333676512361e-16
345.82,"[0.06062, 0.0456, 0.41014]",0.0456,0.41014,4.649070445317475e-05,-0.050669423765743085,-0.05101442481586348,-4.64907044532087e-05,0.13521353858994087,0.13599604922167396,-4.6490704532794826e-05,0.01252658726196042,0.011848587023633146,4.6490704454019996e-05,-0.12161448040276716,-0.12349468522445203,-4.649070445321088e-05,0.02999618224326694,0.03021218293733268,4.6490704453172e-05,3.045936206750157e-17,1.8150333676512361e-16
345.84,"[0.06062, 0.0456, 0.41014]",0.0456,0.41014,4.649070445506376e-05,-0.050669423765743085,-0.05099561279881244,-4.649070445504342e-05,0.13521353858994087,0.13595338093603102,-4.6490704534833235e-05,0.01252658726196042,0.011885556628268776,4.649070445597973e-05,-0.12161448040276716,-0.12339216250560227,-4.649070445504203e-05,0.02999618224326694,0.030200404976834783,4.649070445506467e-05,3.045936206750157e-17,1.779655214942944e-16
345.86,"[0.06062, 0.0456, 0.41014]",0.0456,0.41014,4.649070445672598e-05,-0.050669423765743085,-0.05099561279881244,-4.649070445675826e-05,0.13521353858994087,0.13595338093603102,-4.6490704536638126e-05,0.01252658726196042,0.011885556628268776,4.649070445751771e-05,-0.12161448040276716,-0.12339216250560227,-4.64907044567602e-05,0.02999618224326694,0.030200404976834783,4.649070445672322e-05,3.045936206750157e-17,1.779655214942944e-16
345.88,"[0.06062, 0.0456, 0.41014]",0.0456,0.41014,4.6490704458496044e-05,-0.050669423765743085,-0.050977839570797004,-4.649070445847711e-05,0.13521353858994087,0.13591306876920156,-4.6490704538548565e-05,0.01252658726196042,0.01192048479206114,4.6490704459355294e-05,-0.12161448040276716,-0.12329530103381366,-4.6490704458476176e-05,0.02999618224326694,0.030189277388712885,4.649070445849731e-05,3.045936206750157e-17,1.7456809310415836e-16
345.9,"[0.06062, 0.0456, 0.41014]",0.0456,0.41014,4.649070446005384e-05,-0.050669423765743085,-0.050977839570797004,-4.649070446008458e-05,0.13521353858994087,0.13591306876920156,-4.6490704540239826e-05,0.01252658726196042,0.01192048479206114,4.6490704460795745e-05,-0.12161448040276716,-0.12329530103381366,-4.649070446008647e-05,0.02999618224326694,0.030189277388712885,4.6490704460051433e-05,3.045936206750157e-17,1.7456809310415836e-16
345.92,"[0.06062, 0.0456, 0.41014]",0.0456,0.41014,4.649070446171354e-05,-0.050669423765743085,-0.05096104363459684,-4.649070446169577e-05,0.13521353858994087,0.1358749732368892,-4.649070454203063e-05,0.01252658726196042,0.011953492370095372,4.649070446251905e-05,-0.12161448040276716,-0.12320376565830399,-4.649070446169442e-05,0.02999618224326694,0.03017876167035296,4.649070446171431e-05,3.045936206750157e-17,1.7130528006585677e-16
345.94,"[0.06062, 0.0456, 0.41014]",0.0456,0.41014,4.649070446317298e-05,-0.050669423765743085,-0.05096104363459684,-4.649070446320207e-05,0.13521353858994087,0.1358749732368892,-4.6490704543615706e-05,0.01252658726196042,0.011953492370095372,4.649070446386862e-05,-0.12161448040276716,-0.12320376565830399,-4.6490704463203826e-05,0.02999618224326694,0.03017876167035296,4.649070446317052e-05,3.045936206750157e-17,1.7130528006585677e-16
345.96,"[0.06062, 0.0456, 0.41014]",0.0456,0.41014,4.649070446473092e-05,-0.050669423765743085,-0.05094516843477243,-4.649070446471428e-05,0.13521353858994087,0.13583896606344753,-4.6490704545297405e-05,0.01252658726196042,0.011984690505808868,4.649070446548763e-05,-0.12161448040276716,-0.12311724816026774,-4.649070446471333e-05,0.02999618224326694,0.030168822413126004,4.649070446473191e-05,3.045936206750157e-17,1.6817449567755811e-16
345.98,"[0.06062, 0.0456, 0.41014]",0.0456,0.41014,4.649070446610097e-05,-0.050669423765743085,-0.05094516843477243,-4.649070446612873e-05,0.13521353858994087,0.13583896606344753,-4.64907045467859e-05,0.01252658726196042,0.011984690505808868,4.649070446675418e-05,-0.12161448040276716,-0.12311724816026774,-4.6490704466130575e-05,0.02999618224326694,0.030168822413126004,4.6490704466099066e-05,3.045936206750157e-17,1.6817449567755811e-16
346.0,"[0.06062, 0.0456, 0.41014]",0.0456,0.41014,4.649070446756477e-05,-0.050669423765743085,-0.05093016157544774,-4.649070446754919e-05,0.13521353858994087,0.13580492840770172,-4.649070454836576e-05,0.01252658726196042,0.012014182168214335,4.6490704468275805e-05,-0.12161448040276716,-0.12303546298990689,-4.649070446754814e-05,0.02999618224326694,0.030159426812651883,4.649070446756564e-05,3.045936206750157e-17,1.6517309505494065e-16
346.02,"[0.06062, 0.0456, 0.41014]",0.0456,0.41014,4.649070446885181e-05,-0.050669423765743085,-0.05093016157544774,-4.6490704468878066e-05,0.13521353858994087,0.13580492840770172,-4.649070454976438e-05,0.01252658726196042,0.012014182168214335,4.649070446946558e-05,-0.12161448040276716,-0.12303546298990689,-4.649070446887978e-05,0.02999618224326694,0.030159426812651883,4.649070446884993e-05,3.045936206750157e-17,1.6517309505494065e-16
346.04,"[0.06062, 0.0456, 0.41014]",0.0456,0.41014,4.649070447022841e-05,-0.050669423765743085,-0.05093016157544774,-4.6490704470213755e-05,0.13521353858994087,0.13580492840770172,-4.6490704551250644e-05,0.01252658726196042,0.012014182168214335,4.6490704470897426e-05,-0.12161448040276716,-0.12303546298990689,-4.6490704470212874e-05,0.02999618224326694,0.030159426812651883,4.6490704470229375e-05,3.045936206750157e-17,1.6517309505494065e-16
346.06,"[0.06062, 0.0456, 0.41014]",0.0456,0.41014,4.649070447158882e-05,-0.050669423765743085,-0.050915974248947,-4.649070447157239e-05,0.13521353858994087,0.13577274956701715,-4.649070455270654e-05,0.01252658726196042,0.012042063274749647,4.6490704472221684e-05,-0.12161448040276716,-0.12295814415258581,-4.649070447157129e-05,0.02999618224326694,0.030150544311076246,4.649070447158953e-05,3.045936206750157e-17,1.6229755382421992e-16
346.08,"[0.06062, 0.0456, 0.41014]",0.0456,0.41014,4.649070447269104e-05,-0.050669423765743085,-0.050902463259546,-4.649070447268754e-05,0.13521353858994087,0.13574210475346452,-4.6490704553907705e-05,0.01252658726196042,0.012068615235393104,4.649070447328976e-05,-0.12161448040276716,-0.12288451125272365,-4.6490704472687105e-05,0.02999618224326694,0.030142085255408745,4.649070447269094e-05,3.045936206750157e-17,1.5924992838773213e-16
346.1,"[0.06062, 0.0456, 0.41014]",0.0456,0.41014,4.6490704473798324e-05,-0.050669423765743085,-0.050902463259546,-4.649070447382304e-05,0.13521353858994087,0.13574210475346452,-4.649070455511532e-05,0.01252658726196042,0.012068615235393104,4.649070447433359e-05,-0.12161448040276716,-0.12288451125272365,-4.649070447382429e-05,0.02999618224326694,0.030142085255408745,4.6490704473796305e-05,3.045936206750157e-17,1.5924992838773213e-16
346.12,"[0.06062, 0.0456, 0.41014]",0.0456,0.41014,4.6490704475011526e-05,-0.050669423765743085,-0.05088975641051911,-4.649070447499807e-05,0.13521353858994087,0.13571328384274417,-4.649070455642825e-05,0.01252658726196042,0.012093586889596003,4.649070447560279e-05,-0.12161448040276716,-0.12281526079931951,-4.6490704474996835e-05,0.02999618224326694,0.03013412966162603,4.649070447501186e-05,3.045936206750157e-17,1.565752690281885e-16
346.14,"[0.06062, 0.0456, 0.41014]",0.0456,0.41014,4.649070447608478e-05,-0.050669423765743085,-0.05088975641051911,-4.6490704476106814e-05,0.13521353858994087,0.13571328384274417,-4.64907045575979e-05,0.01252658726196042,0.012093586889596003,4.6490704476597585e-05,-0.12161448040276716,-0.12281526079931951,-4.6490704476108014e-05,0.02999618224326694,0.03013412966162603,4.649070447608307e-05,3.045936206750157e-17,1.565752690281885e-16
346.16,"[0.06062, 0.0456, 0.41014]",0.0456,0.41014,4.6490704477240226e-05,-0.050669423765743085,-0.050877753928700364,-4.6490704477227446e-05,0.13521353858994087,0.13568606053536175,-4.649070455884717e-05,0.01252658726196042,0.012117174312797262,4.6490704477802174e-05,-0.12161448040276716,-0.1227498490433316,-4.6490704477226524e-05,0.02999618224326694,0.03012661506303968,4.649070447724072e-05,3.045936206750157e-17,1.5405819168358405e-16
346.18,"[0.06062, 0.0456, 0.41014]",0.0456,0.41014,4.64907044782589e-05,-0.050669423765743085,-0.050877753928700364,-4.649070447827978e-05,0.13521353858994087,0.13568606053536175,-4.6490704559956076e-05,0.01252658726196042,0.012117174312797262,4.649070447874511e-05,-0.12161448040276716,-0.1227498490433316,-4.649070447828096e-05,0.02999618224326694,0.03012661506303968,4.649070447825719e-05,3.045936206750157e-17,1.5405819168358405e-16
346.2,"[0.06062, 0.0456, 0.41014]",0.0456,0.41014,4.649070447935333e-05,-0.050669423765743085,-0.0508661374399541,-4.6490704479341254e-05,0.13521353858994087,0.13565971271425117,-4.6490704561138805e-05,0.01252658726196042,0.012140003177719306,4.649070447988529e-05,-0.12161448040276716,-0.12268654089266903,-4.64907044793406e-05,0.02999618224326694,0.030119342129722285,4.6490704479353844e-05,3.045936206750157e-17,1.5125275970894177e-16
346.22,"[0.06062, 0.0456, 0.41014]",0.0456,0.41014,4.649070448031438e-05,-0.050669423765743085,-0.0508661374399541,-4.6490704480334966e-05,0.13521353858994087,0.13565971271425117,-4.6490704562185135e-05,0.01252658726196042,0.012140003177719306,4.6490704480773275e-05,-0.12161448040276716,-0.12268654089266903,-4.64907044803364e-05,0.02999618224326694,0.030119342129722285,4.6490704480313004e-05,3.045936206750157e-17,1.5125275970894177e-16
346.24,"[0.06062, 0.0456, 0.41014]",0.0456,0.41014,4.649070448134917e-05,-0.050669423765743085,-0.05085526696095505,-4.6490704481337744e-05,0.13521353858994087,0.1356350569475811,-4.649070456330312e-05,0.01252658726196042,0.012161365975215617,4.649070448185269e-05,-0.12161448040276716,-0.1226272983851199,-4.649070448133718e-05,0.02999618224326694,0.03011253626345622,4.649070448134958e-05,3.045936206750157e-17,1.4872768122097505e-16
346.26,"[0.06062, 0.0456, 0.41014]",0.0456,0.41014,4.6490704482775274e-05,-0.050669423765743085,-0.05085526696095505,-4.6490704482763545e-05,0.13521353858994087,0.1356350569475811,-4.649070456486021e-05,0.01252658726196042,0.012161365975215617,4.649070448327153e-05,-0.12161448040276716,-0.1226272983851199,-4.649070448276257e-05,0.02999618224326694,0.03011253626345622,4.6490704482775627e-05,3.045936206750157e-17,1.4872768122097505e-16
346.28,"[0.06062, 0.0456, 0.41014]",0.0456,0.41014,4.6490704483289715e-05,-0.050669423765743085,-0.05084508032805707,-4.649070448327652e-05,0.13521353858994087,0.13561195223950817,-4.649070456541416e-05,0.01252658726196042,0.012181384870039438,4.649070448377756e-05,-0.12161448040276716,-0.1225717827379796,-4.6490704483275844e-05,0.02999618224326694,0.030106158544386873,4.649070448329063e-05,3.045936206750157e-17,1.4658027324760216e-16
346.3,"[0.06062, 0.0456, 0.41014]",0.0456,0.41014,4.649070448416029e-05,-0.050669423765743085,-0.05084508032805707,-4.649070448415569e-05,0.13521353858994087,0.13561195223950817,-4.649070456636652e-05,0.01252658726196042,0.012181384870039438,4.649070448462829e-05,-0.12161448040276716,-0.1225717827379796,-4.649070448415537e-05,0.02999618224326694,0.030106158544386873,4.649070448416017e-05,3.045936206750157e-17,1.4658027324760216e-16
346.32,"[0.06062, 0.0456, 0.41014]",0.0456,0.41014,4.64907044851402e-05,-0.050669423765743085,-0.05083547588237435,-4.649070448512798e-05,0.13521353858994087,0.13559016801346177,-4.649070456742148e-05,0.01252658726196042,0.012200259643469203,4.6490704485601694e-05,-0.12161448040276716,-0.12251943992531138,-4.649070448512714e-05,0.02999618224326694,0.030100145325201035,4.6490704485140685e-05,3.045936206750157e-17,1.4457093662311245e-16
346.34,"[0.06062, 0.0456, 0.41014]",0.0456,0.41014,4.6490704485961893e-05,-0.050669423765743085,-0.05083547588237435,-4.649070448595784e-05,0.13521353858994087,0.13559016801346177,-4.649070456831937e-05,0.01252658726196042,0.012200259643469203,4.649070448640341e-05,-0.12161448040276716,-0.12251943992531138,-4.649070448595764e-05,0.02999618224326694,0.030100145325201035,4.649070448596191e-05,3.045936206750157e-17,1.4457093662311245e-16
346.36,"[0.06062, 0.0456, 0.41014]",0.0456,0.41014,4.649070448688461e-05,-0.050669423765743085,-0.05082641035824821,-4.6490704486873375e-05,0.13521353858994087,0.13556960613687702,-4.649070456931161e-05,0.01252658726196042,0.012218075321703405,4.64907044873189e-05,-0.12161448040276716,-0.12247003415565552,-4.6490704486872596e-05,0.02999618224326694,0.030094469517829552,4.649070448688514e-05,3.045936206750157e-17,1.4266471884610123e-16
346.38,"[0.06062, 0.0456, 0.41014]",0.0456,0.41014,4.649070448765612e-05,-0.050669423765743085,-0.05082641035824821,-4.649070448765247e-05,0.13521353858994087,0.13556960613687702,-4.649070457015373e-05,0.01252658726196042,0.012218075321703405,4.6490704488070714e-05,-0.12161448040276716,-0.12247003415565552,-4.6490704487652124e-05,0.02999618224326694,0.030094469517829552,4.649070448765593e-05,3.045936206750157e-17,1.4266471884610123e-16
346.4,"[0.06062, 0.0456, 0.41014]",0.0456,0.41014,4.649070448852181e-05,-0.050669423765743085,-0.05081784897126855,-4.6490704488511314e-05,0.13521353858994087,0.13555018771384705,-4.649070457108422e-05,0.01252658726196042,0.012234900263487732,4.64907044889293e-05,-0.12161448040276716,-0.12242337585910636,-4.649070448851048e-05,0.02999618224326694,0.030089109344203276,4.64907044885221e-05,3.045936206750157e-17,1.408481855428095e-16
346.42,"[0.06062, 0.0456, 0.41014]",0.0456,0.41014,4.649070448924482e-05,-0.050669423765743085,-0.05081784897126855,-4.649070448924148e-05,0.13521353858994087,0.13555018771384705,-4.649070457187335e-05,0.01252658726196042,0.012234900263487732,4.649070448963381e-05,-0.12161448040276716,-0.12242337585910636,-4.6490704489241144e-05,0.02999618224326694,0.030089109344203276,4.649070448924455e-05,3.045936206750157e-17,1.408481855428095e-16
