timestamp,target_x,target_y,target_z,actual_j1,target_j1,control_u_j1,actual_j2,target_j2,control_u_j2,actual_j3,target_j3,control_u_j3,actual_j4,target_j4,control_u_j4,actual_j5,target_j5,control_u_j5,actual_j6,target_j6,control_u_j6
372.001,"[0.0, 0.0, 0.0]",0.0,0.0,0.0,0.0,0.0,0.0,0.0,0.0,0.0,0.0,0.0,0.0,0.0,0.0,0.0,0.0,0.0,0.0,0.0,0.0
372.02,"[0.0, 0.0, 0.0]",0.0,0.0,4.649070393935801e-05,0.0,0.0,-4.649070393890588e-05,0.0,0.0,-4.6490703959549274e-05,0.0,0.0,4.649070392980777e-05,0.0,0.0,-4.649070393887631e-05,0.0,0.0,4.6490703939387464e-05,0.0,0.0
372.04,"[0.0, 0.0, 0.0]",0.0,0.0,4.649070394352427e-05,0.0,0.0,-4.64907039441803e-05,0.0,0.0,-4.6490703988533684e-05,0.0,0.0,4.64907039591326e-05,0.0,0.0,-4.6490703944222856e-05,0.0,0.0,4.6490703943481973e-05,0.0,0.0
372.06,"[0.0, 0.0, 0.0]",0.0,0.0,4.649070392778854e-05,0.0,0.0,-4.649070392736907e-05,0.0,0.0,-4.649070394813521e-05,0.0,0.0,4.6490703919616725e-05,0.0,0.0,-4.649070392734197e-05,0.0,0.0,4.649070392781642e-05,0.0,0.0
372.08,"[0.0, 0.0, 0.0]",0.0,0.0,4.649070394357399e-05,0.0,0.0,-4.6490703943394844e-05,0.0,0.0,-4.649070396907343e-05,0.0,0.0,4.6490703939033234e-05,0.0,0.0,-4.649070394338314e-05,0.0,0.0,4.6490703943585786e-05,0.0,0.0
372.1,"[0.0, 0.0, 0.0]",0.0,0.0,4.649070394659304e-05,0.0,0.0,-4.6490703947175925e-05,0.0,0.0,-4.6490703989078516e-05,0.0,0.0,4.649070395922661e-05,0.0,0.0,-4.649070394721406e-05,0.0,0.0,4.649070394655551e-05,0.0,0.0
372.12,"[0.0, 0.0, 0.0]",0.0,0.0,4.649070392733898e-05,0.0,0.0,-4.64907039269114e-05,0.0,0.0,-4.6490703946621376e-05,0.0,0.0,4.649070391809885e-05,0.0,0.0,-4.6490703926883455e-05,0.0,0.0,4.6490703927366636e-05,0.0,0.0
372.14,"[0.0, 0.0, 0.0]",0.0,0.0,4.6490703928112845e-05,0.0,0.0,-4.6490703928632815e-05,0.0,0.0,-4.649070396861694e-05,0.0,0.0,4.649070394063882e-05,0.0,0.0,-4.6490703928666906e-05,0.0,0.0,4.64907039280797e-05,0.0,0.0
372.16,"[0.0, 0.0, 0.0]",0.0,0.0,4.649070391297706e-05,0.0,0.0,-4.649070391259163e-05,0.0,0.0,-4.6490703932680176e-05,0.0,0.0,4.649070390568393e-05,0.0,0.0,-4.6490703912566274e-05,0.0,0.0,4.6490703913002374e-05,0.0,0.0
372.18,"[0.0, 0.0, 0.0]",0.0,0.0,4.649070391669042e-05,0.0,0.0,-4.6490703917196705e-05,0.0,0.0,-4.649070395638319e-05,0.0,0.0,4.6490703929570325e-05,0.0,0.0,-4.649070391722947e-05,0.0,0.0,4.649070391665787e-05,0.0,0.0
372.2,"[0.0, 0.0, 0.0]",0.0,0.0,4.649070390477405e-05,0.0,0.0,-4.649070390442686e-05,0.0,0.0,-4.6490703924864325e-05,0.0,0.0,4.6490703898741016e-05,0.0,0.0,-4.649070390440383e-05,0.0,0.0,4.649070390479666e-05,0.0,0.0
372.22,"[0.0, 0.0, 0.0]",0.0,0.0,4.649070391002183e-05,0.0,0.0,-4.649070391051185e-05,0.0,0.0,-4.649070394889368e-05,0.0,0.0,4.6490703922744784e-05,0.0,0.0,-4.649070391054348e-05,0.0,0.0,4.649070390999003e-05,0.0,0.0
372.24,"[0.0, 0.0, 0.0]",0.0,0.0,4.6490703900064095e-05,0.0,0.0,-4.649070389974763e-05,0.0,0.0,-4.6490703920415776e-05,0.0,0.0,4.649070389479182e-05,0.0,0.0,-4.649070389972723e-05,0.0,0.0,4.649070390008496e-05,0.0,0.0
372.26,"[0.0, 0.0, 0.0]",0.0,0.0,4.649070391344575e-05,0.0,0.0,-4.649070391331024e-05,0.0,0.0,-4.649070393768338e-05,0.0,0.0,4.649070391074432e-05,0.0,0.0,-4.649070391330145e-05,0.0,0.0,4.649070391345456e-05,0.0,0.0
372.28,"[0.0, 0.0, 0.0]",0.0,0.0,4.64907039169698e-05,0.0,0.0,-4.649070391740741e-05,0.0,0.0,-4.649070395399509e-05,0.0,0.0,4.649070392702692e-05,0.0,0.0,-4.649070391743576e-05,0.0,0.0,4.649070391694181e-05,0.0,0.0
372.3,"[0.0, 0.0, 0.0]",0.0,0.0,4.649070390354956e-05,0.0,-0.003952431174312425,-4.649070390322775e-05,0.0,0.010458855234281366,-4.649070392311633e-05,0.0,0.0010220326843935889,4.649070389708539e-05,0.0,-0.009456237562464734,-4.6490703903206946e-05,0.0,0.0023402530761815234,4.649070390357091e-05,0.0,-3.069247963065916e-17
372.32,"[0.06062, 0.0456, 0.41014]",0.0456,0.41014,4.649070391181134e-05,-0.05095512609165416,-0.003952431174312425,-4.649070391165589e-05,0.13483667570852362,0.010458855234281366,-4.64907039349372e-05,0.013176348926681694,0.0010220326843935889,4.6490703908121004e-05,-0.12191048291543397,-0.009456237562464734,-4.649070391164601e-05,0.03017076942532194,0.0023402530761815234,4.649070391182186e-05,3.395736718407674e-17,-3.069247963065916e-17
372.34,"[0.06062, 0.0456, 0.41014]",0.0456,0.41014,4.649070389037038e-05,-0.05095512609165416,-0.006274401845440975,-4.649070389002074e-05,0.13483667570852362,0.01660321896928648,-4.649070390888135e-05,0.013176348926681694,0.0016224657393499441,4.649070388420855e-05,-0.12191048291543397,-0.015011566951793894,-4.649070388999807e-05,0.03017076942532194,0.003715102812603571,4.649070389039328e-05,3.395736718407674e-17,-2.764820079581575e-17
372.36,"[0.06062, 0.0456, 0.41014]",0.0456,0.41014,4.649070358821926e-05,-0.05095512609165416,-0.006274401845440975,-4.649070358608234e-05,0.13483667570852362,0.01660321896928648,-4.649070356633314e-05,0.013176348926681694,0.0016224657393499441,4.64907035724483e-05,-0.12191048291543397,-0.015011566951793894,-4.649070358594366e-05,0.03017076942532194,0.003715102812603571,4.649070358835835e-05,3.395736718407674e-17,-2.764820079581575e-17
372.38,"[0.06062, 0.0456, 0.41014]",0.0456,0.41014,4.649070364516093e-05,-0.05095512609165416,-0.008572066822584797,-4.649070364550946e-05,0.13483667570852362,0.02268326531556352,-4.649070368004139e-05,0.013176348926681694,0.002216613583014274,4.64907036816893e-05,-0.12191048291543397,-0.020508744886277866,-4.649070364553236e-05,0.03017076942532194,0.00507556103353415,4.6490703645138355e-05,3.395736718407674e-17,-2.4830609288066964e-17
372.4,"[0.06062, 0.0456, 0.41014]",0.0456,0.41014,4.64907034483602e-05,-0.05095512609165416,-0.008572066822584797,-4.6490703447088045e-05,0.13483667570852362,0.02268326531556352,-4.64907034472029e-05,0.013176348926681694,0.002216613583014274,4.6490703468389074e-05,-0.12191048291543397,-0.020508744886277866,-4.649070344700584e-05,0.03017076942532194,0.00507556103353415,4.6490703448443034e-05,3.395736718407674e-17,-2.4830609288066964e-17
372.42,"[0.06062, 0.0456, 0.41014]",0.0456,0.41014,4.649070358310563e-05,-0.05095512609165416,-0.010773977183146405,-4.649070358416688e-05,0.13483667570852362,0.02850992722422812,-4.6490703635574696e-05,0.013176348926681694,0.0027860004258723004,4.649070364414119e-05,-0.12191048291543397,-0.0257768293424949,-4.649070358423619e-05,0.03017076942532194,0.006379322496455288,4.6490703583036705e-05,3.395736718407674e-17,-2.3993538435491317e-17
372.44,"[0.06062, 0.0456, 0.41014]",0.0456,0.41014,4.649070345231281e-05,-0.05095512609165416,-0.012922010259741478,-4.649070345169467e-05,0.13483667570852362,0.03419401987942229,-4.6490703467762026e-05,0.013176348926681694,0.0033414552699127104,4.6490703488756855e-05,-0.12191048291543397,-0.030916012054001973,-4.649070345165556e-05,0.03017076942532194,0.007651182966566467,4.649070345235313e-05,3.395736718407674e-17,-2.580778906245224e-17
372.46,"[0.06062, 0.0456, 0.41014]",0.0456,0.41014,4.6490703413770574e-05,-0.05095512609165416,-0.012922010259741478,-4.649070340848165e-05,0.13483667570852362,0.03419401987942229,-4.649070332460618e-05,0.013176348926681694,0.0033414552699127104,4.649070334602337e-05,-0.12191048291543397,-0.030916012054001973,-4.649070340813873e-05,0.03017076942532194,0.007651182966566467,4.649070341411389e-05,3.395736718407674e-17,-2.580778906245224e-17
372.48,"[0.06062, 0.0456, 0.41014]",0.0456,0.41014,4.649070353868925e-05,-0.05095512609165416,-0.014953727051825499,-4.6490703540175076e-05,0.13483667570852362,0.03957031813387962,-4.649070360413161e-05,0.013176348926681694,0.0038668321436469903,4.64907036174845e-05,-0.12191048291543397,-0.035776907337451175,-4.649070354027225e-05,0.03017076942532194,0.008854172018521123,4.6490703538593245e-05,3.395736718407674e-17,-2.9354761862280775e-17
372.5,"[0.06062, 0.0456, 0.41014]",0.0456,0.41014,4.649070354494859e-05,-0.05095512609165416,-0.014953727051825499,-4.649070354042718e-05,0.13483667570852362,0.03957031813387962,-4.649070347573322e-05,0.013176348926681694,0.0038668321436469903,4.649070348356191e-05,-0.12191048291543397,-0.035776907337451175,-4.649070354013448e-05,0.03017076942532194,0.008854172018521123,4.649070354524215e-05,3.395736718407674e-17,-2.9354761862280775e-17
372.52,"[0.06062, 0.0456, 0.41014]",0.0456,0.41014,4.6490703667251986e-05,-0.05095512609165416,-0.016885766790674352,-4.649070366890164e-05,0.13483667570852362,0.04468285247372766,-4.649070373878136e-05,0.013176348926681694,0.004366433754970906,4.649070373890065e-05,-0.12191048291543397,-0.04039932464905641,-4.6490703669009634e-05,0.03017076942532194,0.009998141819264296,4.6490703667145775e-05,3.395736718407674e-17,-3.355801294981538e-17
372.54,"[0.06062, 0.0456, 0.41014]",0.0456,0.41014,4.649070366937727e-05,-0.05095512609165416,-0.016885766790674352,-4.649070366524841e-05,0.13483667570852362,0.04468285247372766,-4.6490703611633404e-05,0.013176348926681694,0.004366433754970906,4.649070360646125e-05,-0.12191048291543397,-0.04039932464905641,-4.649070366498135e-05,0.03017076942532194,0.009998141819264296,4.649070366964586e-05,3.395736718407674e-17,-3.355801294981538e-17
372.56,"[0.06062, 0.0456, 0.41014]",0.0456,0.41014,4.649070378027377e-05,-0.05095512609165416,-0.018720898787801876,-4.6490703781977985e-05,0.13483667570852362,0.04953895101062254,-4.6490703855423995e-05,0.013176348926681694,0.004840976216553283,4.64907038439441e-05,-0.12191048291543397,-0.044789889580602364,-4.649070378208918e-05,0.03017076942532194,0.011084732091140104,4.649070378016402e-05,3.395736718407674e-17,-3.7610210775431555e-17
372.58,"[0.06062, 0.0456, 0.41014]",0.0456,0.41014,4.6490703776251113e-05,-0.05095512609165416,-0.018720898787801876,-4.649070377244126e-05,0.13483667570852362,0.04953895101062254,-4.649070372827763e-05,0.013176348926681694,0.004840976216553283,4.6490703712001333e-05,-0.12191048291543397,-0.044789889580602364,-4.649070377219482e-05,0.03017076942532194,0.011084732091140104,4.649070377649941e-05,3.395736718407674e-17,-3.7610210775431555e-17
372.6,"[0.06062, 0.0456, 0.41014]",0.0456,0.41014,4.649070387553258e-05,-0.05095512609165416,-0.020461855665199865,-4.6490703877241564e-05,0.13483667570852362,0.05414584476841104,-4.6490703953146226e-05,0.013176348926681694,0.005291166152462928,4.649070393194252e-05,-0.12191048291543397,-0.04895513994535103,-4.649070387735311e-05,0.03017076942532194,0.012115560832456657,4.649070387542223e-05,3.395736718407674e-17,-4.093262376964426e-17
372.62,"[0.06062, 0.0456, 0.41014]",0.0456,0.41014,4.6490703865753616e-05,-0.05095512609165416,-0.020461855665199865,-4.649070386221495e-05,0.13483667570852362,0.05414584476841104,-4.649070382640028e-05,0.013176348926681694,0.005291166152462928,4.649070380089179e-05,-0.12191048291543397,-0.04895513994535103,-4.6490703861985423e-05,0.03017076942532194,0.012115560832456657,4.649070386598332e-05,3.395736718407674e-17,-4.093262376964426e-17
372.64,"[0.06062, 0.0456, 0.41014]",0.0456,0.41014,4.6490703954374614e-05,-0.05095512609165416,-0.022111973647208488,-4.6490703956057214e-05,0.13483667570852362,0.05851236201406011,-4.6490704033679923e-05,0.013176348926681694,0.005717866270287941,4.649070400447423e-05,-0.12191048291543397,-0.052903057679727146,-4.649070395616607e-05,0.03017076942532194,0.013092603437307636,4.6490703954264974e-05,3.395736718407674e-17,-4.31666158320748e-17
372.66,"[0.06062, 0.0456, 0.41014]",0.0456,0.41014,4.6490703939838e-05,-0.05095512609165416,-0.022111973647208488,-4.649070393653546e-05,0.13483667570852362,0.05851236201406011,-4.649070390821871e-05,0.013176348926681694,0.005717866270287941,4.649070387513272e-05,-0.12191048291543397,-0.052903057679727146,-4.6490703936321015e-05,0.03017076942532194,0.013092603437307636,4.649070394005193e-05,3.395736718407674e-17,-4.31666158320748e-17
372.68,"[0.06062, 0.0456, 0.41014]",0.0456,0.41014,4.649070401910738e-05,-0.05095512609165416,-0.023710447052974627,-4.6490704020743786e-05,0.13483667570852362,0.0627422181628876,-4.649070409958223e-05,0.013176348926681694,0.006131211738356482,4.649070406384648e-05,-0.12191048291543397,-0.05672741543868068,-4.6490704020849936e-05,0.03017076942532194,0.0140390670460768,4.649070401900113e-05,3.395736718407674e-17,-4.919283498594285e-17
372.7,"[0.06062, 0.0456, 0.41014]",0.0456,0.41014,4.6490703955162605e-05,-0.05095512609165416,-0.023710447052974627,-4.6490703955755345e-05,0.13483667570852362,0.0627422181628876,-4.649070401349649e-05,0.013176348926681694,0.006131211738356482,4.649070398328398e-05,-0.12191048291543397,-0.05672741543868068,-4.6490703955793685e-05,0.03017076942532194,0.0140390670460768,4.649070395512419e-05,3.395736718407674e-17,-4.919283498594285e-17
372.72,"[0.06062, 0.0456, 0.41014]",0.0456,0.41014,4.649070409966672e-05,-0.05095512609165416,-0.025199126574246635,-4.649070410164403e-05,0.13483667570852362,0.06668153939445147,-4.649070419006368e-05,0.013176348926681694,0.006516165863058381,4.649070414661151e-05,-0.12191048291543397,-0.060289090634836694,-4.649070410177239e-05,0.03017076942532194,0.014920521180337855,4.649070409953879e-05,3.395736718407674e-17,-4.978217815692192e-17
372.74,"[0.06062, 0.0456, 0.41014]",0.0456,0.41014,4.6490704038743e-05,-0.05095512609165416,-0.025199126574246635,-4.6490704039356196e-05,0.13483667570852362,0.06668153939445147,-4.649070409974776e-05,0.013176348926681694,0.006516165863058381,4.6490704061080945e-05,-0.12191048291543397,-0.060289090634836694,-4.64907040393961e-05,0.03017076942532194,0.014920521180337855,4.649070403870373e-05,3.395736718407674e-17,-4.978217815692192e-17
372.76,"[0.06062, 0.0456, 0.41014]",0.0456,0.41014,4.6490704165313736e-05,-0.05095512609165416,-0.026603613251869645,-4.649070416716732e-05,0.13483667570852362,0.07039807079624653,-4.6490704255046394e-05,0.013176348926681694,0.006879348758133886,4.649070420491747e-05,-0.12191048291543397,-0.06364933391959128,-4.649070416728781e-05,0.03017076942532194,0.015752124336570868,4.649070416519373e-05,3.395736718407674e-17,-4.8129406137370034e-17
372.78,"[0.06062, 0.0456, 0.41014]",0.0456,0.41014,4.649070409865504e-05,-0.05095512609165416,-0.026603613251869645,-4.649070409921711e-05,0.13483667570852362,0.07039807079624653,-4.649070416058908e-05,0.013176348926681694,0.006879348758133886,4.649070411585639e-05,-0.12191048291543397,-0.06364933391959128,-4.6490704099253914e-05,0.03017076942532194,0.015752124336570868,4.649070409861894e-05,3.395736718407674e-17,-4.8129406137370034e-17
372.8,"[0.06062, 0.0456, 0.41014]",0.0456,0.41014,4.649070421092121e-05,-0.05095512609165416,-0.027930444746771928,-4.649070421265584e-05,0.13483667570852362,0.07390911222788832,-4.64907042999694e-05,0.013176348926681694,0.007222450982230168,4.6490704245242096e-05,-0.12191048291543397,-0.06682378668777764,-4.6490704212768255e-05,0.03017076942532194,0.016537747494505765,4.649070421080834e-05,3.395736718407674e-17,-4.497132961764561e-17
372.82,"[0.06062, 0.0456, 0.41014]",0.0456,0.41014,4.6490704190120024e-05,-0.05095512609165416,-0.02921459205916889,-4.64907041915536e-05,0.13483667570852362,0.07730720342135688,-4.6490704273908876e-05,0.013176348926681694,0.007554515604205961,4.6490704221155494e-05,-0.12191048291543397,-0.069896117278707,-4.649070419164656e-05,0.03017076942532194,0.017298097147561774,4.649070419002682e-05,3.395736718407674e-17,-4.667288109412814e-17
372.84,"[0.06062, 0.0456, 0.41014]",0.0456,0.41014,4.649070411741379e-05,-0.05095512609165416,-0.02921459205916889,-4.6490704114981344e-05,0.13483667570852362,0.07730720342135688,-4.649070411544146e-05,0.013176348926681694,0.007554515604205961,4.649070406486027e-05,-0.12191048291543397,-0.069896117278707,-4.649070411482334e-05,0.03017076942532194,0.017298097147561774,4.649070411757138e-05,3.395736718407674e-17,-4.667288109412814e-17
372.86,"[0.06062, 0.0456, 0.41014]",0.0456,0.41014,4.649070418360068e-05,-0.05095512609165416,-0.03040732928356189,-4.649070418507946e-05,0.13483667570852362,0.080463406622465,-4.649070426990649e-05,0.013176348926681694,0.007862942706855313,4.649070421809401e-05,-0.12191048291543397,-0.07274974865474416,-4.649070418517592e-05,0.03017076942532194,0.01800432245832289,4.6490704183504995e-05,3.395736718407674e-17,-4.212650265499921e-17
372.88,"[0.06062, 0.0456, 0.41014]",0.0456,0.41014,4.6490704174441925e-05,-0.05095512609165416,-0.03040732928356189,-4.649070417228796e-05,0.13483667570852362,0.080463406622465,-4.649070418065243e-05,0.013176348926681694,0.007862942706855313,4.649070412458753e-05,-0.12191048291543397,-0.07274974865474416,-4.649070417214782e-05,0.03017076942532194,0.01800432245832289,4.649070417458106e-05,3.395736718407674e-17,-4.212650265499921e-17
372.9,"[0.06062, 0.0456, 0.41014]",0.0456,0.41014,4.6490704230916716e-05,-0.05095512609165416,-0.031559508416577765,-4.649070423229011e-05,0.13483667570852362,0.08351228561562284,-4.6490704316651114e-05,0.013176348926681694,0.008160881988342474,4.649070426003209e-05,-0.12191048291543397,-0.07550634453994766,-4.649070423237935e-05,0.03017076942532194,0.018686533132745476,4.649070423082771e-05,3.395736718407674e-17,-4.2141651087194564e-17
372.92,"[0.06062, 0.0456, 0.41014]",0.0456,0.41014,4.649070418140344e-05,-0.05095512609165416,-0.031559508416577765,-4.649070418198915e-05,0.13483667570852362,0.08351228561562284,-4.649070425057666e-05,0.013176348926681694,0.008160881988342474,4.649070419804349e-05,-0.12191048291543397,-0.07550634453994766,-4.649070418202665e-05,0.03017076942532194,0.018686533132745476,4.6490704181364854e-05,3.395736718407674e-17,-4.2141651087194564e-17
372.94,"[0.06062, 0.0456, 0.41014]",0.0456,0.41014,4.649070428190564e-05,-0.05095512609165416,-0.03262719809998981,-4.6490704283459104e-05,0.13483667570852362,0.08633758990517836,-4.6490704373416273e-05,0.013176348926681694,0.008436973342280394,4.649070431202015e-05,-0.12191048291543397,-0.07806079888125726,-4.6490704283559556e-05,0.03017076942532194,0.019318717207363143,4.649070428180451e-05,3.395736718407674e-17,-3.559683270688648e-17
372.96,"[0.06062, 0.0456, 0.41014]",0.0456,0.41014,4.6490704233157226e-05,-0.05095512609165416,-0.03262719809998981,-4.6490704233707404e-05,0.13483667570852362,0.08633758990517836,-4.649070430323599e-05,0.013176348926681694,0.008436973342280394,4.649070424547884e-05,-0.12191048291543397,-0.07806079888125726,-4.649070423374269e-05,0.03017076942532194,0.019318717207363143,4.64907042331211e-05,3.395736718407674e-17,-3.559683270688648e-17
372.98,"[0.06062, 0.0456, 0.41014]",0.0456,0.41014,4.649070431936276e-05,-0.05095512609165416,-0.033631915012489126,-4.6490704320781483e-05,0.13483667570852362,0.08899625660085961,-4.6490704409483316e-05,0.013176348926681694,0.008696780715959104,4.6490704344233915e-05,-0.12191048291543397,-0.08046459046877638,-4.6490704320873424e-05,0.03017076942532194,0.019913614808650927,4.649070431927056e-05,3.395736718407674e-17,-2.7519549412911915e-17
373.0,"[0.06062, 0.0456, 0.41014]",0.0456,0.41014,4.649070426621564e-05,-0.05095512609165416,-0.033631915012489126,-4.649070426669327e-05,0.13483667570852362,0.08899625660085961,-4.649070433624107e-05,0.013176348926681694,0.008696780715959104,4.6490704275137365e-05,-0.12191048291543397,-0.08046459046877638,-4.64907042667243e-05,0.03017076942532194,0.019913614808650927,4.6490704266184545e-05,3.395736718407674e-17,-2.7519549412911915e-17
373.02,"[0.06062, 0.0456, 0.41014]",0.0456,0.41014,4.6490704341949386e-05,-0.05095512609165416,-0.034579396365259654,-4.649070434325134e-05,0.13483667570852362,0.09150346742413598,-4.6490704430958095e-05,0.013176348926681694,0.008941787681320087,4.649070436340907e-05,-0.12191048291543397,-0.08273144561660638,-4.6490704343335755e-05,0.03017076942532194,0.02047462296628779,4.649070434186486e-05,3.395736718407674e-17,-1.8978025417943232e-17
373.04,"[0.06062, 0.0456, 0.41014]",0.0456,0.41014,4.6490704287600486e-05,-0.05095512609165416,-0.035495943406065884,-4.64907042880215e-05,0.13483667570852362,0.09392882033901104,-4.649070435781071e-05,0.013176348926681694,0.009178795415998713,4.649070429458474e-05,-0.12191048291543397,-0.08492429022680473,-4.649070428804916e-05,0.03017076942532194,0.021017314772562856,4.649070428757346e-05,3.395736718407674e-17,-1.5912352506863464e-17
373.06,"[0.06062, 0.0456, 0.41014]",0.0456,0.41014,4.6490704265499336e-05,-0.05095512609165416,-0.035495943406065884,-4.649070426380587e-05,0.13483667570852362,0.09392882033901104,-4.649070428954732e-05,0.013176348926681694,0.009178795415998713,4.6490704225112744e-05,-0.12191048291543397,-0.08492429022680473,-4.649070426369613e-05,0.03017076942532194,0.021017314772562856,4.6490704265609044e-05,3.395736718407674e-17,-1.5912352506863464e-17
373.08,"[0.06062, 0.0456, 0.41014]",0.0456,0.41014,4.649070430888598e-05,-0.05095512609165416,-0.03634598216478958,-4.6490704309975755e-05,0.13483667570852362,0.09617818004387235,-4.649070439536155e-05,0.013176348926681694,0.00939860493098567,4.649070433124773e-05,-0.12191048291543397,-0.0869580133502433,-4.6490704310046425e-05,0.03017076942532194,0.021520626712746557,4.649070430881549e-05,3.395736718407674e-17,-7.662655246052048e-18
373.1,"[0.06062, 0.0456, 0.41014]",0.0456,0.41014,4.649070429863004e-05,-0.05095512609165416,-0.03634598216478958,-4.649070429712508e-05,0.13483667570852362,0.09617818004387235,-4.649070432827224e-05,0.013176348926681694,0.00939860493098567,4.6490704260796704e-05,-0.12191048291543397,-0.0869580133502433,-4.649070429702739e-05,0.03017076942532194,0.021520626712746557,4.649070429872771e-05,3.395736718407674e-17,-7.662655246052048e-18
373.12,"[0.06062, 0.0456, 0.41014]",0.0456,0.41014,4.649070433576065e-05,-0.05095512609165416,-0.0371462004987558,-4.649070433676335e-05,0.13483667570852362,0.0982957056943495,-4.649070442160805e-05,0.013176348926681694,0.009605531499949966,4.649070435474018e-05,-0.12191048291543397,-0.08887254079139649,-4.649070433682839e-05,0.03017076942532194,0.021994439745512084,4.6490704335696006e-05,3.395736718407674e-17,1.2925050255154923e-18
373.14,"[0.06062, 0.0456, 0.41014]",0.0456,0.41014,4.649070432132504e-05,-0.05095512609165416,-0.0371462004987558,-4.649070431987797e-05,0.13483667570852362,0.0982957056943495,-4.649070435355e-05,0.013176348926681694,0.009605531499949966,4.649070428390627e-05,-0.12191048291543397,-0.08887254079139649,-4.649070431978462e-05,0.03017076942532194,0.021994439745512084,4.6490704321419835e-05,3.395736718407674e-17,1.2925050255154923e-18
373.16,"[0.06062, 0.0456, 0.41014]",0.0456,0.41014,4.649070435257492e-05,-0.05095512609165416,-0.03790103560880554,-4.649070435349282e-05,0.13483667570852362,0.10029313894419205,-4.649070443774569e-05,0.013176348926681694,0.00980072252819358,4.649070436916011e-05,-0.12191048291543397,-0.09067848858141321,-4.649070435355234e-05,0.03017076942532194,0.022441381158310774,4.649070435251575e-05,3.395736718407674e-17,1.0125817471475787e-17
373.18,"[0.06062, 0.0456, 0.41014]",0.0456,0.41014,4.6490704336091895e-05,-0.05095512609165416,-0.03790103560880554,-4.6490704334703595e-05,0.13483667570852362,0.10029313894419205,-4.649070437081888e-05,0.013176348926681694,0.00980072252819358,4.649070429983575e-05,-0.12191048291543397,-0.09067848858141321,-4.649070433461352e-05,0.03017076942532194,0.022441381158310774,4.649070433618216e-05,3.395736718407674e-17,1.0125817471475787e-17
373.2,"[0.06062, 0.0456, 0.41014]",0.0456,0.41014,4.649070436355506e-05,-0.05095512609165416,-0.03863128076455364,-4.6490704364401824e-05,0.13483667570852362,0.10222550262892197,-4.649070444826985e-05,0.013176348926681694,0.009989554898237064,4.649070437858269e-05,-0.12191048291543397,-0.0924256047497405,-4.6490704364456894e-05,0.03017076942532194,0.0228737627437089,4.649070436350046e-05,3.395736718407674e-17,1.376358181282093e-17
373.22,"[0.06062, 0.0456, 0.41014]",0.0456,0.41014,4.649070432520183e-05,-0.05095512609165416,-0.03863128076455364,-4.649070432555341e-05,0.13483667570852362,0.10222550262892197,-4.649070439957883e-05,0.013176348926681694,0.009989554898237064,4.6490704333071417e-05,-0.12191048291543397,-0.0924256047497405,-4.649070432557652e-05,0.03017076942532194,0.0228737627437089,4.6490704325179394e-05,3.395736718407674e-17,1.376358181282093e-17
373.24,"[0.06062, 0.0456, 0.41014]",0.0456,0.41014,4.649070438406725e-05,-0.05095512609165416,-0.03930868880635031,-4.6490704385035716e-05,0.13483667570852362,0.10401804954196858,-4.6490704472584804e-05,0.013176348926681694,0.010164724243729448,4.649070440114133e-05,-0.12191048291543397,-0.09404630778773748,-4.64907043850987e-05,0.03017076942532194,0.02327485922585494,4.649070438400476e-05,3.395736718407674e-17,2.172022057863983e-17
373.26,"[0.06062, 0.0456, 0.41014]",0.0456,0.41014,4.6490704348816966e-05,-0.05095512609165416,-0.03996288138897956,-4.649070434915212e-05,0.13483667570852362,0.10574916405813771,-4.649070442390096e-05,0.013176348926681694,0.01033389035847232,4.649070435503627e-05,-0.12191048291543397,-0.09561146769237426,-4.6490704349174184e-05,0.03017076942532194,0.02366220972562354,4.649070434879554e-05,3.395736718407674e-17,2.5234098779316543e-17
373.28,"[0.06062, 0.0456, 0.41014]",0.0456,0.41014,4.6490704335762786e-05,-0.05095512609165416,-0.03996288138897956,-4.6490704334583885e-05,0.13483667570852362,0.10574916405813771,-4.6490704377966494e-05,0.013176348926681694,0.01033389035847232,4.649070430763684e-05,-0.12191048291543397,-0.09561146769237426,-4.6490704334507585e-05,0.03017076942532194,0.02366220972562354,4.649070433583941e-05,3.395736718407674e-17,2.5234098779316543e-17
373.3,"[0.06062, 0.0456, 0.41014]",0.0456,0.41014,4.64907043687791e-05,-0.05095512609165416,-0.040585118880048,-4.649070436958081e-05,0.13483667570852362,0.1073957194943962,-4.6490704455213086e-05,0.013176348926681694,0.010494793281550587,4.6490704385294196e-05,-0.12191048291543397,-0.09710017483771197,-4.649070436963307e-05,0.03017076942532194,0.02403063946564161,4.649070436872734e-05,3.395736718407674e-17,2.8035533863013783e-17
373.32,"[0.06062, 0.0456, 0.41014]",0.0456,0.41014,4.649070434443234e-05,-0.05095512609165416,-0.04117535408976013,-4.6490704344806245e-05,0.13483667570852362,0.10895759097782243,-4.6490704421981036e-05,0.013176348926681694,0.010647420810265418,4.649070435385725e-05,-0.12191048291543397,-0.09851231632186623,-4.649070434483057e-05,0.03017076942532194,0.024380120504610032,4.649070434440812e-05,3.395736718407674e-17,3.090239075528382e-17
373.34,"[0.06062, 0.0456, 0.41014]",0.0456,0.41014,4.649070434211652e-05,-0.05095512609165416,-0.04117535408976013,-4.649070434113774e-05,0.13483667570852362,0.10895759097782243,-4.649070439036943e-05,0.013176348926681694,0.010647420810265418,4.649070431989347e-05,-0.12191048291543397,-0.09851231632186623,-4.649070434107443e-05,0.03017076942532194,0.024380120504610032,4.6490704342180267e-05,3.395736718407674e-17,3.090239075528382e-17
373.36,"[0.06062, 0.0456, 0.41014]",0.0456,0.41014,4.649070437911493e-05,-0.05095512609165416,-0.04171849875505773,-4.6490704379910265e-05,0.13483667570852362,0.11039485217495369,-4.6490704466974715e-05,0.013176348926681694,0.010787871306286783,4.6490704396182994e-05,-0.12191048291543397,-0.09981179337975542,-4.6490704379961975e-05,0.03017076942532194,0.024701719011131152,4.649070437906369e-05,3.395736718407674e-17,3.927640979210704e-17
373.38,"[0.06062, 0.0456, 0.41014]",0.0456,0.41014,4.649070437900638e-05,-0.05095512609165416,-0.04171849875505773,-4.649070437812705e-05,0.13483667570852362,0.11039485217495369,-4.6490704430440646e-05,0.013176348926681694,0.010787871306286783,4.6490704356388634e-05,-0.12191048291543397,-0.09981179337975542,-4.64907043780702e-05,0.03017076942532194,0.024701719011131152,4.649070437906338e-05,3.395736718407674e-17,3.927640979210704e-17
373.4,"[0.06062, 0.0456, 0.41014]",0.0456,0.41014,4.649070440710116e-05,-0.05095512609165416,-0.04224220101188837,-4.649070440780846e-05,0.13483667570852362,0.11178066516489922,-4.649070449393056e-05,0.013176348926681694,0.01092329423583001,4.649070442016954e-05,-0.12191048291543397,-0.10106475435202304,-4.649070440785463e-05,0.03017076942532194,0.025011805576310425,4.6490704407055536e-05,3.395736718407674e-17,4.370262990164642e-17
373.42,"[0.06062, 0.0456, 0.41014]",0.0456,0.41014,4.6490704385127114e-05,-0.05095512609165416,-0.042739182808380106,-4.64907043854611e-05,0.13483667570852362,0.11309577087689257,-4.6490704464207086e-05,0.013176348926681694,0.011051807584639365,4.649070439206391e-05,-0.12191048291543397,-0.10225378645339753,-4.649070438548268e-05,0.03017076942532194,0.025306070831463648,4.649070438510537e-05,3.395736718407674e-17,4.7522801030051264e-17
373.44,"[0.06062, 0.0456, 0.41014]",0.0456,0.41014,4.649070438158272e-05,-0.05095512609165416,-0.042739182808380106,-4.649070438077302e-05,0.13483667570852362,0.11309577087689257,-4.64907044359452e-05,0.013176348926681694,0.011051807584639365,4.649070436189896e-05,-0.12191048291543397,-0.10225378645339753,-4.64907043807207e-05,0.03017076942532194,0.025306070831463648,4.649070438163548e-05,3.395736718407674e-17,4.7522801030051264e-17
373.46,"[0.06062, 0.0456, 0.41014]",0.0456,0.41014,4.649070441128625e-05,-0.05095512609165416,-0.043209700311615654,-4.649070441196732e-05,0.13483667570852362,0.11434084717639387,-4.649070449888091e-05,0.013176348926681694,0.01117347759435485,4.6490704424824444e-05,-0.12191048291543397,-0.10337950256525051,-4.649070441201163e-05,0.03017076942532194,0.025584666454323526,4.6490704411242305e-05,3.395736718407674e-17,5.1318810976083125e-17
373.48,"[0.06062, 0.0456, 0.41014]",0.0456,0.41014,4.649070439586721e-05,-0.05095512609165416,-0.043209700311615654,-4.649070439621179e-05,0.13483667570852362,0.11434084717639387,-4.64907044765035e-05,0.013176348926681694,0.01117347759435485,4.649070440343366e-05,-0.12191048291543397,-0.10337950256525051,-4.6490704396234365e-05,0.03017076942532194,0.025584666454323526,4.649070439584546e-05,3.395736718407674e-17,5.1318810976083125e-17
373.5,"[0.06062, 0.0456, 0.41014]",0.0456,0.41014,4.649070444023269e-05,-0.05095512609165416,-0.04364154898751387,-4.6490704440953165e-05,0.13483667570852362,0.11548359860993725,-4.649070452951499e-05,0.013176348926681694,0.011285148323318133,4.649070445262452e-05,-0.12191048291543397,-0.10441270326236968,-4.6490704441000016e-05,0.03017076942532194,0.02584036608295898,4.64907044401862e-05,3.395736718407674e-17,5.958745255328673e-17
373.52,"[0.06062, 0.0456, 0.41014]",0.0456,0.41014,4.6490704421916926e-05,-0.05095512609165416,-0.044057703614261506,-4.6490704422214844e-05,0.13483667570852362,0.11658482068801848,-4.6490704502301586e-05,0.013176348926681694,0.011392760765186794,4.649070442651222e-05,-0.12191048291543397,-0.10540835584731423,-4.649070442223416e-05,0.03017076942532194,0.02608677319140362,4.649070442189779e-05,3.395736718407674e-17,6.430424235851499e-17
373.54,"[0.06062, 0.0456, 0.41014]",0.0456,0.41014,4.649070441603992e-05,-0.05095512609165416,-0.044057703614261506,-4.649070441535967e-05,0.13483667570852362,0.11658482068801848,-4.649070447530803e-05,0.013176348926681694,0.011392760765186794,4.649070439812875e-05,-0.12191048291543397,-0.10540835584731423,-4.649070441531571e-05,0.03017076942532194,0.02608677319140362,4.6490704416084196e-05,3.395736718407674e-17,6.430424235851499e-17
373.56,"[0.06062, 0.0456, 0.41014]",0.0456,0.41014,4.6490704438252404e-05,-0.05095512609165416,-0.04445228149546977,-4.64907044388188e-05,0.13483667570852362,0.11762894670844287,-4.6490704525266865e-05,0.013176348926681694,0.011494793727387159,4.649070444843271e-05,-0.12191048291543397,-0.10635238593165666,-4.6490704438855715e-05,0.03017076942532194,0.02632040460750603,4.6490704438215866e-05,3.395736718407674e-17,6.830433582186892e-17
373.58,"[0.06062, 0.0456, 0.41014]",0.0456,0.41014,4.64907044230783e-05,-0.05095512609165416,-0.04445228149546977,-4.6490704423362784e-05,0.13483667570852362,0.11762894670844287,-4.6490704504274e-05,0.013176348926681694,0.011494793727387159,4.6490704428488756e-05,-0.12191048291543397,-0.10635238593165666,-4.649070442338156e-05,0.03017076942532194,0.02632040460750603,4.649070442306014e-05,3.395736718407674e-17,6.830433582186892e-17
373.6,"[0.06062, 0.0456, 0.41014]",0.0456,0.41014,4.64907044585607e-05,-0.05095512609165416,-0.04481461750565048,-4.649070445916127e-05,0.13483667570852362,0.11858775477747675,-4.6490704547014355e-05,0.013176348926681694,0.011588489340295929,4.649070446822192e-05,-0.12191048291543397,-0.1072192771350086,-4.649070445920031e-05,0.03017076942532194,0.02653494546039073,4.649070445852189e-05,3.395736718407674e-17,7.570323902593029e-17
373.62,"[0.06062, 0.0456, 0.41014]",0.0456,0.41014,4.6490704441775397e-05,-0.05095512609165416,-0.04481461750565048,-4.6490704442022175e-05,0.13483667570852362,0.11858775477747675,-4.649070452278855e-05,0.013176348926681694,0.011588489340295929,4.6490704445051395e-05,-0.12191048291543397,-0.1072192771350086,-4.649070444203823e-05,0.03017076942532194,0.02653494546039073,4.6490704441759486e-05,3.395736718407674e-17,7.570323902593029e-17
373.64,"[0.06062, 0.0456, 0.41014]",0.0456,0.41014,4.6490704470540954e-05,-0.05095512609165416,-0.04515414035809876,-4.649070447107091e-05,0.13483667570852362,0.11948619501361205,-4.649070455805377e-05,0.013176348926681694,0.011676285752626662,4.649070447794476e-05,-0.12191048291543397,-0.1080315877137425,-4.6490704471105315e-05,0.03017076942532194,0.026735978535468587,4.649070447050658e-05,3.395736718407674e-17,8.289193070884438e-17
373.66,"[0.06062, 0.0456, 0.41014]",0.0456,0.41014,4.6490704451222904e-05,-0.05095512609165416,-0.04548208439644911,-4.649070445142554e-05,0.13483667570852362,0.12035399556703176,-4.649070453184539e-05,0.013176348926681694,0.011761088026776629,4.649070445310423e-05,-0.12191048291543397,-0.10881619590627534,-4.649070445143888e-05,0.03017076942532194,0.026930155740352534,4.649070445120993e-05,3.395736718407674e-17,8.66828286538973e-17
373.68,"[0.06062, 0.0456, 0.41014]",0.0456,0.41014,4.6490704442905874e-05,-0.05095512609165416,-0.04548208439644911,-4.6490704442342875e-05,0.13483667570852362,0.12035399556703176,-4.649070450701815e-05,0.013176348926681694,0.011761088026776629,4.649070442752456e-05,-0.12191048291543397,-0.10881619590627534,-4.64907044423068e-05,0.03017076942532194,0.026930155740352534,4.649070444294284e-05,3.395736718407674e-17,8.66828286538973e-17
373.7,"[0.06062, 0.0456, 0.41014]",0.0456,0.41014,4.649070447133324e-05,-0.05095512609165416,-0.04578495574577269,-4.649070447180085e-05,0.13483667570852362,0.12115544915002373,-4.649070455844148e-05,0.013176348926681694,0.011839406813483855,4.649070447825916e-05,-0.12191048291543397,-0.10954081753123615,-4.6490704471831866e-05,0.03017076942532194,0.02710948728834196,4.649070447130354e-05,3.395736718407674e-17,9.235302629838064e-17
373.72,"[0.06062, 0.0456, 0.41014]",0.0456,0.41014,4.649070445310114e-05,-0.05095512609165416,-0.04578495574577269,-4.649070445259488e-05,0.13483667570852362,0.12115544915002373,-4.6490704518990446e-05,0.013176348926681694,0.011839406813483855,4.649070443861099e-05,-0.12191048291543397,-0.10954081753123615,-4.6490704452562625e-05,0.03017076942532194,0.02710948728834196,4.649070445313444e-05,3.395736718407674e-17,9.235302629838064e-17
373.74,"[0.06062, 0.0456, 0.41014]",0.0456,0.41014,4.6490704465278e-05,-0.05095512609165416,-0.046077163481619304,-4.649070446565929e-05,0.13483667570852362,0.12192868484033982,-4.649070455086977e-05,0.013176348926681694,0.01191496812157616,4.64907044711915e-05,-0.12191048291543397,-0.11023992639328953,-4.6490704465684365e-05,0.03017076942532194,0.027282504860722492,4.6490704465253646e-05,3.395736718407674e-17,9.522726633803516e-17
373.76,"[0.06062, 0.0456, 0.41014]",0.0456,0.41014,4.649070445812536e-05,-0.05095512609165416,-0.046077163481619304,-4.649070445760703e-05,0.13483667570852362,0.12192868484033982,-4.649070452423223e-05,0.013176348926681694,0.01191496812157616,4.649070444335531e-05,-0.12191048291543397,-0.11023992639328953,-4.649070445757388e-05,0.03017076942532194,0.027282504860722492,4.649070445815931e-05,3.395736718407674e-17,9.522726633803516e-17
373.78,"[0.06062, 0.0456, 0.41014]",0.0456,0.41014,4.649070446796061e-05,-0.05095512609165416,-0.04634198294918082,-4.649070446830335e-05,0.13483667570852362,0.12262944610942307,-4.6490704553162337e-05,0.013176348926681694,0.01198344716205337,4.6490704473184205e-05,-0.12191048291543397,-0.11087350864970456,-4.649070446832586e-05,0.03017076942532194,0.027439305710857648,4.649070446793861e-05,3.395736718407674e-17,1.0064093662836105e-16
373.8,"[0.06062, 0.0456, 0.41014]",0.0456,0.41014,4.649070446150978e-05,-0.05095512609165416,-0.04634198294918082,-4.649070446104337e-05,0.13483667570852362,0.12262944610942307,-4.649070452919368e-05,0.013176348926681694,0.01198344716205337,4.649070444812819e-05,-0.12191048291543397,-0.11087350864970456,-4.649070446101328e-05,0.03017076942532194,0.027439305710857648,4.649070446154e-05,3.395736718407674e-17,1.0064093662836105e-16
373.82,"[0.06062, 0.0456, 0.41014]",0.0456,0.41014,4.6490704470528154e-05,-0.05095512609165416,-0.04660069562493774,-4.649070447084218e-05,0.13483667570852362,0.12331404767840899,-4.649070455551434e-05,0.013176348926681694,0.012050347061671397,4.649070447526278e-05,-0.12191048291543397,-0.11149248036797386,-4.649070447086285e-05,0.03017076942532194,0.02759249070089136,4.649070447050805e-05,3.395736718407674e-17,1.0271919844384402e-16
373.84,"[0.06062, 0.0456, 0.41014]",0.0456,0.41014,4.6490704455891926e-05,-0.05095512609165416,-0.04660069562493774,-4.649070445602719e-05,0.13483667570852362,0.12331404767840899,-4.6490704537177754e-05,0.013176348926681694,0.012050347061671397,4.649070445809812e-05,-0.12191048291543397,-0.11149248036797386,-4.64907044560362e-05,0.03017076942532194,0.02759249070089136,4.649070445588346e-05,3.395736718407674e-17,1.0271919844384402e-16
373.86,"[0.06062, 0.0456, 0.41014]",0.0456,0.41014,4.6490704475961484e-05,-0.05095512609165416,-0.04684054105858294,-4.649070447631296e-05,0.13483667570852362,0.12394872303672497,-4.649070456217691e-05,0.013176348926681694,0.012112368125712246,4.649070448149498e-05,-0.12191048291543397,-0.11206631208978522,-4.649070447633613e-05,0.03017076942532194,0.02773450430828491,4.6490704475939e-05,3.395736718407674e-17,1.0621381674410603e-16
373.88,"[0.06062, 0.0456, 0.41014]",0.0456,0.41014,4.649070446254323e-05,-0.05095512609165416,-0.04684054105858294,-4.649070446266897e-05,0.13483667570852362,0.12394872303672497,-4.6490704544011616e-05,0.013176348926681694,0.012112368125712246,4.649070446426415e-05,-0.12191048291543397,-0.11206631208978522,-4.649070446267771e-05,0.03017076942532194,0.02773450430828491,4.6490704462535625e-05,3.395736718407674e-17,1.0621381674410603e-16
373.9,"[0.06062, 0.0456, 0.41014]",0.0456,0.41014,4.6490704480231594e-05,-0.05095512609165416,-0.047066204276698304,-4.649070448055191e-05,0.13483667570852362,0.12454586963084069,-4.649070456613492e-05,0.013176348926681694,0.012170721844138357,4.6490704484986525e-05,-0.12191048291543397,-0.11260621277095786,-4.649070448057305e-05,0.03017076942532194,0.02786812055927425,4.649070448021119e-05,3.395736718407674e-17,1.0948361475174638e-16
373.92,"[0.06062, 0.0456, 0.41014]",0.0456,0.41014,4.6490704466567035e-05,-0.05095512609165416,-0.047066204276698304,-4.6490704466675685e-05,0.13483667570852362,0.12454586963084069,-4.649070454801865e-05,0.013176348926681694,0.012170721844138357,4.64907044678583e-05,-0.12191048291543397,-0.11260621277095786,-4.649070446668294e-05,0.03017076942532194,0.02786812055927425,4.6490704466560096e-05,3.395736718407674e-17,1.0948361475174638e-16
373.94,"[0.06062, 0.0456, 0.41014]",0.0456,0.41014,4.6490704482469326e-05,-0.05095512609165416,-0.04727897933021642,-4.6490704482762826e-05,0.13483667570852362,0.12510891175875888,-4.649070456812578e-05,0.013176348926681694,0.012225742842524829,4.649070448673007e-05,-0.12191048291543397,-0.11311527843655791,-4.6490704482781807e-05,0.03017076942532194,0.027994105667492386,4.6490704482450264e-05,3.395736718407674e-17,1.123151555395853e-16
373.96,"[0.06062, 0.0456, 0.41014]",0.0456,0.41014,4.649070446904801e-05,-0.05095512609165416,-0.04727897933021642,-4.649070446914357e-05,0.13483667570852362,0.12510891175875888,-4.649070455053951e-05,0.013176348926681694,0.012225742842524829,4.6490704470132935e-05,-0.12191048291543397,-0.11311527843655791,-4.649070446915017e-05,0.03017076942532194,0.027994105667492386,4.64907044690423e-05,3.395736718407674e-17,1.123151555395853e-16
373.98,"[0.06062, 0.0456, 0.41014]",0.0456,0.41014,4.649070448369899e-05,-0.05095512609165416,-0.0474797750504638,-4.649070448397003e-05,0.13483667570852362,0.12564025435618797,-4.6490704569180306e-05,0.013176348926681694,0.012277666133418087,4.649070448764924e-05,-0.12191048291543397,-0.11359568347130024,-4.649070448398798e-05,0.03017076942532194,0.028112997756234926,4.649070448368172e-05,3.395736718407674e-17,1.1470787223489369e-16
374.0,"[0.06062, 0.0456, 0.41014]",0.0456,0.41014,4.649070447081132e-05,-0.05095512609165416,-0.0474797750504638,-4.649070447089678e-05,0.13483667570852362,0.12564025435618797,-4.649070455238421e-05,0.013176348926681694,0.012277666133418087,4.649070447181017e-05,-0.12191048291543397,-0.11359568347130024,-4.6490704470902264e-05,0.03017076942532194,0.028112997756234926,4.6490704470805926e-05,3.395736718407674e-17,1.1470787223489369e-16
374.02,"[0.06062, 0.0456, 0.41014]",0.0456,0.41014,4.649070448452191e-05,-0.05095512609165416,-0.047669373518597354,-4.64907044847739e-05,0.13483667570852362,0.126141966954455,-4.649070456987779e-05,0.013176348926681694,0.012326693953337436,4.649070448825777e-05,-0.12191048291543397,-0.11404929900931492,-4.6490704484790596e-05,0.03017076942532194,0.028225259899426966,4.64907044845061e-05,3.395736718407674e-17,1.1670419474820786e-16
374.04,"[0.06062, 0.0456, 0.41014]",0.0456,0.41014,4.649070447229854e-05,-0.05095512609165416,-0.047669373518597354,-4.649070447237579e-05,0.13483667570852362,0.126141966954455,-4.6490704553979385e-05,0.013176348926681694,0.012326693953337436,4.6490704473269315e-05,-0.12191048291543397,-0.11404929900931492,-4.649070447238122e-05,0.03017076942532194,0.028225259899426966,4.64907044722937e-05,3.395736718407674e-17,1.1670419474820786e-16
374.06,"[0.06062, 0.0456, 0.41014]",0.0456,0.41014,4.649070448524569e-05,-0.05095512609165416,-0.04785284368758861,-4.649070448548085e-05,0.13483667570852362,0.12662746294023428,-4.6490704570509876e-05,0.013176348926681694,0.012374137070862568,4.6490704488814124e-05,-0.12191048291543397,-0.11448825255274493,-4.649070448549632e-05,0.03017076942532194,0.02833389344792246,4.6490704485230586e-05,3.395736718407674e-17,1.1683080639666368e-16
374.08,"[0.06062, 0.0456, 0.41014]",0.0456,0.41014,4.649070447317043e-05,-0.05095512609165416,-0.048024431063376026,-4.649070447323781e-05,0.13483667570852362,0.12708151485838984,-4.649070455490026e-05,0.013176348926681694,0.012418507444961398,4.649070447411118e-05,-0.12191048291543397,-0.11489877643804093,-4.649070447324253e-05,0.03017076942532194,0.02843549113876948,4.6490704473166465e-05,3.395736718407674e-17,1.1722367460749078e-16
374.1,"[0.06062, 0.0456, 0.41014]",0.0456,0.41014,4.649070446844156e-05,-0.05095512609165416,-0.048024431063376026,-4.649070446812099e-05,0.13483667570852362,0.12708151485838984,-4.6490704541822713e-05,0.013176348926681694,0.012418507444961398,4.6490704460657496e-05,-0.12191048291543397,-0.11489877643804093,-4.649070446810017e-05,0.03017076942532194,0.02843549113876948,4.649070446846237e-05,3.395736718407674e-17,1.1722367460749078e-16
374.12,"[0.06062, 0.0456, 0.41014]",0.0456,0.41014,4.64907044763822e-05,-0.05095512609165416,-0.04818517401693482,-4.6490704476583714e-05,0.13483667570852362,0.12750687043048942,-4.6490704561313186e-05,0.013176348926681694,0.012460073585530942,4.649070448052993e-05,-0.12191048291543397,-0.11528335497435029,-4.649070447659714e-05,0.03017076942532194,0.028530667796298047,4.6490704476369544e-05,3.395736718407674e-17,1.1850805087330766e-16
374.14,"[0.06062, 0.0456, 0.41014]",0.0456,0.41014,4.649070447409617e-05,-0.05095512609165416,-0.04818517401693482,-4.649070447380756e-05,0.13483667570852362,0.12750687043048942,-4.649070454843856e-05,0.013176348926681694,0.012460073585530942,4.649070446678264e-05,-0.12191048291543397,-0.11528335497435029,-4.6490704473788946e-05,0.03017076942532194,0.028530667796298047,4.649070447411488e-05,3.395736718407674e-17,1.1850805087330766e-16
374.16,"[0.06062, 0.0456, 0.41014]",0.0456,0.41014,4.649070448096909e-05,-0.05095512609165416,-0.04833669763595869,-4.649070448115519e-05,0.13483667570852362,0.1279078299390047,-4.649070456581078e-05,0.013176348926681694,0.012499255720161397,4.64907044845426e-05,-0.12191048291543397,-0.11564587619428937,-4.6490704481167036e-05,0.03017076942532194,0.028620385642561502,4.649070448095682e-05,3.395736718407674e-17,1.19755045188077e-16
374.18,"[0.06062, 0.0456, 0.41014]",0.0456,0.41014,4.649070447804518e-05,-0.05095512609165416,-0.04833669763595869,-4.6490704477768205e-05,0.13483667570852362,0.1279078299390047,-4.6490704552881955e-05,0.013176348926681694,0.012499255720161397,4.6490704470865876e-05,-0.12191048291543397,-0.11564587619428937,-4.6490704477750336e-05,0.03017076942532194,0.028620385642561502,4.649070447806317e-05,3.395736718407674e-17,1.19755045188077e-16
374.2,"[0.06062, 0.0456, 0.41014]",0.0456,0.41014,4.64907044839262e-05,-0.05095512609165416,-0.0484796969099499,-4.6490704484097425e-05,0.13483667570852362,0.12828623245464343,-4.649070456867184e-05,0.013176348926681694,0.012536233564546969,4.649070448708902e-05,-0.12191048291543397,-0.11598800286465163,-4.649070448410861e-05,0.03017076942532194,0.028705056184107236,4.649070448391517e-05,3.395736718407674e-17,1.2083803914147411e-16
374.22,"[0.06062, 0.0456, 0.41014]",0.0456,0.41014,4.649070448071653e-05,-0.05095512609165416,-0.0484796969099499,-4.6490704480451605e-05,0.13483667570852362,0.12828623245464343,-4.649070455603639e-05,0.013176348926681694,0.012536233564546969,4.649070447379353e-05,-0.12191048291543397,-0.11598800286465163,-4.649070448043439e-05,0.03017076942532194,0.028705056184107236,4.649070448073384e-05,3.395736718407674e-17,1.2083803914147411e-16
374.24,"[0.06062, 0.0456, 0.41014]",0.0456,0.41014,4.649070448594757e-05,-0.05095512609165416,-0.04861805483232017,-4.649070448610632e-05,0.13483667570852362,0.12865235309583267,-4.6490704570630656e-05,0.013176348926681694,0.0125720112127848,4.6490704488834596e-05,-0.12191048291543397,-0.1163190250718093,-4.649070448611656e-05,0.03017076942532194,0.02878697855956555,4.649070448593744e-05,3.395736718407674e-17,1.205093027524625e-16
374.26,"[0.06062, 0.0456, 0.41014]",0.0456,0.41014,4.649070448399069e-05,-0.05095512609165416,-0.04861805483232017,-4.6490704484153085e-05,0.13483667570852362,0.12865235309583267,-4.649070456891909e-05,0.013176348926681694,0.0125720112127848,4.649070448736048e-05,-0.12191048291543397,-0.1163190250718093,-4.6490704484163704e-05,0.03017076942532194,0.02878697855956555,4.649070448398028e-05,3.395736718407674e-17,1.205093027524625e-16
374.28,"[0.06062, 0.0456, 0.41014]",0.0456,0.41014,4.649070448988601e-05,-0.05095512609165416,-0.048746447733815215,-4.649070449006838e-05,0.13483667570852362,0.1289921044495249,-4.6490704575297984e-05,0.013176348926681694,0.012605212029812407,4.6490704493170476e-05,-0.12191048291543397,-0.11662620590329803,-4.649070449008016e-05,0.03017076942532194,0.028863000599375827,4.649070448987435e-05,3.395736718407674e-17,1.2127316948279544e-16
374.3,"[0.06062, 0.0456, 0.41014]",0.0456,0.41014,4.649070448317286e-05,-0.05095512609165416,-0.048746447733815215,-4.649070448323545e-05,0.13483667570852362,0.1289921044495249,-4.649070456607117e-05,0.013176348926681694,0.012605212029812407,4.649070448438638e-05,-0.12191048291543397,-0.11662620590329803,-4.64907044832394e-05,0.03017076942532194,0.028863000599375827,4.64907044831688e-05,3.395736718407674e-17,1.2127316948279544e-16
374.32,"[0.06062, 0.0456, 0.41014]",0.0456,0.41014,4.649070449310647e-05,-0.05095512609165416,-0.04886735246059857,-4.649070449327404e-05,0.13483667570852362,0.12931204070856997,-4.649070457839247e-05,0.013176348926681694,0.012636476497430806,4.649070449591814e-05,-0.12191048291543397,-0.11691547122927741,-4.649070449328489e-05,0.03017076942532194,0.02893458885578055,4.649070449309554e-05,3.395736718407674e-17,1.220745346190123e-16
374.34,"[0.06062, 0.0456, 0.41014]",0.0456,0.41014,4.6490704486181085e-05,-0.05095512609165416,-0.04886735246059857,-4.649070448623608e-05,0.13483667570852362,0.12931204070856997,-4.649070456910251e-05,0.013176348926681694,0.012636476497430806,4.6490704487108044e-05,-0.12191048291543397,-0.11691547122927741,-4.649070448623981e-05,0.03017076942532194,0.02893458885578055,4.649070448617771e-05,3.395736718407674e-17,1.220745346190123e-16
374.36,"[0.06062, 0.0456, 0.41014]",0.0456,0.41014,4.649070449508416e-05,-0.05095512609165416,-0.04898142434849682,-4.6490704495238666e-05,0.13483667570852362,0.12961389601271878,-4.6490704580266686e-05,0.013176348926681694,0.012665974077383851,4.64907044975781e-05,-0.12191048291543397,-0.11718838894487023,-4.649070449524889e-05,0.03017076942532194,0.02900213135619957,4.6490704495074254e-05,3.395736718407674e-17,1.22754934525221e-16
374.38,"[0.06062, 0.0456, 0.41014]",0.0456,0.41014,4.6490704488207486e-05,-0.05095512609165416,-0.04898142434849682,-4.649070448825638e-05,0.13483667570852362,0.12961389601271878,-4.64907045711713e-05,0.013176348926681694,0.012665974077383851,4.6490704488972465e-05,-0.12191048291543397,-0.11718838894487023,-4.6490704488259535e-05,0.03017076942532194,0.02900213135619957,4.649070448820422e-05,3.395736718407674e-17,1.22754934525221e-16
374.4,"[0.06062, 0.0456, 0.41014]",0.0456,0.41014,4.649070449636728e-05,-0.05095512609165416,-0.0490891234806683,-4.6490704496510733e-05,0.13483667570852362,0.12989888782706527,-4.6490704581475273e-05,0.013176348926681694,0.012693823741488825,4.6490704498648394e-05,-0.12191048291543397,-0.11744605980195191,-4.649070449652031e-05,0.03017076942532194,0.029065900518031134,4.649070449635815e-05,3.395736718407674e-17,1.2329166069482358e-16
374.42,"[0.06062, 0.0456, 0.41014]",0.0456,0.41014,4.6490704489703645e-05,-0.05095512609165416,-0.049193338507679575,-4.6490704489747894e-05,0.13483667570852362,0.13017466005504114,-4.6490704572726094e-05,0.013176348926681694,0.012720772459074128,4.649070449038004e-05,-0.12191048291543397,-0.1176953949153294,-4.649070448975071e-05,0.03017076942532194,0.029127606724838336,4.649070448970065e-05,3.395736718407674e-17,1.2275586263612762e-16
374.44,"[0.06062, 0.0456, 0.41014]",0.0456,0.41014,4.649070448687225e-05,-0.05095512609165416,-0.049193338507679575,-4.6490704486676776e-05,0.13483667570852362,0.13017466005504114,-4.6490704564743696e-05,0.013176348926681694,0.012720772459074128,4.649070448214295e-05,-0.12191048291543397,-0.1176953949153294,-4.6490704486664016e-05,0.03017076942532194,0.029127606724838336,4.649070448688463e-05,3.395736718407674e-17,1.2275586263612762e-16
374.46,"[0.06062, 0.0456, 0.41014]",0.0456,0.41014,4.649070449167114e-05,-0.05095512609165416,-0.0492900790942944,-4.649070449179252e-05,0.13483667570852362,0.13043065353190778,-4.649070457654099e-05,0.013176348926681694,0.012745788378773338,4.649070449419091e-05,-0.12191048291543397,-0.11792684738263505,-4.6490704491800614e-05,0.03017076942532194,0.02918488728039277,4.64907044916634e-05,3.395736718407674e-17,1.2306063272987997e-16
374.48,"[0.06062, 0.0456, 0.41014]",0.0456,0.41014,4.649070449034958e-05,-0.05095512609165416,-0.0492900790942944,-4.649070449017624e-05,0.13483667570852362,0.13043065353190778,-4.6490704568860825e-05,0.013176348926681694,0.012745788378773338,4.6490704485965e-05,-0.12191048291543397,-0.11792684738263505,-4.6490704490164885e-05,0.03017076942532194,0.02918488728039277,4.649070449036054e-05,3.395736718407674e-17,1.2306063272987997e-16
374.5,"[0.06062, 0.0456, 0.41014]",0.0456,0.41014,4.649070449453521e-05,-0.05095512609165416,-0.04938119306681547,-4.6490704494647546e-05,0.13483667570852362,0.1306717579476746,-4.6490704579356275e-05,0.013176348926681694,0.012769349325626669,4.649070449670284e-05,-0.12191048291543397,-0.11814483814002093,-4.649070449465461e-05,0.03017076942532194,0.029238836291324025,4.649070449452768e-05,3.395736718407674e-17,1.2340438977153074e-16
374.52,"[0.06062, 0.0456, 0.41014]",0.0456,0.41014,4.6490704492814587e-05,-0.05095512609165416,-0.04938119306681547,-4.64907044926484e-05,0.13483667570852362,0.1306717579476746,-4.6490704571626415e-05,0.013176348926681694,0.012769349325626669,4.64907044885057e-05,-0.12191048291543397,-0.11814483814002093,-4.6490704492637645e-05,0.03017076942532194,0.029238836291324025,4.6490704492825246e-05,3.395736718407674e-17,1.2340438977153074e-16
374.54,"[0.06062, 0.0456, 0.41014]",0.0456,0.41014,4.649070449638105e-05,-0.05095512609165416,-0.04946716794228714,-4.6490704496484326e-05,0.13483667570852362,0.13089926336256957,-4.649070458114205e-05,0.013176348926681694,0.012791581365515304,4.6490704498291176e-05,-0.12191048291543397,-0.11835053357510864,-4.6490704496490506e-05,0.03017076942532194,0.029289742418763025,4.649070449637386e-05,3.395736718407674e-17,1.2366914824580172e-16
374.56,"[0.06062, 0.0456, 0.41014]",0.0456,0.41014,4.6490704494468246e-05,-0.05095512609165416,-0.04946716794228714,-4.6490704494309105e-05,0.13483667570852362,0.13089926336256957,-4.649070457356828e-05,0.013176348926681694,0.012791581365515304,4.649070449030705e-05,-0.12191048291543397,-0.11835053357510864,-4.6490704494298866e-05,0.03017076942532194,0.029289742418763025,4.649070449447835e-05,3.395736718407674e-17,1.2366914824580172e-16
374.58,"[0.06062, 0.0456, 0.41014]",0.0456,0.41014,4.649070449762788e-05,-0.05095512609165416,-0.0495483466263753,-4.6490704497723414e-05,0.13483667570852362,0.1311140771683786,-4.649070458234951e-05,0.013176348926681694,0.012812573169605454,4.6490704499366386e-05,-0.12191048291543397,-0.11854475409187948,-4.64907044977293e-05,0.03017076942532194,0.029337808698764574,4.649070449762136e-05,3.395736718407674e-17,1.238361134502749e-16
374.6,"[0.06062, 0.0456, 0.41014]",0.0456,0.41014,4.649070449567352e-05,-0.05095512609165416,-0.0495483466263753,-4.649070449552168e-05,0.13483667570852362,0.1311140771683786,-4.649070457505682e-05,0.013176348926681694,0.012812573169605454,4.649070449170145e-05,-0.12191048291543397,-0.11854475409187948,-4.6490704495511465e-05,0.03017076942532194,0.029337808698764574,4.649070449568279e-05,3.395736718407674e-17,1.238361134502749e-16
374.62,"[0.06062, 0.0456, 0.41014]",0.0456,0.41014,4.6490704498556704e-05,-0.05095512609165416,-0.049625028657208796,-4.649070449864563e-05,0.13483667570852362,0.13131699199836716,-4.6490704583253683e-05,0.013176348926681694,0.012832402194754318,4.6490704500173114e-05,-0.12191048291543397,-0.11872821633720725,-4.649070449865118e-05,0.03017076942532194,0.029383212489261165,4.6490704498550626e-05,3.395736718407674e-17,1.2391137191541894e-16
374.64,"[0.06062, 0.0456, 0.41014]",0.0456,0.41014,4.649070449664342e-05,-0.05095512609165416,-0.049625028657208796,-4.6490704496498977e-05,0.13483667570852362,0.13131699199836716,-4.6490704576303155e-05,0.013176348926681694,0.012832402194754318,4.649070449287764e-05,-0.12191048291543397,-0.11872821633720725,-4.649070449648937e-05,0.03017076942532194,0.029383212489261165,4.649070449665242e-05,3.395736718407674e-17,1.2391137191541894e-16
374.66,"[0.06062, 0.0456, 0.41014]",0.0456,0.41014,4.649070449932619e-05,-0.05095512609165416,-0.04969924031975035,-4.6490704499409334e-05,0.13483667570852362,0.1315133697771512,-4.649070458400879e-05,0.013176348926681694,0.012851592413204976,4.649070450084852e-05,-0.12191048291543397,-0.1189057682107207,-4.649070449941473e-05,0.03017076942532194,0.029427153563092924,4.649070449932067e-05,3.395736718407674e-17,1.2322883524949902e-16
374.68,"[0.06062, 0.0456, 0.41014]",0.0456,0.41014,4.649070449531412e-05,-0.05095512609165416,-0.04969924031975035,-4.649070449534734e-05,0.13483667570852362,0.1315133697771512,-4.6490704578969865e-05,0.013176348926681694,0.012851592413204976,4.649070449612271e-05,-0.12191048291543397,-0.1189057682107207,-4.6490704495349905e-05,0.03017076942532194,0.029427153563092924,4.649070449531205e-05,3.395736718407674e-17,1.2322883524949902e-16
374.7,"[0.06062, 0.0456, 0.41014]",0.0456,0.41014,4.649070450131762e-05,-0.05095512609165416,-0.04976815814703308,-4.6490704501414024e-05,0.13483667570852362,0.1316957390891549,-4.6490704586403616e-05,0.013176348926681694,0.012869413711301904,4.649070450308009e-05,-0.12191048291543397,-0.11907065454978916,-4.649070450142031e-05,0.03017076942532194,0.0294679601322123,4.6490704501311194e-05,3.395736718407674e-17,1.2317143624509447e-16
374.72,"[0.06062, 0.0456, 0.41014]",0.0456,0.41014,4.6490704497687045e-05,-0.05095512609165416,-0.04976815814703308,-4.6490704497719456e-05,0.13483667570852362,0.1316957390891549,-4.649070458143024e-05,0.013176348926681694,0.012869413711301904,4.649070449834464e-05,-0.12191048291543397,-0.11907065454978916,-4.649070449772129e-05,0.03017076942532194,0.0294679601322123,4.649070449768458e-05,3.395736718407674e-17,1.2317143624509447e-16
374.74,"[0.06062, 0.0456, 0.41014]",0.0456,0.41014,4.6490704503017186e-05,-0.05095512609165416,-0.0498330817447154,-4.6490704503106125e-05,0.13483667570852362,0.13186753893121192,-4.6490704588044854e-05,0.013176348926681694,0.012886202151003263,4.6490704504538315e-05,-0.12191048291543397,-0.11922598466919535,-4.649070450311185e-05,0.03017076942532194,0.02950640169923144,4.649070450301112e-05,3.395736718407674e-17,1.231604870630356e-16
374.76,"[0.06062, 0.0456, 0.41014]",0.0456,0.41014,4.649070449929949e-05,-0.05095512609165416,-0.0498330817447154,-4.649070449932822e-05,0.13483667570852362,0.13186753893121192,-4.6490704583062085e-05,0.013176348926681694,0.012886202151003263,4.6490704499810916e-05,-0.12191048291543397,-0.11922598466919535,-4.649070449932989e-05,0.03017076942532194,0.02950640169923144,4.6490704499297296e-05,3.395736718407674e-17,1.231604870630356e-16
374.78,"[0.06062, 0.0456, 0.41014]",0.0456,0.41014,4.649070450409647e-05,-0.05095512609165416,-0.04989435270851312,-4.6490704504178746e-05,0.13483667570852362,0.13202967322873796,-4.6490704589074616e-05,0.013176348926681694,0.012902046064738446,4.649070450545139e-05,-0.12191048291543397,-0.11937257583885658,-4.64907045041838e-05,0.03017076942532194,0.029542680524577525,4.649070450409056e-05,3.395736718407674e-17,1.2311138171019083e-16
374.8,"[0.06062, 0.0456, 0.41014]",0.0456,0.41014,4.6490704500416504e-05,-0.05095512609165416,-0.04989435270851312,-4.649070450044223e-05,0.13483667570852362,0.13202967322873796,-4.649070458420681e-05,0.013176348926681694,0.012902046064738446,4.649070450084311e-05,-0.12191048291543397,-0.11937257583885658,-4.6490704500443656e-05,0.03017076942532194,0.029542680524577525,4.6490704500414424e-05,3.395736718407674e-17,1.2311138171019083e-16
374.82,"[0.06062, 0.0456, 0.41014]",0.0456,0.41014,4.649070450482215e-05,-0.05095512609165416,-0.049952211898723765,-4.649070450489875e-05,0.13483667570852362,0.13218277934260877,-4.649070458976497e-05,0.013176348926681694,0.012917007736002845,4.649070450606336e-05,-0.12191048291543397,-0.11951100431856286,-4.649070450490347e-05,0.03017076942532194,0.029576939222763606,4.649070450481684e-05,3.395736718407674e-17,1.2300952466283038e-16
374.84,"[0.06062, 0.0456, 0.41014]",0.0456,0.41014,4.649070450126007e-05,-0.05095512609165416,-0.049952211898723765,-4.6490704501283446e-05,0.13483667570852362,0.13218277934260877,-4.6490704585084935e-05,0.013176348926681694,0.012917007736002845,4.6490704501638054e-05,-0.12191048291543397,-0.11951100431856286,-4.6490704501284394e-05,0.03017076942532194,0.029576939222763606,4.649070450125781e-05,3.395736718407674e-17,1.2300952466283038e-16
374.86,"[0.06062, 0.0456, 0.41014]",0.0456,0.41014,4.649070450536176e-05,-0.05095512609165416,-0.0500068704406217,-4.6490704505433385e-05,0.13483667570852362,0.1323274159493317,-4.649070459027881e-05,0.013176348926681694,0.01293114175918243,4.649070450651944e-05,-0.12191048291543397,-0.1196417752268727,-4.649070450543779e-05,0.03017076942532194,0.029609302802055926,4.649070450535692e-05,3.395736718407674e-17,1.2285692986472342e-16
374.88,"[0.06062, 0.0456, 0.41014]",0.0456,0.41014,4.649070450195804e-05,-0.05095512609165416,-0.0500068704406217,-4.6490704501979456e-05,0.13483667570852362,0.1323274159493317,-4.649070458582235e-05,0.013176348926681694,0.01293114175918243,4.649070450230803e-05,-0.12191048291543397,-0.1196417752268727,-4.649070450198088e-05,0.03017076942532194,0.029609302802055926,4.6490704501956505e-05,3.395736718407674e-17,1.2285692986472342e-16
374.9,"[0.06062, 0.0456, 0.41014]",0.0456,0.41014,4.649070450581038e-05,-0.05095512609165416,-0.05005851960005589,-4.649070450587748e-05,0.13483667570852362,0.13246408917370295,-4.6490704590708414e-05,0.013176348926681694,0.012944497593261252,4.6490704506901713e-05,-0.12191048291543397,-0.1197653461685433,-4.6490704505881926e-05,0.03017076942532194,0.029639884511861687,4.6490704505806005e-05,3.395736718407674e-17,1.2265888501035364e-16
374.92,"[0.06062, 0.0456, 0.41014]",0.0456,0.41014,4.649070450258045e-05,-0.05095512609165416,-0.05005851960005589,-4.649070450260034e-05,0.13483667570852362,0.13246408917370295,-4.6490704586485826e-05,0.013176348926681694,0.012944497593261252,4.649070450291188e-05,-0.12191048291543397,-0.1197653461685433,-4.6490704502601646e-05,0.03017076942532194,0.029639884511861687,4.649070450257921e-05,3.395736718407674e-17,1.2265888501035364e-16
374.94,"[0.06062, 0.0456, 0.41014]",0.0456,0.41014,4.649070450621495e-05,-0.05095512609165416,-0.05010733475166054,-4.6490704506278026e-05,0.13483667570852362,0.13259326308942665,-4.649070459109833e-05,0.013176348926681694,0.012957120587951669,4.649070450724911e-05,-0.12191048291543397,-0.11988213672849975,-4.649070450628197e-05,0.03017076942532194,0.029668788192325234,4.649070450621069e-05,3.395736718407674e-17,1.2242169337662258e-16
374.96,"[0.06062, 0.0456, 0.41014]",0.0456,0.41014,4.649070450316157e-05,-0.05095512609165416,-0.05010733475166054,-4.649070450317997e-05,0.13483667570852362,0.13259326308942665,-4.6490704587108036e-05,0.013176348926681694,0.012957120587951669,4.6490704503479206e-05,-0.12191048291543397,-0.11988213672849975,-4.6490704503181145e-05,0.03017076942532194,0.029668788192325234,4.64907045031602e-05,3.395736718407674e-17,1.2242169337662258e-16
374.98,"[0.06062, 0.0456, 0.41014]",0.0456,0.41014,4.6490704506600305e-05,-0.05095512609165416,-0.050153478005950804,-4.649070450665959e-05,0.13483667570852362,0.13271536667089573,-4.6490704591472024e-05,0.013176348926681694,0.012969052663028823,4.649070450758277e-05,-0.12191048291543397,-0.11999253475717811,-4.649070450666311e-05,0.03017076942532194,0.029696109829843737,4.6490704506595914e-05,3.395736718407674e-17,1.2215137105616218e-16
375.0,"[0.06062, 0.0456, 0.41014]",0.0456,0.41014,4.649070450371883e-05,-0.05095512609165416,-0.050153478005950804,-4.64907045037361e-05,0.13483667570852362,0.13271536667089573,-4.649070458770602e-05,0.013176348926681694,0.012969052663028823,4.649070450402428e-05,-0.12191048291543397,-0.11999253475717811,-4.6490704503736744e-05,0.03017076942532194,0.029696109829843737,4.649070450371723e-05,3.395736718407674e-17,1.2215137105616218e-16
375.02,"[0.06062, 0.0456, 0.41014]",0.0456,0.41014,4.6490704506975886e-05,-0.05095512609165416,-0.05019710011725622,-4.649070450703182e-05,0.13483667570852362,0.13283079884193655,-4.649070459183894e-05,0.013176348926681694,0.012980332801698642,4.64907045079106e-05,-0.12191048291543397,-0.12009690093526837,-4.649070450703527e-05,0.03017076942532194,0.029721938686763552,4.649070450697198e-05,3.395736718407674e-17,1.2185829781222987e-16
375.04,"[0.06062, 0.0456, 0.41014]",0.0456,0.41014,4.6490704504259276e-05,-0.05095512609165416,-0.05019710011725622,-4.649070450427547e-05,0.13483667570852362,0.13283079884193655,-4.6490704588286435e-05,0.013176348926681694,0.012980332801698642,4.6490704504553494e-05,-0.12191048291543397,-0.12009690093526837,-4.649070450427594e-05,0.03017076942532194,0.029721938686763552,4.649070450425768e-05,3.395736718407674e-17,1.2185829781222987e-16
375.06,"[0.06062, 0.0456, 0.41014]",0.0456,0.41014,4.6490704507346263e-05,-0.05095512609165416,-0.050238341909299995,-4.6490704507399064e-05,0.13483667570852362,0.13293993224815517,-4.6490704592201645e-05,0.013176348926681694,0.01299099741923502,4.649070450823484e-05,-0.12191048291543397,-0.1201955721844218,-4.6490704507401876e-05,0.03017076942532194,0.029746358145472385,4.6490704507342204e-05,3.395736718407674e-17,1.215445992086982e-16
375.08,"[0.06062, 0.0456, 0.41014]",0.0456,0.41014,4.649070450478572e-05,-0.05095512609165416,-0.050238341909299995,-4.6490704504800794e-05,0.13483667570852362,0.13293993224815517,-4.649070458885164e-05,0.013176348926681694,0.01299099741923502,4.649070450506906e-05,-0.12191048291543397,-0.1201955721844218,-4.649070450480151e-05,0.03017076942532194,0.029746358145472385,4.649070450478425e-05,3.395736718407674e-17,1.215445992086982e-16
375.1,"[0.06062, 0.0456, 0.41014]",0.0456,0.41014,4.64907045077122e-05,-0.05095512609165416,-0.05027733536616173,-4.649070450776199e-05,0.13483667570852362,0.13304311614382652,-4.649070459256176e-05,0.013176348926681694,0.013001080645089296,4.649070450855712e-05,-0.12191048291543397,-0.12028886427738632,-4.649070450776498e-05,0.03017076942532194,0.02976944635436347,4.649070450770864e-05,3.395736718407674e-17,1.2121568923331877e-16
375.12,"[0.06062, 0.0456, 0.41014]",0.0456,0.41014,4.6490704505298334e-05,-0.05095512609165416,-0.05027733536616173,-4.649070450531258e-05,0.13483667570852362,0.13304311614382652,-4.6490704589401855e-05,0.013176348926681694,0.013001080645089296,4.649070450557057e-05,-0.12191048291543397,-0.12028886427738632,-4.649070450531356e-05,0.03017076942532194,0.02976944635436347,4.649070450529726e-05,3.395736718407674e-17,1.2121568923331877e-16
375.14,"[0.06062, 0.0456, 0.41014]",0.0456,0.41014,4.649070450807145e-05,-0.05095512609165416,-0.05031420448867652,-4.649070450811847e-05,0.13483667570852362,0.1331406786580846,-4.6490704592915626e-05,0.013176348926681694,0.013010614544344457,4.649070450887384e-05,-0.12191048291543397,-0.12037707388694661,-4.649070450812119e-05,0.03017076942532194,0.029791276734913476,4.649070450806793e-05,3.395736718407674e-17,1.2088017949131722e-16
375.16,"[0.06062, 0.0456, 0.41014]",0.0456,0.41014,4.649070450579401e-05,-0.05095512609165416,-0.05031420448867652,-4.649070450580744e-05,0.13483667570852362,0.1331406786580846,-4.64907045899332e-05,0.013176348926681694,0.013010614544344457,4.64907045060546e-05,-0.12191048291543397,-0.12037707388694661,-4.649070450580825e-05,0.03017076942532194,0.029791276734913476,4.6490704505793015e-05,3.395736718407674e-17,1.2088017949131722e-16
375.18,"[0.06062, 0.0456, 0.41014]",0.0456,0.41014,4.649070450842144e-05,-0.05095512609165416,-0.050349065984770104,-4.6490704508465926e-05,0.13483667570852362,0.13323292862167707,-4.64907045932611e-05,0.013176348926681694,0.0130196292962273,4.649070450918298e-05,-0.12191048291543397,-0.12046048023755558,-4.649070450846841e-05,0.03017076942532194,0.029811918390433217,4.649070450841817e-05,3.395736718407674e-17,1.2053809187882835e-16
375.201,"[0.06062, 0.0456, 0.41014]",0.0456,0.41014,4.649070450744049e-05,-0.05095512609165416,-0.050349065984770104,-4.649070450747727e-05,0.13483667570852362,0.13323292862167707,-4.649070459215217e-05,0.013176348926681694,0.0130196292962273,4.649070450816457e-05,-0.12191048291543397,-0.12046048023755558,-4.6490704507479715e-05,0.03017076942532194,0.029811918390433217,4.6490704507438014e-05,3.395736718407674e-17,1.2053809187882835e-16
375.22,"[0.06062, 0.0456, 0.41014]",0.0456,0.41014,4.649070450876152e-05,-0.05095512609165416,-0.050382029840768686,-4.6490704508803546e-05,0.13483667570852362,0.13332015707875655,-4.649070459359722e-05,0.013176348926681694,0.013028153341842067,4.649070450948397e-05,-0.12191048291543397,-0.1205393464721965,-4.64907045088061e-05,0.03017076942532194,0.029831436444342836,4.649070450875854e-05,3.395736718407674e-17,1.2019244200552898e-16
375.24,"[0.06062, 0.0456, 0.41014]",0.0456,0.41014,4.649070450673344e-05,-0.05095512609165416,-0.050382029840768686,-4.649070450674532e-05,0.13483667570852362,0.13332015707875655,-4.64907045909385e-05,0.013176348926681694,0.013028153341842067,4.649070450697045e-05,-0.12191048291543397,-0.1205393464721965,-4.6490704506745846e-05,0.03017076942532194,0.029831436444342836,4.649070450673214e-05,3.395736718407674e-17,1.2019244200552898e-16
375.26,"[0.06062, 0.0456, 0.41014]",0.0456,0.41014,4.64907045090897e-05,-0.05095512609165416,-0.05041319980607375,-4.6490704509129397e-05,0.13483667570852362,0.13340263856941978,-4.6490704593921826e-05,0.013176348926681694,0.013036213509501375,4.649070450977466e-05,-0.12191048291543397,-0.1206139208119707,-4.649070450913195e-05,0.03017076942532194,0.029849892327150084,4.649070450908706e-05,3.395736718407674e-17,1.1984424307667965e-16
375.28,"[0.06062, 0.0456, 0.41014]",0.0456,0.41014,4.6490704507174404e-05,-0.05095512609165416,-0.05041319980607375,-4.649070450718577e-05,0.13483667570852362,0.13340263856941978,-4.64907045914106e-05,0.013176348926681694,0.013036213509501375,4.649070450740027e-05,-0.12191048291543397,-0.1206139208119707,-4.649070450718646e-05,0.03017076942532194,0.029849892327150084,4.649070450717358e-05,3.395736718407674e-17,1.1984424307667965e-16
375.3,"[0.06062, 0.0456, 0.41014]",0.0456,0.41014,4.649070450751647e-05,-0.05095512609165416,-0.05044267381358737,-4.6490704507459976e-05,0.13483667570852362,0.13348063224223078,-4.6490704590304596e-05,0.013176348926681694,0.013043835123442996,4.6490704506098435e-05,-0.12191048291543397,-0.12068443756196781,-4.649070450745616e-05,0.03017076942532194,0.029867344025386103,4.649070450751997e-05,3.395736718407674e-17,1.1949592631607498e-16
375.32,"[0.06062, 0.0456, 0.41013506529926647]",0.0456,0.41013506529926647,4.649070450759598e-05,-0.05095512609165416,-0.05044267381358737,-4.649070450760673e-05,0.13483667570852362,0.13348063224223078,-4.649070459186124e-05,0.013176348926681694,0.013043835123442996,4.649070450781046e-05,-0.12191048291543397,-0.12068443756196781,-4.6490704507607244e-05,0.03017076942532194,0.029867344025386103,4.649070450759512e-05,3.395736718407674e-17,1.1949592631607498e-16
375.341,"[0.06062, 0.0456, 0.41013506529926647]",0.0456,0.41013506529926647,4.649070450792187e-05,-0.05095512609165416,-0.05047054435143432,-4.649070450786839e-05,0.13483667570852362,0.13355438283786625,-4.6490704590817735e-05,0.013176348926681694,0.0130510420999526,4.64907045065817e-05,-0.12191048291543397,-0.12075111800061317,-4.6490704507864654e-05,0.03017076942532194,0.029883846301703824,4.649070450792496e-05,3.395736718407674e-17,1.191503647894898e-16
375.36,"[0.06062, 0.0456, 0.4100979312786583]",0.0456,0.4100979312786583,4.649070450799782e-05,-0.05106174440635303,-0.05047054435143432,-4.649070450800795e-05,0.13506677170869436,0.13355438283786625,-4.649070459229088e-05,0.013000059481830516,0.0130510420999526,4.64907045082017e-05,-0.12245141155956754,-0.12075111800061317,-4.649070450800868e-05,0.03023593435409446,0.029883846301703824,4.649070450799717e-05,3.397264553966075e-17,1.191503647894898e-16
375.38,"[0.06062, 0.0456, 0.4100979312786583]",0.0456,0.4100979312786583,4.649070450999558e-05,-0.05106174440635303,-0.05050222971258318,-4.6490704510029156e-05,0.13506677170869436,0.13363562637264859,-4.649070459481837e-05,0.013000059481830516,0.013049042561460038,4.6490704510577315e-05,-0.12245141155956754,-0.12084121761069935,-4.649070451003123e-05,0.03023593435409446,0.029902709139012166,4.649070450999328e-05,3.397264553966075e-17,1.1880770391030245e-16
375.4,"[0.06062, 0.0456, 0.4100979312786583]",0.0456,0.4100979312786583,4.649070450838907e-05,-0.05106174440635303,-0.05050222971258318,-4.64907045083947e-05,0.13506677170869436,0.13363562637264859,-4.649070459269473e-05,0.013000059481830516,0.013049042561460038,4.64907045085742e-05,-0.12245141155956754,-0.12084121761069935,-4.649070450839499e-05,0.03023593435409446,0.029902709139012166,4.6490704508388676e-05,3.397264553966075e-17,1.1880770391030245e-16
375.42,"[0.06062, 0.0456, 0.4100206056472162]",0.0456,0.4100206056472162,4.6490704510252616e-05,-0.05125782507884147,-0.05054216295532035,-4.6490704510285576e-05,0.13549007409027672,0.1337339770107457,-4.6490704595058816e-05,0.012675568573936315,0.013030650550018336,4.649070451078775e-05,-0.12344658200801448,-0.12097702386953382,-4.649070451028773e-05,0.030355796131567105,0.029926641318829335,4.649070451025031e-05,3.398311357369373e-17,1.1878710127058538e-16
375.44,"[0.06062, 0.0456, 0.4100206056472162]",0.0456,0.4100206056472162,4.649070450871201e-05,-0.05125782507884147,-0.05054216295532035,-4.6490704508711355e-05,0.13549007409027672,0.1337339770107457,-4.6490704592996236e-05,0.012675568573936315,0.013030650550018336,4.6490704508851746e-05,-0.12344658200801448,-0.12097702386953382,-4.649070450871116e-05,0.030355796131567105,0.029926641318829335,4.6490704508711864e-05,3.398311357369373e-17,1.1878710127058538e-16
375.46,"[0.06062, 0.0456, 0.4099039226728442]",0.0456,0.4099039226728442,4.649070451037954e-05,-0.051553066206262745,-0.05058032881645397,-4.64907045104146e-05,0.1361278142383708,0.13382785170599718,-4.649070459512917e-05,0.012186195154593385,0.01301258941195804,4.649070451083351e-05,-0.12494601980036421,-0.12110749694283873,-4.649070451041659e-05,0.030536324384997916,0.02994951913878332,4.6490704510376825e-05,3.4045401048933335e-17,1.1930986774524412e-16
375.48,"[0.06062, 0.0456, 0.4099039226728442]",0.0456,0.4099039226728442,4.6490704508803546e-05,-0.051553066206262745,-0.05058032881645397,-4.649070450880679e-05,0.1361278142383708,0.13382785170599718,-4.6490704593038195e-05,0.012186195154593385,0.01301258941195804,4.649070450887294e-05,-0.12494601980036421,-0.12110749694283873,-4.649070450880673e-05,0.030536324384997916,0.02994951913878332,4.649070450880295e-05,3.4045401048933335e-17,1.1930986774524412e-16
375.5,"[0.06062, 0.0456, 0.4099039226728442]",0.0456,0.4099039226728442,4.649070451024523e-05,-0.051553066206262745,-0.0506314239189342,-4.649070451028193e-05,0.1361278142383708,0.1339490321761791,-4.649070459490177e-05,0.012186195154593385,0.012970639890412382,4.649070451060665e-05,-0.12494601980036421,-0.12130707874919468,-4.649070451028399e-05,0.030536324384997916,0.0299803275996537,4.6490704510242405e-05,3.4045401048933335e-17,1.1966895817519517e-16
375.52,"[0.06062, 0.0456, 0.4097479975075507]",0.0456,0.4097479975075507,4.6490704508639574e-05,-0.051946340440481936,-0.05070084952043056,-4.649070450863435e-05,0.13697805524637624,0.13410949957290233,-4.649070459275604e-05,0.01153276775884638,0.012896864331206676,4.649070450861378e-05,-0.1269453202625151,-0.12160176734387226,-4.649070450863394e-05,0.030776895499248932,0.030022363259233655,4.649070450863972e-05,3.4082028682012364e-17,1.2113062176366473e-16
375.54,"[0.06062, 0.0456, 0.4097479975075507]",0.0456,0.4097479975075507,4.649070450778002e-05,-0.051946340440481936,-0.05070084952043056,-4.64907045076083e-05,0.13697805524637624,0.13410949957290233,-4.649070459053028e-05,0.01153276775884638,0.012896864331206676,4.649070450655115e-05,-0.1269453202625151,-0.12160176734387226,-4.6490704507596755e-05,0.030776895499248932,0.030022363259233655,4.649070450779045e-05,3.4082028682012364e-17,1.2113062176366473e-16
375.56,"[0.06062, 0.0456, 0.4095529840306487]",0.0456,0.4095529840306487,4.6490704508119035e-05,-0.05243616115832598,-0.0507914176532518,-4.6490704508158344e-05,0.13803826524638596,0.13431500541925553,-4.649070459241204e-05,0.010716360023322977,0.012784903588368524,4.649070450829792e-05,-0.12943869383588885,-0.12200820510471783,-4.649070450816061e-05,0.031076685450394582,0.030077370423808376,4.64907045081161e-05,3.3967494957865264e-17,1.2306237277296743e-16
375.58,"[0.06062, 0.0456, 0.4095529840306487]",0.0456,0.4095529840306487,4.649070450726303e-05,-0.05243616115832598,-0.0507914176532518,-4.649070450704048e-05,0.13803826524638596,0.13431500541925553,-4.649070458973339e-05,0.010716360023322977,0.012784903588368524,4.649070450589079e-05,-0.12943869383588885,-0.12200820510471783,-4.6490704507026214e-05,0.031076685450394582,0.030077370423808376,4.649070450727752e-05,3.3967494957865264e-17,1.2306237277296743e-16
375.6,"[0.06062, 0.0456, 0.4095529840306487]",0.0456,0.4095529840306487,4.6490704506987765e-05,-0.05243616115832598,-0.050879666179927056,-4.649070450703467e-05,0.13803826524638596,0.1345151687787149,-4.649070459088475e-05,0.010716360023322977,0.012675491359648084,4.64907045068388e-05,-0.12943869383588885,-0.12240468016006492,-4.649070450703759e-05,0.031076685450394582,0.030130972112609067,4.649070450698452e-05,3.3967494957865264e-17,1.2736569659985133e-16
375.62,"[0.06062, 0.0456, 0.40931907469689566]",0.0456,0.40931907469689566,4.6490704504823955e-05,-0.053020691920306166,-0.050879666179927056,-4.649070450482251e-05,0.13930531986126735,0.1345151687787149,-4.6490704588091244e-05,0.009738294377407194,0.012675491359648084,4.649070450427745e-05,-0.1324189896006226,-0.12240468016006492,-4.6490704504822336e-05,0.03143467475126376,0.030130972112609067,4.649070450482361e-05,3.391154462103007e-17,1.2736569659985133e-16
375.64,"[0.06062, 0.0456, 0.40931907469689566]",0.0456,0.40931907469689566,4.649070450466304e-05,-0.053020691920306166,-0.05099222841753855,-4.649070450474153e-05,0.13930531986126735,0.13476738106682504,-4.649070458810911e-05,0.009738294377407194,0.012522621756597345,4.6490704504218665e-05,-0.1324189896006226,-0.12292900191754333,-4.6490704504746394e-05,0.03143467475126376,0.030199495977201837,4.649070450465753e-05,3.391154462103007e-17,1.294278534738574e-16
375.66,"[0.06062, 0.0456, 0.40904650034656387]",0.0456,0.40904650034656387,4.6490704501959845e-05,-0.053697767212820664,-0.051101773668800754,-4.649070450194803e-05,0.14077552736532153,0.13501276942012402,-4.649070458456318e-05,0.008600136038614876,0.012373583490852758,4.6490704501012287e-05,-0.13587776365427606,-0.1234396426248411,-4.649070450194708e-05,0.031849659203424065,0.030266186147390677,4.6490704501960116e-05,3.4045105282694665e-17,1.3448665654507273e-16
375.68,"[0.06062, 0.0456, 0.40904650034656387]",0.0456,0.40904650034656387,4.64907044994347e-05,-0.053697767212820664,-0.051101773668800754,-4.649070449919056e-05,0.14077552736532153,0.13501276942012402,-4.6490704580442876e-05,0.008600136038614876,0.012373583490852758,4.64907044973534e-05,-0.13587776365427606,-0.1234396426248411,-4.6490704499174625e-05,0.031849659203424065,0.030266186147390677,4.649070449945027e-05,3.4045105282694665e-17,1.3448665654507273e-16
375.7,"[0.06062, 0.0456, 0.40904650034656387]",0.0456,0.40904650034656387,4.649070449732208e-05,-0.053697767212820664,-0.051240855125871614,-4.649070449740691e-05,0.14077552736532153,0.1353219180122515,-4.649070457947984e-05,0.008600136038614876,0.012173187019016929,4.649070449623004e-05,-0.13587776365427606,-0.12410355000348663,-4.649070449741252e-05,0.031849659203424065,0.030351000593989787,4.649070449731657e-05,3.4045105282694665e-17,1.3907893319424885e-16
375.72,"[0.06062, 0.0456, 0.40873552997762863]",0.0456,0.40873552997762863,4.649070449363034e-05,-0.05446491629078638,-0.051413150997114535,-4.649070449362855e-05,0.14244465767368916,0.13570298195275451,-4.6490704574866526e-05,0.0073036861043405035,0.011914901082596414,4.6490704492059535e-05,-0.1398053577530115,-0.12493995373750882,-4.649070449362847e-05,0.032320262278346876,0.030456214521728798,4.649070449363032e-05,3.388969729875537e-17,1.452865192886648e-16
375.74,"[0.06062, 0.0456, 0.40873552997762863]",0.0456,0.40873552997762863,4.649070449011547e-05,-0.05446491629078638,-0.051413150997114535,-4.649070448971669e-05,0.14244465767368916,0.13570298195275451,-4.649070456937085e-05,0.0073036861043405035,0.011914901082596414,4.649070448741104e-05,-0.1398053577530115,-0.12493995373750882,-4.649070448969057e-05,0.032320262278346876,0.030456214521728798,4.649070449014102e-05,3.388969729875537e-17,1.452865192886648e-16
375.76,"[0.06062, 0.0456, 0.40838647048030036]",0.0456,0.40838647048030036,4.649070448632848e-05,-0.055319389561111064,-0.05157917781384096,-4.6490704486444194e-05,0.1443079746444597,0.13607006835132449,-4.649070456665072e-05,0.0058509737870648115,0.011665489957631352,4.649070448434286e-05,-0.14419098654345472,-0.12574665405787708,-4.6490704486451844e-05,0.03284494885042601,0.030557606885876148,4.649070448632089e-05,3.3593307073924784e-17,1.5352714887134384e-16
375.78,"[0.06062, 0.0456, 0.40838647048030036]",0.0456,0.40838647048030036,4.649070448097694e-05,-0.055319389561111064,-0.05157917781384096,-4.64907044809991e-05,0.1443079746444597,0.13607006835132449,-4.649070456011259e-05,0.0058509737870648115,0.011665489957631352,4.6490704478413576e-05,-0.14419098654345472,-0.12574665405787708,-4.6490704481000774e-05,0.03284494885042601,0.030557606885876148,4.649070448097547e-05,3.3593307073924784e-17,1.5352714887134384e-16
375.8,"[0.06062, 0.0456, 0.40838647048030036]",0.0456,0.40838647048030036,4.6490704476299646e-05,-0.055319389561111064,-0.0517776929985854,-4.6490704476466546e-05,0.1443079746444597,0.13650756083080268,-4.6490704555124424e-05,0.0058509737870648115,0.01135822152907952,4.649070447365054e-05,-0.14419098654345472,-0.12672373753470415,-4.64907044764775e-05,0.03284494885042601,0.030678990462859913,4.649070447628881e-05,3.3593307073924784e-17,1.553259560907126e-16
375.82,"[0.06062, 0.0456, 0.40799966633416035]",0.0456,0.40799966633416035,4.649070446980228e-05,-0.05625818690829897,-0.0517776929985854,-4.649070446980656e-05,0.1463602711217123,0.13650756083080268,-4.6490704547211076e-05,0.004244247856989533,0.01135822152907952,4.649070446656835e-05,-0.14902283157288906,-0.12672373753470415,-4.649070446980708e-05,0.0334220399803728,0.030678990462859913,4.6490704469802165e-05,3.372536519851638e-17,1.553259560907126e-16
375.84,"[0.06062, 0.0456, 0.40799966633416035]",0.0456,0.40799966633416035,4.649070446370382e-05,-0.05625818690829897,-0.05201396816221621,-4.6490704463879345e-05,0.1463602711217123,0.13702734689405816,-4.649070454074076e-05,0.004244247856989533,0.010984351302401543,4.649070446041489e-05,-0.14902283157288906,-0.12789788975133728,-4.649070446389101e-05,0.0334220399803728,0.030823622327684274,4.6490704463692564e-05,3.372536519851638e-17,1.5737624534146514e-16
375.86,"[0.06062, 0.0456, 0.4075754992682014]",0.0456,0.4075754992682014,4.6490704456150616e-05,-0.0572780873535719,-0.052294855927476035,-4.6490704456136596e-05,0.14859590612963378,0.13764484269359667,-4.649070453163803e-05,0.002485967363405969,0.010532467553414021,4.6490704452295525e-05,-0.15428814022522713,-0.12930386539552732,-4.649070445613585e-05,0.03404972844146859,0.030995735033126175,4.649070445615155e-05,3.3501883646960895e-17,1.6681185640271598e-16
375.88,"[0.06062, 0.0456, 0.4075754992682014]",0.0456,0.4075754992682014,4.649070444848563e-05,-0.0572780873535719,-0.052294855927476035,-4.6490704447833356e-05,0.14859590612963378,0.13764484269359667,-4.6490704521300196e-05,0.002485967363405969,0.010532467553414021,4.6490704443647644e-05,-0.15428814022522713,-0.12930386539552732,-4.6490704447790815e-05,0.03404972844146859,0.030995735033126175,4.649070444852744e-05,3.3501883646960895e-17,1.6681185640271598e-16
375.9,"[0.06062, 0.0456, 0.4075754992682014]",0.0456,0.4075754992682014,4.649070443953959e-05,-0.0572780873535719,-0.052560888294127965,-4.64907044397237e-05,0.14859590612963378,0.13822959374692226,-4.649070451311122e-05,0.002485967363405969,0.010103816771118558,4.649070443500262e-05,-0.15428814022522713,-0.13063640075765487,-4.649070443973535e-05,0.03404972844146859,0.031158757408336377,4.649070443952731e-05,3.3501883646960895e-17,1.7178205802447242e-16
375.92,"[0.06062, 0.0456, 0.40711438788410736]",0.0456,0.40711438788410736,4.649070443021164e-05,-0.0583756794500375,-0.052560888294127965,-4.649070442964683e-05,0.15100884362687128,0.13822959374692226,-4.6490704500675716e-05,0.0005787917135808302,0.010103816771118558,4.649070442458336e-05,-0.15997332775015022,-0.13063640075765487,-4.649070442960959e-05,0.0347260946855558,0.031158757408336377,4.64907044302478e-05,3.32323062512018e-17,1.7178205802447242e-16
375.94,"[0.06062, 0.0456, 0.40711438788410736]",0.0456,0.40711438788410736,4.649070441958813e-05,-0.0583756794500375,-0.0528688177762498,-4.649070441979222e-05,0.15100884362687128,0.13890641429071193,-4.6490704490550135e-05,0.0005787917135808302,0.009600417009841402,4.649070441427103e-05,-0.15997332775015022,-0.13218859270828695,-4.6490704419805056e-05,0.0347260946855558,0.031347648147300955,4.6490704419574555e-05,3.32323062512018e-17,1.7324847680623892e-16
375.96,"[0.06062, 0.0456, 0.40661678724314365]",0.0456,0.40661678724314365,4.649070440292825e-05,-0.059547391846270045,-0.0528688177762498,-4.6490704402927186e-05,0.1535926922450246,0.13890641429071193,-4.649070447133156e-05,-0.0014744298048815132,0.009600417009841402,4.649070439694249e-05,-0.166064080626805,-0.13218859270828695,-4.6490704402926996e-05,0.03544912295937025,0.031347648147300955,4.649070440292838e-05,3.283881749759332e-17,1.7324847680623892e-16
375.98,"[0.06062, 0.0456, 0.40661678724314365]",0.0456,0.40661678724314365,4.649070439694145e-05,-0.059547391846270045,-0.05322141180415328,-4.649070439715339e-05,0.1535926922450246,0.13968180312540365,-4.6490704465081196e-05,-0.0014744298048815132,0.009016763598338652,4.6490704390919166e-05,-0.166064080626805,-0.13397562912933522,-4.649070439716662e-05,0.03544912295937025,0.031564158562041936,4.6490704396927475e-05,3.283881749759332e-17,1.7569156836301715e-16
376.0,"[0.06062, 0.0456, 0.40661678724314365]",0.0456,0.40661678724314365,4.6490704385213904e-05,-0.059547391846270045,-0.05322141180415328,-4.64907043844204e-05,0.1535926922450246,0.13968180312540365,-4.649070444979573e-05,-0.0014744298048815132,0.009016763598338652,4.649070437835446e-05,-0.166064080626805,-0.13397562912933522,-4.649070438436874e-05,0.03544912295937025,0.031564158562041936,4.6490704385265485e-05,3.283881749759332e-17,1.7569156836301715e-16
376.02,"[0.06062, 0.0456, 0.40608318841706686]",0.0456,0.40608318841706686,4.649070437163138e-05,-0.060789523496017225,-0.05362053174633603,-4.649070437186033e-05,0.15634074546363563,0.14056032272444413,-4.649070443666074e-05,-0.0036706689657882378,0.008348726913714985,4.649070436485338e-05,-0.17254545962315307,-0.13600825910499525,-4.649070437187482e-05,0.03621671730336249,0.03180949060308819,4.649070437161655e-05,3.3101118139833155e-17,1.7966861116611248e-16
376.04,"[0.06062, 0.0456, 0.40608318841706686]",0.0456,0.40608318841706686,4.649070435862606e-05,-0.060789523496017225,-0.05362053174633603,-4.649070435772184e-05,0.15634074546363563,0.14056032272444413,-4.6490704419814326e-05,-0.0036706689657882378,0.008348726913714985,4.649070435108276e-05,-0.17254545962315307,-0.13600825910499525,-4.649070435766288e-05,0.03621671730336249,0.03180949060308819,4.649070435868486e-05,3.3101118139833155e-17,1.7966861116611248e-16
376.06,"[0.06062, 0.0456, 0.4055141180034962]",0.0456,0.4055141180034962,4.649070434333386e-05,-0.062098273049058836,-0.05400879817726386,-4.649070434358677e-05,0.15924602171387875,0.1414149587113427,-4.64907044048759e-05,-0.006006729912533529,0.00769868899398982,4.6490704335689995e-05,-0.17940200106802057,-0.1379858396727252,-4.6490704343602936e-05,0.037026717192798014,0.03204815613028812,4.6490704343317615e-05,3.341315880063096e-17,1.968780886248268e-16
376.08,"[0.06062, 0.0456, 0.4055141180034962]",0.0456,0.4055141180034962,4.64907043277709e-05,-0.062098273049058836,-0.05400879817726386,-4.649070432780618e-05,0.15924602171387875,0.1414149587113427,-4.649070438674067e-05,-0.006006729912533529,0.00769868899398982,4.6490704319356625e-05,-0.17940200106802057,-0.1379858396727252,-4.6490704327808394e-05,0.037026717192798014,0.03204815613028812,4.64907043277688e-05,3.341315880063096e-17,1.968780886248268e-16
376.1,"[0.06062, 0.0456, 0.4055141180034962]",0.0456,0.4055141180034962,4.649070431038151e-05,-0.062098273049058836,-0.05443941081285258,-4.649070431075461e-05,0.15924602171387875,0.14236403843584483,-4.649070436796782e-05,-0.006006729912533529,0.006970134107041179,4.649070430167358e-05,-0.17940200106802057,-0.14018913841071226,-4.649070431077849e-05,0.037026717192798014,0.03231313812729627,4.6490704310357334e-05,3.341315880063096e-17,1.9974910391839356e-16
376.12,"[0.06062, 0.0456, 0.404910137606225]",0.0456,0.404910137606225,4.6490704293110665e-05,-0.06346976702378605,-0.05443941081285258,-4.649070429313436e-05,0.16230130395183573,0.14236403843584483,-4.649070434780602e-05,-0.008479260731328979,0.006970134107041179,4.649070428370784e-05,-0.18661781503505376,-0.14018913841071226,-4.6490704293135466e-05,0.03787691261286603,0.03231313812729627,4.649070429310895e-05,3.373275299671243e-17,1.9974910391839356e-16
376.14,"[0.06062, 0.0456, 0.404910137606225]",0.0456,0.404910137606225,4.6490704273690504e-05,-0.06346976702378605,-0.05491818744329158,-4.649070427407993e-05,0.16230130395183573,0.14342093002084938,-4.6490704326895916e-05,-0.008479260731328979,0.006152129709017634,4.649070426403504e-05,-0.18661781503505376,-0.14264926707199135,-4.6490704274105374e-05,0.03787691261286603,0.03260808174858852,4.6490704273665296e-05,3.373275299671243e-17,2.0218311919605138e-16
376.16,"[0.06062, 0.0456, 0.40427184328098614]",0.0456,0.40427184328098614,4.6490704254919305e-05,-0.06490008643216101,-0.05491818744329158,-4.649070425492422e-05,0.1654991782970685,0.14342093002084938,-4.649070430504764e-05,-0.011084765186237236,0.006152129709017634,4.649070424459176e-05,-0.19417667933597432,-0.14264926707199135,-4.649070425492442e-05,0.038765058393973484,0.03260808174858852,4.649070425491889e-05,3.40300859650352e-17,2.0218311919605138e-16
376.181,"[0.06062, 0.0456, 0.40427184328098614]",0.0456,0.40427184328098614,4.649070422461623e-05,-0.06490008643216101,-0.055446607372991986,-4.649070422345403e-05,0.1654991782970685,0.14458948710674113,-4.649070426933448e-05,-0.011084765186237236,0.0052408363363031394,4.6490704213736e-05,-0.19417667933597432,-0.1453754558750987,-4.649070422337898e-05,0.038765058393973484,0.03293397229328441,4.649070422469175e-05,3.40300859650352e-17,2.0601686616855336e-16
376.2,"[0.06062, 0.0456, 0.40427184328098614]",0.0456,0.40427184328098614,4.6490704213198365e-05,-0.06490008643216101,-0.055446607372991986,-4.649070421319257e-05,0.1654991782970685,0.14458948710674113,-4.649070425838946e-05,-0.011084765186237236,0.0052408363363031394,4.649070420189635e-05,-0.19417667933597432,-0.1453754558750987,-4.649070421319228e-05,0.038765058393973484,0.03293397229328441,4.649070421319884e-05,3.40300859650352e-17,2.0601686616855336e-16
376.22,"[0.06062, 0.0456, 0.4035998649472163]",0.0456,0.4035998649472163,4.6490704189629145e-05,-0.06638529159908911,-0.056025410290631704,-4.649070419007722e-05,0.16883207139078832,0.14587196358793422,-4.649070423300901e-05,-0.013819614512973366,0.004233563633787707,4.6490704177985674e-05,-0.20206212842575863,-0.14837327423217153,-4.6490704190106214e-05,0.039688887668724276,0.03329134481893575,4.649070418959975e-05,3.4277085586010254e-17,2.1151483483482024e-16
376.24,"[0.06062, 0.0456, 0.4035998649472163]",0.0456,0.4035998649472163,4.649070416762722e-05,-0.06638529159908911,-0.056025410290631704,-4.6490704167616785e-05,0.16883207139078832,0.14587196358793422,-4.649070420742791e-05,-0.013819614512973366,0.004233563633787707,4.6490704155247156e-05,-0.20206212842575863,-0.14837327423217153,-4.6490704167615816e-05,0.039688887668724276,0.03329134481893575,4.649070416762756e-05,3.4277085586010254e-17,2.1151483483482024e-16
376.26,"[0.06062, 0.0456, 0.402894865766402]",0.0456,0.402894865766402,4.649070414166551e-05,-0.06792144498789757,-0.05657813256983169,-4.649070414215229e-05,0.17229228618775888,0.1470967517520686,-4.649070417943505e-05,-0.016680059170654068,0.0032712318153342535,4.649070412886784e-05,-0.21025753652596058,-0.1512365924583773,-4.6490704142184146e-05,0.04064612434682278,0.033632632853412406,4.649070414163388e-05,3.390759262392651e-17,2.1859257200099546e-16
376.28,"[0.06062, 0.0456, 0.402894865766402]",0.0456,0.402894865766402,4.6490704103245465e-05,-0.06792144498789757,-0.057191393158426994,-4.649070410366584e-05,0.17229228618775888,0.14845852347100807,-4.649070413635646e-05,-0.016680059170654068,0.0021940925214374973,4.649070408952405e-05,-0.21025753652596058,-0.15442554442723305,-4.649070410369311e-05,0.04064612434682278,0.034011741529171045,4.6490704103218266e-05,3.390759262392651e-17,2.40852963134527e-16
376.3,"[0.06062, 0.0456, 0.402894865766402]",0.0456,0.402894865766402,4.649070408914511e-05,-0.06792144498789757,-0.057191393158426994,-4.6490704089655764e-05,0.17229228618775888,0.14845852347100807,-4.6490704121008234e-05,-0.016680059170654068,0.0021940925214374973,4.649070407537241e-05,-0.21025753652596058,-0.15442554442723305,-4.64907040896892e-05,0.04064612434682278,0.034011741529171045,4.649070408911222e-05,3.390759262392651e-17,2.40852963134527e-16
376.32,"[0.06062, 0.0456, 0.4021575414876191]",0.0456,0.4021575414876191,4.6490704063318514e-05,-0.0695046319093046,-0.05785219865594746,-4.649070406333654e-05,0.17587203595531248,0.1499292464292662,-4.6490704091257225e-05,-0.019662240454970566,0.0010227419764110674,4.649070404890024e-05,-0.21874619446790305,-0.15787534684519497,-4.649070406333796e-05,0.041634494537141846,0.034420752975742465,4.6490704063317606e-05,3.3952971162574216e-17,2.5916797448725116e-16
376.34,"[0.06062, 0.0456, 0.4021575414876191]",0.0456,0.4021575414876191,4.6490704036386634e-05,-0.0695046319093046,-0.05785219865594746,-4.6490704034965204e-05,0.17587203595531248,0.1499292464292662,-4.649070405908525e-05,-0.019662240454970566,0.0010227419764110674,4.6490704021791437e-05,-0.21874619446790305,-0.15787534684519497,-4.6490704034872756e-05,0.041634494537141846,0.034420752975742465,4.6490704036478656e-05,3.3952971162574216e-17,2.5916797448725116e-16
376.36,"[0.06062, 0.0456, 0.40138861976091256]",0.0456,0.40138861976091256,4.6490704004041075e-05,-0.0711309790511282,-0.058559610217695936,-4.649070400454738e-05,0.17956347630963715,0.15150745604263416,-4.649070402548373e-05,-0.022762201882335586,-0.00024266402569380848,4.64907039878348e-05,-0.2275113799390908,-0.1615829462833546,-4.6490704004579734e-05,0.04265173687651496,0.0348591686927105,4.649070400400803e-05,3.3712608425170383e-17,2.6460722133284763e-16
376.38,"[0.06062, 0.0456, 0.40138861976091256]",0.0456,0.40138861976091256,4.649070397433171e-05,-0.0711309790511282,-0.058559610217695936,-4.6490703972849344e-05,0.17956347630963715,0.15150745604263416,-4.64907039897906e-05,-0.022762201882335586,-0.00024266402569380848,4.649070395847531e-05,-0.2275113799390908,-0.1615829462833546,-4.6490703972752634e-05,0.04265173687651496,0.0348591686927105,4.6490703974427394e-05,3.3712608425170383e-17,2.6460722133284763e-16
376.4,"[0.06062, 0.0456, 0.40138861976091256]",0.0456,0.40138861976091256,4.649070393906055e-05,-0.0711309790511282,-0.0592334042989579,-4.6490703939587424e-05,0.17956347630963715,0.15301084827927106,-4.649070395298988e-05,-0.022762201882335586,-0.0014485312792281197,4.6490703921423026e-05,-0.2275113799390908,-0.16511511293896822,-4.649070393962122e-05,0.04265173687651496,0.03527677817239118,4.649070393902618e-05,3.3712608425170383e-17,2.6923657683154243e-16
376.42,"[0.06062, 0.0456, 0.4005888594191936]",0.0456,0.4005888594191936,4.649070390633251e-05,-0.0727966708188554,-0.0592334042989579,-4.649070390497476e-05,0.18335873517256293,0.15301084827927106,-4.649070391427422e-05,-0.025975900262225626,-0.0014485312792281197,4.6490703889161764e-05,-0.23653642098025296,-0.16511511293896822,-4.6490703904886646e-05,0.04369561175183932,0.03527677817239118,4.649070390642044e-05,3.3667695728027517e-17,2.6923657683154243e-16
376.44,"[0.06062, 0.0456, 0.4005888594191936]",0.0456,0.4005888594191936,4.649070386859445e-05,-0.0727966708188554,-0.05995699767557746,-4.649070386914231e-05,0.18335873517256293,0.15462940087103716,-4.649070387480317e-05,-0.025975900262225626,-0.0027555217101252185,4.649070384986678e-05,-0.23653642098025296,-0.16892346133369254,-4.649070386917792e-05,0.04369561175183932,0.03572584479644604,4.649070386855883e-05,3.3667695728027517e-17,2.665690625599707e-16
376.46,"[0.06062, 0.0456, 0.39975904972936327]",0.0456,0.39975904972936327,4.649070383441514e-05,-0.07449796352236576,-0.05995699767557746,-4.6490703832921826e-05,0.1872499405803988,0.15462940087103716,-4.649070383458886e-05,-0.029299216383853743,-0.0027555217101252185,4.6490703816572565e-05,-0.24580475272429558,-0.16892346133369254,-4.6490703832825e-05,0.04476390942541661,0.03572584479644604,4.649070383451205e-05,3.3533322488276084e-17,2.665690625599707e-16
376.48,"[0.06062, 0.0456, 0.39975904972936327]",0.0456,0.39975904972936327,4.649070379482085e-05,-0.07449796352236576,-0.06074471981706257,-4.649070379537388e-05,0.1872499405803988,0.15639576360523316,-4.6490703793092805e-05,-0.029299216383853743,-0.004191108446256274,4.64907037751385e-05,-0.24580475272429558,-0.1730853499387144,-4.649070379540954e-05,0.04476390942541661,0.03621534528567065,4.649070379478443e-05,3.3533322488276084e-17,2.9619457516971544e-16
376.5,"[0.06062, 0.0456, 0.39975904972936327]",0.0456,0.39975904972936327,4.649070375877546e-05,-0.07449796352236576,-0.06074471981706257,-4.649070375886049e-05,0.1872499405803988,0.15639576360523316,-4.649070375189395e-05,-0.029299216383853743,-0.004191108446256274,4.64907037381352e-05,-0.24580475272429558,-0.1730853499387144,-4.6490703758865654e-05,0.04476390942541661,0.03621534528567065,4.649070375876985e-05,3.3533322488276084e-17,2.9619457516971544e-16
376.52,"[0.06062, 0.0456, 0.3989000096134012]",0.0456,0.3989000096134012,4.649070371480076e-05,-0.07623119748136058,-0.061572415661791884,-4.6490703715554284e-05,0.19122924631932808,0.1582567253751389,-4.6490703704208596e-05,-0.032727965253142186,-0.005714030514542073,4.649070369341502e-05,-0.25529996749096534,-0.1774765682026896,-4.649070371560296e-05,0.045854457092964575,0.03673040880991902,4.649070371475219e-05,3.4325953667350935e-17,3.001072049912077e-16
376.54,"[0.06062, 0.0456, 0.3989000096134012]",0.0456,0.3989000096134012,4.649070367637148e-05,-0.07623119748136058,-0.06237543495083359,-4.649070367645963e-05,0.19122924631932808,0.1600623333210463,-4.649070366032653e-05,-0.032727965253142186,-0.007191929340884267,4.649070365433115e-05,-0.25529996749096534,-0.18173734680183837,-4.649070367646511e-05,0.045854457092964575,0.037230135259915365,4.6490703676365546e-05,3.4325953667350935e-17,3.403397763807472e-16
376.56,"[0.06062, 0.0456, 0.3980125868401888]",0.0456,0.3980125868401888,4.649070363498203e-05,-0.07799280715150636,-0.06237543495083359,-4.649070363339228e-05,0.19528885539903526,0.1600623333210463,-4.649070361246483e-05,-0.03625790582630506,-0.007191929340884267,4.64907036134381e-05,-0.2650058584518637,-0.18173734680183837,-4.649070363328935e-05,0.04696512491941688,0.037230135259915365,4.6490703635084996e-05,3.410891976109928e-17,3.403397763807472e-16
376.58,"[0.06062, 0.0456, 0.3980125868401888]",0.0456,0.3980125868401888,4.649070358598867e-05,-0.07799280715150636,-0.06321506591034637,-4.649070358670688e-05,0.19528885539903526,0.1619554543665197,-4.649070356027582e-05,-0.03625790582630506,-0.00875238066927692,4.6490703561597034e-05,-0.2650058584518637,-0.1862113103359061,-4.6490703586753804e-05,0.04696512491941688,0.037753404036055975,4.6490703585942265e-05,3.410891976109928e-17,3.360712972445561e-16
376.6,"[0.06062, 0.0456, 0.3980125868401888]",0.0456,0.3980125868401888,4.649070354171529e-05,-0.07799280715150636,-0.06321506591034637,-4.649070354007765e-05,0.19528885539903526,0.1619554543665197,-4.6490703509226816e-05,-0.03625790582630506,-0.00875238066927692,4.64907035191274e-05,-0.2650058584518637,-0.1862113103359061,-4.649070353997167e-05,0.04696512491941688,0.037753404036055975,4.649070354182134e-05,3.410891976109928e-17,3.360712972445561e-16
376.62,"[0.06062, 0.0456, 0.3970976571888633]",0.0456,0.3970976571888633,4.649070349034887e-05,-0.07977932939545143,-0.06410130779408149,-4.649070349105538e-05,0.1994210414076592,0.16395913787883515,-4.649070345444798e-05,-0.03988475019696875,-0.010415565137936105,4.64907034648196e-05,-0.2749064571606176,-0.19095366933527425,-4.649070349110136e-05,0.048093831109707726,0.03830652606784319,4.6490703490302664e-05,3.374438564480032e-17,3.2780172588890465e-16
376.64,"[0.06062, 0.0456, 0.3970976571888633]",0.0456,0.3970976571888633,4.649070344471474e-05,-0.07977932939545143,-0.06410130779408149,-4.649070344294097e-05,0.1994210414076592,0.16395913787883515,-4.649070340218108e-05,-0.03988475019696875,-0.010415565137936105,4.6490703421558466e-05,-0.2749064571606176,-0.19095366933527425,-4.64907034428262e-05,0.048093831109707726,0.03830652606784319,4.6490703444829896e-05,3.374438564480032e-17,3.2780172588890465e-16
376.66,"[0.06062, 0.0456, 0.3961561235845298]",0.0456,0.3961561235845298,4.6490703391498466e-05,-0.08158741003828185,-0.06503469928201958,-4.649070339220123e-05,0.2036181678167698,0.1660751766366601,-4.649070334528251e-05,-0.04360417220419315,-0.01218440708232743,4.649070336500171e-05,-0.2849860653034151,-0.19596962483099287,-4.649070339224683e-05,0.04923854608043436,0.03888993072195506,4.6490703391453004e-05,3.36402406474847e-17,3.215771026110719e-16
376.68,"[0.06062, 0.0456, 0.3961561235845298]",0.0456,0.3961561235845298,4.649070334470658e-05,-0.08158741003828185,-0.06503469928201958,-4.6490703342811507e-05,0.2036181678167698,0.1660751766366601,-4.649070329194387e-05,-0.04360417220419315,-0.01218440708232743,4.649070332105877e-05,-0.2849860653034151,-0.19596962483099287,-4.649070334268868e-05,0.04923854608043436,0.03888993072195506,4.64907033448293e-05,3.36402406474847e-17,3.215771026110719e-16
376.7,"[0.06062, 0.0456, 0.3961561235845298]",0.0456,0.3961561235845298,4.649070328959372e-05,-0.08158741003828185,-0.06592325831250868,-4.649070329030622e-05,0.2036181678167698,0.16808989556806203,-4.6490703232763055e-05,-0.04360417220419315,-0.013869229182001914,4.6490703262080613e-05,-0.2849860653034151,-0.20074582605801605,-4.649070329035245e-05,0.04923854608043436,0.03944536026228048,4.6490703289547297e-05,3.36402406474847e-17,3.185476015421843e-16
376.72,"[0.06062, 0.0456, 0.395188915207183]",0.0456,0.395188915207183,4.649070324029017e-05,-0.0834138088564911,-0.06592325831250868,-4.649070323854795e-05,0.20787270532534102,0.16808989556806203,-4.6490703176888025e-05,-0.04741181543889451,-0.013869229182001914,4.64907032155827e-05,-0.2952292810679926,-0.20074582605801605,-4.649070323843528e-05,0.05039729580403527,0.03944536026228048,4.649070324040296e-05,3.35207020241061e-17,3.185476015421843e-16
376.74,"[0.06062, 0.0456, 0.395188915207183]",0.0456,0.395188915207183,4.649070318327968e-05,-0.0834138088564911,-0.06685854429666664,-4.649070318401048e-05,0.20787270532534102,0.17021642930385764,-4.649070311566409e-05,-0.04741181543889451,-0.01566046643035397,4.6490703154992515e-05,-0.2952292810679926,-0.20579522183329263,-4.64907031840583e-05,0.05039729580403527,0.040030881882082814,4.649070318323244e-05,3.35207020241061e-17,3.0653213887430997e-16
376.762,"[0.06062, 0.0456, 0.3941969865747189]",0.0456,0.3941969865747189,4.6490703105186246e-05,-0.08525540315393007,-0.06685854429666664,-4.6490703105302486e-05,0.21217724734686966,0.17021642930385764,-4.649070302912084e-05,-0.05130330063567158,-0.01566046643035397,4.649070307700144e-05,-0.3056210205562088,-0.20579522183329263,-4.649070310531012e-05,0.05156816440023303,0.040030881882082814,4.649070310517879e-05,3.2914699293990875e-17,3.0653213887430997e-16
376.78,"[0.06062, 0.0456, 0.3941969865747189]",0.0456,0.3941969865747189,4.6490703075126774e-05,-0.08525540315393007,-0.06785849320307931,-4.649070307585825e-05,0.21217724734686966,0.17249598073351527,-4.6490702996561365e-05,-0.05130330063567158,-0.01759415315697872,4.649070304609947e-05,-0.3056210205562088,-0.21121666267120526,-4.6490703075906065e-05,0.05156816440023303,0.04065780209889336,4.649070307507972e-05,3.2914699293990875e-17,3.4949282912630693e-16
376.8,"[0.06062, 0.0456, 0.3941969865747189]",0.0456,0.3941969865747189,4.6490703024705905e-05,-0.08525540315393007,-0.06785849320307931,-4.649070302485041e-05,0.21217724734686966,0.17249598073351527,-4.649070293956273e-05,-0.05130330063567158,-0.01759415315697872,4.649070299489156e-05,-0.3056210205562088,-0.21121666267120526,-4.649070302485999e-05,0.05156816440023303,0.04065780209889336,4.649070302469657e-05,3.2914699293990875e-17,3.4949282912630693e-16
376.82,"[0.06062, 0.0456, 0.3931813166009408]",0.0456,0.3931813166009408,4.649070296015253e-05,-0.08710919007836633,-0.06887242830087714,-4.649070296112552e-05,0.2165245237544818,0.17481414807840429,-4.649070286936482e-05,-0.0552742324458239,-0.019576229439537556,4.649070292918743e-05,-0.3161465346790109,-0.21674019455779103,-4.649070296118842e-05,0.05274929605042795,0.041294536692229974,4.64907029600892e-05,3.1946033198181486e-17,2.9691222469320215e-16
376.84,"[0.06062, 0.0456, 0.3931813166009408]",0.0456,0.3931813166009408,4.649070290727665e-05,-0.08710919007836633,-0.06887242830087714,-4.64907029052362e-05,0.2165245237544818,0.17481414807840429,-4.6490702810464865e-05,-0.0552742324458239,-0.019576229439537556,4.64907028813171e-05,-0.3161465346790109,-0.21674019455779103,-4.649070290510431e-05,0.05274929605042795,0.041294536692229974,4.64907029074091e-05,3.1946033198181486e-17,2.9691222469320215e-16
376.86,"[0.06062, 0.0456, 0.3921429076294894]",0.0456,0.3921429076294894,4.649070284493385e-05,-0.08897228782900268,-0.06986715670932547,-4.649070284567941e-05,0.22090741300551345,0.17708840370902737,-4.64907027426152e-05,-0.059320205595249094,-0.021520764426065785,4.649070281375492e-05,-0.32679142197490113,-0.22215910098600422,-4.649070284572803e-05,0.05393889630986159,0.04191920999542085,4.649070284488575e-05,3.131776754542601e-17,3.457757986816737e-16
376.88,"[0.06062, 0.0456, 0.3921429076294894]",0.0456,0.3921429076294894,4.649070279071604e-05,-0.08897228782900268,-0.06986715670932547,-4.649070279089737e-05,0.22090741300551345,0.17708840370902737,-4.649070268162975e-05,-0.059320205595249094,-0.021520764426065785,4.649070275888409e-05,-0.32679142197490113,-0.22215910098600422,-4.649070279090898e-05,0.05393889630986159,0.04191920999542085,4.649070279070427e-05,3.131776754542601e-17,3.457757986816737e-16
376.9,"[0.06062, 0.0456, 0.3921429076294894]",0.0456,0.3921429076294894,4.6490702721798513e-05,-0.08897228782900268,-0.07089342367252519,-4.649070272279618e-05,0.22090741300551345,0.17944126403732402,-4.649070260674601e-05,-0.059320205595249094,-0.023548182685955904,4.6490702688906205e-05,-0.32679142197490113,-0.22777586647802053,-4.6490702722860686e-05,0.05393889630986159,0.042564720262554,4.649070272173387e-05,3.131776754542601e-17,3.3620474171402317e-16
376.92,"[0.06062, 0.0456, 0.3910827844446509]",0.0456,0.3910827844446509,4.649070266615049e-05,-0.09084193589937256,-0.07089342367252519,-4.649070266632767e-05,0.22531895277024566,0.17944126403732402,-4.6490702544385863e-05,-0.06343681043788107,-0.023548182685955904,4.6490702633341806e-05,-0.33754163778614543,-0.22777586647802053,-4.649070266633893e-05,0.05513523289007539,0.042564720262554,4.649070266613904e-05,3.1703991502145064e-17,3.3620474171402317e-16
376.94,"[0.06062, 0.0456, 0.3910827844446509]",0.0456,0.3910827844446509,4.6490702595126274e-05,-0.09084193589937256,-0.0719612455633658,-4.649070259612089e-05,0.22531895277024566,0.18189598630423018,-4.649070246725174e-05,-0.06343681043788107,-0.025679917829224803,4.64907025612936e-05,-0.33754163778614543,-0.2336472608283703,-4.649070259618517e-05,0.05513523289007539,0.04323743793055847,4.6490702595062124e-05,3.1703991502145064e-17,3.221446220579876e-16
376.96,"[0.06062, 0.0456, 0.39000199326001855]",0.0456,0.39000199326001855,4.649070253896692e-05,-0.09271549449212371,-0.0719612455633658,-4.649070253911447e-05,0.22975234918973453,0.18189598630423018,-4.649070240439139e-05,-0.0676196379213515,-0.025679917829224803,4.649070250534337e-05,-0.3483835002128617,-0.2336472608283703,-4.6490702539124285e-05,0.0563366359808114,0.04323743793055847,4.6490702538957656e-05,3.152067993368088e-17,3.221446220579876e-16
376.98,"[0.06062, 0.0456, 0.39000199326001855]",0.0456,0.39000199326001855,4.6490702465862e-05,-0.09271549449212371,-0.07307041374159881,-4.649070246686348e-05,0.22975234918973453,0.18445244224418703,-4.6490702324938275e-05,-0.0676196379213515,-0.027917514508390695,4.649070243106794e-05,-0.3483835002128617,-0.23977446685671733,-4.6490702466928346e-05,0.0563366359808114,0.043937315179215536,4.649070246579712e-05,3.152067993368088e-17,3.1085328207839907e-16
377.0,"[0.06062, 0.0456, 0.39000199326001855]",0.0456,0.39000199326001855,4.6490702409095234e-05,-0.09271549449212371,-0.07307041374159881,-4.649070240922575e-05,0.22975234918973453,0.18445244224418703,-4.649070226141743e-05,-0.0676196379213515,-0.027917514508390695,4.6490702374569446e-05,-0.3483835002128617,-0.23977446685671733,-4.649070240923413e-05,0.0563366359808114,0.043937315179215536,4.649070240908692e-05,3.152067993368088e-17,3.1085328207839907e-16
377.02,"[0.06062, 0.0456, 0.3889016006860061]",0.0456,0.3889016006860061,4.649070233361554e-05,-0.09459044323291659,-0.0742195729364611,-4.6490702334634234e-05,0.23420098488551475,0.18710781702709942,-4.649070217927902e-05,-0.0718642839866297,-0.030260197893647162,4.649070229772457e-05,-0.35930369324554234,-0.24615231707217552,-4.649070233470023e-05,0.05754149817634828,0.04466357827436327,4.6490702333549754e-05,3.208267374545441e-17,3.0332491774096744e-16
377.04,"[0.06062, 0.0456, 0.3889016006860061]",0.0456,0.3889016006860061,4.6490702275978856e-05,-0.09459044323291659,-0.0742195729364611,-4.649070227610171e-05,0.23420098488551475,0.18710781702709942,-4.64907021147966e-05,-0.0718642839866297,-0.030260197893647162,4.649070224040308e-05,-0.35930369324554234,-0.24615231707217552,-4.649070227610933e-05,0.05754149817634828,0.04466357827436327,4.649070227597067e-05,3.208267374545441e-17,3.0332491774096744e-16
377.06,"[0.06062, 0.0456, 0.38778269267723203]",0.0456,0.38778269267723203,4.649070219776081e-05,-0.0964643793005235,-0.07531333042261155,-4.649070219880291e-05,0.23865842583982905,0.1896355763291206,-4.649070202955814e-05,-0.07616635342753997,-0.03249133072347935,4.64907021606097e-05,-0.3702892674530009,-0.2522243874030951,-4.649070219887015e-05,0.05874827406656521,0.04535489422536848,4.649070219769333e-05,3.1837265369377435e-17,2.991845219349996e-16
377.08,"[0.06062, 0.0456, 0.38778269267723203]",0.0456,0.38778269267723203,4.649070213684182e-05,-0.0964643793005235,-0.07531333042261155,-4.6490702137027424e-05,0.23865842583982905,0.1896355763291206,-4.6490701961722714e-05,-0.07616635342753997,-0.03249133072347935,4.649070210018252e-05,-0.3702892674530009,-0.2522243874030951,-4.649070213703908e-05,0.05874827406656521,0.04535489422536848,4.64907021368296e-05,3.1837265369377435e-17,2.991845219349996e-16
377.1,"[0.06062, 0.0456, 0.38778269267723203]",0.0456,0.38778269267723203,4.649070205664362e-05,-0.0964643793005235,-0.0764676787999567,-4.6490702057691106e-05,0.23865842583982905,0.19230979894509084,-4.649070187449338e-05,-0.07616635342753997,-0.03487038588924362,4.649070201870831e-05,-0.3702892674530009,-0.25866237552582466,-4.649070205775855e-05,0.05874827406656521,0.04608564095524219,4.6490702056575916e-05,3.1837265369377435e-17,3.6279164705501936e-16
377.12,"[0.06062, 0.0456, 0.3866463734608136]",0.0456,0.3866463734608136,4.64907019960462e-05,-0.09833501507963266,-0.07765151625917621,-4.6490701996191114e-05,0.2431184272594144,0.1950591821709015,-4.649070180700938e-05,-0.08052146323936957,-0.037337102934164,4.649070195870691e-05,-0.38132763857662216,-0.26529741469314777,-4.6490701996200255e-05,0.05995547954805025,0.04683629595094766,4.649070199603694e-05,3.1178896541632993e-17,4.0494444664700413e-16
377.14,"[0.06062, 0.0456, 0.3866463734608136]",0.0456,0.3866463734608136,4.6490701930846635e-05,-0.09833501507963266,-0.07765151625917621,-4.6490701928560215e-05,0.2431184272594144,0.1950591821709015,-4.6490701736199684e-05,-0.08052146323936957,-0.037337102934164,4.649070189931986e-05,-0.38132763857662216,-0.26529741469314777,-4.6490701928412384e-05,0.05995547954805025,0.04683629595094766,4.649070193099516e-05,3.1178896541632993e-17,4.0494444664700413e-16
377.16,"[0.06062, 0.0456, 0.38549376444662803]",0.0456,0.38549376444662803,4.649070184798521e-05,-0.10020017543219899,-0.07886268867243759,-4.649070184897102e-05,0.2475749385290986,0.19787874061951022,-4.649070164276115e-05,-0.08492524548829931,-0.039888346522234455,4.6490701806263694e-05,-0.3924065843541497,-0.27211898728634554,-4.6490701849035456e-05,0.06116169090543079,0.04760553990093116,4.649070184792151e-05,3.136657003514732e-17,3.9251511756966727e-16
377.18,"[0.06062, 0.0456, 0.38549376444662803]",0.0456,0.38549376444662803,4.6490701778505835e-05,-0.10020017543219899,-0.07886268867243759,-4.649070177624e-05,0.2475749385290986,0.19787874061951022,-4.64907015687153e-05,-0.08492524548829931,-0.039888346522234455,4.649070174601816e-05,-0.3924065843541497,-0.27211898728634554,-4.6490701776093296e-05,0.06116169090543079,0.04760553990093116,4.649070177865284e-05,3.136657003514732e-17,3.9251511756966727e-16
377.2,"[0.06062, 0.0456, 0.38549376444662803]",0.0456,0.38549376444662803,4.6490701692822286e-05,-0.10020017543219899,-0.08001288189069804,-4.6490701693803564e-05,0.2475749385290986,0.20055677241084172,-4.649070147184671e-05,-0.08492524548829931,-0.0423128208392285,4.64907016497205e-05,-0.3924065843541497,-0.27859914823668464,-4.6490701693867335e-05,0.06116169090543079,0.04833613213073937,4.649070169275906e-05,3.136657003514732e-17,3.728937006402349e-16
377.22,"[0.06062, 0.0456, 0.38432600312061604]",0.0456,0.38432600312061604,4.6490701619831085e-05,-0.10205779467267893,-0.08001288189069804,-4.649070161773604e-05,0.25202210735387454,0.20055677241084172,-4.649070139422642e-05,-0.08937334973520387,-0.0423128208392285,4.6490701585896337e-05,-0.403514239868003,-0.27859914823668464,-4.6490701617600394e-05,0.06236554370800216,0.04833613213073937,4.6490701619967214e-05,3.0961106574520157e-17,3.728937006402349e-16
377.24,"[0.06062, 0.0456, 0.38432600312061604]",0.0456,0.38432600312061604,4.64907015320782e-05,-0.10205779467267893,-0.08119666399279347,-4.6490701533053075e-05,0.25202210735387454,0.2033193800142501,-4.64907012954754e-05,-0.08937334973520387,-0.04483576421332745,4.649070148829506e-05,-0.403514239868003,-0.28530190895364216,-4.649070153311613e-05,0.06236554370800216,0.04908930355775188,4.64907015320151e-05,3.0961106574520157e-17,3.337042581061138e-16
377.26,"[0.06062, 0.0456, 0.38314424192222096]",0.0456,0.38314424192222096,4.6490701459462215e-05,-0.10390591332237263,-0.08119666399279347,-4.6490701457265114e-05,0.2564542831800194,0.2033193800142501,-4.649070121903766e-05,-0.09386144504857907,-0.04483576421332745,4.6490701425987135e-05,-0.4146390916850329,-0.28530190895364216,-4.6490701457122514e-05,0.06356573156173735,0.04908930355775188,4.649070145960458e-05,3.101976882653781e-17,3.337042581061138e-16
377.28,"[0.06062, 0.0456, 0.38314424192222096]",0.0456,0.38314424192222096,4.649070137110218e-05,-0.10390591332237263,-0.08243740460925804,-4.649070137205708e-05,0.2564542831800194,0.20622102827413935,-4.649070111899649e-05,-0.09386144504857907,-0.04750821084895913,4.6490701326808596e-05,-0.4146390916850329,-0.29236098426849777,-4.64907013721189e-05,0.06356573156173735,0.04987996064841641,4.649070137104056e-05,3.101976882653781e-17,4.0155220886293183e-16
377.3,"[0.06062, 0.0456, 0.38314424192222096]",0.0456,0.38314424192222096,4.649070129918417e-05,-0.10390591332237263,-0.08243740460925804,-4.6490701296834966e-05,0.2564542831800194,0.20622102827413935,-4.6490701043964765e-05,-0.09386144504857907,-0.04750821084895913,4.649070126627774e-05,-0.4146390916850329,-0.29236098426849777,-4.649070129668308e-05,0.06356573156173735,0.04987996064841641,4.64907012993368e-05,3.101976882653781e-17,4.0155220886293183e-16
377.32,"[0.06062, 0.0456, 0.3819496471070698]",0.0456,0.3819496471070698,4.649070120976856e-05,-0.10574267470849907,-0.08370060093072619,-4.649070121071815e-05,0.2608660199774362,0.2091815904601924,-4.6490700941920104e-05,-0.0983852216420343,-0.05025992869714995,4.64907011646712e-05,-0.4257699710272335,-0.299584906709274,-4.649070121077971e-05,0.06476100475197707,0.050686281599924346,4.6490701209707185e-05,3.118580045596504e-17,4.445271389306289e-16
377.34,"[0.06062, 0.0456, 0.3819496471070698]",0.0456,0.3819496471070698,4.649070113731382e-05,-0.10574267470849907,-0.08370060093072619,-4.6490701134929483e-05,0.2608660199774362,0.2091815904601924,-4.6490700866920446e-05,-0.0983852216420343,-0.05025992869714995,4.6490701104437714e-05,-0.4257699710272335,-0.299584906709274,-4.649070113477511e-05,0.06476100475197707,0.050686281599924346,4.6490701137468475e-05,3.118580045596504e-17,4.445271389306289e-16
377.36,"[0.06062, 0.0456, 0.3807433975960199]",0.0456,0.3807433975960199,4.649070104609535e-05,-0.10756632146464618,-0.08490159206035966,-4.649070104705509e-05,0.2652520784568963,0.21199683011458192,-4.649070076213689e-05,-0.10294039217200603,-0.052878261784310876,4.649070099995974e-05,-0.4368960461866013,-0.30645564567519845,-4.649070104711749e-05,0.06595016880756573,0.05145299023523817,4.649070104603293e-05,3.0801420425518117e-17,4.890743308900968e-16
377.38,"[0.06062, 0.0456, 0.3807433975960199]",0.0456,0.3807433975960199,4.649070097267816e-05,-0.10756632146464618,-0.08490159206035966,-4.649070097298495e-05,0.2652520784568963,0.21199683011458192,-4.649070068058085e-05,-0.10294039217200603,-0.052878261784310876,4.649070092653026e-05,-0.4368960461866013,-0.30645564567519845,-4.6490700973004865e-05,0.06595016880756573,0.05145299023523817,4.649070097265806e-05,3.0801420425518117e-17,4.890743308900968e-16
377.4,"[0.06062, 0.0456, 0.3807433975960199]",0.0456,0.3807433975960199,4.64907008689816e-05,-0.10756632146464618,-0.08610067260210441,-4.649070087021312e-05,0.2652520784568963,0.21481357555991992,-4.6490700567164004e-05,-0.10294039217200603,-0.05552329275597845,4.649070082060635e-05,-0.4368960461866013,-0.31335239582836605,-4.649070087029285e-05,0.06595016880756573,0.05221981134652398,4.64907008689016e-05,3.0801420425518117e-17,3.33176335403428e-16
377.42,"[0.06062, 0.0456, 0.37952668381170646]",0.0456,0.37952668381170646,4.6490700791948476e-05,-0.10937519198094897,-0.08610067260210441,-4.649070078976893e-05,0.2696074277874822,0.21481357555991992,-4.64907004887229e-05,-0.10752269273124182,-0.05552329275597845,4.649070075783229e-05,-0.44800681437252265,-0.31335239582836605,-4.649070078962727e-05,0.06713208301297734,0.05221981134652398,4.649070079208974e-05,3.070433557613127e-17,3.33176335403428e-16
377.44,"[0.06062, 0.0456, 0.37952668381170646]",0.0456,0.37952668381170646,4.649070069827871e-05,-0.10937519198094897,-0.08736824141658397,-4.649070069921116e-05,0.2696074277874822,0.21779650044217128,-4.649070038122022e-05,-0.10752269273124182,-0.05834895752648131,4.649070065122146e-05,-0.44800681437252265,-0.32067834308149046,-4.649070069927115e-05,0.06713208301297734,0.05303168526819512,4.6490700698218005e-05,3.070433557613127e-17,3.851001561235214e-16
377.46,"[0.06062, 0.0456, 0.3783007065037389]",0.0456,0.3783007065037389,4.649070062747233e-05,-0.11116771684473463,-0.08736824141658397,-4.649070062769794e-05,0.2739272468712675,0.21779650044217128,-4.6490700302740355e-05,-0.1121278835731405,-0.05834895752648131,4.649070058078726e-05,-0.45909209315669997,-0.32067834308149046,-4.6490700627711884e-05,0.06830565889105514,0.05303168526819512,4.6490700627457286e-05,3.0603728120154497e-17,3.851001561235214e-16
377.48,"[0.06062, 0.0456, 0.3783007065037389]",0.0456,0.3783007065037389,4.649070052129858e-05,-0.11116771684473463,-0.08864799474751718,-4.6490700522503094e-05,0.2739272468712675,0.22081367958586987,-4.649070018628634e-05,-0.1121278835731405,-0.06123482394994892,4.649070047180395e-05,-0.45909209315669997,-0.3281140614766012,-4.649070052258054e-05,0.06830565889105514,0.05385274818325219,4.649070052122002e-05,3.0603728120154497e-17,3.4935722949921387e-16
377.5,"[0.06062, 0.0456, 0.3783007065037389]",0.0456,0.3783007065037389,4.6490700449137335e-05,-0.11116771684473463,-0.08864799474751718,-4.6490700449376415e-05,0.2739272468712675,0.22081367958586987,-4.649070010713684e-05,-0.1121278835731405,-0.06123482394994892,4.64907004015315e-05,-0.45909209315669997,-0.3281140614766012,-4.649070044939151e-05,0.06830565889105514,0.05385274818325219,4.649070044912144e-05,3.0603728120154497e-17,3.4935722949921387e-16
377.52,"[0.06062, 0.0456, 0.3770666755637062]",0.0456,0.3770666755637062,4.6490700340753574e-05,-0.1129424153055007,-0.08995123245047201,-4.6490700341948026e-05,0.27820692522437995,0.22389138810979595,-4.649069998826912e-05,-0.11675174960140272,-0.06420681395370824,4.649070029034659e-05,-0.47014201165912944,-0.33572562690029273,-4.6490700342025174e-05,0.06946985867540452,0.054690246115129536,4.649070034067605e-05,3.093211564032169e-17,3.043570931755028e-16
377.54,"[0.06062, 0.0456, 0.3770666755637062]",0.0456,0.3770666755637062,4.649070026890128e-05,-0.1129424153055007,-0.08995123245047201,-4.649070026911953e-05,0.27820692522437995,0.22389138810979595,-4.649069990961659e-05,-0.11675174960140272,-0.06420681395370824,4.649070022060168e-05,-0.47014201165912944,-0.33572562690029273,-4.649070026913399e-05,0.06946985867540452,0.054690246115129536,4.64907002688876e-05,3.093211564032169e-17,3.043570931755028e-16
377.56,"[0.06062, 0.0456, 0.37582580883115985]",0.0456,0.37582580883115985,4.6490700158336355e-05,-0.11469789179188658,-0.09118960734540532,-4.649070015952586e-05,0.28244206350601314,0.2268162788325223,-4.649069978821533e-05,-0.12139010065859898,-0.06703297688456249,4.6490700106979474e-05,-0.48114700159880025,-0.3429608524820513,-4.649070015960245e-05,0.07062369378821899,0.05548614936643663,4.649070015825931e-05,3.152650873867894e-17,2.6113166004767517e-16
377.58,"[0.06062, 0.0456, 0.37582580883115985]",0.0456,0.37582580883115985,4.649070008314736e-05,-0.11469789179188658,-0.09118960734540532,-4.6490700083408715e-05,0.28244206350601314,0.2268162788325223,-4.649069970623583e-05,-0.12139010065859898,-0.06703297688456249,4.649070003414027e-05,-0.48114700159880025,-0.3429608524820513,-4.6490700083426205e-05,0.07062369378821899,0.05548614936643663,4.649070008313043e-05,3.152650873867894e-17,2.6113166004767517e-16
377.6,"[0.06062, 0.0456, 0.37582580883115985]",0.0456,0.37582580883115985,4.649069997159586e-05,-0.11469789179188658,-0.09245224170590272,-4.6490699972767374e-05,0.28244206350601314,0.22980314229580515,-4.6490699584072e-05,-0.12139010065859898,-0.06994742232487897,4.6490699920005536e-05,-0.48114700159880025,-0.3503768111903502,-4.6490699972843634e-05,0.07062369378821899,0.056298979151164816,4.64906999715201e-05,3.152650873867894e-17,1.9630812579907022e-16
377.62,"[0.06062, 0.0456, 0.37457933089175305]",0.0456,0.37457933089175305,4.649069989828372e-05,-0.11643283250277006,-0.09245224170590272,-4.6490699898513735e-05,0.2866284737298128,0.22980314229580515,-4.649069950427508e-05,-0.12603877164630295,-0.06994742232487897,4.649069984924012e-05,-0.49209778831473144,-0.3503768111903502,-4.649069989852858e-05,0.07176622333636758,0.056298979151164816,4.6490699898268225e-05,3.127699930084478e-17,1.9630812579907022e-16
377.641,"[0.06062, 0.0456, 0.37457933089175305]",0.0456,0.37457933089175305,4.649069976194999e-05,-0.11643283250277006,-0.09373830430578199,-4.6490699759665215e-05,0.2866284737298128,0.23284981520591905,-4.6490699363144494e-05,-0.12603877164630295,-0.0729498881207154,4.6490699727809464e-05,-0.49209778831473144,-0.35797048136496346,-4.649069975951678e-05,0.07176622333636758,0.057128245472455236,4.649069976209752e-05,3.127699930084478e-17,1.364332836127713e-16
377.66,"[0.06062, 0.0456, 0.3733284718687231]",0.0456,0.3733284718687231,4.649069971396256e-05,-0.11814600208971515,-0.09373830430578199,-4.649069971417321e-05,0.2907621791853841,0.23284981520591905,-4.649069930274073e-05,-0.13069362250839373,-0.0729498881207154,4.6490699664631133e-05,-0.5029853818466284,-0.35797048136496346,-4.6490699714187135e-05,0.07289655263593431,0.057128245472455236,4.6490699713948183e-05,3.1309803252764796e-17,1.364332836127713e-16
377.68,"[0.06062, 0.0456, 0.3733284718687231]",0.0456,0.3733284718687231,4.64906996000604e-05,-0.11814600208971515,-0.09507169146502067,-4.6490699601214265e-05,0.2907621791853841,0.23601248632542193,-4.649069917753822e-05,-0.13069362250839373,-0.07609647875726622,4.6490699547431386e-05,-0.5029853818466284,-0.3658832248607787,-4.649069960128909e-05,0.07289655263593431,0.05798934578823902,4.649069959998538e-05,3.1309803252764796e-17,2.339929275588247e-16
377.7,"[0.06062, 0.0456, 0.3733284718687231]",0.0456,0.3733284718687231,4.64906995296324e-05,-0.11814600208971515,-0.09633053368130488,-4.64906995298169e-05,0.2907621791853841,0.23899878234651437,-4.649069910096171e-05,-0.13069362250839373,-0.07907042607037267,4.649069947972672e-05,-0.5029853818466284,-0.37335746428680183,-4.649069952982866e-05,0.07289655263593431,0.05880243636523079,4.649069952962035e-05,3.1309803252764796e-17,2.9371899309627e-16
377.72,"[0.06062, 0.0456, 0.37207446620890755]",0.0456,0.37207446620890755,4.649069944536478e-05,-0.11983624044367827,-0.09633053368130488,-4.649069944321372e-05,0.29483941409145614,0.23899878234651437,-4.6490699015241866e-05,-0.13535053810803474,-0.07907042607037267,4.649069940836739e-05,-0.5138010681497418,-0.37335746428680183,-4.6490699443073633e-05,0.07401383177303893,0.05880243636523079,4.6490699445504394e-05,3.210704508998879e-17,2.9371899309627e-16
377.74,"[0.06062, 0.0456, 0.37207446620890755]",0.0456,0.37207446620890755,4.6490699331860254e-05,-0.11983624044367827,-0.09760001277023378,-4.649069933294307e-05,0.29483941409145614,0.24201389787978897,-4.649069888077743e-05,-0.13535053810803474,-0.08210423713743595,4.649069927476796e-05,-0.5138010681497418,-0.3809356892372844,-4.6490699333012625e-05,0.07401383177303893,0.05962373678910339,4.649069933178998e-05,3.210704508998879e-17,2.2204094201902045e-16
377.76,"[0.06062, 0.0456, 0.37081855146449477]",0.0456,0.37081855146449477,4.6490699243070506e-05,-0.12150245959509777,-0.09760001277023378,-4.649069924096954e-05,0.2988566229965341,0.24201389787978897,-4.649069879465878e-05,-0.1400054280276992,-0.08210423713743595,4.6490699206254124e-05,-0.5245364005053458,-0.3809356892372844,-4.6490699240833404e-05,0.07511725420667592,0.05962373678910339,4.649069924320717e-05,3.23541881900152e-17,2.2204094201902045e-16
377.78,"[0.06062, 0.0456, 0.37081855146449477]",0.0456,0.37081855146449477,4.649069912928461e-05,-0.12150245959509777,-0.09888656415245152,-4.649069913032913e-05,0.2988566229965341,0.24507278347374498,-4.6490698659480364e-05,-0.1400054280276992,-0.08521444990999678,4.6490699071985755e-05,-0.5245364005053458,-0.3886575705064141,-4.6490699130397127e-05,0.07511725420667592,0.06045743158191027,4.649069912921718e-05,3.23541881900152e-17,1.3608164170661693e-16
377.8,"[0.06062, 0.0456, 0.37081855146449477]",0.0456,0.37081855146449477,4.649069904216603e-05,-0.12150245959509777,-0.09888656415245152,-4.649069904000532e-05,0.2988566229965341,0.24507278347374498,-4.649069857625631e-05,-0.1400054280276992,-0.08521444990999678,4.649069900653131e-05,-0.5245364005053458,-0.3886575705064141,-4.649069903986504e-05,0.07511725420667592,0.06045743158191027,4.649069904230609e-05,3.23541881900152e-17,1.3608164170661693e-16
377.821,"[0.06062, 0.0456, 0.3695619670717091]",0.0456,0.3695619670717091,4.649069886587675e-05,-0.12314364073320425,-0.10018974745105154,-4.649069886705291e-05,0.30281045993766526,0.24817403126923918,-4.64906983726772e-05,-0.14465422632048103,-0.08840108477700095,4.649069880887877e-05,-0.5351831911765674,-0.3965216277231203,-4.6490698867128384e-05,0.07620605541746604,0.061303252456230695,4.6490698865799646e-05,3.292829815001552e-17,5.306033821121427e-17
377.84,"[0.06062, 0.0456, 0.3695619670717091]",0.0456,0.3695619670717091,4.649069884285783e-05,-0.12314364073320425,-0.10018974745105154,-4.649069884065476e-05,0.30281045993766526,0.24817403126923918,-4.649069835954953e-05,-0.14465422632048103,-0.08840108477700095,4.649069880827875e-05,-0.5351831911765674,-0.3965216277231203,-4.649069884051116e-05,0.07620605541746604,0.061303252456230695,4.649069884299995e-05,3.292829815001552e-17,5.306033821121427e-17
377.86,"[0.06062, 0.0456, 0.36830595312763675]",0.0456,0.36830595312763675,4.64906987290483e-05,-0.12475883134755379,-0.10150822169858258,-4.649069873003995e-05,0.306697787363251,0.2513140625649476,-4.649069822221988e-05,-0.14929289123980385,-0.09166184050081254,4.6490698671133545e-05,-0.5457335033489576,-0.404520801318937,-4.649069873010321e-05,0.07727951160459447,0.06216034102888893,4.649069872898348e-05,3.289736263693439e-17,-2.349492965614851e-17
377.88,"[0.06062, 0.0456, 0.36830595312763675]",0.0456,0.36830595312763675,4.6490698644106255e-05,-0.12475883134755379,-0.10150822169858258,-4.6490698641876824e-05,0.306697787363251,0.2513140625649476,-4.64906981433353e-05,-0.14929289123980385,-0.09166184050081254,4.649069861037966e-05,-0.5457335033489576,-0.404520801318937,-4.64906986417316e-05,0.07727951160459447,0.06216034102888893,4.64906986442508e-05,3.289736263693439e-17,-2.349492965614851e-17
377.9,"[0.06062, 0.0456, 0.36830595312763675]",0.0456,0.36830595312763675,4.649069852949401e-05,-0.12475883134755379,-0.10278724754154876,-4.6490698530474685e-05,0.306697787363251,0.25436023024815063,-4.649069800400616e-05,-0.14929289123980385,-0.0948260863759881,4.6490698470946056e-05,-0.5457335033489576,-0.41228187176701286,-4.6490698530537975e-05,0.07727951160459447,0.0629918250508236,4.649069852943002e-05,3.289736263693439e-17,8.866902449680609e-17
377.92,"[0.06062, 0.0456, 0.3670517491664004]",0.0456,0.3670517491664004,4.649069844192774e-05,-0.1263471424923417,-0.10278724754154876,-4.64906984398085e-05,0.3105156748216274,0.25436023024815063,-4.649069792212721e-05,-0.1539174049734986,-0.0948260863759881,4.649069840714504e-05,-0.5561796433860291,-0.41228187176701286,-4.649069843967032e-05,0.07833693843179972,0.0629918250508236,4.6490698442064686e-05,3.2327256124278154e-17,8.866902449680609e-17
377.941,"[0.06062, 0.0456, 0.3670517491664004]",0.0456,0.3670517491664004,4.649069830206515e-05,-0.1263471424923417,-0.10407040062701485,-4.6490698299968566e-05,0.3105156748216274,0.25741818812775547,-4.649069776842731e-05,-0.1539174049734986,-0.09803771425187999,4.6490698265978184e-05,-0.5561796433860291,-0.4201112323107234,-4.649069829983214e-05,0.07833693843179972,0.06382732692715423,4.649069830220064e-05,3.2327256124278154e-17,1.1489386145111166e-16
377.96,"[0.06062, 0.0456, 0.3658005929358877]",0.0456,0.3658005929358877,4.649069824657877e-05,-0.1279077461719913,-0.10407040062701485,-4.649069824689873e-05,0.31426139741345255,0.25741818812775547,-4.6490697695287195e-05,-0.15852377340712928,-0.09803771425187999,4.649069818953117e-05,-0.5665141534220282,-0.4201112323107234,-4.6490698246919455e-05,0.07937768982205595,0.06382732692715423,4.649069824655766e-05,3.24472324691032e-17,1.1489386145111166e-16
377.981,"[0.06062, 0.0456, 0.3658005929358877]",0.0456,0.3658005929358877,4.649069804483735e-05,-0.1279077461719913,-0.10533238605494281,-4.6490698046018934e-05,0.31426139741345255,0.26042726420366263,-4.649069747554609e-05,-0.15852377340712928,-0.10123483724248952,4.649069798573092e-05,-0.5665141534220282,-0.4278560863828255,-4.6490698046095004e-05,0.07937768982205595,0.06465040259570085,4.649069804475993e-05,3.24472324691032e-17,-1.4964524346564978e-16
378.0,"[0.06062, 0.0456, 0.3658005929358877]",0.0456,0.3658005929358877,4.6490698023789035e-05,-0.1279077461719913,-0.10533238605494281,-4.649069802173485e-05,0.31426139741345255,0.26042726420366263,-4.649069746762508e-05,-0.15852377340712928,-0.10123483724248952,4.6490697990719914e-05,-0.5665141534220282,-0.4278560863828255,-4.649069802160106e-05,0.07937768982205595,0.06465040259570085,4.6490698023921545e-05,3.24472324691032e-17,-1.4964524346564978e-16
378.02,"[0.06062, 0.0456, 0.3645537191762443]",0.0456,0.3645537191762443,4.649069790853028e-05,-0.12943987284476255,-0.1066227059929864,-4.649069790944949e-05,0.3179324340027225,0.26350485361013576,-4.649069732662812e-05,-0.16310802594034915,-0.10454000070172961,4.649069784974331e-05,-0.5767298043072149,-0.43581678037589167,-4.649069790950849e-05,0.08040115679954327,0.06549320869494414,4.6490697908470236e-05,3.253880957519219e-17,-2.612187870183618e-16
378.041,"[0.06062, 0.0456, 0.3645537191762443]",0.0456,0.3645537191762443,4.6490697774321034e-05,-0.12943987284476255,-0.1066227059929864,-4.649069777451646e-05,0.3179324340027225,0.26350485361013576,-4.6490697182959574e-05,-0.16310802594034915,-0.10454000070172961,4.6490697720538704e-05,-0.5767298043072149,-0.43581678037589167,-4.64906977745283e-05,0.08040115679954327,0.06549320869494414,4.6490697774307434e-05,3.253880957519219e-17,-2.612187870183618e-16
378.06,"[0.06062, 0.0456, 0.36331235840133413]",0.0456,0.36331235840133413,4.649069771037238e-05,-0.13094280903966773,-0.10792557639268577,-4.6490697711283934e-05,0.3215264651785118,0.2666129390255536,-4.64906971102145e-05,-0.16766621537897206,-0.10791489175117552,4.64906976511124e-05,-0.5868195889148435,-0.4438982796643712,-4.649069771134236e-05,0.08140676637660851,0.06634548535756873,4.6490697710312706e-05,3.202445668264845e-17,-3.4254949183960835e-16
378.08,"[0.06062, 0.0456, 0.36331235840133413]",0.0456,0.36331235840133413,4.649069762796447e-05,-0.13094280903966773,-0.10792557639268577,-4.649069762582692e-05,0.3215264651785118,0.2666129390255536,-4.649069703794573e-05,-0.16766621537897206,-0.10791489175117552,4.649069759744155e-05,-0.5868195889148435,-0.4438982796643712,-4.6490697625687636e-05,0.08140676637660851,0.06634548535756873,4.6490697628102534e-05,3.202445668264845e-17,-3.4254949183960835e-16
378.1,"[0.06062, 0.0456, 0.36331235840133413]",0.0456,0.36331235840133413,4.6490697511328525e-05,-0.13094280903966773,-0.10916421267321498,-4.649069751224188e-05,0.3215264651785118,0.2695678665257845,-4.649069689256326e-05,-0.16766621537897206,-0.11112573686319277,4.649069745121362e-05,-0.5868195889148435,-0.4515840593084468,-4.649069751230028e-05,0.08140676637660851,0.0671558246865535,4.649069751126813e-05,3.202445668264845e-17,-4.130566159161081e-16
378.12,"[0.06062, 0.0456, 0.3620777356843706]",0.0456,0.3620777356843706,4.649069742466536e-05,-0.13241589508079574,-0.10916421267321498,-4.649069742270696e-05,0.32504137095729435,0.2695678665257845,-4.649069681515689e-05,-0.17219441792437754,-0.11112573686319277,4.6490697392272136e-05,-0.5967767158138315,-0.4515840593084468,-4.649069742257894e-05,0.0823939804826711,0.0671558246865535,4.649069742479125e-05,3.184015047298747e-17,-4.130566159161081e-16
378.14,"[0.06062, 0.0456, 0.3620777356843706]",0.0456,0.3620777356843706,4.649069730608427e-05,-0.13241589508079574,-0.11041334574603207,-4.649069730699778e-05,0.32504137095729435,0.27254791971677333,-4.649069666870456e-05,-0.17219441792437754,-0.11440075319961311,4.64906972457154e-05,-0.5967767158138315,-0.4593775168007904,-4.649069730705677e-05,0.0823939804826711,0.06797425757610108,4.649069730602456e-05,3.184015047298747e-17,-5.090305396679665e-16
378.16,"[0.06062, 0.0456, 0.36085106944891776]",0.0456,0.36085106944891776,4.649069722118564e-05,-0.13385852291218026,-0.11041334574603207,-4.6490697219213696e-05,0.32847522821391206,0.27254791971677333,-4.649069659446423e-05,-0.17668873328076962,-0.11440075319961311,4.6490697190154604e-05,-0.6065946033065893,-0.4593775168007904,-4.6490697219085957e-05,0.0833622949314144,0.06797425757610108,4.649069722131351e-05,3.139736708587746e-17,-5.090305396679665e-16
378.18,"[0.06062, 0.0456, 0.36085106944891776]",0.0456,0.36085106944891776,4.649069710288724e-05,-0.13385852291218026,-0.11167183231134394,-4.6490697103784986e-05,0.32847522821391206,0.2755499319805533,-4.6490696447123046e-05,-0.17668873328076962,-0.11773785461411936,4.649069704232971e-05,-0.6065946033065893,-0.46727245790122945,-4.649069710384336e-05,0.0833622949314144,0.06880004084037197,4.6490697102829085e-05,3.139736708587746e-17,-5.996693535768293e-16
378.2,"[0.06062, 0.0456, 0.36085106944891776]",0.0456,0.36085106944891776,4.6490697019301384e-05,-0.13385852291218026,-0.11167183231134394,-4.649069701732389e-05,0.32847522821391206,0.2755499319805533,-4.6490696375327124e-05,-0.17668873328076962,-0.11773785461411936,4.649069698936458e-05,-0.6065946033065893,-0.46727245790122945,-4.649069701719566e-05,0.0833622949314144,0.06880004084037197,4.6490697019429754e-05,3.139736708587746e-17,-5.996693535768293e-16
378.22,"[0.06062, 0.0456, 0.3596335702664526]",0.0456,0.3596335702664526,4.649069690059371e-05,-0.13527013401560042,-0.11293799715196522,-4.649069690148081e-05,0.33182630782794054,0.2785694634560788,-4.6490696226327394e-05,-0.1811452848997044,-0.12113316896836827,4.649069683956107e-05,-0.6162668738276498,-0.47525891736637743,-4.649069690153789e-05,0.08431123842210582,0.06963206941568978,4.649069690053568e-05,3.1259417362148925e-17,-6.833617890418e-16
378.24,"[0.06062, 0.0456, 0.3596335702664526]",0.0456,0.3596335702664526,4.649069681766507e-05,-0.13527013401560042,-0.11293799715196522,-4.6490696815691035e-05,0.33182630782794054,0.2785694634560788,-4.649069615628951e-05,-0.1811452848997044,-0.12113316896836827,4.649069678856386e-05,-0.6162668738276498,-0.47525891736637743,-4.649069681556285e-05,0.08431123842210582,0.06963206941568978,4.649069681779301e-05,3.1259417362148925e-17,-6.833617890418e-16
378.26,"[0.06062, 0.0456, 0.3584264396616778]",0.0456,0.3584264396616778,4.6490696698007686e-05,-0.13665021741314565,-0.11421004834382505,-4.6490696698887245e-05,0.3350930715313347,0.28160179907699373,-4.649069600507678e-05,-0.18556022038017017,-0.12458229513931202,4.649069663629165e-05,-0.6257873486955016,-0.48332594505333976,-4.649069669894444e-05,0.08524037157050354,0.07046915438288719,4.649069669795033e-05,3.0819704843735855e-17,-7.616948202508658e-16
378.28,"[0.06062, 0.0456, 0.3584264396616778]",0.0456,0.3584264396616778,4.6490696615261844e-05,-0.13665021741314565,-0.11421004834382505,-4.649069661329854e-05,0.3350930715313347,0.28160179907699373,-4.6490695936301314e-05,-0.18556022038017017,-0.12458229513931202,4.6490696586806734e-05,-0.6257873486955016,-0.48332594505333976,-4.6490696613171136e-05,0.08524037157050354,0.07046915438288719,4.649069661538882e-05,3.0819704843735855e-17,-7.616948202508658e-16
378.3,"[0.06062, 0.0456, 0.3584264396616778]",0.0456,0.3584264396616778,4.649069649428668e-05,-0.13665021741314565,-0.11544405105961485,-4.6490696495160615e-05,0.3350930715313347,0.2845434150012633,-4.6490695782510956e-05,-0.18556022038017017,-0.1279293320312125,4.64906964317493e-05,-0.6257873486955016,-0.4911529142497226,-4.64906964952169e-05,0.08524037157050354,0.07128123576293159,4.649069649422941e-05,3.0819704843735855e-17,-6.119585847557566e-16
378.32,"[0.06062, 0.0456, 0.3572308689267617]",0.0456,0.3572308689267617,4.6490696417990784e-05,-0.1379983077459808,-0.11544405105961485,-4.6490696418296854e-05,0.3382741684428112,0.2845434150012633,-4.6490695700208464e-05,-0.18992971204132308,-0.1279293320312125,4.6490696358030386e-05,-0.6351500432073038,-0.4911529142497226,-4.649069641831641e-05,0.0861492859645341,0.07128123576293159,4.649069641797043e-05,3.0641960021221993e-17,-6.119585847557566e-16
378.34,"[0.06062, 0.0456, 0.3572308689267617]",0.0456,0.3572308689267617,4.6490696270390285e-05,-0.1379983077459808,-0.11666450855538993,-4.649069627148249e-05,0.3382741684428112,0.2874510823864822,-4.649069553649647e-05,-0.18992971204132308,-0.13127774692961833,4.649069620458954e-05,-0.6351500432073038,-0.49893740338433135,-4.649069627155252e-05,0.0861492859645341,0.07208557043484,4.6490696270318775e-05,3.0641960021221993e-17,-7.074527624250826e-16
378.36,"[0.06062, 0.0456, 0.3560480379456765]",0.0456,0.3560480379456765,4.649069618382458e-05,-0.13931398342052503,-0.11666450855538993,-4.649069618201191e-05,0.3413684312744405,0.2874510823864822,-4.6490695466485295e-05,-0.19424995768376202,-0.13127774692961833,4.649069615511094e-05,-0.6443491620639336,-0.49893740338433135,-4.649069618189352e-05,0.0870376032397347,0.07208557043484,4.649069618394112e-05,3.0988036580102896e-17,-7.074527624250826e-16
378.38,"[0.06062, 0.0456, 0.3560480379456765]",0.0456,0.3560480379456765,4.649069606278056e-05,-0.13931398342052503,-0.1178699485180521,-4.649069606360782e-05,0.3413684312744405,0.2903208625800834,-4.649069531284917e-05,-0.19424995768376202,-0.1346238438048435,4.6490696000544894e-05,-0.6443491620639336,-0.506670304972614,-4.649069606366106e-05,0.0870376032397347,0.07288117488164986,4.6490696062725996e-05,3.0988036580102896e-17,-9.14502328087251e-16
378.4,"[0.06062, 0.0456, 0.3560480379456765]",0.0456,0.3560480379456765,4.649069597992573e-05,-0.13931398342052503,-0.1178699485180521,-4.6490695978141516e-05,0.3413684312744405,0.2903208625800834,-4.649069524541598e-05,-0.19424995768376202,-0.1346238438048435,4.649069595234246e-05,-0.6443491620639336,-0.506670304972614,-4.649069597802516e-05,0.0870376032397347,0.07288117488164986,4.6490695980040625e-05,3.0988036580102896e-17,-9.14502328087251e-16
378.42,"[0.06062, 0.0456, 0.35487911402979583]",0.0456,0.35487911402979583,4.649069585891266e-05,-0.140596864813156,-0.11911276099132184,-4.649069585973062e-05,0.3443748721963495,0.2932772219323845,-4.6490695090759673e-05,-0.19851718155391235,-0.13810904578042835,4.649069579650232e-05,-0.65337909511096,-0.5146830273331889,-4.6490695859782546e-05,0.0879049741693685,0.07370247977076409,4.649069585885848e-05,3.0618645541579995e-17,-8.084193588538808e-16
378.44,"[0.06062, 0.0456, 0.35487911402979583]",0.0456,0.35487911402979583,4.6490695778682164e-05,-0.140596864813156,-0.11911276099132184,-4.6490695776834385e-05,0.3443748721963495,0.2932772219323845,-4.64906950276941e-05,-0.19851718155391235,-0.13810904578042835,4.64906957530045e-05,-0.65337909511096,-0.5146830273331889,-4.6490695776713334e-05,0.0879049741693685,0.07370247977076409,4.649069577880119e-05,3.0618645541579995e-17,-8.084193588538808e-16
378.46,"[0.06062, 0.0456, 0.3537252507658986]",0.0456,0.3537252507658986,4.6490695657315875e-05,-0.14184661252460518,-0.12026148211095611,-4.649069565812495e-05,0.34729267834631206,0.2960095185992835,-4.64906948707362e-05,-0.2027276355247355,-0.14133520930999696,4.6490695594211575e-05,-0.6622344133797424,-0.5220946038832447,-4.649069565817695e-05,0.08875107776411352,0.07446175075370275,4.6490695657262864e-05,3.120715496779774e-17,-9.853322623535901e-16
378.48,"[0.06062, 0.0456, 0.3537252507658986]",0.0456,0.3537252507658986,4.649069551701573e-05,-0.14184661252460518,-0.12026148211095611,-4.649069551725821e-05,0.34729267834631206,0.2960095185992835,-4.649069472226405e-05,-0.2027276355247355,-0.14133520930999696,4.649069546062304e-05,-0.6622344133797424,-0.5220946038832447,-4.649069551727379e-05,0.08875107776411352,0.07446175075370275,4.64906955169996e-05,3.120715496779774e-17,-9.853322623535901e-16
378.5,"[0.06062, 0.0456, 0.3537252507658986]",0.0456,0.3537252507658986,4.6490695447662244e-05,-0.14184661252460518,-0.12144576216376671,-4.649069544846771e-05,0.34729267834631206,0.2988236597852226,-4.649069464271448e-05,-0.2027276355247355,-0.14469615909661546,4.649069538471681e-05,-0.6622344133797424,-0.5297750799453436,-4.6490695448519184e-05,0.08875107776411352,0.07524552469954661,4.6490695447609104e-05,3.120715496779774e-17,-8.941018742173519e-16
378.52,"[0.06062, 0.0456, 0.3525875868777188]",0.0456,0.3525875868777188,4.649069537702948e-05,-0.1430629256753616,-0.12144576216376671,-4.649069537730489e-05,0.35012120697224375,0.2988236597852226,-4.6490694567412e-05,-0.20687760050449772,-0.14469615909661546,4.6490695317582276e-05,-0.6709098654116978,-0.5297750799453436,-4.649069537732219e-05,0.0895756203763031,0.07524552469954661,4.649069537701086e-05,3.183182112855156e-17,-8.941018742173519e-16
378.54,"[0.06062, 0.0456, 0.3525875868777188]",0.0456,0.3525875868777188,4.649069522768812e-05,-0.1430629256753616,-0.12261475264111746,-4.649069522867394e-05,0.35012120697224375,0.30159819294386686,-4.6490694401217466e-05,-0.20687760050449772,-0.14805162190591575,4.649069516163116e-05,-0.6709098654116978,-0.5373991610246919,-4.649069522873716e-05,0.0895756203763031,0.0760202466458024,4.649069522762336e-05,3.183182112855156e-17,-1.0103437494978874e-15
378.56,"[0.06062, 0.0456, 0.3514672451021621]",0.0456,0.3514672451021621,4.649069515695758e-05,-0.1442455402336827,-0.12261475264111746,-4.649069515723187e-05,0.35285998019728154,0.30159819294386686,-4.649069432830309e-05,-0.21096338808377735,-0.14805162190591575,4.649069509792788e-05,-0.6794003738480088,-0.5373991610246919,-4.6490695157249334e-05,0.09037833480384969,0.0760202466458024,4.64906951569393e-05,3.20391396151364e-17,-1.0103437494978874e-15
378.58,"[0.06062, 0.0456, 0.3514672451021621]",0.0456,0.3514672451021621,4.649069500871492e-05,-0.1442455402336827,-0.12378099235963771,-4.6490695009661005e-05,0.35285998019728154,0.30436261165335404,-4.649069416340935e-05,-0.21096338808377735,-0.1514362136817848,4.6490694943255296e-05,-0.6794003738480088,-0.5450469685345354,-4.6490695009722154e-05,0.09037833480384969,0.07679416496087543,4.649069500865373e-05,3.20391396151364e-17,-1.153811354814824e-15
378.6,"[0.06062, 0.0456, 0.3514672451021621]",0.0456,0.3514672451021621,4.649069494152072e-05,-0.1442455402336827,-0.12378099235963771,-4.64906949417683e-05,0.35285998019728154,0.30436261165335404,-4.649069409449185e-05,-0.21096338808377735,-0.1514362136817848,4.6490694883253305e-05,-0.6794003738480088,-0.5450469685345354,-4.649069494178362e-05,0.09037833480384969,0.07679416496087543,4.6490694941503896e-05,3.20391396151364e-17,-1.153811354814824e-15
378.62,"[0.06062, 0.0456, 0.3503653310813006]",0.0456,0.3503653310813006,4.6490694794149206e-05,-0.14539422736819219,-0.12494463998769019,-4.649069479506172e-05,0.3555086793991666,0.307116974843383,-4.649069393026818e-05,-0.21498134242922112,-0.15484998269223998,4.649069472908048e-05,-0.6877010322665307,-0.5527189812909983,-4.649069479512027e-05,0.09115897938921443,0.07756735231998384,4.6490694794089474e-05,3.253062702066673e-17,-1.2967866732049158e-15
378.64,"[0.06062, 0.0456, 0.3503653310813006]",0.0456,0.3503653310813006,4.6490694729834205e-05,-0.14539422736819219,-0.126072910746854,-4.6490694730063405e-05,0.3555086793991666,0.30978749618112933,-4.6490693864594745e-05,-0.21498134242922112,-0.1581610859580109,4.649069467207185e-05,-0.6877010322665307,-0.5601590116724666,-4.649069473007749e-05,0.09115897938921443,0.07831706448161746,4.64906947298184e-05,3.253062702066673e-17,-1.1839670943961476e-15
378.66,"[0.06062, 0.0456, 0.3492829322712371]",0.0456,0.3492829322712371,4.649069464304212e-05,-0.14650879181751703,-0.126072910746854,-4.6490694641581435e-05,0.35806713919801997,0.30978749618112933,-4.649069378922029e-05,-0.2189278424307705,-0.1581610859580109,4.649069461344317e-05,-0.6958071022473701,-0.5601590116724666,-4.6490694641486046e-05,0.09191733710908455,0.07831706448161746,4.6490694643136764e-05,3.223285526617533e-17,-1.1839670943961476e-15
378.68,"[0.06062, 0.0456, 0.3492829322712371]",0.0456,0.3492829322712371,4.649069450684911e-05,-0.14650879181751703,-0.12718141150078882,-4.64906945076751e-05,0.35806713919801997,0.3124070071446563,-4.6490693614243275e-05,-0.2189278424307705,-0.16145055008238587,4.6490694437800345e-05,-0.6958071022473701,-0.5675094242973352,-4.6490694507727644e-05,0.09191733710908455,0.07905460001509337,4.6490694506795224e-05,3.223285526617533e-17,-1.3377646642649349e-15
378.7,"[0.06062, 0.0456, 0.3492829322712371]",0.0456,0.3492829322712371,4.6490694413752124e-05,-0.14650879181751703,-0.12718141150078882,-4.6490694412383244e-05,0.35806713919801997,0.3124070071446563,-4.6490693540732247e-05,-0.2189278424307705,-0.16145055008238587,4.649069438502737e-05,-0.6958071022473701,-0.5675094242973352,-4.6490694412293696e-05,0.09191733710908455,0.07905460001509337,4.649069441384059e-05,3.223285526617533e-17,-1.3377646642649349e-15
378.72,"[0.06062, 0.0456, 0.3482211168689176]",0.0456,0.3482211168689176,4.649069428058458e-05,-0.14758907026998955,-0.1282840766866188,-4.6490694281365855e-05,0.3605353410493376,0.3150082593212632,-4.6490693369368604e-05,-0.22279930410717733,-0.1647582958944625,4.649069421305175e-05,-0.7037140106485764,-0.5748609205375104,-4.6490694281416053e-05,0.09265321465078123,0.079789171641527,4.6490694280533106e-05,3.2603529537312435e-17,-1.5214189487508231e-15
378.74,"[0.06062, 0.0456, 0.3482211168689176]",0.0456,0.3482211168689176,4.649069419243803e-05,-0.14758907026998955,-0.1282840766866188,-4.6490694191065265e-05,0.3605353410493376,0.3150082593212632,-4.6490693302080416e-05,-0.22279930410717733,-0.1647582958944625,4.6490694166245804e-05,-0.7037140106485764,-0.5748609205375104,-4.6490694190975825e-05,0.09265321465078123,0.079789171641527,4.6490694192526674e-05,3.2603529537312435e-17,-1.5214189487508231e-15
378.76,"[0.06062, 0.0456, 0.3471809327579497]",0.0456,0.3471809327579497,4.6490694062811764e-05,-0.14863492974709003,-0.12935265040369606,-4.649069406355119e-05,0.3629134064420674,0.31752896678229,-4.649069313354273e-05,-0.22659218327261785,-0.16796483862417794,4.649069399653227e-05,-0.7114173470735775,-0.5819863200726825,-4.6490694063599336e-05,0.09336644147185678,0.0805010604738789,4.6490694062763904e-05,3.2653805792386186e-17,-1.4458281934969226e-15
378.78,"[0.06062, 0.0456, 0.3471809327579497]",0.0456,0.3471809327579497,4.6490693975464466e-05,-0.14863492974709003,-0.12935265040369606,-4.6490693974148916e-05,0.3629134064420674,0.31752896678229,-4.649069306644998e-05,-0.22659218327261785,-0.16796483862417794,4.6490693949464736e-05,-0.7114173470735775,-0.5819863200726825,-4.649069397406356e-05,0.09336644147185678,0.0805010604738789,4.649069397555031e-05,3.2653805792386186e-17,-1.4458281934969226e-15
378.8,"[0.06062, 0.0456, 0.3471809327579497]",0.0456,0.3471809327579497,4.649069384801122e-05,-0.14863492974709003,-0.13040798942828774,-4.649069384871805e-05,0.3629134064420674,0.3200137304133512,-4.649069290108512e-05,-0.22659218327261785,-0.17116682937316105,4.649069378308461e-05,-0.7114173470735775,-0.5890626720812898,-4.64906938487636e-05,0.09336644147185678,0.08120502081346476,4.649069384796505e-05,3.2653805792386186e-17,-1.485257685621177e-15
378.82,"[0.06062, 0.0456, 0.34616340647446786]",0.0456,0.34616340647446786,4.6490693777738984e-05,-0.14964626598503317,-0.13040798942828774,-4.6490693778021554e-05,0.36520158970494926,0.3200137304133512,-4.649069282731165e-05,-0.23030297846507108,-0.17116682937316105,4.6490693717406514e-05,-0.718912861512343,-0.5890626720812898,-4.6490693778039396e-05,0.09405686883982153,0.08120502081346476,4.649069377772007e-05,3.235646744495552e-17,-1.485257685621177e-15
378.84,"[0.06062, 0.0456, 0.34616340647446786]",0.0456,0.34616340647446786,4.6490693623650416e-05,-0.14964626598503317,-0.13145112533783268,-4.6490693624489446e-05,0.36520158970494926,0.3224648177132985,-4.649069265585103e-05,-0.23030297846507108,-0.17436630324073799,4.649069355661876e-05,-0.718912861512343,-0.5960955843721852,-4.649069362454369e-05,0.09405686883982153,0.08190169407700713,4.649069362359568e-05,3.235646744495552e-17,-1.6798880260733306e-15
378.86,"[0.06062, 0.0456, 0.3451695421940665]",0.0456,0.3451695421940665,4.6490693556081724e-05,-0.15062300180970065,-0.1325100950332404,-4.649069355634457e-05,0.3674002704278706,0.32494814906218566,-4.649069258776765e-05,-0.2339282341348832,-0.1776468818364979,4.6490693497477316e-05,-0.7261964621388064,-0.6032713584283214,-4.649069355636129e-05,0.0947243688494781,0.08260972788145951,4.6490693556064376e-05,3.23631473058405e-17,-1.6251352270888389e-15
378.88,"[0.06062, 0.0456, 0.3451695421940665]",0.0456,0.3451695421940665,4.649069347168872e-05,-0.15062300180970065,-0.1325100950332404,-4.649069347045974e-05,0.3674002704278706,0.32494814906218566,-4.6490692518567045e-05,-0.2339282341348832,-0.1776468818364979,4.649069344543145e-05,-0.7261964621388064,-0.6032713584283214,-4.649069347038001e-05,0.0947243688494781,0.08260972788145951,4.649069347176814e-05,3.23631473058405e-17,-1.6251352270888389e-15
378.9,"[0.06062, 0.0456, 0.3451695421940665]",0.0456,0.3451695421940665,4.649069333519377e-05,-0.15062300180970065,-0.13349785750882948,-4.649069333592572e-05,0.3674002704278706,0.3272639689859773,-4.649069234014039e-05,-0.2339282341348832,-0.18071066728505678,4.6490693265830157e-05,-0.7261964621388064,-0.6099688502831229,-4.649069333597311e-05,0.0947243688494781,0.08327024702758706,4.649069333514567e-05,3.23631473058405e-17,-1.8122123155275408e-15
378.92,"[0.06062, 0.0456, 0.3442003207407997]",0.0456,0.3442003207407997,4.649069324063534e-05,-0.15156508550098238,-0.13349785750882948,-4.649069323957148e-05,0.369509945508793,0.3272639689859773,-4.649069226652595e-05,-0.23746454408960532,-0.18071066728505678,4.6490693212710986e-05,-0.7332642132478169,-0.6099688502831229,-4.6490693239502374e-05,0.09536883341593637,0.08327024702758706,4.649069324070431e-05,3.233879123128008e-17,-1.8122123155275408e-15
378.94,"[0.06062, 0.0456, 0.3442003207407997]",0.0456,0.3442003207407997,4.649069310745465e-05,-0.15156508550098238,-0.13447751058929264,-4.6490693108139856e-05,0.369509945508793,0.3295555758423129,-4.6490692094735136e-05,-0.23746454408960532,-0.18378180357389332,4.6490693040698916e-05,-0.7332642132478169,-0.6166473534944258,-4.649069310818345e-05,0.09536883341593637,0.08392611282581781,4.6490693107409056e-05,3.233879123128008e-17,-2.0557889535496043e-15
378.96,"[0.06062, 0.0456, 0.3432566986192263]",0.0456,0.3432566986192263,4.649069302053863e-05,-0.1524724891434936,-0.13447751058929264,-4.6490693019462614e-05,0.3715312208407485,0.3295555758423129,-4.649069203023893e-05,-0.24090855518873155,-0.18378180357389332,4.6490692996227355e-05,-0.7401123333156976,-0.6166473534944258,-4.649069301939202e-05,0.09599017324200142,0.08392611282581781,4.649069302060749e-05,3.270634989154086e-17,-2.0557889535496043e-15
378.98,"[0.06062, 0.0456, 0.3432566986192263]",0.0456,0.3432566986192263,4.6490692893687735e-05,-0.1524724891434936,-0.1354503017099122,-4.649069289432257e-05,0.3715312208407485,0.3318257547247831,-4.6490691864353206e-05,-0.24090855518873155,-0.18686348614959536,4.649069282934165e-05,-0.7401123333156976,-0.6233145060374016,-4.6490692894363404e-05,0.09599017324200142,0.08457812778821436,4.649069289364583e-05,3.270634989154086e-17,-2.287519525061428e-15
379.001,"[0.06062, 0.0456, 0.34233960707045547]",0.0456,0.34233960707045547,4.649069276095548e-05,-0.1524724891434936,-0.1354503017099122,-4.6490692761167025e-05,0.3715312208407485,0.3318257547247831,-4.649069172676052e-05,-0.24090855518873155,-0.18686348614959536,4.649069270612296e-05,-0.7401123333156976,-0.6233145060374016,-4.649069276117973e-05,0.09599017324200142,0.08457812778821436,4.6490692760940535e-05,3.270634989154086e-17,-2.287519525061428e-15
379.02,"[0.06062, 0.0456, 0.34233960707045547]",0.0456,0.34233960707045547,4.649069269054799e-05,-0.15334520696159856,-0.13643663543735265,-4.649069269114571e-05,0.37346480265752563,0.33412223124506163,-4.6490691644973096e-05,-0.24425697127947446,-0.1900182326088308,4.649069262788204e-05,-0.7467371931695301,-0.6301077336148753,-4.649069269118367e-05,0.09658831675929476,0.08523990307611115,4.649069269050835e-05,3.253497627573198e-17,-2.253604509272975e-15
379.04,"[0.06062, 0.0456, 0.34233960707045547]",0.0456,0.34233960707045547,4.6490692615502796e-05,-0.15334520696159856,-0.13643663543735265,-4.649069261439738e-05,0.37346480265752563,0.33412223124506163,-4.6490691594785906e-05,-0.24425697127947446,-0.1900182326088308,4.6490692597056276e-05,-0.7467371931695301,-0.6301077336148753,-4.649069261432429e-05,0.09658831675929476,0.08523990307611115,4.649069261557304e-05,3.253497627573198e-17,-2.253604509272975e-15
379.06,"[0.06062, 0.0456, 0.34144995115312393]",0.0456,0.34144995115312393,4.649069249630495e-05,-0.1541832536376502,-0.13736426841526708,-4.6490692496875094e-05,0.37531148856083074,0.3362814604835172,-4.649069143466474e-05,-0.24750655736213048,-0.19298875500178564,4.64906924345425e-05,-0.7531353142513584,-0.6365005720817676,-4.649069249691121e-05,0.09716320904315853,0.08586237624598866,4.649069249626702e-05,3.2692653717361204e-17,-2.280182696431675e-15
379.08,"[0.06062, 0.0456, 0.34144995115312393]",0.0456,0.34144995115312393,4.6490692432744223e-05,-0.1541832536376502,-0.13736426841526708,-4.649069243298767e-05,0.37531148856083074,0.3362814604835172,-4.649069136854455e-05,-0.24750655736213048,-0.19298875500178564,4.649069237573421e-05,-0.7531353142513584,-0.6365005720817676,-4.649069243300297e-05,0.09716320904315853,0.08586237624598866,4.649069243272785e-05,3.2692653717361204e-17,-2.280182696431675e-15
379.1,"[0.06062, 0.0456, 0.34144995115312393]",0.0456,0.34144995115312393,4.649069228439812e-05,-0.1541832536376502,-0.1382776554188377,-4.649069228507575e-05,0.37531148856083074,0.33840205569204,-4.6490691203254725e-05,-0.24750655736213048,-0.19594363803366208,4.649069222067824e-05,-0.7531353142513584,-0.6428282295331037,-4.649069228511891e-05,0.09716320904315853,0.08647595617899673,4.649069228435365e-05,3.2692653717361204e-17,-2.492234035629162e-15
379.12,"[0.06062, 0.0456, 0.3405886088502127]",0.0456,0.3405886088502127,4.6490692224007495e-05,-0.15498666261337032,-0.1382776554188377,-4.6490692224231695e-05,0.3770721582559462,0.33840205569204,-4.649069114362711e-05,-0.25065414397100017,-0.19594363803366208,4.64906921692271e-05,-0.7593033669647513,-0.6428282295331037,-4.649069222424512e-05,0.09771481070210472,0.08647595617899673,4.649069222399171e-05,3.24705217368599e-17,-2.492234035629162e-15
379.14,"[0.06062, 0.0456, 0.3405886088502127]",0.0456,0.3405886088502127,4.649069208095803e-05,-0.15498666261337032,-0.13920209341809314,-4.649069208159037e-05,0.3770721582559462,0.34054292592146457,-4.6490690984102005e-05,-0.25065414397100017,-0.19896257602987266,4.649069201952851e-05,-0.7593033669647513,-0.6492635296753938,-4.64906920816311e-05,0.09771481070210472,0.08709757488549291,4.6490692080916356e-05,3.24705217368599e-17,-2.4603298694584075e-15
379.16,"[0.06062, 0.0456, 0.3397564302025836]",0.0456,0.3397564302025836,4.649069202831011e-05,-0.15575548437531164,-0.13920209341809314,-4.649069202849726e-05,0.378747764027088,0.34054292592146457,-4.6490690932767174e-05,-0.25369663175419915,-0.19896257602987266,4.649069197567728e-05,-0.7652381690924263,-0.6492635296753938,-4.649069202850898e-05,0.09824309674328162,0.08709757488549291,4.649069202829706e-05,3.2804657310342336e-17,-2.4603298694584075e-15
379.18,"[0.06062, 0.0456, 0.3397564302025836]",0.0456,0.3397564302025836,4.649069188879885e-05,-0.15575548437531164,-0.1400889334782911,-4.649069188939853e-05,0.378747764027088,0.34259070612408116,-4.6490690776501894e-05,-0.25369663175419915,-0.20188965984030735,4.649069182874251e-05,-0.7652381690924263,-0.6554710229852515,-4.6490691889437125e-05,0.09824309674328162,0.08769457471729242,4.64906918887597e-05,3.2804657310342336e-17,-2.75823203653966e-15
379.2,"[0.06062, 0.0456, 0.3397564302025836]",0.0456,0.3397564302025836,4.6490691837589025e-05,-0.15575548437531164,-0.1400889334782911,-4.649069183777202e-05,0.378747764027088,0.34259070612408116,-4.649069072667264e-05,-0.25369663175419915,-0.20188965984030735,4.649069178618046e-05,-0.7652381690924263,-0.6554710229852515,-4.6490691837783816e-05,0.09824309674328162,0.08769457471729242,4.649069183757736e-05,3.2804657310342336e-17,-2.75823203653966e-15
379.22,"[0.06062, 0.0456, 0.33895423647009176]",0.0456,0.33895423647009176,4.6490691701017167e-05,-0.15648978472636338,-0.14095535365839867,-4.649069170158707e-05,0.3803393209878134,0.34459131555713646,-4.649069057368534e-05,-0.2566309962331276,-0.20474943644715032,4.649069164233721e-05,-0.7709366842750527,-0.6615356842843969,-4.649069170162354e-05,0.09874805541616385,0.08827783015858869,4.649069170097984e-05,3.2782156975673005e-17,-2.725304394023336e-15
379.24,"[0.06062, 0.0456, 0.33895423647009176]",0.0456,0.33895423647009176,4.649069165115598e-05,-0.15648978472636338,-0.141805939670355,-4.649069165132533e-05,0.3803393209878134,0.3465497794266014,-4.649069052528491e-05,-0.2566309962331276,-0.20758456848129833,4.6490691601030734e-05,-0.7709366842750527,-0.6675197377748872,-4.649069165133586e-05,0.09874805541616385,0.0888510046276624,4.649069165114454e-05,3.2782156975673005e-17,-2.781461950465726e-15
379.26,"[0.06062, 0.0456, 0.33818281932110106]",0.0456,0.33818281932110106,4.649069158151213e-05,-0.15718964304626454,-0.141805939670355,-4.649069158068517e-05,0.38184789714580675,0.3465497794266014,-4.649069047213569e-05,-0.2594542927198087,-0.20758456848129833,4.6490691562778245e-05,-0.7763960205427439,-0.6675197377748872,-4.64906915806311e-05,0.09922968703737214,0.0888510046276624,4.649069158156523e-05,3.306591678390471e-17,-2.781461950465726e-15
379.28,"[0.06062, 0.0456, 0.33818281932110106]",0.0456,0.33818281932110106,4.6490691461935876e-05,-0.15718964304626454,-0.1426408003746712,-4.649069146244158e-05,0.38184789714580675,0.34846650981702576,-4.649069031223234e-05,-0.2594542927198087,-0.21039380019824677,4.649069140114446e-05,-0.7763960205427439,-0.6734221239381661,-4.649069146247395e-05,0.09922968703737214,0.08941412650463615,4.6490691461902916e-05,3.306591678390471e-17,-2.9853709940893907e-15
379.3,"[0.06062, 0.0456, 0.33818281932110106]",0.0456,0.33818281932110106,4.649069138699411e-05,-0.15718964304626454,-0.1426408003746712,-4.649069138622026e-05,0.38184789714580675,0.34846650981702576,-4.6490690262013994e-05,-0.2594542927198087,-0.21039380019824677,4.6490691369408335e-05,-0.7763960205427439,-0.6734221239381661,-4.6490691386169735e-05,0.09922968703737214,0.08941412650463615,4.649069138704416e-05,3.306591678390471e-17,-2.9853709940893907e-15
379.32,"[0.06062, 0.0456, 0.33744294005120323]",0.0456,0.33744294005120323,4.6490691271691836e-05,-0.15785515054506652,-0.14346402072019884,-4.649069127216451e-05,0.38327460332518765,0.3503510728162713,-4.649069010736009e-05,-0.26216366136785896,-0.21318928162846204,4.649069121298683e-05,-0.781613428892219,-0.6792699321392415,-4.64906912721946e-05,0.09968800280022855,0.0899699086030925,4.649069127166099e-05,3.2898921208446135e-17,-3.198210678021968e-15
379.34,"[0.06062, 0.0456, 0.33744294005120323]",0.0456,0.33744294005120323,4.649069120184487e-05,-0.15785515054506652,-0.14346402072019884,-4.649069120108005e-05,0.38327460332518765,0.3503510728162713,-4.649069006287727e-05,-0.26216366136785896,-0.21318928162846204,4.649069118654825e-05,-0.781613428892219,-0.6792699321392415,-4.6490691201029935e-05,0.09968800280022855,0.0899699086030925,4.649069120189418e-05,3.2898921208446135e-17,-3.198210678021968e-15
379.36,"[0.06062, 0.0456, 0.336735328831911]",0.0456,0.336735328831911,4.6490691090840896e-05,-0.15848640851442436,-0.14427548056212045,-4.6490691091283644e-05,0.38462058299304513,0.3522033665274106,-4.649068991239733e-05,-0.2647563323305284,-0.21596918502149787,4.649069103384261e-05,-0.7865863019041093,-0.6850607166620871,-4.6490691091311724e-05,0.1001230235733167,0.09051823231138349,4.649069109081179e-05,3.277567486846204e-17,-3.399743934825165e-15
379.38,"[0.06062, 0.0456, 0.336735328831911]",0.0456,0.336735328831911,4.6490691024853973e-05,-0.15848640851442436,-0.14427548056212045,-4.649069102410423e-05,0.38462058299304513,0.3522033665274106,-4.649068987219239e-05,-0.2647563323305284,-0.21596918502149787,4.649069101130676e-05,-0.7865863019041093,-0.6850607166620871,-4.64906910240549e-05,0.1001230235733167,0.09051823231138349,4.649069102490219e-05,3.277567486846204e-17,-3.399743934825165e-15
379.4,"[0.06062, 0.0456, 0.336735328831911]",0.0456,0.336735328831911,4.649069091702305e-05,-0.15848640851442436,-0.14504468474648835,-4.6490690917441996e-05,0.38462058299304513,0.35395881269423085,-4.6490689724760606e-05,-0.2647563323305284,-0.21860619656526634,4.649069086131313e-05,-0.7865863019041093,-0.690551993372817,-4.649069091746909e-05,0.1001230235733167,0.0910380409494719,4.649069091699597e-05,3.277567486846204e-17,-3.5866008615923325e-15
379.42,"[0.06062, 0.0456, 0.33606068399006683]",0.0456,0.33606068399006683,4.649069085051281e-05,-0.15908352658247457,-0.14504468474648835,-4.6490690849824434e-05,0.38588700204015064,0.35395881269423085,-4.6490689682571053e-05,-0.2672296309970521,-0.21860619656526634,4.649069083623476e-05,-0.7913121723963243,-0.690551993372817,-4.649069084977951e-05,0.10053477869294196,0.0910380409494719,4.649069085055753e-05,3.278749385755912e-17,-3.5866008615923325e-15
379.44,"[0.06062, 0.0456, 0.33606068399006683]",0.0456,0.33606068399006683,4.649069074476247e-05,-0.15908352658247457,-0.14580308127399394,-4.6490690745160645e-05,0.38588700204015064,0.3556845290289067,-4.649068953906235e-05,-0.2672296309970521,-0.2212286645404885,4.649069069061442e-05,-0.7913121723963243,-0.6959905760028049,-4.649069074518566e-05,0.10053477869294196,0.09155098240774298,4.6490690744736004e-05,3.278749385755912e-17,-3.782635940595317e-15
379.46,"[0.06062, 0.0456, 0.3354196713186788]",0.0456,0.3354196713186788,4.649069068226036e-05,-0.1596466209788767,-0.14580308127399394,-4.649069068158591e-05,0.387075038568698,0.3556845290289067,-4.64906895014893e-05,-0.2695809832765827,-0.2212286645404885,4.649069066983797e-05,-0.7957887121108604,-0.6959905760028049,-4.649069068154147e-05,0.10092330475496145,0.09155098240774298,4.649069068230377e-05,3.281516285363313e-17,-3.782635940595317e-15
379.48,"[0.06062, 0.0456, 0.3354196713186788]",0.0456,0.3354196713186788,4.649069058003641e-05,-0.1596466209788767,-0.14656620425369676,-4.649069058041317e-05,0.387075038568698,0.35741619855566004,-4.649068936143525e-05,-0.2695809832765827,-0.223888322273459,4.649069052731134e-05,-0.7957887121108604,-0.7014856694962357,-4.649069058043725e-05,0.10092330475496145,0.09206751709894229,4.6490690580011826e-05,3.281516285363313e-17,-3.7399563631517754e-15
379.5,"[0.06062, 0.0456, 0.3354196713186788]",0.0456,0.3354196713186788,4.649069053623498e-05,-0.1596466209788767,-0.14656620425369676,-4.649069053638855e-05,0.387075038568698,0.35741619855566004,-4.649068931720473e-05,-0.2695809832765827,-0.223888322273459,4.64906904885266e-05,-0.7957887121108604,-0.7014856694962357,-4.649069053639843e-05,0.10092330475496145,0.09206751709894229,4.649069053622492e-05,3.281516285363313e-17,-3.7399563631517754e-15
379.52,"[0.06062, 0.0456, 0.33481292341986313]",0.0456,0.33481292341986313,4.649069040646763e-05,-0.16017581281733104,-0.14730506842656402,-4.6490690406912274e-05,0.3881858727424021,0.3590878015637379,-4.6490689171522954e-05,-0.2718079208972134,-0.2264849051487961,4.649069035144754e-05,-0.8000137304328311,-0.7068293506664114,-4.649069040694065e-05,0.10128864441197581,0.09256803504930905,4.6490690406438336e-05,3.28936514266493e-17,-3.901480112668895e-15
379.54,"[0.06062, 0.0456, 0.33481292341986313]",0.0456,0.33481292341986313,4.6490690362545265e-05,-0.16017581281733104,-0.14730506842656402,-4.649069036269471e-05,0.3881858727424021,0.3590878015637379,-4.6490689129952664e-05,-0.2718079208972134,-0.2264849051487961,4.649069031630083e-05,-0.8000137304328311,-0.7068293506664114,-4.6490690362703856e-05,0.10128864441197581,0.09256803504930905,4.649069036253526e-05,3.28936514266493e-17,-3.901480112668895e-15
379.56,"[0.06062, 0.0456, 0.3342410390805424]",0.0456,0.3342410390805424,4.6490690236968646e-05,-0.16067122640352793,-0.14800380247012013,-4.6490690237384925e-05,0.3892206767563003,0.36066823013615995,-4.6490688989113115e-05,-0.2739080866861004,-0.2289421592958,4.6490690183841425e-05,-0.8039851731418239,-0.7118846460808963,-4.64906902374118e-05,0.10163084518232526,0.09304140107134944,4.649069023694154e-05,3.3097493715243016e-17,-4.084893308100539e-15
379.58,"[0.06062, 0.0456, 0.3342410390805424]",0.0456,0.3342410390805424,4.649069019332383e-05,-0.16067122640352793,-0.14800380247012013,-4.6490690193465095e-05,0.3892206767563003,0.36066823013615995,-4.649068894772735e-05,-0.2739080866861004,-0.2289421592958,4.6490690148753186e-05,-0.8039851731418239,-0.7118846460808963,-4.649069019347406e-05,0.10163084518232526,0.09304140107134944,4.649069019331451e-05,3.3097493715243016e-17,-4.084893308100539e-15
379.6,"[0.06062, 0.0456, 0.3342410390805424]",0.0456,0.3342410390805424,4.649069007263634e-05,-0.16067122640352793,-0.14868967224645283,-4.649069007302445e-05,0.3892206767563003,0.3622150377367461,-4.6490688812563225e-05,-0.2739080866861004,-0.2313731198371306,4.649069002170392e-05,-0.8039851731418239,-0.7168673678825592,-4.649069007304913e-05,0.10163084518232526,0.09350640118256187,4.6490690072610454e-05,3.3097493715243016e-17,-4.283175570178958e-15
379.62,"[0.06062, 0.0456, 0.33370458268151515]",0.0456,0.33370458268151515,4.6490690033709876e-05,-0.16113298757703146,-0.14868967224645283,-4.649069003383535e-05,0.39018060498511375,0.3622150377367461,-4.6490688776157065e-05,-0.27587923979550644,-0.2313731198371306,4.6490689991131034e-05,-0.8077011211969444,-0.7168673678825592,-4.649069003384307e-05,0.10194995827770588,0.09350640118256187,4.649069003370185e-05,3.321216709828963e-17,-4.283175570178958e-15
379.641,"[0.06062, 0.0456, 0.33370458268151515]",0.0456,0.33370458268151515,4.649068992012555e-05,-0.16113298757703146,-0.1493623807177215,-4.6490689919591106e-05,0.39018060498511375,0.36372780324750514,-4.649068867692817e-05,-0.27587923979550644,-0.23377539790994945,4.649068991017331e-05,-0.8077011211969444,-0.72177388684809,-4.64906899195563e-05,0.10194995827770588,0.09396280439336223,4.649068992016055e-05,3.321216709828963e-17,-4.4678634570487634e-15
379.66,"[0.06062, 0.0456, 0.33320408364047993]",0.0456,0.33320408364047993,4.649068988179284e-05,-0.1615612220960289,-0.1493623807177215,-4.6490689881906766e-05,0.3910667843699902,0.36372780324750514,-4.649068861258059e-05,-0.27771926083871323,-0.23377539790994945,4.649068984073351e-05,-0.8111597895580449,-0.72177388684809,-4.649068988191387e-05,0.10224603745652068,0.09396280439336223,4.649068988178546e-05,3.3316802187774783e-17,-4.4678634570487634e-15
379.68,"[0.06062, 0.0456, 0.33320408364047993]",0.0456,0.33320408364047993,4.649068976861611e-05,-0.1615612220960289,-0.15002127941495283,-4.6490689768961055e-05,0.3910667843699902,0.3652053714169693,-4.6490688485225317e-05,-0.27771926083871323,-0.23614517712627883,4.649068972078024e-05,-0.8111597895580449,-0.7265978288971929,-4.649068976898362e-05,0.10224603745652068,0.09441013913133961,4.6490689768594276e-05,3.3316802187774783e-17,-4.636563964711887e-15
379.7,"[0.06062, 0.0456, 0.33320408364047993]",0.0456,0.33320408364047993,4.6490689735592226e-05,-0.1615612220960289,-0.1506598226908018,-4.649068973569786e-05,0.3910667843699902,0.36663715936993263,-4.649068845496991e-05,-0.27771926083871323,-0.2384423024421445,4.649068969573439e-05,-0.8111597895580449,-0.7312733455600382,-4.649068973570494e-05,0.10224603745652068,0.09484366449714378,4.649068973558586e-05,3.3316802187774783e-17,-4.585177482751173e-15
379.72,"[0.06062, 0.0456, 0.3327400358895644]",0.0456,0.3327400358895644,4.64906896820778e-05,-0.16195605407419414,-0.1506598226908018,-4.6490689681596423e-05,0.3918803051038362,0.36663715936993263,-4.649068841735535e-05,-0.2794261568992379,-0.2384423024421445,4.6490689670243065e-05,-0.814359526046658,-0.7312733455600382,-4.6490689681565144e-05,0.10251913791027972,0.09484366449714378,4.6490689682108926e-05,3.3351125989365247e-17,-4.585177482751173e-15
379.74,"[0.06062, 0.0456, 0.3327400358895644]",0.0456,0.3327400358895644,4.6490689584358796e-05,-0.16195605407419414,-0.1506598226908018,-4.649068958466481e-05,0.3918803051038362,0.36663715936993263,-4.6490688283860384e-05,-0.2794261568992379,-0.2384423024421445,4.649068953474633e-05,-0.814359526046658,-0.7312733455600382,-4.6490689584684694e-05,0.10251913791027972,0.09484366449714378,4.6490689584338996e-05,3.3351125989365247e-17,-4.585177482751173e-15
379.76,"[0.06062, 0.0456, 0.33231289738787345]",0.0456,0.33231289738787345,4.649068946930004e-05,-0.1623176044790939,-0.15127464549768851,-4.649068946962602e-05,0.3926222116752251,0.3680118565981006,-4.649068816242223e-05,-0.28099806637664804,-0.24066972945760612,4.6490689423694684e-05,-0.8172988102510176,-0.7357920292041537,-4.6490689469646784e-05,0.10276931519047887,0.09526136133769356,4.6490689469278704e-05,3.348442352549896e-17,-4.7426730792063196e-15
379.78,"[0.06062, 0.0456, 0.33231289738787345]",0.0456,0.33231289738787345,4.6490689439363635e-05,-0.1623176044790939,-0.15127464549768851,-4.649068943945427e-05,0.3926222116752251,0.3680118565981006,-4.649068813614713e-05,-0.28099806637664804,-0.24066972945760612,4.649068940253327e-05,-0.8172988102510176,-0.7357920292041537,-4.6490689439460014e-05,0.10276931519047887,0.09526136133769356,4.649068943935748e-05,3.348442352549896e-17,-4.7426730792063196e-15
379.8,"[0.06062, 0.0456, 0.33231289738787345]",0.0456,0.33231289738787345,4.649068933669797e-05,-0.1623176044790939,-0.15187785541159374,-4.649068933698588e-05,0.3926222116752251,0.36935699545961603,-4.649068802037966e-05,-0.28099806637664804,-0.242869287001528,4.6490689293396616e-05,-0.8172988102510176,-0.7402406529789137,-4.64906893370048e-05,0.10276931519047887,0.0956714159038952,4.6490689336679234e-05,3.348442352549896e-17,-4.7962989504809745e-15
379.82,"[0.06062, 0.0456, 0.33192308966953926]",0.0456,0.33192308966953926,4.649068930942733e-05,-0.16264598970163044,-0.15187785541159374,-4.649068930951105e-05,0.39329349433003746,0.36935699545961603,-4.64906879960029e-05,-0.2824332636325371,-0.242869287001528,4.649068927354282e-05,-0.8199762524803018,-0.7402406529789137,-4.6490689309515714e-05,0.10299662418339661,0.0956714159038952,4.649068930942118e-05,3.3431444912362817e-17,-4.7962989504809745e-15
379.84,"[0.06062, 0.0456, 0.33192308966953926]",0.0456,0.33192308966953926,4.6490689208613077e-05,-0.16264598970163044,-0.152453867368241,-4.649068920888897e-05,0.39329349433003746,0.37063801548849634,-4.649068788210732e-05,-0.2824332636325371,-0.24498324720013437,4.649068916608543e-05,-0.8199762524803018,-0.7445032978888216,-4.64906892089062e-05,0.10299662418339661,0.0960632155692731,4.649068920859445e-05,3.3431444912362817e-17,-5.016861751463094e-15
379.86,"[0.06062, 0.0456, 0.3315709974277177]",0.0456,0.3315709974277177,4.649068918072213e-05,-0.16294132020592986,-0.15303168959559155,-4.649068918080675e-05,0.39389508100851794,0.37192030107304397,-4.6490687856998015e-05,-0.28373016340087576,-0.24711449878462496,4.649068914549173e-05,-0.8223905927737631,-0.7487907751402327,-4.649068918081241e-05,0.10320111814016655,0.09645642703754105,4.6490689180716236e-05,3.341571626035166e-17,-4.9772192381219385e-15
379.88,"[0.06062, 0.0456, 0.3315709974277177]",0.0456,0.3315709974277177,4.6490689136372625e-05,-0.16294132020592986,-0.15303168959559155,-4.649068913596479e-05,0.39389508100851794,0.37192030107304397,-4.649068782872675e-05,-0.28373016340087576,-0.24711449878462496,4.649068912821008e-05,-0.8223905927737631,-0.7487907751402327,-4.649068913593822e-05,0.10320111814016655,0.09645642703754105,4.649068913639853e-05,3.341571626035166e-17,-4.9772192381219385e-15
379.9,"[0.06062, 0.0456, 0.3315709974277177]",0.0456,0.3315709974277177,4.649068904972726e-05,-0.16294132020592986,-0.15357139999497893,-4.649068904997334e-05,0.39389508100851794,0.3731176489401344,-4.649068770818516e-05,-0.28373016340087576,-0.2491066056212338,4.6490689005231365e-05,-0.8223905927737631,-0.7527969971662609,-4.649068904998879e-05,0.10320111814016655,0.09682372803355514,4.649068904971064e-05,3.341571626035166e-17,-5.104648574831028e-15
379.92,"[0.06062, 0.0456, 0.3312569681349429]",0.0456,0.3312569681349429,4.649068899675482e-05,-0.16320369926887943,-0.15357139999497893,-4.649068899640532e-05,0.3944278298133385,0.3731176489401344,-4.649068767634174e-05,-0.28488732492805,-0.2491066056212338,4.649068898705405e-05,-0.8245406999708288,-0.7527969971662609,-4.649068899638196e-05,0.10338284776929536,0.09682372803355514,4.649068899677646e-05,3.3391000672129186e-17,-5.104648574831028e-15
379.94,"[0.06062, 0.0456, 0.3312569681349429]",0.0456,0.3312569681349429,4.649068891275043e-05,-0.16320369926887943,-0.154094304098227,-4.649068891298068e-05,0.3944278298133385,0.3742750704592113,-4.649068756130614e-05,-0.28488732492805,-0.2510468055055348,4.649068887030443e-05,-0.8245406999708288,-0.7566893360864227,-4.649068891299494e-05,0.10338284776929536,0.09717976186534324,4.649068891273483e-05,3.3391000672129186e-17,-5.265656555160605e-15
379.96,"[0.06062, 0.0456, 0.33098131170021355]",0.0456,0.33098131170021355,4.6490688863829366e-05,-0.16343322181817233,-0.154094304098227,-4.649068886349209e-05,0.3948925220615527,0.3742750704592113,-4.64906875334647e-05,-0.2859034558093715,-0.2510468055055348,4.649068885562003e-05,-0.8264255708484394,-0.7566893360864227,-4.649068886347022e-05,0.10354186039851447,0.09717976186534324,4.649068886385124e-05,3.332349721993341e-17,-5.265656555160605e-15
379.98,"[0.06062, 0.0456, 0.33098131170021355]",0.0456,0.33098131170021355,4.6490688784349866e-05,-0.16343322181817233,-0.15460056747007964,-4.649068878456257e-05,0.3948925220615527,0.37539330212555083,-4.649068742367981e-05,-0.2859034558093715,-0.25293422517363734,4.6490688743901156e-05,-0.8264255708484394,-0.7604674197179301,-4.649068878457633e-05,0.10354186039851447,0.09752461487322023,4.649068878433565e-05,3.332349721993341e-17,-5.423567270408872e-15
380.0,"[0.06062, 0.0456, 0.33098131170021355]",0.0456,0.33098131170021355,4.649068873873592e-05,-0.16343322181817233,-0.15460056747007964,-4.6490688738412084e-05,0.3948925220615527,0.37539330212555083,-4.649068739877715e-05,-0.2859034558093715,-0.25293422517363734,4.649068873162335e-05,-0.8264255708484394,-0.7604674197179301,-4.649068873839103e-05,0.10354186039851447,0.09752461487322023,4.6490688738756427e-05,3.332349721993341e-17,-5.423567270408872e-15
380.02,"[0.06062, 0.0456, 0.3307443001631504]",0.0456,0.3307443001631504,4.6490688662935126e-05,-0.16362997337724783,-0.1550896948923733,-4.649068866313312e-05,0.39528985597000266,0.3764716353485608,-4.64906872933854e-05,-0.2867774154907592,-0.25476550215526605,4.6490688624162396e-05,-0.8280443293319492,-0.7641259202072224,-4.649068866314565e-05,0.1036781992124703,0.097857923428065,4.6490688662921865e-05,3.336832079951076e-17,-5.572674994777213e-15
380.04,"[0.06062, 0.0456, 0.3307443001631504]",0.0456,0.3307443001631504,4.6490688619812475e-05,-0.16362997337724783,-0.1550896948923733,-4.6490688619503905e-05,0.39528985597000266,0.3764716353485608,-4.649068727052059e-05,-0.2867774154907592,-0.25476550215526605,4.649068861345324e-05,-0.8280443293319492,-0.7641259202072224,-4.649068861948355e-05,0.1036781992124703,0.097857923428065,4.6490688619831686e-05,3.336832079951076e-17,-5.572674994777213e-15
380.06,"[0.06062, 0.0456, 0.33054616742552567]",0.0456,0.33054616742552567,4.649068854710543e-05,-0.16379402912491925,-0.15556107580642795,-4.649068854729065e-05,0.39562044101986843,0.37750911462385545,-4.649068716899719e-05,-0.28750821840657487,-0.25653683899938035,4.6490688509808456e-05,-0.8293962257857627,-0.767658646391585,-4.649068854730242e-05,0.10379190257229179,0.0981792457391892,4.649068854709252e-05,3.340226472850378e-17,-5.7123905217552325e-15
380.08,"[0.06062, 0.0456, 0.33054616742552567]",0.0456,0.33054616742552567,4.649068850592779e-05,-0.16379402912491925,-0.15556107580642795,-4.649068850563551e-05,0.39562044101986843,0.37750911462385545,-4.649068714754678e-05,-0.28750821840657487,-0.25653683899938035,4.649068850007988e-05,-0.8293962257857627,-0.767658646391585,-4.6490688505616374e-05,0.10379190257229179,0.0981792457391892,4.649068850594592e-05,3.340226472850378e-17,-5.7123905217552325e-15
380.1,"[0.06062, 0.0456, 0.33054616742552567]",0.0456,0.33054616742552567,4.6490688435965214e-05,-0.16379402912491925,-0.15601770160007555,-4.6490688436139086e-05,0.39562044101986843,0.37851404999137134,-4.6490687049614836e-05,-0.28750821840657487,-0.258252991978131,4.649068840003465e-05,-0.8293962257857627,-0.7710810729010592,-4.649068843614987e-05,0.10379190257229179,0.09849051443373397,4.649068843595335e-05,3.340226472850378e-17,-5.683603974479146e-15
380.12,"[0.06062, 0.0456, 0.33038710902043067]",0.0456,0.33038710902043067,4.6490688406977775e-05,-0.16392545307677467,-0.15601770160007555,-4.6490688407055566e-05,0.3958847930416275,0.37851404999137134,-4.6490687020996974e-05,-0.2880950367272517,-0.258252991978131,4.649068837504333e-05,-0.8304806363895685,-0.7710810729010592,-4.649068840705961e-05,0.10388300342251097,0.09849051443373397,4.649068840697161e-05,3.3409886940774026e-17,-5.683603974479146e-15
380.14,"[0.06062, 0.0456, 0.33038710902043067]",0.0456,0.33038710902043067,4.649068831825031e-05,-0.16392545307677467,-0.15643986799409532,-4.649068831845002e-05,0.3958847930416275,0.37944167573905374,-4.649068692147468e-05,-0.2880950367272517,-0.25984514899869493,4.649068828143953e-05,-0.8304806363895685,-0.774251127380313,-4.649068831846223e-05,0.10388300342251097,0.09877838336622359,4.6490688318235976e-05,3.3409886940774026e-17,-5.954910614858139e-15
380.16,"[0.06062, 0.0456, 0.33026728191930776]",0.0456,0.33026728191930776,4.64906882783508e-05,-0.16402429739461633,-0.15643986799409532,-4.649068827810421e-05,0.39608333005678864,0.37944167573905374,-4.6490686901336596e-05,-0.28853720269336225,-0.25984514899869493,4.649068827282355e-05,-0.8312970626055687,-0.774251127380313,-4.6490688278087645e-05,0.10395152879018292,0.09877838336622359,4.649068827836617e-05,3.342651632087145e-17,-5.954910614858139e-15
380.18,"[0.06062, 0.0456, 0.33026728191930776]",0.0456,0.33026728191930776,4.649068821502291e-05,-0.16402429739461633,-0.1568498496836421,-4.649068821517221e-05,0.39608333005678864,0.3803415371018641,-4.6490686812979194e-05,-0.28853720269336225,-0.26139504262057744,4.649068818266667e-05,-0.8312970626055687,-0.777333633398292,-4.649068821518144e-05,0.10395152879018292,0.09905800363721261,4.6490688215012686e-05,3.342651632087145e-17,-6.099610660110953e-15
380.2,"[0.06062, 0.0456, 0.33026728191930776]",0.0456,0.33026728191930776,4.6490688179862004e-05,-0.16402429739461633,-0.1568498496836421,-4.649068817962053e-05,0.39608333005678864,0.3803415371018641,-4.649068679539856e-05,-0.28853720269336225,-0.26139504262057744,4.649068817530913e-05,-0.8312970626055687,-0.777333633398292,-4.649068817960486e-05,0.10395152879018292,0.09905800363721261,4.649068817987761e-05,3.342651632087145e-17,-6.099610660110953e-15
380.22,"[0.06062, 0.0456, 0.33018680437703896]",0.0456,0.33018680437703896,4.64906881193352e-05,-0.16409060182930427,-0.1572507344845121,-4.6490688119475324e-05,0.3962163689074323,0.38122077037644153,-4.6490686710242954e-05,-0.2888342105160845,-0.2629130029773282,4.649068808819501e-05,-0.8318451307414992,-0.7803503695255837,-4.649068811948409e-05,0.10399749938033877,0.09933145928240641,4.6490688119325935e-05,3.3430023185106897e-17,-6.081712159463891e-15
380.24,"[0.06062, 0.0456, 0.33018680437703896]",0.0456,0.33018680437703896,4.649068809548106e-05,-0.16409060182930427,-0.1572507344845121,-4.649068809554188e-05,0.3962163689074323,0.38122077037644153,-4.649068668687556e-05,-0.2888342105160845,-0.2629130029773282,4.6490688067871746e-05,-0.8318451307414992,-0.7803503695255837,-4.649068809554556e-05,0.10399749938033877,0.09933145928240641,4.6490688095476855e-05,3.3430023185106897e-17,-6.081712159463891e-15
380.26,"[0.06062, 0.0456, 0.33014575581524225]",0.0456,0.33014575581524225,4.649068801811576e-05,-0.16412439330137019,-0.15762426600830276,-4.649068801827809e-05,0.3962841226988711,0.38203988266310285,-4.649068659994825e-05,-0.28898571782759075,-0.2643278743142083,4.64906879860517e-05,-0.8321245916134759,-0.7831617861153355,-4.649068801828791e-05,0.10402092927114842,0.09958626440052779,4.649068801810404e-05,3.3426231010316424e-17,-6.190754518271203e-15
380.28,"[0.06062, 0.0456, 0.33014575581524225]",0.0456,0.33014575581524225,4.6490687992968636e-05,-0.16412439330137019,-0.15798702907768084,-4.649068799302848e-05,0.3962841226988711,0.3828350368792487,-4.649068657690734e-05,-0.28898571782759075,-0.2657032327192419,4.6490687966730964e-05,-0.8321245916134759,-0.7858935169794908,-4.649068799303179e-05,0.10402092927114842,0.09983374440247637,4.649068799296392e-05,3.3426231010316424e-17,-6.178613292535615e-15
380.3,"[0.06062, 0.0456, 0.33014575581524225]",0.0456,0.33014575581524225,4.649068795650167e-05,-0.16412439330137019,-0.15798702907768084,-4.649068795631319e-05,0.3962841226988711,0.3828350368792487,-4.649068655114278e-05,-0.28898571782759075,-0.2657032327192419,4.649068794888331e-05,-0.8321245916134759,-0.7858935169794908,-4.6490687956300465e-05,0.10402092927114842,0.09983374440247637,4.6490687956513585e-05,3.3426231010316424e-17,-6.178613292535615e-15
380.32,"[0.06062, 0.0456, 0.33014417674389224]",0.0456,0.33014417674389224,4.64906878934505e-05,-0.16412439330137019,-0.15832386711595514,-4.6490687893588104e-05,0.3962841226988711,0.3835732844696135,-4.649068646539806e-05,-0.28898571782759075,-0.26698060271326735,4.6490687862135744e-05,-0.8321245916134759,-0.7884303469440782,-4.649068789359704e-05,0.10402092927114842,0.10006354308303977,4.649068789344199e-05,3.3426231010316424e-17,-6.301381142200856e-15
380.34,"[0.06062, 0.0456, 0.33014417674389224]",0.0456,0.33014417674389224,4.649068785404984e-05,-0.16412439330137019,-0.15832386711595514,-4.649068785388625e-05,0.3962841226988711,0.3835732844696135,-4.6490686440286676e-05,-0.28898571782759075,-0.26698060271326735,4.649068784647642e-05,-0.8321245916134759,-0.7884303469440782,-4.649068785387568e-05,0.10402092927114842,0.10006354308303977,4.6490687854060986e-05,3.3426231010316424e-17,-6.301381142200856e-15
380.36,"[0.06062, 0.0456, 0.33018206872134176]",0.0456,0.33018206872134176,4.6490687795482274e-05,-0.1640944787936571,-0.15863967195252918,-4.649068779560674e-05,0.39622409719901175,0.3842656716066583,-4.6490686361154805e-05,-0.2888516842755665,-0.2681773262735186,4.649068776659383e-05,-0.8318773142987178,-0.7908078266491435,-4.649068779561436e-05,0.10400018865851983,0.10027897820882643,4.6490687795474285e-05,3.343083023415803e-17,-6.439192521324339e-15
380.38,"[0.06062, 0.0456, 0.33018206872134176]",0.0456,0.33018206872134176,4.649068775971503e-05,-0.1640944787936571,-0.15863967195252918,-4.649068775956134e-05,0.39622409719901175,0.3842656716066583,-4.649068633890441e-05,-0.2888516842755665,-0.2681773262735186,4.649068775311179e-05,-0.8318773142987178,-0.7908078266491435,-4.6490687759551e-05,0.10400018865851983,0.10027897820882643,4.6490687759725084e-05,3.343083023415803e-17,-6.439192521324339e-15
380.4,"[0.06062, 0.0456, 0.33018206872134176]",0.0456,0.33018206872134176,4.649068770588344e-05,-0.1640944787936571,-0.15893765039021598,-4.64906877059955e-05,0.39622409719901175,0.3849189591383092,-4.649068626582867e-05,-0.2888516842755665,-0.2693065583814525,4.649068767922709e-05,-0.8318773142987178,-0.7930511685248175,-4.649068770600256e-05,0.10400018865851983,0.1004822535590495,4.649068770587673e-05,3.343083023415803e-17,-6.572670052720001e-15
380.42,"[0.06062, 0.0456, 0.33025939435278384]",0.0456,0.33025939435278384,4.6490687673478413e-05,-0.16403076185271362,-0.15893765039021598,-4.6490687673333015e-05,0.3960962185395026,0.3849189591383092,-4.6490686246248314e-05,-0.2885662820124799,-0.2693065583814525,4.649068766779091e-05,-0.8313507020931353,-0.7930511685248175,-4.649068767332374e-05,0.1039560126008337,0.1004822535590495,4.649068767348842e-05,3.340063720358451e-17,-6.572670052720001e-15
380.44,"[0.06062, 0.0456, 0.33025939435278384]",0.0456,0.33025939435278384,4.649068762379879e-05,-0.16403076185271362,-0.1592227600663004,-4.649068762390013e-05,0.3960962185395026,0.3855446193130831,-4.64906861784145e-05,-0.2885662820124799,-0.2703848429731324,4.649068759907596e-05,-0.8313507020931353,-0.7951953002474186,-4.6490687623907464e-05,0.1039560126008337,0.10067671488928107,4.64906876237933e-05,3.340063720358451e-17,-6.590456193748883e-15
380.46,"[0.06062, 0.0456, 0.33037607732715585]",0.0456,0.33037607732715585,4.649068759445066e-05,-0.16393450734815246,-0.1592227600663004,-4.6490687594309964e-05,0.3959028458343177,0.3855446193130831,-4.649068616136424e-05,-0.28813565666024915,-0.2703848429731324,4.649068758964308e-05,-0.8305557262631014,-0.7951953002474186,-4.649068759429984e-05,0.10388928303713896,0.10067671488928107,4.64906875944592e-05,3.3410970233088585e-17,-6.590456193748883e-15
380.48,"[0.06062, 0.0456, 0.33037607732715585]",0.0456,0.33037607732715585,4.6490687548360155e-05,-0.16393450734815246,-0.1594843000788099,-4.6490687548452644e-05,0.3959028458343177,0.38611946576454387,-4.6490686097974085e-05,-0.28813565666024915,-0.2713705981218394,4.6490687525274936e-05,-0.8305557262631014,-0.7971585606857033,-4.649068754845859e-05,0.10388928303713896,0.10085504547936515,4.649068754835431e-05,3.3410970233088585e-17,-6.6407733958973666e-15
380.5,"[0.06062, 0.0456, 0.33037607732715585]",0.0456,0.33037607732715585,4.64906875264127e-05,-0.16393450734815246,-0.1594843000788099,-4.649068752645799e-05,0.3959028458343177,0.38611946576454387,-4.6490686076188025e-05,-0.28813565666024915,-0.2713705981218394,4.649068750608693e-05,-0.8305557262631014,-0.7971585606857033,-4.649068752646106e-05,0.10388928303713896,0.10085504547936515,4.649068752641007e-05,3.3410970233088585e-17,-6.6407733958973666e-15
380.52,"[0.06062, 0.0456, 0.33053200249244935]",0.0456,0.33053200249244935,4.649068747079068e-05,-0.16380567731858417,-0.15972253753071675,-4.649068747089315e-05,0.395643666858496,0.38664433764286343,-4.649068601427438e-05,-0.2875602882725685,-0.27226387187874546,4.6490687448035024e-05,-0.8294927603869048,-0.7989419307335349,-4.649068747090029e-05,0.10379998032189769,0.10101741162179709,4.649068747078439e-05,3.343688160005459e-17,-6.755108813864923e-15
380.54,"[0.06062, 0.0456, 0.33053200249244935]",0.0456,0.33053200249244935,4.649068744936263e-05,-0.16380567731858417,-0.15972253753071675,-4.6490687449404385e-05,0.395643666858496,0.38664433764286343,-4.649068599413586e-05,-0.2875602882725685,-0.27226387187874546,4.64906874308103e-05,-0.8294927603869048,-0.7989419307335349,-4.649068744940732e-05,0.10379998032189769,0.10101741162179709,4.649068744935996e-05,3.343688160005459e-17,-6.755108813864923e-15
380.56,"[0.06062, 0.0456, 0.33072701596935133]",0.0456,0.33072701596935133,4.649068739898571e-05,-0.1636442208869905,-0.15994669938584347,-4.649068739907711e-05,0.39531826576076845,0.387138265978757,-4.649068593821312e-05,-0.2868408191742512,-0.2731041185546463,4.6490687378434666e-05,-0.8281623011234004,-0.8006196679073436,-4.649068739908322e-05,0.10368807816758899,0.10117018075189685,4.649068739898001e-05,3.3503879532997006e-17,-6.872825570750541e-15
380.58,"[0.06062, 0.0456, 0.33072701596935133]",0.0456,0.33072701596935133,4.6490687380774076e-05,-0.1636442208869905,-0.15994669938584347,-4.649068738080934e-05,0.39531826576076845,0.387138265978757,-4.649068592129301e-05,-0.2868408191742512,-0.2731041185546463,4.649068736406815e-05,-0.8281623011234004,-0.8006196679073436,-4.649068738081168e-05,0.10368807816758899,0.10117018075189685,4.649068738077168e-05,3.3503879532997006e-17,-6.872825570750541e-15
380.6,"[0.06062, 0.0456, 0.33072701596935133]",0.0456,0.33072701596935133,4.649068733499136e-05,-0.1636442208869905,-0.16014992148866788,-4.649068733507342e-05,0.39531826576076845,0.3875876138142469,-4.649068587032066e-05,-0.2868408191742512,-0.2738600078513181,4.649068731626671e-05,-0.8281623011234004,-0.8021344157102799,-4.649068733507868e-05,0.10368807816758899,0.10130858330923814,4.649068733498608e-05,3.3503879532997006e-17,-6.977180232346004e-15
380.62,"[0.06062, 0.0456, 0.3309609253031044]",0.0456,0.3309609253031044,4.649068731793204e-05,-0.1634500754047675,-0.16014992148866788,-4.649068731796389e-05,0.3949261286394923,0.3875876138142469,-4.649068585438277e-05,-0.28597805210875527,-0.2738600078513181,4.649068730268402e-05,-0.826564970221833,-0.8021344157102799,-4.649068731796561e-05,0.10355354442297994,0.10130858330923814,4.649068731792977e-05,3.3434965090873154e-17,-6.977180232346004e-15
380.641,"[0.06062, 0.0456, 0.3309609253031044]",0.0456,0.3309609253031044,4.649068727401102e-05,-0.1634500754047675,-0.1603316764478589,-4.649068727393237e-05,0.3949261286394923,0.38799143309582373,-4.649068581449063e-05,-0.28597805210875527,-0.27452871457246136,4.649068726906168e-05,-0.826564970221833,-0.8034813192492372,-4.64906872739277e-05,0.10355354442297994,0.10143224528784675,4.649068727401692e-05,3.3434965090873154e-17,-7.0734763536054e-15
380.66,"[0.06062, 0.0456, 0.3312334996534362]",0.0456,0.3312334996534362,4.6490687260082764e-05,-0.16322316715879343,-0.1603316764478589,-4.649068726011184e-05,0.39446664764964456,0.38799143309582373,-4.6490685792829673e-05,-0.284972947973763,-0.27452871457246136,4.64906872462238e-05,-0.824701515016247,-0.8034813192492372,-4.649068726011409e-05,0.10339634158511976,0.10143224528784675,4.649068726008139e-05,3.3390110065649557e-17,-7.0734763536054e-15
380.68,"[0.06062, 0.0456, 0.3312334996534362]",0.0456,0.3312334996534362,4.649068722248745e-05,-0.16322316715879343,-0.16049144065068516,-4.649068722255373e-05,0.39446664764964456,0.3883487430519426,-4.649068575112058e-05,-0.284972947973763,-0.27510756133135844,4.6490687207163235e-05,-0.824701515016247,-0.8046556935782861,-4.649068722255807e-05,0.10339634158511976,0.10154079708587932,4.6490687222483154e-05,3.3390110065649557e-17,-7.162655517070159e-15
380.7,"[0.06062, 0.0456, 0.3312334996534362]",0.0456,0.3312334996534362,4.6490687206949044e-05,-0.16322316715879343,-0.1606457296140862,-4.64906872069756e-05,0.39446664764964456,0.3886938778298672,-4.649068573636043e-05,-0.284972947973763,-0.2756663045284577,4.649068719444683e-05,-0.824701515016247,-0.8057895369857442,-4.649068720697746e-05,0.10339634158511976,0.1016456243471675,4.6490687206947194e-05,3.3390110065649557e-17,-7.193057157690573e-15
380.72,"[0.06062, 0.0456, 0.33154447002237136]",0.0456,0.33154447002237136,4.649068718782236e-05,-0.16296341220590732,-0.1606457296140862,-4.649068718775587e-05,0.3939391258684266,0.3886938778298672,-4.649068572141684e-05,-0.2838266231387328,-0.2756663045284577,4.64906871831192e-05,-0.8225728090136477,-0.8057895369857442,-4.64906871877516e-05,0.10321642740269384,0.1016456243471675,4.649068718782664e-05,3.347559851264307e-17,-7.193057157690573e-15
380.74,"[0.06062, 0.0456, 0.33154447002237136]",0.0456,0.33154447002237136,4.649068715903976e-05,-0.16296341220590732,-0.1606457296140862,-4.649068715909313e-05,0.3939391258684266,0.3886938778298672,-4.649068568357284e-05,-0.2838266231387328,-0.2756663045284577,4.6490687145234895e-05,-0.8225728090136477,-0.8057895369857442,-4.64906871590958e-05,0.10321642740269384,0.1016456243471675,4.649068715903556e-05,3.347559851264307e-17,-7.193057157690573e-15
380.76,"[0.06062, 0.0456, 0.3318935295196997]",0.0456,0.3318935295196997,4.6490687126926874e-05,-0.1626707173281631,-0.16077528787841575,-4.649068712698271e-05,0.3933427828831486,0.3889865262352243,-4.649068564991154e-05,-0.2825403463671661,-0.2761246065772409,4.6490687114515734e-05,-0.8201798525706889,-0.8067300083377513,-4.649068712698585e-05,0.10301375556600355,0.1017334676231859,4.649068712692313e-05,3.348429416310094e-17,-7.261979492714681e-15
380.78,"[0.06062, 0.0456, 0.3318935295196997]",0.0456,0.3318935295196997,4.649068711425658e-05,-0.1626707173281631,-0.1608827783208806,-4.649068711427724e-05,0.3933427828831486,0.3892327563531456,-4.649068563803799e-05,-0.2825403463671661,-0.2764915794496912,4.649068710436276e-05,-0.8201798525706889,-0.8074961037677078,-4.649068711427806e-05,0.10301375556600355,0.10180612555049616,4.649068711425488e-05,3.348429416310094e-17,-7.306267645779795e-15
380.8,"[0.06062, 0.0456, 0.3318935295196997]",0.0456,0.3318935295196997,4.649068709692404e-05,-0.1626707173281631,-0.1608827783208806,-4.6490687096882236e-05,0.3933427828831486,0.3892327563531456,-4.649068562280058e-05,-0.2825403463671661,-0.2764915794496912,4.649068709181084e-05,-0.8201798525706889,-0.8074961037677078,-4.649068709687938e-05,0.10301375556600355,0.10180612555049616,4.649068709692683e-05,3.348429416310094e-17,-7.306267645779795e-15
380.82,"[0.06062, 0.0456, 0.3322803336658397]",0.0456,0.3322803336658397,4.649068707402907e-05,-0.16234498110164772,-0.16096633506301017,-4.649068707407109e-05,0.3926767610603862,0.389428442207947,-4.6490685594081354e-05,-0.28111553536940304,-0.27676015183100966,4.649068706350992e-05,-0.8175237736532811,-0.808073768993573,-4.6490687074073814e-05,0.10278827647799729,0.10186232301539637,4.649068707402645e-05,3.3418307359459505e-17,-7.373166526066715e-15
380.84,"[0.06062, 0.0456, 0.3322803336658397]",0.0456,0.3322803336658397,4.649068705620399e-05,-0.16234498110164772,-0.16096633506301017,-4.649068705617652e-05,0.3926767610603862,0.389428442207947,-4.649068557855873e-05,-0.28111553536940304,-0.27676015183100966,4.6490687050801434e-05,-0.8175237736532811,-0.808073768993573,-4.6490687056174855e-05,0.10278827647799729,0.10186232301539637,4.649068705620568e-05,3.3418307359459505e-17,-7.373166526066715e-15
380.86,"[0.06062, 0.0456, 0.33270450073179864]",0.0456,0.33270450073179864,4.649068703651847e-05,-0.1619860950709508,-0.16102603274818372,-4.6490687036554686e-05,0.3919401324509806,0.38957380387947,-4.649068555487597e-05,-0.27955375301452057,-0.27693023082849466,4.649068702780886e-05,-0.8146058286731458,-0.8084631563184135,-4.6490687036557715e-05,0.10253993810023412,0.10190210205202706,4.649068703651658e-05,3.3409653680310294e-17,-7.440704394857583e-15
380.88,"[0.06062, 0.0456, 0.33270450073179864]",0.0456,0.33270450073179864,4.649068702031482e-05,-0.1619860950709508,-0.16102603274818372,-4.649068702029855e-05,0.3919401324509806,0.38957380387947,-4.649068553975646e-05,-0.27955375301452057,-0.27693023082849466,4.649068701490178e-05,-0.8146058286731458,-0.8084631563184135,-4.649068702029806e-05,0.10253993810023412,0.10190210205202706,4.649068702031626e-05,3.3409653680310294e-17,-7.440704394857583e-15
380.9,"[0.06062, 0.0456, 0.33270450073179864]",0.0456,0.33270450073179864,4.649068700407238e-05,-0.1619860950709508,-0.1610831958040775,-4.649068700410278e-05,0.3919401324509806,0.3897132255444657,-4.649068552117371e-05,-0.27955375301452057,-0.27709218318116546,4.6490686997196825e-05,-0.8146058286731458,-0.8088350425403462,-4.649068700410488e-05,0.10253993810023412,0.10194017680002201,4.649068700407025e-05,3.3409653680310294e-17,-7.489744656253201e-15
380.92,"[0.06062, 0.0456, 0.3331656121158927]",0.0456,0.3331656121158927,4.6490686992862544e-05,-0.16159394502079402,-0.1610831958040775,-4.649068699288006e-05,0.39113190628156225,0.3897132255444657,-4.649068550980936e-05,-0.2778567032323053,-0.27709218318116546,4.649068698701838e-05,-0.8114274033951496,-0.8088350425403462,-4.6490686992881945e-05,0.1022686868671935,0.10194017680002201,4.6490686992861995e-05,3.348719861360048e-17,-7.489744656253201e-15
380.94,"[0.06062, 0.0456, 0.3331656121158927]",0.0456,0.3331656121158927,4.649068697870375e-05,-0.16159394502079402,-0.16111350963898916,-4.649068697873246e-05,0.39113190628156225,0.38979531055253785,-4.6490685494692114e-05,-0.2778567032323053,-0.27714588797134626,4.649068697307882e-05,-0.8114274033951496,-0.8089978164079681,-4.649068697873427e-05,0.1022686868671935,0.10195981670193974,4.649068697870135e-05,3.348719861360048e-17,-7.54663648870608e-15
380.96,"[0.06062, 0.0456, 0.3336632127568564]",0.0456,0.3336632127568564,4.649068696679676e-05,-0.16116841233586013,-0.16111350963898916,-4.649068696679146e-05,0.39025103697994973,0.38979531055253785,-4.64906854826141e-05,-0.2760262266382683,-0.27714588797134626,4.649068696230917e-05,-0.8079900139091958,-0.8089978164079681,-4.6490686966791785e-05,0.1019744686619788,0.10195981670193974,4.649068696679724e-05,3.369719972737565e-17,-7.54663648870608e-15
380.98,"[0.06062, 0.0456, 0.3336632127568564]",0.0456,0.3336632127568564,4.649068695660482e-05,-0.16116841233586013,-0.1611206215987021,-4.649068695662553e-05,0.39025103697994973,0.38982857386069086,-4.649068547203685e-05,-0.2760262266382683,-0.27710294511321415,4.649068695262066e-05,-0.8079900139091958,-0.8089765499065908,-4.649068695662756e-05,0.1019744686619788,0.10196346908536813,4.649068695660392e-05,3.369719972737565e-17,-7.589454606526309e-15
381.0,"[0.06062, 0.0456, 0.3336632127568564]",0.0456,0.3336632127568564,4.6490686945651286e-05,-0.16116841233586013,-0.1611206215987021,-4.6490686945657364e-05,0.39025103697994973,0.38982857386069086,-4.649068545954606e-05,-0.2760262266382683,-0.27710294511321415,4.649068694085522e-05,-0.8079900139091958,-0.8089765499065908,-4.649068694565869e-05,0.1019744686619788,0.10196346908536813,4.6490686945651625e-05,3.369719972737565e-17,-7.589454606526309e-15
381.02,"[0.06062, 0.0456, 0.3341968115829332]",0.0456,0.3341968115829332,4.649068693817107e-05,-0.16070937543953476,-0.16110304821152313,-4.6490686938187205e-05,0.3892964326790496,0.3898095417810643,-4.649068545328731e-05,-0.274064295916269,-0.2769583371305199,4.649068693573283e-05,-0.8042953076605935,-0.8087607079983969,-4.6490686938188506e-05,0.10165722984617746,0.10195012807553602,4.649068693816954e-05,3.348659297792854e-17,-7.629296599101136e-15
381.04,"[0.06062, 0.0456, 0.3341968115829332]",0.0456,0.3341968115829332,4.649068692813211e-05,-0.16070937543953476,-0.16110304821152313,-4.6490686928150684e-05,0.3892964326790496,0.3898095417810643,-4.649068544040713e-05,-0.274064295916269,-0.2769583371305199,4.6490686923025084e-05,-0.8042953076605935,-0.8087607079983969,-4.649068692815158e-05,0.10165722984617746,0.10195012807553602,4.649068692813016e-05,3.348659297792854e-17,-7.629296599101136e-15
381.06,"[0.06062, 0.0456, 0.33476588199650387]",0.0456,0.33476588199650387,4.6490686923548815e-05,-0.160216711302065,-0.1610853191118135,-4.649068692356095e-05,0.3882669641417674,0.3897896351907158,-4.649068543874376e-05,-0.27197301099450444,-0.2768152566788911,4.649068692275549e-05,-0.8003450645331476,-0.8085459607676577,-4.6490686923562354e-05,0.10131691833647254,0.10193671731710766,4.649068692354883e-05,3.350521970175825e-17,-7.682892454528066e-15
381.08,"[0.06062, 0.0456, 0.33476588199650387]",0.0456,0.33476588199650387,4.649068691633536e-05,-0.160216711302065,-0.1610853191118135,-4.6490686916345925e-05,0.3882669641417674,0.3897896351907158,-4.649068543117664e-05,-0.27197301099450444,-0.2768152566788911,4.6490686915832304e-05,-0.8003450645331476,-0.8085459607676577,-4.649068691634654e-05,0.10131691833647254,0.10193671731710766,4.649068691633473e-05,3.350521970175825e-17,-7.682892454528066e-15
381.1,"[0.06062, 0.0456, 0.33476588199650387]",0.0456,0.33476588199650387,4.649068691757904e-05,-0.160216711302065,-0.1610425574217851,-4.6490686917586286e-05,0.3882669641417674,0.3897162484522158,-4.649068543344569e-05,-0.27197301099450444,-0.2765705934573444,4.649068691828199e-05,-0.8003450645331476,-0.8081355067075572,-4.649068691758703e-05,0.10131691833647254,0.10190609598947449,4.649068691757918e-05,3.350521970175825e-17,-7.702730401527126e-15
381.12,"[0.06062, 0.0456, 0.33536986239377503]",0.0456,0.33536986239377503,4.649068690962239e-05,-0.15969029700857945,-0.1610425574217851,-4.649068690963385e-05,0.3871614740479609,0.3897162484522158,-4.649068542459807e-05,-0.2697545940513888,-0.2765705934573444,4.649068690996958e-05,-0.7961411979797006,-0.8081355067075572,-4.649068690963485e-05,0.10095348472051223,0.10190609598947449,4.649068690962212e-05,3.368067314647574e-17,-7.702730401527126e-15
381.14,"[0.06062, 0.0456, 0.33536986239377503]",0.0456,0.33536986239377503,4.6490686913874506e-05,-0.15969029700857945,-0.16097439938648256,-4.649068691387738e-05,0.3871614740479609,0.38958828715660543,-4.6490685430454044e-05,-0.2697545940513888,-0.2762238322939652,4.649068691587651e-05,-0.7961411979797006,-0.8075275159540076,-4.6490686913877854e-05,0.10095348472051223,0.10185802599414084,4.649068691387473e-05,3.368067314647574e-17,-7.698314008326493e-15
381.16,"[0.06062, 0.0456, 0.3360081567190139]",0.0456,0.3360081567190139,4.6490686907997134e-05,-0.15913001137747051,-0.16097439938648256,-4.649068690803999e-05,0.38597878658360496,0.38958828715660543,-4.649068541888692e-05,-0.2674113843882124,-0.2762238322939652,4.649068690304399e-05,-0.791685756195531,-0.8075275159540076,-4.6490686908042935e-05,0.10056688340457469,0.10185802599414084,4.649068690799455e-05,3.3750599871443335e-17,-7.698314008326493e-15
381.18,"[0.06062, 0.0456, 0.3360081567190139]",0.0456,0.3360081567190139,4.649068691065414e-05,-0.15913001137747051,-0.16088007548379388,-4.649068691065527e-05,0.38597878658360496,0.38940447671248474,-4.649068542775502e-05,-0.2674113843882124,-0.27577004996339977,4.6490686913641e-05,-0.791685756195531,-0.8067140287246576,-4.649068691065536e-05,0.10056688340457469,0.10179194224115351,4.64906869106542e-05,3.3750599871443335e-17,-7.713629965990266e-15
381.2,"[0.06062, 0.0456, 0.3360081567190139]",0.0456,0.3360081567190139,4.64906869051304e-05,-0.15913001137747051,-0.16088007548379388,-4.649068690518759e-05,0.38597878658360496,0.38940447671248474,-4.6490685415532854e-05,-0.2674113843882124,-0.27577004996339977,4.649068689975364e-05,-0.791685756195531,-0.8067140287246576,-4.649068690519179e-05,0.10056688340457469,0.10179194224115351,4.649068690512725e-05,3.3750599871443335e-17,-7.713629965990266e-15
381.22,"[0.06062, 0.0456, 0.33668013505278377]",0.0456,0.33668013505278377,4.6490686910692366e-05,-0.1585357366198376,-0.16075915613727046,-4.649068691068926e-05,0.38471771727209275,0.3891634164355075,-4.6490685429122074e-05,-0.2649458332054139,-0.2752090727298214,4.6490686915369926e-05,-0.7869809233308032,-0.8056933501913641,-4.6490686910689405e-05,0.10015707378567082,0.10170757126226067,4.6490686910692806e-05,3.368329761345803e-17,-7.73344509452945e-15
381.24,"[0.06062, 0.0456, 0.33668013505278377]",0.0456,0.33668013505278377,4.649068690634092e-05,-0.1585357366198376,-0.16075915613727046,-4.649068690641248e-05,0.38471771727209275,0.3891634164355075,-4.649068541674063e-05,-0.2649458332054139,-0.2752090727298214,4.649068690073131e-05,-0.7869809233308032,-0.8056933501913641,-4.649068690641726e-05,0.10015707378567082,0.10170757126226067,4.6490686906335926e-05,3.368329761345803e-17,-7.73344509452945e-15
381.26,"[0.06062, 0.0456, 0.33738513423359806]",0.0456,0.33738513423359806,4.649068691510784e-05,-0.157907360031006,-0.16064111592772234,-4.649068691510036e-05,0.383377082987969,0.38892798709793824,-4.6490685435300766e-05,-0.2623604983188887,-0.2746618782462745,4.649068692156837e-05,-0.7820290207392588,-0.804697429780028,-4.6490686915100346e-05,0.09972402144094802,0.10162521642422213,4.6490686915108986e-05,3.3609221197070334e-17,-7.808143627904721e-15
381.28,"[0.06062, 0.0456, 0.33738513423359806]",0.0456,0.33738513423359806,4.649068691154956e-05,-0.157907360031006,-0.16064111592772234,-4.649068691155543e-05,0.383377082987969,0.38892798709793824,-4.6490685431102525e-05,-0.2623604983188887,-0.2746618782462745,4.6490686917466814e-05,-0.7820290207392588,-0.804697429780028,-4.649068691155572e-05,0.09972402144094802,0.10162521642422213,4.649068691154935e-05,3.3609221197070334e-17,-7.808143627904721e-15
381.3,"[0.06062, 0.0456, 0.33738513423359806]",0.0456,0.33738513423359806,4.649068693174918e-05,-0.157907360031006,-0.1604977149026788,-4.649068693173048e-05,0.383377082987969,0.38863736472908395,-4.6490685454923714e-05,-0.2623604983188887,-0.27401445986773654,4.649068694029452e-05,-0.7820290207392588,-0.8035060536898273,-4.649068693172943e-05,0.09972402144094802,0.10152545195358127,4.649068693175035e-05,3.3609221197070334e-17,-7.80711788096409e-15
381.32,"[0.06062, 0.0456, 0.33812245851238093]",0.0456,0.33812245851238093,4.649068692769957e-05,-0.15724477570557635,-0.1604977149026788,-4.6490686927706385e-05,0.3819557120943266,0.38863736472908395,-4.6490685449181664e-05,-0.2596580388519636,-0.27401445986773654,4.649068693433911e-05,-0.7768325082614331,-0.8035060536898273,-4.649068692770708e-05,0.09926769932755003,0.10152545195358127,4.649068692769903e-05,3.382732151490897e-17,-7.80711788096409e-15
381.34,"[0.06062, 0.0456, 0.33812245851238093]",0.0456,0.33812245851238093,4.6490686950455955e-05,-0.15724477570557635,-0.16032723849331992,-4.649068695043325e-05,0.3819557120943266,0.38828774310092895,-4.64906854760527e-05,-0.2596580388519636,-0.27326002029000224,4.649068696010712e-05,-0.7768325082614331,-0.8021059707608443,-4.6490686950431906e-05,0.09926769932755003,0.10140709597480213,4.649068695045753e-05,3.382732151490897e-17,-7.79992200004233e-15
381.36,"[0.06062, 0.0456, 0.3388913802390875]",0.0456,0.3388913802390875,4.649068694532433e-05,-0.15654788626800045,-0.16032723849331992,-4.649068694533286e-05,0.3804524546465757,0.38828774310092895,-4.649068546897316e-05,-0.2568412099375284,-0.27326002029000224,4.6490686952829856e-05,-0.7713939855418518,-0.8021059707608443,-4.6490686945333384e-05,0.09878808898646817,0.10140709597480213,4.649068694532331e-05,3.3681439943332934e-17,-7.79992200004233e-15
381.38,"[0.06062, 0.0456, 0.3388913802390875]",0.0456,0.3388913802390875,4.6490686971235455e-05,-0.15654788626800045,-0.16012902210969684,-4.649068697120784e-05,0.3804524546465757,0.3878773375806867,-4.649068549963749e-05,-0.2568412099375284,-0.27239690591250254,4.6490686982265776e-05,-0.7713939855418518,-0.8004930847192863,-4.649068697120697e-05,0.09878808898646817,0.10126970389407863,4.64906869712379e-05,3.3681439943332934e-17,-7.794752581828534e-15
381.4,"[0.06062, 0.0456, 0.3388913802390875]",0.0456,0.3388913802390875,4.649068696561444e-05,-0.15654788626800045,-0.16012902210969684,-4.649068696562423e-05,0.3804524546465757,0.3878773375806867,-4.6490685491836875e-05,-0.2568412099375284,-0.27239690591250254,4.649068697422533e-05,-0.7713939855418518,-0.8004930847192863,-4.6490686965625665e-05,0.09878808898646817,0.10126970389407863,4.649068696561463e-05,3.3681439943332934e-17,-7.794752581828534e-15
381.42,"[0.06062, 0.0456, 0.33969114058080646]",0.0456,0.33969114058080646,4.649068699520629e-05,-0.1558166046113339,-0.15990256214058834,-4.6490686995173135e-05,0.3788661926072987,0.387404659329202,-4.649068552683324e-05,-0.2539128574634054,-0.2714243030867908,4.649068700781621e-05,-0.7657161933810253,-0.7986647584645271,-4.649068699517162e-05,0.09828518174437745,0.10111294511112048,4.649068699520889e-05,3.332246763963845e-17,-7.792327228232005e-15
381.44,"[0.06062, 0.0456, 0.33969114058080646]",0.0456,0.33969114058080646,4.649068698953273e-05,-0.1558166046113339,-0.15990256214058834,-4.649068698954343e-05,0.3788661926072987,0.387404659329202,-4.649068551875615e-05,-0.2539128574634054,-0.2714243030867908,4.649068699941306e-05,-0.7657161933810253,-0.7986647584645271,-4.649068698954438e-05,0.09828518174437745,0.10111294511112048,4.649068698953242e-05,3.332246763963845e-17,-7.792327228232005e-15
381.461,"[0.06062, 0.0456, 0.3405209502706368]",0.0456,0.3405209502706368,4.649068701364639e-05,-0.1550508556375477,-0.15968571438428816,-4.649068701376772e-05,0.3771958500193475,0.386951859040404,-4.649068553521856e-05,-0.25087591289230826,-0.2704936619683057,4.6490687010570405e-05,-0.7598020151243832,-0.7969147609057744,-4.649068701377541e-05,0.09775897990796886,0.10096285092763567,4.6490687013638365e-05,3.338811464622589e-17,-7.791826381451973e-15
381.48,"[0.06062, 0.0456, 0.3405209502706368]",0.0456,0.3405209502706368,4.649068702287177e-05,-0.1550508556375477,-0.15943681173130425,-4.6490687022875246e-05,0.3771958500193475,0.3864285096265495,-4.649068555603673e-05,-0.25087591289230826,-0.2694380916080319,4.649068703426513e-05,-0.7598020151243832,-0.7949195334016022,-4.64906870228752e-05,0.09775897990796886,0.10079076332966144,4.649068702287139e-05,3.338811464622589e-17,-7.853218749659172e-15
381.5,"[0.06062, 0.0456, 0.3405209502706368]",0.0456,0.3405209502706368,4.649068702941188e-05,-0.1550508556375477,-0.15943681173130425,-4.6490687029557e-05,0.3771958500193475,0.3864285096265495,-4.64906855521977e-05,-0.25087591289230826,-0.2694380916080319,4.6490687026084e-05,-0.7598020151243832,-0.7949195334016022,-4.6490687029566454e-05,0.09775897990796886,0.10079076332966144,4.6490687029402306e-05,3.338811464622589e-17,-7.853218749659172e-15
381.52,"[0.06062, 0.0456, 0.34137999038659883]",0.0456,0.34137999038659883,4.64906870606131e-05,-0.15425057799360078,-0.15943681173130425,-4.6490687060572854e-05,0.37544040308721055,0.3864285096265495,-4.649068560162194e-05,-0.24773338818580748,-0.2694380916080319,4.64906870782322e-05,-0.7536544780917518,-0.7949195334016022,-4.649068706056991e-05,0.09720949794586928,0.10079076332966144,4.649068706061551e-05,3.2998975603425474e-17,-7.853218749659172e-15
381.54,"[0.06062, 0.0456, 0.34137999038659883]",0.0456,0.34137999038659883,4.649068710357689e-05,-0.15425057799360078,-0.1591658021555307,-4.649068710352405e-05,0.37544040308721055,0.3858547168893912,-4.649068564733303e-05,-0.24773338818580748,-0.2683024955363049,4.649068712020286e-05,-0.7536544780917518,-0.7927617083043174,-4.649068710352018e-05,0.09720949794586928,0.10060360047620887,4.649068710357936e-05,3.2998975603425474e-17,-7.736031399535312e-15
381.56,"[0.06062, 0.0456, 0.34226741315981124]",0.0456,0.34226741315981124,4.649068710071651e-05,-0.1534157257983586,-0.1591658021555307,-4.649068710072528e-05,0.37359889011991526,0.3858547168893912,-4.6490685641364204e-05,-0.24448837085957592,-0.2683024955363049,4.649068711333696e-05,-0.7472767550524524,-0.7927617083043174,-4.6490687100725936e-05,0.09663676365387011,0.10060360047620887,4.6490687100715825e-05,3.279341286420737e-17,-7.736031399535312e-15
381.58,"[0.06062, 0.0456, 0.34226741315981124]",0.0456,0.34226741315981124,4.649068714199548e-05,-0.1534157257983586,-0.1588627059565792,-4.64906871419423e-05,0.37359889011991526,0.38520919776725293,-4.649068568963114e-05,-0.24448837085957592,-0.2670454438520419,4.6490687159471696e-05,-0.7472767550524524,-0.7903622358157701,-4.649068714193905e-05,0.09663676365387011,0.10039447463795935,4.649068714199898e-05,3.279341286420737e-17,-7.69906946282508e-15
381.6,"[0.06062, 0.0456, 0.34226741315981124]",0.0456,0.34226741315981124,4.6490687138136494e-05,-0.1534157257983586,-0.1588627059565792,-4.649068713814772e-05,0.37359889011991526,0.38520919776725293,-4.64906856828515e-05,-0.24448837085957592,-0.2670454438520419,4.649068715194588e-05,-0.7472767550524524,-0.7903622358157701,-4.649068713814858e-05,0.09663676365387011,0.10039447463795935,4.649068713813597e-05,3.279341286420737e-17,-7.69906946282508e-15
381.62,"[0.06062, 0.0456, 0.34318234281113674]",0.0456,0.34318234281113674,4.649068718349015e-05,-0.1525462703563717,-0.15852929746610328,-4.649068718342995e-05,0.3716704212922479,0.3844951108024499,-4.6490685735961955e-05,-0.2411440191948463,-0.2656763595410693,4.649068720274438e-05,-0.7406721657525249,-0.7877373620933059,-4.649068718342608e-05,0.09604081929984666,0.10016464112327325,4.6490687183494065e-05,3.288829101701236e-17,-7.678234505132767e-15
381.64,"[0.06062, 0.0456, 0.34318234281113674]",0.0456,0.34318234281113674,4.6490687180093106e-05,-0.1525462703563717,-0.15852929746610328,-4.6490687180105215e-05,0.3716704212922479,0.3844951108024499,-4.649068572945586e-05,-0.2411440191948463,-0.2656763595410693,4.6490687195359594e-05,-0.7406721657525249,-0.7877373620933059,-4.649068718010601e-05,0.09604081929984666,0.10016464112327325,4.649068718009205e-05,3.288829101701236e-17,-7.678234505132767e-15
381.66,"[0.06062, 0.0456, 0.34412387641547026]",0.0456,0.34412387641547026,4.649068722986023e-05,-0.15164220185551472,-0.1582106349174349,-4.649068722979199e-05,0.36965418818488294,0.3838124150792925,-4.649068578764334e-05,-0.2377035576286104,-0.2643684886866116,4.649068725098353e-05,-0.733844178502135,-0.7852292855919776,-4.649068722978755e-05,0.09542172274545149,0.09994498275169783,4.649068722986428e-05,3.3260164791080597e-17,-7.66302016791924e-15
381.68,"[0.06062, 0.0456, 0.34412387641547026]",0.0456,0.34412387641547026,4.649068723280598e-05,-0.15164220185551472,-0.15785607759626522,-4.6490687232808696e-05,0.36965418818488294,0.38304880262179697,-4.649068578783893e-05,-0.2377035576286104,-0.2629269651211372,4.6490687249738425e-05,-0.733844178502135,-0.7824532507783415,-4.649068723280869e-05,0.09542172274545149,0.09970078865678884,4.649068723280578e-05,3.3260164791080597e-17,-7.741442899634634e-15
381.7,"[0.06062, 0.0456, 0.34412387641547026]",0.0456,0.34412387641547026,4.6490687245781114e-05,-0.15164220185551472,-0.15785607759626522,-4.649068724600549e-05,0.36965418818488294,0.38304880262179697,-4.6490685787444245e-05,-0.2377035576286104,-0.2629269651211372,4.64906872431884e-05,-0.733844178502135,-0.7824532507783415,-4.649068724602006e-05,0.09542172274545149,0.09970078865678884,4.649068724576642e-05,3.3260164791080597e-17,-7.741442899634634e-15
381.72,"[0.06062, 0.0456, 0.345091084792817]",0.0456,0.345091084792817,4.649068729113464e-05,-0.15070353104647896,-0.15747507533397306,-4.649068729106776e-05,0.3675494730679696,0.38222381387892346,-4.649068585709804e-05,-0.2341702723425024,-0.26139299417517037,4.6490687316140095e-05,-0.7267964118325733,-0.7794862206256445,-4.649068729106298e-05,0.0947795485423709,0.09943861089377841,4.64906872911391e-05,3.317502008215562e-17,-7.70032902593957e-15
381.74,"[0.06062, 0.0456, 0.345091084792817]",0.0456,0.345091084792817,4.649068730970976e-05,-0.15070353104647896,-0.15747507533397306,-4.649068730995163e-05,0.3675494730679696,0.38222381387892346,-4.649068585676595e-05,-0.2341702723425024,-0.26139299417517037,4.64906873071364e-05,-0.7267964118325733,-0.7794862206256445,-4.6490687309966763e-05,0.0947795485423709,0.09943861089377841,4.6490687309693605e-05,3.317502008215562e-17,-7.70032902593957e-15
381.76,"[0.06062, 0.0456, 0.34608301342528114]",0.0456,0.34608301342528114,4.649068735669117e-05,-0.1497302909031342,-0.1570635829163353,-4.649068735661975e-05,0.3653556578968453,0.38132825818246247,-4.6490685928816605e-05,-0.23054750706774935,-0.2597518137125605,4.6490687382588814e-05,-0.7195326362337194,-0.7762983299716488,-4.64906873566153e-05,0.09411438900166132,0.09915569135604033,4.649068735669592e-05,3.2983379326573114e-17,-7.646603190132933e-15
381.78,"[0.06062, 0.0456, 0.34608301342528114]",0.0456,0.34608301342528114,4.649068737476761e-05,-0.1497302909031342,-0.1570635829163353,-4.6490687375038376e-05,0.3653556578968453,0.38132825818246247,-4.649068592673725e-05,-0.23054750706774935,-0.2597518137125605,4.649068737142828e-05,-0.7195326362337194,-0.7762983299716488,-4.649068737505592e-05,0.09411438900166132,0.09915569135604033,4.649068737475037e-05,3.2983379326573114e-17,-7.646603190132933e-15
381.8,"[0.06062, 0.0456, 0.34608301342528114]",0.0456,0.34608301342528114,4.6490687423318745e-05,-0.1497302909031342,-0.1566712126197082,-4.649068742324256e-05,0.3653556578968453,0.3804740844987475,-4.6490686001891804e-05,-0.23054750706774935,-0.25818770194027074,4.649068745035585e-05,-0.7195326362337194,-0.773259436631115,-4.649068742323706e-05,0.09411438900166132,0.0988859314205907,4.6490687423323224e-05,3.2983379326573114e-17,-7.594865736848441e-15
381.82,"[0.06062, 0.0456, 0.34709868339905925]",0.0456,0.34709868339905925,4.6490687446391835e-05,-0.14872253826379353,-0.1566712126197082,-4.649068744664529e-05,0.3630722329927313,0.3804740844987475,-4.649068600622853e-05,-0.22683865912092452,-0.25818770194027074,4.649068744555522e-05,-0.7120567759841416,-0.773259436631115,-4.6490687446661015e-05,0.09342635523539963,0.0988859314205907,4.649068744637559e-05,3.294015389374853e-17,-7.594865736848441e-15
381.84,"[0.06062, 0.0456, 0.34709868339905925]",0.0456,0.34709868339905925,4.649068749775018e-05,-0.14872253826379353,-0.1562477303903902,-4.6490687497667306e-05,0.3630722329927313,0.379547556749995,-4.649068608304757e-05,-0.22683865912092452,-0.2565154836835223,4.6490687525454534e-05,-0.7120567759841416,-0.7699965693664922,-4.649068749766196e-05,0.09342635523539963,0.0985950297032309,4.6490687497755926e-05,3.294015389374853e-17,-7.505854852678988e-15
381.86,"[0.06062, 0.0456, 0.34813709237051066]",0.0456,0.34813709237051066,4.64906875193274e-05,-0.1476803554544207,-0.1562477303903902,-4.6490687519613e-05,0.36069880538546817,0.379547556749995,-4.649068608439822e-05,-0.2230471756826148,-0.2565154836835223,4.649068751728013e-05,-0.7043729110872413,-0.7699965693664922,-4.649068751963116e-05,0.0927155781705922,0.0985950297032309,4.649068751930894e-05,3.242337375509525e-17,-7.505854852678988e-15
381.88,"[0.06062, 0.0456, 0.34813709237051066]",0.0456,0.34813709237051066,4.649068757119811e-05,-0.1476803554544207,-0.15578430933408352,-4.649068757111172e-05,0.36069880538546817,0.37852888981064864,-4.649068616320506e-05,-0.2230471756826148,-0.2547020747252883,4.6490687599636676e-05,-0.7043729110872413,-0.7664436271996603,-4.649068757110516e-05,0.0927155781705922,0.09827695430660266,4.649068757120269e-05,3.242337375509525e-17,-7.584295749647332e-15
381.9,"[0.06062, 0.0456, 0.34813709237051066]",0.0456,0.34813709237051066,4.6490687579576897e-05,-0.1476803554544207,-0.15578430933408352,-4.6490687579580366e-05,0.36069880538546817,0.37852888981064864,-4.6490686170058785e-05,-0.2230471756826148,-0.2547020747252883,4.649068760476936e-05,-0.7043729110872413,-0.7664436271996603,-4.649068757958034e-05,0.0927155781705922,0.09827695430660266,4.6490687579576266e-05,3.242337375509525e-17,-7.584295749647332e-15
381.92,"[0.06062, 0.0456, 0.3491972155553491]",0.0456,0.3491972155553491,4.649068765591557e-05,-0.14660385189580913,-0.1552942427110159,-4.649068765578928e-05,0.35823510679953646,0.37744641109000526,-4.649068625774364e-05,-0.21917655032853034,-0.25280277272410223,4.649068768800873e-05,-0.6964852793280336,-0.7627060515435814,-4.649068765578077e-05,0.09198220953598191,0.09794088559727042,4.6490687655923574e-05,3.2156689967372786e-17,-7.520843166918303e-15
381.94,"[0.06062, 0.0456, 0.3491972155553491]",0.0456,0.3491972155553491,4.649068766563168e-05,-0.14660385189580913,-0.1552942427110159,-4.649068766563533e-05,0.35823510679953646,0.37744641109000526,-4.649068626385825e-05,-0.21917655032853034,-0.25280277272410223,4.649068769152338e-05,-0.6964852793280336,-0.7627060515435814,-4.6490687665635e-05,0.09198220953598191,0.09794088559727042,4.649068766563084e-05,3.2156689967372786e-17,-7.520843166918303e-15
381.96,"[0.06062, 0.0456, 0.3502780067399815]",0.0456,0.3502780067399815,4.64906877437625e-05,-0.1454931656977121,-0.15482792091286696,-4.649068774362875e-05,0.3556810012686911,0.37641608682683325,-4.649068635353221e-05,-0.21523031982001445,-0.25099651787191896,4.6490687776629374e-05,-0.6883982784661368,-0.7591506613485377,-4.649068774361993e-05,0.09122642282305345,0.09762111633009439,4.6490687743771164e-05,3.2466770094869685e-17,-7.443140121634476e-15
381.98,"[0.06062, 0.0456, 0.3502780067399815]",0.0456,0.3502780067399815,4.649068775832253e-05,-0.1454931656977121,-0.15482792091286696,-4.649068775831533e-05,0.3556810012686911,0.37641608682683325,-4.6490686364877244e-05,-0.21523031982001445,-0.25099651787191896,4.649068778498703e-05,-0.6883982784661368,-0.7591506613485377,-4.6490687758314286e-05,0.09122642282305345,0.09762111633009439,4.64906877583222e-05,3.2466770094869685e-17,-7.443140121634476e-15
382.0,"[0.06062, 0.0456, 0.3502780067399815]",0.0456,0.3502780067399815,4.6490687836997e-05,-0.1454931656977121,-0.15432016065784648,-4.649068783685773e-05,0.3556810012686911,0.3752891296355835,-4.649068645462243e-05,-0.21523031982001445,-0.24904780060174764,4.6490687869940475e-05,-0.6883982784661368,-0.7552986596993178,-4.6490687836847555e-05,0.09122642282305345,0.09727322758102953,4.6490687837004446e-05,3.2466770094869685e-17,-7.504542664633809e-15
382.02,"[0.06062, 0.0456, 0.351378399313994]",0.0456,0.351378399313994,4.649068784737337e-05,-0.14434846524381773,-0.15432016065784648,-4.649068784737625e-05,0.353036492368513,0.3752891296355835,-4.649068646135707e-05,-0.2112120611584649,-0.24904780060174764,4.649068787396186e-05,-0.6801164685814961,-0.7552986596993178,-4.649068784737613e-05,0.09044841422317264,0.09727322758102953,4.649068784737282e-05,3.228453617316195e-17,-7.504542664633809e-15
382.04,"[0.06062, 0.0456, 0.351378399313994]",0.0456,0.351378399313994,4.649068792728274e-05,-0.14434846524381773,-0.153792183230876,-4.649068792713682e-05,0.353036492368513,0.374111594538993,-4.6490686553046e-05,-0.2112120611584649,-0.2470420399850714,4.649068796097265e-05,-0.6801164685814961,-0.7513153199673761,-4.649068792712748e-05,0.09044841422317264,0.09691182992547638,4.6490687927292e-05,3.228453617316195e-17,-7.331985065993383e-15
382.06,"[0.06062, 0.0456, 0.352497307322768]",0.0456,0.352497307322768,4.649068793812963e-05,-0.14316995077231842,-0.1532172879098808,-4.6490687938133614e-05,0.3503017300599656,0.37282407824464525,-4.649068656027945e-05,-0.20712538890576057,-0.24487765012111953,4.6490687965431575e-05,-0.6716445745900723,-0.7469990725849247,-4.649068793813328e-05,0.08964840354338016,0.0965186525153499,4.649068793812803e-05,3.23787951272022e-17,-7.413589274183168e-15
382.08,"[0.06062, 0.0456, 0.352497307322768]",0.0456,0.352497307322768,4.6490687964064125e-05,-0.14316995077231842,-0.1532172879098808,-4.649068796451622e-05,0.3503017300599656,0.37282407824464525,-4.649068656823995e-05,-0.20712538890576057,-0.24487765012111953,4.649068796392444e-05,-0.6716445745900723,-0.7469990725849247,-4.649068796454495e-05,0.08964840354338016,0.0965186525153499,4.649068796403394e-05,3.23787951272022e-17,-7.413589274183168e-15
382.1,"[0.06062, 0.0456, 0.352497307322768]",0.0456,0.352497307322768,4.6490688035314686e-05,-0.14316995077231842,-0.15267612942809702,-4.649068803517529e-05,0.3503017300599656,0.37161165654197786,-4.649068667395061e-05,-0.20712538890576057,-0.2428419352047522,4.649068807380287e-05,-0.6716445745900723,-0.7429378986565108,-4.6490688035166185e-05,0.08964840354338016,0.09614857579906132,4.6490688035323055e-05,3.23787951272022e-17,-7.332945626224971e-15
382.12,"[0.06062, 0.0456, 0.35363362653918645]",0.0456,0.35363362653918645,4.649068807486489e-05,-0.1419578559576266,-0.15267612942809702,-4.649068807526978e-05,0.34747701714063395,0.37161165654197786,-4.6490686691133444e-05,-0.20297395277052555,-0.2428419352047522,4.649068807851104e-05,-0.6629874889473664,-0.7429378986565108,-4.649068807529614e-05,0.08882663510390915,0.09614857579906132,4.64906880748383e-05,3.226258537218608e-17,-7.332945626224971e-15
382.14,"[0.06062, 0.0456, 0.35363362653918645]",0.0456,0.35363362653918645,4.6490688148294916e-05,-0.1419578559576266,-0.1521023769034569,-4.649068814814662e-05,0.34747701714063395,0.3703205374809841,-4.649068679633786e-05,-0.20297395277052555,-0.24070480036626932,4.649068818671634e-05,-0.6629874889473664,-0.7386549177924726,-4.6490688148136934e-05,0.08882663510390915,0.09575657907687744,4.64906881483043e-05,3.226258537218608e-17,-7.188866454843975e-15
382.16,"[0.06062, 0.0456, 0.35478623555337196]",0.0456,0.35478623555337196,4.649068818477183e-05,-0.1407124494995179,-0.1521023769034569,-4.6490688185223675e-05,0.34456281530364163,0.3703205374809841,-4.649068680903546e-05,-0.1987614354578626,-0.24070480036626932,4.6490688186719224e-05,-0.6541502745580293,-0.7386549177924726,-4.6490688185252894e-05,0.08798337862097812,0.09575657907687744,4.649068818474198e-05,3.2227733736719425e-17,-7.188866454843975e-15
382.18,"[0.06062, 0.0456, 0.35478623555337196]",0.0456,0.35478623555337196,4.649068825695549e-05,-0.1407124494995179,-0.15149445324777927,-4.649068825680498e-05,0.34456281530364163,0.3689466587815507,-4.6490686914126997e-05,-0.1987614354578626,-0.23846273687469258,4.649068829538138e-05,-0.6541502745580293,-0.73414094147087,-4.6490688256794835e-05,0.08798337862097812,0.0953416349614728,4.649068825696431e-05,3.2227733736719425e-17,-7.053389204304495e-15
382.2,"[0.06062, 0.0456, 0.35478623555337196]",0.0456,0.35478623555337196,4.649068829153423e-05,-0.1407124494995179,-0.15149445324777927,-4.64906882920337e-05,0.34456281530364163,0.3689466587815507,-4.6490686924006375e-05,-0.1987614354578626,-0.23846273687469258,4.6490688292383806e-05,-0.6541502745580293,-0.73414094147087,-4.649068829206568e-05,0.08798337862097812,0.0953416349614728,4.6490688291501184e-05,3.2227733736719425e-17,-7.053389204304495e-15
382.22,"[0.06062, 0.0456, 0.355953996879384]",0.0456,0.355953996879384,4.6490688363957385e-05,-0.13943403672663568,-0.15085177767171018,-4.649068836380149e-05,0.3415597508073044,0.367488233690409,-4.64906870305801e-05,-0.19449155077813363,-0.23611592392045289,4.649068840297711e-05,-0.645138167910058,-0.7293942014160395,-4.649068836379074e-05,0.08711893007885455,0.09490339816335136,4.6490688363966865e-05,3.267750739441447e-17,-6.934341837927691e-15
382.24,"[0.06062, 0.0456, 0.355953996879384]",0.0456,0.355953996879384,4.649068842591066e-05,-0.13943403672663568,-0.15085177767171018,-4.6490688425918516e-05,0.3415597508073044,0.367488233690409,-4.649068709266035e-05,-0.19449155077813363,-0.23611592392045289,4.6490688457846874e-05,-0.645138167910058,-0.7293942014160395,-4.649068842591972e-05,0.08711893007885455,0.09490339816335136,4.649068842591074e-05,3.267750739441447e-17,-6.934341837927691e-15
382.26,"[0.06062, 0.0456, 0.3571357580777791]",0.0456,0.3571357580777791,4.649068847177601e-05,-0.13812296122187182,-0.15022762642109744,-4.649068847161194e-05,0.33846861976130777,0.3660716953400337,-4.649068714824204e-05,-0.1901680420084203,-0.23383732898822437,4.6490688511801504e-05,-0.635956582452089,-0.7247848988104723,-4.649068847160127e-05,0.08623361259554303,0.09447780323688465,4.6490688471786834e-05,3.3112246198092644e-17,-7.044434083391265e-15
382.28,"[0.06062, 0.0456, 0.3571357580777791]",0.0456,0.3571357580777791,4.649068851010967e-05,-0.13812296122187182,-0.15022762642109744,-4.649068851063669e-05,0.33846861976130777,0.3660716953400337,-4.649068716227121e-05,-0.1901680420084203,-0.23383732898822437,4.6490688512603725e-05,-0.635956582452089,-0.7247848988104723,-4.649068851067074e-05,0.08623361259554303,0.09447780323688465,4.649068851007489e-05,3.3112246198092644e-17,-7.044434083391265e-15
382.3,"[0.06062, 0.0456, 0.3571357580777791]",0.0456,0.3571357580777791,4.6490688586366065e-05,-0.13812296122187182,-0.14957308903275218,-4.6490688586190614e-05,0.33846861976130777,0.36458007666852543,-4.649068727297107e-05,-0.1901680420084203,-0.2314722280813371,4.649068862705104e-05,-0.635956582452089,-0.7199776083367031,-4.649068858617872e-05,0.08623361259554303,0.09403194521186348,4.649068858637717e-05,3.3112246198092644e-17,-7.041993303525478e-15
382.32,"[0.06062, 0.0456, 0.35833035289293025]",0.0456,0.35833035289293025,4.6490688610160874e-05,-0.136779606477612,-0.14957308903275218,-4.649068861014872e-05,0.33529039303760927,0.36458007666852543,-4.6490687295898664e-05,-0.1857946804984509,-0.2314722280813371,4.649068864658882e-05,-0.6266111122320739,-0.7199776083367031,-4.649068861014717e-05,0.08532777728676913,0.09403194521186348,4.649068861016091e-05,3.3475754863751325e-17,-7.041993303525478e-15
382.34,"[0.06062, 0.0456, 0.35833035289293025]",0.0456,0.35833035289293025,4.649068871504082e-05,-0.136779606477612,-0.1488995322879888,-4.64906887147954e-05,0.33529039303760927,0.36303876610198127,-4.649068741514453e-05,-0.1857946804984509,-0.22906440895363123,4.649068875934663e-05,-0.6266111122320739,-0.7150588004135321,-4.6490688714778665e-05,0.08532777728676913,0.09357362913563295,4.6490688715055543e-05,3.3475754863751325e-17,-6.7107229454418045e-15
382.36,"[0.06062, 0.0456, 0.35953660240398017]",0.0456,0.35953660240398017,4.649068875473641e-05,-0.13540439758922931,-0.1488995322879888,-4.64906887553409e-05,0.3320262208163037,0.36303876610198127,-4.6490687427113616e-05,-0.18137526451107752,-0.22906440895363123,4.649068875657056e-05,-0.6171075358151685,-0.7150588004135321,-4.649068875537955e-05,0.08440180413315806,0.09357362913563295,4.6490688754696726e-05,3.3084314581167706e-17,-6.7107229454418045e-15
382.38,"[0.06062, 0.0456, 0.35953660240398017]",0.0456,0.35953660240398017,4.6490688831081845e-05,-0.13540439758922931,-0.14816962866202643,-4.649068883089572e-05,0.3320262208163037,0.3613626623067891,-4.649068753867766e-05,-0.18137526451107752,-0.22647996236186674,4.649068887225346e-05,-0.6171075358151685,-0.7097554319103655,-4.649068883088357e-05,0.08440180413315806,0.09307746057935463,4.6490688831093474e-05,3.3084314581167706e-17,-6.77483533431678e-15
382.4,"[0.06062, 0.0456, 0.35953660240398017]",0.0456,0.35953660240398017,4.6490688850912445e-05,-0.13540439758922931,-0.14816962866202643,-4.649068885091741e-05,0.3320262208163037,0.3613626623067891,-4.6490687557413094e-05,-0.18137526451107752,-0.22647996236186674,4.64906888878787e-05,-0.6171075358151685,-0.7097554319103655,-4.649068885091752e-05,0.08440180413315806,0.09307746057935463,4.6490688850911835e-05,3.3084314581167706e-17,-6.77483533431678e-15
382.42,"[0.06062, 0.0456, 0.3607533161882936]",0.0456,0.3607533161882936,4.649068895863678e-05,-0.13399780299549746,-0.1474246702025173,-4.649068895836645e-05,0.3286774367783805,0.35964535293132543,-4.649068768047634e-05,-0.17691361828577182,-0.22387099021283896,4.649068900450421e-05,-0.6074518204979386,-0.7043739710487876,-4.6490688958348756e-05,0.08345610285567462,0.0925716354086814,4.6490688958654365e-05,3.344264116854077e-17,-6.472329639258289e-15
382.44,"[0.06062, 0.0456, 0.3607533161882936]",0.0456,0.3607533161882936,4.649068899821969e-05,-0.13399780299549746,-0.1474246702025173,-4.649068899893201e-05,0.3286774367783805,0.35964535293132543,-4.649068769086701e-05,-0.17691361828577182,-0.22387099021283896,4.649068899944451e-05,-0.6074518204979386,-0.7043739710487876,-4.649068899897805e-05,0.08345610285567462,0.0925716354086814,4.6490688998173846e-05,3.344264116854077e-17,-6.472329639258289e-15
382.46,"[0.06062, 0.0456, 0.3619792934962611]",0.0456,0.3619792934962611,4.649068907746836e-05,-0.13256033627475824,-0.14669382477082152,-4.649068907726191e-05,0.3252455619585581,0.3579605795491441,-4.649068780741161e-05,-0.1724135913120784,-0.22131144131363834,4.649068912064824e-05,-0.5976501268348907,-0.6990944576048195,-4.649068907724832e-05,0.08249111380447786,0.09207539298689443,4.649068907748149e-05,3.397133213187862e-17,-6.57499807324466e-15
382.48,"[0.06062, 0.0456, 0.3619792934962611]",0.0456,0.3619792934962611,4.649068910389513e-05,-0.13256033627475824,-0.14669382477082152,-4.649068910388088e-05,0.3252455619585581,0.3579605795491441,-4.64906878334133e-05,-0.1724135913120784,-0.22131144131363834,4.649068914302454e-05,-0.5976501268348907,-0.6990944576048195,-4.649068910387986e-05,0.08249111380447786,0.09207539298689443,4.6490689103896175e-05,3.397133213187862e-17,-6.57499807324466e-15
382.5,"[0.06062, 0.0456, 0.3619792934962611]",0.0456,0.3619792934962611,4.6490689215606126e-05,-0.13256033627475824,-0.14593577432540344,-4.649068921530626e-05,0.3252455619585581,0.3562068439589411,-4.6490687960396316e-05,-0.1724135913120784,-0.2186847454695204,4.6490689263107754e-05,-0.5976501268348907,-0.6936490745563764,-4.649068921528706e-05,0.08249111380447786,0.09156125837237754,4.649068921562589e-05,3.397133213187862e-17,-6.446778893236265e-15
382.52,"[0.06062, 0.0456, 0.36321332443629384]",0.0456,0.36321332443629384,4.6490689244143595e-05,-0.13109255800575553,-0.14593577432540344,-4.6490689244129114e-05,0.3217323082722845,0.3562068439589411,-4.649068798577783e-05,-0.16787905779857024,-0.2186847454695204,4.6490689283602326e-05,-0.58770881349203,-0.6936490745563764,-4.649068924412849e-05,0.08150730886634658,0.09156125837237754,4.6490689244145336e-05,3.436899756352104e-17,-6.446778893236265e-15
382.54,"[0.06062, 0.0456, 0.36321332443629384]",0.0456,0.36321332443629384,4.649068935606611e-05,-0.13109255800575553,-0.14514229739768003,-4.649068935575671e-05,0.3217323082722845,0.3543649426111752,-4.6490688112838625e-05,-0.16787905779857024,-0.21596429185969157,4.649068940370584e-05,-0.58770881349203,-0.687980876490597,-4.649068935573613e-05,0.08150730886634658,0.09102370949942797,4.649068935608615e-05,3.436899756352104e-17,-6.301773228347119e-15
382.56,"[0.06062, 0.0456, 0.3644541911688402]",0.0456,0.3644541911688402,4.6490689382953464e-05,-0.1295950777019557,-0.14514229739768003,-4.649068938294872e-05,0.3181395817314259,0.3543649426111752,-4.649068813646681e-05,-0.1633139163214691,-0.21596429185969157,4.649068942254528e-05,-0.5776344424403088,-0.687980876490597,-4.649068938294821e-05,0.08050519239576082,0.09102370949942797,4.649068938295427e-05,3.416761921813069e-17,-6.301773228347119e-15
382.58,"[0.06062, 0.0456, 0.3644541911688402]",0.0456,0.3644541911688402,4.649068949568596e-05,-0.1295950777019557,-0.14431247379632975,-4.649068949536372e-05,0.3181395817314259,0.35243249085026646,-4.6490688264682996e-05,-0.1633139163214691,-0.21314923278883213,4.649068954385274e-05,-0.5776344424403088,-0.682085879048467,-4.649068949534329e-05,0.08050519239576082,0.09046218759026325,4.649068949570753e-05,3.416761921813069e-17,-6.166650318197507e-15
382.6,"[0.06062, 0.0456, 0.3644541911688402]",0.0456,0.3644541911688402,4.649068952196276e-05,-0.1295950777019557,-0.14431247379632975,-4.649068952196472e-05,0.3181395817314259,0.35243249085026646,-4.649068828769233e-05,-0.1633139163214691,-0.21314923278883213,4.649068956208741e-05,-0.5776344424403088,-0.682085879048467,-4.6490689521964974e-05,0.08050519239576082,0.09046218759026325,4.649068952196301e-05,3.416761921813069e-17,-6.166650318197507e-15
382.62,"[0.06062, 0.0456, 0.36570066910824695]",0.0456,0.36570066910824695,4.649068963638358e-05,-0.12806855582798482,-0.1434461792758711,-4.6490689636044747e-05,0.31446948536321223,0.35040898517271,-4.649068841797021e-05,-0.158722089635836,-0.2102414622945527,4.649068968541801e-05,-0.5674337844997234,-0.6759658069276226,-4.6490689636022954e-05,0.07948530217455063,0.08987667547113168,4.6490689636405935e-05,3.3835442709827614e-17,-6.043767413117805e-15
382.64,"[0.06062, 0.0456, 0.36570066910824695]",0.0456,0.36570066910824695,4.64906896629287e-05,-0.12806855582798482,-0.1434461792758711,-4.649068966293467e-05,0.31446948536321223,0.35040898517271,-4.6490688441280834e-05,-0.158722089635836,-0.2102414622945527,4.6490689703882186e-05,-0.5674337844997234,-0.6759658069276226,-4.649068966293469e-05,0.07948530217455063,0.08987667547113168,4.6490689662927634e-05,3.3835442709827614e-17,-6.043767413117805e-15
382.66,"[0.06062, 0.0456, 0.3669515281312769]",0.0456,0.3669515281312769,4.649068977963862e-05,-0.12651370590644084,-0.14262126471219724,-4.6490689779280234e-05,0.3107243218465891,0.34848176683552606,-4.649068857422279e-05,-0.15410752463098454,-0.2074743558264052,4.649068982977248e-05,-0.557113825242128,-0.6701400053603853,-4.649068977925692e-05,0.07844821040476936,0.08931916933952845,4.649068977966203e-05,3.350343225603561e-17,-5.931152874184902e-15
382.68,"[0.06062, 0.0456, 0.3669515281312769]",0.0456,0.3669515281312769,4.649068981281504e-05,-0.12651370590644084,-0.14262126471219724,-4.6490689812792164e-05,0.3107243218465891,0.34848176683552606,-4.649068860473506e-05,-0.15410752463098454,-0.2074743558264052,4.649068985491926e-05,-0.557113825242128,-0.6701400053603853,-4.649068981279015e-05,0.07844821040476936,0.08931916933952845,4.6490689812816084e-05,3.350343225603561e-17,-5.931152874184902e-15
382.7,"[0.06062, 0.0456, 0.3669515281312769]",0.0456,0.3669515281312769,4.6490689930424176e-05,-0.12651370590644084,-0.14174347896687356,-4.649068993005227e-05,0.3107243218465891,0.3464253029796962,-4.6490688737981906e-05,-0.15410752463098454,-0.20456039610275337,4.649068998078617e-05,-0.557113825242128,-0.6639743427061683,-4.6490689930027955e-05,0.07844821040476936,0.08872662709912278,4.6490689930448076e-05,3.350343225603561e-17,-6.0276450875971606e-15
382.72,"[0.06062, 0.0456, 0.36820553379109244]",0.0456,0.36820553379109244,4.6490689960713776e-05,-0.12493129672282263,-0.14083472937159025,-4.6490689960708586e-05,0.30690659587927455,0.34429030184452736,-4.649068876533799e-05,-0.14947419241058424,-0.20157700841779633,4.649069000292856e-05,-0.546681771257707,-0.6576279380510432,-4.6490689960707996e-05,0.07739452473908094,0.08811396084770007,4.649068996071409e-05,3.315272085148388e-17,-6.050897418938843e-15
382.74,"[0.06062, 0.0456, 0.36820553379109244]",0.0456,0.36820553379109244,4.649069001325392e-05,-0.12493129672282263,-0.14083472937159025,-4.6490690014263e-05,0.30690659587927455,0.34429030184452736,-4.649068879974952e-05,-0.14947419241058424,-0.20157700841779633,4.649069002380542e-05,-0.546681771257707,-0.6576279380510432,-4.649069001432851e-05,0.07739452473908094,0.08811396084770007,4.649069001318834e-05,3.315272085148388e-17,-6.050897418938843e-15
382.76,"[0.06062, 0.0456, 0.3694614485355053]",0.0456,0.3694614485355053,4.6490690185433074e-05,-0.1233221546356075,-0.1398956137725184,-4.64906901849984e-05,0.3030190162875032,0.34207820754294516,-4.649068901861161e-05,-0.1448260884767378,-0.19852776201736227,4.6490690240871604e-05,-0.5361450567862791,-0.6511068244535503,-4.6490690184970005e-05,0.0763248893524851,0.08748163123095147,4.6490690185461616e-05,3.350688968166819e-17,-5.90910601127798e-15
382.78,"[0.06062, 0.0456, 0.3694614485355053]",0.0456,0.3694614485355053,4.649069018204197e-05,-0.1233221546356075,-0.1398956137725184,-4.649069018308157e-05,0.3030190162875032,0.34207820754294516,-4.649068898376774e-05,-0.1448260884767378,-0.19852776201736227,4.649069019364933e-05,-0.5361450567862791,-0.6511068244535503,-4.64906901831491e-05,0.0763248893524851,0.08748163123095147,4.649069018197471e-05,3.350688968166819e-17,-5.90910601127798e-15
382.8,"[0.06062, 0.0456, 0.3694614485355053]",0.0456,0.3694614485355053,4.649069028854652e-05,-0.1233221546356075,-0.1398956137725184,-4.6490690288184364e-05,0.3030190162875032,0.34207820754294516,-4.649068913085529e-05,-0.1448260884767378,-0.19852776201736227,4.649069034415525e-05,-0.5361450567862791,-0.6511068244535503,-4.649069028816026e-05,0.0763248893524851,0.08748163123095147,4.6490690288569554e-05,3.350688968166819e-17,-5.90910601127798e-15
382.82,"[0.06062, 0.0456, 0.370718032928291]",0.0456,0.370718032928291,4.649069041780671e-05,-0.12168716599759995,-0.13900324595787839,-4.64906904173578e-05,0.29906449788866274,0.3399758559009227,-4.649068926841414e-05,-0.14016723299615666,-0.19563235243145788,4.6490690470276946e-05,-0.5255113507102285,-0.6449125792474614,-4.649069041732839e-05,0.07523998605861955,0.08688082559092743,4.6490690417835686e-05,3.3471648799883524e-17,-5.750585540399825e-15
382.84,"[0.06062, 0.0456, 0.370718032928291]",0.0456,0.370718032928291,4.649069045320935e-05,-0.12168716599759995,-0.1380686640305752,-4.649069045319189e-05,0.29906449788866274,0.33776868779347924,-4.649068930055313e-05,-0.14016723299615666,-0.192633553218681,4.6490690496409064e-05,-0.5255113507102285,-0.638462481516231,-4.649069045319053e-05,0.07523998605861955,0.08625242228489291,4.6490690453210235e-05,3.3471648799883524e-17,-5.703321856142012e-15
382.86,"[0.06062, 0.0456, 0.3719740468723633]",0.0456,0.3719740468723633,4.649069055134653e-05,-0.12002727969354379,-0.1380686640305752,-4.649069055131802e-05,0.2950461631147686,0.33776868779347924,-4.6490689410075066e-05,-0.13550167112537886,-0.192633553218681,4.649069059834196e-05,-0.5147885639007002,-0.638462481516231,-4.649069055131619e-05,0.07414053547315588,0.08625242228489291,4.6490690551348285e-05,3.3683771822883366e-17,-5.703321856142012e-15
382.88,"[0.06062, 0.0456, 0.3719740468723633]",0.0456,0.3719740468723633,4.649069061443827e-05,-0.12002727969354379,-0.13710166852524508,-4.649069061405306e-05,0.2950461631147686,0.33547974078735937,-4.649068948466147e-05,-0.13550167112537886,-0.18956564057120326,4.649069067019098e-05,-0.5147885639007002,-0.6318273921390223,-4.6490690614027293e-05,0.07414053547315588,0.08560310104098058,4.6490690614462465e-05,3.3683771822883366e-17,-5.534516742632942e-15
382.9,"[0.06062, 0.0456, 0.3719740468723633]",0.0456,0.3719740468723633,4.6490690678763785e-05,-0.12002727969354379,-0.13710166852524508,-4.649069067989718e-05,0.2950461631147686,0.33547974078735937,-4.6490689524218854e-05,-0.13550167112537886,-0.18956564057120326,4.649069069193046e-05,-0.5147885639007002,-0.6318273921390223,-4.6490690679970137e-05,0.07414053547315588,0.08560310104098058,4.649069067868978e-05,3.3683771822883366e-17,-5.534516742632942e-15
382.92,"[0.06062, 0.0456, 0.3732282508335996]",0.0456,0.3732282508335996,4.649069078585894e-05,-0.11834350979760516,-0.1360984288014091,-4.649069078546185e-05,0.2909673434020014,0.3331000226257917,-4.64906896708246e-05,-0.13083347337081055,-0.1864183961639994,4.649069084172458e-05,-0.503984856902801,-0.6249832681463847,-4.649069078543517e-05,0.07302729822597068,0.08493035980761489,4.649069078588355e-05,3.383813905082353e-17,-5.36386888531997e-15
382.94,"[0.06062, 0.0456, 0.3732282508335996]",0.0456,0.3732282508335996,4.649069084942593e-05,-0.11834350979760516,-0.1360984288014091,-4.649069085063895e-05,0.2909673434020014,0.3331000226257917,-4.649068970942658e-05,-0.13083347337081055,-0.1864183961639994,4.649069086234583e-05,-0.503984856902801,-0.6249832681463847,-4.6490690850716854e-05,0.07302729822597068,0.08493035980761489,4.649069084934634e-05,3.383813905082353e-17,-5.36386888531997e-15
382.96,"[0.06062, 0.0456, 0.37447940706411237]",0.0456,0.37447940706411237,4.649069095656384e-05,-0.11663693835266695,-0.13505873823589434,-4.649069095615511e-05,0.286831580348275,0.3306291384625703,-4.649068985638024e-05,-0.12616673595813652,-0.18319323121396075,4.6490691012728514e-05,-0.4931086479386281,-0.6179310882368402,-4.649069095612842e-05,0.07190107622275324,0.08423413534631474,4.649069095659039e-05,3.3560347224578585e-17,-5.2052894791571786e-15
382.98,"[0.06062, 0.0456, 0.37447940706411237]",0.0456,0.37447940706411237,4.649069102017324e-05,-0.11663693835266695,-0.13505873823589434,-4.649069102146416e-05,0.286831580348275,0.3306291384625703,-4.649068989504102e-05,-0.12616673595813652,-0.18319323121396075,4.6490691033224644e-05,-0.4931086479386281,-0.6179310882368402,-4.6490691021547394e-05,0.07190107622275324,0.08423413534631474,4.649069102008906e-05,3.3560347224578585e-17,-5.2052894791571786e-15
383.0,"[0.06062, 0.0456, 0.37447940706411237]",0.0456,0.37447940706411237,4.649069112812174e-05,-0.11663693835266695,-0.13406931885500079,-4.649069112769655e-05,0.286831580348275,0.32827741584582354,-4.6490690043102537e-05,-0.12616673595813652,-0.18012618071271025,4.6490691184874774e-05,-0.4931086479386281,-0.611222308278175,-4.649069112766849e-05,0.07190107622275324,0.0835716301558633,4.649069112814873e-05,3.3560347224578585e-17,-5.058923707775831e-15
383.02,"[0.06062, 0.0456, 0.37572628082375575]",0.0456,0.37572628082375575,4.6490691196547545e-05,-0.11490871827140808,-0.13406931885500079,-4.6490691197755055e-05,0.28264262663710354,0.32827741584582354,-4.6490690088605146e-05,-0.12150558118444277,-0.18012618071271025,4.649069121245905e-05,-0.48216862119916143,-0.611222308278175,-4.64906911978327e-05,0.07076271395555693,0.0835716301558633,4.6490691196468134e-05,3.365448457234327e-17,-5.058923707775831e-15
383.04,"[0.06062, 0.0456, 0.37572628082375575]",0.0456,0.37572628082375575,4.649069130620242e-05,-0.11490871827140808,-0.1330433171020644,-4.649069130575635e-05,0.28264262663710354,0.32583448503755175,-4.6490690236525295e-05,-0.12150558118444277,-0.17698189693487323,4.6490691363054266e-05,-0.48216862119916143,-0.6043059055390325,-4.649069130572719e-05,0.07076271395555693,0.08288560627866579,4.649069130623126e-05,3.365448457234327e-17,-4.874775118626555e-15
383.06,"[0.06062, 0.0456, 0.3769676415986659]",0.0456,0.3769676415986659,4.6490691373607416e-05,-0.11316007635680532,-0.1330433171020644,-4.649069137490186e-05,0.2784044467217657,0.32583448503755175,-4.649069028072435e-05,-0.116854157725099,-0.17698189693487323,4.64906913891387e-05,-0.4711737353870222,-0.6043059055390325,-4.649069137498493e-05,0.06961309986044215,0.08288560627866579,4.649069137352228e-05,3.375035006907864e-17,-4.874775118626555e-15
383.08,"[0.06062, 0.0456, 0.3769676415986659]",0.0456,0.3769676415986659,4.64906914827962e-05,-0.11316007635680532,-0.13196020602159597,-4.6490691482342004e-05,0.2784044467217657,0.3232517374263342,-4.649069042834829e-05,-0.116854157725099,-0.17369879928950624,4.649069153970196e-05,-0.4711737353870222,-0.5970450935448223,-4.649069148231245e-05,0.06961309986044215,0.08216239852997216,4.649069148282575e-05,3.375035006907864e-17,-4.966419221738587e-15
383.1,"[0.06062, 0.0456, 0.3769676415986659]",0.0456,0.3769676415986659,4.649069153360124e-05,-0.11316007635680532,-0.13196020602159597,-4.649069153355273e-05,0.2784044467217657,0.3232517374263342,-4.6490690480880694e-05,-0.116854157725099,-0.17369879928950624,4.649069158599469e-05,-0.4711737353870222,-0.5970450935448223,-4.649069153355005e-05,0.06961309986044215,0.08216239852997216,4.649069153360445e-05,3.375035006907864e-17,-4.966419221738587e-15
383.12,"[0.06062, 0.0456, 0.37820226431562937]",0.0456,0.37820226431562937,4.649069167395262e-05,-0.11139231643699046,-0.130855409447916,-4.64906916733277e-05,0.27412121725902167,0.3206134984862069,-4.649069063891625e-05,-0.11221664086616683,-0.17038921353256306,4.649069173499882e-05,-0.4601332324619418,-0.5896829827142592,-4.6490691673287544e-05,0.06845316771881022,0.0814258181678939,4.649069167399335e-05,3.32160065858765e-17,-4.817014440962085e-15
383.14,"[0.06062, 0.0456, 0.37820226431562937]",0.0456,0.37820226431562937,4.6490691728327975e-05,-0.11139231643699046,-0.130855409447916,-4.6490691728272423e-05,0.27412121725902167,0.3206134984862069,-4.649069069265096e-05,-0.11221664086616683,-0.17038921353256306,4.649069178106066e-05,-0.4601332324619418,-0.5896829827142592,-4.649069172826828e-05,0.06845316771881022,0.0814258181678939,4.6490691728330937e-05,3.32160065858765e-17,-4.817014440962085e-15
383.16,"[0.06062, 0.0456, 0.37942893055108223]",0.0456,0.37942893055108223,4.649069186809845e-05,-0.10960682260625255,-0.12980655169504154,-4.649069186745953e-05,0.2697973272763665,0.3181085672990304,-4.649069084966054e-05,-0.10759723263178045,-0.16724967619203573,4.649069192896538e-05,-0.4490566465292772,-0.5826964063442152,-4.649069186741784e-05,0.06728389809726082,0.08072660067617032,4.649069186813958e-05,3.3139111690404287e-17,-4.642527648717225e-15
383.18,"[0.06062, 0.0456, 0.37942893055108223]",0.0456,0.37942893055108223,4.6490691926242434e-05,-0.10960682260625255,-0.12980655169504154,-4.64906919261543e-05,0.2697973272763665,0.3181085672990304,-4.649069090756953e-05,-0.10759723263178045,-0.16724967619203573,4.6490691978957543e-05,-0.4490566465292772,-0.5826964063442152,-4.64906919261482e-05,0.06728389809726082,0.08072660067617032,4.6490691926247456e-05,3.3139111690404287e-17,-4.642527648717225e-15
383.2,"[0.06062, 0.0456, 0.37942893055108223]",0.0456,0.37942893055108223,4.6490692064116725e-05,-0.10960682260625255,-0.12872241563106612,-4.649069206347274e-05,0.2697973272763665,0.3155162305728663,-4.649069106195562e-05,-0.10759723263178045,-0.16404229991260927,4.649069212415242e-05,-0.4490566465292772,-0.5755173614750858,-4.649069206343031e-05,0.06728389809726082,0.08000495734816447,4.649069206415786e-05,3.3139111690404287e-17,-4.427252988573229e-15
383.22,"[0.06062, 0.0456, 0.38064642973354745]",0.0456,0.38064642973354745,4.649069211986581e-05,-0.10780506256034716,-0.12872241563106612,-4.649069211980203e-05,0.2654373780509811,0.3155162305728663,-4.649069111741716e-05,-0.10300016177458937,-0.16404229991260927,4.649069217187e-05,-0.43795381279889245,-0.5755173614750858,-4.6490692119797045e-05,0.06610631981879406,0.08000495734816447,4.649069211986917e-05,3.2959026414062126e-17,-4.427252988573229e-15
383.24,"[0.06062, 0.0456, 0.38064642973354745]",0.0456,0.38064642973354745,4.649069225607208e-05,-0.10780506256034716,-0.1276022571030948,-4.649069225541947e-05,0.2654373780509811,0.312834982988851,-4.649069127012772e-05,-0.10300016177458937,-0.16076700089419882,4.6490692315616684e-05,-0.43795381279889245,-0.5681434147664902,-4.649069225537653e-05,0.06610631981879406,0.07926047897964966,4.649069225611387e-05,3.2959026414062126e-17,-4.229615164647689e-15
383.26,"[0.06062, 0.0456, 0.38185356033832224]",0.0456,0.38185356033832224,4.6490692310522777e-05,-0.10598859101014997,-0.1276022571030948,-4.649069231047517e-05,0.26104618267226,0.312834982988851,-4.6490691324396204e-05,-0.09842968359604833,-0.16076700089419882,4.649069236224873e-05,-0.42683487652729324,-0.5681434147664902,-4.649069231047185e-05,0.06492151145591463,0.07926047897964966,4.649069231052537e-05,3.346503123061368e-17,-4.229615164647689e-15
383.28,"[0.06062, 0.0456, 0.38185356033832224]",0.0456,0.38185356033832224,4.649069244607464e-05,-0.10598859101014997,-0.12642438279269677,-4.649069244540488e-05,0.26104618267226,0.31001334007173875,-4.6490691476507445e-05,-0.09842968359604833,-0.15736097268449858,4.649069250552814e-05,-0.42683487652729324,-0.5604325815576687,-4.6490692445361545e-05,0.06492151145591463,0.07847879280065388,4.6490692446118e-05,3.346503123061368e-17,-4.312753345709864e-15
383.3,"[0.06062, 0.0456, 0.38185356033832224]",0.0456,0.38185356033832224,4.6490692498730326e-05,-0.10598859101014997,-0.12531116125977826,-4.6490692498703634e-05,0.26104618267226,0.30734629719752116,-4.6490691529021584e-05,-0.09842968359604833,-0.15414555460122825,4.6490692550514004e-05,-0.42683487652729324,-0.5531491142342622,-4.649069249870209e-05,0.06492151145591463,0.07774012007945619,4.64906924987321e-05,3.346503123061368e-17,-4.328846345691976e-15
383.32,"[0.06062, 0.0456, 0.38304913107323835]",0.0456,0.38304913107323835,4.649069257642726e-05,-0.10415905315297805,-0.12531116125977826,-4.649069257796066e-05,0.2566287652529638,0.30734629719752116,-4.649069159533903e-05,-0.09389007956201878,-0.15414555460122825,4.649069260142994e-05,-0.4157103018397189,-0.5531491142342622,-4.649069257805995e-05,0.0637306028336542,0.07774012007945619,4.649069257632767e-05,3.405672667478907e-17,-4.328846345691976e-15
383.34,"[0.06062, 0.0456, 0.38304913107323835]",0.0456,0.38304913107323835,4.6490692701453344e-05,-0.10415905315297805,-0.12531116125977826,-4.649069270081519e-05,0.2566287652529638,0.30734629719752116,-4.649069175757517e-05,-0.09389007956201878,-0.15414555460122825,4.649069276508639e-05,-0.4157103018397189,-0.5531491142342622,-4.649069270077356e-05,0.0637306028336542,0.07774012007945619,4.649069270149469e-05,3.405672667478907e-17,-4.328846345691976e-15
383.36,"[0.06062, 0.0456, 0.38423196205432353]",0.0456,0.38423196205432353,4.649069284545016e-05,-0.10231818817559052,-0.12417123586825737,-4.649069284469339e-05,0.25219035974675397,0.3046134334415175,-4.649069191111181e-05,-0.08938565667790892,-0.1508919695482409,4.6490692905744037e-05,-0.40459088031105955,-0.5457351519291016,-4.6490692844644155e-05,0.06253477652768763,0.07698493222564028,4.6490692845499096e-05,3.362556968290881e-17,-4.125492016924655e-15
383.38,"[0.06062, 0.0456, 0.38423196205432353]",0.0456,0.38423196205432353,4.649069290280552e-05,-0.10231818817559052,-0.12417123586825737,-4.6490692902752594e-05,0.25219035974675397,0.3046134334415175,-4.649069196806618e-05,-0.08938565667790892,-0.1508919695482409,4.64906929544583e-05,-0.40459088031105955,-0.5457351519291016,-4.649069290274888e-05,0.06253477652768763,0.07698493222564028,4.649069290280902e-05,3.362556968290881e-17,-4.125492016924655e-15
383.4,"[0.06062, 0.0456, 0.38423196205432353]",0.0456,0.38423196205432353,4.6490693036026466e-05,-0.10231818817559052,-0.12299006556750255,-4.6490693035317865e-05,0.25219035974675397,0.30178030025939945,-4.649069211718233e-05,-0.08938565667790892,-0.14756031146998116,4.6490693094802224e-05,-0.40459088031105955,-0.5380980487045147,-4.649069303527111e-05,0.06253477652768763,0.07620367139878688,4.649069303607189e-05,3.362556968290881e-17,-4.069755553425931e-15
383.42,"[0.06062, 0.0456, 0.38540088597020417]",0.0456,0.38540088597020417,4.64906930918041e-05,-0.1004678327569251,-0.12177280185358033,-4.649069309176866e-05,0.24773640832215038,0.2988596830630469,-4.649069217350898e-05,-0.08492074658644751,-0.14416709584405776,4.6490693143379204e-05,-0.3934877391648833,-0.5302734876578866,-4.649069309176562e-05,0.06133526933957367,0.07539983399554304,4.649069309180572e-05,3.3300779794261595e-17,-4.051794897833466e-15
383.44,"[0.06062, 0.0456, 0.38540088597020417]",0.0456,0.38540088597020417,4.649069316716639e-05,-0.1004678327569251,-0.12177280185358033,-4.6490693168985e-05,0.24773640832215038,0.2988596830630469,-4.649069223766862e-05,-0.08492074658644751,-0.14416709584405776,4.649069319180235e-05,-0.3934877391648833,-0.5302734876578866,-4.649069316910255e-05,0.06133526933957367,0.07539983399554304,4.649069316704821e-05,3.3300779794261595e-17,-4.051794897833466e-15
383.46,"[0.06062, 0.0456, 0.38655474923410144]",0.0456,0.38655474923410144,4.6490693290021655e-05,-0.09860992453198021,-0.1205974272566703,-4.649069328934784e-05,0.24327255923481972,0.29603952555916946,-4.649069239701211e-05,-0.08049970435019244,-0.14089196343157448,4.649069335314752e-05,-0.38241234892846326,-0.5227196846126392,-4.649069328930403e-05,0.06013337372768341,0.0746237001228413,4.649069329006542e-05,3.31604909396554e-17,-4.170922948254146e-15
383.48,"[0.06062, 0.0456, 0.38655474923410144]",0.0456,0.38655474923410144,4.6490693376895475e-05,-0.09860992453198021,-0.1205974272566703,-4.6490693378572105e-05,0.24327255923481972,0.29603952555916946,-4.649069246751594e-05,-0.08049970435019244,-0.14089196343157448,4.649069340416736e-05,-0.38241234892846326,-0.5227196846126392,-4.6490693378680736e-05,0.06013337372768341,0.0746237001228413,4.6490693376786655e-05,3.31604909396554e-17,-4.170922948254146e-15
383.5,"[0.06062, 0.0456, 0.38655474923410144]",0.0456,0.38655474923410144,4.649069350022005e-05,-0.09860992453198021,-0.1193998909953756,-4.6490693499530965e-05,0.24327255923481972,0.2931657869420847,-4.6490692625242666e-05,-0.08049970435019244,-0.13759549303481053,4.649069356292891e-05,-0.38241234892846326,-0.5150696729218183,-4.6490693499486086e-05,0.06013337372768341,0.07383426087786409,4.649069350026476e-05,3.31604909396554e-17,-4.113796592402023e-15
383.52,"[0.06062, 0.0456, 0.3876924131222813]",0.0456,0.3876924131222813,4.649069357401263e-05,-0.09674650547092888,-0.1193998909953756,-4.6490693573856554e-05,0.23880466413169757,0.2931657869420847,-4.649069270338242e-05,-0.0761269068801275,-0.13759549303481053,4.649069363266057e-05,-0.37137653035865203,-0.5150696729218183,-4.649069357384585e-05,0.058930439168589165,0.07383426087786409,4.649069357402273e-05,3.2760153733168073e-17,-4.113796592402023e-15
383.54,"[0.06062, 0.0456, 0.3876924131222813]",0.0456,0.3876924131222813,4.6490693721903466e-05,-0.09674650547092888,-0.11817831265106124,-4.649069372101147e-05,0.23880466413169757,0.2902344807844744,-4.649069286801244e-05,-0.0761269068801275,-0.13427326468818201,4.649069378717023e-05,-0.37137653035865203,-0.5073124278933183,-4.64906937209531e-05,0.058930439168589165,0.0730303292476338,4.6490693721961085e-05,3.2760153733168073e-17,-3.888443001841611e-15
383.56,"[0.06062, 0.0456, 0.3888127548978379]",0.0456,0.3888127548978379,4.6490693796503643e-05,-0.09487972511950327,-0.11817831265106124,-4.6490693796361566e-05,0.23433877471178582,0.2902344807844744,-4.649069294484124e-05,-0.07180675097119527,-0.13427326468818201,4.649069385444511e-05,-0.3603924604286736,-0.5073124278933183,-4.6490693796352147e-05,0.057727873419574416,0.0730303292476338,4.64906937965122e-05,3.291714636689324e-17,-3.888443001841611e-15
383.58,"[0.06062, 0.0456, 0.3888127548978379]",0.0456,0.3888127548978379,4.6490693941385797e-05,-0.09487972511950327,-0.11692645271624605,-4.649069394049928e-05,0.23433877471178582,0.2872311600180957,-4.649069310585513e-05,-0.07180675097119527,-0.13090909429391,4.649069400549971e-05,-0.3603924604286736,-0.4994093468663532,-4.649069394044147e-05,0.057727873419574416,0.07220785219154553,4.649069394144336e-05,3.291714636689324e-17,-3.654988832786455e-15
383.6,"[0.06062, 0.0456, 0.3888127548978379]",0.0456,0.3888127548978379,4.6490694013798975e-05,-0.09487972511950327,-0.11692645271624605,-4.649069401368705e-05,0.23433877471178582,0.2872311600180957,-4.649069318052362e-05,-0.07180675097119527,-0.13090909429391,4.6490694070801216e-05,-0.3603924604286736,-0.4994093468663532,-4.6490694013679794e-05,0.057727873419574416,0.07220785219154553,4.6490694013806395e-05,3.291714636689324e-17,-3.654988832786455e-15
383.62,"[0.06062, 0.0456, 0.38991466891869947]",0.0456,0.38991466891869947,4.6490694156133945e-05,-0.09301184363798104,-0.11564410911429622,-4.649069415524257e-05,0.22988113865976456,0.28415588081828635,-4.6490693338782536e-05,-0.06754365090552127,-0.1275034655656165,4.649069421937354e-05,-0.34947267713979396,-0.49136045318711763,-4.6490694155183946e-05,0.05652714364851797,0.07136675880755473,4.649069415619163e-05,3.324948165388535e-17,-3.4369768217303655e-15
383.64,"[0.06062, 0.0456, 0.38991466891869947]",0.0456,0.38991466891869947,4.64906942272421e-05,-0.09301184363798104,-0.11564410911429622,-4.6490694227149004e-05,0.22988113865976456,0.28415588081828635,-4.649069341229501e-05,-0.06754365090552127,-0.1275034655656165,4.649069428364095e-05,-0.34947267713979396,-0.49136045318711763,-4.649069422714283e-05,0.05652714364851797,0.07136675880755473,4.6490694227247687e-05,3.324948165388535e-17,-3.4369768217303655e-15
383.66,"[0.06062, 0.0456, 0.3909970677287629]",0.0456,0.3909970677287629,4.649069436787523e-05,-0.09114523456675763,-0.11439993040287692,-4.649069436696864e-05,0.22543819475991547,0.2811721418455733,-4.6490693568718113e-05,-0.06334203558442737,-0.12420037824486993,4.649069443057074e-05,-0.3386300828944984,-0.4835524689153648,-4.649069436690936e-05,0.055329777392717196,0.0705507381586797,4.649069436793373e-05,3.28210167938178e-17,-3.4835473760898974e-15
383.681,"[0.06062, 0.0456, 0.3909970677287629]",0.0456,0.3909970677287629,4.649069450867315e-05,-0.09114523456675763,-0.1131353244852786,-4.649069450791163e-05,0.22543819475991547,0.27814111226584504,-4.6490693722035576e-05,-0.06334203558442737,-0.12088349765620761,4.649069457107743e-05,-0.3386300828944984,-0.4756630142094963,-4.6490694507861686e-05,0.055329777392717196,0.06972275703608398,4.649069450872206e-05,3.28210167938178e-17,-3.4143401570136157e-15
383.7,"[0.06062, 0.0456, 0.3909970677287629]",0.0456,0.3909970677287629,4.649069452907291e-05,-0.09114523456675763,-0.1131353244852786,-4.6490694531054546e-05,0.22543819475991547,0.27814111226584504,-4.649069372596507e-05,-0.06334203558442737,-0.12088349765620761,4.649069456207011e-05,-0.3386300828944984,-0.4756630142094963,-4.6490694531182366e-05,0.055329777392717196,0.06972275703608398,4.649069452894372e-05,3.28210167938178e-17,-3.4143401570136157e-15
383.72,"[0.06062, 0.0456, 0.39205888313108245]",0.0456,0.39205888313108245,4.6490694658314924e-05,-0.08928238723658878,-0.11184994039030471,-4.649069465747833e-05,0.2210165670894967,0.27506251346489763,-4.649069388708714e-05,-0.05920634515123427,-0.11755226640327626,4.649069472354844e-05,-0.3278779461397154,-0.4676904413187021,-4.649069465742352e-05,0.05413736330331421,0.06888262595874839,4.6490694658368544e-05,3.279030743332856e-17,-3.1973758633916517e-15
383.74,"[0.06062, 0.0456, 0.39205888313108245]",0.0456,0.39205888313108245,4.64906947540516e-05,-0.08928238723658878,-0.11184994039030471,-4.649069475604962e-05,0.2210165670894967,0.27506251346489763,-4.649069397152603e-05,-0.05920634515123427,-0.11755226640327626,4.64906947879261e-05,-0.3278779461397154,-0.4676904413187021,-4.649069475617883e-05,0.05413736330331421,0.06888262595874839,4.649069475392138e-05,3.279030743332856e-17,-3.1973758633916517e-15
383.76,"[0.06062, 0.0456, 0.3930990672420504]",0.0456,0.3930990672420504,4.6490694881717756e-05,-0.08742590873127822,-0.11053781791901009,-4.649069488088641e-05,0.21662305818290178,0.27192261713300137,-4.6490694129516774e-05,-0.055141027068434934,-0.11419162267726966,4.649069494601069e-05,-0.3172299009603497,-0.4595983444571618,-4.649069488083201e-05,0.052951551626937744,0.06802648930531188,4.649069488177101e-05,3.241176287004604e-17,-2.9771143932461993e-15
383.78,"[0.06062, 0.0456, 0.3930990672420504]",0.0456,0.3930990672420504,4.649069497549098e-05,-0.08742590873127822,-0.11053781791901009,-4.6490694977592826e-05,0.21662305818290178,0.27192261713300137,-4.649069421241155e-05,-0.055141027068434934,-0.11419162267726966,4.649069500897289e-05,-0.3172299009603497,-0.4595983444571618,-4.6490694977728046e-05,0.052951551626937744,0.06802648930531188,4.6490694975353853e-05,3.241176287004604e-17,-2.9771143932461993e-15
383.8,"[0.06062, 0.0456, 0.3930990672420504]",0.0456,0.3930990672420504,4.649069510094631e-05,-0.08742590873127822,-0.10929158573363136,-4.649069510011787e-05,0.21662305818290178,0.26894052613970487,-4.649069436746515e-05,-0.055141027068434934,-0.11100236588750195,4.649069516434219e-05,-0.3172299009603497,-0.45191564461006467,-4.649069510006315e-05,0.052951551626937744,0.06721343924484253,4.649069510099923e-05,3.241176287004604e-17,-2.7727323691806243e-15
383.82,"[0.06062, 0.0456, 0.3941165935255322]",0.0456,0.3941165935255322,4.6490695195344844e-05,-0.08557852530003193,-0.10929158573363136,-4.6490695197309405e-05,0.21226464105093115,0.26894052613970487,-4.649069445222845e-05,-0.05115053161516282,-0.11100236588750195,4.649069522977485e-05,-0.3066999442755503,-0.45191564461006467,-4.649069519743611e-05,0.05177405437106537,0.06721343924484253,4.6490695195216535e-05,3.1814476617817085e-17,-2.7727323691806243e-15
383.84,"[0.06062, 0.0456, 0.3941165935255322]",0.0456,0.3941165935255322,4.6490695319232296e-05,-0.08557852530003193,-0.10801733390855431,-4.6490695318395556e-05,0.21226464105093115,0.26589457552332235,-4.6490694604243484e-05,-0.05115053161516282,-0.10777992492990604,4.649069538154715e-05,-0.3066999442755503,-0.44410506832883645,-4.649069531834085e-05,0.05177405437106537,0.0663835559658235,4.649069531928595e-05,3.1814476617817085e-17,-2.5524422876687513e-15
383.86,"[0.06062, 0.0456, 0.39511045780593357]",0.0456,0.39511045780593357,4.6490695411366774e-05,-0.08374308310616042,-0.10801733390855431,-4.6490695413438745e-05,0.20794844993370754,0.26589457552332235,-4.649069468710408e-05,-0.04723930677412099,-0.10777992492990604,4.6490695445179624e-05,-0.2963024302637153,-0.44410506832883645,-4.6490695413573e-05,0.05060664509459682,0.0663835559658235,4.64906954112322e-05,3.1813303942137793e-17,-2.5524422876687513e-15
383.88,"[0.06062, 0.0456, 0.39511045780593357]",0.0456,0.39511045780593357,4.649069553280025e-05,-0.08374308310616042,-0.10671539726574397,-4.6490695531970415e-05,0.20794844993370754,0.26278614708379994,-4.649069483598086e-05,-0.04723930677412099,-0.10452611602365018,4.649069559407632e-05,-0.2963024302637153,-0.436169906584061,-4.649069553191607e-05,0.05060664509459682,0.06553711833485483,4.6490695532853944e-05,3.1813303942137793e-17,-2.355019858169719e-15
383.9,"[0.06062, 0.0456, 0.39511045780593357]",0.0456,0.39511045780593357,4.6490695623229175e-05,-0.08374308310616042,-0.10671539726574397,-4.649069562539787e-05,0.20794844993370754,0.26278614708379994,-4.649069491769173e-05,-0.04723930677412099,-0.10452611602365018,4.6490695656704175e-05,-0.2963024302637153,-0.436169906584061,-4.6490695625538316e-05,0.05060664509459682,0.06553711833485483,4.6490695623088256e-05,3.1813303942137793e-17,-2.355019858169719e-15
383.92,"[0.06062, 0.0456, 0.3960796792592003]",0.0456,0.3960796792592003,4.649069574290406e-05,-0.0819225481885899,-0.1053871045232038,-4.649069574206933e-05,0.20368176966150933,0.25961896796654627,-4.6490695064192526e-05,-0.04341179248135943,-0.10124485829051724,4.649069580342864e-05,-0.2860520616182199,-0.4281190645618559,-4.649069574201505e-05,0.04945115826034606,0.06467503705288287,4.6490695742957906e-05,3.12828229174338e-17,-2.1809007485772107e-15
383.94,"[0.06062, 0.0456, 0.3960796792592003]",0.0456,0.3960796792592003,4.649069583235761e-05,-0.0819225481885899,-0.1053871045232038,-4.64906958346108e-05,0.20368176966150933,0.25961896796654627,-4.649069514557215e-05,-0.04341179248135943,-0.10124485829051724,4.6490695865810467e-05,-0.2860520616182199,-0.4281190645618559,-4.649069583475677e-05,0.04945115826034606,0.06467503705288287,4.6490695832211305e-05,3.12828229174338e-17,-2.1809007485772107e-15
383.96,"[0.06062, 0.0456, 0.3970233013807737]",0.0456,0.3970233013807737,4.64906959509142e-05,-0.08012000550314964,-0.10403420206079382,-4.6490695950066657e-05,0.19947202349559107,0.25639773651921716,-4.649069529035824e-05,-0.039672414217606866,-0.09794086995596911,4.649069601094814e-05,-0.2759638772156384,-0.4199637062712414,-4.649069595001126e-05,0.04830948808183682,0.06379848468209728,4.649069595096836e-05,3.084559201470385e-17,-2.026059632173429e-15
383.98,"[0.06062, 0.0456, 0.3970233013807737]",0.0456,0.3970233013807737,4.649069604001361e-05,-0.08012000550314964,-0.10403420206079382,-4.649069604234129e-05,0.19947202349559107,0.25639773651921716,-4.6490695372090764e-05,-0.039672414217606866,-0.09794086995596911,4.649069607371847e-05,-0.2759638772156384,-0.4199637062712414,-4.649069604249184e-05,0.04830948808183682,0.06379848468209728,4.649069603986242e-05,3.084559201470385e-17,-2.026059632173429e-15
384.0,"[0.06062, 0.0456, 0.3970233013807737]",0.0456,0.3970233013807737,4.6490696157960295e-05,-0.08012000550314964,-0.10274778263691677,-4.649069615709522e-05,0.19947202349559107,0.2533350480387516,-4.64906955156724e-05,-0.039672414217606866,-0.09480167773516375,4.6490696217712405e-05,-0.2759638772156384,-0.4122119560794367,-4.64906961570388e-05,0.04830948808183682,0.06296510070855649,4.6490696158016206e-05,3.084559201470385e-17,-1.8859666048073262e-15
384.02,"[0.06062, 0.0456, 0.3979403929295446]",0.0456,0.3979403929295446,4.649069624878294e-05,-0.07833865690230822,-0.10274778263691677,-4.649069625094408e-05,0.19532675932136204,0.2533350480387516,-4.649069560023865e-05,-0.036025575926338066,-0.09480167773516375,4.64906962837632e-05,-0.2660532357632701,-0.4122119560794367,-4.6490696251083796e-05,0.04718358679315187,0.06296510070855649,4.6490696248642335e-05,3.106706412117373e-17,-1.8859666048073262e-15
384.04,"[0.06062, 0.0456, 0.3979403929295446]",0.0456,0.3979403929295446,4.6490696366432925e-05,-0.07833865690230822,-0.10143773428097617,-4.6490696365546434e-05,0.19532675932136204,0.2502210456885363,-4.64906957423883e-05,-0.036025575926338066,-0.09164136696544904,4.649069642568987e-05,-0.2660532357632701,-0.40436079069841924,-4.649069636548881e-05,0.04718358679315187,0.06211787386347024,4.6490696366489995e-05,3.106706412117373e-17,-1.7277210715349091e-15
384.06,"[0.06062, 0.0456, 0.3988300488468761]",0.0456,0.3988300488468761,4.649069645648239e-05,-0.07658181790550508,-0.10143773428097617,-4.649069645873079e-05,0.19125363406963874,0.2502210456885363,-4.6490695826693245e-05,-0.03247565225143543,-0.09164136696544904,4.649069649146662e-05,-0.2563357949848162,-0.40436079069841924,-4.64906964588757e-05,0.046075462267929204,0.06211787386347024,4.6490696456335586e-05,3.1585628867720225e-17,-1.7277210715349091e-15
384.08,"[0.06062, 0.0456, 0.3988300488468761]",0.0456,0.3988300488468761,4.649069657289755e-05,-0.07658181790550508,-0.10010523472848165,-4.6490696572010105e-05,0.19125363406963874,0.2470590540836689,-4.649069596692283e-05,-0.03247565225143543,-0.08846328064424254,4.6490696631580604e-05,-0.2563357949848162,-0.39641795652255507,-4.649069657195196e-05,0.046075462267929204,0.061257607394135084,4.6490696572954364e-05,3.1585628867720225e-17,-1.58311293741358e-15
384.1,"[0.06062, 0.0456, 0.3988300488468761]",0.0456,0.3988300488468761,4.649069666235173e-05,-0.07658181790550508,-0.10010523472848165,-4.6490696664678634e-05,0.19125363406963874,0.2470590540836689,-4.649069605126948e-05,-0.03247565225143543,-0.08846328064424254,4.649069669745975e-05,-0.2563357949848162,-0.39641795652255507,-4.649069666482857e-05,0.046075462267929204,0.061257607394135084,4.6490696662199964e-05,3.1585628867720225e-17,-1.58311293741358e-15
384.12,"[0.06062, 0.0456, 0.39969139114978736]",0.0456,0.39969139114978736,4.6490696777834815e-05,-0.07485291310813995,-0.09872595355070575,-4.649069677693856e-05,0.18726039624867638,0.24379164936795658,-4.649069618991918e-05,-0.029026980096223124,-0.08520832614648054,4.6490696836073406e-05,-0.24682748590409356,-0.3882372705638178,-4.649069677687986e-05,0.04498717491224962,0.06036857209312639,4.649069677789269e-05,3.150773468647572e-17,-1.6443260797491144e-15
384.14,"[0.06062, 0.0456, 0.39969139114978736]",0.0456,0.39969139114978736,4.649069686626673e-05,-0.07485291310813995,-0.09872595355070575,-4.649069686872754e-05,0.18726039624867638,0.24379164936795658,-4.649069627363323e-05,-0.029026980096223124,-0.08520832614648054,4.6490696901222484e-05,-0.24682748590409356,-0.3882372705638178,-4.6490696868886364e-05,0.04498717491224962,0.06036857209312639,4.6490696866106606e-05,3.150773468647572e-17,-1.6443260797491144e-15
384.16,"[0.06062, 0.0456, 0.4005235697974164]",0.0456,0.4005235697974164,4.649069698110631e-05,-0.07315547007634299,-0.09742369086686703,-4.6490696980195804e-05,0.1833548664808116,0.24070719279843114,-4.649069641136131e-05,-0.02568384951573299,-0.08213864567604691,4.6490697039183524e-05,-0.23754448179866688,-0.38051753287817214,-4.6490696980136465e-05,0.043920833756475854,0.05952932218587789,4.6490696981165345e-05,3.143258215632432e-17,-1.6494204921869159e-15
384.18,"[0.06062, 0.0456, 0.4005235697974164]",0.0456,0.4005235697974164,4.6490697071701844e-05,-0.07315547007634299,-0.09742369086686703,-4.649069707395847e-05,0.1833548664808116,0.24070719279843114,-4.649069649836538e-05,-0.02568384951573299,-0.08213864567604691,4.6490697108102536e-05,-0.23754448179866688,-0.38051753287817214,-4.649069707410381e-05,0.043920833756475854,0.05952932218587789,4.649069707155449e-05,3.143258215632432e-17,-1.6494204921869159e-15
384.2,"[0.06062, 0.0456, 0.4005235697974164]",0.0456,0.4005235697974164,4.6490697186591875e-05,-0.07315547007634299,-0.09613049062687976,-4.649069718565725e-05,0.1833548664808116,0.23765029896200143,-4.649069663505411e-05,-0.02568384951573299,-0.07912573390143332,4.6490697244297425e-05,-0.23754448179866688,-0.37289343042847783,-4.6490697185596266e-05,0.043920833756475854,0.058697392797661396,4.649069718665191e-05,3.143258215632432e-17,-1.4283584418775727e-15
384.22,"[0.06062, 0.0456, 0.4013257635299083]",0.0456,0.4013257635299083,4.64906972775329e-05,-0.07149311157769923,-0.09613049062687976,-4.64906972797929e-05,0.17954491595345562,0.23765029896200143,-4.6490696723221885e-05,-0.022450493965276708,-0.07912573390143332,4.649069731449771e-05,-0.2285031614206006,-0.37289343042847783,-4.64906972799388e-05,0.04287859167347606,0.058697392797661396,4.649069727738577e-05,3.2175233083232263e-17,-1.4283584418775727e-15
384.24,"[0.06062, 0.0456, 0.4013257635299083]",0.0456,0.4013257635299083,4.64906973913855e-05,-0.07149311157769923,-0.09480944940061785,-4.64906973904511e-05,0.17954491595345562,0.2345337495677283,-4.6490696857804395e-05,-0.022450493965276708,-0.07608104264382118,4.6490697448402116e-05,-0.2285031614206006,-0.3651444524056979,-4.6490697390389825e-05,0.04287859167347606,0.0578489570736089,4.649069739144552e-05,3.2175233083232263e-17,-1.2812370049910336e-15
384.26,"[0.06062, 0.0456, 0.402097180678899]",0.0456,0.402097180678899,4.649069748107371e-05,-0.06986954600592749,-0.09480944940061785,-4.6490697483433806e-05,0.1758384427152603,0.2345337495677283,-4.649069694514007e-05,-0.019331079940525027,-0.07608104264382118,4.649069751780318e-05,-0.21972006612216657,-0.3651444524056979,-4.6490697483586163e-05,0.041862639655489434,0.0578489570736089,4.6490697480920246e-05,3.278272906286631e-17,-1.2812370049910336e-15
384.28,"[0.06062, 0.0456, 0.402097180678899]",0.0456,0.402097180678899,4.6490697593483064e-05,-0.06986954600592749,-0.09344596225724011,-4.6490697592548367e-05,0.1758384427152603,0.23132339482059203,-4.6490697077694446e-05,-0.019331079940525027,-0.07297047808505651,4.649069764986712e-05,-0.21972006612216657,-0.35718449685014486,-4.649069759248719e-05,0.041862639655489434,0.05697463413183446,4.649069759354324e-05,3.278272906286631e-17,-1.3269179667483655e-15
384.3,"[0.06062, 0.0456, 0.402097180678899]",0.0456,0.402097180678899,4.649069767598192e-05,-0.06986954600592749,-0.09344596225724011,-4.649069767577947e-05,0.1758384427152603,0.23132339482059203,-4.6490697167615044e-05,-0.019331079940525027,-0.07297047808505651,4.649069773053058e-05,-0.21972006612216657,-0.35718449685014486,-4.649069767576617e-05,0.041862639655489434,0.05697463413183446,4.6490697675995085e-05,3.278272906286631e-17,-1.3269179667483655e-15
384.32,"[0.06062, 0.0456, 0.4028370599487968]",0.0456,0.4028370599487968,4.6490697803134743e-05,-0.06828855587100079,-0.09208942846071431,-4.649069780190612e-05,0.17224334577503803,0.22813636938379528,-4.6490697307504555e-05,-0.016329696057177767,-0.06990932877413242,4.649069786151292e-05,-0.21121185058257266,-0.34930510182868213,-4.6490697801826464e-05,0.040875200089575126,0.05610622602017559,4.6490697803214344e-05,3.2576286556690046e-17,-1.2093209686481887e-15
384.34,"[0.06062, 0.0456, 0.4028370599487968]",0.0456,0.4028370599487968,4.6490697888430826e-05,-0.06828855587100079,-0.09208942846071431,-4.649069788820909e-05,0.17224334577503803,0.22813636938379528,-4.6490697399411566e-05,-0.016329696057177767,-0.06990932877413242,4.6490697943062804e-05,-0.21121185058257266,-0.34930510182868213,-4.649069788819423e-05,0.040875200089575126,0.05610622602017559,4.649069788844507e-05,3.2576286556690046e-17,-1.2093209686481887e-15
384.36,"[0.06062, 0.0456, 0.40354467116808906]",0.0456,0.40354467116808906,4.649069801430208e-05,-0.06675398424610357,-0.09080341365640181,-4.649069801308214e-05,0.16876749699367832,0.22511547879473373,-4.649069753745774e-05,-0.013450341631599692,-0.0670097230759493,4.649069807212969e-05,-0.20299522690930222,-0.3418381775505122,-4.649069801300266e-05,0.039918518982493545,0.05528306456185512,4.6490698014381745e-05,3.289225649404076e-17,-1.0742377586956839e-15
384.38,"[0.06062, 0.0456, 0.40354467116808906]",0.0456,0.40354467116808906,4.649069810544818e-05,-0.06675398424610357,-0.09080341365640181,-4.649069810776364e-05,0.16876749699367832,0.22511547879473373,-4.649069762710214e-05,-0.013450341631599692,-0.0670097230759493,4.649069814342551e-05,-0.20299522690930222,-0.3418381775505122,-4.64906981079135e-05,0.039918518982493545,0.05528306456185512,4.649069810529811e-05,3.289225649404076e-17,-1.0742377586956839e-15
384.4,"[0.06062, 0.0456, 0.40354467116808906]",0.0456,0.40354467116808906,4.649069821486346e-05,-0.06675398424610357,-0.08952455362635571,-4.6490698213936046e-05,0.16876749699367832,0.22211826935047532,-4.6490697754181437e-05,-0.013450341631599692,-0.06415755339589826,4.649069826950512e-05,-0.20299522690930222,-0.33445016514187875,-4.649069821387629e-05,0.039918518982493545,0.054465858309331476,4.6490698214923755e-05,3.289225649404076e-17,-8.780871236663577e-16
384.42,"[0.06062, 0.0456, 0.4042193160099332]",0.0456,0.4042193160099332,4.649069830316279e-05,-0.06526971908985649,-0.08952455362635571,-4.649069830550586e-05,0.16541871079798948,0.22211826935047532,-4.6490697842497774e-05,-0.010696914837171069,-0.06415755339589826,4.6490698340727006e-05,-0.19508690198597675,-0.33445016514187875,-4.6490698305657666e-05,0.03899485710030634,0.054465858309331476,4.649069830301054e-05,3.2298022528188374e-17,-8.780871236663577e-16
384.44,"[0.06062, 0.0456, 0.4042193160099332]",0.0456,0.4042193160099332,4.649069841056593e-05,-0.06526971908985649,-0.08822527964545016,-4.649069840963093e-05,0.16541871079798948,0.21907990958734908,-4.64906979668672e-05,-0.010696914837171069,-0.061288669666077905,4.6490698464180506e-05,-0.19508690198597675,-0.32697869424930687,-4.649069840957048e-05,0.03899485710030634,0.05363688951631198,4.649069841062665e-05,3.2298022528188374e-17,-7.537151192901661e-16
384.46,"[0.06062, 0.0456, 0.40486032868132127]",0.0456,0.40486032868132127,4.6490698497325576e-05,-0.06383967539688912,-0.08822527964545016,-4.649069849973659e-05,0.16220471178995657,0.21907990958734908,-4.649069805414357e-05,-0.00807320052408971,-0.061288669666077905,4.649069853448689e-05,-0.1875035080584784,-0.32697869424930687,-4.6490698499892425e-05,0.038106480006172,0.05363688951631198,4.6490698497168794e-05,3.2482457864983046e-17,-7.537151192901661e-16
384.48,"[0.06062, 0.0456, 0.40486032868132127]",0.0456,0.40486032868132127,4.649069860312889e-05,-0.06383967539688912,-0.08689246963668294,-4.649069860218532e-05,0.16220471178995657,0.2159697931908005,-4.649069817639836e-05,-0.00807320052408971,-0.058373161354363955,4.6490698655997764e-05,-0.1875035080584784,-0.3193472483595847,-4.649069860212383e-05,0.038106480006172,0.05278775721207877,4.649069860318994e-05,3.2482457864983046e-17,-7.932175016848661e-16
384.5,"[0.06062, 0.0456, 0.40486032868132127]",0.0456,0.40486032868132127,4.649069868424324e-05,-0.06383967539688912,-0.08689246963668294,-4.6490698684034284e-05,0.16220471178995657,0.2159697931908005,-4.649069826522571e-05,-0.00807320052408971,-0.058373161354363955,4.6490698735734214e-05,-0.1875035080584784,-0.3193472483595847,-4.649069868401993e-05,0.038106480006172,0.05278775721207877,4.649069868425687e-05,3.2482457864983046e-17,-7.932175016848661e-16
384.52,"[0.06062, 0.0456, 0.4054670765801369]",0.0456,0.4054670765801369,4.649069880193909e-05,-0.062467775172372925,-0.08557500772028745,-4.6490698800695576e-05,0.15913310037497566,0.21290262332793913,-4.64906983942508e-05,-0.005582857802527284,-0.05551962976455905,4.6490698856435826e-05,-0.18026152669245912,-0.3118377758056754,-4.649069880061457e-05,0.0372556470018439,0.05194969007964186,4.649069880201935e-05,3.227289881354666e-17,-6.968287685666539e-16
384.54,"[0.06062, 0.0456, 0.4054670765801369]",0.0456,0.4054670765801369,4.649069888553327e-05,-0.062467775172372925,-0.08557500772028745,-4.649069888529761e-05,0.15913310037497566,0.21290262332793913,-4.6490698484987653e-05,-0.005582857802527284,-0.05551962976455905,4.6490698937087654e-05,-0.18026152669245912,-0.3118377758056754,-4.649069888528217e-05,0.0372556470018439,0.05194969007964186,4.649069888554863e-05,3.227289881354666e-17,-6.968287685666539e-16
384.56,"[0.06062, 0.0456, 0.4060389609194576]",0.0456,0.4060389609194576,4.6490699002083114e-05,-0.06115792527641502,-0.08432620652451309,-4.649069900085078e-05,0.15621131658740342,0.20999579130308374,-4.649069861237032e-05,-0.0032294074998245434,-0.05281689697235739,4.649069905606171e-05,-0.17337720639707693,-0.304722161112839,-4.649069900077064e-05,0.03644459900414355,0.05115539253702691,4.6490699002162816e-05,3.229982512687866e-17,-5.855636355499764e-16
384.58,"[0.06062, 0.0456, 0.4060389609194576]",0.0456,0.4060389609194576,4.649069908609725e-05,-0.06115792527641502,-0.08432620652451309,-4.6490699085829804e-05,0.15621131658740342,0.20999579130308374,-4.649069870343684e-05,-0.0032294074998245434,-0.05281689697235739,4.649069913707757e-05,-0.17337720639707693,-0.304722161112839,-4.649069908581266e-05,0.03644459900414355,0.05115539253702691,4.649069908611437e-05,3.229982512687866e-17,-5.855636355499764e-16
384.6,"[0.06062, 0.0456, 0.4060389609194576]",0.0456,0.4060389609194576,4.6490699200437996e-05,-0.06115792527641502,-0.08310122919330669,-4.649069919923061e-05,0.15621131658740342,0.20715123084868337,-4.6490698828184465e-05,-0.0032294074998245434,-0.050191760602096916,4.649069925342641e-05,-0.17337720639707693,-0.29777360256757845,-4.649069919915169e-05,0.03644459900414355,0.050377439627252954,4.6490699200515436e-05,3.229982512687866e-17,-3.548330881876461e-16
384.62,"[0.06062, 0.0456, 0.4065754173184849]",0.0456,0.4065754173184849,4.6490699287181814e-05,-0.05991399324175335,-0.08310122919330669,-4.649069928946798e-05,0.15344660235023358,0.20715123084868337,-4.649069891677576e-05,-0.0010162196113473057,-0.050191760602096916,4.649069932511435e-05,-0.16686647438964602,-0.29777360256757845,-4.6490699289615665e-05,0.03567554541690733,0.050377439627252954,4.649069928703319e-05,3.187628945736973e-17,-3.548330881876461e-16
384.64,"[0.06062, 0.0456, 0.4065754173184849]",0.0456,0.4065754173184849,4.649069938789884e-05,-0.05991399324175335,-0.08183623642896985,-4.649069938698502e-05,0.15344660235023358,0.20421992660877836,-4.6490699030881875e-05,-0.0010162196113473057,-0.04750342577536239,4.649069943785312e-05,-0.16686647438964602,-0.29062524019692537,-4.64906993869254e-05,0.03567554541690733,0.049575117541550154,4.649069938795774e-05,3.187628945736973e-17,-3.575193334741419e-16
384.66,"[0.06062, 0.0456, 0.40707591635952006]",0.0456,0.40707591635952006,4.6490699467085825e-05,-0.05873978123193799,-0.08183623642896985,-4.649069946688696e-05,0.15084596246635001,0.20421992660877836,-4.6490699117605404e-05,0.0010534991288066301,-0.04750342577536239,4.649069951568566e-05,-0.1607448431699907,-0.29062524019692537,-4.6490699466873816e-05,0.03495065009101867,0.049575117541550154,4.6490699467098666e-05,3.196374934207076e-17,-3.575193334741419e-16
384.68,"[0.06062, 0.0456, 0.40707591635952006]",0.0456,0.40707591635952006,4.649069957613232e-05,-0.05873978123193799,-0.08059075326487271,-4.649069957493207e-05,0.15084596246635001,0.20134042284273804,-4.649069923665504e-05,0.0010534991288066301,-0.04488008344679879,4.649069962690605e-05,-0.1607448431699907,-0.2836155109279843,-4.649069957485447e-05,0.03495065009101867,0.04878626418280892,4.6490699576210116e-05,3.196374934207076e-17,-2.7139272762365805e-16
384.7,"[0.06062, 0.0456, 0.40707591635952006]",0.0456,0.40707591635952006,4.649069965658039e-05,-0.05873978123193799,-0.08059075326487271,-4.649069965634993e-05,0.15084596246635001,0.20134042284273804,-4.649069932426084e-05,0.0010534991288066301,-0.04488008344679879,4.6490699704846936e-05,-0.1607448431699907,-0.2836155109279843,-4.649069965633465e-05,0.03495065009101867,0.04878626418280892,4.649069965659502e-05,3.196374934207076e-17,-2.7139272762365805e-16
384.72,"[0.06062, 0.0456, 0.40753996411043564]",0.0456,0.40753996411043564,4.649069976399298e-05,-0.05763899837555816,-0.07935500339210382,-4.64906997628033e-05,0.14841612469983337,0.19848962707663503,-4.6490699441271466e-05,0.0029767174272398115,-0.042298698938821586,4.64906998140111e-05,-0.1550273127765221,-0.2766864852573278,-4.649069976272641e-05,0.03427201649935086,0.04800458172055656,4.649069976407026e-05,3.1721704969794395e-17,-1.7916094063281117e-16
384.74,"[0.06062, 0.0456, 0.40753996411043564]",0.0456,0.40753996411043564,4.6490699843776217e-05,-0.05763899837555816,-0.07935500339210382,-4.649069984355555e-05,0.14841612469983337,0.19848962707663503,-4.649069952818984e-05,0.0029767174272398115,-0.042298698938821586,4.6490699891333586e-05,-0.1550273127765221,-0.2766864852573278,-4.6490699843541175e-05,0.03427201649935086,0.04800458172055656,4.649069984379026e-05,3.1721704969794395e-17,-1.7916094063281117e-16
384.76,"[0.06062, 0.0456, 0.4079671026121266]",0.0456,0.4079671026121266,4.6490699949158086e-05,-0.05661523178291259,-0.07818233269952374,-4.649069994798026e-05,0.14616349936498854,0.1957847866239674,-4.649069964286735e-05,0.004750591230073315,-0.039850672615896414,4.649069999829886e-05,-0.1497282698015999,-0.2701130704027074,-4.6490699947904e-05,0.03364167228864367,0.047262874026406936,4.6490699949234434e-05,3.147529226975644e-17,-9.148157738894455e-17
384.78,"[0.06062, 0.0456, 0.4079671026121266]",0.0456,0.4079671026121266,4.649070002843717e-05,-0.05661523178291259,-0.07818233269952374,-4.649070002818421e-05,0.14616349936498854,0.1957847866239674,-4.6490699729195956e-05,0.004750591230073315,-0.039850672615896414,4.6490700075165194e-05,-0.1497282698015999,-0.2701130704027074,-4.649070002816768e-05,0.03364167228864367,0.047262874026406936,4.6490700028453495e-05,3.147529226975644e-17,-9.148157738894455e-17
384.8,"[0.06062, 0.0456, 0.4083569103304608]",0.0456,0.4083569103304608,4.6490700163325054e-05,-0.05661523178291259,-0.07701958386187277,-4.6490700165473895e-05,0.14616349936498854,0.19310854548775205,-4.64906998735666e-05,0.004750591230073315,-0.037442535735196694,4.64907002012576e-05,-0.1497282698015999,-0.26361847586009846,-4.649070016561326e-05,0.03364167228864367,0.046528347723078886,4.64907001631862e-05,3.147529226975644e-17,2.1244437061855428e-19
384.82,"[0.06062, 0.0456, 0.4083569103304608]",0.0456,0.4083569103304608,4.649070020931729e-05,-0.055671916622111364,-0.07701958386187277,-4.649070020908405e-05,0.14409413889572104,0.19310854548775205,-4.649069992602964e-05,0.006372475012887523,-0.037442535735196694,4.649070025502957e-05,-0.14486138444355579,-0.26361847586009846,-4.64907002090688e-05,0.033061553405192255,0.046528347723078886,4.6490700209332374e-05,3.134797230681486e-17,2.1244437061855428e-19
384.84,"[0.06062, 0.0456, 0.4083569103304608]",0.0456,0.4083569103304608,4.64907003097514e-05,-0.055671916622111364,-0.07586949233324174,-4.6490700308615985e-05,0.14409413889572104,0.1904668686886087,-4.649070003511891e-05,0.006372475012887523,-0.03507840097374621,4.64907003566646e-05,-0.14486138444355579,-0.2572161285701957,-4.6490700308542395e-05,0.033061553405192255,0.045802662562401425,4.649070030982432e-05,3.134797230681486e-17,8.37120481934521e-17
384.86,"[0.06062, 0.0456, 0.4087090025722824]",0.0456,0.4087090025722824,4.649070038618597e-05,-0.05481230569874463,-0.07586949233324174,-4.6490700385964175e-05,0.1422136979159374,0.1904668686886087,-4.649070011847934e-05,0.007839932439236218,-0.03507840097374621,4.6490700430870704e-05,-0.14043950705759445,-0.2572161285701957,-4.649070038594967e-05,0.032533488024132313,0.045802662562401425,4.6490700386199955e-05,3.1219784085127514e-17,8.37120481934521e-17
384.88,"[0.06062, 0.0456, 0.4087090025722824]",0.0456,0.4087090025722824,4.649070048409856e-05,-0.05481230569874463,-0.07473532624827316,-4.6490700482979534e-05,0.1422136979159374,0.18786683059769826,-4.6490700224764e-05,0.007839932439236218,-0.03276320606367214,4.649070052989026e-05,-0.14043950705759445,-0.25092208719563286,-4.649070048290725e-05,0.032533488024132313,0.045087800233428545,4.649070048417109e-05,3.1219784085127514e-17,1.5882995644368472e-16
384.9,"[0.06062, 0.0456, 0.4087090025722824]",0.0456,0.4087090025722824,4.649070055914375e-05,-0.05481230569874463,-0.07363575960898598,-4.649070055892739e-05,0.1422136979159374,0.18534626911077345,-4.649070030669462e-05,0.007839932439236218,-0.030519167101974075,4.649070060283091e-05,-0.14043950705759445,-0.24482069348132302,-4.64907005589133e-05,0.032533488024132313,0.04439477081651606,4.6490700559157726e-05,3.1219784085127514e-17,1.3569120989162735e-16
384.92,"[0.06062, 0.0456, 0.4090230318650572]",0.0456,0.4090230318650572,4.649070063853164e-05,-0.05403943904341276,-0.07363575960898598,-4.649070064055857e-05,0.14052739437016729,0.18534626911077345,-4.649070039219167e-05,0.009150746273927618,-0.030519167101974075,4.6490700675848604e-05,-0.13647456582778586,-0.24482069348132302,-4.649070064068983e-05,0.032059180541358874,0.04439477081651606,4.649070063839992e-05,3.09800561936222e-17,1.3569120989162735e-16
384.94,"[0.06062, 0.0456, 0.4090230318650572]",0.0456,0.4090230318650572,4.649070073170824e-05,-0.05403943904341276,-0.0725712679176273,-4.6490700730692517e-05,0.14052739437016729,0.182910747985462,-4.649070049583352e-05,0.009150746273927618,-0.02836127372060303,4.649070077765226e-05,-0.13647456582778586,-0.23893160791204016,-4.649070073062642e-05,0.032059180541358874,0.04372454733854429,4.649070073177417e-05,3.09800561936222e-17,2.070966115912074e-16
384.96,"[0.06062, 0.0456, 0.4092986882997865]",0.0456,0.4092986882997865,4.649070081283615e-05,-0.05335611406083744,-0.0725712679176273,-4.649070081472985e-05,0.1390399722998982,0.182910747985462,-4.649070058266112e-05,0.010302927448711958,-0.02836127372060303,4.649070085032948e-05,-0.1329774673072224,-0.23893160791204016,-4.6490700814852504e-05,0.03164019591086109,0.04372454733854429,4.649070081271328e-05,3.081090999750789e-17,2.070966115912074e-16
384.98,"[0.06062, 0.0456, 0.4092986882997865]",0.0456,0.4092986882997865,4.649070090436277e-05,-0.05335611406083744,-0.07153063559209207,-4.649070090338542e-05,0.1390399722998982,0.18053393088499475,-4.649070068381708e-05,0.010302927448711958,-0.026264422058882977,4.649070094927932e-05,-0.1329774673072224,-0.233189922891554,-4.649070090332235e-05,0.03164019591086109,0.0430699573190235,4.649070090442672e-05,3.081090999750789e-17,2.8451477089044976e-16
385.0,"[0.06062, 0.0456, 0.4092986882997865]",0.0456,0.4092986882997865,4.6490700983597324e-05,-0.05335611406083744,-0.07153063559209207,-4.6490700985480854e-05,0.1390399722998982,0.18053393088499475,-4.6490700768693674e-05,0.010302927448711958,-0.026264422058882977,4.6490701020329185e-05,-0.1329774673072224,-0.233189922891554,-4.649070098560306e-05,0.03164019591086109,0.0430699573190235,4.649070098347547e-05,3.081090999750789e-17,2.8451477089044976e-16
385.02,"[0.06062, 0.0456, 0.4095356998368497]",0.0456,0.4095356998368497,4.6490701072404113e-05,-0.05276485682936921,-0.07051556484947598,-4.6490701071468664e-05,0.13775566686300836,0.17821910999141677,-4.64907008664834e-05,0.011294723191541173,-0.02423003310376103,4.649070111595216e-05,-0.12995800165377744,-0.2276025997758481,-4.649070107140819e-05,0.031277944626773524,0.0424319764714414,4.649070107246487e-05,3.076714738097751e-17,3.5585648202936723e-16
385.04,"[0.06062, 0.0456, 0.4095356998368497]",0.0456,0.4095356998368497,4.649070114926669e-05,-0.05276485682936921,-0.07051556484947598,-4.6490701151124794e-05,0.13775566686300836,0.17821910999141677,-4.6490700948967317e-05,0.011294723191541173,-0.02423003310376103,4.6490701185025526e-05,-0.12995800165377744,-0.2276025997758481,-4.649070115124549e-05,0.031277944626773524,0.0424319764714414,4.649070114914652e-05,3.076714738097751e-17,3.5585648202936723e-16
385.06,"[0.06062, 0.0456, 0.4097338325744744]",0.0456,0.4097338325744744,4.649070123512639e-05,-0.05226789515710681,-0.06955384158664746,-4.6490701234224533e-05,0.13667817218916015,0.17602623813975926,-4.649070104325794e-05,0.012124624145595547,-0.02230348049531019,4.649070127721645e-05,-0.12742475441603263,-0.2223100355397766,-4.649070123416588e-05,0.030973668657116205,0.04182756904522649,4.649070123518489e-05,3.0630974271252774e-17,4.1947644079765923e-16
385.08,"[0.06062, 0.0456, 0.4097338325744744]",0.0456,0.4097338325744744,4.649070130963642e-05,-0.05226789515710681,-0.06955384158664746,-4.649070131137865e-05,0.13667817218916015,0.17602623813975926,-4.649070112326135e-05,0.012124624145595547,-0.02230348049531019,4.649070134437255e-05,-0.12742475441603263,-0.2223100355397766,-4.649070131149116e-05,0.030973668657116205,0.04182756904522649,4.649070130952361e-05,3.0630974271252774e-17,4.1947644079765923e-16
385.1,"[0.06062, 0.0456, 0.4097338325744744]",0.0456,0.4097338325744744,4.649070139246495e-05,-0.05226789515710681,-0.06859750547918439,-4.649070139159157e-05,0.13667817218916015,0.1738485077881403,-4.649070121410173e-05,0.012124624145595547,-0.02039623795207358,4.6490701433039294e-05,-0.12742475441603263,-0.2170574874737327,-4.649070139153499e-05,0.030973668657116205,0.04122696091597395,4.6490701392521574e-05,3.0630974271252774e-17,4.1313223395925064e-16
385.12,"[0.06062, 0.0456, 0.4098928909795694]",0.0456,0.4098928909795694,4.649070146286248e-05,-0.05186713399792009,-0.06859750547918439,-4.649070146256364e-05,0.1358106126419174,0.1738485077881403,-4.6490701291415466e-05,0.012791370419999434,-0.02039623795207358,4.64907015025425e-05,-0.1253850266915467,-0.2170574874737327,-4.6490701462544026e-05,0.030728428633766604,0.04122696091597395,4.6490701462881837e-05,3.0573914262027724e-17,4.1313223395925064e-16
385.14,"[0.06062, 0.0456, 0.4098928909795694]",0.0456,0.4098928909795694,4.64907015484642e-05,-0.05186713399792009,-0.06768609751319152,-4.649070154740612e-05,0.1358106126419174,0.17177566933182142,-4.6490701384155416e-05,0.012791370419999434,-0.018586242986495725,4.6490701588712647e-05,-0.1253850266915467,-0.21206101229976396,-4.649070154733753e-05,0.030728428633766604,0.040654940748184355,4.649070154853303e-05,3.0573914262027724e-17,4.681556549731094e-16
385.16,"[0.06062, 0.0456, 0.4100127180806923]",0.0456,0.4100127180806923,4.6490701617953125e-05,-0.05156413380561757,-0.06768609751319152,-4.649070161765185e-05,0.13515551801808842,0.17177566933182142,-4.6490701460157934e-05,0.013293956529874728,-0.018586242986495725,4.649070165655677e-05,-0.12384476538367419,-0.21206101229976396,-4.649070161763208e-05,0.030543092589832562,0.040654940748184355,4.6490701617972234e-05,3.062359085428663e-17,4.681556549731094e-16
385.18,"[0.06062, 0.0456, 0.4100127180806923]",0.0456,0.4100127180806923,4.6490701700580715e-05,-0.05156413380561757,-0.06681011171255981,-4.649070169957788e-05,0.13515551801808842,0.16978532352960912,-4.649070154945129e-05,0.013293956529874728,-0.016852250183395753,4.6490701739396996e-05,-0.12384476538367419,-0.2072656177391746,-4.6490701699512586e-05,0.030543092589832562,0.040105427773632664,4.6490701700645645e-05,3.062359085428663e-17,5.25327058577661e-16
385.2,"[0.06062, 0.0456, 0.4100127180806923]",0.0456,0.4100127180806923,4.649070176763389e-05,-0.05156413380561757,-0.06681011171255981,-4.649070176735983e-05,0.13515551801808842,0.16978532352960912,-4.6490701622698475e-05,0.013293956529874728,-0.016852250183395753,4.649070180476054e-05,-0.12384476538367419,-0.2072656177391746,-4.64907017673417e-05,0.030543092589832562,0.040105427773632664,4.649070176765115e-05,3.062359085428663e-17,5.25327058577661e-16
385.22,"[0.06062, 0.0456, 0.4100931956229611]",0.0456,0.4100931956229611,4.649070184680169e-05,-0.05136009235673314,-0.06597129652109597,-4.64907018458497e-05,0.13471480315681486,0.16788077408046362,-4.64907017081409e-05,0.013631635198352886,-0.015195735192212474,4.649070188400371e-05,-0.1228085051231214,-0.20267845784603838,-4.6490701845787614e-05,0.030418326511036275,0.03957942226896732,4.649070184686314e-05,3.0613504292359077e-17,5.765015175302456e-16
385.24,"[0.06062, 0.0456, 0.4100931956229611]",0.0456,0.4100931956229611,4.649070191113763e-05,-0.05136009235673314,-0.06597129652109597,-4.649070191088219e-05,0.13471480315681486,0.16788077408046362,-4.6490701778388186e-05,0.013631635198352886,-0.015195735192212474,4.649070194668529e-05,-0.1228085051231214,-0.20267845784603838,-4.6490701910865446e-05,0.030418326511036275,0.03957942226896732,4.649070191115379e-05,3.0613504292359077e-17,5.765015175302456e-16
385.26,"[0.06062, 0.0456, 0.4101342441847578]",0.0456,0.4101342441847578,4.6490701986751026e-05,-0.051255830502557435,-0.06517761026239333,-4.649070198584401e-05,0.13448975235638416,0.16607885295822072,-4.6490701859934216e-05,0.013803920006904065,-0.013628826042611234,4.6490702022298465e-05,-0.12227932319894667,-0.19833867991814635,-4.649070198578517e-05,0.030354586932298002,0.03908173975484842,4.649070198680944e-05,3.060921627875055e-17,6.2076968201682e-16
385.28,"[0.06062, 0.0456, 0.4101342441847578]",0.0456,0.4101342441847578,4.649070204833414e-05,-0.051255830502557435,-0.06517761026239333,-4.6490702048086864e-05,0.13448975235638416,0.16607885295822072,-4.649070192715173e-05,0.013803920006904065,-0.013628826042611234,4.649070208228185e-05,-0.12227932319894667,-0.19833867991814635,-4.649070204807057e-05,0.030354586932298002,0.03908173975484842,4.649070204834994e-05,3.060921627875055e-17,6.2076968201682e-16
385.3,"[0.06062, 0.0456, 0.4101342441847578]",0.0456,0.4101342441847578,4.6490702120396834e-05,-0.051255830502557435,-0.06442157511742211,-4.649070211953381e-05,0.13448975235638416,0.1643631010285196,-4.649070200483515e-05,0.013803920006904065,-0.012138243819096877,4.649070215428533e-05,-0.12227932319894667,-0.1942072059512777,-4.6490702119477586e-05,0.030354586932298002,0.03860776375889035,4.64907021204528e-05,3.060921627875055e-17,6.591912693894636e-16
385.32,"[0.06062, 0.0456, 0.41014]",0.0456,0.41014,4.649070217917916e-05,-0.051255830502557435,-0.06442157511742211,-4.649070217894496e-05,0.13448975235638416,0.1643631010285196,-4.649070206899199e-05,0.013803920006904065,-0.012138243819096877,4.649070221153529e-05,-0.12227932319894667,-0.1942072059512777,-4.6490702178929846e-05,0.030354586932298002,0.03860776375889035,4.6490702179194364e-05,3.060921627875055e-17,6.591912693894636e-16
385.34,"[0.06062, 0.0456, 0.41014]",0.0456,0.41014,4.64907022477608e-05,-0.051255830502557435,-0.06370629089496789,-4.6490702246939267e-05,0.13448975235638416,0.16273991969068424,-4.649070214289532e-05,0.013803920006904065,-0.01072827278370446,4.649070228002213e-05,-0.12227932319894667,-0.19029874761476231,-4.649070224688597e-05,0.030354586932298002,0.03815934845263049,4.6490702247814e-05,3.060921627875055e-17,6.910686305145662e-16
385.36,"[0.06062, 0.0456, 0.41014]",0.0456,0.41014,4.6490702303804505e-05,-0.051255830502557435,-0.06370629089496789,-4.649070230357842e-05,0.13448975235638416,0.16273991969068424,-4.649070220405692e-05,0.013803920006904065,-0.01072827278370446,4.649070233460292e-05,-0.12227932319894667,-0.19029874761476231,-4.6490702303564225e-05,0.030354586932298002,0.03815934845263049,4.6490702303819264e-05,3.060921627875055e-17,6.910686305145662e-16
385.38,"[0.06062, 0.0456, 0.41014]",0.0456,0.41014,4.6490702368998185e-05,-0.051255830502557435,-0.0630296746663469,-4.649070236821699e-05,0.13448975235638416,0.16120454646920426,-4.649070227429232e-05,0.013803920006904065,-0.00939470118555365,4.649070239967195e-05,-0.12227932319894667,-0.18660179445674677,-4.6490702368166385e-05,0.030354586932298002,0.037735182896137975,4.6490702369048587e-05,3.060921627875055e-17,7.172608418965886e-16
385.4,"[0.06062, 0.0456, 0.41014]",0.0456,0.41014,4.649070242235242e-05,-0.051255830502557435,-0.0630296746663469,-4.6490702422135435e-05,0.13448975235638416,0.16120454646920426,-4.649070233251396e-05,0.013803920006904065,-0.00939470118555365,4.649070245163044e-05,-0.12227932319894667,-0.18660179445674677,-4.649070242212151e-05,0.030354586932298002,0.037735182896137975,4.6490702422366254e-05,3.060921627875055e-17,7.172608418965886e-16
385.42,"[0.06062, 0.0456, 0.41014]",0.0456,0.41014,4.649070248425782e-05,-0.051255830502557435,-0.062389698654017056,-4.6490702483516246e-05,0.13448975235638416,0.15975235744415195,-4.649070239919298e-05,0.013803920006904065,-0.00813346555046296,4.649070251338874e-05,-0.12227932319894667,-0.18310518556103758,-4.649070248346819e-05,0.030354586932298002,0.03733399264660432,4.649070248430594e-05,3.060921627875055e-17,7.380870756271515e-16
385.44,"[0.06062, 0.0456, 0.41014]",0.0456,0.41014,4.649070253498419e-05,-0.051255830502557435,-0.062389698654017056,-4.649070253477695e-05,0.13448975235638416,0.15975235744415195,-4.649070245454377e-05,0.013803920006904065,-0.00813346555046296,4.6490702562786014e-05,-0.12227932319894667,-0.18310518556103758,-4.649070253476357e-05,0.030354586932298002,0.03733399264660432,4.649070253499771e-05,3.060921627875055e-17,7.380870756271515e-16
385.46,"[0.06062, 0.0456, 0.41014]",0.0456,0.41014,4.6490702593711526e-05,-0.051255830502557435,-0.06178442026966733,-4.6490702593008164e-05,0.13448975235638416,0.15837892942917658,-4.6490702517787335e-05,0.013803920006904065,-0.0069406923453408376,4.6490702621349744e-05,-0.12227932319894667,-0.1797982523055664,-4.64907025929627e-05,0.030354586932298002,0.03695455773555089,4.649070259375712e-05,3.060921627875055e-17,7.538913070209008e-16
385.48,"[0.06062, 0.0456, 0.41014]",0.0456,0.41014,4.649070264188481e-05,-0.051255830502557435,-0.06178442026966733,-4.649070264168734e-05,0.13448975235638416,0.15837892942917658,-4.64907025703503e-05,0.013803920006904065,-0.0069406923453408376,4.649070266825929e-05,-0.12227932319894667,-0.1797982523055664,-4.6490702641674286e-05,0.030354586932298002,0.03695455773555089,4.649070264189735e-05,3.060921627875055e-17,7.538913070209008e-16
385.5,"[0.06062, 0.0456, 0.41014]",0.0456,0.41014,4.6490702697551924e-05,-0.051255830502557435,-0.0612119865576484,-4.649070269688522e-05,0.13448975235638416,0.15708004755764896,-4.649070263028874e-05,0.013803920006904065,-0.0058126993344702945,4.649070272375197e-05,-0.12227932319894667,-0.17667083362925093,-4.649070269684203e-05,0.030354586932298002,0.036595715094970276,4.64907026975948e-05,3.060921627875055e-17,7.650677102255338e-16
385.52,"[0.06062, 0.0456, 0.41014]",0.0456,0.41014,4.649070274325701e-05,-0.051255830502557435,-0.0612119865576484,-4.64907027430691e-05,0.13448975235638416,0.15708004755764896,-4.649070268015879e-05,0.013803920006904065,-0.0058126993344702945,4.649070276825824e-05,-0.12227932319894667,-0.17667083362925093,-4.649070274305692e-05,0.030354586932298002,0.036595715094970276,4.649070274326908e-05,3.060921627875055e-17,7.650677102255338e-16
385.54,"[0.06062, 0.0456, 0.41014]",0.0456,0.41014,4.64907027959892e-05,-0.051255830502557435,-0.06067063449646612,-4.649070279535781e-05,0.13448975235638416,0.15585170438379156,-4.649070273693008e-05,0.013803920006904065,-0.004745991470906314,4.649070282080946e-05,-0.12227932319894667,-0.1737132719540776,-4.649070279531716e-05,0.030354586932298002,0.03625635851805342,4.6490702796030184e-05,3.060921627875055e-17,7.720354898538189e-16
385.56,"[0.06062, 0.0456, 0.41014]",0.0456,0.41014,4.649070283931939e-05,-0.051255830502557435,-0.06067063449646612,-4.649070283914097e-05,0.13448975235638416,0.15585170438379156,-4.6490702784209554e-05,0.013803920006904065,-0.004745991470906314,4.649070286300366e-05,-0.12227932319894667,-0.1737132719540776,-4.649070283912947e-05,0.030354586932298002,0.03625635851805342,4.649070283933113e-05,3.060921627875055e-17,7.720354898538189e-16
385.58,"[0.06062, 0.0456, 0.41014]",0.0456,0.41014,4.6490702889244445e-05,-0.051255830502557435,-0.06015868956115939,-4.649070288864682e-05,0.13448975235638416,0.1546900955502766,-4.649070283795291e-05,0.013803920006904065,-0.003737254882941859,4.649070291274472e-05,-0.12227932319894667,-0.1709164014587272,-4.649070288860819e-05,0.030354586932298002,0.03593543760360131,4.6490702889283294e-05,3.060921627875055e-17,7.75223722799254e-16
385.6,"[0.06062, 0.0456, 0.41014]",0.0456,0.41014,4.649070293029806e-05,-0.051255830502557435,-0.06015868956115939,-4.649070293012881e-05,0.13448975235638416,0.1546900955502766,-4.6490702882749844e-05,0.013803920006904065,-0.003737254882941859,4.649070295272348e-05,-0.12227932319894667,-0.1709164014587272,-4.6490702930118054e-05,0.030354586932298002,0.03593543760360131,4.6490702930309206e-05,3.060921627875055e-17,7.75223722799254e-16
385.62,"[0.06062, 0.0456, 0.41014]",0.0456,0.41014,4.64907029775459e-05,-0.051255830502557435,-0.05967456325967532,-4.6490702976980206e-05,0.13448975235638416,0.15359161346902758,-4.649070293360704e-05,0.013803920006904065,-0.0027833498528238806,4.64907029997871e-05,-0.12227932319894667,-0.16827153198121328,-4.6490702976943885e-05,0.030354586932298002,0.03563195610648282,4.64907029775828e-05,3.060921627875055e-17,7.750586528270285e-16
385.64,"[0.06062, 0.0456, 0.41014]",0.0456,0.41014,4.649070301642294e-05,-0.051255830502557435,-0.05967456325967532,-4.649070301626252e-05,0.13448975235638416,0.15359161346902758,-4.6490702976030994e-05,0.013803920006904065,-0.0027833498528238806,4.6490703037647525e-05,-0.12227932319894667,-0.16827153198121328,-4.6490703016252e-05,0.030354586932298002,0.03563195610648282,4.6490703016433225e-05,3.060921627875055e-17,7.750586528270285e-16
385.66,"[0.06062, 0.0456, 0.41014]",0.0456,0.41014,4.649070306112236e-05,-0.051255830502557435,-0.05921675005557088,-4.6490703060586945e-05,0.13448975235638416,0.15255283984164417,-4.649070302414193e-05,0.013803920006904065,-0.0018813032758725908,4.649070308216487e-05,-0.12227932319894667,-0.1657704304083776,-4.649070306055251e-05,0.030354586932298002,0.03534496993687263,4.6490703061156965e-05,3.060921627875055e-17,7.719435885576798e-16
385.68,"[0.06062, 0.0456, 0.41014]",0.0456,0.41014,4.649070309792362e-05,-0.051255830502557435,-0.05921675005557088,-4.649070309777174e-05,0.13448975235638416,0.15255283984164417,-4.6490703064303895e-05,0.013803920006904065,-0.0018813032758725908,4.6490703118005954e-05,-0.12227932319894667,-0.1657704304083776,-4.6490703097761677e-05,0.030354586932298002,0.03534496993687263,4.6490703097933516e-05,3.060921627875055e-17,7.719435885576798e-16
385.7,"[0.06062, 0.0456, 0.41014]",0.0456,0.41014,4.649070313517664e-05,-0.051255830502557435,-0.05877354932445688,-4.649070313595833e-05,0.13448975235638416,0.15154722286968966,-4.649070310488176e-05,0.013803920006904065,-0.0010080514696558245,4.6490703153087693e-05,-0.12227932319894667,-0.16334916292257876,-4.649070313600881e-05,0.030354586932298002,0.03506714394477337,4.649070313512606e-05,3.060921627875055e-17,7.45704875467524e-16
385.72,"[0.06062, 0.0456, 0.41014]",0.0456,0.41014,4.6490703176262515e-05,-0.051255830502557435,-0.05877354932445688,-4.649070317580162e-05,0.13448975235638416,0.15154722286968966,-4.6490703149528475e-05,0.013803920006904065,-0.0010080514696558245,4.649070319630517e-05,-0.12227932319894667,-0.16334916292257876,-4.649070317577172e-05,0.030354586932298002,0.03506714394477337,4.6490703176292676e-05,3.060921627875055e-17,7.45704875467524e-16
385.74,"[0.06062, 0.0456, 0.41014]",0.0456,0.41014,4.649070321736004e-05,-0.051255830502557435,-0.058361583300034756,-4.6490703216853486e-05,0.13448975235638416,0.15061248012893153,-4.649070319363891e-05,0.013803920006904065,-0.00019635146912705165,4.6490703236480506e-05,-0.12227932319894667,-0.161098546101792,-4.6490703216821116e-05,0.030354586932298002,0.03480889826678015,4.649070321739309e-05,3.060921627875055e-17,7.390161524164408e-16
385.76,"[0.06062, 0.0456, 0.41014]",0.0456,0.41014,4.6490703250643866e-05,-0.051255830502557435,-0.058361583300034756,-4.649070325051513e-05,0.13448975235638416,0.15061248012893153,-4.649070322988472e-05,0.013803920006904065,-0.00019635146912705165,4.6490703268744466e-05,-0.12227932319894667,-0.161098546101792,-4.649070325050668e-05,0.030354586932298002,0.03480889826678015,4.6490703250652004e-05,3.060921627875055e-17,7.390161524164408e-16
385.78,"[0.06062, 0.0456, 0.41014]",0.0456,0.41014,4.649070328861631e-05,-0.051255830502557435,-0.05797952799587783,-4.6490703288170434e-05,0.13448975235638416,0.14974560650705443,-4.649070327069408e-05,0.013803920006904065,0.0005564083983097066,4.649070330648221e-05,-0.12227932319894667,-0.15901134319291843,-4.6490703288141886e-05,0.030354586932298002,0.034569402800487245,4.649070328864518e-05,3.060921627875055e-17,7.382251228099332e-16
385.8,"[0.06062, 0.0456, 0.41014]",0.0456,0.41014,4.649070331991439e-05,-0.051255830502557435,-0.05797952799587783,-4.649070331978802e-05,0.13448975235638416,0.14974560650705443,-4.649070330480563e-05,0.013803920006904065,0.0005564083983097066,4.6490703336924357e-05,-0.12227932319894667,-0.15901134319291843,-4.6490703319779854e-05,0.030354586932298002,0.034569402800487245,4.649070331992275e-05,3.060921627875055e-17,7.382251228099332e-16
385.82,"[0.06062, 0.0456, 0.41014]",0.0456,0.41014,4.649070335561546e-05,-0.051255830502557435,-0.05761453320234313,-4.649070335519319e-05,0.13448975235638416,0.14891744316500555,-4.649070334319007e-05,0.013803920006904065,0.0012755528537582103,4.649070337241527e-05,-0.12227932319894667,-0.1570173449322127,-4.649070335516606e-05,0.030354586932298002,0.034340601959131994,4.649070335564321e-05,3.060921627875055e-17,7.287254592763758e-16
385.84,"[0.06062, 0.0456, 0.41014]",0.0456,0.41014,4.649070338500877e-05,-0.051255830502557435,-0.05761453320234313,-4.649070338489175e-05,0.13448975235638416,0.14891744316500555,-4.6490703375252665e-05,0.013803920006904065,0.0012755528537582103,4.649070340102311e-05,-0.12227932319894667,-0.1570173449322127,-4.649070338488418e-05,0.030354586932298002,0.034340601959131994,4.649070338501673e-05,3.060921627875055e-17,7.287254592763758e-16
385.86,"[0.06062, 0.0456, 0.41014]",0.0456,0.41014,4.6490703418656456e-05,-0.051255830502557435,-0.057269000724373666,-4.649070341825608e-05,0.13448975235638416,0.14813343985912494,-4.649070341144477e-05,0.013803920006904065,0.001956349278879452,4.649070343449637e-05,-0.12227932319894667,-0.15512967304346081,-4.649070341823011e-05,0.030354586932298002,0.03412400135764188,4.649070341868256e-05,3.060921627875055e-17,7.165739342727644e-16
385.88,"[0.06062, 0.0456, 0.41014]",0.0456,0.41014,4.649070344638543e-05,-0.051255830502557435,-0.05693444680428911,-4.649070344627382e-05,0.13448975235638416,0.14737434674702782,-4.649070344170844e-05,0.013803920006904065,0.0026155143732322565,4.649070346150003e-05,-0.12227932319894667,-0.1533019784839334,-4.649070344626631e-05,0.030354586932298002,0.03391428280160538,4.6490703446392814e-05,3.060921627875055e-17,6.888492002768342e-16
385.9,"[0.06062, 0.0456, 0.41014]",0.0456,0.41014,4.649070347441635e-05,-0.051255830502557435,-0.05693444680428911,-4.6490703475008935e-05,0.13448975235638416,0.14737434674702782,-4.6490703472255536e-05,0.013803920006904065,0.0026155143732322565,4.649070348791093e-05,-0.12227932319894667,-0.1533019784839334,-4.649070347504724e-05,0.030354586932298002,0.03391428280160538,4.6490703474378295e-05,3.060921627875055e-17,6.888492002768342e-16
385.92,"[0.06062, 0.0456, 0.41014]",0.0456,0.41014,4.649070350529899e-05,-0.051255830502557435,-0.05662338677949629,-4.649070350495311e-05,0.13448975235638416,0.14666856105427267,-4.649070350579596e-05,0.013803920006904065,0.0032283885514490965,4.649070352036163e-05,-0.12227932319894667,-0.1516026345787635,-4.6490703504930347e-05,0.030354586932298002,0.0337192917003295,4.6490703505321533e-05,3.060921627875055e-17,6.750775877308822e-16
385.94,"[0.06062, 0.0456, 0.41014]",0.0456,0.41014,4.649070353269131e-05,-0.051255830502557435,-0.05662338677949629,-4.649070353321462e-05,0.13448975235638416,0.14666856105427267,-4.6490703535551164e-05,0.013803920006904065,0.0032283885514490965,4.649070354569839e-05,-0.12227932319894667,-0.1516026345787635,-4.6490703533248366e-05,0.030354586932298002,0.0337192917003295,4.649070353265741e-05,3.060921627875055e-17,6.750775877308822e-16
385.96,"[0.06062, 0.0456, 0.41014]",0.0456,0.41014,4.649070356214998e-05,-0.051255830502557435,-0.05633017231946227,-4.649070356182654e-05,0.13448975235638416,0.14600326662648963,-4.649070356747197e-05,0.013803920006904065,0.0038061013723865765,4.649070357647045e-05,-0.12227932319894667,-0.150000783122259,-4.649070356180532e-05,0.030354586932298002,0.033535487302862654,4.6490703562170915e-05,3.060921627875055e-17,6.627345201959008e-16
385.98,"[0.06062, 0.0456, 0.41014]",0.0456,0.41014,4.649070358812434e-05,-0.051255830502557435,-0.05633017231946227,-4.6490703588623565e-05,0.13448975235638416,0.14600326662648963,-4.649070359563987e-05,0.013803920006904065,0.0038061013723865765,4.64907036004477e-05,-0.12227932319894667,-0.150000783122259,-4.6490703588655616e-05,0.030354586932298002,0.033535487302862654,4.649070358809185e-05,3.060921627875055e-17,6.627345201959008e-16
386.0,"[0.06062, 0.0456, 0.41014]",0.0456,0.41014,4.64907036159485e-05,-0.051255830502557435,-0.05605333523776064,-4.649070361564894e-05,0.13448975235638416,0.14537513210331118,-4.649070362575282e-05,0.013803920006904065,0.004351545836998224,4.6490703629466545e-05,-0.12227932319894667,-0.14848840297706742,-4.649070361562969e-05,0.030354586932298002,0.03336194924878143,4.649070361596839e-05,3.060921627875055e-17,6.499817392315203e-16
386.02,"[0.06062, 0.0456, 0.41014]",0.0456,0.41014,4.649070364042656e-05,-0.051255830502557435,-0.05605333523776064,-4.649070364090279e-05,0.13448975235638416,0.14537513210331118,-4.649070365227639e-05,0.013803920006904065,0.004351545836998224,4.6490703652038394e-05,-0.12227932319894667,-0.14848840297706742,-4.649070364093344e-05,0.030354586932298002,0.03336194924878143,4.649070364039576e-05,3.060921627875055e-17,6.499817392315203e-16
386.04,"[0.06062, 0.0456, 0.41014]",0.0456,0.41014,4.649070366661194e-05,-0.051255830502557435,-0.05579183250230753,-4.6490703666333e-05,0.13448975235638416,0.14478179082268233,-4.6490703680597316e-05,0.013803920006904065,0.004866777167461329,4.6490703679332025e-05,-0.12227932319894667,-0.14705979578602518,-4.649070366631468e-05,0.030354586932298002,0.033198023695139675,4.64907036666299e-05,3.060921627875055e-17,6.365327607410244e-16
386.06,"[0.06062, 0.0456, 0.41014]",0.0456,0.41014,4.649070368961856e-05,-0.051255830502557435,-0.05579183250230753,-4.6490703690071705e-05,0.13448975235638416,0.14478179082268233,-4.649070370551943e-05,0.013803920006904065,0.004866777167461329,4.6490703700533924e-05,-0.12227932319894667,-0.14705979578602518,-4.649070369010061e-05,0.030354586932298002,0.033198023695139675,4.6490703689588794e-05,3.060921627875055e-17,6.365327607410244e-16
386.08,"[0.06062, 0.0456, 0.41014]",0.0456,0.41014,4.64907037142273e-05,-0.051255830502557435,-0.05554474035394489,-4.6490703713966646e-05,0.13448975235638416,0.14422114676750114,-4.6490703732128605e-05,0.013803920006904065,0.0053536155308743704,4.6490703726182725e-05,-0.12227932319894667,-0.1457099148550841,-4.6490703713949245e-05,0.030354586932298002,0.0330431315690666,4.6490703714244006e-05,3.060921627875055e-17,6.224022894099705e-16
386.1,"[0.06062, 0.0456, 0.41014]",0.0456,0.41014,4.649070373583471e-05,-0.051255830502557435,-0.05554474035394489,-4.64907037362652e-05,0.13448975235638416,0.14422114676750114,-4.6490703755535446e-05,0.013803920006904065,0.0053536155308743704,4.649070374608898e-05,-0.12227932319894667,-0.1457099148550841,-4.649070373629312e-05,0.030354586932298002,0.0330431315690666,4.649070373580708e-05,3.060921627875055e-17,6.224022894099705e-16
386.12,"[0.06062, 0.0456, 0.41014]",0.0456,0.41014,4.649070375895783e-05,-0.051255830502557435,-0.05531121489932896,-4.6490703758713384e-05,0.13448975235638416,0.14369128514575297,-4.64907037805363e-05,0.013803920006904065,0.0058137237009745915,4.6490703770193574e-05,-0.12227932319894667,-0.14443414984643513,-4.649070375869727e-05,0.030354586932298002,0.0328967438641095,4.649070375897375e-05,3.060921627875055e-17,6.076992020316914e-16
386.14,"[0.06062, 0.0456, 0.41014]",0.0456,0.41014,4.6490703779252456e-05,-0.051255830502557435,-0.05531121489932896,-4.6490703779660895e-05,0.13448975235638416,0.14369128514575297,-4.649070380252429e-05,0.013803920006904065,0.0058137237009745915,4.649070378888692e-05,-0.12227932319894667,-0.14443414984643513,-4.649070377968733e-05,0.030354586932298002,0.0328967438641095,4.649070377922636e-05,3.060921627875055e-17,6.076992020316914e-16
386.16,"[0.06062, 0.0456, 0.41014]",0.0456,0.41014,4.6490703800987715e-05,-0.051255830502557435,-0.055090477362473876,-4.649070380075795e-05,0.13448975235638416,0.14319043892283168,-4.649070382602553e-05,0.013803920006904065,0.00624863612820657,4.649070381155146e-05,-0.12227932319894667,-0.14322824619255808,-4.649070380074279e-05,0.030354586932298002,0.03275837239445576,4.649070380100261e-05,3.060921627875055e-17,5.925639346416693e-16
386.18,"[0.06062, 0.0456, 0.41014]",0.0456,0.41014,4.6490703820061365e-05,-0.051255830502557435,-0.055090477362473876,-4.649070382044833e-05,0.13448975235638416,0.14319043892283168,-4.649070384669483e-05,0.013803920006904065,0.00624863612820657,4.649070382911896e-05,-0.12227932319894667,-0.14322824619255808,-4.649070382047337e-05,0.030354586932298002,0.03275837239445576,4.64907038200362e-05,3.060921627875055e-17,5.925639346416693e-16
386.2,"[0.06062, 0.0456, 0.41014]",0.0456,0.41014,4.649070384050589e-05,-0.051255830502557435,-0.05488180435518389,-4.649070384028944e-05,0.13448975235638416,0.14271696674283518,-4.6490703868802826e-05,0.013803920006904065,0.0066597781174221864,4.649070385044478e-05,-0.12227932319894667,-0.1420882519334226,-4.649070384027536e-05,0.030354586932298002,0.0326275636954788,4.649070384051971e-05,3.060921627875055e-17,5.771459333683416e-16
386.22,"[0.06062, 0.0456, 0.41014]",0.0456,0.41014,4.6490703858446994e-05,-0.051255830502557435,-0.05488180435518389,-4.649070385881346e-05,0.13448975235638416,0.14271696674283518,-4.649070388824977e-05,0.013803920006904065,0.0066597781174221864,4.649070386696924e-05,-0.12227932319894667,-0.1420882519334226,-4.649070385883728e-05,0.030354586932298002,0.0326275636954788,4.649070385842312e-05,3.060921627875055e-17,5.771459333683416e-16
386.24,"[0.06062, 0.0456, 0.41014]",0.0456,0.41014,4.649070387769267e-05,-0.051255830502557435,-0.054684520713274315,-4.649070387748864e-05,0.13448975235638416,0.14226933667239197,-4.649070390906393e-05,0.013803920006904065,0.007048479947786544,4.649070388705068e-05,-0.12227932319894667,-0.14101047857380303,-4.649070387747554e-05,0.030354586932298002,0.03250389453279477,4.649070387770587e-05,3.060921627875055e-17,5.615738254151896e-16
386.26,"[0.06062, 0.0456, 0.41014]",0.0456,0.41014,4.6490703894582016e-05,-0.051255830502557435,-0.054684520713274315,-4.649070389492893e-05,0.13448975235638416,0.14226933667239197,-4.6490703927375046e-05,0.013803920006904065,0.007048479947786544,4.649070390260697e-05,-0.12227932319894667,-0.14101047857380303,-4.6490703894951485e-05,0.030354586932298002,0.03250389453279477,4.6490703894559424e-05,3.060921627875055e-17,5.615738254151896e-16
386.28,"[0.06062, 0.0456, 0.41014]",0.0456,0.41014,4.6490703912712824e-05,-0.051255830502557435,-0.054497994048044486,-4.649070391252025e-05,0.13448975235638416,0.14184611383690943,-4.6490703946985654e-05,0.013803920006904065,0.0074159876114783495,4.649070392153033e-05,-0.12227932319894667,-0.13999147131319375,-4.649070391250814e-05,0.030354586932298002,0.03238696848662409,4.649070391272535e-05,3.060921627875055e-17,5.459671234710196e-16
386.3,"[0.06062, 0.0456, 0.41014]",0.0456,0.41014,4.6490703928625016e-05,-0.051255830502557435,-0.054497994048044486,-4.649070392895332e-05,0.13448975235638416,0.14184611383690943,-4.649070396424133e-05,0.013803920006904065,0.0074159876114783495,4.649070393618768e-05,-0.12227932319894667,-0.13999147131319375,-4.649070392897495e-05,0.030354586932298002,0.03238696848662409,4.6490703928603847e-05,3.060921627875055e-17,5.459671234710196e-16
386.32,"[0.06062, 0.0456, 0.41014]",0.0456,0.41014,4.6490703945717016e-05,-0.051255830502557435,-0.05431743020660695,-4.649070394553526e-05,0.13448975235638416,0.14143642045414317,-4.649070398273008e-05,0.013803920006904065,0.007771746901616678,4.64907039540304e-05,-0.12227932319894667,-0.1390050393551901,-4.6490703945523845e-05,0.030354586932298002,0.03227378029467381,4.649070394572889e-05,3.060921627875055e-17,5.235196629981617e-16
386.34,"[0.06062, 0.0456, 0.41014]",0.0456,0.41014,4.649070396067183e-05,-0.051255830502557435,-0.05431743020660695,-4.649070396099491e-05,0.13448975235638416,0.14143642045414317,-4.649070399895642e-05,0.013803920006904065,0.007771746901616678,4.6490703967785144e-05,-0.12227932319894667,-0.1390050393551901,-4.64907039610156e-05,0.030354586932298002,0.03227378029467381,4.6490703960650864e-05,3.060921627875055e-17,5.235196629981617e-16
386.36,"[0.06062, 0.0456, 0.41014]",0.0456,0.41014,4.649070397680343e-05,-0.051255830502557435,-0.05415237334756657,-4.6490703976631936e-05,0.13448975235638416,0.14106191191172676,-4.649070401641504e-05,0.013803920006904065,0.008096953238675028,4.649070398466005e-05,-0.12227932319894667,-0.138103323083412,-4.64907039766204e-05,0.030354586932298002,0.0321703128062392,4.649070397681441e-05,3.060921627875055e-17,5.105619261549778e-16
386.38,"[0.06062, 0.0456, 0.41014]",0.0456,0.41014,4.6490703991015186e-05,-0.051255830502557435,-0.05415237334756657,-4.6490703991303035e-05,0.13448975235638416,0.14106191191172676,-4.649070403183489e-05,0.013803920006904065,0.008096953238675028,4.649070399777232e-05,-0.12227932319894667,-0.138103323083412,-4.6490703991321446e-05,0.030354586932298002,0.0321703128062392,4.649070399099667e-05,3.060921627875055e-17,5.105619261549778e-16
386.4,"[0.06062, 0.0456, 0.41014]",0.0456,0.41014,4.649070400627394e-05,-0.051255830502557435,-0.05415237334756657,-4.649070400611082e-05,0.13448975235638416,0.14106191191172676,-4.6490704048342816e-05,0.013803920006904065,0.008096953238675028,4.6490704013692955e-05,-0.12227932319894667,-0.138103323083412,-4.6490704006099894e-05,0.030354586932298002,0.0321703128062392,4.649070400628453e-05,3.060921627875055e-17,5.105619261549778e-16
386.42,"[0.06062, 0.0456, 0.41014]",0.0456,0.41014,4.64907040213896e-05,-0.051255830502557435,-0.05399491400025589,-4.6490704021209376e-05,0.13448975235638416,0.14070464187331408,-4.6490704064528464e-05,0.013803920006904065,0.008407190432302536,4.649070402841926e-05,-0.12227932319894667,-0.13724311251463867,-4.649070402119762e-05,0.030354586932298002,0.03207160789175756,4.649070402140147e-05,3.060921627875055e-17,4.959350700386099e-16
386.44,"[0.06062, 0.0456, 0.41014]",0.0456,0.41014,4.6490704033568135e-05,-0.051255830502557435,-0.0538448447626381,-4.6490704033530066e-05,0.13448975235638416,0.1403641397508328,-4.649070407779172e-05,0.013803920006904065,0.00870286711939091,4.6490704040213516e-05,-0.12227932319894667,-0.13642327459915435,-4.649070403352761e-05,0.030354586932298002,0.03197753553929591,4.6490704033570893e-05,3.060921627875055e-17,4.775563874622809e-16
386.46,"[0.06062, 0.0456, 0.41014]",0.0456,0.41014,4.6490704045834074e-05,-0.051255830502557435,-0.0538448447626381,-4.649070404610871e-05,0.13448975235638416,0.1403641397508328,-4.6490704091149096e-05,0.013803920006904065,0.00870286711939091,4.6490704051751995e-05,-0.12227932319894667,-0.13642327459915435,-4.6490704046126564e-05,0.030354586932298002,0.03197753553929591,4.6490704045816645e-05,3.060921627875055e-17,4.775563874622809e-16
386.48,"[0.06062, 0.0456, 0.41014]",0.0456,0.41014,4.6490704059336694e-05,-0.051255830502557435,-0.05370369138970902,-4.649070405918888e-05,0.13448975235638416,0.14004386743108216,-4.64907041057923e-05,0.013803920006904065,0.008980977154995051,4.649070406592409e-05,-0.12227932319894667,-0.13565214463236677,-4.649070405917909e-05,0.030354586932298002,0.031889052183026394,4.6490704059346384e-05,3.060921627875055e-17,4.627095235336148e-16
386.5,"[0.06062, 0.0456, 0.41014]",0.0456,0.41014,4.6490704071264334e-05,-0.051255830502557435,-0.05370369138970902,-4.6490704071509486e-05,0.13448975235638416,0.14004386743108216,-4.6490704118760514e-05,0.013803920006904065,0.008980977154995051,4.649070407694391e-05,-0.12227932319894667,-0.13565214463236677,-4.6490704071525545e-05,0.030354586932298002,0.031889052183026394,4.649070407124878e-05,3.060921627875055e-17,4.627095235336148e-16
386.52,"[0.06062, 0.0456, 0.41014]",0.0456,0.41014,4.649070408413674e-05,-0.051255830502557435,-0.05357035671034918,-4.649070408399644e-05,0.13448975235638416,0.13974133546863177,-4.649070413270467e-05,0.013803920006904065,0.009243682262419457,4.649070409040214e-05,-0.12227932319894667,-0.13492372869575003,-4.649070408398742e-05,0.030354586932298002,0.03180547005054572,4.649070408414595e-05,3.060921627875055e-17,4.487235071337027e-16
386.54,"[0.06062, 0.0456, 0.41014]",0.0456,0.41014,4.6490704095468036e-05,-0.051255830502557435,-0.05357035671034918,-4.649070409570046e-05,0.13448975235638416,0.13974133546863177,-4.649070414501339e-05,0.013803920006904065,0.009243682262419457,4.6490704100860065e-05,-0.12227932319894667,-0.13492372869575003,-4.649070409571553e-05,0.030354586932298002,0.03180547005054572,4.649070409545314e-05,3.060921627875055e-17,4.487235071337027e-16
386.56,"[0.06062, 0.0456, 0.41014]",0.0456,0.41014,4.649070410766661e-05,-0.051255830502557435,-0.053444342247203215,-4.649070410753498e-05,0.13448975235638416,0.13945541283452395,-4.649070415821913e-05,0.013803920006904065,0.00949196457698716,4.649070411360137e-05,-0.12227932319894667,-0.13423530357404256,-4.6490704107526316e-05,0.030354586932298002,0.03172647666645072,4.649070410767519e-05,3.060921627875055e-17,4.3523583480983025e-16
386.58,"[0.06062, 0.0456, 0.41014]",0.0456,0.41014,4.649070411839402e-05,-0.051255830502557435,-0.053444342247203215,-4.6490704118614445e-05,0.13448975235638416,0.13945541283452395,-4.6490704169866545e-05,0.013803920006904065,0.00949196457698716,4.649070412349776e-05,-0.12227932319894667,-0.13423530357404256,-4.6490704118628824e-05,0.030354586932298002,0.03172647666645072,4.649070411838019e-05,3.060921627875055e-17,4.3523583480983025e-16
386.6,"[0.06062, 0.0456, 0.41014]",0.0456,0.41014,4.649070412992978e-05,-0.051255830502557435,-0.0533223690496693,-4.6490704129806033e-05,0.13448975235638416,0.13917865969813634,-4.649070418235016e-05,0.013803920006904065,0.00973228451307011,4.6490704135541104e-05,-0.12227932319894667,-0.13356895614712294,-4.6490704129798004e-05,0.030354586932298002,0.03165001658878864,4.64907041299381e-05,3.060921627875055e-17,4.17587769219102e-16
386.62,"[0.06062, 0.0456, 0.41014]",0.0456,0.41014,4.6490704140036335e-05,-0.051255830502557435,-0.0533223690496693,-4.64907041402535e-05,0.13448975235638416,0.13917865969813634,-4.649070419332414e-05,0.013803920006904065,0.00973228451307011,4.6490704144847326e-05,-0.12227932319894667,-0.13356895614712294,-4.649070414026735e-05,0.030354586932298002,0.03165001658878864,4.649070414002221e-05,3.060921627875055e-17,4.17587769219102e-16
386.64,"[0.06062, 0.0456, 0.41014]",0.0456,0.41014,4.649070415094072e-05,-0.051255830502557435,-0.053208206020763656,-4.649070415082418e-05,0.13448975235638416,0.13891962757563558,-4.6490704205127564e-05,0.013803920006904065,0.009957216319193914,4.6490704156250944e-05,-0.12227932319894667,-0.1329452761758833,-4.649070415081645e-05,0.030354586932298002,0.031578452390886455,4.649070415094835e-05,3.060921627875055e-17,4.0214902938215035e-16
386.66,"[0.06062, 0.0456, 0.41014]",0.0456,0.41014,4.649070416046564e-05,-0.051255830502557435,-0.053208206020763656,-4.649070416041802e-05,0.13448975235638416,0.13891962757563558,-4.649070421557848e-05,0.013803920006904065,0.009957216319193914,4.64907041656444e-05,-0.12227932319894667,-0.1329452761758833,-4.649070416041468e-05,0.030354586932298002,0.031578452390886455,4.649070416046853e-05,3.060921627875055e-17,4.0214902938215035e-16
386.68,"[0.06062, 0.0456, 0.41014]",0.0456,0.41014,4.649070417138333e-05,-0.051255830502557435,-0.053101213498643926,-4.649070417124653e-05,0.13448975235638416,0.1386768650952393,-4.649070422735718e-05,0.013803920006904065,0.010168020301747528,4.6490704176529563e-05,-0.12227932319894667,-0.13236076914544936,-4.649070417123749e-05,0.030354586932298002,0.0315113830944938,4.649070417139217e-05,3.060921627875055e-17,3.902440501096594e-16
386.7,"[0.06062, 0.0456, 0.41014]",0.0456,0.41014,4.649070418053353e-05,-0.051255830502557435,-0.05299778023147449,-4.6490704180488094e-05,0.13448975235638416,0.13844217844622114,-4.6490704237364574e-05,0.013803920006904065,0.010371811596636506,4.64907041854677e-05,-0.12227932319894667,-0.13179570655399686,-4.649070418048505e-05,0.030354586932298002,0.03144654495147072,4.649070418053666e-05,3.060921627875055e-17,3.750868328605182e-16
386.72,"[0.06062, 0.0456, 0.41014]",0.0456,0.41014,4.649070418975731e-05,-0.051255830502557435,-0.05299778023147449,-4.649070418993123e-05,0.13448975235638416,0.13844217844622114,-4.64907042474294e-05,0.013803920006904065,0.010371811596636506,4.6490704194198576e-05,-0.12227932319894667,-0.13179570655399686,-4.6490704189942235e-05,0.030354586932298002,0.03144654495147072,4.6490704189746e-05,3.060921627875055e-17,3.750868328605182e-16
386.74,"[0.06062, 0.0456, 0.41014]",0.0456,0.41014,4.649070419981531e-05,-0.051255830502557435,-0.05299778023147449,-4.6490704199701146e-05,0.13448975235638416,0.13844217844622114,-4.6490704258342816e-05,0.013803920006904065,0.010371811596636506,4.649070420470524e-05,-0.12227932319894667,-0.13179570655399686,-4.649070419969335e-05,0.030354586932298002,0.03144654495147072,4.649070419982256e-05,3.060921627875055e-17,3.750868328605182e-16
386.76,"[0.06062, 0.0456, 0.41014]",0.0456,0.41014,4.649070420981219e-05,-0.051255830502557435,-0.052901911933691065,-4.64907042096887e-05,0.13448975235638416,0.13822465646175375,-4.649070426907103e-05,0.013803920006904065,0.010560697871056774,4.649070421446509e-05,-0.12227932319894667,-0.13127197187755799,-4.64907042096804e-05,0.030354586932298002,0.031386448982635914,4.6490704209820086e-05,3.060921627875055e-17,3.644610007641393e-16
386.78,"[0.06062, 0.0456, 0.41014]",0.0456,0.41014,4.649070421800475e-05,-0.051255830502557435,-0.052811031253234525,-4.6490704217970176e-05,0.13448975235638416,0.13801845121548448,-4.64907042779913e-05,0.013803920006904065,0.01073975720056225,4.649070422240982e-05,-0.12227932319894667,-0.13077548487568086,-4.649070421796781e-05,0.030354586932298002,0.03132947954993072,4.64907042180071e-05,3.060921627875055e-17,3.5261588588104256e-16
386.8,"[0.06062, 0.0456, 0.41014]",0.0456,0.41014,4.6490704226205864e-05,-0.051255830502557435,-0.052811031253234525,-4.649070422636233e-05,0.13448975235638416,0.13801845121548448,-4.649070428691155e-05,0.013803920006904065,0.01073975720056225,4.64907042301494e-05,-0.12227932319894667,-0.13077548487568086,-4.649070422637213e-05,0.030354586932298002,0.03132947954993072,4.6490704226195605e-05,3.060921627875055e-17,3.5261588588104256e-16
386.82,"[0.06062, 0.0456, 0.41014]",0.0456,0.41014,4.649070423509169e-05,-0.051255830502557435,-0.05272577931464973,-4.6490704234994115e-05,0.13448975235638416,0.1378250173976807,-4.649070429653242e-05,0.013803920006904065,0.01090772639785358,4.6490704239407394e-05,-0.12227932319894667,-0.1303097480528532,-4.649070423498788e-05,0.030354586932298002,0.03127603854846585,4.649070423509798e-05,3.060921627875055e-17,3.4295214215813903e-16
386.84,"[0.06062, 0.0456, 0.41014]",0.0456,0.41014,4.649070424296294e-05,-0.051255830502557435,-0.05272577931464973,-4.6490704243104144e-05,0.13448975235638416,0.1378250173976807,-4.6490704305072675e-05,0.013803920006904065,0.01090772639785358,4.649070424670203e-05,-0.12227932319894667,-0.1303097480528532,-4.6490704243113285e-05,0.030354586932298002,0.03127603854846585,4.649070424295376e-05,3.060921627875055e-17,3.4295214215813903e-16
386.86,"[0.06062, 0.0456, 0.41014]",0.0456,0.41014,4.6490704251333266e-05,-0.051255830502557435,-0.05264539705469712,-4.6490704251243094e-05,0.13448975235638416,0.13764263271903357,-4.64907043141204e-05,0.013803920006904065,0.011066101021285508,4.64907042553904e-05,-0.12227932319894667,-0.12987061459769889,-4.649070425123722e-05,0.030354586932298002,0.031225650152111636,4.6490704251339114e-05,3.060921627875055e-17,3.337807315991439e-16
386.881,"[0.06062, 0.0456, 0.41014]",0.0456,0.41014,4.649070426256837e-05,-0.051255830502557435,-0.05264539705469712,-4.649070426253583e-05,0.13448975235638416,0.13764263271903357,-4.649070432629367e-05,0.013803920006904065,0.011066101021285508,4.6490704266349e-05,-0.12227932319894667,-0.12987061459769889,-4.6490704262533494e-05,0.030354586932298002,0.031225650152111636,4.6490704262570215e-05,3.060921627875055e-17,3.337807315991439e-16
386.9,"[0.06062, 0.0456, 0.41014]",0.0456,0.41014,4.6490704266543673e-05,-0.051255830502557435,-0.05256952775300657,-4.649070426646055e-05,0.13448975235638416,0.13747048779285315,-4.6490704330575495e-05,0.013803920006904065,0.011215583905762544,4.6490704270340536e-05,-0.12227932319894667,-0.12945613572384077,-4.649070426645523e-05,0.030354586932298002,0.031178090747254993,4.649070426654897e-05,3.060921627875055e-17,3.248499647949972e-16
386.92,"[0.06062, 0.0456, 0.41014]",0.0456,0.41014,4.649070427343325e-05,-0.051255830502557435,-0.05256952775300657,-4.649070427356277e-05,0.13448975235638416,0.13747048779285315,-4.64907043380383e-05,0.013803920006904065,0.011215583905762544,4.649070427670467e-05,-0.12227932319894667,-0.12945613572384077,-4.6490704273570984e-05,0.030354586932298002,0.031178090747254993,4.649070427342469e-05,3.060921627875055e-17,3.248499647949972e-16
386.94,"[0.06062, 0.0456, 0.41014]",0.0456,0.41014,4.6490704280752644e-05,-0.051255830502557435,-0.0524978796605055,-4.6490704280675564e-05,0.13448975235638416,0.13730792065017117,-4.6490704345942e-05,0.013803920006904065,0.011356749875282344,4.6490704284301536e-05,-0.12227932319894667,-0.12906471758729643,-4.649070428067063e-05,0.030354586932298002,0.03113317744816921,4.649070428075753e-05,3.060921627875055e-17,3.161018831336983e-16
386.96,"[0.06062, 0.0456, 0.41014]",0.0456,0.41014,4.6490704287183176e-05,-0.051255830502557435,-0.0524978796605055,-4.6490704287306647e-05,0.13448975235638416,0.13730792065017117,-4.649070435290732e-05,0.013803920006904065,0.011356749875282344,4.649070429023722e-05,-0.12227932319894667,-0.12906471758729643,-4.649070428731433e-05,0.030354586932298002,0.03113317744816921,4.649070428717493e-05,3.060921627875055e-17,3.161018831336983e-16
386.98,"[0.06062, 0.0456, 0.41014]",0.0456,0.41014,4.6490704294022927e-05,-0.051255830502557435,-0.052430192857476195,-4.649070429395116e-05,0.13448975235638416,0.13715434154177206,-4.64907043602933e-05,0.013803920006904065,0.011490111041461646,4.649070429734052e-05,-0.12227932319894667,-0.12869494022990827,-4.6490704293946e-05,0.030354586932298002,0.03109074732166673,4.6490704294027196e-05,3.060921627875055e-17,3.075350279308454e-16
387.0,"[0.06062, 0.0456, 0.41014]",0.0456,0.41014,4.649070430002854e-05,-0.051255830502557435,-0.052430192857476195,-4.649070430014595e-05,0.13448975235638416,0.13715434154177206,-4.649070436679997e-05,0.013803920006904065,0.011490111041461646,4.649070430288209e-05,-0.12227932319894667,-0.12869494022990827,-4.649070430015331e-05,0.030354586932298002,0.03109074732166673,4.649070430002064e-05,3.060921627875055e-17,3.075350279308454e-16
387.02,"[0.06062, 0.0456, 0.41014]",0.0456,0.41014,4.649070430642738e-05,-0.051255830502557435,-0.052366231306766084,-4.6490704306360185e-05,0.13448975235638416,0.13700921490718984,-4.6490704373711475e-05,0.013803920006904065,0.011616132460847858,4.649070430953306e-05,-0.12227932319894667,-0.12834551416551623,-4.649070430635582e-05,0.030354586932298002,0.031050652405577053,4.6490704306431675e-05,3.060921627875055e-17,2.9916170573341335e-16
387.04,"[0.06062, 0.0456, 0.41014]",0.0456,0.41014,4.64907043120452e-05,-0.051255830502557435,-0.052366231306766084,-4.649070431215667e-05,0.13448975235638416,0.13700921490718984,-4.649070437979984e-05,0.013803920006904065,0.011616132460847858,4.649070431471556e-05,-0.12227932319894667,-0.12834551416551623,-4.649070431216411e-05,0.030354586932298002,0.031050652405577053,4.649070431203805e-05,3.060921627875055e-17,2.9916170573341335e-16
387.06,"[0.06062, 0.0456, 0.41014]",0.0456,0.41014,4.649070431804033e-05,-0.051255830502557435,-0.05230577836891605,-4.649070431797724e-05,0.13448975235638416,0.13687204919868237,-4.6490704386276436e-05,0.013803920006904065,0.0117352409713221,4.6490704320951134e-05,-0.12227932319894667,-0.1280152558788126,-4.649070431797318e-05,0.030354586932298002,0.031012756897361472,4.649070431804426e-05,3.060921627875055e-17,2.9100027718644716e-16
387.08,"[0.06062, 0.0456, 0.41014]",0.0456,0.41014,4.64907043233024e-05,-0.051255830502557435,-0.05230577836891605,-4.6490704323408085e-05,0.13448975235638416,0.13687204919868237,-4.649070439198112e-05,0.013803920006904065,0.0117352409713221,4.649070432580456e-05,-0.12227932319894667,-0.1280152558788126,-4.649070432341496e-05,0.030354586932298002,0.031012756897361472,4.649070432329543e-05,3.060921627875055e-17,2.9100027718644716e-16
387.1,"[0.06062, 0.0456, 0.41014]",0.0456,0.41014,4.649070432892707e-05,-0.051255830502557435,-0.05224726367380603,-4.6490704328867694e-05,0.13448975235638416,0.13673928129859012,-4.649070439805928e-05,0.013803920006904065,0.011850530623453993,4.649070433165924e-05,-0.12227932319894667,-0.1276955863368364,-4.649070432886394e-05,0.030354586932298002,0.03097607639533594,4.6490704328930835e-05,3.060921627875055e-17,2.810303745091588e-16
387.12,"[0.06062, 0.0456, 0.41014]",0.0456,0.41014,4.649070433382046e-05,-0.051255830502557435,-0.05224726367380603,-4.6490704333797026e-05,0.13448975235638416,0.13673928129859012,-4.649070440342228e-05,0.013803920006904065,0.011850530623453993,4.6490704336476835e-05,-0.12227932319894667,-0.1276955863368364,-4.6490704333795115e-05,0.030354586932298002,0.03097607639533594,4.649070433382149e-05,3.060921627875055e-17,2.810303745091588e-16
387.14,"[0.06062, 0.0456, 0.41014]",0.0456,0.41014,4.649070433941021e-05,-0.051255830502557435,-0.0521941580664004,-4.649070433934089e-05,0.13448975235638416,0.13661878643888445,-4.6490704409448574e-05,0.013803920006904065,0.011955162921227159,4.6490704342044524e-05,-0.12227932319894667,-0.127405466988826,-4.649070433933679e-05,0.030354586932298002,0.030942786632203827,4.6490704339414934e-05,3.060921627875055e-17,2.751388291916648e-16
387.16,"[0.06062, 0.0456, 0.41014]",0.0456,0.41014,4.649070434413668e-05,-0.051255830502557435,-0.0521941580664004,-4.649070434422847e-05,0.13448975235638416,0.13661878643888445,-4.649070441456086e-05,0.013803920006904065,0.011955162921227159,4.649070434637223e-05,-0.12227932319894667,-0.127405466988826,-4.64907043442343e-05,0.030354586932298002,0.030942786632203827,4.649070434413039e-05,3.060921627875055e-17,2.751388291916648e-16
387.18,"[0.06062, 0.0456, 0.41014]",0.0456,0.41014,4.6490704349135674e-05,-0.051255830502557435,-0.052143245879244425,-4.649070434908398e-05,0.13448975235638416,0.13650326837688864,-4.649070441995455e-05,0.013803920006904065,0.012055473592488349,4.649070435155986e-05,-0.12227932319894667,-0.12712733043668298,-4.649070434908037e-05,0.030354586932298002,0.030910871835749157,4.64907043491387e-05,3.060921627875055e-17,2.6799388116532607e-16
387.2,"[0.06062, 0.0456, 0.41014]",0.0456,0.41014,4.649070435350359e-05,-0.051255830502557435,-0.052143245879244425,-4.6490704353594307e-05,0.13448975235638416,0.13650326837688864,-4.649070442468677e-05,0.013803920006904065,0.012055473592488349,4.649070435558085e-05,-0.12227932319894667,-0.12712733043668298,-4.649070435360028e-05,0.030354586932298002,0.030910871835749157,4.649070435349794e-05,3.060921627875055e-17,2.6799388116532607e-16
387.22,"[0.06062, 0.0456, 0.41014]",0.0456,0.41014,4.649070435817406e-05,-0.051255830502557435,-0.052093899688588664,-4.6490704358125404e-05,0.13448975235638416,0.13639130350894973,-4.649070442973105e-05,0.013803920006904065,0.012152698830398623,4.6490704360443496e-05,-0.12227932319894667,-0.12685774902411792,-4.649070435812217e-05,0.030354586932298002,0.03087993869933209,4.6490704358177067e-05,3.060921627875055e-17,2.592059624188622e-16
387.24,"[0.06062, 0.0456, 0.41014]",0.0456,0.41014,4.649070436222913e-05,-0.051255830502557435,-0.052093899688588664,-4.649070436221051e-05,0.13448975235638416,0.13639130350894973,-4.649070443417615e-05,0.013803920006904065,0.012152698830398623,4.649070436443607e-05,-0.12227932319894667,-0.12685774902411792,-4.6490704362209363e-05,0.030354586932298002,0.03087993869933209,4.64907043622303e-05,3.060921627875055e-17,2.592059624188622e-16
387.26,"[0.06062, 0.0456, 0.41014]",0.0456,0.41014,4.6490704366874164e-05,-0.051255830502557435,-0.05204905464031454,-4.649070436681667e-05,0.13448975235638416,0.1362895515836055,-4.649070443918329e-05,0.013803920006904065,0.01224105560990369,4.649070436906344e-05,-0.12227932319894667,-0.12661275764181995,-4.6490704366812927e-05,0.030354586932298002,0.030851827147509194,4.649070436687783e-05,3.060921627875055e-17,2.537741733669654e-16
387.28,"[0.06062, 0.0456, 0.41014]",0.0456,0.41014,4.649070437079569e-05,-0.051255830502557435,-0.05204905464031454,-4.649070437087405e-05,0.13448975235638416,0.1362895515836055,-4.64907044434266e-05,0.013803920006904065,0.01224105560990369,4.649070437265172e-05,-0.12227932319894667,-0.12661275764181995,-4.6490704370879254e-05,0.030354586932298002,0.030851827147509194,4.6490704370790634e-05,3.060921627875055e-17,2.537741733669654e-16
387.3,"[0.06062, 0.0456, 0.41014]",0.0456,0.41014,4.649070437495318e-05,-0.051255830502557435,-0.0520050562505276,-4.649070437491031e-05,0.13448975235638416,0.13618972069825333,-4.649070444791337e-05,0.013803920006904065,0.012327744244983735,4.6490704376970823e-05,-0.12227932319894667,-0.1263723916092783,-4.6490704374907336e-05,0.030354586932298002,0.03082424633173979,4.6490704374955874e-05,3.060921627875055e-17,2.459042952653647e-16
387.32,"[0.06062, 0.0456, 0.41014]",0.0456,0.41014,4.649070437855201e-05,-0.051255830502557435,-0.0520050562505276,-4.6490704378536086e-05,0.13448975235638416,0.13618972069825333,-4.649070445185634e-05,0.013803920006904065,0.012327744244983735,4.649070438051133e-05,-0.12227932319894667,-0.1263723916092783,-4.6490704378535185e-05,0.030354586932298002,0.03082424633173979,4.6490704378553264e-05,3.060921627875055e-17,2.459042952653647e-16
387.34,"[0.06062, 0.0456, 0.41014]",0.0456,0.41014,4.649070438267327e-05,-0.051255830502557435,-0.05196499781698018,-4.6490704382622546e-05,0.13448975235638416,0.1360988294427737,-4.6490704456297255e-05,0.013803920006904065,0.012406670108959909,4.649070438461567e-05,-0.12227932319894667,-0.12615354981101984,-4.649070438261945e-05,0.030354586932298002,0.03079913531560878,4.6490704382676675e-05,3.060921627875055e-17,2.4082950345782895e-16
387.36,"[0.06062, 0.0456, 0.41014]",0.0456,0.41014,4.649070438614733e-05,-0.051255830502557435,-0.05196499781698018,-4.649070438621786e-05,0.13448975235638416,0.1360988294427737,-4.6490704460055553e-05,0.013803920006904065,0.012406670108959909,4.649070438779179e-05,-0.12227932319894667,-0.12615354981101984,-4.649070438622243e-05,0.030354586932298002,0.03079913531560878,4.649070438614272e-05,3.060921627875055e-17,2.4082950345782895e-16
387.38,"[0.06062, 0.0456, 0.41014]",0.0456,0.41014,4.649070438983255e-05,-0.051255830502557435,-0.05192657661245913,-4.6490704389794563e-05,0.13448975235638416,0.13601165300558687,-4.649070446403227e-05,0.013803920006904065,0.012482370192394307,4.6490704391621736e-05,-0.12227932319894667,-0.12594365230020843,-4.6490704389791914e-05,0.030354586932298002,0.03077505061231259,4.6490704389834774e-05,3.060921627875055e-17,2.348711679737431e-16
387.4,"[0.06062, 0.0456, 0.41014]",0.0456,0.41014,4.649070439304953e-05,-0.051255830502557435,-0.05192657661245913,-4.649070439311859e-05,0.13448975235638416,0.13601165300558687,-4.649070446751885e-05,0.013803920006904065,0.012482370192394307,4.6490704394580266e-05,-0.12227932319894667,-0.12594365230020843,-4.6490704393122895e-05,0.030354586932298002,0.03077505061231259,4.6490704393044703e-05,3.060921627875055e-17,2.348711679737431e-16
387.42,"[0.06062, 0.0456, 0.41014]",0.0456,0.41014,4.649070439650173e-05,-0.051255830502557435,-0.05189017406216031,-4.6490704396465626e-05,0.13448975235638416,0.1359290568277961,-4.6490704471249616e-05,0.013803920006904065,0.012554092985293492,4.649070439818101e-05,-0.12227932319894667,-0.1257447828272151,-4.649070439646318e-05,0.030354586932298002,0.030752231321920735,4.649070439650394e-05,3.060921627875055e-17,2.289728152030017e-16
387.44,"[0.06062, 0.0456, 0.41014]",0.0456,0.41014,4.6490704399524634e-05,-0.051255830502557435,-0.05189017406216031,-4.6490704399589924e-05,0.13448975235638416,0.1359290568277961,-4.649070447453021e-05,0.013803920006904065,0.012554092985293492,4.649070440096431e-05,-0.12227932319894667,-0.1257447828272151,-4.649070439959402e-05,0.030354586932298002,0.030752231321920735,4.649070439952034e-05,3.060921627875055e-17,2.289728152030017e-16
387.46,"[0.06062, 0.0456, 0.41014]",0.0456,0.41014,4.649070440277849e-05,-0.051255830502557435,-0.05185572538864847,-4.6490704402744044e-05,0.13448975235638416,0.13585089393155186,-4.649070447804958e-05,0.013803920006904065,0.012621966116588505,4.649070440436251e-05,-0.12227932319894667,-0.1255565875087456,-4.649070440274196e-05,0.030354586932298002,0.030730636838072003,4.649070440278087e-05,3.060921627875055e-17,2.2327829478216805e-16
387.48,"[0.06062, 0.0456, 0.41014]",0.0456,0.41014,4.649070440563257e-05,-0.051255830502557435,-0.05185572538864847,-4.6490704405693955e-05,0.13448975235638416,0.13585089393155186,-4.649070448114883e-05,0.013803920006904065,0.012621966116588505,4.649070440699224e-05,-0.12227932319894667,-0.1255565875087456,-4.649070440569812e-05,0.030354586932298002,0.030730636838072003,4.649070440562863e-05,3.060921627875055e-17,2.2327829478216805e-16
387.5,"[0.06062, 0.0456, 0.41014]",0.0456,0.41014,4.649070441025743e-05,-0.051255830502557435,-0.05182237011511121,-4.649070441021975e-05,0.13448975235638416,0.13577521192354094,-4.649070448613949e-05,0.013803920006904065,0.012687684956513779,4.64907044117248e-05,-0.12227932319894667,-0.1253743655046439,-4.649070441021723e-05,0.030354586932298002,0.030709727762562252,4.64907044102596e-05,3.060921627875055e-17,2.166539642544102e-16
387.52,"[0.06062, 0.0456, 0.41014]",0.0456,0.41014,4.649070441139961e-05,-0.051255830502557435,-0.05182237011511121,-4.649070441145967e-05,0.13448975235638416,0.13577521192354094,-4.649070448740145e-05,0.013803920006904065,0.012687684956513779,4.6490704412682674e-05,-0.12227932319894667,-0.1253743655046439,-4.649070441146349e-05,0.030354586932298002,0.030709727762562252,4.649070441139541e-05,3.060921627875055e-17,2.166539642544102e-16
387.54,"[0.06062, 0.0456, 0.41014]",0.0456,0.41014,4.649070441431308e-05,-0.051255830502557435,-0.05179185037588229,-4.649070441428188e-05,0.13448975235638416,0.13570596364871484,-4.649070449055628e-05,0.013803920006904065,0.012747817032920229,4.64907044157333e-05,-0.12227932319894667,-0.12520763420679662,-4.6490704414279847e-05,0.030354586932298002,0.030690596169131827,4.649070441431509e-05,3.060921627875055e-17,2.118340261340569e-16
387.56,"[0.06062, 0.0456, 0.41014]",0.0456,0.41014,4.649070441688073e-05,-0.051255830502557435,-0.05179185037588229,-4.6490704416934184e-05,0.13448975235638416,0.13570596364871484,-4.6490704493346435e-05,0.013803920006904065,0.012747817032920229,4.6490704418104194e-05,-0.12227932319894667,-0.12520763420679662,-4.649070441693767e-05,0.030354586932298002,0.030690596169131827,4.649070441687708e-05,3.060921627875055e-17,2.118340261340569e-16
387.58,"[0.06062, 0.0456, 0.41014]",0.0456,0.41014,4.649070441964655e-05,-0.051255830502557435,-0.051762730640213195,-4.6490704419616615e-05,0.13448975235638416,0.13563989193547546,-4.6490704496340134e-05,0.013803920006904065,0.012805190726615347,4.649070442099227e-05,-0.12227932319894667,-0.12504855121841815,-4.649070441961474e-05,0.030354586932298002,0.030672342181460317,4.649070441964828e-05,3.060921627875055e-17,2.0691952427192904e-16
387.6,"[0.06062, 0.0456, 0.41014]",0.0456,0.41014,4.649070442207497e-05,-0.051255830502557435,-0.051762730640213195,-4.6490704422126455e-05,0.13448975235638416,0.13563989193547546,-4.6490704498979055e-05,0.013803920006904065,0.012805190726615347,4.649070442323219e-05,-0.12227932319894667,-0.12504855121841815,-4.6490704422129796e-05,0.030354586932298002,0.030672342181460317,4.6490704422071615e-05,3.060921627875055e-17,2.0691952427192904e-16
387.62,"[0.06062, 0.0456, 0.41014]",0.0456,0.41014,4.64907044246926e-05,-0.051255830502557435,-0.05173517199978524,-4.6490704424664504e-05,0.13448975235638416,0.1355773622954982,-4.649070450181239e-05,0.013803920006904065,0.012859488643757144,4.649070442596681e-05,-0.12227932319894667,-0.12489799659372182,-4.6490704424662715e-05,0.030354586932298002,0.03065506678142468,4.649070442469448e-05,3.060921627875055e-17,2.0218385376774467e-16
387.64,"[0.06062, 0.0456, 0.41014]",0.0456,0.41014,4.6490704426992605e-05,-0.051255830502557435,-0.05173517199978524,-4.649070442704127e-05,0.13448975235638416,0.1355773622954982,-4.6490704504311493e-05,0.013803920006904065,0.012859488643757144,4.649070442808855e-05,-0.12227932319894667,-0.12489799659372182,-4.6490704427044606e-05,0.030354586932298002,0.03065506678142468,4.64907044269896e-05,3.060921627875055e-17,2.0218385376774467e-16
387.66,"[0.06062, 0.0456, 0.41014]",0.0456,0.41014,4.6490704429471064e-05,-0.051255830502557435,-0.05170910837664553,-4.649070442944429e-05,0.13448975235638416,0.13551822480010223,-4.6490704506993525e-05,0.013803920006904065,0.012910840975645193,4.649070443067727e-05,-0.12227932319894667,-0.12475560934460217,-4.649070442944257e-05,0.030354586932298002,0.03063872854742168,4.649070442947254e-05,3.060921627875055e-17,1.9765536745170444e-16
387.68,"[0.06062, 0.0456, 0.41014]",0.0456,0.41014,4.6490704431648637e-05,-0.051255830502557435,-0.05170910837664553,-4.6490704431694566e-05,0.13448975235638416,0.13551822480010223,-4.649070450935951e-05,0.013803920006904065,0.012910840975645193,4.649070443268615e-05,-0.12227932319894667,-0.12475560934460217,-4.6490704431697595e-05,0.030354586932298002,0.03063872854742168,4.649070443164539e-05,3.060921627875055e-17,1.9765536745170444e-16
387.7,"[0.06062, 0.0456, 0.41014]",0.0456,0.41014,4.6490704433995074e-05,-0.051255830502557435,-0.051684460532216,-4.649070443396976e-05,0.13448975235638416,0.13546229965958526,-4.649070451189893e-05,0.013803920006904065,0.012959403843542449,4.6490704435137e-05,-0.12227932319894667,-0.12462095658561201,-4.649070443396824e-05,0.030354586932298002,0.030623277807983018,4.649070443399638e-05,3.060921627875055e-17,1.933301383085015e-16
387.72,"[0.06062, 0.0456, 0.41014]",0.0456,0.41014,4.649070443605686e-05,-0.051255830502557435,-0.051684460532216,-4.649070443610009e-05,0.13448975235638416,0.13546229965958526,-4.6490704514139095e-05,0.013803920006904065,0.012959403843542449,4.6490704437039195e-05,-0.12227932319894667,-0.12462095658561201,-4.649070443610332e-05,0.030354586932298002,0.030623277807983018,4.649070443605383e-05,3.060921627875055e-17,1.933301383085015e-16
387.74,"[0.06062, 0.0456, 0.41014]",0.0456,0.41014,4.649070443827826e-05,-0.051255830502557435,-0.05166115206875479,-4.649070443825414e-05,0.13448975235638416,0.13540941353000788,-4.6490704516543164e-05,0.013803920006904065,0.013005327771502187,4.649070443935925e-05,-0.12227932319894667,-0.124493620950975,-4.649070443825311e-05,0.030354586932298002,0.030608666672446008,4.6490704438279604e-05,3.060921627875055e-17,1.8919835138120588e-16
387.76,"[0.06062, 0.0456, 0.41014]",0.0456,0.41014,4.64907044402301e-05,-0.051255830502557435,-0.05166115206875479,-4.6490704440270964e-05,0.13448975235638416,0.13540941353000788,-4.6490704518663674e-05,0.013803920006904065,0.013005327771502187,4.6490704441159854e-05,-0.12227932319894667,-0.124493620950975,-4.649070444027409e-05,0.030354586932298002,0.030608666672446008,4.64907044402272e-05,3.060921627875055e-17,1.8919835138120588e-16
387.78,"[0.06062, 0.0456, 0.41014]",0.0456,0.41014,4.6490704442331985e-05,-0.051255830502557435,-0.05163911049192458,-4.649070444230923e-05,0.13448975235638416,0.13535940192412613,-4.649070452093859e-05,0.013803920006904065,0.013048755592823145,4.6490704443354734e-05,-0.12227932319894667,-0.12437320639946506,-4.6490704442308214e-05,0.030354586932298002,0.03059484969703484,4.649070444233337e-05,3.060921627875055e-17,1.8525663106687254e-16
387.8,"[0.06062, 0.0456, 0.41014]",0.0456,0.41014,4.6490704444178185e-05,-0.051255830502557435,-0.05163911049192458,-4.64907044442169e-05,0.13448975235638416,0.13535940192412613,-4.649070452294397e-05,0.013803920006904065,0.013048755592823145,4.649070444505758e-05,-0.12227932319894667,-0.12437320639946506,-4.649070444421949e-05,0.030354586932298002,0.03059484969703484,4.64907044441752e-05,3.060921627875055e-17,1.8525663106687254e-16
387.82,"[0.06062, 0.0456, 0.41014]",0.0456,0.41014,4.649070444616607e-05,-0.051255830502557435,-0.051618267134974624,-4.6490704446144454e-05,0.13448975235638416,0.13531210903936286,-4.649070452509508e-05,0.013803920006904065,0.013089822599431424,4.64907044471335e-05,-0.12227932319894667,-0.12425933780020741,-4.649070444614324e-05,0.030354586932298002,0.030581783837333325,4.649070444616687e-05,3.060921627875055e-17,1.8149093567828282e-16
387.84,"[0.06062, 0.0456, 0.41014]",0.0456,0.41014,4.64907044479133e-05,-0.051255830502557435,-0.051618267134974624,-4.6490704447949914e-05,0.13448975235638416,0.13531210903936286,-4.649070452699377e-05,0.013803920006904065,0.013089822599431424,4.649070444874575e-05,-0.12227932319894667,-0.12425933780020741,-4.6490704447952625e-05,0.030354586932298002,0.030581783837333325,4.6490704447910775e-05,3.060921627875055e-17,1.8149093567828282e-16
387.86,"[0.06062, 0.0456, 0.41014]",0.0456,0.41014,4.649070444979475e-05,-0.051255830502557435,-0.05159855699140382,-4.6490704449774444e-05,0.13448975235638416,0.1352673873781257,-4.649070452902979e-05,0.013803920006904065,0.013128656871579054,4.649070445071003e-05,-0.12227932319894667,-0.12415166001850657,-4.64907044497733e-05,0.030354586932298002,0.03056942834338812,4.649070444979591e-05,3.060921627875055e-17,1.7789587260785801e-16
387.88,"[0.06062, 0.0456, 0.41014]",0.0456,0.41014,4.649070445144774e-05,-0.051255830502557435,-0.05159855699140382,-4.6490704451482225e-05,0.13448975235638416,0.1352673873781257,-4.6490704530825603e-05,0.013803920006904065,0.013128656871579054,4.6490704452235305e-05,-0.12227932319894667,-0.12415166001850657,-4.649070445148496e-05,0.030354586932298002,0.03056942834338812,4.6490704451445484e-05,3.060921627875055e-17,1.7789587260785801e-16
387.9,"[0.06062, 0.0456, 0.41014]",0.0456,0.41014,4.649070445322757e-05,-0.051255830502557435,-0.05157991853980468,-4.649070445320831e-05,0.13448975235638416,0.13522509735038404,-4.649070453275151e-05,0.013803920006904065,0.013165379622948396,4.6490704454093377e-05,-0.12227932319894667,-0.12404983695895756,-4.649070445320729e-05,0.030354586932298002,0.030557744649910498,4.649070445322864e-05,3.060921627875055e-17,1.7446259725177516e-16
387.92,"[0.06062, 0.0456, 0.41014]",0.0456,0.41014,4.649070445479097e-05,-0.051255830502557435,-0.05157991853980468,-4.6490704454823655e-05,0.13448975235638416,0.13522509735038404,-4.6490704534449996e-05,0.013803920006904065,0.013165379622948396,4.649070445553577e-05,-0.12227932319894667,-0.12404983695895756,-4.6490704454826e-05,0.030354586932298002,0.030557744649910498,4.6490704454788675e-05,3.060921627875055e-17,1.7446259725177516e-16
387.94,"[0.06062, 0.0456, 0.41014]",0.0456,0.41014,4.649070445647372e-05,-0.051255830502557435,-0.05156229357033336,-4.6490704456455494e-05,0.13448975235638416,0.1351851068799352,-4.6490704536270765e-05,0.013803920006904065,0.013200105542552772,4.6490704457292485e-05,-0.12227932319894667,-0.12395355061744046,-4.6490704456454356e-05,0.030354586932298002,0.030546696267497387,4.649070445647452e-05,3.060921627875055e-17,1.7118535695631428e-16
387.96,"[0.06062, 0.0456, 0.41014]",0.0456,0.41014,4.649070445795239e-05,-0.051255830502557435,-0.05156229357033336,-4.6490704457983115e-05,0.13448975235638416,0.1351851068799352,-4.649070453787682e-05,0.013803920006904065,0.013200105542552772,4.649070445865681e-05,-0.12227932319894667,-0.12395355061744046,-4.6490704457985296e-05,0.030354586932298002,0.030546696267497387,4.649070445794973e-05,3.060921627875055e-17,1.7118535695631428e-16
387.98,"[0.06062, 0.0456, 0.41014]",0.0456,0.41014,4.649070445954423e-05,-0.051255830502557435,-0.051545627015504,-4.6490704459527e-05,0.13448975235638416,0.13514729102048242,-4.649070453959964e-05,0.013803920006904065,0.013232943128116969,4.649070446031851e-05,-0.12227932319894667,-0.12386250015673916,-4.649070445952581e-05,0.030354586932298002,0.030536248676563203,4.649070445954484e-05,3.060921627875055e-17,1.680571957410586e-16
388.0,"[0.06062, 0.0456, 0.41014]",0.0456,0.41014,4.649070446094271e-05,-0.051255830502557435,-0.051545627015504,-4.6490704460971955e-05,0.13448975235638416,0.13514729102048242,-4.649070454111903e-05,0.013803920006904065,0.013232943128116969,4.6490704461608944e-05,-0.12227932319894667,-0.12386250015673916,-4.6490704460973866e-05,0.030354586932298002,0.030536248676563203,4.649070446094046e-05,3.060921627875055e-17,1.680571957410586e-16
388.02,"[0.06062, 0.0456, 0.41014]",0.0456,0.41014,4.649070446244826e-05,-0.051255830502557435,-0.05152986678671926,-4.6490704462431996e-05,0.13448975235638416,0.13511153158472805,-4.649070454274818e-05,0.013803920006904065,0.013263995008156011,4.6490704463180705e-05,-0.12227932319894667,-0.12377640101349706,-4.649070446243092e-05,0.030354586932298002,0.0305263692248674,4.649070446244893e-05,3.060921627875055e-17,1.6507165208181807e-16
388.04,"[0.06062, 0.0456, 0.41014]",0.0456,0.41014,4.649070446377092e-05,-0.051255830502557435,-0.05152986678671926,-4.649070446379852e-05,0.13448975235638416,0.13511153158472805,-4.649070454418507e-05,0.013803920006904065,0.013263995008156011,4.649070446440108e-05,-0.12227932319894667,-0.12377640101349706,-4.6490704463800334e-05,0.030354586932298002,0.0305263692248674,4.649070446376876e-05,3.060921627875055e-17,1.6507165208181807e-16
388.06,"[0.06062, 0.0456, 0.41014]",0.0456,0.41014,4.6490704465195126e-05,-0.051255830502557435,-0.05151496361732899,-4.649070446517979e-05,0.13448975235638416,0.13507771678827896,-4.64907045457266e-05,0.013803920006904065,0.013293358251191677,4.649070446588814e-05,-0.12227932319894667,-0.12369498404083647,-4.6490704465179066e-05,0.030354586932298002,0.03051702702913429,4.6490704465196135e-05,3.060921627875055e-17,1.6222351830058267e-16
388.08,"[0.06062, 0.0456, 0.41014]",0.0456,0.41014,4.649070446644628e-05,-0.051255830502557435,-0.05151496361732899,-4.6490704466472526e-05,0.13448975235638416,0.13507771678827896,-4.649070454708567e-05,0.013803920006904065,0.013293358251191677,4.649070446704225e-05,-0.12227932319894667,-0.12369498404083647,-4.6490704466474254e-05,0.030354586932298002,0.03051702702913429,4.6490704466444465e-05,3.060921627875055e-17,1.6222351830058267e-16
388.1,"[0.06062, 0.0456, 0.41014]",0.0456,0.41014,4.6490704467792996e-05,-0.051255830502557435,-0.05150053625246648,-4.649070446777856e-05,0.13448975235638416,0.13504498157650308,-4.64907045485431e-05,0.013803920006904065,0.013321784031623096,4.649070446844831e-05,-0.12227932319894667,-0.12361616641890563,-4.649070446777777e-05,0.030354586932298002,0.030507983096066844,4.649070446779398e-05,3.060921627875055e-17,1.5899735687563656e-16
388.12,"[0.06062, 0.0456, 0.41014]",0.0456,0.41014,4.649070446896565e-05,-0.051255830502557435,-0.05150053625246648,-4.649070446895991e-05,0.13448975235638416,0.13504498157650308,-4.649070454983052e-05,0.013803920006904065,0.013321784031623096,4.649070446960493e-05,-0.12227932319894667,-0.12361616641890563,-4.6490704468959516e-05,0.030354586932298002,0.030507983096066844,4.649070446896573e-05,3.060921627875055e-17,1.5899735687563656e-16
388.14,"[0.06062, 0.0456, 0.41014]",0.0456,0.41014,4.649070447031406e-05,-0.051255830502557435,-0.05148712601084992,-4.6490704470296866e-05,0.13448975235638416,0.13501455418359612,-4.649070455128561e-05,0.013803920006904065,0.013348205806309792,4.649070447094993e-05,-0.12227932319894667,-0.12354290540666915,-4.649070447029595e-05,0.030354586932298002,0.030499576756534,4.649070447031496e-05,3.060921627875055e-17,1.5639509160104755e-16
388.16,"[0.06062, 0.0456, 0.41014]",0.0456,0.41014,4.64907044714448e-05,-0.051255830502557435,-0.05147416969089685,-4.6490704471439134e-05,0.13448975235638416,0.13498515672387004,-4.64907045525234e-05,0.013803920006904065,0.013373733233507252,4.649070447205517e-05,-0.12227932319894667,-0.12347212419766779,-4.649070447143882e-05,0.030354586932298002,0.0304914549621819,4.649070447144499e-05,3.060921627875055e-17,1.534984999266664e-16
388.18,"[0.06062, 0.0456, 0.41014]",0.0456,0.41014,4.649070447258579e-05,-0.051255830502557435,-0.05147416969089685,-4.6490704472607626e-05,0.13448975235638416,0.13498515672387004,-4.6490704553769984e-05,0.013803920006904065,0.013373733233507252,4.649070447313608e-05,-0.12227932319894667,-0.12347212419766779,-4.649070447260922e-05,0.030354586932298002,0.0304914549621819,4.649070447258454e-05,3.060921627875055e-17,1.534984999266664e-16
388.2,"[0.06062, 0.0456, 0.41014]",0.0456,0.41014,4.6490704473832016e-05,-0.051255830502557435,-0.05146215832804311,-4.6490704473817786e-05,0.13448975235638416,0.13495790334042265,-4.6490704555122344e-05,0.013803920006904065,0.01339739884163503,4.649070447443809e-05,-0.12227932319894667,-0.12340650535006141,-4.6490704473816844e-05,0.030354586932298002,0.030483925523318085,4.649070447383286e-05,3.060921627875055e-17,1.5120938056304923e-16
388.22,"[0.06062, 0.0456, 0.41014]",0.0456,0.41014,4.649070447494198e-05,-0.051255830502557435,-0.05146215832804311,-4.649070447496136e-05,0.13448975235638416,0.13495790334042265,-4.649070455632939e-05,0.013803920006904065,0.01339739884163503,4.6490704475470096e-05,-0.12227932319894667,-0.12340650535006141,-4.6490704474962744e-05,0.030354586932298002,0.030483925523318085,4.649070447494066e-05,3.060921627875055e-17,1.5120938056304923e-16
388.24,"[0.06062, 0.0456, 0.41014]",0.0456,0.41014,4.64907044761256e-05,-0.051255830502557435,-0.05145085287363698,-4.64907044761124e-05,0.13448975235638416,0.13493225163980144,-4.649070455761025e-05,0.013803920006904065,0.013419673620686919,4.649070447669929e-05,-0.12227932319894667,-0.12334474292569472,-4.6490704476111713e-05,0.030354586932298002,0.030476838589985445,4.6490704476126343e-05,3.060921627875055e-17,1.490981511145931e-16
388.26,"[0.06062, 0.0456, 0.41014]",0.0456,0.41014,4.649070447717196e-05,-0.051255830502557435,-0.05145085287363698,-4.649070447719061e-05,0.13448975235638416,0.13493225163980144,-4.649070455874574e-05,0.013803920006904065,0.013419673620686919,4.649070447766911e-05,-0.12227932319894667,-0.12334474292569472,-4.6490704477191985e-05,0.030354586932298002,0.030476838589985445,4.6490704477170796e-05,3.060921627875055e-17,1.490981511145931e-16
388.28,"[0.06062, 0.0456, 0.41014]",0.0456,0.41014,4.6490704478282835e-05,-0.051255830502557435,-0.051439919953199006,-4.649070447827065e-05,0.13448975235638416,0.13490744520638304,-4.649070455994573e-05,0.013803920006904065,0.013441214407850195,4.649070447882096e-05,-0.12227932319894667,-0.12328501567835025,-4.649070447826998e-05,0.030354586932298002,0.03046998518317033,4.6490704478283337e-05,3.060921627875055e-17,1.466897726990027e-16
388.3,"[0.06062, 0.0456, 0.41014]",0.0456,0.41014,4.6490704479258475e-05,-0.051255830502557435,-0.051439919953199006,-4.649070447927703e-05,0.13448975235638416,0.13490744520638304,-4.6490704561003754e-05,0.013803920006904065,0.013441214407850195,4.649070447972236e-05,-0.12227932319894667,-0.12328501567835025,-4.6490704479278404e-05,0.030354586932298002,0.03046998518317033,4.6490704479257174e-05,3.060921627875055e-17,1.466897726990027e-16
388.32,"[0.06062, 0.0456, 0.41014]",0.0456,0.41014,4.649070448029773e-05,-0.051255830502557435,-0.0514297120897157,-4.649070448028648e-05,0.13448975235638416,0.13488428390311746,-4.649070456212617e-05,0.013803920006904065,0.013461326638240099,4.6490704480801694e-05,-0.12227932319894667,-0.12322924946377076,-4.6490704480285716e-05,0.030354586932298002,0.030463586285313055,4.649070448029805e-05,3.060921627875055e-17,1.4453243512804005e-16
388.34,"[0.06062, 0.0456, 0.41014]",0.0456,0.41014,4.649070448120736e-05,-0.051255830502557435,-0.0514297120897157,-4.6490704481202395e-05,0.13448975235638416,0.13488428390311746,-4.649070456312178e-05,0.013803920006904065,0.013461326638240099,4.6490704481696534e-05,-0.12227932319894667,-0.12322924946377076,-4.649070448120214e-05,0.030354586932298002,0.030463586285313055,4.649070448120739e-05,3.060921627875055e-17,1.4453243512804005e-16
388.36,"[0.06062, 0.0456, 0.41014]",0.0456,0.41014,4.649070448223312e-05,-0.051255830502557435,-0.051420157787507866,-4.649070448222032e-05,0.13448975235638416,0.13486260550868276,-4.64907045642267e-05,0.013803920006904065,0.013480151177530906,4.6490704482715826e-05,-0.12227932319894667,-0.12317705369646355,-4.649070448221948e-05,0.030354586932298002,0.030457597078656296,4.6490704482233736e-05,3.060921627875055e-17,1.4270744467857623e-16
388.38,"[0.06062, 0.0456, 0.41014]",0.0456,0.41014,4.649070448309593e-05,-0.051255830502557435,-0.051420157787507866,-4.6490704483091326e-05,0.13448975235638416,0.13486260550868276,-4.6490704565168134e-05,0.013803920006904065,0.013480151177530906,4.6490704483557065e-05,-0.12227932319894667,-0.12317705369646355,-4.649070448309111e-05,0.030354586932298002,0.030457597078656296,4.649070448309598e-05,3.060921627875055e-17,1.4270744467857623e-16
