timestamp,target_x,target_y,target_z,actual_j1,target_j1,control_u_j1,actual_j2,target_j2,control_u_j2,actual_j3,target_j3,control_u_j3,actual_j4,target_j4,control_u_j4,actual_j5,target_j5,control_u_j5,actual_j6,target_j6,control_u_j6
58.625,"[0.0, 0.0, 0.0]",0.0,0.0,-0.047021133509849294,0.0,0.0,0.14003657053070995,0.0,0.0,0.004202177173203405,0.0,0.0,-0.11780724396494961,0.0,0.0,0.027772115285283144,0.0,0.0,7.097129591390874e-18,0.0,0.0
58.64,"[0.0, 0.0, 0.0]",0.0,0.0,-0.047021133509849294,0.0,0.0,0.14003657053070995,0.0,0.0,0.004202177173203405,0.0,0.0,-0.11780724396494961,0.0,0.0,0.027772115285283144,0.0,0.0,7.093660144438922e-18,0.0,0.0
58.66,"[0.0, 0.0, 0.0]",0.0,0.0,-0.047021133509849294,0.0,0.0,0.14003657053070995,0.0,0.0,0.004202177173203405,0.0,0.0,-0.11780724396494961,0.0,0.0,0.027772115285283144,0.0,0.0,7.091925420962948e-18,0.0,0.0
58.68,"[0.0, 0.0, 0.0]",0.0,0.0,-0.047021133509849294,0.0,0.0,0.14003657053070995,0.0,0.0,0.004202177173203405,0.0,0.0,-0.11780724396494961,0.0,0.0,0.027772115285283144,0.0,0.0,7.094093825307917e-18,0.0,0.0
58.7,"[0.0, 0.0, 0.0]",0.0,0.0,-0.047021133509849294,0.0,0.0,0.14003657053070995,0.0,0.0,0.004202177173203405,0.0,0.0,-0.11780724396494961,0.0,0.0,0.027772115285283144,0.0,0.0,7.096695910521882e-18,0.0,0.0
58.72,"[0.0, 0.0, 0.0]",0.0,0.0,-0.047021133509849294,0.0,0.0,0.14003657053070995,0.0,0.0,0.004202177173203405,0.0,0.0,-0.11780724396494961,0.0,0.0,0.027772115285283144,0.0,0.0,7.093660144438921e-18,0.0,0.0
58.74,"[0.0, 0.0, 0.0]",0.0,0.0,-0.047021133509849294,0.0,0.0,0.14003657053070995,0.0,0.0,0.004202177173203405,0.0,0.0,-0.11780724396494961,0.0,0.0,0.027772115285283144,0.0,0.0,7.097129591390874e-18,0.0,0.0
58.76,"[0.06062, 0.0456, 0.41014]",0.0456,0.41014,-0.047021133509849294,-0.04702113268236761,0.0,0.14003657053070995,0.14003656764087086,0.0,0.004202177173203405,0.00420217645156177,0.0,-0.11780724396494961,-0.1178072427987137,0.0,0.027772115285283144,0.027772114798067096,0.0,7.095828548783894e-18,7.159517516825215e-18,0.0
58.78,"[0.06062, 0.0456, 0.41014]",0.0456,0.41014,-0.047021133509849294,-0.04702113268236761,0.0,0.14003657053070995,0.14003656764087086,0.0,0.004202177173203405,0.00420217645156177,0.0,-0.11780724396494961,-0.1178072427987137,0.0,0.027772115285283144,0.027772114798067096,0.0,7.099731676604841e-18,7.159517516825215e-18,0.0
58.8,"[0.06062, 0.0456, 0.41014]",0.0456,0.41014,-0.047021133509849294,-0.04702113268236761,0.0,0.14003657053070995,0.14003656764087086,0.0,0.004202177173203405,0.00420217645156177,0.0,-0.11780724396494961,-0.1178072427987137,0.0,0.027772115285283144,0.027772114798067096,0.0,7.100165357473836e-18,7.159517516825215e-18,0.0
58.82,"[0.06062, 0.0456, 0.41014]",0.0456,0.41014,-0.047021133509849294,-0.04702113268236761,0.0,0.14003657053070995,0.14003656764087086,0.0,0.004202177173203405,0.00420217645156177,0.0,-0.11780724396494961,-0.1178072427987137,0.0,0.027772115285283144,0.027772114798067096,0.0,7.101900080949811e-18,7.159517516825215e-18,0.0
58.84,"[0.06062, 0.0456, 0.41014]",0.0456,0.41014,-0.047021133509849294,-0.04702113268236761,0.0,0.14003657053070995,0.14003656764087086,0.0,0.004202177173203405,0.00420217645156177,0.0,-0.11780724396494961,-0.1178072427987137,0.0,0.027772115285283144,0.027772114798067096,0.0,7.094961187045903e-18,7.159517516825215e-18,0.0
58.86,"[0.06062, 0.0456, 0.41014]",0.0456,0.41014,-0.047021133509849294,-0.04702113268236761,0.0,0.14003657053070995,0.14003656764087086,0.0,0.004202177173203405,0.00420217645156177,0.0,-0.11780724396494961,-0.1178072427987137,0.0,0.027772115285283144,0.027772114798067096,0.0,7.091925420962942e-18,7.159517516825215e-18,0.0
58.88,"[0.06062, 0.0456, 0.41014]",0.0456,0.41014,-0.047021133509849294,-0.04702113268236761,0.0,0.14003657053070995,0.14003656764087086,0.0,0.004202177173203405,0.00420217645156177,0.0,-0.11780724396494961,-0.1178072427987137,0.0,0.027772115285283144,0.027772114798067096,0.0,7.0949611870459e-18,7.159517516825215e-18,0.0
58.9,"[0.06062, 0.0456, 0.41014]",0.0456,0.41014,-0.047021133509849294,-0.04702113268236761,0.0,0.14003657053070995,0.14003656764087086,0.0,0.004202177173203405,0.00420217645156177,0.0,-0.11780724396494961,-0.1178072427987137,0.0,0.027772115285283144,0.027772114798067096,0.0,7.096262229652883e-18,7.159517516825215e-18,0.0
58.92,"[0.06062, 0.0456, 0.41014]",0.0456,0.41014,-0.047021133509849294,-0.04702113268236761,0.0,0.14003657053070995,0.14003656764087086,0.0,0.004202177173203405,0.00420217645156177,0.0,-0.11780724396494961,-0.1178072427987137,0.0,0.027772115285283144,0.027772114798067096,0.0,7.098430633997855e-18,7.159517516825215e-18,0.0
58.94,"[0.06062, 0.0456, 0.41014]",0.0456,0.41014,-0.047021133509849294,-0.04702113268236761,0.0,0.14003657053070995,0.14003656764087086,0.0,0.004202177173203405,0.00420217645156177,0.0,-0.11780724396494961,-0.1178072427987137,0.0,0.027772115285283144,0.027772114798067096,0.0,7.097563272259867e-18,7.159517516825215e-18,0.0
58.96,"[0.06062, 0.0456, 0.41014]",0.0456,0.41014,-0.047021133509849294,-0.04702113268236761,0.0,0.14003657053070995,0.14003656764087086,0.0,0.004202177173203405,0.00420217645156177,0.0,-0.11780724396494961,-0.1178072427987137,0.0,0.027772115285283144,0.027772114798067096,0.0,7.100165357473834e-18,7.159517516825215e-18,0.0
58.98,"[0.06062, 0.0456, 0.41014]",0.0456,0.41014,-0.047021133509849294,-0.04702113268236761,0.0,0.14003657053070995,0.14003656764087086,0.0,0.004202177173203405,0.00420217645156177,0.0,-0.11780724396494961,-0.1178072427987137,0.0,0.027772115285283144,0.027772114798067096,0.0,7.097996953128865e-18,7.159517516825215e-18,0.0
59.0,"[0.06062, 0.0456, 0.41014]",0.0456,0.41014,-0.047021133509849294,-0.04702113268236761,0.0,0.14003657053070995,0.14003656764087086,0.0,0.004202177173203405,0.00420217645156177,0.0,-0.11780724396494961,-0.1178072427987137,0.0,0.027772115285283144,0.027772114798067096,0.0,7.095394867914901e-18,7.159517516825215e-18,0.0
59.02,"[0.06062, 0.0456, 0.41014]",0.0456,0.41014,-0.047021133509849294,-0.04702113268236761,0.0,0.14003657053070995,0.14003656764087086,0.0,0.004202177173203405,0.00420217645156177,0.0,-0.11780724396494961,-0.1178072427987137,0.0,0.027772115285283144,0.027772114798067096,0.0,7.10146640008082e-18,7.159517516825215e-18,0.0
59.04,"[0.06062, 0.0456, 0.41014]",0.0456,0.41014,-0.047021133509849294,-0.04702113268236761,0.0,0.14003657053070995,0.14003656764087086,0.0,0.004202177173203405,0.00420217645156177,0.0,-0.11780724396494961,-0.1178072427987137,0.0,0.027772115285283144,0.027772114798067096,0.0,7.100599038342835e-18,7.159517516825215e-18,0.0
59.061,"[0.06062, 0.0456, 0.41014]",0.0456,0.41014,-0.047021133509849294,-0.04702113268236761,0.0,0.14003657053070995,0.14003656764087086,0.0,0.004202177173203405,0.00420217645156177,0.0,-0.11780724396494961,-0.1178072427987137,0.0,0.027772115285283144,0.027772114798067096,0.0,7.104935847032775e-18,7.159517516825215e-18,0.0
59.08,"[0.06062, 0.0456, 0.41014]",0.0456,0.41014,-0.047021133509849294,-0.04702113268236761,0.0,0.14003657053070995,0.14003656764087086,0.0,0.004202177173203405,0.00420217645156177,0.0,-0.11780724396494961,-0.1178072427987137,0.0,0.027772115285283144,0.027772114798067096,0.0,7.102767442687804e-18,7.159517516825215e-18,0.0
59.1,"[0.06062, 0.0456, 0.41014]",0.0456,0.41014,-0.047021133509849294,-0.04702113268236761,0.0,0.14003657053070995,0.14003656764087086,0.0,0.004202177173203405,0.00420217645156177,0.0,-0.11780724396494961,-0.1178072427987137,0.0,0.027772115285283144,0.027772114798067096,0.0,7.10450216616378e-18,7.159517516825215e-18,0.0
59.12,"[0.06062, 0.0456, 0.41014]",0.0456,0.41014,-0.047021133509849294,-0.04702113268236761,0.0,0.14003657053070995,0.14003656764087086,0.0,0.004202177173203405,0.00420217645156177,0.0,-0.11780724396494961,-0.1178072427987137,0.0,0.027772115285283144,0.027772114798067096,0.0,7.113175783543662e-18,7.159517516825215e-18,0.0
59.14,"[0.06062, 0.0456, 0.41014]",0.0456,0.41014,-0.047021133509849294,-0.04702113268236761,0.0,0.14003657053070995,0.14003656764087086,0.0,0.004202177173203405,0.00420217645156177,0.0,-0.11780724396494961,-0.1178072427987137,0.0,0.027772115285283144,0.027772114798067096,0.0,7.116211549626622e-18,7.159517516825215e-18,0.0
59.162,"[0.06062, 0.0456, 0.41014]",0.0456,0.41014,-0.047021133509849294,-0.04702113268236761,0.0,0.14003657053070995,0.14003656764087086,0.0,0.004202177173203405,0.00420217645156177,0.0,-0.11780724396494961,-0.1178072427987137,0.0,0.027772115285283144,0.027772114798067096,0.0,7.116211549626622e-18,7.159517516825215e-18,0.0
59.18,"[0.06062, 0.0456, 0.41014]",0.0456,0.41014,-0.047021133509849294,-0.04702113268236761,0.0,0.14003657053070995,0.14003656764087086,0.0,0.004202177173203405,0.00420217645156177,0.0,-0.11780724396494961,-0.1178072427987137,0.0,0.027772115285283144,0.027772114798067096,0.0,7.120548358316563e-18,7.159517516825215e-18,0.0
59.2,"[0.06062, 0.0456, 0.41014]",0.0456,0.41014,-0.047021133509849294,-0.04702113268236761,0.0,0.14003657053070995,0.14003656764087086,0.0,0.004202177173203405,0.00420217645156177,0.0,-0.11780724396494961,-0.1178072427987137,0.0,0.027772115285283144,0.027772114798067096,0.0,7.127053571351477e-18,7.159517516825215e-18,0.0
59.22,"[0.06062, 0.0456, 0.41014]",0.0456,0.41014,-0.047021133509849294,-0.04702113268236761,0.0,0.14003657053070995,0.14003656764087086,0.0,0.004202177173203405,0.00420217645156177,0.0,-0.11780724396494961,-0.1178072427987137,0.0,0.027772115285283144,0.027772114798067096,0.0,7.12705357135148e-18,7.159517516825215e-18,0.0
59.24,"[0.06062, 0.0456, 0.41014]",0.0456,0.41014,-0.047021133509849294,-0.04702113268236761,0.0,0.14003657053070995,0.14003656764087086,0.0,0.004202177173203405,0.00420217645156177,0.0,-0.11780724396494961,-0.1178072427987137,0.0,0.027772115285283144,0.027772114798067096,0.0,7.118813634840587e-18,7.159517516825215e-18,0.0
59.26,"[0.06062, 0.0456, 0.41014]",0.0456,0.41014,-0.047021133509849294,-0.04702113268236761,0.0,0.14003657053070995,0.14003656764087086,0.0,0.004202177173203405,0.00420217645156177,0.0,-0.11780724396494961,-0.1178072427987137,0.0,0.027772115285283144,0.027772114798067096,0.0,7.120114677447567e-18,7.159517516825215e-18,0.0
59.28,"[0.06062, 0.0456, 0.41014]",0.0456,0.41014,-0.047021133509849294,-0.04702113268236761,0.0,0.14003657053070995,0.14003656764087086,0.0,0.004202177173203405,0.00420217645156177,0.0,-0.11780724396494961,-0.1178072427987137,0.0,0.027772115285283144,0.027772114798067096,0.0,7.123584124399519e-18,7.159517516825215e-18,0.0
59.3,"[0.06062, 0.0456, 0.41014]",0.0456,0.41014,-0.047021133509849294,-0.04702113268236761,0.0,0.14003657053070995,0.14003656764087086,0.0,0.004202177173203405,0.00420217645156177,0.0,-0.11780724396494961,-0.1178072427987137,0.0,0.027772115285283144,0.027772114798067096,0.0,7.11491050701963e-18,7.159517516825215e-18,0.0
59.32,"[0.06062, 0.0456, 0.41014]",0.0456,0.41014,-0.047021133509849294,-0.04702113268236761,0.0,0.14003657053070995,0.14003656764087086,0.0,0.004202177173203405,0.00420217645156177,0.0,-0.11780724396494961,-0.1178072427987137,0.0,0.027772115285283144,0.027772114798067096,0.0,7.12011467744756e-18,7.159517516825215e-18,0.0
59.34,"[0.06062, 0.0456, 0.41014]",0.0456,0.41014,-0.047021133509849294,-0.04702113268236761,0.0,0.14003657053070995,0.14003656764087086,0.0,0.004202177173203405,0.00420217645156177,0.0,-0.11780724396494961,-0.1178072427987137,0.0,0.027772115285283144,0.027772114798067096,0.0,7.120548358316554e-18,7.159517516825215e-18,0.0
59.36,"[0.06062, 0.0456, 0.41014]",0.0456,0.41014,-0.047021133509849294,-0.04702113268236761,0.0,0.14003657053070995,0.14003656764087086,0.0,0.004202177173203405,0.00420217645156177,0.0,-0.11780724396494961,-0.1178072427987137,0.0,0.027772115285283144,0.027772114798067096,0.0,7.122283081792531e-18,7.159517516825215e-18,0.0
59.38,"[0.06062, 0.0456, 0.41014]",0.0456,0.41014,-0.047021133509849294,-0.04702113268236761,0.0,0.14003657053070995,0.14003656764087086,0.0,0.004202177173203405,0.00420217645156177,0.0,-0.11780724396494961,-0.1178072427987137,0.0,0.027772115285283144,0.027772114798067096,0.0,7.117078911364602e-18,7.159517516825215e-18,0.0
59.4,"[0.06062, 0.0456, 0.41014]",0.0456,0.41014,-0.047021133509849294,-0.04702113268236761,0.0,0.14003657053070995,0.14003656764087086,0.0,0.004202177173203405,0.00420217645156177,0.0,-0.11780724396494961,-0.1178072427987137,0.0,0.027772115285283144,0.027772114798067096,0.0,7.116645230495609e-18,7.159517516825215e-18,0.0
59.42,"[0.06062, 0.0456, 0.41014]",0.0456,0.41014,-0.047021133509849294,-0.04702113268236761,0.0,0.14003657053070995,0.14003656764087086,0.0,0.004202177173203405,0.00420217645156177,0.0,-0.11780724396494961,-0.1178072427987137,0.0,0.027772115285283144,0.027772114798067096,0.0,7.1170789113646e-18,7.159517516825215e-18,0.0
59.44,"[0.06062, 0.0456, 0.41014]",0.0456,0.41014,-0.047021133509849294,-0.04702113268236761,0.0,0.14003657053070995,0.14003656764087086,0.0,0.004202177173203405,0.00420217645156177,0.0,-0.11780724396494961,-0.1178072427987137,0.0,0.027772115285283144,0.027772114798067096,0.0,7.114043145281641e-18,7.159517516825215e-18,0.0
59.46,"[0.06062, 0.0456, 0.41014]",0.0456,0.41014,-0.047021133509849294,-0.04702113268236761,0.0,0.14003657053070995,0.14003656764087086,0.0,0.004202177173203405,0.00420217645156177,0.0,-0.11780724396494961,-0.1178072427987137,0.0,0.027772115285283144,0.027772114798067096,0.0,7.118813634840574e-18,7.159517516825215e-18,0.0
59.48,"[0.06062, 0.0456, 0.41014]",0.0456,0.41014,-0.047021133509849294,-0.04702113268236761,0.0,0.14003657053070995,0.14003656764087086,0.0,0.004202177173203405,0.00420217645156177,0.0,-0.11780724396494961,-0.1178072427987137,0.0,0.027772115285283144,0.027772114798067096,0.0,7.118813634840574e-18,7.159517516825215e-18,0.0
59.5,"[0.06062, 0.0456, 0.41014]",0.0456,0.41014,-0.047021133509849294,-0.04702113268236761,0.0,0.14003657053070995,0.14003656764087086,0.0,0.004202177173203405,0.00420217645156177,0.0,-0.11780724396494961,-0.1178072427987137,0.0,0.027772115285283144,0.027772114798067096,0.0,7.118379953971582e-18,7.159517516825215e-18,0.0
59.52,"[0.06062, 0.0456, 0.41014]",0.0456,0.41014,-0.047021133509849294,-0.04702113268236761,0.0,0.14003657053070995,0.14003656764087086,0.0,0.004202177173203405,0.00420217645156177,0.0,-0.11780724396494961,-0.1178072427987137,0.0,0.027772115285283144,0.027772114798067096,0.0,7.11881363484057e-18,7.159517516825215e-18,0.0
59.54,"[0.06062, 0.0456, 0.41014]",0.0456,0.41014,-0.047021133509849294,-0.04702113268236761,0.0,0.14003657053070995,0.14003656764087086,0.0,0.004202177173203405,0.00420217645156177,0.0,-0.11780724396494961,-0.1178072427987137,0.0,0.027772115285283144,0.027772114798067096,0.0,7.1166452304956e-18,7.159517516825215e-18,0.0
59.56,"[0.06062, 0.0456, 0.41014]",0.0456,0.41014,-0.047021133509849294,-0.04702113268236761,0.0,0.14003657053070995,0.14003656764087086,0.0,0.004202177173203405,0.00420217645156177,0.0,-0.11780724396494961,-0.1178072427987137,0.0,0.027772115285283144,0.027772114798067096,0.0,7.115777868757609e-18,7.159517516825215e-18,0.0
59.58,"[0.06062, 0.0456, 0.41014]",0.0456,0.41014,-0.047021133509849294,-0.04702113268236761,0.0,0.14003657053070995,0.14003656764087086,0.0,0.004202177173203405,0.00420217645156177,0.0,-0.11780724396494961,-0.1178072427987137,0.0,0.027772115285283144,0.027772114798067096,0.0,7.11924731570956e-18,7.159517516825215e-18,0.0
59.6,"[0.06062, 0.0456, 0.41014]",0.0456,0.41014,-0.047021133509849294,-0.04702113268236761,0.0,0.14003657053070995,0.14003656764087086,0.0,0.004202177173203405,0.00420217645156177,0.0,-0.11780724396494961,-0.1178072427987137,0.0,0.027772115285283144,0.027772114798067096,0.0,7.11707891136459e-18,7.159517516825215e-18,0.0
59.62,"[0.06062, 0.0456, 0.41014]",0.0456,0.41014,-0.047021133509849294,-0.04702113268236761,0.0,0.14003657053070995,0.14003656764087086,0.0,0.004202177173203405,0.00420217645156177,0.0,-0.11780724396494961,-0.1178072427987137,0.0,0.027772115285283144,0.027772114798067096,0.0,7.115777868757604e-18,7.159517516825215e-18,0.0
59.64,"[0.06062, 0.0456, 0.41014]",0.0456,0.41014,-0.047021133509849294,-0.04702113268236761,0.0,0.14003657053070995,0.14003656764087086,0.0,0.004202177173203405,0.00420217645156177,0.0,-0.11780724396494961,-0.1178072427987137,0.0,0.027772115285283144,0.027772114798067096,0.0,7.120982039185533e-18,7.159517516825215e-18,0.0
59.66,"[0.06062, 0.0456, 0.41014]",0.0456,0.41014,-0.047021133509849294,-0.04702113268236761,0.0,0.14003657053070995,0.14003656764087086,0.0,0.004202177173203405,0.00420217645156177,0.0,-0.11780724396494961,-0.1178072427987137,0.0,0.027772115285283144,0.027772114798067096,0.0,7.121415720054528e-18,7.159517516825215e-18,0.0
59.68,"[0.06062, 0.0456, 0.41014]",0.0456,0.41014,-0.047021133509849294,-0.04702113268236761,0.0,0.14003657053070995,0.14003656764087086,0.0,0.004202177173203405,0.00420217645156177,0.0,-0.11780724396494961,-0.1178072427987137,0.0,0.027772115285283144,0.027772114798067096,0.0,7.119680996578552e-18,7.159517516825215e-18,0.0
59.703,"[0.06062, 0.0456, 0.41014]",0.0456,0.41014,-0.047021133509849294,-0.04702113268236761,0.0,0.14003657053070995,0.14003656764087086,0.0,0.004202177173203405,0.00420217645156177,0.0,-0.11780724396494961,-0.1178072427987137,0.0,0.027772115285283144,0.027772114798067096,0.0,7.116645230495595e-18,7.159517516825215e-18,0.0
59.72,"[0.06062, 0.0456, 0.41014]",0.0456,0.41014,-0.047021133509849294,-0.04702113268236761,0.0,0.14003657053070995,0.14003656764087086,0.0,0.004202177173203405,0.00420217645156177,0.0,-0.11780724396494961,-0.1178072427987137,0.0,0.027772115285283144,0.027772114798067096,0.0,7.120114677447547e-18,7.159517516825215e-18,0.0
59.74,"[0.06062, 0.0456, 0.41014]",0.0456,0.41014,-0.047021133509849294,-0.04702113268236761,0.0,0.14003657053070995,0.14003656764087086,0.0,0.004202177173203405,0.00420217645156177,0.0,-0.11780724396494961,-0.1178072427987137,0.0,0.027772115285283144,0.027772114798067096,0.0,7.115777868757603e-18,7.159517516825215e-18,0.0
59.76,"[0.06062, 0.0456, 0.41014]",0.0456,0.41014,-0.047021133509849294,-0.04702113268236761,0.0,0.14003657053070995,0.14003656764087086,0.0,0.004202177173203405,0.00420217645156177,0.0,-0.11780724396494961,-0.1178072427987137,0.0,0.027772115285283144,0.027772114798067096,0.0,7.117946273102573e-18,7.159517516825215e-18,0.0
59.781,"[0.06062, 0.0456, 0.41014]",0.0456,0.41014,-0.047021133509849294,-0.04702113268236761,0.0,0.14003657053070995,0.14003656764087086,0.0,0.004202177173203405,0.00420217645156177,0.0,-0.11780724396494961,-0.1178072427987137,0.0,0.027772115285283144,0.027772114798067096,0.0,7.11881363484056e-18,7.159517516825215e-18,0.0
59.8,"[0.06062, 0.0456, 0.41014]",0.0456,0.41014,-0.047021133509849294,-0.04702113268236761,0.0,0.14003657053070995,0.14003656764087086,0.0,0.004202177173203405,0.00420217645156177,0.0,-0.11780724396494961,-0.1178072427987137,0.0,0.027772115285283144,0.027772114798067096,0.0,7.118379953971568e-18,7.159517516825215e-18,0.0
59.82,"[0.06062, 0.0456, 0.41014]",0.0456,0.41014,-0.047021133509849294,-0.04702113268236761,0.0,0.14003657053070995,0.14003656764087086,0.0,0.004202177173203405,0.00420217645156177,0.0,-0.11780724396494961,-0.1178072427987137,0.0,0.027772115285283144,0.027772114798067096,0.0,7.117078911364584e-18,7.159517516825215e-18,0.0
59.84,"[0.06062, 0.0456, 0.41014]",0.0456,0.41014,-0.047021133509849294,-0.04702113268236761,0.0,0.14003657053070995,0.14003656764087086,0.0,0.004202177173203405,0.00420217645156177,0.0,-0.11780724396494961,-0.1178072427987137,0.0,0.027772115285283144,0.027772114798067096,0.0,7.116211549626591e-18,7.159517516825215e-18,0.0
59.86,"[0.06062, 0.0456, 0.41014]",0.0456,0.41014,-0.047021133509849294,-0.04702113268236761,0.0,0.14003657053070995,0.14003656764087086,0.0,0.004202177173203405,0.00420217645156177,0.0,-0.11780724396494961,-0.1178072427987137,0.0,0.027772115285283144,0.027772114798067096,0.0,7.118813634840557e-18,7.159517516825215e-18,0.0
59.88,"[0.06062, 0.0456, 0.41014]",0.0456,0.41014,-0.047021133509849294,-0.04702113268236761,0.0,0.14003657053070995,0.14003656764087086,0.0,0.004202177173203405,0.00420217645156177,0.0,-0.11780724396494961,-0.1178072427987137,0.0,0.027772115285283144,0.027772114798067096,0.0,7.116645230495583e-18,7.159517516825215e-18,0.0
59.9,"[0.06062, 0.0456, 0.41014]",0.0456,0.41014,-0.047021133509849294,-0.04702113268236761,0.0,0.14003657053070995,0.14003656764087086,0.0,0.004202177173203405,0.00420217645156177,0.0,-0.11780724396494961,-0.1178072427987137,0.0,0.027772115285283144,0.027772114798067096,0.0,7.118813634840552e-18,7.159517516825215e-18,0.0
59.92,"[0.06062, 0.0456, 0.41014]",0.0456,0.41014,-0.047021133509849294,-0.04702113268236761,0.0,0.14003657053070995,0.14003656764087086,0.0,0.004202177173203405,0.00420217645156177,0.0,-0.11780724396494961,-0.1178072427987137,0.0,0.027772115285283144,0.027772114798067096,0.0,7.117946273102564e-18,7.159517516825215e-18,0.0
59.94,"[0.06062, 0.0456, 0.41014]",0.0456,0.41014,-0.047021133509849294,-0.04702113268236761,0.0,0.14003657053070995,0.14003656764087086,0.0,0.004202177173203405,0.00420217645156177,0.0,-0.11780724396494961,-0.1178072427987137,0.0,0.027772115285283144,0.027772114798067096,0.0,7.116211549626582e-18,7.159517516825215e-18,0.0
59.96,"[0.06062, 0.0456, 0.41014]",0.0456,0.41014,-0.047021133509849294,-0.04702113268236761,0.0,0.14003657053070995,0.14003656764087086,0.0,0.004202177173203405,0.00420217645156177,0.0,-0.11780724396494961,-0.1178072427987137,0.0,0.027772115285283144,0.027772114798067096,0.0,7.120114677447533e-18,7.159517516825215e-18,0.0
59.98,"[0.06062, 0.0456, 0.41014]",0.0456,0.41014,-0.047021133509849294,-0.04702113268236761,0.0,0.14003657053070995,0.14003656764087086,0.0,0.004202177173203405,0.00420217645156177,0.0,-0.11780724396494961,-0.1178072427987137,0.0,0.027772115285283144,0.027772114798067096,0.0,7.122283081792504e-18,7.159517516825215e-18,0.0
60.0,"[0.06062, 0.0456, 0.41014]",0.0456,0.41014,-0.047021133509849294,-0.04702113268236761,0.0,0.14003657053070995,0.14003656764087086,0.0,0.004202177173203405,0.00420217645156177,0.0,-0.11780724396494961,-0.1178072427987137,0.0,0.027772115285283144,0.027772114798067096,0.0,7.117078911364575e-18,7.159517516825215e-18,0.0
60.02,"[0.06062, 0.0456, 0.41014]",0.0456,0.41014,-0.047021133509849294,-0.04702113268236761,0.0,0.14003657053070995,0.14003656764087086,0.0,0.004202177173203405,0.00420217645156177,0.0,-0.11780724396494961,-0.1178072427987137,0.0,0.027772115285283144,0.027772114798067096,0.0,7.117512592233572e-18,7.159517516825215e-18,0.0
60.04,"[0.06062, 0.0456, 0.41014]",0.0456,0.41014,-0.047021133509849294,-0.04702113268236761,0.0,0.14003657053070995,0.14003656764087086,0.0,0.004202177173203405,0.00420217645156177,0.0,-0.11780724396494961,-0.1178072427987137,0.0,0.027772115285283144,0.027772114798067096,0.0,7.11274210267464e-18,7.159517516825215e-18,0.0
60.06,"[0.06062, 0.0456, 0.41014]",0.0456,0.41014,-0.047021133509849294,-0.04702113268236761,0.0,0.14003657053070995,0.14003656764087086,0.0,0.004202177173203405,0.00420217645156177,0.0,-0.11780724396494961,-0.1178072427987137,0.0,0.027772115285283144,0.027772114798067096,0.0,7.101900080949782e-18,7.159517516825215e-18,0.0
60.08,"[0.06062, 0.0456, 0.41014]",0.0456,0.41014,-0.047021133509849294,-0.04702113268236761,0.0,0.14003657053070995,0.14003656764087086,0.0,0.004202177173203405,0.00420217645156177,0.0,-0.11780724396494961,-0.1178072427987137,0.0,0.027772115285283144,0.027772114798067096,0.0,7.104502166163747e-18,7.159517516825215e-18,0.0
60.1,"[0.06062, 0.0456, 0.41014]",0.0456,0.41014,-0.047021133509849294,-0.04702113268236761,0.0,0.14003657053070995,0.14003656764087086,0.0,0.004202177173203405,0.00420217645156177,0.0,-0.11780724396494961,-0.1178072427987137,0.0,0.027772115285283144,0.027772114798067096,0.0,7.10320112355676e-18,7.159517516825215e-18,0.0
60.12,"[0.06062, 0.0456, 0.41014]",0.0456,0.41014,-0.047021133509849294,-0.04702113268236761,0.0,0.14003657053070995,0.14003656764087086,0.0,0.004202177173203405,0.00420217645156177,0.0,-0.11780724396494961,-0.1178072427987137,0.0,0.027772115285283144,0.027772114798067096,0.0,7.107537932246701e-18,7.159517516825215e-18,0.0
60.14,"[0.06062, 0.0456, 0.41014]",0.0456,0.41014,-0.047021133509849294,-0.04702113268236761,0.0,0.14003657053070995,0.14003656764087086,0.0,0.004202177173203405,0.00420217645156177,0.0,-0.11780724396494961,-0.1178072427987137,0.0,0.027772115285283144,0.027772114798067096,0.0,7.10927265572268e-18,7.159517516825215e-18,0.0
60.16,"[0.06062, 0.0456, 0.41014]",0.0456,0.41014,-0.047021133509849294,-0.04702113268236761,0.0,0.14003657053070995,0.14003656764087086,0.0,0.004202177173203405,0.00420217645156177,0.0,-0.11780724396494961,-0.1178072427987137,0.0,0.027772115285283144,0.027772114798067096,0.0,7.109706336591675e-18,7.159517516825215e-18,0.0
60.18,"[0.06062, 0.0456, 0.41014]",0.0456,0.41014,-0.047021133509849294,-0.04702113268236761,0.0,0.14003657053070995,0.14003656764087086,0.0,0.004202177173203405,0.00420217645156177,0.0,-0.11780724396494961,-0.1178072427987137,0.0,0.027772115285283144,0.027772114798067096,0.0,7.112742102674632e-18,7.159517516825215e-18,0.0
60.2,"[0.06062, 0.0456, 0.41014]",0.0456,0.41014,-0.047021133509849294,-0.04702113268236761,0.0,0.14003657053070995,0.14003656764087086,0.0,0.004202177173203405,0.00420217645156177,0.0,-0.11780724396494961,-0.1178072427987137,0.0,0.027772115285283144,0.027772114798067096,0.0,7.116645230495578e-18,7.159517516825215e-18,0.0
60.22,"[0.06062, 0.0456, 0.41014]",0.0456,0.41014,-0.047021133509849294,-0.04702113268236761,0.0,0.14003657053070995,0.14003656764087086,0.0,0.004202177173203405,0.00420217645156177,0.0,-0.11780724396494961,-0.1178072427987137,0.0,0.027772115285283144,0.027772114798067096,0.0,7.118379953971559e-18,7.159517516825215e-18,0.0
60.24,"[0.06062, 0.0456, 0.41014]",0.0456,0.41014,-0.047021133509849294,-0.04702113268236761,0.0,0.14003657053070995,0.14003656764087086,0.0,0.004202177173203405,0.00420217645156177,0.0,-0.11780724396494961,-0.1178072427987137,0.0,0.027772115285283144,0.027772114798067096,0.0,7.113175783543627e-18,7.159517516825215e-18,0.0
60.26,"[0.06062, 0.0456, 0.41014]",0.0456,0.41014,-0.047021133509849294,-0.04702113268236761,0.0,0.14003657053070995,0.14003656764087086,0.0,0.004202177173203405,0.00420217645156177,0.0,-0.11780724396494961,-0.1178072427987137,0.0,0.027772115285283144,0.027772114798067096,0.0,7.111441060067651e-18,7.159517516825215e-18,0.0
60.28,"[0.06062, 0.0456, 0.41014]",0.0456,0.41014,-0.047021133509849294,-0.04702113268236761,0.0,0.14003657053070995,0.14003656764087086,0.0,0.004202177173203405,0.00420217645156177,0.0,-0.11780724396494961,-0.1178072427987137,0.0,0.027772115285283144,0.027772114798067096,0.0,7.116211549626588e-18,7.159517516825215e-18,0.0
60.3,"[0.06062, 0.0456, 0.41014]",0.0456,0.41014,-0.047021133509849294,-0.04702113268236761,0.0,0.14003657053070995,0.14003656764087086,0.0,0.004202177173203405,0.00420217645156177,0.0,-0.11780724396494961,-0.1178072427987137,0.0,0.027772115285283144,0.027772114798067096,0.0,7.117512592233568e-18,7.159517516825215e-18,0.0
60.32,"[0.06062, 0.0456, 0.41014]",0.0456,0.41014,-0.047021133509849294,-0.04702113268236761,0.0,0.14003657053070995,0.14003656764087086,0.0,0.004202177173203405,0.00420217645156177,0.0,-0.11780724396494961,-0.1178072427987137,0.0,0.027772115285283144,0.027772114798067096,0.0,7.114910507019606e-18,7.159517516825215e-18,0.0
60.34,"[0.06062, 0.0456, 0.41014]",0.0456,0.41014,-0.047021133509849294,-0.04702113268236761,0.0,0.14003657053070995,0.14003656764087086,0.0,0.004202177173203405,0.00420217645156177,0.0,-0.11780724396494961,-0.1178072427987137,0.0,0.027772115285283144,0.027772114798067096,0.0,7.114476826150608e-18,7.159517516825215e-18,0.0
60.36,"[0.06062, 0.0456, 0.41014]",0.0456,0.41014,-0.047021133509849294,-0.04702113268236761,0.0,0.14003657053070995,0.14003656764087086,0.0,0.004202177173203405,0.00420217645156177,0.0,-0.11780724396494961,-0.1178072427987137,0.0,0.027772115285283144,0.027772114798067096,0.0,7.119680996578537e-18,7.159517516825215e-18,0.0
60.38,"[0.06062, 0.0456, 0.41014]",0.0456,0.41014,-0.047021133509849294,-0.04702113268236761,0.0,0.14003657053070995,0.14003656764087086,0.0,0.004202177173203405,0.00420217645156177,0.0,-0.11780724396494961,-0.1178072427987137,0.0,0.027772115285283144,0.027772114798067096,0.0,7.118813634840549e-18,7.159517516825215e-18,0.0
60.4,"[0.06062, 0.0456, 0.41014]",0.0456,0.41014,-0.047021133509849294,-0.04702113268236761,0.0,0.14003657053070995,0.14003656764087086,0.0,0.004202177173203405,0.00420217645156177,0.0,-0.11780724396494961,-0.1178072427987137,0.0,0.027772115285283144,0.027772114798067096,0.0,7.114476826150606e-18,7.159517516825215e-18,0.0
60.42,"[0.06062, 0.0456, 0.41014]",0.0456,0.41014,-0.047021133509849294,-0.04702113268236761,0.0,0.14003657053070995,0.14003656764087086,0.0,0.004202177173203405,0.00420217645156177,0.0,-0.11780724396494961,-0.1178072427987137,0.0,0.027772115285283144,0.027772114798067096,0.0,7.109706336591673e-18,7.159517516825215e-18,0.0
60.44,"[0.06062, 0.0456, 0.41014]",0.0456,0.41014,-0.047021133509849294,-0.04702113268236761,0.0,0.14003657053070995,0.14003656764087086,0.0,0.004202177173203405,0.00420217645156177,0.0,-0.11780724396494961,-0.1178072427987137,0.0,0.027772115285283144,0.027772114798067096,0.0,7.105369527901732e-18,7.159517516825215e-18,0.0
60.46,"[0.06062, 0.0456, 0.41014]",0.0456,0.41014,-0.047021133509849294,-0.04702113268236761,0.0,0.14003657053070995,0.14003656764087086,0.0,0.004202177173203405,0.00420217645156177,0.0,-0.11780724396494961,-0.1178072427987137,0.0,0.027772115285283144,0.027772114798067096,0.0,7.107537932246704e-18,7.159517516825215e-18,0.0
60.48,"[0.06062, 0.0456, 0.41014]",0.0456,0.41014,-0.047021133509849294,-0.04702113268236761,0.0,0.14003657053070995,0.14003656764087086,0.0,0.004202177173203405,0.00420217645156177,0.0,-0.11780724396494961,-0.1178072427987137,0.0,0.027772115285283144,0.027772114798067096,0.0,7.104935847032739e-18,7.159517516825215e-18,0.0
60.5,"[0.06062, 0.0456, 0.41014]",0.0456,0.41014,-0.047021133509849294,-0.04702113268236761,0.0,0.14003657053070995,0.14003656764087086,0.0,0.004202177173203405,0.00420217645156177,0.0,-0.11780724396494961,-0.1178072427987137,0.0,0.027772115285283144,0.027772114798067096,0.0,7.097129591390842e-18,7.159517516825215e-18,0.0
60.52,"[0.06062, 0.0456, 0.41014]",0.0456,0.41014,-0.047021133509849294,-0.04702113268236761,0.0,0.14003657053070995,0.14003656764087086,0.0,0.004202177173203405,0.00420217645156177,0.0,-0.11780724396494961,-0.1178072427987137,0.0,0.027772115285283144,0.027772114798067096,0.0,7.094093825307883e-18,7.159517516825215e-18,0.0
60.54,"[0.06062, 0.0456, 0.41014]",0.0456,0.41014,-0.047021133509849294,-0.04702113268236761,0.0,0.14003657053070995,0.14003656764087086,0.0,0.004202177173203405,0.00420217645156177,0.0,-0.11780724396494961,-0.1178072427987137,0.0,0.027772115285283144,0.027772114798067096,0.0,7.088889654879953e-18,7.159517516825215e-18,0.0
60.56,"[0.06062, 0.0456, 0.41014]",0.0456,0.41014,-0.047021133509849294,-0.04702113268236761,0.0,0.14003657053070995,0.14003656764087086,0.0,0.004202177173203405,0.00420217645156177,0.0,-0.11780724396494961,-0.1178072427987137,0.0,0.027772115285283144,0.027772114798067096,0.0,7.084552846190011e-18,7.159517516825215e-18,0.0
60.58,"[0.06062, 0.0456, 0.41014]",0.0456,0.41014,-0.047021133509849294,-0.04702113268236761,0.0,0.14003657053070995,0.14003656764087086,0.0,0.004202177173203405,0.00420217645156177,0.0,-0.11780724396494961,-0.1178072427987137,0.0,0.027772115285283144,0.027772114798067096,0.0,7.085420207928e-18,7.159517516825215e-18,0.0
60.6,"[0.06062, 0.0456, 0.41014]",0.0456,0.41014,-0.047021133509849294,-0.04702113268236761,0.0,0.14003657053070995,0.14003656764087086,0.0,0.004202177173203405,0.00420217645156177,0.0,-0.11780724396494961,-0.1178072427987137,0.0,0.027772115285283144,0.027772114798067096,0.0,7.082818122714036e-18,7.159517516825215e-18,0.0
60.62,"[0.06062, 0.0456, 0.41014]",0.0456,0.41014,-0.047021133509849294,-0.04702113268236761,0.0,0.14003657053070995,0.14003656764087086,0.0,0.004202177173203405,0.00420217645156177,0.0,-0.11780724396494961,-0.1178072427987137,0.0,0.027772115285283144,0.027772114798067096,0.0,7.079782356631079e-18,7.159517516825215e-18,0.0
60.64,"[0.06062, 0.0456, 0.41014]",0.0456,0.41014,-0.047021133509849294,-0.04702113268236761,0.0,0.14003657053070995,0.14003656764087086,0.0,0.004202177173203405,0.00420217645156177,0.0,-0.11780724396494961,-0.1178072427987137,0.0,0.027772115285283144,0.027772114798067096,0.0,7.077613952286105e-18,7.159517516825215e-18,0.0
60.66,"[0.06062, 0.0456, 0.41014]",0.0456,0.41014,-0.047021133509849294,-0.04702113268236761,0.0,0.14003657053070995,0.14003656764087086,0.0,0.004202177173203405,0.00420217645156177,0.0,-0.11780724396494961,-0.1178072427987137,0.0,0.027772115285283144,0.027772114798067096,0.0,7.087154931403978e-18,7.159517516825215e-18,0.0
60.68,"[0.06062, 0.0456, 0.41014]",0.0456,0.41014,-0.047021133509849294,-0.04702113268236761,0.0,0.14003657053070995,0.14003656764087086,0.0,0.004202177173203405,0.00420217645156177,0.0,-0.11780724396494961,-0.1178072427987137,0.0,0.027772115285283144,0.027772114798067096,0.0,7.089757016617944e-18,7.159517516825215e-18,0.0
60.7,"[0.06062, 0.0456, 0.41014]",0.0456,0.41014,-0.047021133509849294,-0.04702113268236761,0.0,0.14003657053070995,0.14003656764087086,0.0,0.004202177173203405,0.00420217645156177,0.0,-0.11780724396494961,-0.1178072427987137,0.0,0.027772115285283144,0.027772114798067096,0.0,7.089757016617942e-18,7.159517516825215e-18,0.0
60.72,"[0.06062, 0.0456, 0.41014]",0.0456,0.41014,-0.047021133509849294,-0.04702113268236761,0.0,0.14003657053070995,0.14003656764087086,0.0,0.004202177173203405,0.00420217645156177,0.0,-0.11780724396494961,-0.1178072427987137,0.0,0.027772115285283144,0.027772114798067096,0.0,7.094527506176878e-18,7.159517516825215e-18,0.0
60.74,"[0.06062, 0.0456, 0.41014]",0.0456,0.41014,-0.047021133509849294,-0.04702113268236761,0.0,0.14003657053070995,0.14003656764087086,0.0,0.004202177173203405,0.00420217645156177,0.0,-0.11780724396494961,-0.1178072427987137,0.0,0.027772115285283144,0.027772114798067096,0.0,7.096695910521852e-18,7.159517516825215e-18,0.0
60.76,"[0.06062, 0.0456, 0.41014]",0.0456,0.41014,-0.047021133509849294,-0.04702113268236761,0.0,0.14003657053070995,0.14003656764087086,0.0,0.004202177173203405,0.00420217645156177,0.0,-0.11780724396494961,-0.1178072427987137,0.0,0.027772115285283144,0.027772114798067096,0.0,7.100599038342798e-18,7.159517516825215e-18,0.0
60.78,"[0.06062, 0.0456, 0.41014]",0.0456,0.41014,-0.047021133509849294,-0.04702113268236761,0.0,0.14003657053070995,0.14003656764087086,0.0,0.004202177173203405,0.00420217645156177,0.0,-0.11780724396494961,-0.1178072427987137,0.0,0.027772115285283144,0.027772114798067096,0.0,7.10146640008079e-18,7.159517516825215e-18,0.0
60.8,"[0.06062, 0.0456, 0.41014]",0.0456,0.41014,-0.047021133509849294,-0.04702113268236761,0.0,0.14003657053070995,0.14003656764087086,0.0,0.004202177173203405,0.00420217645156177,0.0,-0.11780724396494961,-0.1178072427987137,0.0,0.027772115285283144,0.027772114798067096,0.0,7.101032719211797e-18,7.159517516825215e-18,0.0
60.82,"[0.06062, 0.0456, 0.41014]",0.0456,0.41014,-0.047021133509849294,-0.04702113268236761,0.0,0.14003657053070995,0.14003656764087086,0.0,0.004202177173203405,0.00420217645156177,0.0,-0.11780724396494961,-0.1178072427987137,0.0,0.027772115285283144,0.027772114798067096,0.0,7.097129591390846e-18,7.159517516825215e-18,0.0
60.84,"[0.06062, 0.0456, 0.41014]",0.0456,0.41014,-0.047021133509849294,-0.04702113268236761,0.0,0.14003657053070995,0.14003656764087086,0.0,0.004202177173203405,0.00420217645156177,0.0,-0.11780724396494961,-0.1178072427987137,0.0,0.027772115285283144,0.027772114798067096,0.0,7.090624378355931e-18,7.159517516825215e-18,0.0
60.86,"[0.06062, 0.0456, 0.41014]",0.0456,0.41014,-0.047021133509849294,-0.04702113268236761,0.0,0.14003657053070995,0.14003656764087086,0.0,0.004202177173203405,0.00420217645156177,0.0,-0.11780724396494961,-0.1178072427987137,0.0,0.027772115285283144,0.027772114798067096,0.0,7.088455974010962e-18,7.159517516825215e-18,0.0
60.88,"[0.06062, 0.0456, 0.41014]",0.0456,0.41014,-0.047021133509849294,-0.04702113268236761,0.0,0.14003657053070995,0.14003656764087086,0.0,0.004202177173203405,0.00420217645156177,0.0,-0.11780724396494961,-0.1178072427987137,0.0,0.027772115285283144,0.027772114798067096,0.0,7.090624378355935e-18,7.159517516825215e-18,0.0
60.9,"[0.06062, 0.0456, 0.41014]",0.0456,0.41014,-0.047021133509849294,-0.04702113268236761,0.0,0.14003657053070995,0.14003656764087086,0.0,0.004202177173203405,0.00420217645156177,0.0,-0.11780724396494961,-0.1178072427987137,0.0,0.027772115285283144,0.027772114798067096,0.0,7.085853888796997e-18,7.159517516825215e-18,0.0
60.92,"[0.06062, 0.0456, 0.41014]",0.0456,0.41014,-0.047021133509849294,-0.04702113268236761,0.0,0.14003657053070995,0.14003656764087086,0.0,0.004202177173203405,0.00420217645156177,0.0,-0.11780724396494961,-0.1178072427987137,0.0,0.027772115285283144,0.027772114798067096,0.0,7.08108339923806e-18,7.159517516825215e-18,0.0
60.94,"[0.06062, 0.0456, 0.41014]",0.0456,0.41014,-0.047021133509849294,-0.04702113268236761,0.0,0.14003657053070995,0.14003656764087086,0.0,0.004202177173203405,0.00420217645156177,0.0,-0.11780724396494961,-0.1178072427987137,0.0,0.027772115285283144,0.027772114798067096,0.0,7.081517080107053e-18,7.159517516825215e-18,0.0
60.96,"[0.06062, 0.0456, 0.41014]",0.0456,0.41014,-0.047021133509849294,-0.04702113268236761,0.0,0.14003657053070995,0.14003656764087086,0.0,0.004202177173203405,0.00420217645156177,0.0,-0.11780724396494961,-0.1178072427987137,0.0,0.027772115285283144,0.027772114798067096,0.0,7.085420207928004e-18,7.159517516825215e-18,0.0
60.981,"[0.06062, 0.0456, 0.41014]",0.0456,0.41014,-0.047021133509849294,-0.04702113268236761,0.0,0.14003657053070995,0.14003656764087086,0.0,0.004202177173203404,0.00420217645156177,0.0,-0.11780724396494961,-0.1178072427987137,0.0,0.027772115285283144,0.027772114798067096,0.0,7.085853888796999e-18,7.159517516825215e-18,0.0
61.0,"[0.06062, 0.0456, 0.41014]",0.0456,0.41014,-0.047021133509849294,-0.04702113268236761,0.0,0.14003657053070995,0.14003656764087086,0.0,0.004202177173203404,0.00420217645156177,0.0,-0.11780724396494961,-0.1178072427987137,0.0,0.027772115285283144,0.027772114798067096,0.0,7.087154931403984e-18,7.159517516825215e-18,0.0
61.02,"[0.06062, 0.0456, 0.41014]",0.0456,0.41014,-0.047021133509849294,-0.04702113268236761,0.0,0.14003657053070995,0.14003656764087086,0.0,0.004202177173203404,0.00420217645156177,0.0,-0.11780724396494961,-0.1178072427987137,0.0,0.027772115285283144,0.027772114798067096,0.0,7.083251803583038e-18,7.159517516825215e-18,0.0
61.041,"[0.06062, 0.0456, 0.41014]",0.0456,0.41014,-0.047021133509849294,-0.04702113268236761,0.0,0.14003657053070995,0.14003656764087086,0.0,0.004202177173203404,0.00420217645156177,0.0,-0.11780724396494961,-0.1178072427987137,0.0,0.027772115285283144,0.027772114798067096,0.0,7.085853888797002e-18,7.159517516825215e-18,0.0
61.06,"[0.06062, 0.0456, 0.41014]",0.0456,0.41014,-0.047021133509849294,-0.04702113268236761,0.0,0.14003657053070995,0.14003656764087086,0.0,0.004202177173203404,0.00420217645156177,0.0,-0.11780724396494961,-0.1178072427987137,0.0,0.027772115285283144,0.027772114798067096,0.0,7.085420207928009e-18,7.159517516825215e-18,0.0
61.08,"[0.06062, 0.0456, 0.41014]",0.0456,0.41014,-0.047021133509849294,-0.04702113268236761,0.0,0.14003657053070995,0.14003656764087086,0.0,0.004202177173203404,0.00420217645156177,0.0,-0.11780724396494961,-0.1178072427987137,0.0,0.027772115285283144,0.027772114798067096,0.0,7.084119165321026e-18,7.159517516825215e-18,0.0
61.1,"[0.06062, 0.0456, 0.41014]",0.0456,0.41014,-0.047021133509849294,-0.04702113268236761,0.0,0.14003657053070995,0.14003656764087086,0.0,0.004202177173203404,0.00420217645156177,0.0,-0.11780724396494961,-0.1178072427987137,0.0,0.027772115285283144,0.027772114798067096,0.0,7.082818122714045e-18,7.159517516825215e-18,0.0
61.12,"[0.06062, 0.0456, 0.41014]",0.0456,0.41014,-0.047021133509849294,-0.04702113268236761,0.0,0.14003657053070995,0.14003656764087086,0.0,0.004202177173203404,0.00420217645156177,0.0,-0.11780724396494961,-0.1178072427987137,0.0,0.027772115285283144,0.027772114798067096,0.0,7.088022293141975e-18,7.159517516825215e-18,0.0
61.14,"[0.06062, 0.0456, 0.41014]",0.0456,0.41014,-0.047021133509849294,-0.04702113268236761,0.0,0.14003657053070995,0.14003656764087086,0.0,0.004202177173203404,0.00420217645156177,0.0,-0.11780724396494961,-0.1178072427987137,0.0,0.027772115285283144,0.027772114798067096,0.0,7.089757016617951e-18,7.159517516825215e-18,0.0
61.16,"[0.06062, 0.0456, 0.41014]",0.0456,0.41014,-0.047021133509849294,-0.04702113268236761,0.0,0.14003657053070995,0.14003656764087086,0.0,0.004202177173203404,0.00420217645156177,0.0,-0.11780724396494961,-0.1178072427987137,0.0,0.027772115285283144,0.027772114798067096,0.0,7.095828548783868e-18,7.159517516825215e-18,0.0
61.18,"[0.06062, 0.0456, 0.41014]",0.0456,0.41014,-0.047021133509849294,-0.04702113268236761,0.0,0.14003657053070995,0.14003656764087086,0.0,0.004202177173203404,0.00420217645156177,0.0,-0.11780724396494961,-0.1178072427987137,0.0,0.027772115285283144,0.027772114798067096,0.0,7.09105805922493e-18,7.159517516825215e-18,0.0
61.2,"[0.06062, 0.0456, 0.41014]",0.0456,0.41014,-0.047021133509849294,-0.04702113268236761,0.0,0.14003657053070995,0.14003656764087086,0.0,0.004202177173203404,0.00420217645156177,0.0,-0.11780724396494961,-0.1178072427987137,0.0,0.027772115285283144,0.027772114798067096,0.0,7.092359101831915e-18,7.159517516825215e-18,0.0
61.22,"[0.06062, 0.0456, 0.41014]",0.0456,0.41014,-0.047021133509849294,-0.04702113268236761,0.0,0.14003657053070995,0.14003656764087086,0.0,0.004202177173203404,0.00420217645156177,0.0,-0.11780724396494961,-0.1178072427987137,0.0,0.027772115285283144,0.027772114798067096,0.0,7.088455974010966e-18,7.159517516825215e-18,0.0
61.24,"[0.06062, 0.0456, 0.41014]",0.0456,0.41014,-0.047021133509849294,-0.04702113268236761,0.0,0.14003657053070995,0.14003656764087086,0.0,0.004202177173203404,0.00420217645156177,0.0,-0.11780724396494961,-0.1178072427987137,0.0,0.027772115285283144,0.027772114798067096,0.0,7.08628756966599e-18,7.159517516825215e-18,0.0
61.26,"[0.06062, 0.0456, 0.41014]",0.0456,0.41014,-0.047021133509849294,-0.04702113268236761,0.0,0.14003657053070995,0.14003656764087086,0.0,0.004202177173203404,0.00420217645156177,0.0,-0.11780724396494961,-0.1178072427987137,0.0,0.027772115285283144,0.027772114798067096,0.0,7.089757016617944e-18,7.159517516825215e-18,0.0
61.28,"[0.06062, 0.0456, 0.41014]",0.0456,0.41014,-0.047021133509849294,-0.04702113268236761,0.0,0.14003657053070995,0.14003656764087086,0.0,0.004202177173203404,0.00420217645156177,0.0,-0.11780724396494961,-0.1178072427987137,0.0,0.027772115285283144,0.027772114798067096,0.0,7.094093825307883e-18,7.159517516825215e-18,0.0
61.3,"[0.06062, 0.0456, 0.41014]",0.0456,0.41014,-0.047021133509849294,-0.04702113268236761,0.0,0.14003657053070995,0.14003656764087086,0.0,0.004202177173203404,0.00420217645156177,0.0,-0.11780724396494961,-0.1178072427987137,0.0,0.027772115285283144,0.027772114798067096,0.0,7.095394867914863e-18,7.159517516825215e-18,0.0
61.32,"[0.06062, 0.0456, 0.41014]",0.0456,0.41014,-0.047021133509849294,-0.04702113268236761,0.0,0.14003657053070995,0.14003656764087086,0.0,0.004202177173203404,0.00420217645156177,0.0,-0.11780724396494961,-0.1178072427987137,0.0,0.027772115285283144,0.027772114798067096,0.0,7.096262229652852e-18,7.159517516825215e-18,0.0
61.34,"[0.06062, 0.0456, 0.41014]",0.0456,0.41014,-0.047021133509849294,-0.04702113268236761,0.0,0.14003657053070995,0.14003656764087086,0.0,0.004202177173203404,0.00420217645156177,0.0,-0.11780724396494961,-0.1178072427987137,0.0,0.027772115285283144,0.027772114798067096,0.0,7.094093825307882e-18,7.159517516825215e-18,0.0
61.36,"[0.06062, 0.0456, 0.41014]",0.0456,0.41014,-0.047021133509849294,-0.04702113268236761,0.0,0.14003657053070995,0.14003656764087086,0.0,0.004202177173203404,0.00420217645156177,0.0,-0.11780724396494961,-0.1178072427987137,0.0,0.027772115285283144,0.027772114798067096,0.0,7.095394867914867e-18,7.159517516825215e-18,0.0
61.38,"[0.06062, 0.0456, 0.41014]",0.0456,0.41014,-0.047021133509849294,-0.04702113268236761,0.0,0.14003657053070995,0.14003656764087086,0.0,0.004202177173203404,0.00420217645156177,0.0,-0.11780724396494961,-0.1178072427987137,0.0,0.027772115285283144,0.027772114798067096,0.0,7.088889654879957e-18,7.159517516825215e-18,0.0
61.4,"[0.06062, 0.0456, 0.41014]",0.0456,0.41014,-0.047021133509849294,-0.04702113268236761,0.0,0.14003657053070995,0.14003656764087086,0.0,0.004202177173203404,0.00420217645156177,0.0,-0.11780724396494961,-0.1178072427987137,0.0,0.027772115285283144,0.027772114798067096,0.0,7.087588612272976e-18,7.159517516825215e-18,0.0
61.42,"[0.06062, 0.0456, 0.41014]",0.0456,0.41014,-0.047021133509849294,-0.04702113268236761,0.0,0.14003657053070995,0.14003656764087086,0.0,0.004202177173203404,0.00420217645156177,0.0,-0.11780724396494961,-0.1178072427987137,0.0,0.027772115285283144,0.027772114798067096,0.0,7.08715493140398e-18,7.159517516825215e-18,0.0
61.44,"[0.06062, 0.0456, 0.41014]",0.0456,0.41014,-0.047021133509849294,-0.04702113268236761,0.0,0.14003657053070995,0.14003656764087086,0.0,0.004202177173203404,0.00420217645156177,0.0,-0.11780724396494961,-0.1178072427987137,0.0,0.027772115285283144,0.027772114798067096,0.0,7.090624378355935e-18,7.159517516825215e-18,0.0
61.46,"[0.06062, 0.0456, 0.41014]",0.0456,0.41014,-0.047021133509849294,-0.04702113268236761,0.0,0.14003657053070995,0.14003656764087086,0.0,0.004202177173203404,0.00420217645156177,0.0,-0.11780724396494961,-0.1178072427987137,0.0,0.027772115285283144,0.027772114798067096,0.0,7.092792782700904e-18,7.159517516825215e-18,0.0
61.48,"[0.06062, 0.0456, 0.41014]",0.0456,0.41014,-0.047021133509849294,-0.04702113268236761,0.0,0.14003657053070995,0.14003656764087086,0.0,0.004202177173203404,0.00420217645156177,0.0,-0.11780724396494961,-0.1178072427987137,0.0,0.027772115285283144,0.027772114798067096,0.0,7.09539486791487e-18,7.159517516825215e-18,0.0
61.5,"[0.06062, 0.0456, 0.41014]",0.0456,0.41014,-0.047021133509849294,-0.04702113268236761,0.0,0.14003657053070995,0.14003656764087086,0.0,0.004202177173203404,0.00420217645156177,0.0,-0.11780724396494961,-0.1178072427987137,0.0,0.027772115285283144,0.027772114798067096,0.0,7.09452750617688e-18,7.159517516825215e-18,0.0
61.52,"[0.06062, 0.0456, 0.41014]",0.0456,0.41014,-0.047021133509849294,-0.04702113268236761,0.0,0.14003657053070995,0.14003656764087086,0.0,0.004202177173203404,0.00420217645156177,0.0,-0.11780724396494961,-0.1178072427987137,0.0,0.027772115285283144,0.027772114798067096,0.0,7.096695910521845e-18,7.159517516825215e-18,0.0
61.54,"[0.06062, 0.0456, 0.41014]",0.0456,0.41014,-0.047021133509849294,-0.04702113268236761,0.0,0.14003657053070995,0.14003656764087086,0.0,0.004202177173203404,0.00420217645156177,0.0,-0.11780724396494961,-0.1178072427987137,0.0,0.027772115285283144,0.027772114798067096,0.0,7.096695910521845e-18,7.159517516825215e-18,0.0
61.56,"[0.06062, 0.0456, 0.41014]",0.0456,0.41014,-0.047021133509849294,-0.04702113268236761,0.0,0.14003657053070995,0.14003656764087086,0.0,0.004202177173203404,0.00420217645156177,0.0,-0.11780724396494961,-0.1178072427987137,0.0,0.027772115285283144,0.027772114798067096,0.0,7.09496118704587e-18,7.159517516825215e-18,0.0
61.58,"[0.06062, 0.0456, 0.41014]",0.0456,0.41014,-0.047021133509849294,-0.04702113268236761,0.0,0.14003657053070995,0.14003656764087086,0.0,0.004202177173203404,0.00420217645156177,0.0,-0.11780724396494961,-0.1178072427987137,0.0,0.027772115285283144,0.027772114798067096,0.0,7.091491740093918e-18,7.159517516825215e-18,0.0
61.6,"[0.06062, 0.0456, 0.41014]",0.0456,0.41014,-0.047021133509849294,-0.04702113268236761,0.0,0.14003657053070995,0.14003656764087086,0.0,0.004202177173203404,0.00420217645156177,0.0,-0.11780724396494961,-0.1178072427987137,0.0,0.027772115285283144,0.027772114798067096,0.0,7.089757016617939e-18,7.159517516825215e-18,0.0
61.62,"[0.06062, 0.0456, 0.41014]",0.0456,0.41014,-0.047021133509849294,-0.04702113268236761,0.0,0.14003657053070995,0.14003656764087086,0.0,0.004202177173203404,0.00420217645156177,0.0,-0.11780724396494961,-0.1178072427987137,0.0,0.027772115285283144,0.027772114798067096,0.0,7.090190697486932e-18,7.159517516825215e-18,0.0
61.64,"[0.06062, 0.0456, 0.41014]",0.0456,0.41014,-0.047021133509849294,-0.04702113268236761,0.0,0.14003657053070995,0.14003656764087086,0.0,0.004202177173203404,0.00420217645156177,0.0,-0.11780724396494961,-0.1178072427987137,0.0,0.027772115285283144,0.027772114798067096,0.0,7.091491740093916e-18,7.159517516825215e-18,0.0
61.66,"[0.06062, 0.0456, 0.41014]",0.0456,0.41014,-0.047021133509849294,-0.04702113268236761,0.0,0.14003657053070995,0.14003656764087086,0.0,0.004202177173203404,0.00420217645156177,0.0,-0.11780724396494961,-0.1178072427987137,0.0,0.027772115285283144,0.027772114798067096,0.0,7.091925420962914e-18,7.159517516825215e-18,0.0
61.68,"[0.06062, 0.0456, 0.41014]",0.0456,0.41014,-0.047021133509849294,-0.04702113268236761,0.0,0.14003657053070995,0.14003656764087086,0.0,0.004202177173203404,0.00420217645156177,0.0,-0.11780724396494961,-0.1178072427987137,0.0,0.027772115285283144,0.027772114798067096,0.0,7.08628756966599e-18,7.159517516825215e-18,0.0
61.7,"[0.06062, 0.0456, 0.41014]",0.0456,0.41014,-0.047021133509849294,-0.04702113268236761,0.0,0.14003657053070995,0.14003656764087086,0.0,0.004202177173203404,0.00420217645156177,0.0,-0.11780724396494961,-0.1178072427987137,0.0,0.027772115285283144,0.027772114798067096,0.0,7.087588612272971e-18,7.159517516825215e-18,0.0
61.72,"[0.06062, 0.0456, 0.41014]",0.0456,0.41014,-0.047021133509849294,-0.04702113268236761,0.0,0.14003657053070995,0.14003656764087086,0.0,0.004202177173203404,0.00420217645156177,0.0,-0.11780724396494961,-0.1178072427987137,0.0,0.027772115285283144,0.027772114798067096,0.0,7.080216037500072e-18,7.159517516825215e-18,0.0
61.74,"[0.06062, 0.0456, 0.41014]",0.0456,0.41014,-0.047021133509849294,-0.04702113268236761,0.0,0.14003657053070995,0.14003656764087086,0.0,0.004202177173203404,0.00420217645156177,0.0,-0.11780724396494961,-0.1178072427987137,0.0,0.027772115285283144,0.027772114798067096,0.0,7.088889654879957e-18,7.159517516825215e-18,0.0
61.76,"[0.06062, 0.0456, 0.4101254017692078]",0.0456,0.4101254017692078,-0.047021133509849294,-0.04705740438367835,0.0,0.14003657053070995,0.14011523145981863,0.0,0.004202177173203404,0.004141320731613339,0.0,-0.11780724396494961,-0.11799063743760284,0.0,0.027772115285283144,0.027794178907111902,0.0,7.086721250534987e-18,7.161660298999412e-18,0.0
61.78,"[0.06062, 0.0456, 0.4101254017692078]",0.0456,0.4101254017692078,-0.047021133509849294,-0.04705740438367835,0.0,0.14003657053070995,0.14011523145981863,0.0,0.004202177173203404,0.004141320731613339,0.0,-0.11780724396494961,-0.11799063743760284,0.0,0.027772115285283144,0.027794178907111902,0.0,7.083685484452027e-18,7.161660298999412e-18,0.0
61.801,"[0.06062, 0.0456, 0.4101254017692078]",0.0456,0.4101254017692078,-0.047021133509849294,-0.04705740438367835,0.0,0.14003657053070995,0.14011523145981863,0.0,0.004202177173203404,0.004141320731613339,0.0,-0.11780724396494961,-0.11799063743760284,0.0,0.027772115285283144,0.027794178907111902,0.0,7.080216037500073e-18,7.161660298999412e-18,0.0
61.82,"[0.06062, 0.0456, 0.41007172966223426]",0.0456,0.41007172966223426,-0.047021133509849294,-0.04719340927091472,0.0,0.14003657053070995,0.1404102339334992,0.0,0.004202177173203404,0.003913097119047199,0.0,-0.11780724396494961,-0.11867833880130037,0.0,0.027772115285283144,0.02787690964779679,0.0,7.088022293141971e-18,7.155131896939125e-18,0.0
61.84,"[0.06062, 0.0456, 0.41007172966223426]",0.0456,0.41007172966223426,-0.047021133509849294,-0.04719340927091472,0.0,0.14003657053070995,0.1404102339334992,0.0,0.004202177173203404,0.003913097119047199,0.0,-0.11780724396494961,-0.11867833880130037,0.0,0.027772115285283144,0.02787690964779679,0.0,7.09105805922493e-18,7.155131896939125e-18,0.0
61.86,"[0.06062, 0.0456, 0.4099763867670411]",0.0456,0.4099763867670411,-0.047021133509849294,-0.047434631830023576,0.0,0.14003657053070995,0.14093366060833074,0.0,0.004202177173203404,0.003507866115637377,0.0,-0.11780724396494961,-0.11989863377081367,0.0,0.027772115285283144,0.028023673893936108,0.0,7.091925420962919e-18,7.187759840692539e-18,0.0
61.88,"[0.06062, 0.0456, 0.4099763867670411]",0.0456,0.4099763867670411,-0.047021133509849294,-0.047434631830023576,0.0,0.14003657053070995,0.14093366060833074,0.0,0.004202177173203404,0.003507866115637377,0.0,-0.11780724396494961,-0.11989863377081367,0.0,0.027772115285283144,0.028023673893936108,0.0,7.09105805922493e-18,7.187759840692539e-18,0.0
61.9,"[0.06062, 0.0456, 0.4099763867670411]",0.0456,0.4099763867670411,-0.047021133509849294,-0.047434631830023576,0.0,0.14003657053070995,0.14093366060833074,0.0,0.004202177173203404,0.003507866115637377,0.0,-0.11780724396494961,-0.11989863377081367,0.0,0.027772115285283144,0.028023673893936108,0.0,7.094093825307888e-18,7.187759840692539e-18,0.0
61.92,"[0.06062, 0.0456, 0.40984625391843243]",0.0456,0.40984625391843243,-0.047021133509849294,-0.04776298899931596,0.0,0.14003657053070995,0.14164664917667852,0.0,0.004202177173203404,0.0029551897643486967,0.0,-0.11780724396494961,-0.12156107594818615,0.0,0.027772115285283144,0.028223523589235935,0.0,7.091058059224926e-18,7.330372518390398e-18,0.0
61.94,"[0.06062, 0.0456, 0.40984625391843243]",0.0456,0.40984625391843243,-0.047021133509849294,-0.04776298899931596,0.0,0.14003657053070995,0.14164664917667852,0.0,0.004202177173203404,0.0029551897643486967,0.0,-0.11780724396494961,-0.12156107594818615,0.0,0.027772115285283144,0.028223523589235935,0.0,7.085853888796991e-18,7.330372518390398e-18,0.0
61.96,"[0.06062, 0.0456, 0.40967084258475156]",0.0456,0.40967084258475156,-0.047021133509849294,-0.04820408631083113,0.0,0.14003657053070995,0.1426053575691943,0.0,0.004202177173203404,0.0022108569479382355,0.0,-0.11780724396494961,-0.1237966996672029,0.0,0.027772115285283144,0.028492109615356254,0.0,7.084552846190008e-18,7.460928959661608e-18,0.0
61.98,"[0.06062, 0.0456, 0.40967084258475156]",0.0456,0.40967084258475156,-0.047021133509849294,-0.04820408631083113,0.0,0.14003657053070995,0.1426053575691943,0.0,0.004202177173203404,0.0022108569479382355,0.0,-0.11780724396494961,-0.1237966996672029,0.0,0.027772115285283144,0.028492109615356254,0.0,7.089757016617936e-18,7.460928959661608e-18,0.0
62.0,"[0.06062, 0.0456, 0.40967084258475156]",0.0456,0.40967084258475156,-0.047021133509849294,-0.04820408631083113,0.0,0.14003657053070995,0.1426053575691943,0.0,0.004202177173203404,0.0022108569479382355,0.0,-0.11780724396494961,-0.1237966996672029,0.0,0.027772115285283144,0.028492109615356254,0.0,7.084986527059e-18,7.460928959661608e-18,0.0
62.02,"[0.06062, 0.0456, 0.4094640757304765]",0.0456,0.4094640757304765,-0.047021133509849294,-0.048721578501941164,0.0,0.14003657053070995,0.14373153002990116,0.0,0.004202177173203404,0.0013345754879713748,0.0,-0.11780724396494961,-0.12642334665795354,0.0,0.027772115285283144,0.02880740776404017,0.0,7.086287569665983e-18,7.369032527671788e-18,0.0
62.04,"[0.06062, 0.0456, 0.4094640757304765]",0.0456,0.4094640757304765,-0.047021133509849294,-0.048721578501941164,0.0,0.14003657053070995,0.14373153002990116,0.0,0.004202177173203404,0.0013345754879713748,0.0,-0.11780724396494961,-0.12642334665795354,0.0,0.027772115285283144,0.02880740776404017,0.0,7.08411916532101e-18,7.369032527671788e-18,0.0
62.06,"[0.06062, 0.0456, 0.4092146705469189]",0.0456,0.4092146705469189,-0.047021133509849294,-0.04934255539431751,0.0,0.14003657053070995,0.14508495266110055,0.0,0.004202177173203404,0.00027889370892143273,0.0,-0.11780724396494961,-0.12958048219017695,0.0,0.027772115285283144,0.02918600893196782,0.0,7.082384441845035e-18,7.484639425851905e-18,0.0
62.081,"[0.06062, 0.0456, 0.4092146705469189]",0.0456,0.4092146705469189,-0.047021133509849294,-0.04934255539431751,0.0,0.14003657053070995,0.14508495266110055,0.0,0.004202177173203404,0.00027889370892143273,0.0,-0.11780724396494961,-0.12958048219017695,0.0,0.027772115285283144,0.02918600893196782,0.0,7.084552846190004e-18,7.484639425851905e-18,0.0
62.1,"[0.06062, 0.0456, 0.4089267033810737]",0.0456,0.4089267033810737,-0.047021133509849294,-0.05005499129330507,0.0,0.14003657053070995,0.14664048367624566,0.0,0.004202177173203404,-0.0009380828323801869,0.0,-0.11780724396494961,-0.13320990906208335,0.0,0.027772115285283144,0.02962072918852616,0.0,7.083685484452014e-18,7.387817389901235e-18,0.0
62.12,"[0.06062, 0.0456, 0.4089267033810737]",0.0456,0.4089267033810737,-0.047021133509849294,-0.05005499129330507,0.0,0.14003657053070995,0.14664048367624566,0.0,0.004202177173203404,-0.0009380828323801869,0.0,-0.11780724396494961,-0.13320990906208335,0.0,0.027772115285283144,0.02962072918852616,0.0,7.08325180358302e-18,7.387817389901235e-18,0.0
62.14,"[0.06062, 0.0456, 0.4089267033810737]",0.0456,0.4089267033810737,-0.047021133509849294,-0.05005499129330507,0.0,0.14003657053070995,0.14664048367624566,0.0,0.004202177173203404,-0.0009380828323801869,0.0,-0.11780724396494961,-0.13320990906208335,0.0,0.027772115285283144,0.02962072918852616,0.0,7.077180271417101e-18,7.387817389901235e-18,0.0
62.16,"[0.06062, 0.0456, 0.40860045842176673]",0.0456,0.40860045842176673,-0.047021133509849294,-0.05085635495613214,0.0,0.14003657053070995,0.14839375708723196,0.0,0.004202177173203404,-0.0023144364536206515,0.0,-0.11780724396494961,-0.13730173672759965,0.0,0.027772115285283144,0.030110163861527484,0.0,7.084986527058998e-18,7.396461090243415e-18,0.0
62.18,"[0.06062, 0.0456, 0.40860045842176673]",0.0456,0.40860045842176673,-0.047021133509849294,-0.05085635495613214,0.0,0.14003657053070995,0.14839375708723196,0.0,0.004202177173203404,-0.0023144364536206515,0.0,-0.11780724396494961,-0.13730173672759965,0.0,0.027772115285283144,0.030110163861527484,0.0,7.086287569665984e-18,7.396461090243415e-18,0.0
62.2,"[0.06062, 0.0456, 0.40860045842176673]",0.0456,0.40860045842176673,-0.047021133509849294,-0.05085635495613214,0.0,0.14003657053070995,0.14839375708723196,0.0,0.004202177173203404,-0.0023144364536206515,0.0,-0.11780724396494961,-0.13730173672759965,0.0,0.027772115285283144,0.030110163861527484,0.0,7.088889654879946e-18,7.396461090243415e-18,0.0
62.22,"[0.06062, 0.0456, 0.40823625763338495]",0.0456,0.40823625763338495,-0.047021133509849294,-0.051743812401783565,0.0,0.14003657053070995,0.15033982417549632,0.0,0.004202177173203404,-0.003847975174457604,0.0,-0.11780724396494961,-0.1418448341850964,0.0,0.027772115285283144,0.030652738522363394,0.0,7.083685484452017e-18,7.538773106665187e-18,0.0
62.24,"[0.06062, 0.0456, 0.40823625763338495]",0.0456,0.40823625763338495,-0.047021133509849294,-0.051743812401783565,0.0,0.14003657053070995,0.15033982417549632,0.0,0.004202177173203404,-0.003847975174457604,0.0,-0.11780724396494961,-0.1418448341850964,0.0,0.027772115285283144,0.030652738522363394,0.0,7.088889654879945e-18,7.538773106665187e-18,0.0
62.26,"[0.06062, 0.0456, 0.4078344604381359]",0.0456,0.4078344604381359,-0.047021133509849294,-0.0527142922439706,0.0,0.14003657053070995,0.15247327863426638,0.0,0.004202177173203404,-0.005536285288619342,0.0,-0.11780724396494961,-0.1468270833469596,0.0,0.027772115285283144,0.03124674270608043,0.0,7.088022293141955e-18,7.34707859591182e-18,0.0
62.28,"[0.06062, 0.0456, 0.4078344604381359]",0.0456,0.4078344604381359,-0.047021133509849294,-0.0527142922439706,0.0,0.14003657053070995,0.15247327863426638,0.0,0.004202177173203404,-0.005536285288619342,0.0,-0.11780724396494961,-0.1468270833469596,0.0,0.027772115285283144,0.03124674270608043,0.0,7.090190697486927e-18,7.34707859591182e-18,0.0
62.3,"[0.06062, 0.0456, 0.4078344604381359]",0.0456,0.4078344604381359,-0.047021133509849294,-0.0527142922439706,0.0,0.14003657053070995,0.15247327863426638,0.0,0.004202177173203404,-0.005536285288619342,0.0,-0.11780724396494961,-0.1468270833469596,0.0,0.027772115285283144,0.03124674270608043,0.0,7.091925420962903e-18,7.34707859591182e-18,0.0
62.32,"[0.06062, 0.0456, 0.40739546336134186]",0.0456,0.40739546336134186,-0.047021133509849294,-0.05376451530827367,0.0,0.14003657053070995,0.15478829441773312,0.0,0.004202177173203404,-0.007376741619450084,0.0,-0.11780724396494961,-0.15223547798390538,0.0,0.027772115285283144,0.0318903452818498,0.0,7.09669591052184e-18,7.267505252505623e-18,0.0
62.34,"[0.06062, 0.0456, 0.40739546336134186]",0.0456,0.40739546336134186,-0.047021133509849294,-0.05376451530827367,0.0,0.14003657053070995,0.15478829441773312,0.0,0.004202177173203404,-0.007376741619450084,0.0,-0.11780724396494961,-0.15223547798390538,0.0,0.027772115285283144,0.0318903452818498,0.0,7.094961187045863e-18,7.267505252505623e-18,0.0
62.36,"[0.06062, 0.0456, 0.4069196996401167]",0.0456,0.4069196996401167,-0.047021133509849294,-0.054891024854792775,0.0,0.14003657053070995,0.15727866521907083,0.0,0.004202177173203404,-0.00936651854901966,0.0,-0.11780724396494961,-0.15805622558735735,0.0,0.027772115285283144,0.03258161024893945,0.0,7.097996953128822e-18,7.648826453565495e-18,0.0
62.38,"[0.06062, 0.0456, 0.4069196996401167]",0.0456,0.4069196996401167,-0.047021133509849294,-0.054891024854792775,0.0,0.14003657053070995,0.15727866521907083,0.0,0.004202177173203404,-0.00936651854901966,0.0,-0.11780724396494961,-0.15805622558735735,0.0,0.027772115285283144,0.03258161024893945,0.0,7.099297995735805e-18,7.648826453565495e-18,0.0
62.4,"[0.06062, 0.0456, 0.4069196996401167]",0.0456,0.4069196996401167,-0.047021133509849294,-0.054891024854792775,0.0,0.14003657053070995,0.15727866521907083,0.0,0.004202177173203404,-0.00936651854901966,0.0,-0.11780724396494961,-0.15805622558735735,0.0,0.027772115285283144,0.03258161024893945,0.0,7.101900080949768e-18,7.648826453565495e-18,0.0
62.42,"[0.06062, 0.0456, 0.4064076387958137]",0.0456,0.4064076387958137,-0.047021133509849294,-0.056090216760538374,0.0,0.14003657053070995,0.15993784470349032,0.0,0.004202177173203404,-0.011502601560766256,0.0,-0.11780724396494961,-0.16427484989783978,0.0,0.027772115285283144,0.03331851257495214,0.0,7.101900080949768e-18,7.572921908335285e-18,0.0
62.44,"[0.06062, 0.0456, 0.4064076387958137]",0.0456,0.4064076387958137,-0.047021133509849294,-0.056090216760538374,0.0,0.14003657053070995,0.15993784470349032,0.0,0.004202177173203404,-0.011502601560766256,0.0,-0.11780724396494961,-0.16427484989783978,0.0,0.027772115285283144,0.03331851257495214,0.0,7.105369527901718e-18,7.572921908335285e-18,0.0
62.46,"[0.06062, 0.0456, 0.40585978617066437]",0.0456,0.40585978617066437,-0.047021133509849294,-0.05735836916704514,0.0,0.14003657053070995,0.1627589869596696,0.0,0.004202177173203404,-0.01378179918664674,0.0,-0.11780724396494961,-0.17087629253630449,0.0,0.027772115285283144,0.03409895382387923,0.0,7.102767442687756e-18,8.001639556537933e-18,0.0
62.48,"[0.06062, 0.0456, 0.40585978617066437]",0.0456,0.40585978617066437,-0.047021133509849294,-0.05735836916704514,0.0,0.14003657053070995,0.1627589869596696,0.0,0.004202177173203404,-0.01378179918664674,0.0,-0.11780724396494961,-0.17087629253630449,0.0,0.027772115285283144,0.03409895382387923,0.0,7.097563272259823e-18,8.001639556537933e-18,0.0
62.5,"[0.06062, 0.0456, 0.40585978617066437]",0.0456,0.40585978617066437,-0.047021133509849294,-0.05735836916704514,0.0,0.14003657053070995,0.1627589869596696,0.0,0.004202177173203404,-0.01378179918664674,0.0,-0.11780724396494961,-0.17087629253630449,0.0,0.027772115285283144,0.03409895382387923,0.0,7.09409382530787e-18,8.001639556537933e-18,0.0
62.52,"[0.06062, 0.0456, 0.4052766824290666]",0.0456,0.4052766824290666,-0.047021133509849294,-0.058691671158427675,0.0,0.14003657053070995,0.1657349866761411,0.0,0.004202177173203404,-0.016200755246465116,0.0,-0.11780724396494961,-0.17784501233881003,0.0,0.027772115285283144,0.03492077735007643,0.0,7.09322646356988e-18,7.912341188418984e-18,0.0
62.542,"[0.06062, 0.0456, 0.4052766824290666]",0.0456,0.4052766824290666,-0.047021133509849294,-0.058691671158427675,0.0,0.14003657053070995,0.1657349866761411,0.0,0.004202177173203404,-0.016200755246465116,0.0,-0.11780724396494961,-0.17784501233881003,0.0,0.027772115285283144,0.03492077735007643,0.0,7.090190697486924e-18,7.912341188418984e-18,0.0
62.56,"[0.06062, 0.0456, 0.4046589030240144]",0.0456,0.4046589030240144,-0.047021133509849294,-0.060086250101909405,0.0,0.14003657053070995,0.16885851860144777,0.0,0.004202177173203404,-0.018755961266232923,0.0,-0.11780724396494961,-0.18516508118253536,0.0,0.027772115285283144,0.03578178286673886,0.0,7.089757016617928e-18,7.67282587106545e-18,0.0
62.58,"[0.06062, 0.0456, 0.4046589030240144]",0.0456,0.4046589030240144,-0.047021133509849294,-0.060086250101909405,0.0,0.14003657053070995,0.16885851860144777,0.0,0.004202177173203404,-0.018755961266232923,0.0,-0.11780724396494961,-0.18516508118253536,0.0,0.027772115285283144,0.03578178286673886,0.0,7.084552846189999e-18,7.67282587106545e-18,0.0
62.6,"[0.06062, 0.0456, 0.4046589030240144]",0.0456,0.4046589030240144,-0.047021133509849294,-0.060086250101909405,0.0,0.14003657053070995,0.16885851860144777,0.0,0.004202177173203404,-0.018755961266232923,0.0,-0.11780724396494961,-0.18516508118253536,0.0,0.027772115285283144,0.03578178286673886,0.0,7.085853888796979e-18,7.67282587106545e-18,0.0
62.62,"[0.06062, 0.0456, 0.40400705762919525]",0.0456,0.40400705762919525,-0.047021133509849294,-0.06153819735288448,0.0,0.14003657053070995,0.1721220759043797,0.0,0.004202177173203404,-0.021443768963649704,0.0,-0.11780724396494961,-0.192820275291056,0.0,0.027772115285283144,0.036679740231746374,0.0,7.088455974010942e-18,7.71988826091736e-18,0.0
62.642,"[0.06062, 0.0456, 0.40400705762919525]",0.0456,0.40400705762919525,-0.047021133509849294,-0.06153819735288448,0.0,0.14003657053070995,0.1721220759043797,0.0,0.004202177173203404,-0.021443768963649704,0.0,-0.11780724396494961,-0.192820275291056,0.0,0.027772115285283144,0.036679740231746374,0.0,7.087154931403963e-18,7.71988826091736e-18,0.0
62.66,"[0.06062, 0.0456, 0.40332178953731546]",0.0456,0.40332178953731546,-0.047021133509849294,-0.06304359209661282,0.0,0.14003657053070995,0.1755180071107062,0.0,0.004202177173203404,-0.024260402692014762,0.0,-0.11780724396494961,-0.20079416121000263,0.0,0.027772115285283144,0.03761240232829806,0.0,7.084986527058992e-18,7.907139904252364e-18,0.0
62.68,"[0.06062, 0.0456, 0.40332178953731546]",0.0456,0.40332178953731546,-0.047021133509849294,-0.06304359209661282,0.0,0.14003657053070995,0.1755180071107062,0.0,0.004202177173203404,-0.024260402692014762,0.0,-0.11780724396494961,-0.20079416121000263,0.0,0.027772115285283144,0.03761240232829806,0.0,7.084552846189998e-18,7.907139904252364e-18,0.0
62.7,"[0.06062, 0.0456, 0.40332178953731546]",0.0456,0.40332178953731546,-0.047021133509849294,-0.06304359209661282,0.0,0.14003657053070995,0.1755180071107062,0.0,0.004202177173203404,-0.024260402692014762,0.0,-0.11780724396494961,-0.20079416121000263,0.0,0.027772115285283144,0.03761240232829806,0.0,7.083685484452007e-18,7.907139904252364e-18,0.0
62.721,"[0.06062, 0.0456, 0.4026037750252483]",0.0456,0.4026037750252483,-0.047021133509849294,-0.06459852316611607,0.0,0.14003657053070995,0.179038551353445,0.0,0.004202177173203404,-0.02720197173910485,0.0,-0.11780724396494961,-0.2090701758433293,0.0,0.027772115285283144,0.03857751695128139,0.0,7.086721250534965e-18,7.769610849253027e-18,0.0
62.74,"[0.06062, 0.0456, 0.4026037750252483]",0.0456,0.4026037750252483,-0.047021133509849294,-0.06459852316611607,0.0,0.14003657053070995,0.179038551353445,0.0,0.004202177173203404,-0.02720197173910485,0.0,-0.11780724396494961,-0.2090701758433293,0.0,0.027772115285283144,0.03857751695128139,0.0,7.088455974010942e-18,7.769610849253027e-18,0.0
62.76,"[0.06062, 0.0456, 0.40185372268663033]",0.0456,0.40185372268663033,-0.047021133509849294,-0.06619910873858582,0.0,0.14003657053070995,0.1826758717327975,0.0,0.004202177173203404,-0.030264482384515325,0.0,-0.11780724396494961,-0.2176317001289292,0.0,0.027772115285283144,0.039572837641734276,0.0,7.086287569665973e-18,7.468654956738258e-18,0.0
62.78,"[0.06062, 0.0456, 0.40185372268663033]",0.0456,0.40185372268663033,-0.047021133509849294,-0.06619910873858582,0.0,0.14003657053070995,0.1826758717327975,0.0,0.004202177173203404,-0.030264482384515325,0.0,-0.11780724396494961,-0.2176317001289292,0.0,0.027772115285283144,0.039572837641734276,0.0,7.081083399238043e-18,7.468654956738258e-18,0.0
62.8,"[0.06062, 0.0456, 0.40185372268663033]",0.0456,0.40185372268663033,-0.047021133509849294,-0.06619910873858582,0.0,0.14003657053070995,0.1826758717327975,0.0,0.004202177173203404,-0.030264482384515325,0.0,-0.11780724396494961,-0.2176317001289292,0.0,0.027772115285283144,0.039572837641734276,0.0,7.085853888796977e-18,7.468654956738258e-18,0.0
62.82,"[0.06062, 0.0456, 0.40107237273256474]",0.0456,0.40107237273256474,-0.047021133509849294,-0.06784151386913335,0.0,0.14003657053070995,0.18642208663792387,0.0,0.004202177173203404,-0.03344384962746211,0.0,-0.11780724396494961,-0.22646212610564848,0.0,0.027772115285283144,0.04059613344029532,0.0,7.091491740093901e-18,8.016991706743628e-18,0.0
62.84,"[0.06062, 0.0456, 0.40107237273256474]",0.0456,0.40107237273256474,-0.047021133509849294,-0.06784151386913335,0.0,0.14003657053070995,0.18642208663792387,0.0,0.004202177173203404,-0.03344384962746211,0.0,-0.11780724396494961,-0.22646212610564848,0.0,0.027772115285283144,0.04059613344029532,0.0,7.091058059224908e-18,8.016991706743628e-18,0.0
62.86,"[0.06062, 0.0456, 0.4002604962611228]",0.0456,0.4002604962611228,-0.047021133509849294,-0.06952196586999236,0.0,0.14003657053070995,0.1902692989344813,0.0,0.004202177173203404,-0.03673590850671909,0.0,-0.11780724396494961,-0.23554491727842622,0.0,0.027772115285283144,0.04164519755566698,0.0,7.093226463569878e-18,8.27242145685368e-18,0.0
62.88,"[0.06062, 0.0456, 0.4002604962611228]",0.0456,0.4002604962611228,-0.047021133509849294,-0.06952196586999236,0.0,0.14003657053070995,0.1902692989344813,0.0,0.004202177173203404,-0.03673590850671909,0.0,-0.11780724396494961,-0.23554491727842622,0.0,0.027772115285283144,0.04164519755566698,0.0,7.10190008094976e-18,8.27242145685368e-18,0.0
62.9,"[0.06062, 0.0456, 0.4002604962611228]",0.0456,0.4002604962611228,-0.047021133509849294,-0.06952196586999236,0.0,0.14003657053070995,0.1902692989344813,0.0,0.004202177173203404,-0.03673590850671909,0.0,-0.11780724396494961,-0.23554491727842622,0.0,0.027772115285283144,0.04164519755566698,0.0,7.101900080949762e-18,8.27242145685368e-18,0.0
62.92,"[0.06062, 0.0456, 0.39941889449636264]",0.0456,0.39941889449636264,-0.047021133509849294,-0.07123676758486434,0.0,0.14003657053070995,0.19420962296848107,0.0,0.004202177173203404,-0.040136424944925475,0.0,-0.11780724396494961,-0.24486366232248621,0.0,0.027772115285283144,0.04271785496555641,0.0,7.100165357473783e-18,8.374392547457738e-18,0.0
62.94,"[0.06062, 0.0456, 0.39941889449636264]",0.0456,0.39941889449636264,-0.047021133509849294,-0.07123676758486434,0.0,0.14003657053070995,0.19420962296848107,0.0,0.004202177173203404,-0.040136424944925475,0.0,-0.11780724396494961,-0.24486366232248621,0.0,0.027772115285283144,0.04271785496555641,0.0,7.10276744268775e-18,8.374392547457738e-18,0.0
62.96,"[0.06062, 0.0456, 0.3985483979976184]",0.0456,0.3985483979976184,-0.047021133509849294,-0.0729823086418714,0.0,0.14003657053070995,0.19823520937797445,0.0,0.004202177173203404,-0.043641106060536,0.0,-0.11780724396494961,-0.25440212228030595,0.0,0.027772115285283144,0.04381196898522703,0.0,7.09756327225982e-18,9.087201995358035e-18,0.0
62.98,"[0.06062, 0.0456, 0.3985483979976184]",0.0456,0.3985483979976184,-0.047021133509849294,-0.0729823086418714,0.0,0.14003657053070995,0.19823520937797445,0.0,0.004202177173203404,-0.043641106060536,0.0,-0.11780724396494961,-0.25440212228030595,0.0,0.027772115285283144,0.04381196898522703,0.0,7.096262229652835e-18,9.087201995358035e-18,0.0
63.0,"[0.06062, 0.0456, 0.3985483979976184]",0.0456,0.3985483979976184,-0.047021133509849294,-0.0729823086418714,0.0,0.14003657053070995,0.19823520937797445,0.0,0.004202177173203404,-0.043641106060536,0.0,-0.11780724396494961,-0.25440212228030595,0.0,0.027772115285283144,0.04381196898522703,0.0,7.091491740093896e-18,9.087201995358035e-18,0.0
63.02,"[0.06062, 0.0456, 0.3976498658398379]",0.0456,0.3976498658398379,-0.047021133509849294,-0.0747550747948319,0.0,0.14003657053070995,0.20233826773915006,0.0,0.004202177173203404,-0.04724560990190219,0.0,-0.11780724396494961,-0.2641442714967826,0.0,0.027772115285283144,0.044925446852790527,0.0,7.094093825307862e-18,9.222446439526156e-18,0.0
63.04,"[0.06062, 0.0456, 0.3976498658398379]",0.0456,0.3976498658398379,-0.047021133509849294,-0.0747550747948319,0.0,0.14003657053070995,0.20233826773915006,0.0,0.004202177173203404,-0.04724560990190219,0.0,-0.11780724396494961,-0.2641442714967826,0.0,0.027772115285283144,0.044925446852790527,0.0,7.094093825307863e-18,9.222446439526156e-18,0.0
63.06,"[0.06062, 0.0456, 0.3967241847657799]",0.0456,0.3967241847657799,-0.047021133509849294,-0.07655165548181447,0.0,0.14003657053070995,0.20651108710261554,0.0,0.004202177173203404,-0.05094555456905428,0.0,-0.11780724396494961,-0.27407433260954916,0.0,0.027772115285283144,0.04605624439090916,0.0,7.097563272259815e-18,8.740751803297052e-18,0.0
63.08,"[0.06062, 0.0456, 0.3967241847657799]",0.0456,0.3967241847657799,-0.047021133509849294,-0.07655165548181447,0.0,0.14003657053070995,0.20651108710261554,0.0,0.004202177173203404,-0.05094555456905428,0.0,-0.11780724396494961,-0.27407433260954916,0.0,0.027772115285283144,0.04605624439090916,0.0,7.09799695312881e-18,8.740751803297052e-18,0.0
63.1,"[0.06062, 0.0456, 0.3967241847657799]",0.0456,0.3967241847657799,-0.047021133509849294,-0.07655165548181447,0.0,0.14003657053070995,0.20651108710261554,0.0,0.004202177173203404,-0.05094555456905428,0.0,-0.11780724396494961,-0.27407433260954916,0.0,0.027772115285283144,0.04605624439090916,0.0,7.099297995735788e-18,8.740751803297052e-18,0.0
63.121,"[0.06062, 0.0456, 0.3957722683109056]",0.0456,0.3957722683109056,-0.047021133509849294,-0.07836874974282988,0.0,0.14003657053070995,0.21074605449911446,0.0,0.004202177173203404,-0.05473652669938951,0.0,-0.11780724396494961,-0.2841768059641866,0.0,0.027772115285283144,0.047202369811952936,0.0,7.094961187045843e-18,9.262642675056509e-18,0.0
63.14,"[0.06062, 0.0456, 0.3957722683109056]",0.0456,0.3957722683109056,-0.047021133509849294,-0.07836874974282988,0.0,0.14003657053070995,0.21074605449911446,0.0,0.004202177173203404,-0.05473652669938951,0.0,-0.11780724396494961,-0.2841768059641866,0.0,0.027772115285283144,0.047202369811952936,0.0,7.09626222965283e-18,9.262642675056509e-18,0.0
63.16,"[0.06062, 0.0456, 0.3947950559018297]",0.0456,0.3947950559018297,-0.047021133509849294,-0.08020317064590336,0.0,0.14003657053070995,0.2150356715121154,0.0,0.004202177173203404,-0.058614089303523555,0.0,-0.11780724396494961,-0.2944364938602221,0.0,0.027772115285283144,0.04836188673826796,0.0,7.102767442687742e-18,9.596947195964474e-18,0.0
63.18,"[0.06062, 0.0456, 0.3947950559018297]",0.0456,0.3947950559018297,-0.047021133509849294,-0.08020317064590336,0.0,0.14003657053070995,0.2150356715121154,0.0,0.004202177173203404,-0.058614089303523555,0.0,-0.11780724396494961,-0.2944364938602221,0.0,0.027772115285283144,0.04836188673826796,0.0,7.104502166163723e-18,9.596947195964474e-18,0.0
63.2,"[0.06062, 0.0456, 0.3947950559018297]",0.0456,0.3947950559018297,-0.047021133509849294,-0.08020317064590336,0.0,0.14003657053070995,0.2150356715121154,0.0,0.004202177173203404,-0.058614089303523555,0.0,-0.11780724396494961,-0.2944364938602221,0.0,0.027772115285283144,0.04836188673826796,0.0,7.108405293984671e-18,9.596947195964474e-18,0.0
63.22,"[0.06062, 0.0456, 0.3937935119292196]",0.0456,0.3937935119292196,-0.047021133509849294,-0.0820518483734382,0.0,0.14003657053070995,0.21937256902797644,0.0,0.004202177173203404,-0.06257378894677113,0.0,-0.11780724396494961,-0.30483852005517564,0.0,0.027772115285283144,0.0495329165114094,0.0,7.106236889639702e-18,9.964693796712933e-18,0.0
63.241,"[0.06062, 0.0456, 0.3937935119292196]",0.0456,0.3937935119292196,-0.047021133509849294,-0.0820518483734382,0.0,0.14003657053070995,0.21937256902797644,0.0,0.004202177173203404,-0.06257378894677113,0.0,-0.11780724396494961,-0.30483852005517564,0.0,0.027772115285283144,0.0495329165114094,0.0,7.109706336591655e-18,9.964693796712933e-18,0.0
63.26,"[0.06062, 0.0456, 0.39276862479605845]",0.0456,0.39276862479605845,-0.047021133509849294,-0.08391183211958128,0.0,0.14003657053070995,0.22374952028330544,0.0,0.004202177173203404,-0.06661116228004593,0.0,-0.11780724396494961,-0.31536834496286625,0.0,0.027772115285283144,0.05071363986440289,0.0,7.111007379198638e-18,9.782798535842066e-18,0.0
63.28,"[0.06062, 0.0456, 0.39276862479605845]",0.0456,0.39276862479605845,-0.047021133509849294,-0.08391183211958128,0.0,0.14003657053070995,0.22374952028330544,0.0,0.004202177173203404,-0.06661116228004593,0.0,-0.11780724396494961,-0.31536834496286625,0.0,0.027772115285283144,0.05071363986440289,0.0,7.111441060067632e-18,9.782798535842066e-18,0.0
63.3,"[0.06062, 0.0456, 0.39276862479605845]",0.0456,0.39276862479605845,-0.047021133509849294,-0.08391183211958128,0.0,0.14003657053070995,0.22374952028330544,0.0,0.004202177173203404,-0.06661116228004593,0.0,-0.11780724396494961,-0.31536834496286625,0.0,0.027772115285283144,0.05071363986440289,0.0,7.111441060067632e-18,9.782798535842066e-18,0.0
63.32,"[0.06062, 0.0456, 0.39172140594221067]",0.0456,0.39172140594221067,-0.047021133509849294,-0.08578029094502414,0.0,0.14003657053070995,0.22815945233424262,0.0,0.004202177173203404,-0.07072174193130047,0.0,-0.11780724396494961,-0.3260117769807745,0.0,0.027772115285283144,0.0519022980296818,0.0,7.112308421805617e-18,1.0680031796234837e-17,0.0
63.34,"[0.06062, 0.0456, 0.39172140594221067]",0.0456,0.39172140594221067,-0.047021133509849294,-0.08578029094502414,0.0,0.14003657053070995,0.22815945233424262,0.0,0.004202177173203404,-0.07072174193130047,0.0,-0.11780724396494961,-0.3260117769807745,0.0,0.027772115285283144,0.0519022980296818,0.0,7.11274210267461e-18,1.0680031796234837e-17,0.0
63.36,"[0.06062, 0.0456, 0.3906528888462526]",0.0456,0.3906528888462526,-0.047021133509849294,-0.08765451372901793,0.0,0.14003657053070995,0.23259545607420576,0.0,0.004202177173203404,-0.07490106177494146,0.0,-0.11780724396494961,-0.33675498037148965,0.0,0.027772115285283144,0.05309719335267491,0.0,7.11707891136455e-18,1.0949039008418517e-17,0.0
63.38,"[0.06062, 0.0456, 0.3906528888462526]",0.0456,0.3906528888462526,-0.047021133509849294,-0.08765451372901793,0.0,0.14003657053070995,0.23259545607420576,0.0,0.004202177173203404,-0.07490106177494146,0.0,-0.11780724396494961,-0.33675498037148965,0.0,0.027772115285283144,0.05309719335267491,0.0,7.118379953971534e-18,1.0949039008418517e-17,0.0
63.4,"[0.06062, 0.0456, 0.3906528888462526]",0.0456,0.3906528888462526,-0.047021133509849294,-0.08765451372901793,0.0,0.14003657053070995,0.23259545607420576,0.0,0.004202177173203404,-0.07490106177494146,0.0,-0.11780724396494961,-0.33675498037148965,0.0,0.027772115285283144,0.05309719335267491,0.0,7.123584124399462e-18,1.0949039008418517e-17,0.0
63.42,"[0.06062, 0.0456, 0.38956412800555434]",0.0456,0.38956412800555434,-0.047021133509849294,-0.08953190835003398,0.0,0.14003657053070995,0.23705079492574083,0.0,0.004202177173203404,-0.07914466160197897,0.0,-0.11780724396494961,-0.34758448010706594,0.0,0.027772115285283144,0.054296689477385425,0.0,7.124885167006444e-18,1.172302448036807e-17,0.0
63.44,"[0.06062, 0.0456, 0.38956412800555434]",0.0456,0.38956412800555434,-0.047021133509849294,-0.08953190835003398,0.0,0.14003657053070995,0.23705079492574083,0.0,0.004202177173203404,-0.07914466160197897,0.0,-0.11780724396494961,-0.34758448010706594,0.0,0.027772115285283144,0.054296689477385425,0.0,7.120548358316505e-18,1.172302448036807e-17,0.0
63.46,"[0.06062, 0.0456, 0.38845619789561797]",0.0456,0.38845619789561797,-0.047021133509849294,-0.09141000021698222,0.0,0.14003657053070995,0.2415189123289807,0.0,0.004202177173203404,-0.0834480912180266,0.0,-0.11780724396494961,-0.3584871640640896,0.0,0.027772115285283144,0.05549921116601792,0.0,7.123584124399462e-18,1.1692941764782074e-17,0.0
63.48,"[0.06062, 0.0456, 0.38845619789561797]",0.0456,0.38845619789561797,-0.047021133509849294,-0.09141000021698222,0.0,0.14003657053070995,0.2415189123289807,0.0,0.004202177173203404,-0.0834480912180266,0.0,-0.11780724396494961,-0.3584871640640896,0.0,0.027772115285283144,0.05549921116601792,0.0,7.122716762661474e-18,1.1692941764782074e-17,0.0
63.5,"[0.06062, 0.0456, 0.38845619789561797]",0.0456,0.38845619789561797,-0.047021133509849294,-0.09141000021698222,0.0,0.14003657053070995,0.2415189123289807,0.0,0.004202177173203404,-0.0834480912180266,0.0,-0.11780724396494961,-0.3584871640640896,0.0,0.027772115285283144,0.05549921116601792,0.0,7.123584124399462e-18,1.1692941764782074e-17,0.0
63.52,"[0.06062, 0.0456, 0.38733019190970003]",0.0456,0.38733019190970003,-0.047021133509849294,-0.09328643026271016,0.0,0.14003657053070995,0.24599343814430774,0.0,0.004202177173203404,-0.0878069139997242,0.0,-0.11780724396494961,-0.3694502829328702,0.0,0.027772115285283144,0.05670324380998011,0.0,7.125318847875439e-18,1.1605068508479738e-17,0.0
63.54,"[0.06062, 0.0456, 0.38733019190970003]",0.0456,0.38733019190970003,-0.047021133509849294,-0.09328643026271016,0.0,0.14003657053070995,0.24599343814430774,0.0,0.004202177173203404,-0.0878069139997242,0.0,-0.11780724396494961,-0.3694502829328702,0.0,0.027772115285283144,0.05670324380998011,0.0,7.122716762661472e-18,1.1605068508479738e-17,0.0
63.56,"[0.06062, 0.0456, 0.38618722127976424]",0.0456,0.38618722127976424,-0.047021133509849294,-0.09515895250101175,0.0,0.14003657053070995,0.2504681940805512,0.0,0.004202177173203404,-0.09221670994278292,0.0,-0.11780724396494961,-0.38046144817764366,0.0,0.027772115285283144,0.057907332684634966,0.0,7.129221975696384e-18,1.1833271312087807e-17,0.0
63.58,"[0.06062, 0.0456, 0.38618722127976424]",0.0456,0.38618722127976424,-0.047021133509849294,-0.09515895250101175,0.0,0.14003657053070995,0.2504681940805512,0.0,0.004202177173203404,-0.09221670994278292,0.0,-0.11780724396494961,-0.38046144817764366,0.0,0.027772115285283144,0.057907332684634966,0.0,7.123150443530465e-18,1.1833271312087807e-17,0.0
63.6,"[0.06062, 0.0456, 0.38618722127976424]",0.0456,0.38618722127976424,-0.047021133509849294,-0.09515895250101175,0.0,0.14003657053070995,0.2504681940805512,0.0,0.004202177173203404,-0.09221670994278292,0.0,-0.11780724396494961,-0.38046144817764366,0.0,0.027772115285283144,0.057907332684634966,0.0,7.12705357135141e-18,1.1833271312087807e-17,0.0
63.62,"[0.06062, 0.0456, 0.38502841397982984]",0.0456,0.38502841397982984,-0.047021133509849294,-0.09702543123790001,0.0,0.14003657053070995,0.25493719825278993,0.0,0.004202177173203404,-0.09667307823674126,0.0,-0.11780724396494961,-0.3915086283570354,0.0,0.027772115285283144,0.059110081995147196,0.0,7.121849400923477e-18,1.150249844495677e-17,0.0
63.64,"[0.06062, 0.0456, 0.38502841397982984]",0.0456,0.38502841397982984,-0.047021133509849294,-0.09702543123790001,0.0,0.14003657053070995,0.25493719825278993,0.0,0.004202177173203404,-0.09667307823674126,0.0,-0.11780724396494961,-0.3915086283570354,0.0,0.027772115285283144,0.059110081995147196,0.0,7.125318847875431e-18,1.150249844495677e-17,0.0
63.66,"[0.06062, 0.0456, 0.38385491361279733]",0.0456,0.38385491361279733,-0.047021133509849294,-0.0988838380176685,0.0,0.14003657053070995,0.2593946689658971,0.0,0.004202177173203404,-0.10117163940275543,0.0,-0.11780724396494961,-0.4025801440860972,0.0,0.027772115285283144,0.060310153755802794,0.0,7.123584124399454e-18,1.0774120509961009e-17,0.0
63.68,"[0.06062, 0.0456, 0.38385491361279733]",0.0456,0.38385491361279733,-0.047021133509849294,-0.0988838380176685,0.0,0.14003657053070995,0.2593946689658971,0.0,0.004202177173203404,-0.10117163940275543,0.0,-0.11780724396494961,-0.4025801440860972,0.0,0.027772115285283144,0.060310153755802794,0.0,7.122716762661469e-18,1.0774120509961009e-17,0.0
63.7,"[0.06062, 0.0456, 0.38266787828185056]",0.0456,0.38266787828185056,-0.047021133509849294,-0.0988838380176685,0.0,0.14003657053070995,0.2593946689658971,0.0,0.004202177173203404,-0.10117163940275543,0.0,-0.11780724396494961,-0.4025801440860972,0.0,0.027772115285283144,0.060310153755802794,0.0,7.120114677447502e-18,1.0774120509961009e-17,0.0
63.72,"[0.06062, 0.0456, 0.38266787828185056]",0.0456,0.38266787828185056,-0.047021133509849294,-0.10073224837447584,0.0,0.14003657053070995,0.26383502781161466,0.0,0.004202177173203404,-0.10570803703143244,0.0,-0.11780724396494961,-0.4136646618936761,0.0,0.027772115285283144,0.06150626654035047,0.0,7.120548358316496e-18,1.0438813970323921e-17,0.0
63.74,"[0.06062, 0.0456, 0.38266787828185056]",0.0456,0.38266787828185056,-0.047021133509849294,-0.10073224837447584,0.0,0.14003657053070995,0.26383502781161466,0.0,0.004202177173203404,-0.10570803703143244,0.0,-0.11780724396494961,-0.4136646618936761,0.0,0.027772115285283144,0.06150626654035047,0.0,7.124017805268446e-18,1.0438813970323921e-17,0.0
63.76,"[0.06062, 0.0456, 0.3814443734731708]",0.0456,0.3814443734731708,-0.047021133509849294,-0.10260600188162736,0.0,0.14003657053070995,0.26834245893250225,0.0,0.004202177173203404,-0.11037006769340894,0.0,-0.11780724396494961,-0.424975069398046,0.0,0.027772115285283144,0.06272126483129871,0.0,7.119680996578505e-18,9.937654691685182e-18,0.0
63.78,"[0.06062, 0.0456, 0.3814443734731708]",0.0456,0.3814443734731708,-0.047021133509849294,-0.10260600188162736,0.0,0.14003657053070995,0.26834245893250225,0.0,0.004202177173203404,-0.11037006769340894,0.0,-0.11780724396494961,-0.424975069398046,0.0,0.027772115285283144,0.06272126483129871,0.0,7.11707891136454e-18,9.937654691685182e-18,0.0
63.8,"[0.06062, 0.0456, 0.3814443734731708]",0.0456,0.3814443734731708,-0.047021133509849294,-0.10260600188162736,0.0,0.14003657053070995,0.26834245893250225,0.0,0.004202177173203404,-0.11037006769340894,0.0,-0.11780724396494961,-0.424975069398046,0.0,0.027772115285283144,0.06272126483129871,0.0,7.116645230495546e-18,9.937654691685182e-18,0.0
63.82,"[0.06062, 0.0456, 0.380257900771736]",0.0456,0.380257900771736,-0.047021133509849294,-0.10439139247656377,0.0,0.14003657053070995,0.27264160031396284,0.0,0.004202177173203404,-0.11487648856325237,0.0,-0.11780724396494961,-0.43582698781145496,0.0,0.027772115285283144,0.06388149288302195,0.0,7.119680996578503e-18,1.0267310035658695e-17,0.0
63.84,"[0.06062, 0.0456, 0.380257900771736]",0.0456,0.380257900771736,-0.047021133509849294,-0.10439139247656377,0.0,0.14003657053070995,0.27264160031396284,0.0,0.004202177173203404,-0.11487648856325237,0.0,-0.11780724396494961,-0.43582698781145496,0.0,0.027772115285283144,0.06388149288302195,0.0,7.114910507019567e-18,1.0267310035658695e-17,0.0
63.86,"[0.06062, 0.0456, 0.3790373369494106]",0.0456,0.3790373369494106,-0.047021133509849294,-0.10619974959128035,0.0,0.14003657053070995,0.2770007508776949,0.0,0.004202177173203404,-0.11950105314169705,0.0,-0.11780724396494961,-0.4468879485165612,0.0,0.027772115285283144,0.06505886429313773,0.0,7.111441060067614e-18,1.01489871663379e-17,0.0
63.88,"[0.06062, 0.0456, 0.3790373369494106]",0.0456,0.3790373369494106,-0.047021133509849294,-0.10619974959128035,0.0,0.14003657053070995,0.2770007508776949,0.0,0.004202177173203404,-0.11950105314169705,0.0,-0.11780724396494961,-0.4468879485165612,0.0,0.027772115285283144,0.06505886429313773,0.0,7.106670570508681e-18,1.01489871663379e-17,0.0
63.9,"[0.06062, 0.0456, 0.3790373369494106]",0.0456,0.3790373369494106,-0.047021133509849294,-0.10619974959128035,0.0,0.14003657053070995,0.2770007508776949,0.0,0.004202177173203404,-0.11950105314169705,0.0,-0.11780724396494961,-0.4468879485165612,0.0,0.027772115285283144,0.06505886429313773,0.0,7.109272655722643e-18,1.01489871663379e-17,0.0
63.92,"[0.06062, 0.0456, 0.3778079925297046]",0.0456,0.3778079925297046,-0.047021133509849294,-0.10799088879683269,0.0,0.14003657053070995,0.28132101122229436,0.0,0.004202177173203404,-0.1241457310125786,0.0,-0.11780724396494961,-0.4579177853141482,0.0,0.027772115285283144,0.06622740460814175,0.0,7.110573698329629e-18,9.890665651255207e-18,0.0
63.94,"[0.06062, 0.0456, 0.3778079925297046]",0.0456,0.3778079925297046,-0.047021133509849294,-0.10799088879683269,0.0,0.14003657053070995,0.28132101122229436,0.0,0.004202177173203404,-0.1241457310125786,0.0,-0.11780724396494961,-0.4579177853141482,0.0,0.027772115285283144,0.06622740460814175,0.0,7.112742102674598e-18,9.890665651255207e-18,0.0
63.96,"[0.06062, 0.0456, 0.37657108072713974]",0.0456,0.37657108072713974,-0.047021133509849294,-0.10976384971863949,0.0,0.14003657053070995,0.2855993956258902,0.0,0.004202177173203404,-0.12880685128016214,0.0,-0.11780724396494961,-0.468908894079895,0.0,0.027772115285283144,0.06738638341687671,0.0,7.111874740936613e-18,1.0610019059401289e-17,0.0
63.98,"[0.06062, 0.0456, 0.37657108072713974]",0.0456,0.37657108072713974,-0.047021133509849294,-0.10976384971863949,0.0,0.14003657053070995,0.2855993956258902,0.0,0.004202177173203404,-0.12880685128016214,0.0,-0.11780724396494961,-0.468908894079895,0.0,0.027772115285283144,0.06738638341687671,0.0,7.109706336591646e-18,1.0610019059401289e-17,0.0
64.0,"[0.06062, 0.0456, 0.37657108072713974]",0.0456,0.37657108072713974,-0.047021133509849294,-0.10976384971863949,0.0,0.14003657053070995,0.2855993956258902,0.0,0.004202177173203404,-0.12880685128016214,0.0,-0.11780724396494961,-0.468908894079895,0.0,0.027772115285283144,0.06738638341687671,0.0,7.106670570508686e-18,1.0610019059401289e-17,0.0
64.02,"[0.06062, 0.0456, 0.375327822224331]",0.0456,0.375327822224331,-0.047021133509849294,-0.11151725854892514,0.0,0.14003657053070995,0.2898315718013224,0.0,0.004202177173203404,-0.133480210210334,0.0,-0.11780724396494961,-0.479851837048078,0.0,0.027772115285283144,0.06853482360997788,0.0,7.103634804425724e-18,1.0734131107231414e-17,0.0
64.04,"[0.06062, 0.0456, 0.375327822224331]",0.0456,0.375327822224331,-0.047021133509849294,-0.11151725854892514,0.0,0.14003657053070995,0.2898315718013224,0.0,0.004202177173203404,-0.133480210210334,0.0,-0.11780724396494961,-0.479851837048078,0.0,0.027772115285283144,0.06853482360997788,0.0,7.102767442687738e-18,1.0734131107231414e-17,0.0
64.06,"[0.06062, 0.0456, 0.3740794439673202]",0.0456,0.3740794439673202,-0.047021133509849294,-0.11324982235734067,0.0,0.14003657053070995,0.2940134280000426,0.0,0.004202177173203404,-0.13816163568244166,0.0,-0.11780724396494961,-0.49073747903858767,0.0,0.027772115285283144,0.06967179977522886,0.0,7.096695910521818e-18,1.0589821756124354e-17,0.0
64.08,"[0.06062, 0.0456, 0.3740794439673202]",0.0456,0.3740794439673202,-0.047021133509849294,-0.11324982235734067,0.0,0.14003657053070995,0.2940134280000426,0.0,0.004202177173203404,-0.13816163568244166,0.0,-0.11780724396494961,-0.49073747903858767,0.0,0.027772115285283144,0.06967179977522886,0.0,7.10146640008075e-18,1.0589821756124354e-17,0.0
64.101,"[0.06062, 0.0456, 0.3728271779547285]",0.0456,0.3728271779547285,-0.047021133509849294,-0.11496032494425629,0.0,0.14003657053070995,0.29814106352020714,0.0,0.004202177173203404,-0.14284698248040323,0.0,-0.11780724396494961,-0.5015569640570285,0.0,0.027772115285283144,0.07079643151151017,0.0,7.09843063399779e-18,1.0982318421026384e-17,0.0
64.12,"[0.06062, 0.0456, 0.3728271779547285]",0.0456,0.3728271779547285,-0.047021133509849294,-0.11496032494425629,0.0,0.14003657053070995,0.29814106352020714,0.0,0.004202177173203404,-0.14284698248040323,0.0,-0.11780724396494961,-0.5015569640570285,0.0,0.027772115285283144,0.07079643151151017,0.0,7.099297995735781e-18,1.0982318421026384e-17,0.0
64.14,"[0.06062, 0.0456, 0.3728271779547285]",0.0456,0.3728271779547285,-0.047021133509849294,-0.11496032494425629,0.0,0.14003657053070995,0.29814106352020714,0.0,0.004202177173203404,-0.14284698248040323,0.0,-0.11780724396494961,-0.5015569640570285,0.0,0.027772115285283144,0.07079643151151017,0.0,7.098864314866787e-18,1.0982318421026384e-17,0.0
64.16,"[0.06062, 0.0456, 0.37157226002192234]",0.0456,0.37157226002192234,-0.047021133509849294,-0.11664762373147837,0.0,0.14003657053070995,0.30221078828837444,0.0,0.004202177173203404,-0.1475321320637211,0.0,-0.11780724396494961,-0.5123017068075809,0.0,0.027772115285283144,0.07190788207619632,0.0,7.097563272259804e-18,1.0490179570424528e-17,0.0
64.18,"[0.06062, 0.0456, 0.37157226002192234]",0.0456,0.37157226002192234,-0.047021133509849294,-0.11664762373147837,0.0,0.14003657053070995,0.30221078828837444,0.0,0.004202177173203404,-0.1475321320637211,0.0,-0.11780724396494961,-0.5123017068075809,0.0,0.027772115285283144,0.07190788207619632,0.0,7.095828548783825e-18,1.0490179570424528e-17,0.0
64.2,"[0.06062, 0.0456, 0.37157226002192234]",0.0456,0.37157226002192234,-0.047021133509849294,-0.11664762373147837,0.0,0.14003657053070995,0.30221078828837444,0.0,0.004202177173203404,-0.1475321320637211,0.0,-0.11780724396494961,-0.5123017068075809,0.0,0.027772115285283144,0.07190788207619632,0.0,7.09409382530785e-18,1.0490179570424528e-17,0.0
64.22,"[0.06062, 0.0456, 0.37031592862139345]",0.0456,0.37031592862139345,-0.047021133509849294,-0.11831064675366315,0.0,0.14003657053070995,0.30621912212397806,0.0,0.004202177173203404,-0.1522129922465496,0.0,-0.11780724396494961,-0.5229633843124128,0.0,0.027772115285283144,0.07300535704462725,0.0,7.093660144438856e-18,9.947000424372182e-18,0.0
64.241,"[0.06062, 0.0456, 0.37031592862139345]",0.0456,0.37031592862139345,-0.047021133509849294,-0.11831064675366315,0.0,0.14003657053070995,0.30621912212397806,0.0,0.004202177173203404,-0.1522129922465496,0.0,-0.11780724396494961,-0.5229633843124128,0.0,0.027772115285283144,0.07300535704462725,0.0,7.08888965487992e-18,9.947000424372182e-18,0.0
64.26,"[0.06062, 0.0456, 0.3690594236005553]",0.0456,0.3690594236005553,-0.047021133509849294,-0.11994838976817204,0.0,0.14003657053070995,0.31016279376805084,0.0,0.004202177173203404,-0.15688549684351666,0.0,-0.11780724396494961,-0.5335339277896354,0.0,0.027772115285283144,0.07408810301547761,0.0,7.091491740093887e-18,1.0249372220714291e-17,0.0
64.28,"[0.06062, 0.0456, 0.3690594236005553]",0.0456,0.3690594236005553,-0.047021133509849294,-0.11994838976817204,0.0,0.14003657053070995,0.31016279376805084,0.0,0.004202177173203404,-0.15688549684351666,0.0,-0.11780724396494961,-0.5335339277896354,0.0,0.027772115285283144,0.07408810301547761,0.0,7.084552846189977e-18,1.0249372220714291e-17,0.0
64.3,"[0.06062, 0.0456, 0.3690594236005553]",0.0456,0.3690594236005553,-0.047021133509849294,-0.11994838976817204,0.0,0.14003657053070995,0.31016279376805084,0.0,0.004202177173203404,-0.15688549684351666,0.0,-0.11780724396494961,-0.5335339277896354,0.0,0.027772115285283144,0.07408810301547761,0.0,7.082384441845008e-18,1.0249372220714291e-17,0.0
64.32,"[0.06062, 0.0456, 0.36780398497816397]",0.0456,0.36780398497816397,-0.047021133509849294,-0.1215599134853694,0.0,0.14003657053070995,0.3140387396799415,0.0,0.004202177173203404,-0.1615456053087075,0.0,-0.11780724396494961,-0.5440055148245255,0.0,0.027772115285283144,0.07515540636347624,0.0,7.082384441845008e-18,1.0545101697278983e-17,0.0
64.34,"[0.06062, 0.0456, 0.36780398497816397]",0.0456,0.36780398497816397,-0.047021133509849294,-0.1215599134853694,0.0,0.14003657053070995,0.3140387396799415,0.0,0.004202177173203404,-0.1615456053087075,0.0,-0.11780724396494961,-0.5440055148245255,0.0,0.027772115285283144,0.07515540636347624,0.0,7.084119165320989e-18,1.0545101697278983e-17,0.0
64.36,"[0.06062, 0.0456, 0.3665508517205686]",0.0456,0.3665508517205686,-0.047021133509849294,-0.12314434091915559,0.0,0.14003657053070995,0.3178441026022514,0.0,0.004202177173203404,-0.1661893023932681,0.0,-0.11780724396494961,-0.554370561860868,0.0,0.027772115285283144,0.07620659203985107,0.0,7.09149174009389e-18,1.0106480719541355e-17,0.0
64.38,"[0.06062, 0.0456, 0.3665508517205686]",0.0456,0.3665508517205686,-0.047021133509849294,-0.12314434091915559,0.0,0.14003657053070995,0.3178441026022514,0.0,0.004202177173203404,-0.1661893023932681,0.0,-0.11780724396494961,-0.554370561860868,0.0,0.027772115285283144,0.07620659203985107,0.0,7.09452750617685e-18,1.0106480719541355e-17,0.0
64.4,"[0.06062, 0.0456, 0.3665508517205686]",0.0456,0.3665508517205686,-0.047021133509849294,-0.12314434091915559,0.0,0.14003657053070995,0.3178441026022514,0.0,0.004202177173203404,-0.1661893023932681,0.0,-0.11780724396494961,-0.554370561860868,0.0,0.027772115285283144,0.07620659203985107,0.0,7.095394867914838e-18,1.0106480719541355e-17,0.0
64.42,"[0.06062, 0.0456, 0.3653012605190019]",0.0456,0.3653012605190019,-0.047021133509849294,-0.12470085485560047,0.0,0.14003657053070995,0.3215762298907172,0.0,0.004202177173203404,-0.17081259784593816,0.0,-0.11780724396494961,-0.5646217170317293,0.0,0.027772115285283144,0.07724102241973117,0.0,7.098430633997798e-18,1.0156644164120365e-17,0.0
64.44,"[0.06062, 0.0456, 0.3653012605190019]",0.0456,0.3653012605190019,-0.047021133509849294,-0.12470085485560047,0.0,0.14003657053070995,0.3215762298907172,0.0,0.004202177173203404,-0.17081259784593816,0.0,-0.11780724396494961,-0.5646217170317293,0.0,0.027772115285283144,0.07724102241973117,0.0,7.100599038342764e-18,1.0156644164120365e-17,0.0
64.46,"[0.06062, 0.0456, 0.36405644456911485]",0.0456,0.36405644456911485,-0.047021133509849294,-0.1262286954359171,0.0,0.14003657053070995,0.3252326716027461,0.0,0.004202177173203404,-0.17541152617969571,0.0,-0.11780724396494961,-0.5747518533424009,0.0,0.027772115285283144,0.078258096194766,0.0,7.096262229652821e-18,1.015661380888171e-17,0.0
64.48,"[0.06062, 0.0456, 0.36405644456911485]",0.0456,0.36405644456911485,-0.047021133509849294,-0.1262286954359171,0.0,0.14003657053070995,0.3252326716027461,0.0,0.004202177173203404,-0.17541152617969571,0.0,-0.11780724396494961,-0.5747518533424009,0.0,0.027772115285283144,0.078258096194766,0.0,7.085853888796962e-18,1.015661380888171e-17,0.0
64.5,"[0.06062, 0.0456, 0.36405644456911485]",0.0456,0.36405644456911485,-0.047021133509849294,-0.1262286954359171,0.0,0.14003657053070995,0.3252326716027461,0.0,0.004202177173203404,-0.17541152617969571,0.0,-0.11780724396494961,-0.5747518533424009,0.0,0.027772115285283144,0.078258096194766,0.0,7.087154931403944e-18,1.015661380888171e-17,0.0
64.52,"[0.06062, 0.0456, 0.36281763235396153]",0.0456,0.36281763235396153,-0.047021133509849294,-0.12772715784867325,0.0,0.14003657053070995,0.3288111783357771,0.0,0.004202177173203404,-0.1799821465265858,0.0,-0.11780724396494961,-0.5847540622125588,0.0,0.027772115285283144,0.07925724730839401,0.0,7.088889654879922e-18,1.0420405078340924e-17,0.0
64.54,"[0.06062, 0.0456, 0.36281763235396153]",0.0456,0.36281763235396153,-0.047021133509849294,-0.12772715784867325,0.0,0.14003657053070995,0.3288111783357771,0.0,0.004202177173203404,-0.1799821465265858,0.0,-0.11780724396494961,-0.5847540622125588,0.0,0.027772115285283144,0.07925724730839401,0.0,7.092359101831875e-18,1.0420405078340924e-17,0.0
64.56,"[0.06062, 0.0456, 0.3615860464316347]",0.0456,0.3615860464316347,-0.047021133509849294,-0.12919559012504045,0.0,0.14003657053070995,0.33230969880459393,0.0,0.004202177173203404,-0.1845205426017004,0.0,-0.11780724396494961,-0.5946216473797824,0.0,0.027772115285283144,0.08023794393050952,0.0,7.094093825307851e-18,1.0675425561220079e-17,0.0
64.58,"[0.06062, 0.0456, 0.3615860464316347]",0.0456,0.3615860464316347,-0.047021133509849294,-0.12919559012504045,0.0,0.14003657053070995,0.33230969880459393,0.0,0.004202177173203404,-0.1845205426017004,0.0,-0.11780724396494961,-0.5946216473797824,0.0,0.027772115285283144,0.08023794393050952,0.0,7.092359101831875e-18,1.0675425561220079e-17,0.0
64.6,"[0.06062, 0.0456, 0.3615860464316347]",0.0456,0.3615860464316347,-0.047021133509849294,-0.12919559012504045,0.0,0.14003657053070995,0.33230969880459393,0.0,0.004202177173203404,-0.1845205426017004,0.0,-0.11780724396494961,-0.5946216473797824,0.0,0.027772115285283144,0.08023794393050952,0.0,7.090190697486904e-18,1.0675425561220079e-17,0.0
64.62,"[0.06062, 0.0456, 0.36036290222874856]",0.0456,0.36036290222874856,-0.047021133509849294,-0.1306333910300082,0.0,0.14003657053070995,0.3357263771451084,0.0,0.004202177173203404,-0.18902282279616509,0.0,-0.11780724396494961,-0.6043481191623599,0.0,0.027772115285283144,0.08119968746770534,0.0,7.086287569665956e-18,1.0450882329468506e-17,0.0
64.64,"[0.06062, 0.0456, 0.36036290222874856]",0.0456,0.36036290222874856,-0.047021133509849294,-0.1306333910300082,0.0,0.14003657053070995,0.3357263771451084,0.0,0.004202177173203404,-0.18902282279616509,0.0,-0.11780724396494961,-0.6043481191623599,0.0,0.027772115285283144,0.08119968746770534,0.0,7.08672125053495e-18,1.0450882329468506e-17,0.0
64.66,"[0.06062, 0.0456, 0.35914940684095925]",0.0456,0.35914940684095925,-0.047021133509849294,-0.13204000804181293,0.0,0.14003657053070995,0.3390595499310073,0.0,0.004202177173203404,-0.19348512041785887,0.0,-0.11780724396494961,-0.6139271890757311,0.0,0.027772115285283144,0.08214201160482999,0.0,7.08888965487992e-18,1.0393662271632882e-17,0.0
64.68,"[0.06062, 0.0456, 0.35914940684095925]",0.0456,0.35914940684095925,-0.047021133509849294,-0.13204000804181293,0.0,0.14003657053070995,0.3390595499310073,0.0,0.004202177173203404,-0.19348512041785887,0.0,-0.11780724396494961,-0.6139271890757311,0.0,0.027772115285283144,0.08214201160482999,0.0,7.083251803582996e-18,1.0393662271632882e-17,0.0
64.7,"[0.06062, 0.0456, 0.35914940684095925]",0.0456,0.35914940684095925,-0.047021133509849294,-0.13204000804181293,0.0,0.14003657053070995,0.3390595499310073,0.0,0.004202177173203404,-0.19348512041785887,0.0,-0.11780724396494961,-0.6139271890757311,0.0,0.027772115285283144,0.08214201160482999,0.0,7.085420207927964e-18,1.0393662271632882e-17,0.0
64.72,"[0.06062, 0.0456, 0.35794675784170754]",0.0456,0.35794675784170754,-0.047021133509849294,-0.13341493541134383,0.0,0.14003657053070995,0.3423077428889634,0.0,0.004202177173203404,-0.19790359409744274,0.0,-0.11780724396494961,-0.62335276479391,0.0,0.027772115285283144,0.0830644813732504,0.0,7.087588612272934e-18,1.0265831467872292e-17,0.0
64.74,"[0.06062, 0.0456, 0.35794675784170754]",0.0456,0.35794675784170754,-0.047021133509849294,-0.13341493541134383,0.0,0.14003657053070995,0.3423077428889634,0.0,0.004202177173203404,-0.19790359409744274,0.0,-0.11780724396494961,-0.62335276479391,0.0,0.027772115285283144,0.0830644813732504,0.0,7.091925420962873e-18,1.0265831467872292e-17,0.0
64.76,"[0.06062, 0.0456, 0.3567561421003581]",0.0456,0.3567561421003581,-0.047021133509849294,-0.13475771229295386,0.0,0.14003657053070995,0.3454696672978678,0.0,0.004202177173203404,-0.20227442837606474,0.0,-0.11780724396494961,-0.632618945444701,0.0,0.027772115285283144,0.08396669224097636,0.0,7.093226463569855e-18,1.0210588758328853e-17,0.0
64.78,"[0.06062, 0.0456, 0.3567561421003581]",0.0456,0.3567561421003581,-0.047021133509849294,-0.13475771229295386,0.0,0.14003657053070995,0.3454696672978678,0.0,0.004202177173203404,-0.20227442837606474,0.0,-0.11780724396494961,-0.632618945444701,0.0,0.027772115285283144,0.08396669224097636,0.0,7.091925420962873e-18,1.0210588758328853e-17,0.0
64.8,"[0.06062, 0.0456, 0.3567561421003581]",0.0456,0.3567561421003581,-0.047021133509849294,-0.13475771229295386,0.0,0.14003657053070995,0.3454696672978678,0.0,0.004202177173203404,-0.20227442837606474,0.0,-0.11780724396494961,-0.632618945444701,0.0,0.027772115285283144,0.08396669224097636,0.0,7.096262229652812e-18,1.0210588758328853e-17,0.0
64.82,"[0.06062, 0.0456, 0.3555787346109029]",0.0456,0.3555787346109029,-0.047021133509849294,-0.13606792093792783,0.0,0.14003657053070995,0.34854421605772384,0.0,0.004202177173203404,-0.2065938344898608,0.0,-0.11780724396494961,-0.6417200172254667,0.0,0.027772115285283144,0.08484826921965391,0.0,7.097996953128783e-18,1.0014119863548892e-17,0.0
64.84,"[0.06062, 0.0456, 0.3555787346109029]",0.0456,0.3555787346109029,-0.047021133509849294,-0.13606792093792783,0.0,0.14003657053070995,0.34854421605772384,0.0,0.004202177173203404,-0.2065938344898608,0.0,-0.11780724396494961,-0.6417200172254667,0.0,0.027772115285283144,0.08484826921965391,0.0,7.095394867914818e-18,1.0014119863548892e-17,0.0
64.862,"[0.06062, 0.0456, 0.35441569733238387]",0.0456,0.35441569733238387,-0.047021133509849294,-0.13734518494181713,0.0,0.14003657053070995,0.3515304594144454,0.0,0.004202177173203404,-0.21085805136504068,0.0,-0.11780724396494961,-0.6506504493245296,0.0,0.027772115285283144,0.08570886598337522,0.0,7.098430633997773e-18,9.760660446836745e-18,0.0
64.88,"[0.06062, 0.0456, 0.35441569733238387]",0.0456,0.35441569733238387,-0.047021133509849294,-0.13734518494181713,0.0,0.14003657053070995,0.3515304594144454,0.0,0.004202177173203404,-0.21085805136504068,0.0,-0.11780724396494961,-0.6506504493245296,0.0,0.027772115285283144,0.08570886598337522,0.0,7.095828548783808e-18,9.760660446836745e-18,0.0
64.9,"[0.06062, 0.0456, 0.35441569733238387]",0.0456,0.35441569733238387,-0.047021133509849294,-0.13734518494181713,0.0,0.14003657053070995,0.3515304594144454,0.0,0.004202177173203404,-0.21085805136504068,0.0,-0.11780724396494961,-0.6506504493245296,0.0,0.027772115285283144,0.08570886598337522,0.0,7.095828548783805e-18,9.760660446836745e-18,0.0
64.92,"[0.06062, 0.0456, 0.3532681780421797]",0.0456,0.3532681780421797,-0.047021133509849294,-0.1385891675369355,0.0,0.14003657053070995,0.3544276403278286,0.0,0.004202177173203404,-0.2150633468359474,0.0,-0.11780724396494961,-0.6594048901319957,0.0,0.027772115285283144,0.08654816399428254,0.0,7.09929799573576e-18,9.653072501832147e-18,0.0
64.94,"[0.06062, 0.0456, 0.3532681780421797]",0.0456,0.3532681780421797,-0.047021133509849294,-0.1385891675369355,0.0,0.14003657053070995,0.3544276403278286,0.0,0.0042021771732034035,-0.2150633468359474,0.0,-0.11780724396494961,-0.6594048901319957,0.0,0.027772115285283144,0.08654816399428254,0.0,7.104935847032684e-18,9.653072501832147e-18,0.0
64.96,"[0.06062, 0.0456, 0.35213730920328806]",0.0456,0.35213730920328806,-0.047021133509849294,-0.13979956992151538,0.0,0.14003657053070995,0.35723516947137357,0.0,0.0042021771732034035,-0.2192060190969808,0.0,-0.11780724396494961,-0.6679781637228049,0.0,0.027772115285283144,0.08736587163004418,0.0,7.107537932246649e-18,9.675809262087721e-18,0.0
64.98,"[0.06062, 0.0456, 0.35213730920328806]",0.0456,0.35213730920328806,-0.047021133509849294,-0.13979956992151538,0.0,0.14003657053070995,0.35723516947137357,0.0,0.0042021771732034035,-0.2192060190969808,0.0,-0.11780724396494961,-0.6679781637228049,0.0,0.027772115285283144,0.08736587163004418,0.0,7.1036348044257e-18,9.675809262087721e-18,0.0
65.0,"[0.06062, 0.0456, 0.35213730920328806]",0.0456,0.35213730920328806,-0.047021133509849294,-0.13979956992151538,0.0,0.14003657053070995,0.35723516947137357,0.0,0.0042021771732034035,-0.2192060190969808,0.0,-0.11780724396494961,-0.6679781637228049,0.0,0.027772115285283144,0.08736587163004418,0.0,7.098864314866764e-18,9.675809262087721e-18,0.0
65.02,"[0.06062, 0.0456, 0.35102420684672164]",0.0456,0.35102420684672164,-0.047021133509849294,-0.14097612961733166,0.0,0.14003657053070995,0.35995261985443655,0.0,0.0042021771732034035,-0.22328239839767833,0.0,-0.11780724396494961,-0.6763652665941304,0.0,0.027772115285283144,0.08816172330846812,0.0,7.099731676604753e-18,9.572335442383647e-18,0.0
65.04,"[0.06062, 0.0456, 0.35102420684672164]",0.0456,0.35102420684672164,-0.047021133509849294,-0.14097612961733166,0.0,0.14003657053070995,0.35995261985443655,0.0,0.0042021771732034035,-0.22328239839767833,0.0,-0.11780724396494961,-0.6763652665941304,0.0,0.027772115285283144,0.08816172330846812,0.0,7.100165357473746e-18,9.572335442383647e-18,0.0
65.06,"[0.06062, 0.0456, 0.34992996947011984]",0.0456,0.34992996947011984,-0.047021133509849294,-0.1421186188480205,0.0,0.14003657053070995,0.3625797210593624,0.0,0.0042021771732034035,-0.22728884898854343,0.0,-0.11780724396494961,-0.6845613646388352,0.0,0.027772115285283144,0.08893547860476668,0.0,7.100165357473746e-18,9.417769590818545e-18,0.0
65.08,"[0.06062, 0.0456, 0.34992996947011984]",0.0456,0.34992996947011984,-0.047021133509849294,-0.1421186188480205,0.0,0.14003657053070995,0.3625797210593624,0.0,0.0042021771732034035,-0.22728884898854343,0.0,-0.11780724396494961,-0.6845613646388352,0.0,0.027772115285283144,0.08893547860476668,0.0,7.10233376181872e-18,9.417769590818545e-18,0.0
65.1,"[0.06062, 0.0456, 0.34992996947011984]",0.0456,0.34992996947011984,-0.047021133509849294,-0.1421186188480205,0.0,0.14003657053070995,0.3625797210593624,0.0,0.0042021771732034035,-0.22728884898854343,0.0,-0.11780724396494961,-0.6845613646388352,0.0,0.027772115285283144,0.08893547860476668,0.0,7.105369527901678e-18,9.417769590818545e-18,0.0
65.12,"[0.06062, 0.0456, 0.3488556769536645]",0.0456,0.3488556769536645,-0.047021133509849294,-0.14322684293082397,0.0,0.14003657053070995,0.36511635308875834,0.0,0.0042021771732034035,-0.23122177132339028,0.0,-0.11780724396494961,-0.692561790336519,0.0,0.027772115285283144,0.08968692135731085,0.0,7.110573698329604e-18,9.702450020333217e-18,0.0
65.14,"[0.06062, 0.0456, 0.3488556769536645]",0.0456,0.3488556769536645,-0.047021133509849294,-0.14322684293082397,0.0,0.14003657053070995,0.36511635308875834,0.0,0.0042021771732034035,-0.23122177132339028,0.0,-0.11780724396494961,-0.692561790336519,0.0,0.027772115285283144,0.08968692135731085,0.0,7.107104251377651e-18,9.702450020333217e-18,0.0
65.16,"[0.06062, 0.0456, 0.34780238949436837]",0.0456,0.34780238949436837,-0.047021133509849294,-0.1443006386750909,0.0,0.14003657053070995,0.3675625398209143,0.0,0.0042021771732034035,-0.23507760452204343,0.0,-0.11780724396494961,-0.7003620401437453,0.0,0.027772115285283144,0.09041585875810142,0.0,7.105369527901674e-18,9.410087313143042e-18,0.0
65.181,"[0.06062, 0.0456, 0.34780238949436837]",0.0456,0.34780238949436837,-0.047021133509849294,-0.1443006386750909,0.0,0.14003657053070995,0.3675625398209143,0.0,0.0042021771732034035,-0.23507760452204343,0.0,-0.11780724396494961,-0.7003620401437453,0.0,0.027772115285283144,0.09041585875810142,0.0,7.102333761818712e-18,9.410087313143042e-18,0.0
65.2,"[0.06062, 0.0456, 0.34780238949436837]",0.0456,0.34780238949436837,-0.047021133509849294,-0.1443006386750909,0.0,0.14003657053070995,0.3675625398209143,0.0,0.0042021771732034035,-0.23507760452204343,0.0,-0.11780724396494961,-0.7003620401437453,0.0,0.027772115285283144,0.09041585875810142,0.0,7.099297995735754e-18,9.410087313143042e-18,0.0
65.22,"[0.06062, 0.0456, 0.3467711465597889]",0.0456,0.3467711465597889,-0.047021133509849294,-0.14533987278154104,0.0,0.14003657053070995,0.3699184420745164,0.0,0.0042021771732034035,-0.23885282909517955,0.0,-0.11780724396494961,-0.7079577720652938,0.0,0.027772115285283144,0.09112212042463061,0.0,7.091058059224865e-18,9.112655733478238e-18,0.0
65.24,"[0.06062, 0.0456, 0.3467711465597889]",0.0456,0.3467711465597889,-0.047021133509849294,-0.14533987278154104,0.0,0.14003657053070995,0.3699184420745164,0.0,0.0042021771732034035,-0.23885282909517955,0.0,-0.11780724396494961,-0.7079577720652938,0.0,0.027772115285283144,0.09112212042463061,0.0,7.088455974010898e-18,9.112655733478238e-18,0.0
65.26,"[0.06062, 0.0456, 0.3457629658621991]",0.0456,0.3457629658621991,-0.047021133509849294,-0.1463444402370522,0.0,0.14003657053070995,0.37218435028720237,0.0,0.0042021771732034035,-0.24254396993093402,0.0,-0.11780724396494961,-0.7153448033887225,0.0,0.027772115285283144,0.09180555745030804,0.0,7.09062437835587e-18,9.07644588755939e-18,0.0
65.28,"[0.06062, 0.0456, 0.3457629658621991]",0.0456,0.3457629658621991,-0.047021133509849294,-0.1463444402370522,0.0,0.14003657053070995,0.37218435028720237,0.0,0.0042021771732034035,-0.24254396993093402,0.0,-0.11780724396494961,-0.7153448033887225,0.0,0.027772115285283144,0.09180555745030804,0.0,7.092359101831847e-18,9.07644588755939e-18,0.0
65.3,"[0.06062, 0.0456, 0.3457629658621991]",0.0456,0.3457629658621991,-0.047021133509849294,-0.1463444402370522,0.0,0.14003657053070995,0.37218435028720237,0.0,0.0042021771732034035,-0.24254396993093402,0.0,-0.11780724396494961,-0.7153448033887225,0.0,0.027772115285283144,0.09180555745030804,0.0,7.09366014443883e-18,9.07644588755939e-18,0.0
65.32,"[0.06062, 0.0456, 0.3447788423542283]",0.0456,0.3447788423542283,-0.047021133509849294,-0.14731426270054737,0.0,0.14003657053070995,0.3743606768161654,0.0,0.0042021771732034035,-0.24614759954063864,0.0,-0.11780724396494961,-0.7225191085651654,0.0,0.027772115285283144,0.09246604143118896,0.0,7.093226463569837e-18,8.83309599144991e-18,0.0
65.34,"[0.06062, 0.0456, 0.3447788423542283]",0.0456,0.3447788423542283,-0.047021133509849294,-0.14731426270054737,0.0,0.14003657053070995,0.3743606768161654,0.0,0.0042021771732034035,-0.24614759954063864,0.0,-0.11780724396494961,-0.7225191085651654,0.0,0.027772115285283144,0.09246604143118896,0.0,7.090624378355873e-18,8.83309599144991e-18,0.0
65.36,"[0.06062, 0.0456, 0.3438197472469642]",0.0456,0.3438197472469642,-0.047021133509849294,-0.14824928687643057,0.0,0.14003657053070995,0.3764479478728387,0.0,0.0042021771732034035,-0.24966034155866365,0.0,-0.11780724396494961,-0.729476817220012,0.0,0.027772115285283144,0.09310346346733009,0.0,7.09539486791481e-18,9.129955200775604e-18,0.0
65.38,"[0.06062, 0.0456, 0.3438197472469642]",0.0456,0.3438197472469642,-0.047021133509849294,-0.14824928687643057,0.0,0.14003657053070995,0.3764479478728387,0.0,0.0042021771732034035,-0.24966034155866365,0.0,-0.11780724396494961,-0.729476817220012,0.0,0.027772115285283144,0.09310346346733009,0.0,7.087588612272914e-18,9.129955200775604e-18,0.0
65.4,"[0.06062, 0.0456, 0.3438197472469642]",0.0456,0.3438197472469642,-0.047021133509849294,-0.14824928687643057,0.0,0.14003657053070995,0.3764479478728387,0.0,0.0042021771732034035,-0.24966034155866365,0.0,-0.11780724396494961,-0.729476817220012,0.0,0.027772115285283144,0.09310346346733009,0.0,7.086721250534925e-18,9.129955200775604e-18,0.0
65.42,"[0.06062, 0.0456, 0.34288662705148476]",0.0456,0.34288662705148476,-0.047021133509849294,-0.14914948287295335,0.0,0.14003657053070995,0.3784467951077181,0.0,0.0042021771732034035,-0.2530788744889346,0.0,-0.11780724396494961,-0.7362142122781202,0.0,0.027772115285283144,0.09371773313775154,0.0,7.083251803582972e-18,8.911321668232778e-18,0.0
65.44,"[0.06062, 0.0456, 0.34288662705148476]",0.0456,0.34288662705148476,-0.047021133509849294,-0.14914948287295335,0.0,0.14003657053070995,0.3784467951077181,0.0,0.0042021771732034035,-0.2530788744889346,0.0,-0.11780724396494961,-0.7362142122781202,0.0,0.027772115285283144,0.09371773313775154,0.0,7.08238444184498e-18,8.911321668232778e-18,0.0
65.46,"[0.06062, 0.0456, 0.3419804026447658]",0.0456,0.3419804026447658,-0.047021133509849294,-0.15001484254384917,0.0,0.14003657053070995,0.38035794686547103,0.0,0.0042021771732034035,-0.25639993568813246,0.0,-0.11780724396494961,-0.7427277281891713,0.0,0.027772115285283144,0.09430877744863886,0.0,7.07848131402403e-18,9.145267211337121e-18,0.0
65.48,"[0.06062, 0.0456, 0.3419804026447658]",0.0456,0.3419804026447658,-0.047021133509849294,-0.15001484254384917,0.0,0.14003657053070995,0.38035794686547103,0.0,0.0042021771732034035,-0.25639993568813246,0.0,-0.11780724396494961,-0.7427277281891713,0.0,0.027772115285283144,0.09430877744863886,0.0,7.082384441844976e-18,9.145267211337121e-18,0.0
65.5,"[0.06062, 0.0456, 0.3419804026447658]",0.0456,0.3419804026447658,-0.047021133509849294,-0.15001484254384917,0.0,0.14003657053070995,0.38035794686547103,0.0,0.0042021771732034035,-0.25639993568813246,0.0,-0.11780724396494961,-0.7427277281891713,0.0,0.027772115285283144,0.09430877744863886,0.0,7.083685484451959e-18,9.145267211337121e-18,0.0
65.52,"[0.06062, 0.0456, 0.3411019683608872]",0.0456,0.3411019683608872,-0.047021133509849294,-0.15084537781256885,0.0,0.14003657053070995,0.3821822191346679,0.0,0.0042021771732034035,-0.2596203255730548,0.0,-0.11780724396494961,-0.749013949239989,0.0,0.027772115285283144,0.09487653975512644,0.0,7.084552846189948e-18,9.21269209150061e-18,0.0
65.54,"[0.06062, 0.0456, 0.3411019683608872]",0.0456,0.3411019683608872,-0.047021133509849294,-0.15084537781256885,0.0,0.14003657053070995,0.3821822191346679,0.0,0.0042021771732034035,-0.2596203255730548,0.0,-0.11780724396494961,-0.749013949239989,0.0,0.027772115285283144,0.09487653975512644,0.0,7.084986527058941e-18,9.21269209150061e-18,0.0
65.56,"[0.06062, 0.0456, 0.3402521911084323]",0.0456,0.3402521911084323,-0.047021133509849294,-0.15164111897946514,0.0,0.14003657053070995,0.38392050622066903,0.0,0.0042021771732034035,-0.26273691203702637,0.0,-0.11780724396494961,-0.7550696079418995,0.0,0.027772115285283144,0.09542097865770664,0.0,7.080216037500004e-18,8.989241236957892e-18,0.0
65.58,"[0.06062, 0.0456, 0.3402521911084323]",0.0456,0.3402521911084323,-0.047021133509849294,-0.15164111897946514,0.0,0.14003657053070995,0.38392050622066903,0.0,0.0042021771732034035,-0.26273691203702637,0.0,-0.11780724396494961,-0.7550696079418995,0.0,0.027772115285283144,0.09542097865770664,0.0,7.08281812271397e-18,8.989241236957892e-18,0.0
65.6,"[0.06062, 0.0456, 0.3402521911084323]",0.0456,0.3402521911084323,-0.047021133509849294,-0.15164111897946514,0.0,0.14003657053070995,0.38392050622066903,0.0,0.0042021771732034035,-0.26273691203702637,0.0,-0.11780724396494961,-0.7550696079418995,0.0,0.027772115285283144,0.09542097865770664,0.0,7.087588612272905e-18,8.989241236957892e-18,0.0
65.62,"[0.06062, 0.0456, 0.33943190951495444]",0.0456,0.33943190951495444,-0.047021133509849294,-0.1524021130132848,0.0,0.14003657053070995,0.38557377117433644,0.0,0.0042021771732034035,-0.2657466350576569,0.0,-0.11780724396494961,-0.7608915834825245,0.0,0.027772115285283144,0.0959420668750289,0.0,7.084552846189947e-18,9.092838667468857e-18,0.0
65.64,"[0.06062, 0.0456, 0.33943190951495444]",0.0456,0.33943190951495444,-0.047021133509849294,-0.1524021130132848,0.0,0.14003657053070995,0.38557377117433644,0.0,0.0042021771732034035,-0.2657466350576569,0.0,-0.11780724396494961,-0.7608915834825245,0.0,0.027772115285283144,0.0959420668750289,0.0,7.088455974010892e-18,9.092838667468857e-18,0.0
65.66,"[0.06062, 0.0456, 0.3386419330993527]",0.0456,0.3386419330993527,-0.047021133509849294,-0.1531284218293428,0.0,0.14003657053070995,0.3871430360133015,0.0,0.0042021771732034035,-0.26864651147570917,0.0,-0.11780724396494961,-0.766476900232828,0.0,0.027772115285283144,0.09643979009556648,0.0,7.089757016617874e-18,9.346112863084051e-18,0.0
65.68,"[0.06062, 0.0456, 0.3386419330993527]",0.0456,0.3386419330993527,-0.047021133509849294,-0.1531284218293428,0.0,0.14003657053070995,0.3871430360133015,0.0,0.0042021771732034035,-0.26864651147570917,0.0,-0.11780724396494961,-0.766476900232828,0.0,0.027772115285283144,0.09643979009556648,0.0,7.090190697486869e-18,9.346112863084051e-18,0.0
65.7,"[0.06062, 0.0456, 0.3386419330993527]",0.0456,0.3386419330993527,-0.047021133509849294,-0.1531284218293428,0.0,0.14003657053070995,0.3871430360133015,0.0,0.0042021771732034035,-0.26864651147570917,0.0,-0.11780724396494961,-0.766476900232828,0.0,0.027772115285283144,0.09643979009556648,0.0,7.09149174009385e-18,9.346112863084051e-18,0.0
65.72,"[0.06062, 0.0456, 0.33788304147297415]",0.0456,0.33788304147297415,-0.047021133509849294,-0.15382012055774108,0.0,0.14003657053070995,0.38862937177641593,0.0,0.0042021771732034035,-0.27143363992234754,0.0,-0.11780724396494961,-0.7718227263016707,0.0,0.027772115285283144,0.09691414581133324,0.0,7.088889654879883e-18,9.222214053173898e-18,0.0
65.742,"[0.06062, 0.0456, 0.33788304147297415]",0.0456,0.33788304147297415,-0.047021133509849294,-0.15382012055774108,0.0,0.14003657053070995,0.38862937177641593,0.0,0.0042021771732034035,-0.27143363992234754,0.0,-0.11780724396494961,-0.7718227263016707,0.0,0.027772115285283144,0.09691414581133324,0.0,7.084552846189942e-18,9.222214053173898e-18,0.0
65.76,"[0.06062, 0.0456, 0.33715598357023197]",0.0456,0.33715598357023197,-0.047021133509849294,-0.1544772958059569,0.0,0.14003657053070995,0.3900338884556982,0.0,0.0042021771732034035,-0.27410520586965836,0.0,-0.11780724396494961,-0.7769263721316115,0.0,0.027772115285283144,0.09736514213750846,0.0,7.082818122713963e-18,9.271294812027695e-18,0.0
65.78,"[0.06062, 0.0456, 0.33715598357023197]",0.0456,0.33715598357023197,-0.047021133509849294,-0.1544772958059569,0.0,0.14003657053070995,0.3900338884556982,0.0,0.0042021771732034035,-0.27410520586965836,0.0,-0.11780724396494961,-0.7769263721316115,0.0,0.027772115285283144,0.09736514213750846,0.0,7.084986527058934e-18,9.271294812027695e-18,0.0
65.8,"[0.06062, 0.0456, 0.33715598357023197]",0.0456,0.33715598357023197,-0.047021133509849294,-0.1544772958059569,0.0,0.14003657053070995,0.3900338884556982,0.0,0.0042021771732034035,-0.27410520586965836,0.0,-0.11780724396494961,-0.7769263721316115,0.0,0.027772115285283144,0.09736514213750846,0.0,7.085420207927927e-18,9.271294812027695e-18,0.0
65.82,"[0.06062, 0.0456, 0.33646147690949746]",0.0456,0.33646147690949746,-0.047021133509849294,-0.15510004392103768,0.0,0.14003657053070995,0.39135772485350734,0.0,0.0042021771732034035,-0.2766584867770863,0.0,-0.11780724396494961,-0.7817852891311845,0.0,0.027772115285283144,0.09779279662248021,0.0,7.085853888796922e-18,9.146171483070392e-18,0.0
65.84,"[0.06062, 0.0456, 0.33646147690949746]",0.0456,0.33646147690949746,-0.047021133509849294,-0.15510004392103768,0.0,0.14003657053070995,0.39135772485350734,0.0,0.0042021771732034035,-0.2766584867770863,0.0,-0.11780724396494961,-0.7817852891311845,0.0,0.027772115285283144,0.09779279662248021,0.0,7.084119165320943e-18,9.146171483070392e-18,0.0
65.86,"[0.06062, 0.0456, 0.33580020688499584]",0.0456,0.33580020688499584,-0.047021133509849294,-0.15568846925749333,0.0,0.14003657053070995,0.3926020384157628,0.0,0.0042021771732034035,-0.27909085730433264,0.0,-0.11780724396494961,-0.7863970683403239,0.0,0.027772115285283144,0.09819713505341847,0.0,7.086287569665913e-18,8.992313932123153e-18,0.0
65.88,"[0.06062, 0.0456, 0.33580020688499584]",0.0456,0.33580020688499584,-0.047021133509849294,-0.15568846925749333,0.0,0.14003657053070995,0.3926020384157628,0.0,0.0042021771732034035,-0.27909085730433264,0.0,-0.11780724396494961,-0.7863970683403239,0.0,0.027772115285283144,0.09819713505341847,0.0,7.087154931403904e-18,8.992313932123153e-18,0.0
65.9,"[0.06062, 0.0456, 0.33580020688499584]",0.0456,0.33580020688499584,-0.047021133509849294,-0.15568846925749333,0.0,0.14003657053070995,0.3926020384157628,0.0,0.0042021771732034035,-0.27909085730433264,0.0,-0.11780724396494961,-0.7863970683403239,0.0,0.027772115285283144,0.09819713505341847,0.0,7.087588612272899e-18,8.992313932123153e-18,0.0
65.92,"[0.06062, 0.0456, 0.33517282609040533]",0.0456,0.33517282609040533,-0.047021133509849294,-0.1562426824577629,0.0,0.14003657053070995,0.39376799509474253,0.0,0.0042021771732034035,-0.2813997945594129,0.0,-0.11780724396494961,-0.7907594391270857,0.0,0.027772115285283144,0.09857819026304564,0.0,7.087154931403904e-18,9.14192272117708e-18,0.0
65.94,"[0.06062, 0.0456, 0.33517282609040533]",0.0456,0.33517282609040533,-0.047021133509849294,-0.1562426824577629,0.0,0.14003657053070995,0.39376799509474253,0.0,0.0042021771732034035,-0.2813997945594129,0.0,-0.11780724396494961,-0.7907594391270857,0.0,0.027772115285283144,0.09857819026304564,0.0,7.085853888796922e-18,9.14192272117708e-18,0.0
65.96,"[0.06062, 0.0456, 0.33457995367482546]",0.0456,0.33457995367482546,-0.047021133509849294,-0.15676279875283222,0.0,0.14003657053070995,0.3948567592972718,0.0,0.0042021771732034035,-0.28358288334891263,0.0,-0.11780724396494961,-0.7948702679151597,0.0,0.027772115285283144,0.09893600094375911,0.0,7.082818122713962e-18,9.120113126996088e-18,0.0
65.98,"[0.06062, 0.0456, 0.33457995367482546]",0.0456,0.33457995367482546,-0.047021133509849294,-0.15676279875283222,0.0,0.14003657053070995,0.3948567592972718,0.0,0.0042021771732034035,-0.28358288334891263,0.0,-0.11780724396494961,-0.7948702679151597,0.0,0.027772115285283144,0.09893600094375911,0.0,7.084986527058934e-18,9.120113126996088e-18,0.0
66.0,"[0.06062, 0.0456, 0.33457995367482546]",0.0456,0.33457995367482546,-0.047021133509849294,-0.15676279875283222,0.0,0.14003657053070995,0.3948567592972718,0.0,0.0042021771732034035,-0.28358288334891263,0.0,-0.11780724396494961,-0.7948702679151597,0.0,0.027772115285283144,0.09893600094375911,0.0,7.081950760975975e-18,9.120113126996088e-18,0.0
66.02,"[0.06062, 0.0456, 0.33402217473175216]",0.0456,0.33402217473175216,-0.047021133509849294,-0.15724893629117861,0.0,0.14003657053070995,0.3958694839759117,0.0,0.0042021771732034035,-0.28563782139613036,0.0,-0.11780724396494961,-0.7987275569429793,0.0,0.027772115285283144,0.0992706104756866,0.0,7.082818122713968e-18,9.308715140438798e-18,0.0
66.04,"[0.06062, 0.0456, 0.33402217473175216]",0.0456,0.33402217473175216,-0.047021133509849294,-0.15724893629117861,0.0,0.14003657053070995,0.3958694839759117,0.0,0.0042021771732034035,-0.28563782139613036,0.0,-0.11780724396494961,-0.7987275569429793,0.0,0.027772115285283144,0.0992706104756866,0.0,7.085420207927928e-18,9.308715140438798e-18,0.0
66.06,"[0.06062, 0.0456, 0.3335000397216607]",0.0456,0.3335000397216607,-0.047021133509849294,-0.15770121450472957,0.0,0.14003657053070995,0.3968073009220497,0.0,0.0042021771732034035,-0.287562424491761,0.0,-0.11780724396494961,-0.8023294430564795,0.0,0.027772115285283144,0.09958206577559395,0.0,7.087154931403906e-18,9.447490424549635e-18,0.0
66.08,"[0.06062, 0.0456, 0.3335000397216607]",0.0456,0.3335000397216607,-0.047021133509849294,-0.15770121450472957,0.0,0.14003657053070995,0.3968073009220497,0.0,0.0042021771732034035,-0.287562424491761,0.0,-0.11780724396494961,-0.8023294430564795,0.0,0.027772115285283144,0.09958206577559395,0.0,7.084552846189939e-18,9.447490424549635e-18,0.0
66.1,"[0.06062, 0.0456, 0.3335000397216607]",0.0456,0.3335000397216607,-0.047021133509849294,-0.15770121450472957,0.0,0.14003657053070995,0.3968073009220497,0.0,0.0042021771732034035,-0.287562424491761,0.0,-0.11780724396494961,-0.8023294430564795,0.0,0.027772115285283144,0.09958206577559395,0.0,7.082384441844967e-18,9.447490424549635e-18,0.0
66.12,"[0.06062, 0.0456, 0.333014063928768]",0.0456,0.333014063928768,-0.047021133509849294,-0.15811975252089175,0.0,0.14003657053070995,0.39767131132050143,0.0,0.0042021771732034035,-0.2893546315410201,0.0,-0.11780724396494961,-0.8056741965385739,0.0,0.027772115285283144,0.09987041617382338,0.0,7.082818122713962e-18,9.361473604198312e-18,0.0
66.14,"[0.06062, 0.0456, 0.333014063928768]",0.0456,0.333014063928768,-0.047021133509849294,-0.15811975252089175,0.0,0.14003657053070995,0.39767131132050143,0.0,0.0042021771732034035,-0.2893546315410201,0.0,-0.11780724396494961,-0.8056741965385739,0.0,0.027772115285283144,0.09987041617382338,0.0,7.087588612272896e-18,9.361473604198312e-18,0.0
66.16,"[0.06062, 0.0456, 0.332564726952509]",0.0456,0.332564726952509,-0.047021133509849294,-0.1585046676299824,0.0,0.14003657053070995,0.39846257662539586,0.0,0.0042021771732034035,-0.2910125094708022,0.0,-0.11780724396494961,-0.8087602199794734,0.0,0.027772115285283144,0.10013571232661428,0.0,7.08888965487988e-18,9.291367152438528e-18,0.0
66.18,"[0.06062, 0.0456, 0.332564726952509]",0.0456,0.332564726952509,-0.047021133509849294,-0.1585046676299824,0.0,0.14003657053070995,0.39846257662539586,0.0,0.0042021771732034035,-0.2910125094708022,0.0,-0.11780724396494961,-0.8087602199794734,0.0,0.027772115285283144,0.10013571232661428,0.0,7.085420207927925e-18,9.291367152438528e-18,0.0
66.2,"[0.06062, 0.0456, 0.332564726952509]",0.0456,0.332564726952509,-0.047021133509849294,-0.1585046676299824,0.0,0.14003657053070995,0.39846257662539586,0.0,0.0042021771732034035,-0.2910125094708022,0.0,-0.11780724396494961,-0.8087602199794734,0.0,0.027772115285283144,0.10013571232661428,0.0,7.084986527058932e-18,9.291367152438528e-18,0.0
66.22,"[0.06062, 0.0456, 0.33215247223423017]",0.0456,0.33215247223423017,-0.047021133509849294,-0.15885607381752526,0.0,0.14003657053070995,0.39918210981663216,0.0,0.0042021771732034035,-0.2925342579604531,0.0,-0.11780724396494961,-0.8115860471927083,0.0,0.027772115285283144,0.10037800517121805,0.0,7.087588612272897e-18,9.288358676901315e-18,0.0
66.24,"[0.06062, 0.0456, 0.33215247223423017]",0.0456,0.33215247223423017,-0.047021133509849294,-0.15885607381752526,0.0,0.14003657053070995,0.39918210981663216,0.0,0.0042021771732034035,-0.2925342579604531,0.0,-0.11780724396494961,-0.8115860471927083,0.0,0.027772115285283144,0.10037800517121805,0.0,7.085853888796922e-18,9.288358676901315e-18,0.0
66.26,"[0.06062, 0.0456, 0.3317777066195663]",0.0456,0.3317777066195663,-0.047021133509849294,-0.15917408037087535,0.0,0.14003657053070995,0.3998308670951266,0.0,0.0042021771732034035,-0.2939182139601939,0.0,-0.11780724396494961,-0.8141503421824304,0.0,0.027772115285283144,0.10059734493121089,0.0,7.085853888796917e-18,9.18260584594098e-18,0.0
66.28,"[0.06062, 0.0456, 0.3317777066195663]",0.0456,0.3317777066195663,-0.047021133509849294,-0.15917408037087535,0.0,0.14003657053070995,0.3998308670951266,0.0,0.0042021771732034035,-0.2939182139601939,0.0,-0.11780724396494961,-0.8141503421824304,0.0,0.027772115285283144,0.10059734493121089,0.0,7.088022293141889e-18,9.18260584594098e-18,0.0
66.3,"[0.06062, 0.0456, 0.3317777066195663]",0.0456,0.3317777066195663,-0.047021133509849294,-0.15917408037087535,0.0,0.14003657053070995,0.3998308670951266,0.0,0.0042021771732034035,-0.2939182139601939,0.0,-0.11780724396494961,-0.8141503421824304,0.0,0.027772115285283144,0.10059734493121089,0.0,7.088455974010882e-18,9.18260584594098e-18,0.0
66.32,"[0.06062, 0.0456, 0.3314407999569332]",0.0456,0.3314407999569332,-0.047021133509849294,-0.1594587905695092,0.0,0.14003657053070995,0.40040974007334373,0.0,0.0042021771732034035,-0.2951628559620375,0.0,-0.11780724396494961,-0.8164518981680078,0.0,0.027772115285283144,0.10079378017926666,0.0,7.088889654879879e-18,9.112023969381909e-18,0.0
66.34,"[0.06062, 0.0456, 0.3314407999569332]",0.0456,0.3314407999569332,-0.047021133509849294,-0.1594587905695092,0.0,0.14003657053070995,0.40040974007334373,0.0,0.0042021771732034035,-0.2951628559620375,0.0,-0.11780724396494961,-0.8164518981680078,0.0,0.027772115285283144,0.10079378017926666,0.0,7.090624378355858e-18,9.112023969381909e-18,0.0
66.36,"[0.06062, 0.0456, 0.3311420847325315]",0.0456,0.3311420847325315,-0.047021133509849294,-0.15971030046805484,0.0,0.14003657053070995,0.40091954851529005,0.0,0.0042021771732034035,-0.29626680798931004,0.0,-0.11780724396494961,-0.8184896366722846,0.0,0.027772115285283144,0.10096735696444063,0.0,7.090624378355859e-18,9.098064970472985e-18,0.0
66.38,"[0.06062, 0.0456, 0.3311420847325315]",0.0456,0.3311420847325315,-0.047021133509849294,-0.15971030046805484,0.0,0.14003657053070995,0.40091954851529005,0.0,0.0042021771732034035,-0.29626680798931004,0.0,-0.11780724396494961,-0.8184896366722846,0.0,0.027772115285283144,0.10096735696444063,0.0,7.088022293141892e-18,9.098064970472985e-18,0.0
66.4,"[0.06062, 0.0456, 0.3311420847325315]",0.0456,0.3311420847325315,-0.047021133509849294,-0.15971030046805484,0.0,0.14003657053070995,0.40091954851529005,0.0,0.0042021771732034035,-0.29626680798931004,0.0,-0.11780724396494961,-0.8184896366722846,0.0,0.027772115285283144,0.10096735696444063,0.0,7.087154931403904e-18,9.098064970472985e-18,0.0
66.42,"[0.06062, 0.0456, 0.33088185574222345]",0.0456,0.33088185574222345,-0.047021133509849294,-0.1599286977807362,0.0,0.14003657053070995,0.40136103367720144,0.0,0.0042021771732034035,-0.2972288432725071,0.0,-0.11780724396494961,-0.8202626066799579,0.0,0.027772115285283144,0.101118118010688,0.0,7.085853888796922e-18,9.1563077072681e-18,0.0
66.44,"[0.06062, 0.0456, 0.33088185574222345]",0.0456,0.33088185574222345,-0.047021133509849294,-0.1599286977807362,0.0,0.14003657053070995,0.40136103367720144,0.0,0.0042021771732034035,-0.2972288432725071,0.0,-0.11780724396494961,-0.8202626066799579,0.0,0.027772115285283144,0.101118118010688,0.0,7.08802229314189e-18,9.1563077072681e-18,0.0
66.46,"[0.06062, 0.0456, 0.33066036980060465]",0.0456,0.33066036980060465,-0.047021133509849294,-0.1601140608753952,0.0,0.14003657053070995,0.4017348522966456,0.0,0.0042021771732034035,-0.29804788758129497,0.0,-0.11780724396494961,-0.8217699838725331,0.0,0.027772115285283144,0.10124610199292633,0.0,7.088889654879879e-18,9.133344133465162e-18,0.0
66.482,"[0.06062, 0.0456, 0.33066036980060465]",0.0456,0.33066036980060465,-0.047021133509849294,-0.1601140608753952,0.0,0.14003657053070995,0.4017348522966456,0.0,0.0042021771732034035,-0.29804788758129497,0.0,-0.11780724396494961,-0.8217699838725331,0.0,0.027772115285283144,0.10124610199292633,0.0,7.088455974010884e-18,9.133344133465162e-18,0.0
66.5,"[0.06062, 0.0456, 0.33066036980060465]",0.0456,0.33066036980060465,-0.047021133509849294,-0.1601140608753952,0.0,0.14003657053070995,0.4017348522966456,0.0,0.0042021771732034035,-0.29804788758129497,0.0,-0.11780724396494961,-0.8217699838725331,0.0,0.027772115285283144,0.10124610199292633,0.0,7.088889654879877e-18,9.133344133465162e-18,0.0
66.52,"[0.06062, 0.0456, 0.3304778454875591]",0.0456,0.3304778454875591,-0.047021133509849294,-0.16026645788460328,0.0,0.14003657053070995,0.40204157127367984,0.0,0.0042021771732034035,-0.29872302218486135,0.0,-0.11780724396494961,-0.8230110699460433,0.0,0.027772115285283144,0.10135134289644945,0.0,7.092359101831829e-18,9.097405892411e-18,0.0
66.54,"[0.06062, 0.0456, 0.3304778454875591]",0.0456,0.3304778454875591,-0.047021133509849294,-0.16026645788460328,0.0,0.14003657053070995,0.40204157127367984,0.0,0.0042021771732034035,-0.29872302218486135,0.0,-0.11780724396494961,-0.8230110699460433,0.0,0.027772115285283144,0.10135134289644945,0.0,7.094527506176798e-18,9.097405892411e-18,0.0
66.56,"[0.06062, 0.0456, 0.3303344629325474]",0.0456,0.3303344629325474,-0.047021133509849294,-0.1603859459406301,0.0,0.14003657053070995,0.402281663083125,0.0,0.0042021771732034035,-0.29925348641561805,0.0,-0.11780724396494961,-0.8239852920173585,0.0,0.027772115285283144,0.10143386946490715,0.0,7.092359101831826e-18,9.088509730325573e-18,0.0
66.58,"[0.06062, 0.0456, 0.3303344629325474]",0.0456,0.3303344629325474,-0.047021133509849294,-0.1603859459406301,0.0,0.14003657053070995,0.402281663083125,0.0,0.0042021771732034035,-0.29925348641561805,0.0,-0.11780724396494961,-0.8239852920173585,0.0,0.027772115285283144,0.10143386946490715,0.0,7.091491740093836e-18,9.088509730325573e-18,0.0
66.6,"[0.06062, 0.0456, 0.3303344629325474]",0.0456,0.3303344629325474,-0.047021133509849294,-0.1603859459406301,0.0,0.14003657053070995,0.402281663083125,0.0,0.0042021771732034035,-0.29925348641561805,0.0,-0.11780724396494961,-0.8239852920173585,0.0,0.027772115285283144,0.10143386946490715,0.0,7.08888965487987e-18,9.088509730325573e-18,0.0
66.62,"[0.06062, 0.0456, 0.33023036363684055]",0.0456,0.33023036363684055,-0.047021133509849294,-0.16047257054018235,0.0,0.14003657053070995,0.40245550195197477,0.0,0.0042021771732034035,-0.2996386798143671,0.0,-0.11780724396494961,-0.8246922021243711,0.0,0.027772115285283144,0.10149370474140904,0.0,7.086721250534897e-18,9.042511541159672e-18,0.0
66.641,"[0.06062, 0.0456, 0.33023036363684055]",0.0456,0.33023036363684055,-0.047021133509849294,-0.16047257054018235,0.0,0.14003657053070995,0.40245550195197477,0.0,0.0042021771732034035,-0.2996386798143671,0.0,-0.11780724396494961,-0.8246922021243711,0.0,0.027772115285283144,0.10149370474140904,0.0,7.084552846189924e-18,9.042511541159672e-18,0.0
66.66,"[0.06062, 0.0456, 0.33016565033387535]",0.0456,0.33016565033387535,-0.047021133509849294,-0.16052636504388093,0.0,0.14003657053070995,0.4025633608304962,0.0,0.0042021771732034035,-0.2998781638384292,0.0,-0.11780724396494961,-0.8251314768246429,0.0,0.027772115285283144,0.10153086570657918,0.0,7.08195076097596e-18,9.033380236136496e-18,0.0
66.68,"[0.06062, 0.0456, 0.33016565033387535]",0.0456,0.33016565033387535,-0.047021133509849294,-0.16052636504388093,0.0,0.14003657053070995,0.4025633608304962,0.0,0.0042021771732034035,-0.2998781638384292,0.0,-0.11780724396494961,-0.8251314768246429,0.0,0.027772115285283144,0.10153086570657918,0.0,7.08498652705892e-18,9.033380236136496e-18,0.0
66.7,"[0.06062, 0.0456, 0.33016565033387535]",0.0456,0.33016565033387535,-0.047021133509849294,-0.16052636504388093,0.0,0.14003657053070995,0.4025633608304962,0.0,0.0042021771732034035,-0.2998781638384292,0.0,-0.11780724396494961,-0.8251314768246429,0.0,0.027772115285283144,0.10153086570657918,0.0,7.081517080106964e-18,9.033380236136496e-18,0.0
66.72,"[0.06062, 0.0456, 0.33014038688786884]",0.0456,0.33014038688786884,-0.047021133509849294,-0.16054735031443335,0.0,0.14003657053070995,0.4026054091797901,0.0,0.0042021771732034035,-0.29997166311788087,0.0,-0.11780724396494961,-0.8253029168963067,0.0,0.027772115285283144,0.10154536301660304,0.0,7.085853888796911e-18,9.041388345388559e-18,0.0
66.74,"[0.06062, 0.0456, 0.33014038688786884]",0.0456,0.33014038688786884,-0.047021133509849294,-0.16054735031443335,0.0,0.14003657053070995,0.4026054091797901,0.0,0.0042021771732034035,-0.29997166311788087,0.0,-0.11780724396494961,-0.8253029168963067,0.0,0.027772115285283144,0.10154536301660304,0.0,7.085420207927918e-18,9.041388345388559e-18,0.0
66.76,"[0.06062, 0.0456, 0.33015459823079224]",0.0456,0.33015459823079224,-0.047021133509849294,-0.160535534496379,0.0,0.14003657053070995,0.40258171159250156,0.0,0.0042021771732034035,-0.2999190662488993,0.0,-0.11780724396494961,-0.8252064471441228,0.0,0.027772115285283144,0.10153720084348358,0.0,7.083685484451942e-18,9.03970432065159e-18,0.0
66.78,"[0.06062, 0.0456, 0.33015459823079224]",0.0456,0.33015459823079224,-0.047021133509849294,-0.160535534496379,0.0,0.14003657053070995,0.40258171159250156,0.0,0.0042021771732034035,-0.2999190662488993,0.0,-0.11780724396494961,-0.8252064471441228,0.0,0.027772115285283144,0.10153720084348358,0.0,7.085853888796912e-18,9.03970432065159e-18,0.0
66.8,"[0.06062, 0.0456, 0.33015459823079224]",0.0456,0.33015459823079224,-0.047021133509849294,-0.160535534496379,0.0,0.14003657053070995,0.40258171159250156,0.0,0.0042021771732034035,-0.2999190662488993,0.0,-0.11780724396494961,-0.8252064471441228,0.0,0.027772115285283144,0.10153720084348358,0.0,7.08151708010697e-18,9.03970432065159e-18,0.0
66.82,"[0.06062, 0.0456, 0.3302082703377658]",0.0456,0.3302082703377658,-0.047021133509849294,-0.16049091293916573,0.0,0.14003657053070995,0.4024922272570979,0.0,0.0042021771732034035,-0.2997204261171941,0.0,-0.11780724396494961,-0.8248421163125923,0.0,0.027772115285283144,0.10150637681885885,0.0,7.08845597401088e-18,9.034711223161847e-18,0.0
66.84,"[0.06062, 0.0456, 0.3302082703377658]",0.0456,0.3302082703377658,-0.047021133509849294,-0.16049091293916573,0.0,0.14003657053070995,0.4024922272570979,0.0,0.0042021771732034035,-0.2997204261171941,0.0,-0.11780724396494961,-0.8248421163125923,0.0,0.027772115285283144,0.10150637681885885,0.0,7.089323335748867e-18,9.034711223161847e-18,0.0
66.86,"[0.06062, 0.0456, 0.3303013502408998]",0.0456,0.3303013502408998,-0.047021133509849294,-0.1604134682641697,0.0,0.14003657053070995,0.40233681026972934,0.0,0.0042021771732034035,-0.29937595974861475,0.0,-0.11780724396494961,-0.8242100971070305,0.0,0.027772115285283144,0.10145288208185564,0.0,7.082818122713955e-18,9.034056200516588e-18,0.0
66.88,"[0.06062, 0.0456, 0.3303013502408998]",0.0456,0.3303013502408998,-0.047021133509849294,-0.1604134682641697,0.0,0.14003657053070995,0.40233681026972934,0.0,0.0042021771732034035,-0.29937595974861475,0.0,-0.11780724396494961,-0.8242100971070305,0.0,0.027772115285283144,0.10145288208185564,0.0,7.081083399237975e-18,9.034056200516588e-18,0.0
66.9,"[0.06062, 0.0456, 0.3303013502408998]",0.0456,0.3303013502408998,-0.047021133509849294,-0.1604134682641697,0.0,0.14003657053070995,0.40233681026972934,0.0,0.0042021771732034035,-0.29937595974861475,0.0,-0.11780724396494961,-0.8242100971070305,0.0,0.027772115285283144,0.10145288208185564,0.0,7.087154931403895e-18,9.034056200516588e-18,0.0
66.92,"[0.06062, 0.0456, 0.3304337460815676]",0.0456,0.3304337460815676,-0.047021133509849294,-0.16030317057511626,0.0,0.14003657053070995,0.4021152107912374,0.0,0.0042021771732034035,-0.2988860476881432,0.0,-0.11780724396494961,-0.8233106863224359,0.0,0.027772115285283144,0.10137670143056043,0.0,7.087154931403893e-18,9.006162357587444e-18,0.0
66.94,"[0.06062, 0.0456, 0.3304337460815676]",0.0456,0.3304337460815676,-0.047021133509849294,-0.16030317057511626,0.0,0.14003657053070995,0.4021152107912374,0.0,0.0042021771732034035,-0.2988860476881432,0.0,-0.11780724396494961,-0.8233106863224359,0.0,0.027772115285283144,0.10137670143056043,0.0,7.086287569665906e-18,9.006162357587444e-18,0.0
66.96,"[0.06062, 0.0456, 0.33060532720105873]",0.0456,0.33060532720105873,-0.047021133509849294,-0.16015997781020516,0.0,0.14003657053070995,0.40182707704045734,0.0,0.0042021771732034035,-0.2982512329126053,0.0,-0.11780724396494961,-0.8221443050789541,0.0,0.027772115285283144,0.10127781357581524,0.0,7.087588612272893e-18,8.939273139091074e-18,0.0
66.98,"[0.06062, 0.0456, 0.33060532720105873]",0.0456,0.33060532720105873,-0.047021133509849294,-0.16015997781020516,0.0,0.14003657053070995,0.40182707704045734,0.0,0.0042021771732034035,-0.2982512329126053,0.0,-0.11780724396494961,-0.8221443050789541,0.0,0.027772115285283144,0.10127781357581524,0.0,7.089757016617863e-18,8.939273139091074e-18,0.0
67.0,"[0.06062, 0.0456, 0.33060532720105873]",0.0456,0.33060532720105873,-0.047021133509849294,-0.16015997781020516,0.0,0.14003657053070995,0.40182707704045734,0.0,0.0042021771732034035,-0.2982512329126053,0.0,-0.11780724396494961,-0.8221443050789541,0.0,0.027772115285283144,0.10127781357581524,0.0,7.091491740093838e-18,8.939273139091074e-18,0.0
67.02,"[0.06062, 0.0456, 0.33081592426952355]",0.0456,0.33081592426952355,-0.047021133509849294,-0.15998383623312776,0.0,0.14003657053070995,0.40147195810865555,0.0,0.0042021771732034035,-0.29747221928648415,0.0,-0.11780724396494961,-0.8207114991617345,0.0,0.027772115285283144,0.10115619149517328,0.0,7.085420207927918e-18,8.92445481053197e-18,0.0
67.04,"[0.06062, 0.0456, 0.33081592426952355]",0.0456,0.33081592426952355,-0.047021133509849294,-0.15998383623312776,0.0,0.14003657053070995,0.40147195810865555,0.0,0.0042021771732034035,-0.29747221928648415,0.0,-0.11780724396494961,-0.8207114991617345,0.0,0.027772115285283144,0.10115619149517328,0.0,7.087154931403895e-18,8.92445481053197e-18,0.0
67.06,"[0.06062, 0.0456, 0.33106532945308115]",0.0456,0.33106532945308115,-0.047021133509849294,-0.1597746810590775,0.0,0.14003657053070995,0.40104930757381596,0.0,0.0042021771732034035,-0.29654986957414264,0.0,-0.11780724396494961,-0.8190129394620216,0.0,0.027772115285283144,0.10101180288402364,0.0,7.084986527058926e-18,8.921616455659256e-18,0.0
67.08,"[0.06062, 0.0456, 0.33106532945308115]",0.0456,0.33106532945308115,-0.047021133509849294,-0.1597746810590775,0.0,0.14003657053070995,0.40104930757381596,0.0,0.0042021771732034035,-0.29654986957414264,0.0,-0.11780724396494961,-0.8190129394620216,0.0,0.027772115285283144,0.10101180288402364,0.0,7.083251803582952e-18,8.921616455659256e-18,0.0
67.1,"[0.06062, 0.0456, 0.33106532945308115]",0.0456,0.33106532945308115,-0.047021133509849294,-0.1597746810590775,0.0,0.14003657053070995,0.40104930757381596,0.0,0.0042021771732034035,-0.29654986957414264,0.0,-0.11780724396494961,-0.8190129394620216,0.0,0.027772115285283144,0.10101180288402364,0.0,7.086287569665912e-18,8.921616455659256e-18,0.0
67.12,"[0.06062, 0.0456, 0.3313532966189264]",0.0456,0.3313532966189264,-0.047021133509849294,-0.15953243721083252,0.0,0.14003657053070995,0.40055848788763,0.0,0.0042021771732034035,-0.29548520302549697,0.0,-0.11780724396494961,-0.8170494225154458,0.0,0.027772115285283144,0.10084461070010088,0.0,7.081950760975968e-18,8.941623398199497e-18,0.0
67.14,"[0.06062, 0.0456, 0.3313532966189264]",0.0456,0.3313532966189264,-0.047021133509849294,-0.15953243721083252,0.0,0.14003657053070995,0.40055848788763,0.0,0.0042021771732034035,-0.29548520302549697,0.0,-0.11780724396494961,-0.8170494225154458,0.0,0.027772115285283144,0.10084461070010088,0.0,7.087588612272891e-18,8.941623398199497e-18,0.0
67.16,"[0.06062, 0.0456, 0.3316795415782333]",0.0456,0.3316795415782333,-0.047021133509849294,-0.15925702019903976,0.0,0.14003657053070995,0.399998775502513,0.0,0.0042021771732034035,-0.2942793925557202,0.0,-0.11780724396494961,-0.8148218711327464,0.0,0.027772115285283144,0.10065457379686542,0.0,7.0867212505349e-18,8.937619380395857e-18,0.0
67.18,"[0.06062, 0.0456, 0.3316795415782333]",0.0456,0.3316795415782333,-0.047021133509849294,-0.15925702019903976,0.0,0.14003657053070995,0.399998775502513,0.0,0.0042021771732034035,-0.2942793925557202,0.0,-0.11780724396494961,-0.8148218711327464,0.0,0.027772115285283144,0.10065457379686542,0.0,7.087588612272888e-18,8.937619380395857e-18,0.0
67.2,"[0.06062, 0.0456, 0.3316795415782333]",0.0456,0.3316795415782333,-0.047021133509849294,-0.15925702019903976,0.0,0.14003657053070995,0.399998775502513,0.0,0.0042021771732034035,-0.2942793925557202,0.0,-0.11780724396494961,-0.8148218711327464,0.0,0.027772115285283144,0.10065457379686542,0.0,7.086721250534899e-18,8.937619380395857e-18,0.0
67.22,"[0.06062, 0.0456, 0.3320437423666151]",0.0456,0.3320437423666151,-0.047021133509849294,-0.15894833711996828,0.0,0.14003657053070995,0.3993693667008303,0.0,0.0042021771732034035,-0.29293376154278866,0.0,-0.11780724396494961,-0.8123313351175092,0.0,0.027772115285283144,0.10044164764056504,0.0,7.083251803582946e-18,8.963639541702454e-18,0.0
67.24,"[0.06062, 0.0456, 0.3320437423666151]",0.0456,0.3320437423666151,-0.047021133509849294,-0.15894833711996828,0.0,0.14003657053070995,0.3993693667008303,0.0,0.0042021771732034035,-0.29293376154278866,0.0,-0.11780724396494961,-0.8123313351175092,0.0,0.027772115285283144,0.10044164764056504,0.0,7.085420207927918e-18,8.963639541702454e-18,0.0
67.26,"[0.06062, 0.0456, 0.3324455395618641]",0.0456,0.3324455395618641,-0.047021133509849294,-0.1586062877632315,0.0,0.14003657053070995,0.39866938408382485,0.0,0.0042021771732034035,-0.2914497802696264,0.0,-0.11780724396494961,-0.8095789920650186,0.0,0.027772115285283144,0.10020578510519687,0.0,7.084552846189927e-18,8.82501492780088e-18,0.0
67.28,"[0.06062, 0.0456, 0.3324455395618641]",0.0456,0.3324455395618641,-0.047021133509849294,-0.1586062877632315,0.0,0.14003657053070995,0.39866938408382485,0.0,0.0042021771732034035,-0.2914497802696264,0.0,-0.11780724396494961,-0.8095789920650186,0.0,0.027772115285283144,0.10020578510519687,0.0,7.084119165320932e-18,8.82501492780088e-18,0.0
67.3,"[0.06062, 0.0456, 0.3324455395618641]",0.0456,0.3324455395618641,-0.047021133509849294,-0.1586062877632315,0.0,0.14003657053070995,0.39866938408382485,0.0,0.0042021771732034035,-0.2914497802696264,0.0,-0.11780724396494961,-0.8095789920650186,0.0,0.027772115285283144,0.10020578510519687,0.0,7.081950760975963e-18,8.82501492780088e-18,0.0
67.32,"[0.06062, 0.0456, 0.3328845366386582]",0.0456,0.3328845366386582,-0.047021133509849294,-0.1582307658213272,0.0,0.14003657053070995,0.39789788367355444,0.0,0.0042021771732034035,-0.28982906204020514,0.0,-0.11780724396494961,-0.8065661482360128,0.0,0.027772115285283144,0.09994693733907299,0.0,7.082818122713948e-18,8.792935088618066e-18,0.0
67.34,"[0.06062, 0.0456, 0.3328845366386582]",0.0456,0.3328845366386582,-0.047021133509849294,-0.1582307658213272,0.0,0.14003657053070995,0.39789788367355444,0.0,0.0042021771732034035,-0.28982906204020514,0.0,-0.11780724396494961,-0.8065661482360128,0.0,0.027772115285283144,0.09994693733907299,0.0,7.082384441844951e-18,8.792935088618066e-18,0.0
67.36,"[0.06062, 0.0456, 0.33336030035988334]",0.0456,0.33336030035988334,-0.047021133509849294,-0.15782166019230887,0.0,0.14003657053070995,0.39705386257749753,0.0,0.0042021771732034035,-0.2880733590011685,0.0,-0.11780724396494961,-0.8032942394989571,0.0,0.027772115285283144,0.09966505469626365,0.0,7.078481314024002e-18,8.817735768102131e-18,0.0
67.38,"[0.06062, 0.0456, 0.33336030035988334]",0.0456,0.33336030035988334,-0.047021133509849294,-0.15782166019230887,0.0,0.14003657053070995,0.39705386257749753,0.0,0.0042021771732034035,-0.2880733590011685,0.0,-0.11780724396494961,-0.8032942394989571,0.0,0.027772115285283144,0.09966505469626365,0.0,7.082384441844953e-18,8.817735768102131e-18,0.0
67.4,"[0.06062, 0.0456, 0.33336030035988334]",0.0456,0.33336030035988334,-0.047021133509849294,-0.15782166019230887,0.0,0.14003657053070995,0.39705386257749753,0.0,0.0042021771732034035,-0.2880733590011685,0.0,-0.11780724396494961,-0.8032942394989571,0.0,0.027772115285283144,0.09966505469626365,0.0,7.082818122713946e-18,8.817735768102131e-18,0.0
67.42,"[0.06062, 0.0456, 0.33387236120418634]",0.0456,0.33387236120418634,-0.047021133509849294,-0.15737885636648816,0.0,0.14003657053070995,0.3961362671624232,0.0,0.0042021771732034035,-0.28618455770239976,0.0,-0.11780724396494961,-0.7997648323344949,0.0,0.027772115285283144,0.09936008772586746,0.0,7.083685484451934e-18,8.723390666653689e-18,0.0
67.441,"[0.06062, 0.0456, 0.33387236120418634]",0.0456,0.33387236120418634,-0.047021133509849294,-0.15737885636648816,0.0,0.14003657053070995,0.3961362671624232,0.0,0.0042021771732034035,-0.28618455770239976,0.0,-0.11780724396494961,-0.7997648323344949,0.0,0.027772115285283144,0.09936008772586746,0.0,7.085420207927913e-18,8.723390666653689e-18,0.0
67.46,"[0.06062, 0.0456, 0.3344202138293357]",0.0456,0.3344202138293357,-0.047021133509849294,-0.15690223788779145,0.0,0.14003657053070995,0.39514400168164365,0.0,0.0042021771732034035,-0.284164674431371,0.0,-0.11780724396494961,-0.7959796248959227,0.0,0.027772115285283144,0.09903198821181254,0.0,7.087154931403892e-18,8.55124751449325e-18,0.0
67.48,"[0.06062, 0.0456, 0.3344202138293357]",0.0456,0.3344202138293357,-0.047021133509849294,-0.15690223788779145,0.0,0.14003657053070995,0.39514400168164365,0.0,0.0042021771732034035,-0.284164674431371,0.0,-0.11780724396494961,-0.7959796248959227,0.0,0.027772115285283144,0.09903198821181254,0.0,7.084552846189927e-18,8.55124751449325e-18,0.0
67.5,"[0.06062, 0.0456, 0.3344202138293357]",0.0456,0.3344202138293357,-0.047021133509849294,-0.15690223788779145,0.0,0.14003657053070995,0.39514400168164365,0.0,0.0042021771732034035,-0.284164674431371,0.0,-0.11780724396494961,-0.7959796248959227,0.0,0.027772115285283144,0.09903198821181254,0.0,7.084986527058918e-18,8.55124751449325e-18,0.0
67.52,"[0.06062, 0.0456, 0.33500331757093343]",0.0456,0.33500331757093343,-0.047021133509849294,-0.15639168788024307,0.0,0.14003657053070995,0.39407593729792456,0.0,0.0042021771732034035,-0.2820158503571278,0.0,-0.11780724396494961,-0.7919404481199127,0.0,0.027772115285283144,0.09868071025576106,0.0,7.081517080106965e-18,8.573963105150447e-18,0.0
67.54,"[0.06062, 0.0456, 0.33500331757093343]",0.0456,0.33500331757093343,-0.047021133509849294,-0.15639168788024307,0.0,0.14003657053070995,0.39407593729792456,0.0,0.0042021771732034035,-0.2820158503571278,0.0,-0.11780724396494961,-0.7919404481199127,0.0,0.027772115285283144,0.09868071025576106,0.0,7.084986527058917e-18,8.573963105150447e-18,0.0
67.56,"[0.06062, 0.0456, 0.33562109697598563]",0.0456,0.33562109697598563,-0.047021133509849294,-0.15584709063003366,0.0,0.14003657053070995,0.39293092144309444,0.0,0.0042021771732034035,-0.2797403465203896,0.0,-0.11780724396494961,-0.7876492668822932,0.0,0.027772115285283144,0.09830621139565249,0.0,7.088022293141875e-18,8.494470384682475e-18,0.0
67.58,"[0.06062, 0.0456, 0.33562109697598563]",0.0456,0.33562109697598563,-0.047021133509849294,-0.15584709063003366,0.0,0.14003657053070995,0.39293092144309444,0.0,0.0042021771732034035,-0.2797403465203896,0.0,-0.11780724396494961,-0.7876492668822932,0.0,0.027772115285283144,0.09830621139565249,0.0,7.091925420962822e-18,8.494470384682475e-18,0.0
67.6,"[0.06062, 0.0456, 0.33562109697598563]",0.0456,0.33562109697598563,-0.047021133509849294,-0.15584709063003366,0.0,0.14003657053070995,0.39293092144309444,0.0,0.0042021771732034035,-0.2797403465203896,0.0,-0.11780724396494961,-0.7876492668822932,0.0,0.027772115285283144,0.09830621139565249,0.0,7.084986527058914e-18,8.494470384682475e-18,0.0
67.622,"[0.06062, 0.0456, 0.3362729423708048]",0.0456,0.3362729423708048,-0.047021133509849294,-0.15526833321374972,0.0,0.14003657053070995,0.3917077874547847,0.0,0.0042021771732034035,-0.2773405387064294,0.0,-0.11780724396494961,-0.7831081811943816,0.0,0.027772115285283144,0.0979084537524735,0.0,7.082384441844951e-18,8.540496760861963e-18,0.0
67.64,"[0.06062, 0.0456, 0.3362729423708048]",0.0456,0.3362729423708048,-0.047021133509849294,-0.15526833321374972,0.0,0.14003657053070995,0.3917077874547847,0.0,0.0042021771732034035,-0.2773405387064294,0.0,-0.11780724396494961,-0.7831081811943816,0.0,0.027772115285283144,0.0979084537524735,0.0,7.080649718368973e-18,8.540496760861963e-18,0.0
67.66,"[0.06062, 0.0456, 0.3369582104626846]",0.0456,0.3369582104626846,-0.047021133509849294,-0.1546553071635791,0.0,0.14003657053070995,0.390405364430728,0.0,0.0042021771732034035,-0.27481891223721744,0.0,-0.11780724396494961,-0.7783194274362605,0.0,0.027772115285283144,0.09748740519800493,0.0,7.086287569665898e-18,8.45919041724756e-18,0.0
67.681,"[0.06062, 0.0456, 0.3369582104626846]",0.0456,0.3369582104626846,-0.047021133509849294,-0.1546553071635791,0.0,0.14003657053070995,0.390405364430728,0.0,0.0042021771732034035,-0.27481891223721744,0.0,-0.11780724396494961,-0.7783194274362605,0.0,0.027772115285283144,0.09748740519800493,0.0,7.092792782700811e-18,8.45919041724756e-18,0.0
67.7,"[0.06062, 0.0456, 0.3369582104626846]",0.0456,0.3369582104626846,-0.047021133509849294,-0.1546553071635791,0.0,0.14003657053070995,0.390405364430728,0.0,0.0042021771732034035,-0.27481891223721744,0.0,-0.11780724396494961,-0.7783194274362605,0.0,0.027772115285283144,0.09748740519800493,0.0,7.095394867914776e-18,8.45919041724756e-18,0.0
67.72,"[0.06062, 0.0456, 0.33767622497475175]",0.0456,0.33767622497475175,-0.047021133509849294,-0.15400791016068122,0.0,0.14003657053070995,0.389022487241636,0.0,0.0042021771732034035,-0.27217805671875794,0.0,-0.11780724396494961,-0.7732853796244138,0.0,0.027772115285283144,0.09704304053653572,0.0,7.09279278270081e-18,8.510116608891057e-18,0.0
67.74,"[0.06062, 0.0456, 0.33767622497475175]",0.0456,0.33767622497475175,-0.047021133509849294,-0.15400791016068122,0.0,0.14003657053070995,0.389022487241636,0.0,0.0042021771732034035,-0.27217805671875794,0.0,-0.11780724396494961,-0.7732853796244138,0.0,0.027772115285283144,0.09704304053653572,0.0,7.091925420962822e-18,8.510116608891057e-18,0.0
67.76,"[0.06062, 0.0456, 0.3384262773133697]",0.0456,0.3384262773133697,-0.047021133509849294,-0.15332604774838482,0.0,0.14003657053070995,0.3875580066448183,0.0,0.0042021771732034035,-0.26942066077863175,0.0,-0.11780724396494961,-0.7680085507122746,0.0,0.027772115285283144,0.09657534269386855,0.0,7.089757016617848e-18,8.572560664291528e-18,0.0
67.78,"[0.06062, 0.0456, 0.3384262773133697]",0.0456,0.3384262773133697,-0.047021133509849294,-0.15332604774838482,0.0,0.14003657053070995,0.3875580066448183,0.0,0.0042021771732034035,-0.26942066077863175,0.0,-0.11780724396494961,-0.7680085507122746,0.0,0.027772115285283144,0.09657534269386855,0.0,7.083251803582935e-18,8.572560664291528e-18,0.0
67.8,"[0.06062, 0.0456, 0.3384262773133697]",0.0456,0.3384262773133697,-0.047021133509849294,-0.15332604774838482,0.0,0.14003657053070995,0.3875580066448183,0.0,0.0042021771732034035,-0.26942066077863175,0.0,-0.11780724396494961,-0.7680085507122746,0.0,0.027772115285283144,0.09657534269386855,0.0,7.084552846189917e-18,8.572560664291528e-18,0.0
67.82,"[0.06062, 0.0456, 0.3392076272674353]",0.0456,0.3392076272674353,-0.047021133509849294,-0.15260963505746622,0.0,0.14003657053070995,0.3860107994423807,0.0,0.0042021771732034035,-0.2665495068275196,0.0,-0.11780724396494961,-0.7624915939234805,0.0,0.027772115285283144,0.09608430390734832,0.0,7.079348675761984e-18,8.55823450263256e-18,0.0
67.84,"[0.06062, 0.0456, 0.3392076272674353]",0.0456,0.3392076272674353,-0.047021133509849294,-0.15260963505746622,0.0,0.14003657053070995,0.3860107994423807,0.0,0.0042021771732034035,-0.2665495068275196,0.0,-0.11780724396494961,-0.7624915939234805,0.0,0.027772115285283144,0.09608430390734832,0.0,7.08325180358293e-18,8.55823450263256e-18,0.0
67.86,"[0.06062, 0.0456, 0.3400195037388773]",0.0456,0.3400195037388773,-0.047021133509849294,-0.15185859853644768,0.0,0.14003657053070995,0.38437977863000994,0.0,0.0042021771732034035,-0.2635674658769707,0.0,-0.11780724396494961,-0.7567373041190021,0.0,0.027772115285283144,0.09556992691112787,0.0,7.084119165320921e-18,8.654887466946151e-18,0.0
67.88,"[0.06062, 0.0456, 0.3400195037388773]",0.0456,0.3400195037388773,-0.047021133509849294,-0.15185859853644768,0.0,0.14003657053070995,0.38437977863000994,0.0,0.0042021771732034035,-0.2635674658769707,0.0,-0.11780724396494961,-0.7567373041190021,0.0,0.027772115285283144,0.09556992691112787,0.0,7.084119165320923e-18,8.654887466946151e-18,0.0
67.9,"[0.06062, 0.0456, 0.3400195037388773]",0.0456,0.3400195037388773,-0.047021133509849294,-0.15185859853644768,0.0,0.14003657053070995,0.38437977863000994,0.0,0.0042021771732034035,-0.2635674658769707,0.0,-0.11780724396494961,-0.7567373041190021,0.0,0.027772115285283144,0.09556992691112787,0.0,7.084552846189916e-18,8.654887466946151e-18,0.0
67.92,"[0.06062, 0.0456, 0.34086110550363735]",0.0456,0.34086110550363735,-0.047021133509849294,-0.1510728776806175,0.0,0.14003657053070995,0.382663903484939,0.0,0.0042021771732034035,-0.26047749244387464,0.0,-0.11780724396494961,-0.7507486192006704,0.0,0.027772115285283144,0.09503222611142635,0.0,7.083685484451926e-18,8.819884038387602e-18,0.0
67.94,"[0.06062, 0.0456, 0.34086110550363735]",0.0456,0.34086110550363735,-0.047021133509849294,-0.1510728776806175,0.0,0.14003657053070995,0.382663903484939,0.0,0.0042021771732034035,-0.26047749244387464,0.0,-0.11780724396494961,-0.7507486192006704,0.0,0.027772115285283144,0.09503222611142635,0.0,7.081083399237958e-18,8.819884038387602e-18,0.0
67.96,"[0.06062, 0.0456, 0.3417316020023817]",0.0456,0.3417316020023817,-0.047021133509849294,-0.15025242675432343,0.0,0.14003657053070995,0.38086218954469997,0.0,0.0042021771732034035,-0.2572826195701119,0.0,-0.11780724396494961,-0.7445286215551379,0.0,0.027772115285283144,0.09447122874713736,0.0,7.081950760975944e-18,8.720943528583644e-18,0.0
67.98,"[0.06062, 0.0456, 0.3417316020023817]",0.0456,0.3417316020023817,-0.047021133509849294,-0.15025242675432343,0.0,0.14003657053070995,0.38086218954469997,0.0,0.0042021771732034035,-0.2572826195701119,0.0,-0.11780724396494961,-0.7445286215551379,0.0,0.027772115285283144,0.09447122874713736,0.0,7.08455284618991e-18,8.720943528583644e-18,0.0
68.0,"[0.06062, 0.0456, 0.3417316020023817]",0.0456,0.3417316020023817,-0.047021133509849294,-0.15025242675432343,0.0,0.14003657053070995,0.38086218954469997,0.0,0.0042021771732034035,-0.2572826195701119,0.0,-0.11780724396494961,-0.7445286215551379,0.0,0.027772115285283144,0.09447122874713736,0.0,7.089323335748844e-18,8.720943528583644e-18,0.0
68.02,"[0.06062, 0.0456, 0.3426301341601621]",0.0456,0.3426301341601621,-0.047021133509849294,-0.14939721650198962,0.0,0.14003657053070995,0.3789737184315898,0.0,0.0042021771732034035,-0.25398595398364765,0.0,-0.11780724396494961,-0.7380805395437499,0.0,0.027772115285283144,0.0938869760317807,0.0,7.083685484451922e-18,8.877922972022719e-18,0.0
68.04,"[0.06062, 0.0456, 0.3426301341601621]",0.0456,0.3426301341601621,-0.047021133509849294,-0.14939721650198962,0.0,0.14003657053070995,0.3789737184315898,0.0,0.0042021771732034035,-0.25398595398364765,0.0,-0.11780724396494961,-0.7380805395437499,0.0,0.027772115285283144,0.0938869760317807,0.0,7.081950760975944e-18,8.877922972022719e-18,0.0
68.06,"[0.06062, 0.0456, 0.34355581523422013]",0.0456,0.34355581523422013,-0.047021133509849294,-0.1485072358442565,0.0,0.14003657053070995,0.3769976474813906,0.0,0.0042021771732034035,-0.250590671424985,0.0,-0.11780724396494961,-0.7314077490452866,0.0,0.027772115285283144,0.0932795242734695,0.0,7.086287569665884e-18,8.741230719855635e-18,0.0
68.08,"[0.06062, 0.0456, 0.34355581523422013]",0.0456,0.34355581523422013,-0.047021133509849294,-0.1485072358442565,0.0,0.14003657053070995,0.3769976474813906,0.0,0.0042021771732034035,-0.250590671424985,0.0,-0.11780724396494961,-0.7314077490452866,0.0,0.027772115285283144,0.0932795242734695,0.0,7.084986527058903e-18,8.741230719855635e-18,0.0
68.1,"[0.06062, 0.0456, 0.34355581523422013]",0.0456,0.34355581523422013,-0.047021133509849294,-0.1485072358442565,0.0,0.14003657053070995,0.3769976474813906,0.0,0.0042021771732034035,-0.250590671424985,0.0,-0.11780724396494961,-0.7314077490452866,0.0,0.027772115285283144,0.0932795242734695,0.0,7.085853888796892e-18,8.741230719855635e-18,0.0
68.12,"[0.06062, 0.0456, 0.3445077316890945]",0.0456,0.3445077316890945,-0.047021133509849294,-0.1475824935566354,0.0,0.14003657053070995,0.37493321913873645,0.0,0.0042021771732034035,-0.24710001216045338,0.0,-0.11780724396494961,-0.7245137750600424,0.0,0.027772115285283144,0.09264894597026486,0.0,7.080216037499964e-18,8.876925660095443e-18,0.0
68.14,"[0.06062, 0.0456, 0.3445077316890945]",0.0456,0.3445077316890945,-0.047021133509849294,-0.1475824935566354,0.0,0.14003657053070995,0.37493321913873645,0.0,0.0042021771732034035,-0.24710001216045338,0.0,-0.11780724396494961,-0.7245137750600424,0.0,0.027772115285283144,0.09264894597026486,0.0,7.085853888796891e-18,8.876925660095443e-18,0.0
68.16,"[0.06062, 0.0456, 0.3454849440981704]",0.0456,0.3454849440981704,-0.047021133509849294,-0.14662301992906587,0.0,0.14003657053070995,0.37277977008550833,0.0,0.0042021771732034035,-0.24351727670123896,0.0,-0.11780724396494961,-0.717402293385083,0.0,0.027772115285283144,0.09199533087900195,0.0,7.083251803582924e-18,9.049296858309658e-18,0.0
68.18,"[0.06062, 0.0456, 0.3454849440981704]",0.0456,0.3454849440981704,-0.047021133509849294,-0.14662301992906587,0.0,0.14003657053070995,0.37277977008550833,0.0,0.0042021771732034035,-0.24351727670123896,0.0,-0.11780724396494961,-0.717402293385083,0.0,0.027772115285283144,0.09199533087900195,0.0,7.086721250534879e-18,9.049296858309658e-18,0.0
68.2,"[0.06062, 0.0456, 0.3454849440981704]",0.0456,0.3454849440981704,-0.047021133509849294,-0.14662301992906587,0.0,0.14003657053070995,0.37277977008550833,0.0,0.0042021771732034035,-0.24351727670123896,0.0,-0.11780724396494961,-0.717402293385083,0.0,0.027772115285283144,0.09199533087900195,0.0,7.080216037499964e-18,9.049296858309658e-18,0.0
68.22,"[0.06062, 0.0456, 0.3464864880707805]",0.0456,0.3464864880707805,-0.047021133509849294,-0.14562886840578945,0.0,0.14003657053070995,0.3705367400727804,0.0,0.0042021771732034035,-0.23984582174450392,0.0,-0.11780724396494961,-0.71007713237196,0.0,0.027772115285283144,0.09131878705639568,0.0,7.077613952286e-18,8.599688270968124e-18,0.0
68.24,"[0.06062, 0.0456, 0.3464864880707805]",0.0456,0.3464864880707805,-0.047021133509849294,-0.14562886840578945,0.0,0.14003657053070995,0.3705367400727804,0.0,0.0042021771732034035,-0.23984582174450392,0.0,-0.11780724396494961,-0.71007713237196,0.0,0.027772115285283144,0.09131878705639568,0.0,7.081517080106947e-18,8.599688270968124e-18,0.0
68.26,"[0.06062, 0.0456, 0.34751137520394154]",0.0456,0.34751137520394154,-0.047021133509849294,-0.14460011720596097,0.0,0.14003657053070995,0.36820368043099594,0.0,0.0042021771732034035,-0.23608905635031527,0.0,-0.11780724396494961,-0.7025422747794198,0.0,0.027772115285283144,0.09061944187193736,0.0,7.088455974010856e-18,8.65554333465347e-18,0.0
68.28,"[0.06062, 0.0456, 0.34751137520394154]",0.0456,0.34751137520394154,-0.047021133509849294,-0.14460011720596097,0.0,0.14003657053070995,0.36820368043099594,0.0,0.0042021771732034035,-0.23608905635031527,0.0,-0.11780724396494961,-0.7025422747794198,0.0,0.027772115285283144,0.09061944187193736,0.0,7.09192542096281e-18,8.65554333465347e-18,0.0
68.301,"[0.06062, 0.0456, 0.34751137520394154]",0.0456,0.34751137520394154,-0.047021133509849294,-0.14460011720596097,0.0,0.14003657053070995,0.36820368043099594,0.0,0.0042021771732034035,-0.23608905635031527,0.0,-0.11780724396494961,-0.7025422747794198,0.0,0.027772115285283144,0.09061944187193736,0.0,7.086287569665884e-18,8.65554333465347e-18,0.0
68.32,"[0.06062, 0.0456, 0.34857975915654066]",0.0456,0.34857975915654066,-0.047021133509849294,-0.14351549128543706,0.0,0.14003657053070995,0.365731693300149,0.0,0.0042021771732034035,-0.2321729028366481,0.0,-0.11780724396494961,-0.6946457909672955,0.0,0.027772115285283144,0.0898829185294863,0.0,7.088022293141863e-18,8.573091615185246e-18,0.0
68.34,"[0.06062, 0.0456, 0.34857975915654066]",0.0456,0.34857975915654066,-0.047021133509849294,-0.14351549128543706,0.0,0.14003657053070995,0.365731693300149,0.0,0.0042021771732034035,-0.2321729028366481,0.0,-0.11780724396494961,-0.6946457909672955,0.0,0.027772115285283144,0.0898829185294863,0.0,7.084986527058903e-18,8.573091615185246e-18,0.0
68.36,"[0.06062, 0.0456, 0.3496271111537475]",0.0456,0.3496271111537475,-0.047021133509849294,-0.14243902773096223,0.0,0.14003657053070995,0.36326541472084073,0.0,0.0042021771732034035,-0.22833336418747605,0.0,-0.11780724396494961,-0.6868593798640632,0.0,0.027772115285283144,0.08915281814232215,0.0,7.082818122713931e-18,8.575343300755041e-18,0.0
68.381,"[0.06062, 0.0456, 0.3496271111537475]",0.0456,0.3496271111537475,-0.047021133509849294,-0.14243902773096223,0.0,0.14003657053070995,0.36326541472084073,0.0,0.0042021771732034035,-0.22833336418747605,0.0,-0.11780724396494961,-0.6868593798640632,0.0,0.027772115285283144,0.08915281814232215,0.0,7.086287569665882e-18,8.575343300755041e-18,0.0
68.4,"[0.06062, 0.0456, 0.3496271111537475]",0.0456,0.3496271111537475,-0.047021133509849294,-0.14243902773096223,0.0,0.14003657053070995,0.36326541472084073,0.0,0.0042021771732034035,-0.22833336418747605,0.0,-0.11780724396494961,-0.6868593798640632,0.0,0.027772115285283144,0.08915281814232215,0.0,7.084552846189907e-18,8.575343300755041e-18,0.0
68.42,"[0.06062, 0.0456, 0.3507158719944457]",0.0456,0.3507158719944457,-0.047021133509849294,-0.1413074531342527,0.0,0.14003657053070995,0.36066167993095555,0.0,0.0042021771732034035,-0.22434170058447214,0.0,-0.11780724396494961,-0.6787217068522234,0.0,0.027772115285283144,0.08838617985853599,0.0,7.087154931403872e-18,8.934024009884151e-18,0.0
68.44,"[0.06062, 0.0456, 0.3507158719944457]",0.0456,0.3507158719944457,-0.047021133509849294,-0.1413074531342527,0.0,0.14003657053070995,0.36066167993095555,0.0,0.0042021771732034035,-0.22434170058447214,0.0,-0.11780724396494961,-0.6787217068522234,0.0,0.027772115285283144,0.08838617985853599,0.0,7.084552846189905e-18,8.934024009884151e-18,0.0
68.46,"[0.06062, 0.0456, 0.3518238021043821]",0.0456,0.3518238021043821,-0.047021133509849294,-0.1401416357760736,0.0,0.14003657053070995,0.3579665252099306,0.0,0.0042021771732034035,-0.22027871203120303,0.0,-0.11780724396494961,-0.6703910510490011,0.0,0.027772115285283144,0.08759732477563492,0.0,7.081517080106945e-18,9.33428059349241e-18,0.0
68.48,"[0.06062, 0.0456, 0.3518238021043821]",0.0456,0.3518238021043821,-0.047021133509849294,-0.1401416357760736,0.0,0.14003657053070995,0.3579665252099306,0.0,0.0042021771732034035,-0.22027871203120303,0.0,-0.11780724396494961,-0.6703910510490011,0.0,0.027772115285283144,0.08759732477563492,0.0,7.085853888796888e-18,9.33428059349241e-18,0.0
68.5,"[0.06062, 0.0456, 0.3518238021043821]",0.0456,0.3518238021043821,-0.047021133509849294,-0.1401416357760736,0.0,0.14003657053070995,0.3579665252099306,0.0,0.0042021771732034035,-0.22027871203120303,0.0,-0.11780724396494961,-0.6703910510490011,0.0,0.027772115285283144,0.08759732477563492,0.0,7.085420207927895e-18,9.33428059349241e-18,0.0
68.52,"[0.06062, 0.0456, 0.35294980809029997]",0.0456,0.35294980809029997,-0.047021133509849294,-0.1389420380306489,0.0,0.14003657053070995,0.3551810438817818,0.0,0.0042021771732034035,-0.2161481271837384,0.0,-0.11780724396494961,-0.6618730008772284,0.0,0.027772115285283144,0.08678662674682623,0.0,7.084119165320912e-18,9.245209034162898e-18,0.0
68.54,"[0.06062, 0.0456, 0.35294980809029997]",0.0456,0.35294980809029997,-0.047021133509849294,-0.1389420380306489,0.0,0.14003657053070995,0.3551810438817818,0.0,0.0042021771732034035,-0.2161481271837384,0.0,-0.11780724396494961,-0.6618730008772284,0.0,0.027772115285283144,0.08678662674682623,0.0,7.090624378355825e-18,9.245209034162898e-18,0.0
68.56,"[0.06062, 0.0456, 0.3540927787202358]",0.0456,0.3540927787202358,-0.047021133509849294,-0.13770891907857846,0.0,0.14003657053070995,0.3523056156214343,0.0,0.0042021771732034035,-0.2119536037776092,0.0,-0.11780724396494961,-0.6531725126343952,0.0,0.027772115285283144,0.08595435050258637,0.0,7.08802229314186e-18,9.729759563624164e-18,0.0
68.58,"[0.06062, 0.0456, 0.3540927787202358]",0.0456,0.3540927787202358,-0.047021133509849294,-0.13770891907857846,0.0,0.14003657053070995,0.3523056156214343,0.0,0.0042021771732034035,-0.2119536037776092,0.0,-0.11780724396494961,-0.6531725126343952,0.0,0.027772115285283144,0.08595435050258637,0.0,7.082818122713928e-18,9.729759563624164e-18,0.0
68.6,"[0.06062, 0.0456, 0.3540927787202358]",0.0456,0.3540927787202358,-0.047021133509849294,-0.13770891907857846,0.0,0.14003657053070995,0.3523056156214343,0.0,0.0042021771732034035,-0.2119536037776092,0.0,-0.11780724396494961,-0.6531725126343952,0.0,0.027772115285283144,0.08595435050258637,0.0,7.085420207927895e-18,9.729759563624164e-18,0.0
68.62,"[0.06062, 0.0456, 0.3552515860201702]",0.0456,0.3552515860201702,-0.047021133509849294,-0.13644257485698133,0.0,0.14003657053070995,0.3493407806503332,0.0,0.0042021771732034035,-0.2076988318845706,0.0,-0.11780724396494961,-0.644294712932878,0.0,0.027772115285283144,0.08510078480404644,0.0,7.086721250534879e-18,9.82900369551896e-18,0.0
68.64,"[0.06062, 0.0456, 0.3552515860201702]",0.0456,0.3552515860201702,-0.047021133509849294,-0.13644257485698133,0.0,0.14003657053070995,0.3493407806503332,0.0,0.0042021771732034035,-0.2076988318845706,0.0,-0.11780724396494961,-0.644294712932878,0.0,0.027772115285283144,0.08510078480404644,0.0,7.08585388879689e-18,9.82900369551896e-18,0.0
68.66,"[0.06062, 0.0456, 0.3564250863872027]",0.0456,0.3564250863872027,-0.047021133509849294,-0.13514333871057102,0.0,0.14003657053070995,0.3462872455573834,0.0,0.0042021771732034035,-0.20338753266129678,0.0,-0.11780724396494961,-0.6352449028807957,0.0,0.027772115285283144,0.08422624497173221,0.0,7.084986527058901e-18,9.988657294939727e-18,0.0
68.68,"[0.06062, 0.0456, 0.3564250863872027]",0.0456,0.3564250863872027,-0.047021133509849294,-0.13514333871057102,0.0,0.14003657053070995,0.3462872455573834,0.0,0.0042021771732034035,-0.20338753266129678,0.0,-0.11780724396494961,-0.6352449028807957,0.0,0.027772115285283144,0.08422624497173221,0.0,7.083685484451919e-18,9.988657294939727e-18,0.0
68.7,"[0.06062, 0.0456, 0.3564250863872027]",0.0456,0.3564250863872027,-0.047021133509849294,-0.13514333871057102,0.0,0.14003657053070995,0.3462872455573834,0.0,0.0042021771732034035,-0.20338753266129678,0.0,-0.11780724396494961,-0.6352449028807957,0.0,0.027772115285283144,0.08422624497173221,0.0,7.0849865270589e-18,9.988657294939727e-18,0.0
68.72,"[0.06062, 0.0456, 0.3576121217181495]",0.0456,0.3576121217181495,-0.047021133509849294,-0.13381158301037255,0.0,0.14003657053070995,0.34314588843019883,0.0,0.0042021771732034035,-0.19902345685943795,0.0,-0.11780724396494961,-0.6260285615169278,0.0,0.027772115285283144,0.0833310737285602,0.0,7.07978235663097e-18,9.772395505233969e-18,0.0
68.74,"[0.06062, 0.0456, 0.3576121217181495]",0.0456,0.3576121217181495,-0.047021133509849294,-0.13381158301037255,0.0,0.14003657053070995,0.34314588843019883,0.0,0.0042021771732034035,-0.19902345685943795,0.0,-0.11780724396494961,-0.6260285615169278,0.0,0.027772115285283144,0.0833310737285602,0.0,7.082384441844939e-18,9.772395505233969e-18,0.0
68.76,"[0.06062, 0.0456, 0.3588115205524513]",0.0456,0.3588115205524513,-0.047021133509849294,-0.1324477208033912,0.0,0.14003657053070995,0.33991776361324466,0.0,0.0042021771732034035,-0.1946103835774409,0.0,-0.11780724396494961,-0.6166513495061676,0.0,0.027772115285283144,0.08241564204166295,0.0,7.084552846189907e-18,9.822315358415494e-18,0.0
68.78,"[0.06062, 0.0456, 0.3588115205524513]",0.0456,0.3588115205524513,-0.047021133509849294,-0.1324477208033912,0.0,0.14003657053070995,0.33991776361324466,0.0,0.0042021771732034035,-0.1946103835774409,0.0,-0.11780724396494961,-0.6166513495061676,0.0,0.027772115285283144,0.08241564204166295,0.0,7.08585388879689e-18,9.822315358415494e-18,0.0
68.8,"[0.06062, 0.0456, 0.3588115205524513]",0.0456,0.3588115205524513,-0.047021133509849294,-0.1324477208033912,0.0,0.14003657053070995,0.33991776361324466,0.0,0.0042021771732034035,-0.1946103835774409,0.0,-0.11780724396494961,-0.6166513495061676,0.0,0.027772115285283144,0.08241564204166295,0.0,7.082384441844934e-18,9.822315358415494e-18,0.0
68.82,"[0.06062, 0.0456, 0.360022099228264]",0.0456,0.360022099228264,-0.047021133509849294,-0.13105220750299665,0.0,0.14003657053070995,0.3366041061087326,0.0,0.0042021771732034035,-0.19015211924410094,0.0,-0.11780724396494961,-0.6071191131170961,0.0,0.027772115285283144,0.0814803499686843,0.0,7.08108339923795e-18,9.748435759468305e-18,0.0
68.84,"[0.06062, 0.0456, 0.360022099228264]",0.0456,0.360022099228264,-0.047021133509849294,-0.13105220750299665,0.0,0.14003657053070995,0.3366041061087326,0.0,0.0042021771732034035,-0.19015211924410094,0.0,-0.11780724396494961,-0.6071191131170961,0.0,0.027772115285283144,0.0814803499686843,0.0,7.08585388879689e-18,9.748435759468305e-18,0.0
68.86,"[0.06062, 0.0456, 0.3612426630505895]",0.0456,0.3612426630505895,-0.047021133509849294,-0.12962554262868697,0.0,0.14003657053070995,0.33320633563270374,0.0,0.0042021771732034035,-0.1856524968219499,0.0,-0.11780724396494961,-0.5974378884983053,0.0,0.027772115285283144,0.08052562751361511,0.0,7.087588612272867e-18,9.791453490228561e-18,0.0
68.88,"[0.06062, 0.0456, 0.3612426630505895]",0.0456,0.3612426630505895,-0.047021133509849294,-0.12962554262868697,0.0,0.14003657053070995,0.33320633563270374,0.0,0.0042021771732034035,-0.1856524968219499,0.0,-0.11780724396494961,-0.5974378884983053,0.0,0.027772115285283144,0.08052562751361511,0.0,7.079348675761978e-18,9.791453490228561e-18,0.0
68.9,"[0.06062, 0.0456, 0.3612426630505895]",0.0456,0.3612426630505895,-0.047021133509849294,-0.12962554262868697,0.0,0.14003657053070995,0.33320633563270374,0.0,0.0042021771732034035,-0.1856524968219499,0.0,-0.11780724396494961,-0.5974378884983053,0.0,0.027772115285283144,0.08052562751361511,0.0,7.08715493140387e-18,9.791453490228561e-18,0.0
68.92,"[0.06062, 0.0456, 0.36247200747029545]",0.0456,0.36247200747029545,-0.047021133509849294,-0.1281682716040231,0.0,0.14003657053070995,0.3297260603398431,0.0,0.0042021771732034035,-0.18111537521708615,0.0,-0.11780724396494961,-0.5876139062688823,0.0,0.027772115285283144,0.07955193549727542,0.0,7.08715493140387e-18,1.0233220756155684e-17,0.0
68.94,"[0.06062, 0.0456, 0.36247200747029545]",0.0456,0.36247200747029545,-0.047021133509849294,-0.1281682716040231,0.0,0.14003657053070995,0.3297260603398431,0.0,0.0042021771732034035,-0.18111537521708615,0.0,-0.11780724396494961,-0.5876139062688823,0.0,0.027772115285283144,0.07955193549727542,0.0,7.081517080106947e-18,1.0233220756155684e-17,0.0
68.962,"[0.06062, 0.0456, 0.3637089192728603]",0.0456,0.3637089192728603,-0.047021133509849294,-0.12668098762153035,0.0,0.14003657053070995,0.32616508023128965,0.0,0.0042021771732034035,-0.1765446388806806,0.0,-0.11780724396494961,-0.5776535964369697,0.0,0.027772115285283144,0.07855976644752614,0.0,7.086287569665884e-18,1.0328056322462746e-17,0.0
68.98,"[0.06062, 0.0456, 0.3637089192728603]",0.0456,0.3637089192728603,-0.047021133509849294,-0.12668098762153035,0.0,0.14003657053070995,0.32616508023128965,0.0,0.0042021771732034035,-0.1765446388806806,0.0,-0.11780724396494961,-0.5776535964369697,0.0,0.027772115285283144,0.07855976644752614,0.0,7.083251803582924e-18,1.0328056322462746e-17,0.0
69.0,"[0.06062, 0.0456, 0.3637089192728603]",0.0456,0.3637089192728603,-0.047021133509849294,-0.12668098762153035,0.0,0.14003657053070995,0.32616508023128965,0.0,0.0042021771732034035,-0.1765446388806806,0.0,-0.11780724396494961,-0.5776535964369697,0.0,0.027772115285283144,0.07855976644752614,0.0,7.081083399237955e-18,1.0328056322462746e-17,0.0
69.02,"[0.06062, 0.0456, 0.3649521777756691]",0.0456,0.3649521777756691,-0.047021133509849294,-0.12516433358323187,0.0,0.14003657053070995,0.32252539025999105,0.0,0.0042021771732034035,-0.17194419758607143,0.0,-0.11780724396494961,-0.5675635936583996,0.0,0.027772115285283144,0.07754964551417871,0.0,7.085420207927898e-18,1.038807791937534e-17,0.0
69.04,"[0.06062, 0.0456, 0.3649521777756691]",0.0456,0.3649521777756691,-0.047021133509849294,-0.12516433358323187,0.0,0.14003657053070995,0.32252539025999105,0.0,0.0042021771732034035,-0.17194419758607143,0.0,-0.11780724396494961,-0.5675635936583996,0.0,0.027772115285283144,0.07754964551417871,0.0,7.088455974010856e-18,1.038807791937534e-17,0.0
69.061,"[0.06062, 0.0456, 0.36620055603267987]",0.0456,0.36620055603267987,-0.047021133509849294,-0.12361900412520577,0.0,0.14003657053070995,0.3188091831480033,0.0,0.0042021771732034035,-0.16731798636408263,0.0,-0.11780724396494961,-0.5573507428450256,0.0,0.027772115285283144,0.07652213141336286,0.0,7.086287569665884e-18,1.068280629590377e-17,0.0
69.08,"[0.06062, 0.0456, 0.36620055603267987]",0.0456,0.36620055603267987,-0.047021133509849294,-0.12361900412520577,0.0,0.14003657053070995,0.3188091831480033,0.0,0.0042021771732034035,-0.16731798636408263,0.0,-0.11780724396494961,-0.5573507428450256,0.0,0.027772115285283144,0.07652213141336286,0.0,7.084986527058903e-18,1.068280629590377e-17,0.0
69.1,"[0.06062, 0.0456, 0.36620055603267987]",0.0456,0.36620055603267987,-0.047021133509849294,-0.12361900412520577,0.0,0.14003657053070995,0.3188091831480033,0.0,0.0042021771732034035,-0.16731798636408263,0.0,-0.11780724396494961,-0.5573507428450256,0.0,0.027772115285283144,0.07652213141336286,0.0,7.084986527058904e-18,1.068280629590377e-17,0.0
69.12,"[0.06062, 0.0456, 0.36745282204527163]",0.0456,0.36745282204527163,-0.047021133509849294,-0.12204574773413215,0.0,0.14003657053070995,0.31501885192955836,0.0,0.0042021771732034035,-0.16266996557799196,0.0,-0.11780724396494961,-0.5470221051295674,0.0,0.027772115285283144,0.07547781740581626,0.0,7.087154931403875e-18,1.1068489144533188e-17,0.0
69.14,"[0.06062, 0.0456, 0.36745282204527163]",0.0456,0.36745282204527163,-0.047021133509849294,-0.12204574773413215,0.0,0.14003657053070995,0.31501885192955836,0.0,0.0042021771732034035,-0.16266996557799196,0.0,-0.11780724396494961,-0.5470221051295674,0.0,0.027772115285283144,0.07547781740581626,0.0,7.087154931403878e-18,1.1068489144533188e-17,0.0
69.16,"[0.06062, 0.0456, 0.3687077399780777]",0.0456,0.3687077399780777,-0.047021133509849294,-0.12044536896319565,0.0,0.14003657053070995,0.3111569922326857,0.0,0.0042021771732034035,-0.15800412111837198,0.0,-0.11780724396494961,-0.5365849641903951,0.0,0.027772115285283144,0.07441733231315584,0.0,7.087588612272873e-18,1.1280298382658014e-17,0.0
69.18,"[0.06062, 0.0456, 0.3687077399780777]",0.0456,0.3687077399780777,-0.047021133509849294,-0.12044536896319565,0.0,0.14003657053070995,0.3111569922326857,0.0,0.0042021771732034035,-0.15800412111837198,0.0,-0.11780724396494961,-0.5365849641903951,0.0,0.027772115285283144,0.07441733231315584,0.0,7.08325180358293e-18,1.1280298382658014e-17,0.0
69.2,"[0.06062, 0.0456, 0.3687077399780777]",0.0456,0.3687077399780777,-0.047021133509849294,-0.12044536896319565,0.0,0.14003657053070995,0.3111569922326857,0.0,0.0042021771732034035,-0.15800412111837198,0.0,-0.11780724396494961,-0.5365849641903951,0.0,0.027772115285283144,0.07441733231315584,0.0,7.08325180358293e-18,1.1280298382658014e-17,0.0
69.22,"[0.06062, 0.0456, 0.3699640713786066]",0.0456,0.3699640713786066,-0.047021133509849294,-0.11881873075392098,0.0,0.14003657053070995,0.30722640431067305,0.0,0.0042021771732034035,-0.1533244646968396,0.0,-0.11780724396494961,-0.5260468329356869,0.0,0.027772115285283144,0.07334134157567633,0.0,7.084986527058906e-18,1.04670216188832e-17,0.0
69.24,"[0.06062, 0.0456, 0.3699640713786066]",0.0456,0.3699640713786066,-0.047021133509849294,-0.11881873075392098,0.0,0.14003657053070995,0.30722640431067305,0.0,0.0042021771732034035,-0.1533244646968396,0.0,-0.11780724396494961,-0.5260468329356869,0.0,0.027772115285283144,0.07334134157567633,0.0,7.083251803582932e-18,1.04670216188832e-17,0.0
69.26,"[0.06062, 0.0456, 0.37122057639944467]",0.0456,0.37122057639944467,-0.047021133509849294,-0.11716675686952653,0.0,0.14003657053070995,0.3032300948327024,0.0,0.0042021771732034035,-0.1486350342165814,0.0,-0.11780724396494961,-0.5154154605417637,0.0,0.027772115285283144,0.0722505483545942,0.0,7.07978235663098e-18,1.0164691791793178e-17,0.0
69.282,"[0.06062, 0.0456, 0.37122057639944467]",0.0456,0.37122057639944467,-0.047021133509849294,-0.11716675686952653,0.0,0.14003657053070995,0.3032300948327024,0.0,0.0042021771732034035,-0.1486350342165814,0.0,-0.11780724396494961,-0.5154154605417637,0.0,0.027772115285283144,0.0722505483545942,0.0,7.084986527058912e-18,1.0164691791793178e-17,0.0
69.3,"[0.06062, 0.0456, 0.37122057639944467]",0.0456,0.37122057639944467,-0.047021133509849294,-0.11716675686952653,0.0,0.14003657053070995,0.3032300948327024,0.0,0.0042021771732034035,-0.1486350342165814,0.0,-0.11780724396494961,-0.5154154605417637,0.0,0.027772115285283144,0.0722505483545942,0.0,7.08368548445193e-18,1.0164691791793178e-17,0.0
69.32,"[0.06062, 0.0456, 0.3724760150218361]",0.0456,0.3724760150218361,-0.047021133509849294,-0.11549043444414314,0.0,0.14003657053070995,0.2991712784405326,0.0,0.0042021771732034035,-0.14393989419630196,0.0,-0.11780724396494961,-0.5046988398349377,0.0,0.027772115285283144,0.07114569468088824,0.0,7.079782356630978e-18,1.007723714461087e-17,0.0
69.34,"[0.06062, 0.0456, 0.3724760150218361]",0.0456,0.3724760150218361,-0.047021133509849294,-0.11549043444414314,0.0,0.14003657053070995,0.2991712784405326,0.0,0.0042021771732034035,-0.14393989419630196,0.0,-0.11780724396494961,-0.5046988398349377,0.0,0.027772115285283144,0.07114569468088824,0.0,7.082818122713935e-18,1.007723714461087e-17,0.0
69.36,"[0.06062, 0.0456, 0.3737291482794315]",0.0456,0.3737291482794315,-0.047021133509849294,-0.11379081665076386,0.0,0.14003657053070995,0.29505337907519,0.0,0.0042021771732034035,-0.13924313622303833,0.0,-0.11780724396494961,-0.49390521499998374,0.0,0.027772115285283144,0.07002756265199069,0.0,7.083685484451925e-18,1.0234253409458184e-17,0.0
69.38,"[0.06062, 0.0456, 0.3737291482794315]",0.0456,0.3737291482794315,-0.047021133509849294,-0.11379081665076386,0.0,0.14003657053070995,0.29505337907519,0.0,0.0042021771732034035,-0.13924313622303833,0.0,-0.11780724396494961,-0.49390521499998374,0.0,0.027772115285283144,0.07002756265199069,0.0,7.084986527058904e-18,1.0234253409458184e-17,0.0
69.4,"[0.06062, 0.0456, 0.3737291482794315]",0.0456,0.3737291482794315,-0.047021133509849294,-0.11379081665076386,0.0,0.14003657053070995,0.29505337907519,0.0,0.0042021771732034035,-0.13924313622303833,0.0,-0.11780724396494961,-0.49390521499998374,0.0,0.027772115285283144,0.07002756265199069,0.0,7.08368548445192e-18,1.0234253409458184e-17,0.0
69.42,"[0.06062, 0.0456, 0.37497873948099814]",0.0456,0.37497873948099814,-0.047021133509849294,-0.11206902548900617,0.0,0.14003657053070995,0.2908800310741887,0.0,0.0042021771732034035,-0.13454887940802496,0.0,-0.11780724396494961,-0.483043089591133,0.0,0.027772115285283144,0.06889697567652554,0.0,7.083685484451922e-18,1.0141616668099978e-17,0.0
69.441,"[0.06062, 0.0456, 0.37497873948099814]",0.0456,0.37497873948099814,-0.047021133509849294,-0.11206902548900617,0.0,0.14003657053070995,0.2908800310741887,0.0,0.0042021771732034035,-0.13454887940802496,0.0,-0.11780724396494961,-0.483043089591133,0.0,0.027772115285283144,0.06889697567652554,0.0,7.079782356630974e-18,1.0141616668099978e-17,0.0
69.46,"[0.06062, 0.0456, 0.3762235554308852]",0.0456,0.3762235554308852,-0.047021133509849294,-0.11032625469166556,0.0,0.14003657053070995,0.28665508003586204,0.0,0.0042021771732034035,-0.12986127081848822,0.0,-0.11780724396494961,-0.47212123481321916,0.0,0.027772115285283144,0.06775479976605846,0.0,7.083251803582927e-18,1.0172303604395093e-17,0.0
69.48,"[0.06062, 0.0456, 0.3762235554308852]",0.0456,0.3762235554308852,-0.047021133509849294,-0.11032625469166556,0.0,0.14003657053070995,0.28665508003586204,0.0,0.0042021771732034035,-0.12986127081848822,0.0,-0.11780724396494961,-0.47212123481321916,0.0,0.027772115285283144,0.06775479976605846,0.0,7.085420207927899e-18,1.0172303604395093e-17,0.0
69.5,"[0.06062, 0.0456, 0.3762235554308852]",0.0456,0.3762235554308852,-0.047021133509849294,-0.11032625469166556,0.0,0.14003657053070995,0.28665508003586204,0.0,0.0042021771732034035,-0.12986127081848822,0.0,-0.11780724396494961,-0.47212123481321916,0.0,0.027772115285283144,0.06775479976605846,0.0,7.086721250534883e-18,1.0172303604395093e-17,0.0
69.52,"[0.06062, 0.0456, 0.3774623676460385]",0.0456,0.3774623676460385,-0.047021133509849294,-0.1085637727465781,0.0,0.14003657053070995,0.28238258344295164,0.0,0.0042021771732034035,-0.12518448585693123,0.0,-0.11780724396494961,-0.46114869803126557,0.0,0.027772115285283144,0.06660194487141942,0.0,7.087154931403877e-18,9.456982234493854e-18,0.0
69.54,"[0.06062, 0.0456, 0.3774623676460385]",0.0456,0.3774623676460385,-0.047021133509849294,-0.1085637727465781,0.0,0.14003657053070995,0.28238258344295164,0.0,0.0042021771732034035,-0.12518448585693123,0.0,-0.11780724396494961,-0.46114869803126557,0.0,0.027772115285283144,0.06660194487141942,0.0,7.085853888796895e-18,9.456982234493854e-18,0.0
69.56,"[0.06062, 0.0456, 0.3786939535683653]",0.0456,0.3786939535683653,-0.047021133509849294,-0.1067829260274412,0.0,0.14003657053070995,0.27806681103261177,0.0,0.0042021771732034035,-0.1205227285580787,0.0,-0.11780724396494961,-0.45013481145612844,0.0,0.027772115285283144,0.06543936625953761,0.0,7.087154931403875e-18,9.92360025307368e-18,0.0
69.582,"[0.06062, 0.0456, 0.3786939535683653]",0.0456,0.3786939535683653,-0.047021133509849294,-0.1067829260274412,0.0,0.14003657053070995,0.27806681103261177,0.0,0.0042021771732034035,-0.1205227285580787,0.0,-0.11780724396494961,-0.45013481145612844,0.0,0.027772115285283144,0.06543936625953761,0.0,7.083251803582927e-18,9.92360025307368e-18,0.0
69.6,"[0.06062, 0.0456, 0.3786939535683653]",0.0456,0.3786939535683653,-0.047021133509849294,-0.1067829260274412,0.0,0.14003657053070995,0.27806681103261177,0.0,0.0042021771732034035,-0.1205227285580787,0.0,-0.11780724396494961,-0.45013481145612844,0.0,0.027772115285283144,0.06543936625953761,0.0,7.080649718368962e-18,9.92360025307368e-18,0.0
69.62,"[0.06062, 0.0456, 0.37994146624420616]",0.0456,0.37994146624420616,-0.047021133509849294,-0.10494956250335487,0.0,0.14003657053070995,0.2736262445389676,0.0,0.0042021771732034035,-0.11578799131410439,0.0,-0.11780724396494961,-0.4388701346260731,0.0,0.027772115285283144,0.06424486490420843,0.0,7.086721250534883e-18,1.015874689782119e-17,0.0
69.64,"[0.06062, 0.0456, 0.37994146624420616]",0.0456,0.37994146624420616,-0.047021133509849294,-0.10494956250335487,0.0,0.14003657053070995,0.2736262445389676,0.0,0.0042021771732034035,-0.11578799131410439,0.0,-0.11780724396494961,-0.4388701346260731,0.0,0.027772115285283144,0.06424486490420843,0.0,7.088889654879851e-18,1.015874689782119e-17,0.0
69.66,"[0.06062, 0.0456, 0.3811305931590408]",0.0456,0.3811305931590408,-0.047021133509849294,-0.10317145610703318,0.0,0.14003657053070995,0.26932208115647277,0.0,0.0042021771732034035,-0.11126073942141905,0.0,-0.11780724396494961,-0.4280197875705002,0.0,0.027772115285283144,0.06308883294301434,0.0,7.091058059224821e-18,1.0800775903710345e-17,0.0
69.68,"[0.06062, 0.0456, 0.3811305931590408]",0.0456,0.3811305931590408,-0.047021133509849294,-0.10317145610703318,0.0,0.14003657053070995,0.26932208115647277,0.0,0.0042021771732034035,-0.11126073942141905,0.0,-0.11780724396494961,-0.4280197875705002,0.0,0.027772115285283144,0.06308883294301434,0.0,7.087154931403873e-18,1.0800775903710345e-17,0.0
69.7,"[0.06062, 0.0456, 0.3811305931590408]",0.0456,0.3811305931590408,-0.047021133509849294,-0.10317145610703318,0.0,0.14003657053070995,0.26932208115647277,0.0,0.0042021771732034035,-0.11126073942141905,0.0,-0.11780724396494961,-0.4280197875705002,0.0,0.027772115285283144,0.06308883294301434,0.0,7.079782356630969e-18,1.0800775903710345e-17,0.0
69.72,"[0.06062, 0.0456, 0.3823332421582925]",0.0456,0.3823332421582925,-0.047021133509849294,-0.1013448972767149,0.0,0.14003657053070995,0.2649057104254661,0.0,0.0042021771732034035,-0.10667008877432915,0.0,-0.11780724396494961,-0.4169428200730222,0.0,0.027772115285283144,0.061903545412773306,0.0,7.080649718368957e-18,1.067587868258132e-17,0.0
69.74,"[0.06062, 0.0456, 0.3823332421582925]",0.0456,0.3823332421582925,-0.047021133509849294,-0.1013448972767149,0.0,0.14003657053070995,0.2649057104254661,0.0,0.0042021771732034035,-0.10667008877432915,0.0,-0.11780724396494961,-0.4169428200730222,0.0,0.027772115285283144,0.061903545412773306,0.0,7.086721250534877e-18,1.067587868258132e-17,0.0
69.76,"[0.06062, 0.0456, 0.3835238578996419]",0.0456,0.3835238578996419,-0.047021133509849294,-0.09950572831026486,0.0,0.14003657053070995,0.26046378267874576,0.0,0.0042021771732034035,-0.10211106253216676,0.0,-0.11780724396494961,-0.4058628750132898,0.0,0.027772115285283144,0.06071258590309318,0.0,7.08281812271393e-18,9.880976921483499e-18,0.0
69.78,"[0.06062, 0.0456, 0.3835238578996419]",0.0456,0.3835238578996419,-0.047021133509849294,-0.09950572831026486,0.0,0.14003657053070995,0.26046378267874576,0.0,0.0042021771732034035,-0.10211106253216676,0.0,-0.11780724396494961,-0.4058628750132898,0.0,0.027772115285283144,0.06071258590309318,0.0,7.090624378355827e-18,9.880976921483499e-18,0.0
69.8,"[0.06062, 0.0456, 0.3835238578996419]",0.0456,0.3835238578996419,-0.047021133509849294,-0.09950572831026486,0.0,0.14003657053070995,0.26046378267874576,0.0,0.0042021771732034035,-0.10211106253216676,0.0,-0.11780724396494961,-0.4058628750132898,0.0,0.027772115285283144,0.06071258590309318,0.0,7.086721250534877e-18,9.880976921483499e-18,0.0
69.82,"[0.06062, 0.0456, 0.3847012653890971]",0.0456,0.3847012653890971,-0.047021133509849294,-0.09765620972451106,0.0,0.14003657053070995,0.25600309557026435,0.0,0.0042021771732034035,-0.09758850991369003,0.0,-0.11780724396494961,-0.39479280731002236,0.0,0.027772115285283144,0.059517403783092754,0.0,7.08108339923795e-18,9.804111990437669e-18,0.0
69.84,"[0.06062, 0.0456, 0.3847012653890971]",0.0456,0.3847012653890971,-0.047021133509849294,-0.09765620972451106,0.0,0.14003657053070995,0.25600309557026435,0.0,0.0042021771732034035,-0.09758850991369003,0.0,-0.11780724396494961,-0.39479280731002236,0.0,0.027772115285283144,0.059517403783092754,0.0,7.083685484451919e-18,9.804111990437669e-18,0.0
69.86,"[0.06062, 0.0456, 0.38586430266761623]",0.0456,0.38586430266761623,-0.047021133509849294,-0.09579822595542259,0.0,0.14003657053070995,0.2515291911644559,0.0,0.0042021771732034035,-0.09310680849554923,0.0,-0.11780724396494961,-0.38374385407668476,0.0,0.027772115285283144,0.05831926140974801,0.0,7.08151708010695e-18,9.540453135810601e-18,0.0
69.88,"[0.06062, 0.0456, 0.38586430266761623]",0.0456,0.38586430266761623,-0.047021133509849294,-0.09579822595542259,0.0,0.14003657053070995,0.2515291911644559,0.0,0.0042021771732034035,-0.09310680849554923,0.0,-0.11780724396494961,-0.38374385407668476,0.0,0.027772115285283144,0.05831926140974801,0.0,7.081950760975946e-18,9.540453135810601e-18,0.0
69.9,"[0.06062, 0.0456, 0.38586430266761623]",0.0456,0.38586430266761623,-0.047021133509849294,-0.09579822595542259,0.0,0.14003657053070995,0.2515291911644559,0.0,0.0042021771732034035,-0.09310680849554923,0.0,-0.11780724396494961,-0.38374385407668476,0.0,0.027772115285283144,0.05831926140974801,0.0,7.093226463569795e-18,9.540453135810601e-18,0.0
69.92,"[0.06062, 0.0456, 0.3870118219578204]",0.0456,0.3870118219578204,-0.047021133509849294,-0.09393376230619244,0.0,0.14003657053070995,0.2470478086351967,0.0,0.0042021771732034035,-0.08867035724867392,0.0,-0.11780724396494961,-0.3727275822886774,0.0,0.027772115285283144,0.05711947142518443,0.0,7.09366014443879e-18,9.767864884339167e-18,0.0
69.94,"[0.06062, 0.0456, 0.3870118219578204]",0.0456,0.3870118219578204,-0.047021133509849294,-0.09393376230619244,0.0,0.14003657053070995,0.2470478086351967,0.0,0.0042021771732034035,-0.08867035724867392,0.0,-0.11780724396494961,-0.3727275822886774,0.0,0.027772115285283144,0.05711947142518443,0.0,7.093660144438791e-18,9.767864884339167e-18,0.0
69.96,"[0.06062, 0.0456, 0.388142690796712]",0.0456,0.388142690796712,-0.047021133509849294,-0.09206490882333569,0.0,0.14003657053070995,0.2425648895844884,0.0,0.0042021771732034035,-0.08428357911437048,0.0,-0.11780724396494961,-0.3617559085275449,0.0,0.027772115285283144,0.05591940301971766,0.0,7.094961187045776e-18,9.427592954006563e-18,0.0
69.98,"[0.06062, 0.0456, 0.388142690796712]",0.0456,0.388142690796712,-0.047021133509849294,-0.09206490882333569,0.0,0.14003657053070995,0.2425648895844884,0.0,0.0042021771732034035,-0.08428357911437048,0.0,-0.11780724396494961,-0.3617559085275449,0.0,0.027772115285283144,0.05591940301971766,0.0,7.097996953128734e-18,9.427592954006563e-18,0.0
70.0,"[0.06062, 0.0456, 0.388142690796712]",0.0456,0.388142690796712,-0.047021133509849294,-0.09206490882333569,0.0,0.14003657053070995,0.2425648895844884,0.0,0.0042021771732034035,-0.08428357911437048,0.0,-0.11780724396494961,-0.3617559085275449,0.0,0.027772115285283144,0.05591940301971766,0.0,7.097129591390745e-18,9.427592954006563e-18,0.0
70.02,"[0.06062, 0.0456, 0.38925579315327835]",0.0456,0.38925579315327835,-0.047021133509849294,-0.09019386340997831,0.0,0.14003657053070995,0.23808657454968937,0.0,0.0042021771732034035,-0.07995091902025978,0.0,-0.11780724396494961,-0.3508411044977536,0.0,0.027772115285283144,0.05472048312677551,0.0,7.096262229652757e-18,9.646239659522522e-18,0.0
70.04,"[0.06062, 0.0456, 0.38925579315327835]",0.0456,0.38925579315327835,-0.047021133509849294,-0.09019386340997831,0.0,0.14003657053070995,0.23808657454968937,0.0,0.0042021771732034035,-0.07995091902025978,0.0,-0.11780724396494961,-0.3508411044977536,0.0,0.027772115285283144,0.05472048312677551,0.0,7.097129591390745e-18,9.646239659522522e-18,0.0
70.06,"[0.06062, 0.0456, 0.39035003052988015]",0.0456,0.39035003052988015,-0.047021133509849294,-0.08832293469595796,0.0,0.14003657053070995,0.2336191986806823,0.0,0.0042021771732034035,-0.07567684141498102,0.0,-0.11780724396494961,-0.3399958011707811,0.0,0.027772115285283144,0.053524197444637746,0.0,7.09582854878376e-18,9.495807118658676e-18,0.0
70.08,"[0.06062, 0.0456, 0.39035003052988015]",0.0456,0.39035003052988015,-0.047021133509849294,-0.08832293469595796,0.0,0.14003657053070995,0.2336191986806823,0.0,0.0042021771732034035,-0.07567684141498102,0.0,-0.11780724396494961,-0.3399958011707811,0.0,0.027772115285283144,0.053524197444637746,0.0,7.094093825307785e-18,9.495807118658676e-18,0.0
70.1,"[0.06062, 0.0456, 0.39035003052988015]",0.0456,0.39035003052988015,-0.047021133509849294,-0.08832293469595796,0.0,0.14003657053070995,0.2336191986806823,0.0,0.0042021771732034035,-0.07567684141498102,0.0,-0.11780724396494961,-0.3399958011707811,0.0,0.027772115285283144,0.053524197444637746,0.0,7.09409382530778e-18,9.495807118658676e-18,0.0
70.12,"[0.06062, 0.0456, 0.39142432304633556]",0.0456,0.39142432304633556,-0.047021133509849294,-0.0864545446026554,0.0,0.14003657053070995,0.22916928655757857,0.0,0.0042021771732034035,-0.07146582731028817,0.0,-0.11780724396494961,-0.32923299138513334,0.0,0.027772115285283144,0.05233209127191524,0.0,7.099297995735712e-18,9.467537302597425e-18,0.0
70.14,"[0.06062, 0.0456, 0.39142432304633556]",0.0456,0.39142432304633556,-0.047021133509849294,-0.0864545446026554,0.0,0.14003657053070995,0.22916928655757857,0.0,0.0042021771732034035,-0.07146582731028817,0.0,-0.11780724396494961,-0.32923299138513334,0.0,0.027772115285283144,0.05233209127191524,0.0,7.097563272259736e-18,9.467537302597425e-18,0.0
70.16,"[0.06062, 0.0456, 0.3924776105056317]",0.0456,0.3924776105056317,-0.047021133509849294,-0.08459123051739287,0.0,0.14003657053070995,0.2247435460447311,0.0,0.0042021771732034035,-0.06732237079097439,0.0,-0.11780724396494961,-0.3185660306028778,0.0,0.027772115285283144,0.05114577011237903,0.0,7.095394867914763e-18,9.926175643388718e-18,0.0
70.18,"[0.06062, 0.0456, 0.3924776105056317]",0.0456,0.3924776105056317,-0.047021133509849294,-0.08459123051739287,0.0,0.14003657053070995,0.2247435460447311,0.0,0.0042021771732034035,-0.06732237079097439,0.0,-0.11780724396494961,-0.3185660306028778,0.0,0.027772115285283144,0.05114577011237903,0.0,7.093660144438785e-18,9.926175643388718e-18,0.0
70.2,"[0.06062, 0.0456, 0.3924776105056317]",0.0456,0.3924776105056317,-0.047021133509849294,-0.08459123051739287,0.0,0.14003657053070995,0.2247435460447311,0.0,0.0042021771732034035,-0.06732237079097439,0.0,-0.11780724396494961,-0.3185660306028778,0.0,0.027772115285283144,0.05114577011237903,0.0,7.09019069748683e-18,9.926175643388718e-18,0.0
70.22,"[0.06062, 0.0456, 0.3935088534402111]",0.0456,0.3935088534402111,-0.047021133509849294,-0.0827356469818903,0.0,0.14003657053070995,0.2203488610687293,0.0,0.0042021771732034035,-0.0632509749543998,0.0,-0.11780724396494961,-0.3080086354947358,0.0,0.027772115285283144,0.049966899999537816,0.0,7.084552846189902e-18,9.755909891462853e-18,0.0
70.241,"[0.06062, 0.0456, 0.3935088534402111]",0.0456,0.3935088534402111,-0.047021133509849294,-0.0827356469818903,0.0,0.14003657053070995,0.2203488610687293,0.0,0.0042021771732034035,-0.0632509749543998,0.0,-0.11780724396494961,-0.3080086354947358,0.0,0.027772115285283144,0.049966899999537816,0.0,7.091491740093808e-18,9.755909891462853e-18,0.0
70.26,"[0.06062, 0.0456, 0.3945170341378009]",0.0456,0.3945170341378009,-0.047021133509849294,-0.08089056678882961,0.0,0.14003657053070995,0.2159922832013289,0.0,0.0042021771732034035,-0.059256147243707674,0.0,-0.11780724396494961,-0.2975748799986525,0.0,0.027772115285283144,0.04879720748638196,0.0,7.090190697486827e-18,1.0433073063215026e-17,0.0
70.28,"[0.06062, 0.0456, 0.3945170341378009]",0.0456,0.3945170341378009,-0.047021133509849294,-0.08089056678882961,0.0,0.14003657053070995,0.2159922832013289,0.0,0.0042021771732034035,-0.059256147243707674,0.0,-0.11780724396494961,-0.2975748799986525,0.0,0.027772115285283144,0.04879720748638196,0.0,7.096262229652744e-18,1.0433073063215026e-17,0.0
70.3,"[0.06062, 0.0456, 0.3945170341378009]",0.0456,0.3945170341378009,-0.047021133509849294,-0.08089056678882961,0.0,0.14003657053070995,0.2159922832013289,0.0,0.0042021771732034035,-0.059256147243707674,0.0,-0.11780724396494961,-0.2975748799986525,0.0,0.027772115285283144,0.04879720748638196,0.0,7.095394867914755e-18,1.0433073063215026e-17,0.0
70.32,"[0.06062, 0.0456, 0.3955011576457717]",0.0456,0.3955011576457717,-0.047021133509849294,-0.0790588813703018,0.0,0.14003657053070995,0.21168102192292879,0.0,0.0042021771732034035,-0.05534239414211279,0.0,-0.11780724396494961,-0.28727918847157924,0.0,0.027772115285283144,0.047638479240887065,0.0,7.093226463569783e-18,1.0857645521124418e-17,0.0
70.34,"[0.06062, 0.0456, 0.3955011576457717]",0.0456,0.3955011576457717,-0.047021133509849294,-0.0790588813703018,0.0,0.14003657053070995,0.21168102192292879,0.0,0.0042021771732034035,-0.05534239414211279,0.0,-0.11780724396494961,-0.28727918847157924,0.0,0.027772115285283144,0.047638479240887065,0.0,7.090190697486824e-18,1.0857645521124418e-17,0.0
70.36,"[0.06062, 0.0456, 0.39646025275303587]",0.0456,0.39646025275303587,-0.047021133509849294,-0.07724360035209962,0.0,0.14003657053070995,0.20742243343856098,0.0,0.0042021771732034035,-0.05151421519992394,0.0,-0.11780724396494961,-0.27713632553182277,0.0,0.027772115285283144,0.04649256118334395,0.0,7.0919254209628e-18,1.07689782924866e-17,0.0
70.38,"[0.06062, 0.0456, 0.39646025275303587]",0.0456,0.39646025275303587,-0.047021133509849294,-0.07724360035209962,0.0,0.14003657053070995,0.20742243343856098,0.0,0.0042021771732034035,-0.05151421519992394,0.0,-0.11780724396494961,-0.27713632553182277,0.0,0.027772115285283144,0.04649256118334395,0.0,7.093660144438776e-18,1.07689782924866e-17,0.0
70.4,"[0.06062, 0.0456, 0.39646025275303587]",0.0456,0.39646025275303587,-0.047021133509849294,-0.07724360035209962,0.0,0.14003657053070995,0.20742243343856098,0.0,0.0042021771732034035,-0.05151421519992394,0.0,-0.11780724396494961,-0.27713632553182277,0.0,0.027772115285283144,0.04649256118334395,0.0,7.093660144438774e-18,1.07689782924866e-17,0.0
70.42,"[0.06062, 0.0456, 0.39739337294851534]",0.0456,0.39739337294851534,-0.047021133509849294,-0.0754478501389124,0.0,0.14003657053070995,0.20322400791695833,0.0,0.0042021771732034035,-0.04777609637140907,0.0,-0.11780724396494961,-0.26716138217133584,0.0,0.027772115285283144,0.04536135709761907,0.0,7.096695910521733e-18,1.0639592561006464e-17,0.0
70.44,"[0.06062, 0.0456, 0.39739337294851534]",0.0456,0.39739337294851534,-0.047021133509849294,-0.0754478501389124,0.0,0.14003657053070995,0.20322400791695833,0.0,0.0042021771732034035,-0.04777609637140907,0.0,-0.11780724396494961,-0.26716138217133584,0.0,0.027772115285283144,0.04536135709761907,0.0,7.090190697486823e-18,1.0639592561006464e-17,0.0
70.46,"[0.06062, 0.0456, 0.39829959735523424]",0.0456,0.39829959735523424,-0.047021133509849294,-0.0736748713879949,0.0,0.14003657053070995,0.19909335502458544,0.0,0.0042021771732034035,-0.04413250264526194,0.0,-0.11780724396494961,-0.2573697577052171,0.0,0.027772115285283144,0.04424682664526066,0.0,7.08975701661783e-18,1.0345501209839696e-17,0.0
70.48,"[0.06062, 0.0456, 0.39829959735523424]",0.0456,0.39829959735523424,-0.047021133509849294,-0.0736748713879949,0.0,0.14003657053070995,0.19909335502458544,0.0,0.0042021771732034035,-0.04413250264526194,0.0,-0.11780724396494961,-0.2573697577052171,0.0,0.027772115285283144,0.04424682664526066,0.0,7.085420207927888e-18,1.0345501209839696e-17,0.0
70.5,"[0.06062, 0.0456, 0.39829959735523424]",0.0456,0.39829959735523424,-0.047021133509849294,-0.0736748713879949,0.0,0.14003657053070995,0.19909335502458544,0.0,0.0042021771732034035,-0.04413250264526194,0.0,-0.11780724396494961,-0.2573697577052171,0.0,0.027772115285283144,0.04424682664526066,0.0,7.082384441844927e-18,1.0345501209839696e-17,0.0
70.52,"[0.06062, 0.0456, 0.39917803163911286]",0.0456,0.39917803163911286,-0.047021133509849294,-0.07192801522340016,0.0,0.14003657053070995,0.19503818763111272,0.0,0.0042021771732034035,-0.04058786996034129,0.0,-0.11780724396494961,-0.2477771371212676,0.0,0.027772115285283144,0.043150982709272354,0.0,7.085420207927885e-18,1.0481267170272569e-17,0.0
70.54,"[0.06062, 0.0456, 0.39917803163911286]",0.0456,0.39917803163911286,-0.047021133509849294,-0.07192801522340016,0.0,0.14003657053070995,0.19503818763111272,0.0,0.0042021771732034035,-0.04058786996034129,0.0,-0.11780724396494961,-0.2477771371212676,0.0,0.027772115285283144,0.043150982709272354,0.0,7.088889654879837e-18,1.0481267170272569e-17,0.0
70.56,"[0.06062, 0.0456, 0.40002780889156775]",0.0456,0.40002780889156775,-0.047021133509849294,-0.07021073804008666,0.0,0.14003657053070995,0.19106630357128637,0.0,0.0042021771732034035,-0.037146596407568205,0.0,-0.11780724396494961,-0.2383994633977598,0.0,0.027772115285283144,0.042075887993710204,0.0,7.085420207927884e-18,1.018364572001322e-17,0.0
70.58,"[0.06062, 0.0456, 0.40002780889156775]",0.0456,0.40002780889156775,-0.047021133509849294,-0.07021073804008666,0.0,0.14003657053070995,0.19106630357128637,0.0,0.0042021771732034035,-0.037146596407568205,0.0,-0.11780724396494961,-0.2383994633977598,0.0,0.027772115285283144,0.042075887993710204,0.0,7.083251803582913e-18,1.018364572001322e-17,0.0
70.601,"[0.06062, 0.0456, 0.40002780889156775]",0.0456,0.40002780889156775,-0.047021133509849294,-0.07021073804008666,0.0,0.14003657053070995,0.19106630357128637,0.0,0.0042021771732034035,-0.037146596407568205,0.0,-0.11780724396494961,-0.2383994633977598,0.0,0.027772115285283144,0.042075887993710204,0.0,7.080216037499956e-18,1.018364572001322e-17,0.0
70.62,"[0.06062, 0.0456, 0.4008480904850456]",0.0456,0.4008480904850456,-0.047021133509849294,-0.06852659474787019,0.0,0.14003657053070995,0.187185565361029,0.0,0.0042021771732034035,-0.033813032729319924,0.0,-0.11780724396494961,-0.22925290437462975,0.0,0.027772115285283144,0.041023650806375996,0.0,7.084119165320904e-18,9.915751802869647e-18,0.0
70.64,"[0.06062, 0.0456, 0.4008480904850456]",0.0456,0.4008480904850456,-0.047021133509849294,-0.06852659474787019,0.0,0.14003657053070995,0.187185565361029,0.0,0.0042021771732034035,-0.033813032729319924,0.0,-0.11780724396494961,-0.22925290437462975,0.0,0.027772115285283144,0.041023650806375996,0.0,7.08195076097593e-18,9.915751802869647e-18,0.0
70.66,"[0.06062, 0.0456, 0.40163806690064735]",0.0456,0.40163806690064735,-0.047021133509849294,-0.06687923031010297,0.0,0.14003657053070995,0.18340387778346198,0.0,0.0042021771732034035,-0.030591472139292954,0.0,-0.11780724396494961,-0.220353813794357,0.0,0.027772115285283144,0.03999641995517748,0.0,7.085853888796878e-18,1.0503105993103674e-17,0.0
70.68,"[0.06062, 0.0456, 0.40163806690064735]",0.0456,0.40163806690064735,-0.047021133509849294,-0.06687923031010297,0.0,0.14003657053070995,0.18340387778346198,0.0,0.0042021771732034035,-0.030591472139292954,0.0,-0.11780724396494961,-0.220353813794357,0.0,0.027772115285283144,0.03999641995517748,0.0,7.08281812271392e-18,1.0503105993103674e-17,0.0
70.7,"[0.06062, 0.0456, 0.40163806690064735]",0.0456,0.40163806690064735,-0.047021133509849294,-0.06687923031010297,0.0,0.14003657053070995,0.18340387778346198,0.0,0.0042021771732034035,-0.030591472139292954,0.0,-0.11780724396494961,-0.220353813794357,0.0,0.027772115285283144,0.03999641995517748,0.0,7.078914994892972e-18,1.0503105993103674e-17,0.0
70.72,"[0.06062, 0.0456, 0.4023969585270259]",0.0456,0.4023969585270259,-0.047021133509849294,-0.06527236944196073,0.0,0.14003657053070995,0.17972916328385743,0.0,0.0042021771732034035,-0.027486139498451703,0.0,-0.11780724396494961,-0.2117186861759516,0.0,0.027772115285283144,0.03899637869459171,0.0,7.07804763315498e-18,1.0847617520851351e-17,0.0
70.74,"[0.06062, 0.0456, 0.4023969585270259]",0.0456,0.4023969585270259,-0.047021133509849294,-0.06527236944196073,0.0,0.14003657053070995,0.17972916328385743,0.0,0.0042021771732034035,-0.027486139498451703,0.0,-0.11780724396494961,-0.2117186861759516,0.0,0.027772115285283144,0.03899637869459171,0.0,7.081950760975926e-18,1.0847617520851351e-17,0.0
70.76,"[0.06062, 0.0456, 0.4031240164297681]",0.0456,0.4031240164297681,-0.047021133509849294,-0.0637098043491043,0.0,0.14003657053070995,0.1761693351416558,0.0,0.0042021771732034035,-0.02450117989612847,0.0,-0.11780724396494961,-0.2033641052507216,0.0,0.027772115285283144,0.038025737667487645,0.0,7.08715493140386e-18,1.0965853888523598e-17,0.0
70.78,"[0.06062, 0.0456, 0.4031240164297681]",0.0456,0.4031240164297681,-0.047021133509849294,-0.0637098043491043,0.0,0.14003657053070995,0.1761693351416558,0.0,0.0042021771732034035,-0.02450117989612847,0.0,-0.11780724396494961,-0.2033641052507216,0.0,0.027772115285283144,0.038025737667487645,0.0,7.088455974010839e-18,1.0965853888523598e-17,0.0
70.8,"[0.06062, 0.0456, 0.4031240164297681]",0.0456,0.4031240164297681,-0.047021133509849294,-0.0637098043491043,0.0,0.14003657053070995,0.1761693351416558,0.0,0.0042021771732034035,-0.02450117989612847,0.0,-0.11780724396494961,-0.2033641052507216,0.0,0.027772115285283144,0.038025737667487645,0.0,7.086287569665869e-18,1.0965853888523598e-17,0.0
70.82,"[0.06062, 0.0456, 0.4038185230905026]",0.0456,0.4038185230905026,-0.047021133509849294,-0.062195380410013205,0.0,0.14003657053070995,0.17273226842288086,0.0,0.0042021771732034035,-0.02164064669928171,0.0,-0.11780724396494961,-0.1953066857735058,0.0,0.027772115285283144,0.037086726799671454,0.0,7.090624378355811e-18,1.1648861043681644e-17,0.0
70.84,"[0.06062, 0.0456, 0.4038185230905026]",0.0456,0.4038185230905026,-0.047021133509849294,-0.062195380410013205,0.0,0.14003657053070995,0.17273226842288086,0.0,0.0042021771732034035,-0.02164064669928171,0.0,-0.11780724396494961,-0.1953066857735058,0.0,0.027772115285283144,0.037086726799671454,0.0,7.092359101831789e-18,1.1648861043681644e-17,0.0
70.86,"[0.06062, 0.0456, 0.4044797931150042]",0.0456,0.4044797931150042,-0.047021133509849294,-0.06073297973505267,0.0,0.14003657053070995,0.16942576875753257,0.0,0.0042021771732034035,-0.01890848914698581,0.0,-0.11780724396494961,-0.18756300862895658,0.0,0.027772115285283144,0.036181586120189735,0.0,7.087154931403858e-18,1.1656294079544264e-17,0.0
70.88,"[0.06062, 0.0456, 0.4044797931150042]",0.0456,0.4044797931150042,-0.047021133509849294,-0.06073297973505267,0.0,0.14003657053070995,0.16942576875753257,0.0,0.0042021771732034035,-0.01890848914698581,0.0,-0.11780724396494961,-0.18756300862895658,0.0,0.027772115285283144,0.036181586120189735,0.0,7.088022293141848e-18,1.1656294079544264e-17,0.0
70.9,"[0.06062, 0.0456, 0.4044797931150042]",0.0456,0.4044797931150042,-0.047021133509849294,-0.06073297973505267,0.0,0.14003657053070995,0.16942576875753257,0.0,0.0042021771732034035,-0.01890848914698581,0.0,-0.11780724396494961,-0.18756300862895658,0.0,0.027772115285283144,0.036181586120189735,0.0,7.086721250534863e-18,1.1656294079544264e-17,0.0
70.92,"[0.06062, 0.0456, 0.4051071739095947]",0.0456,0.4051071739095947,-0.047021133509849294,-0.0593265025727736,0.0,0.14003657053070995,0.16625753903368434,0.0,0.0042021771732034035,-0.016308539581022,0.0,-0.11780724396494961,-0.18014954927984794,0.0,0.027772115285283144,0.03531255549982184,0.0,7.082818122713915e-18,1.148375823292405e-17,0.0
70.94,"[0.06062, 0.0456, 0.4051071739095947]",0.0456,0.4051071739095947,-0.047021133509849294,-0.0593265025727736,0.0,0.14003657053070995,0.16625753903368434,0.0,0.0042021771732034035,-0.016308539581022,0.0,-0.11780724396494961,-0.18014954927984794,0.0,0.027772115285283144,0.03531255549982184,0.0,7.082384441844919e-18,1.148375823292405e-17,0.0
70.96,"[0.06062, 0.0456, 0.4057000463251746]",0.0456,0.4057000463251746,-0.047021133509849294,-0.05797984657910232,0.0,0.14003657053070995,0.16323514415241414,0.0,0.0042021771732034035,-0.013844500416392153,0.0,-0.11780724396494961,-0.17308259975255638,0.0,0.027772115285283144,0.03448186332332597,0.0,7.081083399237935e-18,1.1943877493233149e-17,0.0
70.98,"[0.06062, 0.0456, 0.4057000463251746]",0.0456,0.4057000463251746,-0.047021133509849294,-0.05797984657910232,0.0,0.14003657053070995,0.16323514415241414,0.0,0.0042021771732034035,-0.013844500416392153,0.0,-0.11780724396494961,-0.17308259975255638,0.0,0.027772115285283144,0.03448186332332597,0.0,7.085853888796872e-18,1.1943877493233149e-17,0.0
71.0,"[0.06062, 0.0456, 0.4057000463251746]",0.0456,0.4057000463251746,-0.047021133509849294,-0.05797984657910232,0.0,0.14003657053070995,0.16323514415241414,0.0,0.0042021771732034035,-0.013844500416392153,0.0,-0.11780724396494961,-0.17308259975255638,0.0,0.027772115285283144,0.03448186332332597,0.0,7.083685484451902e-18,1.1943877493233149e-17,0.0
71.02,"[0.06062, 0.0456, 0.4062578252682479]",0.0456,0.4062578252682479,-0.047021133509849294,-0.056696884017770594,0.0,0.14003657053070995,0.1603659740446415,0.0,0.0042021771732034035,-0.011519930967293389,0.0,-0.11780724396494961,-0.16637818452260766,0.0,0.027772115285283144,0.03369171413772027,0.0,7.084986527058884e-18,1.1766597173740336e-17,0.0
71.04,"[0.06062, 0.0456, 0.4062578252682479]",0.0456,0.4062578252682479,-0.047021133509849294,-0.056696884017770594,0.0,0.14003657053070995,0.1603659740446415,0.0,0.0042021771732034035,-0.011519930967293389,0.0,-0.11780724396494961,-0.16637818452260766,0.0,0.027772115285283144,0.03369171413772027,0.0,7.0836854844519e-18,1.1766597173740336e-17,0.0
71.061,"[0.06062, 0.0456, 0.40677996027833935]",0.0456,0.40677996027833935,-0.047021133509849294,-0.05548143701976687,0.0,0.14003657053070995,0.15765720521102183,0.0,0.0042021771732034035,-0.009338234253917615,0.0,-0.11780724396494961,-0.16005197084725487,0.0,0.027772115285283144,0.03294427534876519,0.0,7.079782356630952e-18,1.1719203106177902e-17,0.0
71.08,"[0.06062, 0.0456, 0.40677996027833935]",0.0456,0.40677996027833935,-0.047021133509849294,-0.05548143701976687,0.0,0.14003657053070995,0.15765720521102183,0.0,0.0042021771732034035,-0.009338234253917615,0.0,-0.11780724396494961,-0.16005197084725487,0.0,0.027772115285283144,0.03294427534876519,0.0,7.086287569665867e-18,1.1719203106177902e-17,0.0
71.106,"[0.06062, 0.0456, 0.40726593607123207]",0.0456,0.40726593607123207,-0.047021133509849294,-0.05433725109459041,0.0,0.14003657053070995,0.1551157611077948,0.0,0.0042021771732034035,-0.0073026439230051195,0.0,-0.11780724396494961,-0.15411917428850644,0.0,0.027772115285283144,0.032241663070260725,0.0,7.089323335748829e-18,1.1833401103185932e-17,0.0
71.12,"[0.06062, 0.0456, 0.40726593607123207]",0.0456,0.40726593607123207,-0.047021133509849294,-0.05433725109459041,0.0,0.14003657053070995,0.1551157611077948,0.0,0.0042021771732034035,-0.0073026439230051195,0.0,-0.11780724396494961,-0.15411917428850644,0.0,0.027772115285283144,0.032241663070260725,0.0,7.091925420962794e-18,1.1833401103185932e-17,0.0
71.14,"[0.06062, 0.0456, 0.40726593607123207]",0.0456,0.40726593607123207,-0.047021133509849294,-0.05433725109459041,0.0,0.14003657053070995,0.1551157611077948,0.0,0.0042021771732034035,-0.0073026439230051195,0.0,-0.11780724396494961,-0.15411917428850644,0.0,0.027772115285283144,0.032241663070260725,0.0,7.097129591390728e-18,1.1833401103185932e-17,0.0
71.16,"[0.06062, 0.0456, 0.40771527304749106]",0.0456,0.40771527304749106,-0.047021133509849294,-0.053267967154814175,0.0,0.14003657053070995,0.1527482717627826,0.0,0.0042021771732034035,-0.005416211419859105,0.0,-0.11780724396494961,-0.14859446037278973,0.0,0.027772115285283144,0.0315859272648361,0.0,7.09322646356978e-18,1.1936377096936098e-17,0.0
71.18,"[0.06062, 0.0456, 0.40771527304749106]",0.0456,0.40771527304749106,-0.047021133509849294,-0.053267967154814175,0.0,0.14003657053070995,0.1527482717627826,0.0,0.0042021771732034035,-0.005416211419859105,0.0,-0.11780724396494961,-0.14859446037278973,0.0,0.027772115285283144,0.0315859272648361,0.0,7.088022293141852e-18,1.1936377096936098e-17,0.0
71.2,"[0.06062, 0.0456, 0.40771527304749106]",0.0456,0.40771527304749106,-0.047021133509849294,-0.053267967154814175,0.0,0.14003657053070995,0.1527482717627826,0.0,0.0042021771732034035,-0.005416211419859105,0.0,-0.11780724396494961,-0.14859446037278973,0.0,0.027772115285283144,0.0315859272648361,0.0,7.08498652705889e-18,1.1936377096936098e-17,0.0
71.22,"[0.06062, 0.0456, 0.4081275277657699]",0.0456,0.4081275277657699,-0.047021133509849294,-0.05227709238559455,0.0,0.14003657053070995,0.15056103306437615,0.0,0.0042021771732034035,-0.0036817935512775046,0.0,-0.11780724396494961,-0.1434918435355412,0.0,0.027772115285283144,0.030979036349455195,0.0,7.085853888796878e-18,1.2207984374024807e-17,0.0
71.24,"[0.06062, 0.0456, 0.4081275277657699]",0.0456,0.4081275277657699,-0.047021133509849294,-0.05227709238559455,0.0,0.14003657053070995,0.15056103306437615,0.0,0.0042021771732034035,-0.0036817935512775046,0.0,-0.11780724396494961,-0.1434918435355412,0.0,0.027772115285283144,0.030979036349455195,0.0,7.08368548445191e-18,1.2207984374024807e-17,0.0
71.26,"[0.06062, 0.0456, 0.4085022933804337]",0.0456,0.4085022933804337,-0.047021133509849294,-0.05136797035939449,0.0,0.14003657053070995,0.148559966219683,0.0,0.0042021771732034035,-0.002102040577312999,0.0,-0.11780724396494961,-0.13882458469175823,0.0,0.027772115285283144,0.030422861472426677,0.0,7.084986527058894e-18,1.2058522339451421e-17,0.0
71.28,"[0.06062, 0.0456, 0.4085022933804337]",0.0456,0.4085022933804337,-0.047021133509849294,-0.05136797035939449,0.0,0.14003657053070995,0.148559966219683,0.0,0.0042021771732034035,-0.002102040577312999,0.0,-0.11780724396494961,-0.13882458469175823,0.0,0.027772115285283144,0.030422861472426677,0.0,7.088889654879845e-18,1.2058522339451421e-17,0.0
71.3,"[0.06062, 0.0456, 0.4085022933804337]",0.0456,0.4085022933804337,-0.047021133509849294,-0.05136797035939449,0.0,0.14003657053070995,0.148559966219683,0.0,0.0042021771732034035,-0.002102040577312999,0.0,-0.11780724396494961,-0.13882458469175823,0.0,0.027772115285283144,0.030422861472426677,0.0,7.09062437835582e-18,1.2058522339451421e-17,0.0
71.32,"[0.06062, 0.0456, 0.40883920004306684]",0.0456,0.40883920004306684,-0.047021133509849294,-0.05054375086001814,0.0,0.14003657053070995,0.14675057792338367,0.0,0.0042021771732034035,-0.0006793849649600477,0.0,-0.11780724396494961,-0.13460508894762993,0.0,0.027772115285283144,0.029919160699710467,0.0,7.09149174009381e-18,1.2069787964784235e-17,0.0
71.34,"[0.06062, 0.0456, 0.40883920004306684]",0.0456,0.40883920004306684,-0.047021133509849294,-0.05054375086001814,0.0,0.14003657053070995,0.14675057792338367,0.0,0.0042021771732034035,-0.0006793849649600477,0.0,-0.11780724396494961,-0.13460508894762993,0.0,0.027772115285283144,0.029919160699710467,0.0,7.089757016617836e-18,1.2069787964784235e-17,0.0
71.36,"[0.06062, 0.0456, 0.40913791526746857]",0.0456,0.40913791526746857,-0.047021133509849294,-0.04980735993550564,0.0,0.14003657053070995,0.14513792181354462,0.0,0.0042021771732034035,0.000583969071096934,0.0,-0.11780724396494961,-0.130844805113772,0.0,0.027772115285283144,0.02946956337498639,0.0,7.093226463569787e-18,1.2061235183474964e-17,0.0
71.38,"[0.06062, 0.0456, 0.40913791526746857]",0.0456,0.40913791526746857,-0.047021133509849294,-0.04980735993550564,0.0,0.14003657053070995,0.14513792181354462,0.0,0.0042021771732034035,0.000583969071096934,0.0,-0.11780724396494961,-0.130844805113772,0.0,0.027772115285283144,0.02946956337498639,0.0,7.095828548783751e-18,1.2061235183474964e-17,0.0
71.4,"[0.06062, 0.0456, 0.40913791526746857]",0.0456,0.40913791526746857,-0.047021133509849294,-0.04980735993550564,0.0,0.14003657053070995,0.14513792181354462,0.0,0.0042021771732034035,0.000583969071096934,0.0,-0.11780724396494961,-0.130844805113772,0.0,0.027772115285283144,0.02946956337498639,0.0,7.09452750617677e-18,1.2061235183474964e-17,0.0
71.42,"[0.06062, 0.0456, 0.4093981442577766]",0.0456,0.4093981442577766,-0.047021133509849294,-0.0491614707428194,0.0,0.14003657053070995,0.1437265618120726,0.0,0.0042021771732034035,0.0016860551263410625,0.0,-0.11780724396494961,-0.12755412878738967,0.0,0.027772115285283144,0.029075554938538695,0.0,7.090190697486826e-18,1.2029682236865098e-17,0.0
71.44,"[0.06062, 0.0456, 0.4093981442577766]",0.0456,0.4093981442577766,-0.047021133509849294,-0.0491614707428194,0.0,0.14003657053070995,0.1437265618120726,0.0,0.0042021771732034035,0.0016860551263410625,0.0,-0.11780724396494961,-0.12755412878738967,0.0,0.027772115285283144,0.029075554938538695,0.0,7.085420207927888e-18,1.2029682236865098e-17,0.0
71.46,"[0.06062, 0.0456, 0.4096196301993954]",0.0456,0.4096196301993954,-0.047021133509849294,-0.04860847577511017,0.0,0.14003657053070995,0.14252053795351588,0.0,0.0042021771732034035,0.002625153161690678,0.0,-0.11780724396494961,-0.12474231082984377,0.0,0.027772115285283144,0.028738462502836428,0.0,7.080649718368952e-18,1.2090842906151618e-17,0.0
71.48,"[0.06062, 0.0456, 0.4096196301993954]",0.0456,0.4096196301993954,-0.047021133509849294,-0.04860847577511017,0.0,0.14003657053070995,0.14252053795351588,0.0,0.0042021771732034035,0.002625153161690678,0.0,-0.11780724396494961,-0.12474231082984377,0.0,0.027772115285283144,0.028738462502836428,0.0,7.08672125053487e-18,1.2090842906151618e-17,0.0
71.5,"[0.06062, 0.0456, 0.4096196301993954]",0.0456,0.4096196301993954,-0.047021133509849294,-0.04860847577511017,0.0,0.14003657053070995,0.14252053795351588,0.0,0.0042021771732034035,0.002625153161690678,0.0,-0.11780724396494961,-0.12474231082984377,0.0,0.027772115285283144,0.028738462502836428,0.0,7.09496118704576e-18,1.2090842906151618e-17,0.0
71.52,"[0.06062, 0.0456, 0.40980215451244095]",0.0456,0.40980215451244095,-0.047021133509849294,-0.048150461071606004,0.0,0.14003657053070995,0.14152333529475944,0.0,0.0042021771732034035,0.0033997969699103023,0.0,-0.11780724396494961,-0.12241737306978097,0.0,0.027772115285283144,0.028459441486306056,0.0,7.089757016617828e-18,1.2139269822263963e-17,0.0
71.54,"[0.06062, 0.0456, 0.40980215451244095]",0.0456,0.40980215451244095,-0.047021133509849294,-0.048150461071606004,0.0,0.14003657053070995,0.14152333529475944,0.0,0.0042021771732034035,0.0033997969699103023,0.0,-0.11780724396494961,-0.12241737306978097,0.0,0.027772115285283144,0.028459441486306056,0.0,7.08888965487984e-18,1.2139269822263963e-17,0.0
71.56,"[0.06062, 0.0456, 0.4099455370674526]",0.0456,0.4099455370674526,-0.047021133509849294,-0.04778918299855975,0.0,0.14003657053070995,0.1407378564688863,0.0,0.0042021771732034035,0.0040087804828826505,0.0,-0.11780724396494961,-0.12058603300494286,0.0,0.027772115285283144,0.02823946360012634,0.0,7.085420207927885e-18,1.2234313926638674e-17,0.0
71.58,"[0.06062, 0.0456, 0.4099455370674526]",0.0456,0.4099455370674526,-0.047021133509849294,-0.04778918299855975,0.0,0.14003657053070995,0.1407378564688863,0.0,0.0042021771732034035,0.0040087804828826505,0.0,-0.11780724396494961,-0.12058603300494286,0.0,0.027772115285283144,0.02823946360012634,0.0,7.08195076097593e-18,1.2234313926638674e-17,0.0
71.6,"[0.06062, 0.0456, 0.4099455370674526]",0.0456,0.4099455370674526,-0.047021133509849294,-0.04778918299855975,0.0,0.14003657053070995,0.1407378564688863,0.0,0.0042021771732034035,0.0040087804828826505,0.0,-0.11780724396494961,-0.12058603300494286,0.0,0.027772115285283144,0.02823946360012634,0.0,7.084119165320901e-18,1.2234313926638674e-17,0.0
71.62,"[0.06062, 0.0456, 0.4100496363631595]",0.0456,0.4100496363631595,-0.047021133509849294,-0.047526048155868604,0.0,0.14003657053070995,0.14016639839880798,0.0,0.0042021771732034035,0.004451162865893888,0.0,-0.11780724396494961,-0.11925363915515788,0.0,0.027772115285283144,0.028079306465308748,0.0,7.084552846189894e-18,1.2236159222233167e-17,0.0
71.64,"[0.06062, 0.0456, 0.4100496363631595]",0.0456,0.4100496363631595,-0.047021133509849294,-0.047526048155868604,0.0,0.14003657053070995,0.14016639839880798,0.0,0.0042021771732034035,0.004451162865893888,0.0,-0.11780724396494961,-0.11925363915515788,0.0,0.027772115285283144,0.028079306465308748,0.0,7.08281812271392e-18,1.2236159222233167e-17,0.0
71.66,"[0.06062, 0.0456, 0.4101143496661247]",0.0456,0.4101143496661247,-0.047021133509849294,-0.04736209690787157,0.0,0.14003657053070995,0.13981063362099147,0.0,0.0042021771732034035,0.004726272361258212,0.0,-0.11780724396494961,-0.11842411853575512,0.0,0.027772115285283144,0.027979545108865876,0.0,7.085420207927884e-18,1.2232376880274234e-17,0.0
71.68,"[0.06062, 0.0456, 0.4101143496661247]",0.0456,0.4101143496661247,-0.047021133509849294,-0.04736209690787157,0.0,0.14003657053070995,0.13981063362099147,0.0,0.0042021771732034035,0.004726272361258212,0.0,-0.11780724396494961,-0.11842411853575512,0.0,0.027772115285283144,0.027979545108865876,0.0,7.082818122713918e-18,1.2232376880274234e-17,0.0
71.7,"[0.06062, 0.0456, 0.4101143496661247]",0.0456,0.4101143496661247,-0.047021133509849294,-0.04736209690787157,0.0,0.14003657053070995,0.13981063362099147,0.0,0.0042021771732034035,0.004726272361258212,0.0,-0.11780724396494961,-0.11842411853575512,0.0,0.027772115285283144,0.027979545108865876,0.0,7.08281812271392e-18,1.2232376880274234e-17,0.0
71.72,"[0.06062, 0.0456, 0.4101396131121312]",0.0456,0.4101396131121312,-0.047021133509849294,-0.04729799095960697,0.0,0.14003657053070995,0.13967159658827077,0.0,0.0042021771732034035,0.004833708859064112,0.0,-0.11780724396494961,-0.11809993747876806,0.0,0.027772115285283144,0.027940545549099374,0.0,7.081517080106939e-18,1.2223262636080573e-17,0.0
71.74,"[0.06062, 0.0456, 0.4101396131121312]",0.0456,0.4101396131121312,-0.047021133509849294,-0.04729799095960697,0.0,0.14003657053070995,0.13967159658827077,0.0,0.0042021771732034035,0.004833708859064112,0.0,-0.11780724396494961,-0.11809993747876806,0.0,0.027772115285283144,0.027940545549099374,0.0,7.077613952285991e-18,1.2223262636080573e-17,0.0
71.76,"[0.06062, 0.0456, 0.41014]",0.0456,0.41014,-0.047021133509849294,-0.04729799095960697,0.0,0.14003657053070995,0.13967159658827077,0.0,0.0042021771732034035,0.004833708859064112,0.0,-0.11780724396494961,-0.11809993747876806,0.0,0.027772115285283144,0.027940545549099374,0.0,7.084552846189896e-18,1.2223262636080573e-17,0.0
71.78,"[0.06062, 0.0456, 0.41014]",0.0456,0.41014,-0.047021133509849294,-0.04729799095960697,0.0,0.14003657053070995,0.13967159658827077,0.0,0.0042021771732034035,0.004833708859064112,0.0,-0.11780724396494961,-0.11809993747876806,0.0,0.027772115285283144,0.027940545549099374,0.0,7.084552846189896e-18,1.2223262636080573e-17,0.0
71.8,"[0.06062, 0.0456, 0.41014]",0.0456,0.41014,-0.047021133509849294,-0.04729799095960697,0.0,0.14003657053070995,0.13967159658827077,0.0,0.0042021771732034035,0.004833708859064112,0.0,-0.11780724396494961,-0.11809993747876806,0.0,0.027772115285283144,0.027940545549099374,0.0,7.084119165320901e-18,1.2223262636080573e-17,0.0
71.82,"[0.06062, 0.0456, 0.41014]",0.0456,0.41014,-0.047021133509849294,-0.04729799095960697,0.0,0.14003657053070995,0.13967159658827077,0.0,0.0042021771732034035,0.004833708859064112,0.0,-0.11780724396494961,-0.11809993747876806,0.0,0.027772115285283144,0.027940545549099374,0.0,7.087588612272854e-18,1.2223262636080573e-17,0.0
71.84,"[0.06062, 0.0456, 0.41014]",0.0456,0.41014,-0.047021133509849294,-0.04729799095960697,0.0,0.14003657053070995,0.13967159658827077,0.0,0.0042021771732034035,0.004833708859064112,0.0,-0.11780724396494961,-0.11809993747876806,0.0,0.027772115285283144,0.027940545549099374,0.0,7.088889654879837e-18,1.2223262636080573e-17,0.0
71.86,"[0.06062, 0.0456, 0.41014]",0.0456,0.41014,-0.047021133509849294,-0.04729799095960697,0.0,0.14003657053070995,0.13967159658827077,0.0,0.0042021771732034035,0.004833708859064112,0.0,-0.11780724396494961,-0.11809993747876806,0.0,0.027772115285283144,0.027940545549099374,0.0,7.082384441844924e-18,1.2223262636080573e-17,0.0
71.88,"[0.06062, 0.0456, 0.41014]",0.0456,0.41014,-0.047021133509849294,-0.04729799095960697,0.0,0.14003657053070995,0.13967159658827077,0.0,0.0042021771732034035,0.004833708859064112,0.0,-0.11780724396494961,-0.11809993747876806,0.0,0.027772115285283144,0.027940545549099374,0.0,7.086287569665873e-18,1.2223262636080573e-17,0.0
71.9,"[0.06062, 0.0456, 0.41014]",0.0456,0.41014,-0.047021133509849294,-0.04729799095960697,0.0,0.14003657053070995,0.13967159658827077,0.0,0.0042021771732034035,0.004833708859064112,0.0,-0.11780724396494961,-0.11809993747876806,0.0,0.027772115285283144,0.027940545549099374,0.0,7.083685484451908e-18,1.2223262636080573e-17,0.0
71.92,"[0.06062, 0.0456, 0.41014]",0.0456,0.41014,-0.047021133509849294,-0.04729799095960697,0.0,0.14003657053070995,0.13967159658827077,0.0,0.0042021771732034035,0.004833708859064112,0.0,-0.11780724396494961,-0.11809993747876806,0.0,0.027772115285283144,0.027940545549099374,0.0,7.084552846189897e-18,1.2223262636080573e-17,0.0
71.94,"[0.06062, 0.0456, 0.41014]",0.0456,0.41014,-0.047021133509849294,-0.04729799095960697,0.0,0.14003657053070995,0.13967159658827077,0.0,0.0042021771732034035,0.004833708859064112,0.0,-0.11780724396494961,-0.11809993747876806,0.0,0.027772115285283144,0.027940545549099374,0.0,7.086287569665872e-18,1.2223262636080573e-17,0.0
71.96,"[0.06062, 0.0456, 0.41014]",0.0456,0.41014,-0.047021133509849294,-0.04729799095960697,0.0,0.14003657053070995,0.13967159658827077,0.0,0.0042021771732034035,0.004833708859064112,0.0,-0.11780724396494961,-0.11809993747876806,0.0,0.027772115285283144,0.027940545549099374,0.0,7.080216037499955e-18,1.2223262636080573e-17,0.0
71.98,"[0.06062, 0.0456, 0.41014]",0.0456,0.41014,-0.047021133509849294,-0.04729799095960697,0.0,0.14003657053070995,0.13967159658827077,0.0,0.0042021771732034035,0.004833708859064112,0.0,-0.11780724396494961,-0.11809993747876806,0.0,0.027772115285283144,0.027940545549099374,0.0,7.081950760975932e-18,1.2223262636080573e-17,0.0
72.0,"[0.06062, 0.0456, 0.41014]",0.0456,0.41014,-0.047021133509849294,-0.04729799095960697,0.0,0.14003657053070995,0.13967159658827077,0.0,0.0042021771732034035,0.004833708859064112,0.0,-0.11780724396494961,-0.11809993747876806,0.0,0.027772115285283144,0.027940545549099374,0.0,7.087154931403864e-18,1.2223262636080573e-17,0.0
72.02,"[0.06062, 0.0456, 0.41014]",0.0456,0.41014,-0.047021133509849294,-0.04729799095960697,0.0,0.14003657053070995,0.13967159658827077,0.0,0.0042021771732034035,0.004833708859064112,0.0,-0.11780724396494961,-0.11809993747876806,0.0,0.027772115285283144,0.027940545549099374,0.0,7.084119165320906e-18,1.2223262636080573e-17,0.0
72.04,"[0.06062, 0.0456, 0.41014]",0.0456,0.41014,-0.047021133509849294,-0.04729799095960697,0.0,0.14003657053070995,0.13967159658827077,0.0,0.0042021771732034035,0.004833708859064112,0.0,-0.11780724396494961,-0.11809993747876806,0.0,0.027772115285283144,0.027940545549099374,0.0,7.083685484451911e-18,1.2223262636080573e-17,0.0
72.06,"[0.06062, 0.0456, 0.41014]",0.0456,0.41014,-0.047021133509849294,-0.04729799095960697,0.0,0.14003657053070995,0.13967159658827077,0.0,0.0042021771732034035,0.004833708859064112,0.0,-0.11780724396494961,-0.11809993747876806,0.0,0.027772115285283144,0.027940545549099374,0.0,7.081950760975934e-18,1.2223262636080573e-17,0.0
72.08,"[0.06062, 0.0456, 0.41014]",0.0456,0.41014,-0.047021133509849294,-0.04729799095960697,0.0,0.14003657053070995,0.13967159658827077,0.0,0.0042021771732034035,0.004833708859064112,0.0,-0.11780724396494961,-0.11809993747876806,0.0,0.027772115285283144,0.027940545549099374,0.0,7.086721250534874e-18,1.2223262636080573e-17,0.0
72.1,"[0.06062, 0.0456, 0.41014]",0.0456,0.41014,-0.047021133509849294,-0.04729799095960697,0.0,0.14003657053070995,0.13967159658827077,0.0,0.0042021771732034035,0.004833708859064112,0.0,-0.11780724396494961,-0.11809993747876806,0.0,0.027772115285283144,0.027940545549099374,0.0,7.084986527058895e-18,1.2223262636080573e-17,0.0
72.12,"[0.06062, 0.0456, 0.41014]",0.0456,0.41014,-0.047021133509849294,-0.04729799095960697,0.0,0.14003657053070995,0.13967159658827077,0.0,0.0042021771732034035,0.004833708859064112,0.0,-0.11780724396494961,-0.11809993747876806,0.0,0.027772115285283144,0.027940545549099374,0.0,7.084986527058895e-18,1.2223262636080573e-17,0.0
72.14,"[0.06062, 0.0456, 0.41014]",0.0456,0.41014,-0.047021133509849294,-0.04729799095960697,0.0,0.14003657053070995,0.13967159658827077,0.0,0.0042021771732034035,0.004833708859064112,0.0,-0.11780724396494961,-0.11809993747876806,0.0,0.027772115285283144,0.027940545549099374,0.0,7.085853888796882e-18,1.2223262636080573e-17,0.0
72.16,"[0.06062, 0.0456, 0.41014]",0.0456,0.41014,-0.047021133509849294,-0.04729799095960697,0.0,0.14003657053070995,0.13967159658827077,0.0,0.0042021771732034035,0.004833708859064112,0.0,-0.11780724396494961,-0.11809993747876806,0.0,0.027772115285283144,0.027940545549099374,0.0,7.080216037499955e-18,1.2223262636080573e-17,0.0
72.18,"[0.06062, 0.0456, 0.41014]",0.0456,0.41014,-0.047021133509849294,-0.04729799095960697,0.0,0.14003657053070995,0.13967159658827077,0.0,0.0042021771732034035,0.004833708859064112,0.0,-0.11780724396494961,-0.11809993747876806,0.0,0.027772115285283144,0.027940545549099374,0.0,7.085420207927884e-18,1.2223262636080573e-17,0.0
72.2,"[0.06062, 0.0456, 0.41014]",0.0456,0.41014,-0.047021133509849294,-0.04729799095960697,0.0,0.14003657053070995,0.13967159658827077,0.0,0.0042021771732034035,0.004833708859064112,0.0,-0.11780724396494961,-0.11809993747876806,0.0,0.027772115285283144,0.027940545549099374,0.0,7.084552846189897e-18,1.2223262636080573e-17,0.0
72.22,"[0.06062, 0.0456, 0.41014]",0.0456,0.41014,-0.047021133509849294,-0.04729799095960697,0.0,0.14003657053070995,0.13967159658827077,0.0,0.0042021771732034035,0.004833708859064112,0.0,-0.11780724396494961,-0.11809993747876806,0.0,0.027772115285283144,0.027940545549099374,0.0,7.085420207927885e-18,1.2223262636080573e-17,0.0
72.24,"[0.06062, 0.0456, 0.41014]",0.0456,0.41014,-0.047021133509849294,-0.04729799095960697,0.0,0.14003657053070995,0.13967159658827077,0.0,0.0042021771732034035,0.004833708859064112,0.0,-0.11780724396494961,-0.11809993747876806,0.0,0.027772115285283144,0.027940545549099374,0.0,7.084986527058887e-18,1.2223262636080573e-17,0.0
72.26,"[0.06062, 0.0456, 0.41014]",0.0456,0.41014,-0.047021133509849294,-0.04729799095960697,0.0,0.14003657053070995,0.13967159658827077,0.0,0.0042021771732034035,0.004833708859064112,0.0,-0.11780724396494961,-0.11809993747876806,0.0,0.027772115285283144,0.027940545549099374,0.0,7.08281812271391e-18,1.2223262636080573e-17,0.0
72.28,"[0.06062, 0.0456, 0.41014]",0.0456,0.41014,-0.047021133509849294,-0.04729799095960697,0.0,0.14003657053070995,0.13967159658827077,0.0,0.0042021771732034035,0.004833708859064112,0.0,-0.11780724396494961,-0.11809993747876806,0.0,0.027772115285283144,0.027940545549099374,0.0,7.08281812271391e-18,1.2223262636080573e-17,0.0
72.3,"[0.06062, 0.0456, 0.41014]",0.0456,0.41014,-0.047021133509849294,-0.04729799095960697,0.0,0.14003657053070995,0.13967159658827077,0.0,0.0042021771732034035,0.004833708859064112,0.0,-0.11780724396494961,-0.11809993747876806,0.0,0.027772115285283144,0.027940545549099374,0.0,7.087588612272845e-18,1.2223262636080573e-17,0.0
72.32,"[0.06062, 0.0456, 0.41014]",0.0456,0.41014,-0.047021133509849294,-0.04729799095960697,0.0,0.14003657053070995,0.13967159658827077,0.0,0.0042021771732034035,0.004833708859064112,0.0,-0.11780724396494961,-0.11809993747876806,0.0,0.027772115285283144,0.027940545549099374,0.0,7.08845597401083e-18,1.2223262636080573e-17,0.0
72.34,"[0.06062, 0.0456, 0.41014]",0.0456,0.41014,-0.047021133509849294,-0.04729799095960697,0.0,0.14003657053070995,0.13967159658827077,0.0,0.0042021771732034035,0.004833708859064112,0.0,-0.11780724396494961,-0.11809993747876806,0.0,0.027772115285283144,0.027940545549099374,0.0,7.084986527058877e-18,1.2223262636080573e-17,0.0
72.36,"[0.06062, 0.0456, 0.41014]",0.0456,0.41014,-0.047021133509849294,-0.04729799095960697,0.0,0.14003657053070995,0.13967159658827077,0.0,0.0042021771732034035,0.004833708859064112,0.0,-0.11780724396494961,-0.11809993747876806,0.0,0.027772115285283144,0.027940545549099374,0.0,7.084119165320889e-18,1.2223262636080573e-17,0.0
72.38,"[0.06062, 0.0456, 0.41014]",0.0456,0.41014,-0.047021133509849294,-0.04729799095960697,0.0,0.14003657053070995,0.13967159658827077,0.0,0.0042021771732034035,0.004833708859064112,0.0,-0.11780724396494961,-0.11809993747876806,0.0,0.027772115285283144,0.027940545549099374,0.0,7.0832518035829e-18,1.2223262636080573e-17,0.0
72.4,"[0.06062, 0.0456, 0.41014]",0.0456,0.41014,-0.047021133509849294,-0.04729799095960697,0.0,0.14003657053070995,0.13967159658827077,0.0,0.0042021771732034035,0.004833708859064112,0.0,-0.11780724396494961,-0.11809993747876806,0.0,0.027772115285283144,0.027940545549099374,0.0,7.088455974010828e-18,1.2223262636080573e-17,0.0
72.42,"[0.06062, 0.0456, 0.41014]",0.0456,0.41014,-0.047021133509849294,-0.04729799095960697,0.0,0.14003657053070995,0.13967159658827077,0.0,0.0042021771732034035,0.004833708859064112,0.0,-0.11780724396494961,-0.11809993747876806,0.0,0.027772115285283144,0.027940545549099374,0.0,7.088455974010827e-18,1.2223262636080573e-17,0.0
72.44,"[0.06062, 0.0456, 0.41014]",0.0456,0.41014,-0.047021133509849294,-0.04729799095960697,0.0,0.14003657053070995,0.13967159658827077,0.0,0.0042021771732034035,0.004833708859064112,0.0,-0.11780724396494961,-0.11809993747876806,0.0,0.027772115285283144,0.027940545549099374,0.0,7.08542020792787e-18,1.2223262636080573e-17,0.0
72.46,"[0.06062, 0.0456, 0.41014]",0.0456,0.41014,-0.047021133509849294,-0.04729799095960697,0.0,0.14003657053070995,0.13967159658827077,0.0,0.0042021771732034035,0.004833708859064112,0.0,-0.11780724396494961,-0.11809993747876806,0.0,0.027772115285283144,0.027940545549099374,0.0,7.08845597401083e-18,1.2223262636080573e-17,0.0
72.48,"[0.06062, 0.0456, 0.41014]",0.0456,0.41014,-0.047021133509849294,-0.04729799095960697,0.0,0.14003657053070995,0.13967159658827077,0.0,0.0042021771732034035,0.004833708859064112,0.0,-0.11780724396494961,-0.11809993747876806,0.0,0.027772115285283144,0.027940545549099374,0.0,7.087154931403844e-18,1.2223262636080573e-17,0.0
72.5,"[0.06062, 0.0456, 0.41014]",0.0456,0.41014,-0.047021133509849294,-0.04729799095960697,0.0,0.14003657053070995,0.13967159658827077,0.0,0.0042021771732034035,0.004833708859064112,0.0,-0.11780724396494961,-0.11809993747876806,0.0,0.027772115285283144,0.027940545549099374,0.0,7.086287569665856e-18,1.2223262636080573e-17,0.0
72.521,"[0.06062, 0.0456, 0.41014]",0.0456,0.41014,-0.047021133509849294,-0.04729799095960697,0.0,0.14003657053070995,0.13967159658827077,0.0,0.0042021771732034035,0.004833708859064112,0.0,-0.11780724396494961,-0.11809993747876806,0.0,0.027772115285283144,0.027940545549099374,0.0,7.081083399237924e-18,1.2223262636080573e-17,0.0
72.54,"[0.06062, 0.0456, 0.41014]",0.0456,0.41014,-0.047021133509849294,-0.04729799095960697,0.0,0.14003657053070995,0.13967159658827077,0.0,0.0042021771732034035,0.004833708859064112,0.0,-0.11780724396494961,-0.11809993747876806,0.0,0.027772115285283144,0.027940545549099374,0.0,7.082818122713901e-18,1.2223262636080573e-17,0.0
72.56,"[0.06062, 0.0456, 0.41014]",0.0456,0.41014,-0.047021133509849294,-0.04729799095960697,0.0,0.14003657053070995,0.13967159658827077,0.0,0.0042021771732034035,0.004833708859064112,0.0,-0.11780724396494961,-0.11809993747876806,0.0,0.027772115285283144,0.027940545549099374,0.0,7.084986527058872e-18,1.2223262636080573e-17,0.0
72.58,"[0.06062, 0.0456, 0.41014]",0.0456,0.41014,-0.047021133509849294,-0.04729799095960697,0.0,0.14003657053070995,0.13967159658827077,0.0,0.0042021771732034035,0.004833708859064112,0.0,-0.11780724396494961,-0.11809993747876806,0.0,0.027772115285283144,0.027940545549099374,0.0,7.087154931403841e-18,1.2223262636080573e-17,0.0
72.601,"[0.06062, 0.0456, 0.41014]",0.0456,0.41014,-0.047021133509849294,-0.04729799095960697,0.0,0.14003657053070995,0.13967159658827077,0.0,0.0042021771732034035,0.004833708859064112,0.0,-0.11780724396494961,-0.11809993747876806,0.0,0.027772115285283144,0.027940545549099374,0.0,7.088889654879817e-18,1.2223262636080573e-17,0.0
72.62,"[0.06062, 0.0456, 0.41014]",0.0456,0.41014,-0.047021133509849294,-0.04729799095960697,0.0,0.14003657053070995,0.13967159658827077,0.0,0.0042021771732034035,0.004833708859064112,0.0,-0.11780724396494961,-0.11809993747876806,0.0,0.027772115285283144,0.027940545549099374,0.0,7.085420207927865e-18,1.2223262636080573e-17,0.0
72.64,"[0.06062, 0.0456, 0.41014]",0.0456,0.41014,-0.047021133509849294,-0.04729799095960697,0.0,0.14003657053070995,0.13967159658827077,0.0,0.0042021771732034035,0.004833708859064112,0.0,-0.11780724396494961,-0.11809993747876806,0.0,0.027772115285283144,0.027940545549099374,0.0,7.089323335748813e-18,1.2223262636080573e-17,0.0
72.66,"[0.06062, 0.0456, 0.41014]",0.0456,0.41014,-0.047021133509849294,-0.04729799095960697,0.0,0.14003657053070995,0.13967159658827077,0.0,0.0042021771732034035,0.004833708859064112,0.0,-0.11780724396494961,-0.11809993747876806,0.0,0.027772115285283144,0.027940545549099374,0.0,7.089757016617805e-18,1.2223262636080573e-17,0.0
72.68,"[0.06062, 0.0456, 0.41014]",0.0456,0.41014,-0.047021133509849294,-0.04729799095960697,0.0,0.14003657053070995,0.13967159658827077,0.0,0.0042021771732034035,0.004833708859064112,0.0,-0.11780724396494961,-0.11809993747876806,0.0,0.027772115285283144,0.027940545549099374,0.0,7.08715493140384e-18,1.2223262636080573e-17,0.0
72.7,"[0.06062, 0.0456, 0.41014]",0.0456,0.41014,-0.047021133509849294,-0.04729799095960697,0.0,0.14003657053070995,0.13967159658827077,0.0,0.0042021771732034035,0.004833708859064112,0.0,-0.11780724396494961,-0.11809993747876806,0.0,0.027772115285283144,0.027940545549099374,0.0,7.091058059224784e-18,1.2223262636080573e-17,0.0
72.72,"[0.06062, 0.0456, 0.41014]",0.0456,0.41014,-0.047021133509849294,-0.04729799095960697,0.0,0.14003657053070995,0.13967159658827077,0.0,0.0042021771732034035,0.004833708859064112,0.0,-0.11780724396494961,-0.11809993747876806,0.0,0.027772115285283144,0.027940545549099374,0.0,7.09279278270076e-18,1.2223262636080573e-17,0.0
72.74,"[0.06062, 0.0456, 0.41014]",0.0456,0.41014,-0.047021133509849294,-0.04729799095960697,0.0,0.14003657053070995,0.13967159658827077,0.0,0.0042021771732034035,0.004833708859064112,0.0,-0.11780724396494961,-0.11809993747876806,0.0,0.027772115285283144,0.027940545549099374,0.0,7.097129591390703e-18,1.2223262636080573e-17,0.0
72.76,"[0.06062, 0.0456, 0.41014]",0.0456,0.41014,-0.047021133509849294,-0.04729799095960697,0.0,0.14003657053070995,0.13967159658827077,0.0,0.0042021771732034035,0.004833708859064112,0.0,-0.11780724396494961,-0.11809993747876806,0.0,0.027772115285283144,0.027940545549099374,0.0,7.09582854878372e-18,1.2223262636080573e-17,0.0
72.78,"[0.06062, 0.0456, 0.41014]",0.0456,0.41014,-0.047021133509849294,-0.04729799095960697,0.0,0.14003657053070995,0.13967159658827077,0.0,0.0042021771732034035,0.004833708859064112,0.0,-0.11780724396494961,-0.11809993747876806,0.0,0.027772115285283144,0.027940545549099374,0.0,7.09409382530774e-18,1.2223262636080573e-17,0.0
72.8,"[0.06062, 0.0456, 0.41014]",0.0456,0.41014,-0.047021133509849294,-0.04729799095960697,0.0,0.14003657053070995,0.13967159658827077,0.0,0.0042021771732034035,0.004833708859064112,0.0,-0.11780724396494961,-0.11809993747876806,0.0,0.027772115285283144,0.027940545549099374,0.0,7.092359101831764e-18,1.2223262636080573e-17,0.0
72.82,"[0.06062, 0.0456, 0.41014]",0.0456,0.41014,-0.047021133509849294,-0.04729799095960697,0.0,0.14003657053070995,0.13967159658827077,0.0,0.0042021771732034035,0.004833708859064112,0.0,-0.11780724396494961,-0.11809993747876806,0.0,0.027772115285283144,0.027940545549099374,0.0,7.097129591390701e-18,1.2223262636080573e-17,0.0
72.84,"[0.06062, 0.0456, 0.41014]",0.0456,0.41014,-0.047021133509849294,-0.04729799095960697,0.0,0.14003657053070995,0.13967159658827077,0.0,0.0042021771732034035,0.004833708859064112,0.0,-0.11780724396494961,-0.11809993747876806,0.0,0.027772115285283144,0.027940545549099374,0.0,7.091925420962768e-18,1.2223262636080573e-17,0.0
72.86,"[0.06062, 0.0456, 0.41014]",0.0456,0.41014,-0.047021133509849294,-0.04729799095960697,0.0,0.14003657053070995,0.13967159658827077,0.0,0.0042021771732034035,0.004833708859064112,0.0,-0.11780724396494961,-0.11809993747876806,0.0,0.027772115285283144,0.027940545549099374,0.0,7.090624378355785e-18,1.2223262636080573e-17,0.0
72.88,"[0.06062, 0.0456, 0.41014]",0.0456,0.41014,-0.047021133509849294,-0.04729799095960697,0.0,0.14003657053070995,0.13967159658827077,0.0,0.0042021771732034035,0.004833708859064112,0.0,-0.11780724396494961,-0.11809993747876806,0.0,0.027772115285283144,0.027940545549099374,0.0,7.090190697486792e-18,1.2223262636080573e-17,0.0
72.9,"[0.06062, 0.0456, 0.41014]",0.0456,0.41014,-0.047021133509849294,-0.04729799095960697,0.0,0.14003657053070995,0.13967159658827077,0.0,0.0042021771732034035,0.004833708859064112,0.0,-0.11780724396494961,-0.11809993747876806,0.0,0.027772115285283144,0.027940545549099374,0.0,7.087588612272825e-18,1.2223262636080573e-17,0.0
72.92,"[0.06062, 0.0456, 0.41014]",0.0456,0.41014,-0.047021133509849294,-0.04729799095960697,0.0,0.14003657053070995,0.13967159658827077,0.0,0.0042021771732034035,0.004833708859064112,0.0,-0.11780724396494961,-0.11809993747876806,0.0,0.027772115285283144,0.027940545549099374,0.0,7.087154931403829e-18,1.2223262636080573e-17,0.0
72.94,"[0.06062, 0.0456, 0.41014]",0.0456,0.41014,-0.047021133509849294,-0.04729799095960697,0.0,0.14003657053070995,0.13967159658827077,0.0,0.0042021771732034035,0.004833708859064112,0.0,-0.11780724396494961,-0.11809993747876806,0.0,0.027772115285283144,0.027940545549099374,0.0,7.084552846189857e-18,1.2223262636080573e-17,0.0
72.96,"[0.06062, 0.0456, 0.41014]",0.0456,0.41014,-0.047021133509849294,-0.04729799095960697,0.0,0.14003657053070995,0.13967159658827077,0.0,0.0042021771732034035,0.004833708859064112,0.0,-0.11780724396494961,-0.11809993747876806,0.0,0.027772115285283144,0.027940545549099374,0.0,7.084552846189856e-18,1.2223262636080573e-17,0.0
72.98,"[0.06062, 0.0456, 0.41014]",0.0456,0.41014,-0.047021133509849294,-0.04729799095960697,0.0,0.14003657053070995,0.13967159658827077,0.0,0.0042021771732034035,0.004833708859064112,0.0,-0.11780724396494961,-0.11809993747876806,0.0,0.027772115285283144,0.027940545549099374,0.0,7.091058059224768e-18,1.2223262636080573e-17,0.0
73.0,"[0.06062, 0.0456, 0.41014]",0.0456,0.41014,-0.047021133509849294,-0.04729799095960697,0.0,0.14003657053070995,0.13967159658827077,0.0,0.0042021771732034035,0.004833708859064112,0.0,-0.11780724396494961,-0.11809993747876806,0.0,0.027772115285283144,0.027940545549099374,0.0,7.093226463569737e-18,1.2223262636080573e-17,0.0
73.02,"[0.06062, 0.0456, 0.41014]",0.0456,0.41014,-0.047021133509849294,-0.04729799095960697,0.0,0.14003657053070995,0.13967159658827077,0.0,0.0042021771732034035,0.004833708859064112,0.0,-0.11780724396494961,-0.11809993747876806,0.0,0.027772115285283144,0.027940545549099374,0.0,7.087154931403816e-18,1.2223262636080573e-17,0.0
73.04,"[0.06062, 0.0456, 0.41014]",0.0456,0.41014,-0.047021133509849294,-0.04729799095960697,0.0,0.14003657053070995,0.13967159658827077,0.0,0.0042021771732034035,0.004833708859064112,0.0,-0.11780724396494961,-0.11809993747876806,0.0,0.027772115285283144,0.027940545549099374,0.0,7.085853888796834e-18,1.2223262636080573e-17,0.0
73.06,"[0.06062, 0.0456, 0.41014]",0.0456,0.41014,-0.047021133509849294,-0.04729799095960697,0.0,0.14003657053070995,0.13967159658827077,0.0,0.0042021771732034035,0.004833708859064112,0.0,-0.11780724396494961,-0.11809993747876806,0.0,0.027772115285283144,0.027940545549099374,0.0,7.08455284618985e-18,1.2223262636080573e-17,0.0
73.08,"[0.06062, 0.0456, 0.41014]",0.0456,0.41014,-0.047021133509849294,-0.04729799095960697,0.0,0.14003657053070995,0.13967159658827077,0.0,0.0042021771732034035,0.004833708859064112,0.0,-0.11780724396494961,-0.11809993747876806,0.0,0.027772115285283144,0.027940545549099374,0.0,7.084552846189845e-18,1.2223262636080573e-17,0.0
73.1,"[0.06062, 0.0456, 0.41014]",0.0456,0.41014,-0.047021133509849294,-0.04729799095960697,0.0,0.14003657053070995,0.13967159658827077,0.0,0.0042021771732034035,0.004833708859064112,0.0,-0.11780724396494961,-0.11809993747876806,0.0,0.027772115285283144,0.027940545549099374,0.0,7.086287569665821e-18,1.2223262636080573e-17,0.0
73.12,"[0.06062, 0.0456, 0.41014]",0.0456,0.41014,-0.047021133509849294,-0.04729799095960697,0.0,0.14003657053070995,0.13967159658827077,0.0,0.0042021771732034035,0.004833708859064112,0.0,-0.11780724396494961,-0.11809993747876806,0.0,0.027772115285283144,0.027940545549099374,0.0,7.086287569665822e-18,1.2223262636080573e-17,0.0
73.141,"[0.06062, 0.0456, 0.41014]",0.0456,0.41014,-0.047021133509849294,-0.04729799095960697,0.0,0.14003657053070995,0.13967159658827077,0.0,0.0042021771732034035,0.004833708859064112,0.0,-0.11780724396494961,-0.11809993747876806,0.0,0.027772115285283144,0.027940545549099374,0.0,7.093660144438727e-18,1.2223262636080573e-17,0.0
73.16,"[0.06062, 0.0456, 0.41014]",0.0456,0.41014,-0.047021133509849294,-0.04729799095960697,0.0,0.14003657053070995,0.13967159658827077,0.0,0.0042021771732034035,0.004833708859064112,0.0,-0.11780724396494961,-0.11809993747876806,0.0,0.027772115285283144,0.027940545549099374,0.0,7.095394867914702e-18,1.2223262636080573e-17,0.0
73.18,"[0.06062, 0.0456, 0.41014]",0.0456,0.41014,-0.047021133509849294,-0.04729799095960697,0.0,0.14003657053070995,0.13967159658827077,0.0,0.0042021771732034035,0.004833708859064112,0.0,-0.11780724396494961,-0.11809993747876806,0.0,0.027772115285283144,0.027940545549099374,0.0,7.09799695312867e-18,1.2223262636080573e-17,0.0
73.2,"[0.06062, 0.0456, 0.41014]",0.0456,0.41014,-0.047021133509849294,-0.04729799095960697,0.0,0.14003657053070995,0.13967159658827077,0.0,0.0042021771732034035,0.004833708859064112,0.0,-0.11780724396494961,-0.11809993747876806,0.0,0.027772115285283144,0.027940545549099374,0.0,7.093660144438725e-18,1.2223262636080573e-17,0.0
73.22,"[0.06062, 0.0456, 0.41014]",0.0456,0.41014,-0.047021133509849294,-0.04729799095960697,0.0,0.14003657053070995,0.13967159658827077,0.0,0.0042021771732034035,0.004833708859064112,0.0,-0.11780724396494961,-0.11809993747876806,0.0,0.027772115285283144,0.027940545549099374,0.0,7.090190697486769e-18,1.2223262636080573e-17,0.0
73.24,"[0.06062, 0.0456, 0.41014]",0.0456,0.41014,-0.047021133509849294,-0.04729799095960697,0.0,0.14003657053070995,0.13967159658827077,0.0,0.0042021771732034035,0.004833708859064112,0.0,-0.11780724396494961,-0.11809993747876806,0.0,0.027772115285283144,0.027940545549099374,0.0,7.090624378355764e-18,1.2223262636080573e-17,0.0
73.26,"[0.06062, 0.0456, 0.41014]",0.0456,0.41014,-0.047021133509849294,-0.04729799095960697,0.0,0.14003657053070995,0.13967159658827077,0.0,0.0042021771732034035,0.004833708859064112,0.0,-0.11780724396494961,-0.11809993747876806,0.0,0.027772115285283144,0.027940545549099374,0.0,7.089323335748778e-18,1.2223262636080573e-17,0.0
73.28,"[0.06062, 0.0456, 0.41014]",0.0456,0.41014,-0.047021133509849294,-0.04729799095960697,0.0,0.14003657053070995,0.13967159658827077,0.0,0.0042021771732034035,0.004833708859064112,0.0,-0.11780724396494961,-0.11809993747876806,0.0,0.027772115285283144,0.027940545549099374,0.0,7.090190697486766e-18,1.2223262636080573e-17,0.0
73.3,"[0.06062, 0.0456, 0.41014]",0.0456,0.41014,-0.047021133509849294,-0.04729799095960697,0.0,0.14003657053070995,0.13967159658827077,0.0,0.0042021771732034035,0.004833708859064112,0.0,-0.11780724396494961,-0.11809993747876806,0.0,0.027772115285283144,0.027940545549099374,0.0,7.087154931403807e-18,1.2223262636080573e-17,0.0
73.32,"[0.06062, 0.0456, 0.41014]",0.0456,0.41014,-0.047021133509849294,-0.04729799095960697,0.0,0.14003657053070995,0.13967159658827077,0.0,0.0042021771732034035,0.004833708859064112,0.0,-0.11780724396494961,-0.11809993747876806,0.0,0.027772115285283144,0.027940545549099374,0.0,7.080216037499899e-18,1.2223262636080573e-17,0.0
73.34,"[0.06062, 0.0456, 0.41014]",0.0456,0.41014,-0.047021133509849294,-0.04729799095960697,0.0,0.14003657053070995,0.13967159658827077,0.0,0.0042021771732034035,0.004833708859064112,0.0,-0.11780724396494961,-0.11809993747876806,0.0,0.027772115285283144,0.027940545549099374,0.0,7.078914994892917e-18,1.2223262636080573e-17,0.0
73.36,"[0.06062, 0.0456, 0.41014]",0.0456,0.41014,-0.047021133509849294,-0.04729799095960697,0.0,0.14003657053070995,0.13967159658827077,0.0,0.0042021771732034035,0.004833708859064112,0.0,-0.11780724396494961,-0.11809993747876806,0.0,0.027772115285283144,0.027940545549099374,0.0,7.082818122713866e-18,1.2223262636080573e-17,0.0
73.38,"[0.06062, 0.0456, 0.41014]",0.0456,0.41014,-0.047021133509849294,-0.04729799095960697,0.0,0.14003657053070995,0.13967159658827077,0.0,0.0042021771732034035,0.004833708859064112,0.0,-0.11780724396494961,-0.11809993747876806,0.0,0.027772115285283144,0.027940545549099374,0.0,7.084119165320847e-18,1.2223262636080573e-17,0.0
73.4,"[0.06062, 0.0456, 0.41014]",0.0456,0.41014,-0.047021133509849294,-0.04729799095960697,0.0,0.14003657053070995,0.13967159658827077,0.0,0.0042021771732034035,0.004833708859064112,0.0,-0.11780724396494961,-0.11809993747876806,0.0,0.027772115285283144,0.027940545549099374,0.0,7.078914994892913e-18,1.2223262636080573e-17,0.0
73.42,"[0.06062, 0.0456, 0.41014]",0.0456,0.41014,-0.047021133509849294,-0.04729799095960697,0.0,0.14003657053070995,0.13967159658827077,0.0,0.0042021771732034035,0.004833708859064112,0.0,-0.11780724396494961,-0.11809993747876806,0.0,0.027772115285283144,0.027940545549099374,0.0,7.086287569665815e-18,1.2223262636080573e-17,0.0
73.44,"[0.06062, 0.0456, 0.41014]",0.0456,0.41014,-0.047021133509849294,-0.04729799095960697,0.0,0.14003657053070995,0.13967159658827077,0.0,0.0042021771732034035,0.004833708859064112,0.0,-0.11780724396494961,-0.11809993747876806,0.0,0.027772115285283144,0.027940545549099374,0.0,7.086287569665816e-18,1.2223262636080573e-17,0.0
73.46,"[0.06062, 0.0456, 0.41014]",0.0456,0.41014,-0.047021133509849294,-0.04729799095960697,0.0,0.14003657053070995,0.13967159658827077,0.0,0.0042021771732034035,0.004833708859064112,0.0,-0.11780724396494961,-0.11809993747876806,0.0,0.027772115285283144,0.027940545549099374,0.0,7.08368548445185e-18,1.2223262636080573e-17,0.0
73.48,"[0.06062, 0.0456, 0.41014]",0.0456,0.41014,-0.047021133509849294,-0.04729799095960697,0.0,0.14003657053070995,0.13967159658827077,0.0,0.0042021771732034035,0.004833708859064112,0.0,-0.11780724396494961,-0.11809993747876806,0.0,0.027772115285283144,0.027940545549099374,0.0,7.084986527058829e-18,1.2223262636080573e-17,0.0
73.5,"[0.06062, 0.0456, 0.41014]",0.0456,0.41014,-0.047021133509849294,-0.04729799095960697,0.0,0.14003657053070995,0.13967159658827077,0.0,0.0042021771732034035,0.004833708859064112,0.0,-0.11780724396494961,-0.11809993747876806,0.0,0.027772115285283144,0.027940545549099374,0.0,7.085420207927825e-18,1.2223262636080573e-17,0.0
73.52,"[0.06062, 0.0456, 0.41014]",0.0456,0.41014,-0.047021133509849294,-0.04729799095960697,0.0,0.14003657053070995,0.13967159658827077,0.0,0.0042021771732034035,0.004833708859064112,0.0,-0.11780724396494961,-0.11809993747876806,0.0,0.027772115285283144,0.027940545549099374,0.0,7.085853888796818e-18,1.2223262636080573e-17,0.0
73.54,"[0.06062, 0.0456, 0.41014]",0.0456,0.41014,-0.047021133509849294,-0.04729799095960697,0.0,0.14003657053070995,0.13967159658827077,0.0,0.0042021771732034035,0.004833708859064112,0.0,-0.11780724396494961,-0.11809993747876806,0.0,0.027772115285283144,0.027940545549099374,0.0,7.08411916532084e-18,1.2223262636080573e-17,0.0
73.56,"[0.06062, 0.0456, 0.41014]",0.0456,0.41014,-0.047021133509849294,-0.04729799095960697,0.0,0.14003657053070995,0.13967159658827077,0.0,0.0042021771732034035,0.004833708859064112,0.0,-0.11780724396494961,-0.11809993747876806,0.0,0.027772115285283144,0.027940545549099374,0.0,7.090624378355751e-18,1.2223262636080573e-17,0.0
73.58,"[0.06062, 0.0456, 0.41014]",0.0456,0.41014,-0.047021133509849294,-0.04729799095960697,0.0,0.14003657053070995,0.13967159658827077,0.0,0.0042021771732034035,0.004833708859064112,0.0,-0.11780724396494961,-0.11809993747876806,0.0,0.027772115285283144,0.027940545549099374,0.0,7.083685484451842e-18,1.2223262636080573e-17,0.0
73.6,"[0.06062, 0.0456, 0.41014]",0.0456,0.41014,-0.047021133509849294,-0.04729799095960697,0.0,0.14003657053070995,0.13967159658827077,0.0,0.0042021771732034035,0.004833708859064112,0.0,-0.11780724396494961,-0.11809993747876806,0.0,0.027772115285283144,0.027940545549099374,0.0,7.081083399237875e-18,1.2223262636080573e-17,0.0
73.62,"[0.06062, 0.0456, 0.41014]",0.0456,0.41014,-0.047021133509849294,-0.04729799095960697,0.0,0.14003657053070995,0.13967159658827077,0.0,0.0042021771732034035,0.004833708859064112,0.0,-0.11780724396494961,-0.11809993747876806,0.0,0.027772115285283144,0.027940545549099374,0.0,7.086721250534803e-18,1.2223262636080573e-17,0.0
73.64,"[0.06062, 0.0456, 0.41014]",0.0456,0.41014,-0.047021133509849294,-0.04729799095960697,0.0,0.14003657053070995,0.13967159658827077,0.0,0.0042021771732034035,0.004833708859064112,0.0,-0.11780724396494961,-0.11809993747876806,0.0,0.027772115285283144,0.027940545549099374,0.0,7.087588612272791e-18,1.2223262636080573e-17,0.0
73.66,"[0.06062, 0.0456, 0.41014]",0.0456,0.41014,-0.047021133509849294,-0.04729799095960697,0.0,0.14003657053070995,0.13967159658827077,0.0,0.0042021771732034035,0.004833708859064112,0.0,-0.11780724396494961,-0.11809993747876806,0.0,0.027772115285283144,0.027940545549099374,0.0,7.081950760975869e-18,1.2223262636080573e-17,0.0
73.68,"[0.06062, 0.0456, 0.41014]",0.0456,0.41014,-0.047021133509849294,-0.04729799095960697,0.0,0.14003657053070995,0.13967159658827077,0.0,0.0042021771732034035,0.004833708859064112,0.0,-0.11780724396494961,-0.11809993747876806,0.0,0.027772115285283144,0.027940545549099374,0.0,7.081950760975869e-18,1.2223262636080573e-17,0.0
73.7,"[0.06062, 0.0456, 0.41014]",0.0456,0.41014,-0.047021133509849294,-0.04729799095960697,0.0,0.14003657053070995,0.13967159658827077,0.0,0.0042021771732034035,0.004833708859064112,0.0,-0.11780724396494961,-0.11809993747876806,0.0,0.027772115285283144,0.027940545549099374,0.0,7.079348675761899e-18,1.2223262636080573e-17,0.0
73.72,"[0.06062, 0.0456, 0.41014]",0.0456,0.41014,-0.047021133509849294,-0.04729799095960697,0.0,0.14003657053070995,0.13967159658827077,0.0,0.0042021771732034035,0.004833708859064112,0.0,-0.11780724396494961,-0.11809993747876806,0.0,0.027772115285283144,0.027940545549099374,0.0,7.083251803582847e-18,1.2223262636080573e-17,0.0
73.74,"[0.06062, 0.0456, 0.41014]",0.0456,0.41014,-0.047021133509849294,-0.04729799095960697,0.0,0.14003657053070995,0.13967159658827077,0.0,0.0042021771732034035,0.004833708859064112,0.0,-0.11780724396494961,-0.11809993747876806,0.0,0.027772115285283144,0.027940545549099374,0.0,7.088022293141783e-18,1.2223262636080573e-17,0.0
73.76,"[0.06062, 0.0456, 0.41014]",0.0456,0.41014,-0.047021133509849294,-0.04729799095960697,0.0,0.14003657053070995,0.13967159658827077,0.0,0.0042021771732034035,0.004833708859064112,0.0,-0.11780724396494961,-0.11809993747876806,0.0,0.027772115285283144,0.027940545549099374,0.0,7.088022293141784e-18,1.2223262636080573e-17,0.0
73.78,"[0.06062, 0.0456, 0.41014]",0.0456,0.41014,-0.047021133509849294,-0.04729799095960697,0.0,0.14003657053070995,0.13967159658827077,0.0,0.0042021771732034035,0.004833708859064112,0.0,-0.11780724396494961,-0.11809993747876806,0.0,0.027772115285283144,0.027940545549099374,0.0,7.085420207927819e-18,1.2223262636080573e-17,0.0
73.8,"[0.06062, 0.0456, 0.41014]",0.0456,0.41014,-0.047021133509849294,-0.04729799095960697,0.0,0.14003657053070995,0.13967159658827077,0.0,0.0042021771732034035,0.004833708859064112,0.0,-0.11780724396494961,-0.11809993747876806,0.0,0.027772115285283144,0.027940545549099374,0.0,7.084552846189826e-18,1.2223262636080573e-17,0.0
73.821,"[0.06062, 0.0456, 0.41014]",0.0456,0.41014,-0.047021133509849294,-0.04729799095960697,0.0,0.14003657053070995,0.13967159658827077,0.0,0.0042021771732034035,0.004833708859064112,0.0,-0.11780724396494961,-0.11809993747876806,0.0,0.027772115285283144,0.027940545549099374,0.0,7.081950760975863e-18,1.2223262636080573e-17,0.0
73.84,"[0.06062, 0.0456, 0.41014]",0.0456,0.41014,-0.047021133509849294,-0.04729799095960697,0.0,0.14003657053070995,0.13967159658827077,0.0,0.0042021771732034035,0.004833708859064112,0.0,-0.11780724396494961,-0.11809993747876806,0.0,0.027772115285283144,0.027940545549099374,0.0,7.08585388879681e-18,1.2223262636080573e-17,0.0
73.86,"[0.06062, 0.0456, 0.41014]",0.0456,0.41014,-0.047021133509849294,-0.04729799095960697,0.0,0.14003657053070995,0.13967159658827077,0.0,0.0042021771732034035,0.004833708859064112,0.0,-0.11780724396494961,-0.11809993747876806,0.0,0.027772115285283144,0.027940545549099374,0.0,7.08802229314178e-18,1.2223262636080573e-17,0.0
73.88,"[0.06062, 0.0456, 0.41014]",0.0456,0.41014,-0.047021133509849294,-0.04729799095960697,0.0,0.14003657053070995,0.13967159658827077,0.0,0.0042021771732034035,0.004833708859064112,0.0,-0.11780724396494961,-0.11809993747876806,0.0,0.027772115285283144,0.027940545549099374,0.0,7.091491740093731e-18,1.2223262636080573e-17,0.0
73.9,"[0.06062, 0.0456, 0.41014]",0.0456,0.41014,-0.047021133509849294,-0.04729799095960697,0.0,0.14003657053070995,0.13967159658827077,0.0,0.0042021771732034035,0.004833708859064112,0.0,-0.11780724396494961,-0.11809993747876806,0.0,0.027772115285283144,0.027940545549099374,0.0,7.085420207927811e-18,1.2223262636080573e-17,0.0
73.92,"[0.06062, 0.0456, 0.41014]",0.0456,0.41014,-0.047021133509849294,-0.04729799095960697,0.0,0.14003657053070995,0.13967159658827077,0.0,0.0042021771732034035,0.004833708859064112,0.0,-0.11780724396494961,-0.11809993747876806,0.0,0.027772115285283144,0.027940545549099374,0.0,7.081517080106863e-18,1.2223262636080573e-17,0.0
73.94,"[0.06062, 0.0456, 0.41014]",0.0456,0.41014,-0.047021133509849294,-0.04729799095960697,0.0,0.14003657053070995,0.13967159658827077,0.0,0.0042021771732034035,0.004833708859064112,0.0,-0.11780724396494961,-0.11809993747876806,0.0,0.027772115285283144,0.027940545549099374,0.0,7.08238444184485e-18,1.2223262636080573e-17,0.0
73.96,"[0.06062, 0.0456, 0.41014]",0.0456,0.41014,-0.047021133509849294,-0.04729799095960697,0.0,0.14003657053070995,0.13967159658827077,0.0,0.0042021771732034035,0.004833708859064112,0.0,-0.11780724396494961,-0.11809993747876806,0.0,0.027772115285283144,0.027940545549099374,0.0,7.086287569665798e-18,1.2223262636080573e-17,0.0
73.98,"[0.06062, 0.0456, 0.41014]",0.0456,0.41014,-0.047021133509849294,-0.04729799095960697,0.0,0.14003657053070995,0.13967159658827077,0.0,0.0042021771732034035,0.004833708859064112,0.0,-0.11780724396494961,-0.11809993747876806,0.0,0.027772115285283144,0.027940545549099374,0.0,7.081950760975857e-18,1.2223262636080573e-17,0.0
74.0,"[0.06062, 0.0456, 0.41014]",0.0456,0.41014,-0.047021133509849294,-0.04729799095960697,0.0,0.14003657053070995,0.13967159658827077,0.0,0.0042021771732034035,0.004833708859064112,0.0,-0.11780724396494961,-0.11809993747876806,0.0,0.027772115285283144,0.027940545549099374,0.0,7.088889654879766e-18,1.2223262636080573e-17,0.0
74.02,"[0.06062, 0.0456, 0.41014]",0.0456,0.41014,-0.047021133509849294,-0.04729799095960697,0.0,0.14003657053070995,0.13967159658827077,0.0,0.0042021771732034035,0.004833708859064112,0.0,-0.11780724396494961,-0.11809993747876806,0.0,0.027772115285283144,0.027940545549099374,0.0,7.085420207927811e-18,1.2223262636080573e-17,0.0
74.04,"[0.06062, 0.0456, 0.41014]",0.0456,0.41014,-0.047021133509849294,-0.04729799095960697,0.0,0.14003657053070995,0.13967159658827077,0.0,0.0042021771732034035,0.004833708859064112,0.0,-0.11780724396494961,-0.11809993747876806,0.0,0.027772115285283144,0.027940545549099374,0.0,7.081950760975857e-18,1.2223262636080573e-17,0.0
74.06,"[0.06062, 0.0456, 0.41014]",0.0456,0.41014,-0.047021133509849294,-0.04729799095960697,0.0,0.14003657053070995,0.13967159658827077,0.0,0.0042021771732034035,0.004833708859064112,0.0,-0.11780724396494961,-0.11809993747876806,0.0,0.027772115285283144,0.027940545549099374,0.0,7.08932333574876e-18,1.2223262636080573e-17,0.0
74.08,"[0.06062, 0.0456, 0.41014]",0.0456,0.41014,-0.047021133509849294,-0.04729799095960697,0.0,0.14003657053070995,0.13967159658827077,0.0,0.0042021771732034035,0.004833708859064112,0.0,-0.11780724396494961,-0.11809993747876806,0.0,0.027772115285283144,0.027940545549099374,0.0,7.086721250534794e-18,1.2223262636080573e-17,0.0
74.1,"[0.06062, 0.0456, 0.41014]",0.0456,0.41014,-0.047021133509849294,-0.04729799095960697,0.0,0.14003657053070995,0.13967159658827077,0.0,0.0042021771732034035,0.004833708859064112,0.0,-0.11780724396494961,-0.11809993747876806,0.0,0.027772115285283144,0.027940545549099374,0.0,7.084986527058818e-18,1.2223262636080573e-17,0.0
74.12,"[0.06062, 0.0456, 0.41014]",0.0456,0.41014,-0.047021133509849294,-0.04729799095960697,0.0,0.14003657053070995,0.13967159658827077,0.0,0.0042021771732034035,0.004833708859064112,0.0,-0.11780724396494961,-0.11809993747876806,0.0,0.027772115285283144,0.027940545549099374,0.0,7.083685484451832e-18,1.2223262636080573e-17,0.0
74.14,"[0.06062, 0.0456, 0.41014]",0.0456,0.41014,-0.047021133509849294,-0.04729799095960697,0.0,0.14003657053070995,0.13967159658827077,0.0,0.0042021771732034035,0.004833708859064112,0.0,-0.11780724396494961,-0.11809993747876806,0.0,0.027772115285283144,0.027940545549099374,0.0,7.084119165320827e-18,1.2223262636080573e-17,0.0
74.16,"[0.06062, 0.0456, 0.41014]",0.0456,0.41014,-0.047021133509849294,-0.04729799095960697,0.0,0.14003657053070995,0.13967159658827077,0.0,0.0042021771732034035,0.004833708859064112,0.0,-0.11780724396494961,-0.11809993747876806,0.0,0.027772115285283144,0.027940545549099374,0.0,7.088889654879761e-18,1.2223262636080573e-17,0.0
74.18,"[0.06062, 0.0456, 0.41014]",0.0456,0.41014,-0.047021133509849294,-0.04729799095960697,0.0,0.14003657053070995,0.13967159658827077,0.0,0.0042021771732034035,0.004833708859064112,0.0,-0.11780724396494961,-0.11809993747876806,0.0,0.027772115285283144,0.027940545549099374,0.0,7.083685484451831e-18,1.2223262636080573e-17,0.0
74.2,"[0.06062, 0.0456, 0.41014]",0.0456,0.41014,-0.047021133509849294,-0.04729799095960697,0.0,0.14003657053070995,0.13967159658827077,0.0,0.0042021771732034035,0.004833708859064112,0.0,-0.11780724396494961,-0.11809993747876806,0.0,0.027772115285283144,0.027940545549099374,0.0,7.0858538887968e-18,1.2223262636080573e-17,0.0
74.22,"[0.06062, 0.0456, 0.41014]",0.0456,0.41014,-0.047021133509849294,-0.04729799095960697,0.0,0.14003657053070995,0.13967159658827077,0.0,0.0042021771732034035,0.004833708859064112,0.0,-0.11780724396494961,-0.11809993747876806,0.0,0.027772115285283144,0.027940545549099374,0.0,7.088455974010764e-18,1.2223262636080573e-17,0.0
74.24,"[0.06062, 0.0456, 0.41014]",0.0456,0.41014,-0.047021133509849294,-0.04729799095960697,0.0,0.14003657053070995,0.13967159658827077,0.0,0.0042021771732034035,0.004833708859064112,0.0,-0.11780724396494961,-0.11809993747876806,0.0,0.027772115285283144,0.027940545549099374,0.0,7.085420207927805e-18,1.2223262636080573e-17,0.0
74.26,"[0.06062, 0.0456, 0.41014]",0.0456,0.41014,-0.047021133509849294,-0.04729799095960697,0.0,0.14003657053070995,0.13967159658827077,0.0,0.0042021771732034035,0.004833708859064112,0.0,-0.11780724396494961,-0.11809993747876806,0.0,0.027772115285283144,0.027940545549099374,0.0,7.084552846189816e-18,1.2223262636080573e-17,0.0
74.28,"[0.06062, 0.0456, 0.41014]",0.0456,0.41014,-0.047021133509849294,-0.04729799095960697,0.0,0.14003657053070995,0.13967159658827077,0.0,0.0042021771732034035,0.004833708859064112,0.0,-0.11780724396494961,-0.11809993747876806,0.0,0.027772115285283144,0.027940545549099374,0.0,7.081950760975852e-18,1.2223262636080573e-17,0.0
74.3,"[0.06062, 0.0456, 0.41014]",0.0456,0.41014,-0.047021133509849294,-0.04729799095960697,0.0,0.14003657053070995,0.13967159658827077,0.0,0.0042021771732034035,0.004833708859064112,0.0,-0.11780724396494961,-0.11809993747876806,0.0,0.027772115285283144,0.027940545549099374,0.0,7.090624378355737e-18,1.2223262636080573e-17,0.0
74.32,"[0.06062, 0.0456, 0.41014]",0.0456,0.41014,-0.047021133509849294,-0.04729799095960697,0.0,0.14003657053070995,0.13967159658827077,0.0,0.0042021771732034035,0.004833708859064112,0.0,-0.11780724396494961,-0.11809993747876806,0.0,0.027772115285283144,0.027940545549099374,0.0,7.086721250534788e-18,1.2223262636080573e-17,0.0
74.34,"[0.06062, 0.0456, 0.41014]",0.0456,0.41014,-0.047021133509849294,-0.04729799095960697,0.0,0.14003657053070995,0.13967159658827077,0.0,0.0042021771732034035,0.004833708859064112,0.0,-0.11780724396494961,-0.11809993747876806,0.0,0.027772115285283144,0.027940545549099374,0.0,7.087588612272776e-18,1.2223262636080573e-17,0.0
74.36,"[0.06062, 0.0456, 0.41014]",0.0456,0.41014,-0.047021133509849294,-0.04729799095960697,0.0,0.14003657053070995,0.13967159658827077,0.0,0.0042021771732034035,0.004833708859064112,0.0,-0.11780724396494961,-0.11809993747876806,0.0,0.027772115285283144,0.027940545549099374,0.0,7.087154931403778e-18,1.2223262636080573e-17,0.0
74.38,"[0.06062, 0.0456, 0.41014]",0.0456,0.41014,-0.047021133509849294,-0.04729799095960697,0.0,0.14003657053070995,0.13967159658827077,0.0,0.0042021771732034035,0.004833708859064112,0.0,-0.11780724396494961,-0.11809993747876806,0.0,0.027772115285283144,0.027940545549099374,0.0,7.083685484451822e-18,1.2223262636080573e-17,0.0
74.4,"[0.06062, 0.0456, 0.41014]",0.0456,0.41014,-0.047021133509849294,-0.04729799095960697,0.0,0.14003657053070995,0.13967159658827077,0.0,0.0042021771732034035,0.004833708859064112,0.0,-0.11780724396494961,-0.11809993747876806,0.0,0.027772115285283144,0.027940545549099374,0.0,7.084552846189806e-18,1.2223262636080573e-17,0.0
74.42,"[0.06062, 0.0456, 0.41014]",0.0456,0.41014,-0.047021133509849294,-0.04729799095960697,0.0,0.14003657053070995,0.13967159658827077,0.0,0.0042021771732034035,0.004833708859064112,0.0,-0.11780724396494961,-0.11809993747876806,0.0,0.027772115285283144,0.027940545549099374,0.0,7.080649718368862e-18,1.2223262636080573e-17,0.0
74.44,"[0.06062, 0.0456, 0.41014]",0.0456,0.41014,-0.047021133509849294,-0.04729799095960697,0.0,0.14003657053070995,0.13967159658827077,0.0,0.0042021771732034035,0.004833708859064112,0.0,-0.11780724396494961,-0.11809993747876806,0.0,0.027772115285283144,0.027940545549099374,0.0,7.080649718368859e-18,1.2223262636080573e-17,0.0
74.461,"[0.06062, 0.0456, 0.41014]",0.0456,0.41014,-0.047021133509849294,-0.04729799095960697,0.0,0.14003657053070995,0.13967159658827077,0.0,0.0042021771732034035,0.004833708859064112,0.0,-0.11780724396494961,-0.11809993747876806,0.0,0.027772115285283144,0.027940545549099374,0.0,7.08888965487975e-18,1.2223262636080573e-17,0.0
74.48,"[0.06062, 0.0456, 0.41014]",0.0456,0.41014,-0.047021133509849294,-0.04729799095960697,0.0,0.14003657053070995,0.13967159658827077,0.0,0.0042021771732034035,0.004833708859064112,0.0,-0.11780724396494961,-0.11809993747876806,0.0,0.027772115285283144,0.027940545549099374,0.0,7.090624378355728e-18,1.2223262636080573e-17,0.0
74.5,"[0.06062, 0.0456, 0.41014]",0.0456,0.41014,-0.047021133509849294,-0.04729799095960697,0.0,0.14003657053070995,0.13967159658827077,0.0,0.0042021771732034035,0.004833708859064112,0.0,-0.11780724396494961,-0.11809993747876806,0.0,0.027772115285283144,0.027940545549099374,0.0,7.090190697486733e-18,1.2223262636080573e-17,0.0
74.52,"[0.06062, 0.0456, 0.41014]",0.0456,0.41014,-0.047021133509849294,-0.04729799095960697,0.0,0.14003657053070995,0.13967159658827077,0.0,0.0042021771732034035,0.004833708859064112,0.0,-0.11780724396494961,-0.11809993747876806,0.0,0.027772115285283144,0.027940545549099374,0.0,7.084986527058798e-18,1.2223262636080573e-17,0.0
74.54,"[0.06062, 0.0456, 0.41014]",0.0456,0.41014,-0.047021133509849294,-0.04729799095960697,0.0,0.14003657053070995,0.13967159658827077,0.0,0.0042021771732034035,0.004833708859064112,0.0,-0.11780724396494961,-0.11809993747876806,0.0,0.027772115285283144,0.027940545549099374,0.0,7.084552846189806e-18,1.2223262636080573e-17,0.0
74.56,"[0.06062, 0.0456, 0.41014]",0.0456,0.41014,-0.047021133509849294,-0.04729799095960697,0.0,0.14003657053070995,0.13967159658827077,0.0,0.0042021771732034035,0.004833708859064112,0.0,-0.11780724396494961,-0.11809993747876806,0.0,0.027772115285283144,0.027940545549099374,0.0,7.084986527058798e-18,1.2223262636080573e-17,0.0
74.58,"[0.06062, 0.0456, 0.41014]",0.0456,0.41014,-0.047021133509849294,-0.04729799095960697,0.0,0.14003657053070995,0.13967159658827077,0.0,0.0042021771732034035,0.004833708859064112,0.0,-0.11780724396494961,-0.11809993747876806,0.0,0.027772115285283144,0.027940545549099374,0.0,7.082818122713824e-18,1.2223262636080573e-17,0.0
74.6,"[0.06062, 0.0456, 0.41014]",0.0456,0.41014,-0.047021133509849294,-0.04729799095960697,0.0,0.14003657053070995,0.13967159658827077,0.0,0.0042021771732034035,0.004833708859064112,0.0,-0.11780724396494961,-0.11809993747876806,0.0,0.027772115285283144,0.027940545549099374,0.0,7.084986527058798e-18,1.2223262636080573e-17,0.0
74.62,"[0.06062, 0.0456, 0.41014]",0.0456,0.41014,-0.047021133509849294,-0.04729799095960697,0.0,0.14003657053070995,0.13967159658827077,0.0,0.0042021771732034035,0.004833708859064112,0.0,-0.11780724396494961,-0.11809993747876806,0.0,0.027772115285283144,0.027940545549099374,0.0,7.08108339923785e-18,1.2223262636080573e-17,0.0
74.64,"[0.06062, 0.0456, 0.41014]",0.0456,0.41014,-0.047021133509849294,-0.04729799095960697,0.0,0.14003657053070995,0.13967159658827077,0.0,0.0042021771732034035,0.004833708859064112,0.0,-0.11780724396494961,-0.11809993747876806,0.0,0.027772115285283144,0.027940545549099374,0.0,7.087154931403769e-18,1.2223262636080573e-17,0.0
74.66,"[0.06062, 0.0456, 0.41014]",0.0456,0.41014,-0.047021133509849294,-0.04729799095960697,0.0,0.14003657053070995,0.13967159658827077,0.0,0.0042021771732034035,0.004833708859064112,0.0,-0.11780724396494961,-0.11809993747876806,0.0,0.027772115285283144,0.027940545549099374,0.0,7.090624378355723e-18,1.2223262636080573e-17,0.0
74.68,"[0.06062, 0.0456, 0.41014]",0.0456,0.41014,-0.047021133509849294,-0.04729799095960697,0.0,0.14003657053070995,0.13967159658827077,0.0,0.0042021771732034035,0.004833708859064112,0.0,-0.11780724396494961,-0.11809993747876806,0.0,0.027772115285283144,0.027940545549099374,0.0,7.090624378355723e-18,1.2223262636080573e-17,0.0
74.7,"[0.06062, 0.0456, 0.41014]",0.0456,0.41014,-0.047021133509849294,-0.04729799095960697,0.0,0.14003657053070995,0.13967159658827077,0.0,0.0042021771732034035,0.004833708859064112,0.0,-0.11780724396494961,-0.11809993747876806,0.0,0.027772115285283144,0.027940545549099374,0.0,7.086721250534777e-18,1.2223262636080573e-17,0.0
74.72,"[0.06062, 0.0456, 0.41014]",0.0456,0.41014,-0.047021133509849294,-0.04729799095960697,0.0,0.14003657053070995,0.13967159658827077,0.0,0.0042021771732034035,0.004833708859064112,0.0,-0.11780724396494961,-0.11809993747876806,0.0,0.027772115285283144,0.027940545549099374,0.0,7.083251803582822e-18,1.2223262636080573e-17,0.0
74.74,"[0.06062, 0.0456, 0.41014]",0.0456,0.41014,-0.047021133509849294,-0.04729799095960697,0.0,0.14003657053070995,0.13967159658827077,0.0,0.0042021771732034035,0.004833708859064112,0.0,-0.11780724396494961,-0.11809993747876806,0.0,0.027772115285283144,0.027940545549099374,0.0,7.083685484451817e-18,1.2223262636080573e-17,0.0
74.76,"[0.06062, 0.0456, 0.41014]",0.0456,0.41014,-0.047021133509849294,-0.04729799095960697,0.0,0.14003657053070995,0.13967159658827077,0.0,0.0042021771732034035,0.004833708859064112,0.0,-0.11780724396494961,-0.11809993747876806,0.0,0.027772115285283144,0.027940545549099374,0.0,7.085853888796788e-18,1.2223262636080573e-17,0.0
74.78,"[0.06062, 0.0456, 0.41014]",0.0456,0.41014,-0.047021133509849294,-0.04729799095960697,0.0,0.14003657053070995,0.13967159658827077,0.0,0.0042021771732034035,0.004833708859064112,0.0,-0.11780724396494961,-0.11809993747876806,0.0,0.027772115285283144,0.027940545549099374,0.0,7.083685484451812e-18,1.2223262636080573e-17,0.0
74.8,"[0.06062, 0.0456, 0.41014]",0.0456,0.41014,-0.047021133509849294,-0.04729799095960697,0.0,0.14003657053070995,0.13967159658827077,0.0,0.0042021771732034035,0.004833708859064112,0.0,-0.11780724396494961,-0.11809993747876806,0.0,0.027772115285283144,0.027940545549099374,0.0,7.077613952285892e-18,1.2223262636080573e-17,0.0
74.82,"[0.06062, 0.0456, 0.41014]",0.0456,0.41014,-0.047021133509849294,-0.04729799095960697,0.0,0.14003657053070995,0.13967159658827077,0.0,0.0042021771732034035,0.004833708859064112,0.0,-0.11780724396494961,-0.11809993747876806,0.0,0.027772115285283144,0.027940545549099374,0.0,7.079348675761871e-18,1.2223262636080573e-17,0.0
