timestamp,target_x,target_y,target_z,actual_j1,target_j1,control_u_j1,actual_j2,target_j2,control_u_j2,actual_j3,target_j3,control_u_j3,actual_j4,target_j4,control_u_j4,actual_j5,target_j5,control_u_j5,actual_j6,target_j6,control_u_j6
287.249,"[0.0, 0.0, 0.0]",0.0,0.0,4.649070389635353e-05,0.0,-0.0036997352286063222,-4.649070389610183e-05,0.0,0.010125244769173524,-4.6490703917001826e-05,0.0,0.0007853848560157494,4.649070389174222e-05,0.0,-0.008967265868863239,-4.649070389608545e-05,0.0,0.0021890604264325525,4.649070389637007e-05,0.0,-2.755711803875915e-17
287.26,"[0.0, 0.0, 0.0]",0.0,0.0,4.649070390943402e-05,0.0,-0.0036997352286063222,-4.649070390984345e-05,0.0,0.010125244769173524,-4.649070394530418e-05,0.0,0.0007853848560157494,4.649070391910221e-05,0.0,-0.008967265868863239,-4.649070390986991e-05,0.0,0.0021890604264325525,4.649070390940757e-05,0.0,-2.755711803875915e-17
287.28,"[0.0, 0.0, 0.0]",0.0,0.0,4.649070389917119e-05,0.0,-0.0034911300559646906,-4.6490703898913546e-05,0.0,0.009554344880016755,-4.6490703919408355e-05,0.0,0.000741101866696121,4.649070389383185e-05,0.0,-0.008461657241223124,-4.64907038988972e-05,0.0,0.0020656328566297164,4.6490703899188384e-05,0.0,-2.6275323678702732e-17
287.3,"[0.0, 0.0, 0.0]",0.0,0.0,4.649070390777268e-05,0.0,-0.0034911300559646906,-4.649070390765669e-05,0.0,0.009554344880016755,-4.649070393110391e-05,0.0,0.000741101866696121,4.6490703904700455e-05,0.0,-0.008461657241223124,-4.649070390764929e-05,0.0,0.0020656328566297164,4.649070390778047e-05,0.0,-2.6275323678702732e-17
287.32,"[0.0, 0.0, 0.0]",0.0,0.0,4.649070388928163e-05,0.0,-0.003298386154011348,-4.6490703888991693e-05,0.0,0.009026853299308088,-4.649070390840878e-05,0.0,0.0007001859294702602,4.649070388383892e-05,0.0,-0.007994492508344067,-4.64907038889733e-05,0.0,0.0019515900881242041,4.649070388930113e-05,0.0,-2.5038011312300056e-17
287.34,"[0.0, 0.0, 0.0]",0.0,0.0,4.649070389281753e-05,0.0,-0.003298386154011348,-4.6490703893169165e-05,0.0,0.009026853299308088,-4.649070392665943e-05,0.0,0.0007001859294702602,4.649070390212979e-05,0.0,-0.007994492508344067,-4.649070389319212e-05,0.0,0.0019515900881242041,4.649070389279497e-05,0.0,-2.5038011312300056e-17
287.36,"[0.0, 0.0, 0.0]",0.0,0.0,4.649070388621652e-05,0.0,-0.003115878660687425,-4.649070388600213e-05,0.0,0.008527376194360248,-4.6490703906787815e-05,0.0,0.0006614429909711522,4.6490703882577445e-05,0.0,-0.007552138361193805,-4.649070388598867e-05,0.0,0.0018436040008828287,4.649070388623123e-05,0.0,-2.3827223503059522e-17
287.38,"[0.0, 0.0, 0.0]",0.0,0.0,4.649070389586663e-05,0.0,-0.003115878660687425,-4.64907038957762e-05,0.0,0.008527376194360248,-4.6490703919149814e-05,0.0,0.0006614429909711522,4.649070389398908e-05,0.0,-0.007552138361193805,-4.6490703895770315e-05,0.0,0.0018436040008828287,4.64907038958733e-05,0.0,-2.3827223503059522e-17
287.4,"[0.0, 0.0, 0.0]",0.0,0.0,4.6490703881325815e-05,0.0,-0.002944802867697221,-4.649070388108119e-05,0.0,0.00805918477792596,-4.6490703900891714e-05,0.0,0.0006251267893489651,4.649070387716376e-05,0.0,-0.007137491898581931,-4.649070388106515e-05,0.0,0.0017423818254513634,4.6490703881341834e-05,0.0,-2.2644672920139022e-17
287.42,"[0.0, 0.0, 0.0]",0.0,0.0,4.6490703890431975e-05,0.0,-0.002944802867697221,-4.6490703890347705e-05,0.0,0.00805918477792596,-4.649070391357159e-05,0.0,0.0006251267893489651,4.649070388897507e-05,0.0,-0.007137491898581931,-4.649070389034213e-05,0.0,0.0017423818254513634,4.6490703890437545e-05,0.0,-2.2644672920139022e-17
287.44,"[0.0, 0.0, 0.0]",0.0,0.0,4.649070387761081e-05,0.0,-0.0027835850006561772,-4.649070387738643e-05,0.0,0.007617972025351102,-4.6490703897368145e-05,0.0,0.000590903241637287,4.649070387403256e-05,0.0,-0.006746738670961479,-4.6490703877371973e-05,0.0,0.001646992390540232,4.6490703877625724e-05,0.0,-2.1494282048791975e-17
287.46,"[0.0, 0.0, 0.0]",0.0,0.0,4.649070388693667e-05,0.0,-0.0027835850006561772,-4.649070388686292e-05,0.0,0.007617972025351102,-4.649070391005345e-05,0.0,0.000590903241637287,4.6490703885819054e-05,0.0,-0.006746738670961479,-4.649070388685836e-05,0.0,0.001646992390540232,4.6490703886942063e-05,0.0,-2.1494282048791975e-17
287.48,"[0.0, 0.0, 0.0]",0.0,0.0,4.649070387540414e-05,0.0,-0.002631477073783141,-4.649070387519729e-05,0.0,0.007201690887685924,-4.6490703895312396e-05,0.0,0.0005586135643978911,4.649070387220862e-05,0.0,-0.006378065741196647,-4.649070387518426e-05,0.0,0.0015569931277028568,4.649070387541816e-05,0.0,-2.038084378278921e-17
287.5,"[0.0, 0.0, 0.0]",0.0,0.0,4.649070388459931e-05,0.0,-0.002631477073783141,-4.649070388453375e-05,0.0,0.007201690887685924,-4.64907039076587e-05,0.0,0.0005586135643978911,4.649070388366337e-05,0.0,-0.006378065741196647,-4.649070388452962e-05,0.0,0.0015569931277028568,4.649070388460411e-05,0.0,-2.038084378278921e-17
287.52,"[0.0, 0.0, 0.0]",0.0,0.0,4.6490703873992285e-05,0.0,-0.0024878721148372876,-4.6490703873800395e-05,0.0,0.006808680234572733,-4.6490703894008256e-05,0.0,0.0005281289087387345,4.6490703871051e-05,0.0,-0.00603000195496381,-4.649070387378805e-05,0.0,0.0014720249034255567,4.6490703874005085e-05,0.0,-1.9307143374293136e-17
287.54,"[0.0, 0.0, 0.0]",0.0,0.0,4.649070388285836e-05,0.0,-0.0024878721148372876,-4.649070388279917e-05,0.0,0.006808680234572733,-4.6490703905837024e-05,0.0,0.0005281289087387345,4.6490703882017516e-05,0.0,-0.00603000195496381,-4.6490703882795776e-05,0.0,0.0014720249034255567,4.64907038828629e-05,0.0,-1.9307143374293136e-17
287.56,"[0.0, 0.0, 0.0]",0.0,0.0,4.6490703872963025e-05,0.0,-0.0023522341192129268,-4.649070387278426e-05,0.0,0.006437473156221416,-4.649070389305771e-05,0.0,0.0004993354908738604,4.649070387020557e-05,0.0,-0.005701248166371038,-4.649070387277294e-05,0.0,0.0013917705743458355,4.649070387297558e-05,0.0,-1.8275382619186428e-17
287.58,"[0.0, 0.0, 0.0]",0.0,0.0,4.649070388140692e-05,0.0,-0.0023522341192129268,-4.6490703881353164e-05,0.0,0.006437473156221416,-4.6490703904291155e-05,0.0,0.0004993354908738604,4.64907038806158e-05,0.0,-0.005701248166371038,-4.6490703881349606e-05,0.0,0.0013917705743458355,4.649070388141143e-05,0.0,-1.8275382619186428e-17
287.6,"[0.0, 0.0, 0.0]",0.0,0.0,4.649070387209592e-05,0.0,-0.0022240798223560855,-4.649070387192845e-05,0.0,0.006086747079098245,-4.6490703892247546e-05,0.0,0.00047213072274718363,4.64907038694836e-05,0.0,-0.005390633058692019,-4.6490703871917576e-05,0.0,0.0013159442023504791,4.6490703872107156e-05,0.0,-1.7286545901049988e-17
287.62,"[0.0, 0.0, 0.0]",0.0,0.0,4.649070388008342e-05,0.0,-0.0022240798223560855,-4.649070388003359e-05,0.0,0.006086747079098245,-4.649070390286484e-05,0.0,0.00047213072274718363,4.6490703879321965e-05,0.0,-0.005390633058692019,-4.6490703880030735e-05,0.0,0.0013159442023504791,4.649070388008712e-05,0.0,-1.7286545901049988e-17
287.64,"[0.0, 0.0, 0.0]",0.0,0.0,4.649070387128025e-05,0.0,-0.0021055979875288,-4.649070387112316e-05,0.0,0.0057624920977329885,-4.649070389147534e-05,0.0,0.00044697923799914016,4.6490703868793556e-05,0.0,-0.005103461666191309,-4.6490703871112996e-05,0.0,0.0012458408355286623,4.649070387129096e-05,0.0,-1.6312131027372728e-17
287.66,"[0.0, 0.0, 0.0]",0.0,0.0,4.649070387532534e-05,0.0,-0.0021055979875288,-4.6490703875559045e-05,0.0,0.0057624920977329885,-4.6490703904503896e-05,0.0,0.00044697923799914016,4.6490703881623815e-05,0.0,-0.005103461666191309,-4.64907038755744e-05,0.0,0.0012458408355286623,4.6490703875310715e-05,0.0,-1.6312131027372728e-17
287.68,"[0.0, 0.0, 0.0]",0.0,0.0,4.649070387258246e-05,0.0,-0.001989242229174506,-4.649070387246487e-05,0.0,0.0054440556529259864,-4.6490703893526044e-05,0.0,0.0004222790796466538,4.6490703870721755e-05,0.0,-0.00482144337030478,-4.6490703872457495e-05,0.0,0.0011769954262596026,4.649070387259059e-05,0.0,-1.544264454116951e-17
287.7,"[0.0, 0.0, 0.0]",0.0,0.0,4.6490703879912286e-05,0.0,-0.001989242229174506,-4.649070387987145e-05,0.0,0.0054440556529259864,-4.649070390254417e-05,0.0,0.0004222790796466538,4.6490703879004735e-05,0.0,-0.00482144337030478,-4.6490703879868945e-05,0.0,0.0011769954262596026,4.6490703879915546e-05,0.0,-1.544264454116951e-17
287.72,"[0.0, 0.0, 0.0]",0.0,0.0,4.649070387143242e-05,-0.049822140229541255,-0.004371790315660361,-4.6490703871290236e-05,0.13635075779769448,0.01196449506985901,-4.649070389162985e-05,0.010576485847318073,0.0009280583360370661,4.6490703868923125e-05,-0.12075664480118645,-0.010596154958127909,-4.649070387128127e-05,0.02947877835554451,0.002586702167421167,4.6490703871442e-05,1.8177750925010568e-17,-1.3679225405781661e-17
287.74,"[0.0, 0.0, 0.0]",0.0,0.0,4.64907035656941e-05,-0.049822140229541255,-0.004371790315660361,-4.649070356368935e-05,0.13635075779769448,0.01196449506985901,-4.649070354301149e-05,0.010576485847318073,0.0009280583360370661,4.649070355139489e-05,-0.12075664480118645,-0.010596154958127909,-4.6490703563559365e-05,0.02947877835554451,0.002586702167421167,4.6490703565824135e-05,1.8177750925010568e-17,-1.3679225405781661e-17
287.76,"[0.0, 0.0, 0.0]",0.0,0.0,4.6490703632375256e-05,-0.049822140229541255,-0.006703123999551206,-4.6490703632889384e-05,0.13635075779769448,0.01834477344331763,-4.6490703668551755e-05,0.010576485847318073,0.0014229655292125757,4.649070367143977e-05,-0.12075664480118645,-0.016246735423924248,-4.649070363292349e-05,0.02947877835554451,0.00396610635602781,4.6490703632342506e-05,1.8177750925010568e-17,-9.754963646168881e-18
287.78,"[0.0, 0.0, 0.0]",0.0,0.0,4.649070343292467e-05,-0.049822140229541255,-0.006703123999551206,-4.6490703431765186e-05,0.13635075779769448,0.01834477344331763,-4.649070343115714e-05,0.010576485847318073,0.0014229655292125757,4.649070345381119e-05,-0.12075664480118645,-0.016246735423924248,-4.6490703431690836e-05,0.02947877835554451,0.00396610635602781,4.6490703433000566e-05,1.8177750925010568e-17,-9.754963646168881e-18
287.8,"[0.0, 0.0, 0.0]",0.0,0.0,4.6490703574901394e-05,-0.049822140229541255,-0.008953004094995436,-4.6490703576087463e-05,0.13635075779769448,0.02450213367289285,-4.649070362825598e-05,0.010576485847318073,0.0019005813393675197,4.649070363754401e-05,-0.12075664480118645,-0.02169989239820881,-4.6490703576164665e-05,0.02947877835554451,0.005297316061866948,4.6490703574824646e-05,1.8177750925010568e-17,-8.444788168889146e-18
287.82,"[0.0, 0.0, 0.0]",0.0,0.0,4.6490703437673335e-05,-0.049822140229541255,-0.008953004094995436,-4.649070343712084e-05,0.13635075779769448,0.02450213367289285,-4.649070345191362e-05,0.010576485847318073,0.0019005813393675197,4.649070347425178e-05,-0.12075664480118645,-0.02169989239820881,-4.649070343708554e-05,0.02947877835554451,0.005297316061866948,4.6490703437709724e-05,1.8177750925010568e-17,-8.444788168889146e-18
287.84,"[0.0, 0.0, 0.0]",0.0,0.0,4.649070348779977e-05,-0.049822140229541255,-0.011110830476566292,-4.6490703482610486e-05,0.13635075779769448,0.030407565862632036,-4.64907033964589e-05,0.010576485847318073,0.0023586555215418465,4.6490703409944106e-05,-0.12075664480118645,-0.026929933776167383,-4.649070348227353e-05,0.02947877835554451,0.006574059399658594,4.649070348813594e-05,1.8177750925010568e-17,-1.0227190832138455e-17
287.86,"[0.0, 0.0, 0.0]",0.0,0.0,4.649070350710402e-05,-0.049822140229541255,-0.011110830476566292,-4.649070350695383e-05,0.13635075779769448,0.030407565862632036,-4.649070353293738e-05,0.010576485847318073,0.0023586555215418465,4.649070354815253e-05,-0.12075664480118645,-0.026929933776167383,-4.649070350694436e-05,0.02947877835554451,0.006574059399658594,4.6490703507113835e-05,1.8177750925010568e-17,-1.0227190832138455e-17
287.88,"[0.0, 0.0, 0.0]",0.0,0.0,4.649070369183635e-05,-0.049822140229541255,-0.013207945322014483,-4.649070369368267e-05,0.13635075779769448,0.03614684573158125,-4.649070376485811e-05,0.010576485847318073,0.0028038415537891426,4.649070376240716e-05,-0.12075664480118645,-0.032012825297401085,-4.64907036938026e-05,0.02947877835554451,0.007814880918187276,4.649070369171669e-05,1.8177750925010568e-17,-1.456735824849743e-17
287.9,"[0.0, 0.0, 0.0]",0.0,0.0,4.649070359613279e-05,-0.049822140229541255,-0.015194458694899085,-4.6490703596216375e-05,0.13635075779769448,0.04158343697566248,-4.649070362982122e-05,0.010576485847318073,0.003225548548487722,4.649070363585492e-05,-0.12075664480118645,-0.036827646007178985,-4.649070359622273e-05,0.02947877835554451,0.008990261725441213,4.649070359612813e-05,1.8177750925010568e-17,-2.1246832760964753e-17
287.92,"[0.0, 0.0, 0.0]",0.0,0.0,4.6490703581827474e-05,-0.049822140229541255,-0.015194458694899085,-4.649070357751728e-05,0.13635075779769448,0.04158343697566248,-4.649070351557014e-05,0.010576485847318073,0.003225548548487722,4.649070351912168e-05,-0.12075664480118645,-0.036827646007178985,-4.649070357723851e-05,0.02947877835554451,0.008990261725441213,4.649070358210749e-05,1.8177750925010568e-17,-2.1246832760964753e-17
287.94,"[0.0, 0.0, 0.0]",0.0,0.0,4.649070371237864e-05,-0.049822140229541255,-0.017067985506391176,-4.649070371423563e-05,0.13635075779769448,0.04671081220312618,-4.6490703789685835e-05,0.010576485847318073,0.003623270189004421,4.649070378518852e-05,-0.12075664480118645,-0.041368615033414824,-4.64907037143568e-05,0.02947877835554451,0.010098790611370567,4.649070371225865e-05,1.8177750925010568e-17,-2.7715216763876596e-17
287.96,"[0.0, 0.0, 0.0]",0.0,0.0,4.649070372264686e-05,-0.049822140229541255,-0.017067985506391176,-4.649070371886935e-05,0.13635075779769448,0.04671081220312618,-4.6490703671499545e-05,0.010576485847318073,0.003623270189004421,4.6490703660560873e-05,-0.12075664480118645,-0.041368615033414824,-4.6490703718624846e-05,0.02947877835554451,0.010098790611370567,4.649070372289263e-05,1.8177750925010568e-17,-2.7715216763876596e-17
287.98,"[0.0, 0.0, 0.0]",0.0,0.0,4.6490703837153826e-05,-0.049822140229541255,-0.018842213394279758,-4.649070383899759e-05,0.13635075779769448,0.05156643106235251,-4.649070391671355e-05,0.010576485847318073,0.0039999121562860444,4.649070389942776e-05,-0.12075664480118645,-0.04566890784881096,-4.649070383911789e-05,0.02947877835554451,0.011148566281455488,4.649070383703498e-05,1.8177750925010568e-17,-3.331268600017504e-17
288.0,"[0.0, 0.0, 0.0]",0.0,0.0,4.649070383482109e-05,-0.049822140229541255,-0.018842213394279758,-4.649070383129337e-05,0.13635075779769448,0.05156643106235251,-4.6490703792133916e-05,0.010576485847318073,0.0039999121562860444,4.6490703769575335e-05,-0.12075664480118645,-0.04566890784881096,-4.649070383106508e-05,0.02947877835554451,0.011148566281455488,4.649070383505073e-05,1.8177750925010568e-17,-3.331268600017504e-17
288.02,"[0.0, 0.0, 0.0]",0.0,0.0,4.649070393265069e-05,-0.049822140229541255,-0.02052216788759809,-4.6490703934434164e-05,0.13635075779769448,0.05616404717208459,-4.649070401328362e-05,0.010576485847318073,0.004356541295194782,4.6490703986258594e-05,-0.12075664480118645,-0.049740705101434295,-4.6490703934550634e-05,0.02947877835554451,0.012142562242166161,4.6490703932535435e-05,1.8177750925010568e-17,-3.7663346155080287e-17
288.04,"[0.0, 0.0, 0.0]",0.0,0.0,4.649070392118041e-05,-0.049822140229541255,-0.02052216788759809,-4.649070391787077e-05,0.13635075779769448,0.05616404717208459,-4.649070388609336e-05,0.010576485847318073,0.004356541295194782,4.649070385466284e-05,-0.12075664480118645,-0.049740705101434295,-4.6490703917656434e-05,0.02947877835554451,0.012142562242166161,4.649070392139552e-05,1.8177750925010568e-17,-3.7663346155080287e-17
288.06,"[0.0, 0.0, 0.0]",0.0,0.0,4.649070400609196e-05,-0.049822140229541255,-0.022149096331901198,-4.649070400780538e-05,0.13635075779769448,0.060616544221526104,-4.649070408746298e-05,0.010576485847318073,0.004701913799124418,4.649070405300269e-05,-0.12075664480118645,-0.053683980229679344,-4.649070400791664e-05,0.02947877835554451,0.01310518373484645,4.649070400598089e-05,1.8177750925010568e-17,-4.5307197787410195e-17
288.08,"[0.0, 0.0, 0.0]",0.0,0.0,4.6490703940873566e-05,-0.049822140229541255,-0.022149096331901198,-4.6490703941515055e-05,0.13635075779769448,0.060616544221526104,-4.6490703999030665e-05,0.010576485847318073,0.004701913799124418,4.649070397017257e-05,-0.12075664480118645,-0.053683980229679344,-4.649070394155624e-05,0.02947877835554451,0.01310518373484645,4.649070394083169e-05,1.8177750925010568e-17,-4.5307197787410195e-17
288.1,"[0.0, 0.0, 0.0]",0.0,0.0,4.6490704091947123e-05,-0.049822140229541255,-0.023663038832530243,-4.6490704093992125e-05,0.13635075779769448,0.06475982694560908,-4.6490704183319366e-05,0.010576485847318073,0.005023301081401656,4.649070414061477e-05,-0.12075664480118645,-0.05735340516991974,-4.649070409412454e-05,0.02947877835554451,0.014000953671689497,4.649070409181418e-05,1.8177750925010568e-17,-4.777360883792665e-17
288.12,"[0.06062, 0.0456, 0.41014]",0.0456,0.41014,4.649070402881154e-05,-0.049822140229541255,-0.023663038832530243,-4.649070402946183e-05,0.13635075779769448,0.06475982694560908,-4.6490704089506564e-05,0.010576485847318073,0.005023301081401656,4.649070405174952e-05,-0.12075664480118645,-0.05735340516991974,-4.649070402950406e-05,0.02947877835554451,0.014000953671689497,4.64907040287696e-05,1.8177750925010568e-17,-4.777360883792665e-17
288.14,"[0.06062, 0.0456, 0.41014]",0.0456,0.41014,4.649070416036064e-05,-0.049822140229541255,-0.025090751682196762,-4.6490704162268795e-05,0.13635075779769448,0.06866712063891811,-4.6490704250821556e-05,0.010576485847318073,0.005326383101979292,4.64907042011576e-05,-0.12075664480118645,-0.060813830606437955,-4.649070416239268e-05,0.02947877835554451,0.014845703223701805,4.6490704160236946e-05,1.8177750925010568e-17,-4.787755978894802e-17
288.16,"[0.06062, 0.0456, 0.41014]",0.0456,0.41014,4.649070409073195e-05,-0.049822140229541255,-0.025090751682196762,-4.649070409132176e-05,0.13635075779769448,0.06866712063891811,-4.6490704152223574e-05,0.010576485847318073,0.005326383101979292,4.649070410819674e-05,-0.12075664480118645,-0.060813830606437955,-4.649070409136016e-05,0.02947877835554451,0.014845703223701805,4.649070409069386e-05,1.8177750925010568e-17,-4.787755978894802e-17
288.18,"[0.06062, 0.0456, 0.41014]",0.0456,0.41014,4.649070420700755e-05,-0.049822140229541255,-0.02643912870441618,-4.649070420878728e-05,0.13635075779769448,0.07235729197568175,-4.6490704296608166e-05,0.010576485847318073,0.005612623316299606,4.649070424224221e-05,-0.12075664480118645,-0.06408196547482199,-4.649070420890287e-05,0.02947877835554451,0.01564351133037432,4.649070420689213e-05,1.8177750925010568e-17,-4.632001895526544e-17
288.2,"[0.06062, 0.0456, 0.41014]",0.0456,0.41014,4.649070413477674e-05,-0.049822140229541255,-0.02643912870441618,-4.649070413531536e-05,0.13635075779769448,0.07235729197568175,-4.649070419713723e-05,0.010576485847318073,0.005612623316299606,4.6490704148704036e-05,-0.12075664480118645,-0.06408196547482199,-4.6490704135350616e-05,0.02947877835554451,0.01564351133037432,4.649070413474199e-05,1.8177750925010568e-17,-4.632001895526544e-17
288.22,"[0.06062, 0.0456, 0.41014]",0.0456,0.41014,4.6490704239792164e-05,-0.049822140229541255,-0.027713094992781233,-4.649070424145792e-05,0.13635075779769448,0.07584381970772984,-4.649070432874052e-05,0.010576485847318073,0.005883067247924698,4.6490704271111905e-05,-0.12075664480118645,-0.06716974699271949,-4.649070424156611e-05,0.02947877835554451,0.01639729207250858,4.6490704239684076e-05,1.8177750925010568e-17,-4.3466271130419947e-17
288.24,"[0.06062, 0.0456, 0.41014]",0.0456,0.41014,4.649070421312309e-05,-0.049822140229541255,-0.028946096554401925,-4.6490704214499835e-05,0.13635075779769448,0.07921823720799327,-4.6490704296931306e-05,0.010576485847318073,0.006144814982573703,4.649070424188032e-05,-0.12075664480118645,-0.07015824007005216,-4.6490704214589275e-05,0.02947877835554451,0.017126834793264416,4.649070421303366e-05,1.8177750925010568e-17,-4.546145363616169e-17
288.26,"[0.06062, 0.0456, 0.41014]",0.0456,0.41014,4.649070426397182e-05,-0.049822140229541255,-0.028946096554401925,-4.6490704265535243e-05,0.13635075779769448,0.07921823720799327,-4.649070435242078e-05,0.010576485847318073,0.006144814982573703,4.6490704292417786e-05,-0.12075664480118645,-0.07015824007005216,-4.649070426563694e-05,0.02947877835554451,0.017126834793264416,4.6490704263870505e-05,1.8177750925010568e-17,-4.546145363616169e-17
288.28,"[0.06062, 0.0456, 0.41014]",0.0456,0.41014,4.649070418964893e-05,-0.049822140229541255,-0.030099837363753087,-4.6490704190086136e-05,0.13635075779769448,0.08237573781379325,-4.649070425342412e-05,0.010576485847318073,0.006389736848403843,4.64907041995958e-05,-0.12075664480118645,-0.07295462454292684,-4.649070419011499e-05,0.02947877835554451,0.017809480489184286,4.649070418962087e-05,1.8177750925010568e-17,-4.469415119740527e-17
288.3,"[0.06062, 0.0456, 0.41014]",0.0456,0.41014,4.649070416375337e-05,-0.049822140229541255,-0.030099837363753087,-4.6490704161579866e-05,0.13635075779769448,0.08237573781379325,-4.649070416909265e-05,0.010576485847318073,0.006389736848403843,4.649070411398075e-05,-0.12075664480118645,-0.07295462454292684,-4.649070416143914e-05,0.02947877835554451,0.017809480489184286,4.6490704163894475e-05,1.8177750925010568e-17,-4.469415119740527e-17
288.32,"[0.06062, 0.0456, 0.41014]",0.0456,0.41014,4.649070422274368e-05,-0.049822140229541255,-0.031180958413901103,-4.649070422408949e-05,0.13635075779769448,0.08533449626550359,-4.649070430901113e-05,0.010576485847318073,0.006619242628670871,4.6490704253376025e-05,-0.12075664480118645,-0.07557499654808135,-4.64907042241767e-05,0.02947877835554451,0.01844915850496846,4.649070422265606e-05,1.8177750925010568e-17,-3.950712739900221e-17
288.34,"[0.06062, 0.0456, 0.41014]",0.0456,0.41014,4.649070422035536e-05,-0.049822140229541255,-0.031180958413901103,-4.649070422086243e-05,0.13635075779769448,0.08533449626550359,-4.649070428884458e-05,0.010576485847318073,0.006619242628670871,4.649070423229303e-05,-0.12075664480118645,-0.07557499654808135,-4.6490704220894933e-05,0.02947877835554451,0.01844915850496846,4.649070422032203e-05,1.8177750925010568e-17,-3.950712739900221e-17
288.36,"[0.06062, 0.0456, 0.41014]",0.0456,0.41014,4.649070426188185e-05,-0.049822140229541255,-0.03220026534016736,-4.649070426312798e-05,0.13635075779769448,0.08812408488977075,-4.649070434754398e-05,0.010576485847318073,0.00683562619769283,4.649070428792425e-05,-0.12075664480118645,-0.0780455462926588,-4.649070426320833e-05,0.02947877835554451,0.0190522623220479,4.6490704261800404e-05,1.8177750925010568e-17,-3.305396649628681e-17
288.38,"[0.06062, 0.0456, 0.41014]",0.0456,0.41014,4.649070424510657e-05,-0.049822140229541255,-0.03220026534016736,-4.649070424323392e-05,0.13635075779769448,0.08812408488977075,-4.6490704260788146e-05,0.010576485847318073,0.00683562619769283,4.6490704197839144e-05,-0.12075664480118645,-0.0780455462926588,-4.649070424311253e-05,0.02947877835554451,0.0190522623220479,4.649070424522763e-05,1.8177750925010568e-17,-3.305396649628681e-17
288.4,"[0.06062, 0.0456, 0.41014]",0.0456,0.41014,4.649070428768181e-05,-0.049822140229541255,-0.03316235970697556,-4.649070428883034e-05,0.13635075779769448,0.0907570970198155,-4.64907043726723e-05,0.010576485847318073,0.007039864398583574,4.649070431044148e-05,-0.12075664480118645,-0.08037742683909876,-4.649070428890498e-05,0.02947877835554451,0.019621514595391902,4.649070428760718e-05,1.8177750925010568e-17,-2.6050918522010715e-17
288.42,"[0.06062, 0.0456, 0.41014]",0.0456,0.41014,4.649070426805693e-05,-0.049822140229541255,-0.03316235970697556,-4.649070426626656e-05,0.13635075779769448,0.0907570970198155,-4.6490704287164386e-05,0.010576485847318073,0.007039864398583574,4.649070422205362e-05,-0.12075664480118645,-0.08037742683909876,-4.649070426615044e-05,0.02947877835554451,0.019621514595391902,4.649070426817264e-05,1.8177750925010568e-17,-2.6050918522010715e-17
288.44,"[0.06062, 0.0456, 0.41014]",0.0456,0.41014,4.6490704305501775e-05,-0.049822140229541255,-0.034070939678008595,-4.6490704306567166e-05,0.13635075779769448,0.09324365360653081,-4.649070439004694e-05,0.010576485847318073,0.007232742296025825,4.649070432603969e-05,-0.12075664480118645,-0.08257960162824096,-4.6490704306636663e-05,0.02947877835554451,0.020159103455558366,4.6490704305432664e-05,1.8177750925010568e-17,-1.8816614159952514e-17
288.46,"[0.06062, 0.0456, 0.41014]",0.0456,0.41014,4.64907042848924e-05,-0.049822140229541255,-0.034070939678008595,-4.6490704283186116e-05,0.13635075779769448,0.09324365360653081,-4.649070430735685e-05,0.010576485847318073,0.007232742296025825,4.649070424072801e-05,-0.12075664480118645,-0.08257960162824096,-4.6490704283076056e-05,0.02947877835554451,0.020159103455558366,4.6490704285003516e-05,1.8177750925010568e-17,-1.8816614159952514e-17
288.48,"[0.06062, 0.0456, 0.41014]",0.0456,0.41014,4.6490704318814585e-05,-0.049822140229541255,-0.0349292961880496,-4.6490704319808134e-05,0.13635075779769448,0.09559276111695957,-4.649070440307544e-05,0.010576485847318073,0.007414958506112623,4.649070433776063e-05,-0.12075664480118645,-0.08466004707805223,-4.6490704319872787e-05,0.02947877835554451,0.02066697608379203,4.649070431875048e-05,1.8177750925010568e-17,-1.154103802572573e-17
288.5,"[0.06062, 0.0456, 0.41014]",0.0456,0.41014,4.649070429826871e-05,-0.049822140229541255,-0.0349292961880496,-4.64907042966461e-05,0.13635075779769448,0.09559276111695957,-4.649070432398687e-05,0.010576485847318073,0.007414958506112623,4.649070425620206e-05,-0.12075664480118645,-0.08466004707805223,-4.649070429654095e-05,0.02947877835554451,0.02066697608379203,4.6490704298374135e-05,1.8177750925010568e-17,-1.154103802572573e-17
288.52,"[0.06062, 0.0456, 0.41014]",0.0456,0.41014,4.649070432961762e-05,-0.049822140229541255,-0.035740418671698734,-4.649070433054754e-05,0.13635075779769448,0.09781260088740162,-4.6490704413703214e-05,0.010576485847318073,0.007587147640968962,4.6490704347339544e-05,-0.12075664480118645,-0.08662600884407798,-4.649070433060825e-05,0.02947877835554451,0.02114690126962217,4.649070432955791e-05,1.8177750925010568e-17,-4.34482373883744e-18
288.54,"[0.06062, 0.0456, 0.41014]",0.0456,0.41014,4.6490704309692006e-05,-0.049822140229541255,-0.035740418671698734,-4.649070430815144e-05,0.13635075779769448,0.09781260088740162,-4.6490704338541535e-05,0.010576485847318073,0.007587147640968962,4.649070426980266e-05,-0.12075664480118645,-0.08662600884407798,-4.6490704308051723e-05,0.02947877835554451,0.02114690126962217,4.6490704309792275e-05,1.8177750925010568e-17,-4.34482373883744e-18
288.56,"[0.06062, 0.0456, 0.41014]",0.0456,0.41014,4.649070433902993e-05,-0.049822140229541255,-0.03650705179011369,-4.649070433990276e-05,0.13635075779769448,0.09991068437034291,-4.6490704423013746e-05,0.010576485847318073,0.007749892350988494,4.649070435574178e-05,-0.12075664480118645,-0.08848413931113368,-4.6490704339959577e-05,0.02947877835554451,0.02160050297495682,4.649070433897381e-05,1.8177750925010568e-17,2.695934737090152e-18
288.58,"[0.06062, 0.0456, 0.41014]",0.0456,0.41014,4.649070431999641e-05,-0.049822140229541255,-0.03650705179011369,-4.649070431853545e-05,0.13635075779769448,0.09991068437034291,-4.649070435184351e-05,0.010576485847318073,0.007749892350988494,4.649070428226312e-05,-0.12075664480118645,-0.08848413931113368,-4.649070431844136e-05,0.02947877835554451,0.02160050297495682,4.649070432009208e-05,1.8177750925010568e-17,2.695934737090152e-18
288.6,"[0.06062, 0.0456, 0.41014]",0.0456,0.41014,4.649070434765693e-05,-0.049822140229541255,-0.037231734989363205,-4.649070434847777e-05,0.13635075779769448,0.10189396139579485,-4.649070443158908e-05,0.010576485847318073,0.007903731722479,4.649070436348575e-05,-0.12075664480118645,-0.09024059347304145,-4.6490704348531625e-05,0.02947877835554451,0.022029283739980785,4.649070434760456e-05,1.8177750925010568e-17,9.536196545493141e-18
288.62,"[0.06062, 0.0456, 0.41014]",0.0456,0.41014,4.649070432962219e-05,-0.049822140229541255,-0.037231734989363205,-4.649070432823781e-05,0.13635075779769448,0.10189396139579485,-4.649070436432657e-05,0.010576485847318073,0.007903731722479,4.649070429396998e-05,-0.12075664480118645,-0.09024059347304145,-4.64907043281483e-05,0.02947877835554451,0.022029283739980785,4.6490704329712436e-05,1.8177750925010568e-17,9.536196545493141e-18
288.64,"[0.06062, 0.0456, 0.41014]",0.0456,0.41014,4.6490704355804466e-05,-0.049822140229541255,-0.037933211467900095,-4.649070435657765e-05,0.13635075779769448,0.10381372741936376,-4.6490704439717506e-05,0.010576485847318073,0.008052644655316592,4.649070437082721e-05,-0.12075664480118645,-0.09194080024128891,-4.649070435662797e-05,0.02947877835554451,0.022444333545776022,4.6490704355754844e-05,1.8177750925010568e-17,1.147722995812951e-17
288.66,"[0.06062, 0.0456, 0.41014]",0.0456,0.41014,4.649070433712377e-05,-0.049822140229541255,-0.037933211467900095,-4.649070433576091e-05,0.13635075779769448,0.10381372741936376,-4.6490704373378875e-05,0.010576485847318073,0.008052644655316592,4.649070430236087e-05,-0.12075664480118645,-0.09194080024128891,-4.649070433567236e-05,0.02947877835554451,0.022444333545776022,4.649070433721216e-05,1.8177750925010568e-17,1.147722995812951e-17
288.68,"[0.06062, 0.0456, 0.41014]",0.0456,0.41014,4.649070436167497e-05,-0.049822140229541255,-0.03858986119528045,-4.649070436240413e-05,0.13635075779769448,0.10561081381438303,-4.6490704445599805e-05,0.010576485847318073,0.008192041541346035,4.6490704376156676e-05,-0.12075664480118645,-0.09353235796992201,-4.649070436245145e-05,0.02947877835554451,0.022832860246476582,4.6490704361627845e-05,1.8177750925010568e-17,1.4847053186546923e-17
288.7,"[0.06062, 0.0456, 0.41014]",0.0456,0.41014,4.6490704327420724e-05,-0.049822140229541255,-0.03858986119528045,-4.649070432771766e-05,0.13635075779769448,0.10561081381438303,-4.649070440215435e-05,0.010576485847318073,0.008192041541346035,4.6490704335518955e-05,-0.12075664480118645,-0.09353235796992201,-4.649070432773736e-05,0.02947877835554451,0.022832860246476582,4.6490704327402117e-05,1.8177750925010568e-17,1.4847053186546923e-17
288.72,"[0.06062, 0.0456, 0.41014]",0.0456,0.41014,4.6490704382926725e-05,-0.049822140229541255,-0.039205311958720554,-4.6490704383783455e-05,0.13635075779769448,0.1072951489289221,-4.649070447073954e-05,0.010576485847318073,0.008322692505369902,4.649070439946207e-05,-0.12075664480118645,-0.09502405952451576,-4.6490704383839414e-05,0.02947877835554451,0.023197010332273095,4.6490704382871736e-05,1.8177750925010568e-17,2.1230515394248332e-17
288.74,"[0.06062, 0.0456, 0.41014]",0.0456,0.41014,4.649070435088678e-05,-0.049822140229541255,-0.039205311958720554,-4.649070435117147e-05,0.13635075779769448,0.1072951489289221,-4.649070442632296e-05,0.010576485847318073,0.008322692505369902,4.649070435732991e-05,-0.12075664480118645,-0.09502405952451576,-4.649070435118995e-05,0.02947877835554451,0.023197010332273095,4.649070435086853e-05,1.8177750925010568e-17,2.1230515394248332e-17
288.76,"[0.06062, 0.0456, 0.41014]",0.0456,0.41014,4.649070440000719e-05,-0.049822140229541255,-0.03978565971429978,-4.6490704400799155e-05,0.13635075779769448,0.10888341587313406,-4.6490704487294324e-05,0.010576485847318073,0.0084458916274248,4.64907044142336e-05,-0.12075664480118645,-0.0964306800060118,-4.649070440085083e-05,0.02947877835554451,0.023540390660221216,4.64907043999564e-05,1.8177750925010568e-17,2.7910224349185953e-17
288.78,"[0.06062, 0.0456, 0.41014]",0.0456,0.41014,4.649070436691938e-05,-0.049822140229541255,-0.03978565971429978,-4.6490704367172536e-05,0.13635075779769448,0.10888341587313406,-4.649070444255044e-05,0.010576485847318073,0.0084458916274248,4.64907043719324e-05,-0.12075664480118645,-0.0964306800060118,-4.649070436718922e-05,0.02947877835554451,0.023540390660221216,4.649070436690348e-05,1.8177750925010568e-17,2.7910224349185953e-17
288.8,"[0.06062, 0.0456, 0.41014]",0.0456,0.41014,4.649070441109078e-05,-0.049822140229541255,-0.04033349158687865,-4.649070441182479e-05,0.13635075779769448,0.11038269496198068,-4.64907044979435e-05,0.010576485847318073,0.008562188115310235,4.649070442373129e-05,-0.12075664480118645,-0.09775848996991875,-4.649070441187307e-05,0.02947877835554451,0.02386453198110684,4.6490704411044025e-05,1.8177750925010568e-17,3.440510351490507e-17
288.82,"[0.06062, 0.0456, 0.41014]",0.0456,0.41014,4.649070437819552e-05,-0.049822140229541255,-0.04033349158687865,-4.649070437842334e-05,0.13635075779769448,0.11038269496198068,-4.6490704454101786e-05,0.010576485847318073,0.008562188115310235,4.649070438236185e-05,-0.12075664480118645,-0.09775848996991875,-4.649070437843842e-05,0.02947877835554451,0.02386453198110684,4.6490704378181e-05,1.8177750925010568e-17,3.440510351490507e-17
288.84,"[0.06062, 0.0456, 0.41014]",0.0456,0.41014,4.6490704418717554e-05,-0.049822140229541255,-0.04085089136690144,-4.6490704419401374e-05,0.13635075779769448,0.11179868900976586,-4.64907045052533e-05,0.010576485847318073,0.008672024326478723,4.649070443025749e-05,-0.12075664480118645,-0.09901254001269227,-4.649070441944576e-05,0.02947877835554451,0.024170667232662972,4.649070441867316e-05,1.8177750925010568e-17,4.056811731702589e-17
288.86,"[0.06062, 0.0456, 0.41014]",0.0456,0.41014,4.649070438676391e-05,-0.049822140229541255,-0.04085089136690144,-4.649070438697147e-05,0.13635075779769448,0.11179868900976586,-4.649070446300367e-05,0.010576485847318073,0.008672024326478723,4.649070439042761e-05,-0.12075664480118645,-0.09901254001269227,-4.6490704386985186e-05,0.02947877835554451,0.024170667232662972,4.649070438675063e-05,1.8177750925010568e-17,4.056811731702589e-17
288.88,"[0.06062, 0.0456, 0.41014]",0.0456,0.41014,4.649070442444369e-05,-0.049822140229541255,-0.04133971811728249,-4.649070442508341e-05,0.13635075779769448,0.11313648580763908,-4.649070451074719e-05,0.010576485847318073,0.00877579491209901,4.649070443516965e-05,-0.12075664480118645,-0.10019733604642746,-4.64907044251252e-05,0.02947877835554451,0.024459896385772704,4.649070442440261e-05,1.8177750925010568e-17,4.6338701487418275e-17
288.9,"[0.06062, 0.0456, 0.41014]",0.0456,0.41014,4.6490704393815964e-05,-0.049822140229541255,-0.04181282042063245,-4.649070439400695e-05,0.13635075779769448,0.1144312487190221,-4.649070447042136e-05,0.010576485847318073,0.008876227433521226,4.64907043971684e-05,-0.12075664480118645,-0.1013440198809755,-4.6490704394019564e-05,0.02947877835554451,0.024739821693511573,4.649070439380385e-05,1.8177750925010568e-17,4.8163166009783035e-17
288.92,"[0.06062, 0.0456, 0.41014]",0.0456,0.41014,4.649070438097248e-05,-0.049822140229541255,-0.04181282042063245,-4.649070438007608e-05,0.13635075779769448,0.1144312487190221,-4.6490704433539506e-05,0.010576485847318073,0.008876227433521226,4.649070435936784e-05,-0.12075664480118645,-0.1013440198809755,-4.649070438001792e-05,0.02947877835554451,0.024739821693511573,4.649070438103075e-05,1.8177750925010568e-17,4.8163166009783035e-17
288.94,"[0.06062, 0.0456, 0.41014]",0.0456,0.41014,4.649070440347129e-05,-0.049822140229541255,-0.04225223982468313,-4.649070440401659e-05,0.13635075779769448,0.11563382994273742,-4.649070448877591e-05,0.010576485847318073,0.00896950958071455,4.6490704415359854e-05,-0.12075664480118645,-0.10240906463694065,-4.649070440405217e-05,0.02947877835554451,0.024999817493647963,4.649070440343629e-05,1.8177750925010568e-17,5.316354414600416e-17
288.96,"[0.06062, 0.0456, 0.41014]",0.0456,0.41014,4.649070439767071e-05,-0.049822140229541255,-0.04225223982468313,-4.649070439687688e-05,0.13635075779769448,0.11563382994273742,-4.649070445327235e-05,0.010576485847318073,0.00896950958071455,4.64907043776356e-05,-0.12075664480118645,-0.10240906463694065,-4.6490704396825804e-05,0.02947877835554451,0.024999817493647963,4.6490704397722494e-05,1.8177750925010568e-17,5.316354414600416e-17
288.98,"[0.06062, 0.0456, 0.41014]",0.0456,0.41014,4.649070441738154e-05,-0.049822140229541255,-0.04266622434449278,-4.649070441788791e-05,0.13635075779769448,0.11676680223718001,-4.649070450249795e-05,0.010576485847318073,0.009057392283550906,4.6490704427634256e-05,-0.12075664480118645,-0.10341246147788997,-4.6490704417920814e-05,0.02947877835554451,0.025244763974116975,4.649070441734892e-05,1.8177750925010568e-17,5.836449438529247e-17
289.0,"[0.06062, 0.0456, 0.41014]",0.0456,0.41014,4.6490704409739337e-05,-0.049822140229541255,-0.04266622434449278,-4.649070440897973e-05,0.13635075779769448,0.11676680223718001,-4.649070446677986e-05,0.010576485847318073,0.009057392283550906,4.649070439001627e-05,-0.12075664480118645,-0.10341246147788997,-4.6490704408930305e-05,0.02947877835554451,0.025244763974116975,4.649070440978868e-05,1.8177750925010568e-17,5.836449438529247e-17
289.02,"[0.06062, 0.0456, 0.41014]",0.0456,0.41014,4.6490704426578995e-05,-0.049822140229541255,-0.04306666883637604,-4.6490704427045805e-05,0.13635075779769448,0.11786271885496205,-4.6490704511441675e-05,0.010576485847318073,0.009142400641594094,4.649070443561606e-05,-0.12075664480118645,-0.10438304061527794,-4.64907044270761e-05,0.02947877835554451,0.025481699086943334,4.649070442654909e-05,1.8177750925010568e-17,6.006295788064424e-17
289.04,"[0.06062, 0.0456, 0.41014]",0.0456,0.41014,4.6490704417024084e-05,-0.049822140229541255,-0.04306666883637604,-4.6490704416266965e-05,0.13635075779769448,0.11786271885496205,-4.649070447474869e-05,0.010576485847318073,0.009142400641594094,4.649070439728944e-05,-0.12075664480118645,-0.10438304061527794,-4.6490704416218156e-05,0.02947877835554451,0.025481699086943334,4.6490704417073544e-05,1.8177750925010568e-17,6.006295788064424e-17
289.06,"[0.06062, 0.0456, 0.41014]",0.0456,0.41014,4.64907044317775e-05,-0.049822140229541255,-0.043440835112372955,-4.6490704432210416e-05,0.13635075779769448,0.11888671855526611,-4.649070451647681e-05,0.010576485847318073,0.009221830528622181,4.6490704440115666e-05,-0.12075664480118645,-0.1052899278087851,-4.6490704432238415e-05,0.02947877835554451,0.025703085897390673,4.649070443174937e-05,1.8177750925010568e-17,6.264361899642512e-17
289.08,"[0.06062, 0.0456, 0.41014]",0.0456,0.41014,4.6490704412557266e-05,-0.049822140229541255,-0.043440835112372955,-4.649070441274093e-05,0.13635075779769448,0.11888671855526611,-4.649070449198517e-05,0.010576485847318073,0.009221830528622181,4.6490704417136645e-05,-0.12075664480118645,-0.1052899278087851,-4.64907044127527e-05,0.02947877835554451,0.025703085897390673,4.649070441254548e-05,1.8177750925010568e-17,6.264361899642512e-17
289.1,"[0.06062, 0.0456, 0.41014]",0.0456,0.41014,4.649070444444122e-05,-0.049822140229541255,-0.04379118429709679,-4.649070444494097e-05,0.13635075779769448,0.11984553682182972,-4.649070453123213e-05,0.010576485847318073,0.009296204404468378,4.6490704453768685e-05,-0.12075664480118645,-0.10613908822025785,-4.6490704444973475e-05,0.02947877835554451,0.025910380604382673,4.649070444440882e-05,1.8177750925010568e-17,6.70789882350721e-17
289.12,"[0.06062, 0.0456, 0.41014]",0.0456,0.41014,4.6490704426103166e-05,-0.049822140229541255,-0.04379118429709679,-4.649070442627515e-05,0.13635075779769448,0.11984553682182972,-4.649070450584038e-05,0.010576485847318073,0.009296204404468378,4.6490704429617126e-05,-0.12075664480118645,-0.10613908822025785,-4.649070442628644e-05,0.02947877835554451,0.025910380604382673,4.649070442609223e-05,1.8177750925010568e-17,6.70789882350721e-17
289.141,"[0.06062, 0.0456, 0.41014]",0.0456,0.41014,4.649070443333152e-05,-0.049822140229541255,-0.0441213294029174,-4.649070443273123e-05,0.13635075779769448,0.12074906156765039,-4.6490704496169643e-05,0.010576485847318073,0.009366289257462357,4.649070441750806e-05,-0.12075664480118645,-0.10693927890466497,-4.649070443269253e-05,0.02947877835554451,0.026105720956123082,4.649070443337057e-05,1.8177750925010568e-17,7.148920950294255e-17
289.16,"[0.06062, 0.0456, 0.41014]",0.0456,0.41014,4.649070443491561e-05,-0.049822140229541255,-0.0441213294029174,-4.6490704435066286e-05,0.13635075779769448,0.12074906156765039,-4.649070451470215e-05,0.010576485847318073,0.009366289257462357,4.649070443757495e-05,-0.12075664480118645,-0.10693927890466497,-4.649070443507638e-05,0.02947877835554451,0.026105720956123082,4.649070443490604e-05,1.8177750925010568e-17,7.148920950294255e-17
289.18,"[0.06062, 0.0456, 0.41014]",0.0456,0.41014,4.649070445987287e-05,-0.049822140229541255,-0.0444328266702037,-4.64907044602958e-05,0.13635075779769448,0.12160155183415888,-4.649070454599037e-05,0.010576485847318073,0.009432415454089267,4.6490704466881304e-05,-0.12075664480118645,-0.1076942718065956,-4.649070446032341e-05,0.02947877835554451,0.02629002774936358,4.649070445984563e-05,1.8177750925010568e-17,7.557706507181797e-17
289.2,"[0.06062, 0.0456, 0.41014]",0.0456,0.41014,4.649070444082758e-05,-0.049822140229541255,-0.0444328266702037,-4.64907044409617e-05,0.13635075779769448,0.12160155183415888,-4.649070452072927e-05,0.010576485847318073,0.009432415454089267,4.649070444300797e-05,-0.12075664480118645,-0.1076942718065956,-4.6490704440970797e-05,0.02947877835554451,0.02629002774936358,4.6490704440819164e-05,1.8177750925010568e-17,7.557706507181797e-17
289.22,"[0.06062, 0.0456, 0.41014]",0.0456,0.41014,4.6490704463663e-05,-0.049822140229541255,-0.04472691760519135,-4.6490704464055446e-05,0.13635075779769448,0.12240640531402537,-4.649070454956656e-05,0.010576485847318073,0.009494846547498685,4.6490704470056546e-05,-0.12075664480118645,-0.1084070760323691,-4.649070446408088e-05,0.02947877835554451,0.0264640355588729,4.649070446363732e-05,1.8177750925010568e-17,7.92774214985818e-17
289.24,"[0.06062, 0.0456, 0.41014]",0.0456,0.41014,4.649070444516644e-05,-0.049822140229541255,-0.04472691760519135,-4.649070444528752e-05,0.13635075779769448,0.12240640531402537,-4.649070452522936e-05,0.010576485847318073,0.009494846547498685,4.649070444708252e-05,-0.12075664480118645,-0.1084070760323691,-4.649070444529556e-05,0.02947877835554451,0.0264640355588729,4.6490704445158656e-05,1.8177750925010568e-17,7.92774214985818e-17
289.26,"[0.06062, 0.0456, 0.41014]",0.0456,0.41014,4.649070446638878e-05,-0.049822140229541255,-0.04500469750723472,-4.649070446675479e-05,0.13635075779769448,0.12316661956818124,-4.649070455213813e-05,0.010576485847318073,0.009553815053312448,4.6490704472342945e-05,-0.12075664480118645,-0.10908034631871921,-4.6490704466778745e-05,0.02947877835554451,0.02662839245168998,4.6490704466365014e-05,1.8177750925010568e-17,8.258755251921748e-17
289.28,"[0.06062, 0.0456, 0.41014]",0.0456,0.41014,4.649070444868616e-05,-0.049822140229541255,-0.04527352289042457,-4.649070444879681e-05,0.13635075779769448,0.12390232753940478,-4.6490704528938075e-05,0.010576485847318073,0.009610882649116621,4.649070445045334e-05,-0.12075664480118645,-0.10973191304973877,-4.649070444880427e-05,0.02947877835554451,0.02678745113219996,4.649070444867918e-05,1.8177750925010568e-17,8.33295454969653e-17
289.3,"[0.06062, 0.0456, 0.41014]",0.0456,0.41014,4.649070444114254e-05,-0.049822140229541255,-0.04527352289042457,-4.6490704440634945e-05,0.13635075779769448,0.12390232753940478,-4.649070450778464e-05,0.010576485847318073,0.009610882649116621,4.649070442870305e-05,-0.12075664480118645,-0.10973191304973877,-4.649070444060244e-05,0.02947877835554451,0.02678745113219996,4.6490704441175657e-05,1.8177750925010568e-17,8.33295454969653e-17
289.32,"[0.06062, 0.0456, 0.41014]",0.0456,0.41014,4.649070445376221e-05,-0.049822140229541255,-0.045523156051254496,-4.649070445407339e-05,0.13635075779769448,0.12458551118867353,-4.649070453892467e-05,0.010576485847318073,0.009663876024030538,4.6490704460421567e-05,-0.12075664480118645,-0.1103369625455413,-4.649070445409419e-05,0.02947877835554451,0.02693515415303136,4.649070445374266e-05,1.8177750925010568e-17,8.599234059976082e-17
289.34,"[0.06062, 0.0456, 0.41014]",0.0456,0.41014,4.649070445027586e-05,-0.049822140229541255,-0.045523156051254496,-4.649070444982612e-05,0.13635075779769448,0.12458551118867353,-4.649070451862636e-05,0.010576485847318073,0.009663876024030538,4.649070443876212e-05,-0.12075664480118645,-0.1103369625455413,-4.649070444979721e-05,0.02947877835554451,0.02693515415303136,4.6490704450305174e-05,1.8177750925010568e-17,8.599234059976082e-17
289.36,"[0.06062, 0.0456, 0.41014]",0.0456,0.41014,4.6490704461342535e-05,-0.049822140229541255,-0.045523156051254496,-4.649070446163107e-05,0.13635075779769448,0.12458551118867353,-4.6490704546391704e-05,0.010576485847318073,0.009663876024030538,4.64907044670924e-05,-0.12075664480118645,-0.1103369625455413,-4.649070446164993e-05,0.02947877835554451,0.02693515415303136,4.649070446132392e-05,1.8177750925010568e-17,8.599234059976082e-17
289.38,"[0.06062, 0.0456, 0.41014]",0.0456,0.41014,4.649070448087371e-05,-0.049822140229541255,-0.04575831360491979,-4.649070448118681e-05,0.13635075779769448,0.12522907871444378,-4.649070456663714e-05,0.010576485847318073,0.009713796444706749,4.649070448536055e-05,-0.12075664480118645,-0.11090692672340532,-4.649070448120742e-05,0.02947877835554451,0.027074292242427075,4.6490704480853695e-05,1.8177750925010568e-17,8.870920869194398e-17
289.4,"[0.06062, 0.0456, 0.41014]",0.0456,0.41014,4.6490704463862296e-05,-0.049822140229541255,-0.04575831360491979,-4.6490704463940595e-05,0.13635075779769448,0.12522907871444378,-4.649070454455254e-05,0.010576485847318073,0.009713796444706749,4.649070446454772e-05,-0.12075664480118645,-0.11090692672340532,-4.649070446394619e-05,0.02947877835554451,0.027074292242427075,4.649070446385779e-05,1.8177750925010568e-17,8.870920869194398e-17
289.42,"[0.06062, 0.0456, 0.41014]",0.0456,0.41014,4.649070447890355e-05,-0.049822140229541255,-0.0459767077574839,-4.6490704479179104e-05,0.13635075779769448,0.12582676899577602,-4.649070456415697e-05,0.010576485847318073,0.009760158246813134,4.6490704483047226e-05,-0.12075664480118645,-0.11143626053249317,-4.649070447919722e-05,0.02947877835554451,0.02720351175780881,4.649070447888606e-05,1.8177750925010568e-17,9.168010536800365e-17
289.44,"[0.06062, 0.0456, 0.41014]",0.0456,0.41014,4.649070447072921e-05,-0.049822140229541255,-0.04619026169149624,-4.6490704470958074e-05,0.13635075779769448,0.1264112128071162,-4.649070455518201e-05,0.010576485847318073,0.0098054925431423,4.6490704474858355e-05,-0.12075664480118645,-0.11195386284010175,-4.649070447097335e-05,0.02947877835554451,0.02732986741127646,4.649070447071481e-05,1.8177750925010568e-17,9.19464723328372e-17
289.46,"[0.06062, 0.0456, 0.41014]",0.0456,0.41014,4.649070445685507e-05,-0.049822140229541255,-0.04619026169149624,-4.6490704456441155e-05,0.13635075779769448,0.1264112128071162,-4.64907045270369e-05,0.010576485847318073,0.0098054925431423,4.649070444668295e-05,-0.12075664480118645,-0.11195386284010175,-4.64907044564147e-05,0.02947877835554451,0.02732986741127646,4.6490704456882155e-05,1.8177750925010568e-17,9.19464723328372e-17
289.48,"[0.06062, 0.0456, 0.41014]",0.0456,0.41014,4.6490704466198114e-05,-0.049822140229541255,-0.04638905750368376,-4.649070446643635e-05,0.13635075779769448,0.1269552673228539,-4.649070455111124e-05,0.010576485847318073,0.009847693911607685,4.6490704471320583e-05,-0.12075664480118645,-0.11243569508359638,-4.6490704466452326e-05,0.02947877835554451,0.027447490974952984,4.6490704466183105e-05,1.8177750925010568e-17,9.361037223911447e-17
289.5,"[0.06062, 0.0456, 0.41014]",0.0456,0.41014,4.649070446292754e-05,-0.049822140229541255,-0.04638905750368376,-4.649070446256153e-05,0.13635075779769448,0.1269552673228539,-4.6490704534499355e-05,0.010576485847318073,0.009847693911607685,4.6490704453654424e-05,-0.12075664480118645,-0.11243569508359638,-4.649070446253812e-05,0.02947877835554451,0.027447490974952984,4.649070446295154e-05,1.8177750925010568e-17,9.361037223911447e-17
289.52,"[0.06062, 0.0456, 0.41014]",0.0456,0.41014,4.6490704471446995e-05,-0.049822140229541255,-0.04657650439127203,-4.6490704471670354e-05,0.13635075779769448,0.127468262664812,-4.649070455633278e-05,0.010576485847318073,0.009887486073638768,4.6490704475995514e-05,-0.12075664480118645,-0.11289002032007553,-4.649070447168515e-05,0.02947877835554451,0.027558399603638827,4.64907044714328e-05,1.8177750925010568e-17,9.532448507482874e-17
289.54,"[0.06062, 0.0456, 0.41014]",0.0456,0.41014,4.6490704467683044e-05,-0.049822140229541255,-0.04657650439127203,-4.649070446733434e-05,0.13635075779769448,0.127468262664812,-4.649070453993884e-05,0.010576485847318073,0.009887486073638768,4.649070445866843e-05,-0.12075664480118645,-0.11289002032007553,-4.649070446731196e-05,0.02947877835554451,0.027558399603638827,4.649070446770578e-05,1.8177750925010568e-17,9.532448507482874e-17
289.56,"[0.06062, 0.0456, 0.41014]",0.0456,0.41014,4.6490704475158124e-05,-0.049822140229541255,-0.04675351154820332,-4.6490704475365525e-05,0.13635075779769448,0.12795268706986312,-4.649070455997212e-05,0.010576485847318073,0.009925062037470435,4.649070447924473e-05,-0.12075664480118645,-0.11331904221244346,-4.6490704475379525e-05,0.02947877835554451,0.027663131249468766,4.649070447514527e-05,1.8177750925010568e-17,9.688722109285832e-17
289.58,"[0.06062, 0.0456, 0.41014]",0.0456,0.41014,4.6490704471164546e-05,-0.049822140229541255,-0.04675351154820332,-4.6490704470832374e-05,0.13635075779769448,0.12795268706986312,-4.649070454406532e-05,0.010576485847318073,0.009925062037470435,4.6490704462499406e-05,-0.12075664480118645,-0.11331904221244346,-4.649070447081106e-05,0.02947877835554451,0.027663131249468766,4.649070447118646e-05,1.8177750925010568e-17,9.688722109285832e-17
289.6,"[0.06062, 0.0456, 0.41014]",0.0456,0.41014,4.6490704477904455e-05,-0.049822140229541255,-0.04692480382751527,-4.6490704478097904e-05,0.13635075779769448,0.12842147128138195,-4.6490704562672084e-05,0.010576485847318073,0.009961424818523938,4.6490704481658316e-05,-0.12075664480118645,-0.11373421264448727,-4.649070447811074e-05,0.02947877835554451,0.027764481514854788,4.6490704477892265e-05,1.8177750925010568e-17,9.675846906054274e-17
289.62,"[0.06062, 0.0456, 0.41014]",0.0456,0.41014,4.649070446875411e-05,-0.049822140229541255,-0.04692480382751527,-4.649070446883227e-05,0.13635075779769448,0.12842147128138195,-4.6490704551090447e-05,0.010576485847318073,0.009961424818523938,4.649070447078645e-05,-0.12075664480118645,-0.11373421264448727,-4.649070446883734e-05,0.02947877835554451,0.027764481514854788,4.649070446874892e-05,1.8177750925010568e-17,9.675846906054274e-17
289.64,"[0.06062, 0.0456, 0.41014]",0.0456,0.41014,4.649070448316011e-05,-0.049822140229541255,-0.047083845429946966,-4.649070448338393e-05,0.13635075779769448,0.12885672844821908,-4.64907045688731e-05,0.010576485847318073,0.009995186964659772,4.649070448741332e-05,-0.12075664480118645,-0.11411969044337295,-4.649070448339859e-05,0.02947877835554451,0.027858583296199994,4.649070448314579e-05,1.8177750925010568e-17,9.799532999968643e-17
289.66,"[0.06062, 0.0456, 0.41014]",0.0456,0.41014,4.649070447917599e-05,-0.049822140229541255,-0.047083845429946966,-4.649070447887377e-05,0.13635075779769448,0.12885672844821908,-4.6490704553267525e-05,0.010576485847318073,0.009995186964659772,4.649070447099018e-05,-0.12075664480118645,-0.11411969044337295,-4.6490704478854115e-05,0.02947877835554451,0.027858583296199994,4.649070447919553e-05,1.8177750925010568e-17,9.799532999968643e-17
289.68,"[0.06062, 0.0456, 0.41014]",0.0456,0.41014,4.649070448421572e-05,-0.049822140229541255,-0.047234747484561475,-4.6490704484382394e-05,0.13635075779769448,0.129269709704424,-4.649070456888524e-05,0.010576485847318073,0.010027221206907294,4.649070448720996e-05,-0.12075664480118645,-0.1144854399766443,-4.649070448439362e-05,0.02947877835554451,0.02794786906753731,4.649070448420534e-05,1.8177750925010568e-17,9.841031543927098e-17
289.7,"[0.06062, 0.0456, 0.41014]",0.0456,0.41014,4.64907044755597e-05,-0.049822140229541255,-0.047234747484561475,-4.6490704475625964e-05,0.13635075779769448,0.129269709704424,-4.649070455811355e-05,0.010576485847318073,0.010027221206907294,4.64907044771276e-05,-0.12075664480118645,-0.1144854399766443,-4.649070447563051e-05,0.02947877835554451,0.02794786906753731,4.649070447555562e-05,1.8177750925010568e-17,9.841031543927098e-17
289.72,"[0.06062, 0.0456, 0.41014]",0.0456,0.41014,4.6490704487817004e-05,-0.049822140229541255,-0.04737639182827494,-4.649070448801207e-05,0.13635075779769448,0.1296573549167464,-4.649070457335535e-05,0.010576485847318073,0.010057290176015908,4.6490704491399865e-05,-0.12075664480118645,-0.11482875109150274,-4.649070448802508e-05,0.02947877835554451,0.028031677233810188,4.649070448780455e-05,1.8177750925010568e-17,9.947479952629433e-17
289.74,"[0.06062, 0.0456, 0.41014]",0.0456,0.41014,4.649070447991188e-05,-0.049822140229541255,-0.04737639182827494,-4.649070447997572e-05,0.13635075779769448,0.1296573549167464,-4.649070456263561e-05,0.010576485847318073,0.010057290176015908,4.6490704481214416e-05,-0.12075664480118645,-0.11482875109150274,-4.64907044799801e-05,0.02947877835554451,0.028031677233810188,4.64907044799079e-05,1.8177750925010568e-17,9.947479952629433e-17
289.76,"[0.06062, 0.0456, 0.41014]",0.0456,0.41014,4.6490704490923806e-05,-0.049822140229541255,-0.047510005205227294,-4.649070449110465e-05,0.13635075779769448,0.1300230213776845,-4.649070457635961e-05,0.010576485847318073,0.010085654291364253,4.649070449407143e-05,-0.12075664480118645,-0.11515259711457089,-4.649070449111665e-05,0.02947877835554451,0.028110733635346094,4.6490704490912225e-05,1.8177750925010568e-17,1.005065545829455e-16
289.78,"[0.06062, 0.0456, 0.41014]",0.0456,0.41014,4.6490704482967456e-05,-0.049822140229541255,-0.047510005205227294,-4.649070448302445e-05,0.13635075779769448,0.1300230213776845,-4.649070456574873e-05,0.010576485847318073,0.010085654291364253,4.6490704484016875e-05,-0.12075664480118645,-0.11515259711457089,-4.649070448302834e-05,0.02947877835554451,0.028110733635346094,4.6490704482963634e-05,1.8177750925010568e-17,1.005065545829455e-16
289.8,"[0.06062, 0.0456, 0.41014]",0.0456,0.41014,4.649070449298137e-05,-0.049822140229541255,-0.04763615791760876,-4.649070449314935e-05,0.13635075779769448,0.1303682698619776,-4.649070457833168e-05,0.010576485847318073,0.010112434619551898,4.649070449582291e-05,-0.12075664480118645,-0.11545836031834582,-4.649070449316065e-05,0.02947877835554451,0.028185375708709926,4.649070449297084e-05,1.8177750925010568e-17,1.0140962488680385e-16
289.82,"[0.06062, 0.0456, 0.41014]",0.0456,0.41014,4.64907044851893e-05,-0.049822140229541255,-0.04763615791760876,-4.6490704485240926e-05,0.13635075779769448,0.1303682698619776,-4.6490704568043696e-05,0.010576485847318073,0.010112434619551898,4.6490704486089856e-05,-0.12075664480118645,-0.11545836031834582,-4.64907044852443e-05,0.02947877835554451,0.028185375708709926,4.649070448518596e-05,1.8177750925010568e-17,1.0140962488680385e-16
289.84,"[0.06062, 0.0456, 0.41014]",0.0456,0.41014,4.649070449444719e-05,-0.049822140229541255,-0.04775531968328371,-4.6490704494603933e-05,0.13635075779769448,0.13069438587017249,-4.649070457973487e-05,0.010576485847318073,0.010137730874634824,4.6490704497069985e-05,-0.12075664480118645,-0.11574717918361285,-4.6490704494614186e-05,0.02947877835554451,0.028255881376703592,4.6490704494437e-05,1.8177750925010568e-17,1.0216931847479194e-16
289.86,"[0.06062, 0.0456, 0.41014]",0.0456,0.41014,4.649070449023555e-05,-0.049822140229541255,-0.04775531968328371,-4.649070448999955e-05,0.13635075779769448,0.13069438587017249,-4.64907045668502e-05,0.010576485847318073,0.010137730874634824,4.6490704483692184e-05,-0.12075664480118645,-0.11574717918361285,-4.6490704489984324e-05,0.02947877835554451,0.028255881376703592,4.649070449025074e-05,1.8177750925010568e-17,1.0216931847479194e-16
289.88,"[0.06062, 0.0456, 0.41014]",0.0456,0.41014,4.6490704493130354e-05,-0.049822140229541255,-0.047868731591787075,-4.649070449324741e-05,0.13635075779769448,0.13100476595453261,-4.649070457769818e-05,0.010576485847318073,0.010161806521303638,4.6490704495098926e-05,-0.12075664480118645,-0.11602206180671029,-4.6490704493255233e-05,0.02947877835554451,0.028322984967542025,4.649070449312288e-05,1.8177750925010568e-17,1.0210923759610504e-16
289.9,"[0.06062, 0.0456, 0.41014]",0.0456,0.41014,4.64907044859797e-05,-0.049822140229541255,-0.047868731591787075,-4.6490704486022785e-05,0.13635075779769448,0.13100476595453261,-4.649070456898705e-05,0.010576485847318073,0.010161806521303638,4.649070448697479e-05,-0.12075664480118645,-0.11602206180671029,-4.64907044860258e-05,0.02947877835554451,0.028322984967542025,4.649070448597709e-05,1.8177750925010568e-17,1.0210923759610504e-16
289.92,"[0.06062, 0.0456, 0.41014]",0.0456,0.41014,4.6490704494760716e-05,-0.049822140229541255,-0.047975345983597255,-4.649070449490187e-05,0.13635075779769448,0.13129654293245877,-4.649070458003479e-05,0.010576485847318073,0.010184439157156756,4.6490704497344315e-05,-0.12075664480118645,-0.11628046891816514,-4.64907044949111e-05,0.02947877835554451,0.028386066601736728,4.649070449475154e-05,1.8177750925010568e-17,1.0252459940339268e-16
289.94,"[0.06062, 0.0456, 0.41014]",0.0456,0.41014,4.649070448851293e-05,-0.049822140229541255,-0.047975345983597255,-4.6490704488556464e-05,0.13635075779769448,0.13129654293245877,-4.6490704571691054e-05,0.010576485847318073,0.010184439157156756,4.6490704489433705e-05,-0.12075664480118645,-0.11628046891816514,-4.649070448855914e-05,0.02947877835554451,0.028386066601736728,4.6490704488509965e-05,1.8177750925010568e-17,1.0252459940339268e-16
289.96,"[0.06062, 0.0456, 0.41014]",0.0456,0.41014,4.6490704496625686e-05,-0.049822140229541255,-0.048076018234898536,-4.6490704496758155e-05,0.13635075779769448,0.13157205775505323,-4.6490704581861805e-05,0.010576485847318073,0.010205810365726552,4.64907044989743e-05,-0.12075664480118645,-0.1165244737398485,-4.6490704496766876e-05,0.02947877835554451,0.028445632388515784,4.649070449661727e-05,1.8177750925010568e-17,1.0292980186901872e-16
289.98,"[0.06062, 0.0456, 0.41014]",0.0456,0.41014,4.649070449052366e-05,-0.049822140229541255,-0.048076018234898536,-4.649070449056363e-05,0.13635075779769448,0.13157205775505323,-4.649070457377569e-05,0.010576485847318073,0.010205810365726552,4.649070449131766e-05,-0.12075664480118645,-0.1165244737398485,-4.6490704490566195e-05,0.02947877835554451,0.028445632388515784,4.6490704490521126e-05,1.8177750925010568e-17,1.0292980186901872e-16
290.0,"[0.06062, 0.0456, 0.41014]",0.0456,0.41014,4.649070449802799e-05,-0.049822140229541255,-0.048171138802683415,-4.6490704498152005e-05,0.13635075779769448,0.131832379005641,-4.649070458322604e-05,0.010576485847318073,0.010226003035175004,4.649070450019029e-05,-0.12075664480118645,-0.11675502264365113,-4.6490704498160015e-05,0.02947877835554451,0.028501913353585477,4.649070449801989e-05,1.8177750925010568e-17,1.0326773964981768e-16
290.02,"[0.06062, 0.0456, 0.41014]",0.0456,0.41014,4.6490704494769566e-05,-0.049822140229541255,-0.048171138802683415,-4.6490704494580433e-05,0.13635075779769448,0.131832379005641,-4.6490704573052486e-05,0.010576485847318073,0.010226003035175004,4.649070448960632e-05,-0.12075664480118645,-0.11675502264365113,-4.649070449456814e-05,0.02947877835554451,0.028501913353585477,4.649070449478194e-05,1.8177750925010568e-17,1.0326773964981768e-16
290.04,"[0.06062, 0.0456, 0.41014]",0.0456,0.41014,4.6490704497177735e-05,-0.049822140229541255,-0.04825967431561767,-4.649070449727047e-05,0.13635075779769448,0.1320746786048242,-4.6490704581809255e-05,0.010576485847318073,0.010244797796270326,4.649070449880476e-05,-0.12075664480118645,-0.11696961099115653,-4.649070449727652e-05,0.02947877835554451,0.02855429807149582,4.649070449717178e-05,1.8177750925010568e-17,1.0373179933696e-16
290.06,"[0.06062, 0.0456, 0.41014]",0.0456,0.41014,4.649070449425982e-05,-0.049822140229541255,-0.04825967431561767,-4.6490704494084824e-05,0.13635075779769448,0.1320746786048242,-4.649070457298869e-05,0.010576485847318073,0.010244797796270326,4.649070448964743e-05,-0.12075664480118645,-0.11696961099115653,-4.649070449407357e-05,0.02947877835554451,0.02855429807149582,4.6490704494271246e-05,1.8177750925010568e-17,1.0373179933696e-16
290.08,"[0.06062, 0.0456, 0.41014]",0.0456,0.41014,4.649070449700882e-05,-0.049822140229541255,-0.04834623727776614,-4.6490704497098385e-05,0.13635075779769448,0.1323115798248825,-4.649070458169614e-05,0.010576485847318073,0.010263173814430163,4.649070449871871e-05,-0.12075664480118645,-0.11717941835982501,-4.649070449710425e-05,0.02947877835554451,0.02860551566998615,4.649070449700296e-05,1.8177750925010568e-17,1.0307726194411322e-16
290.1,"[0.06062, 0.0456, 0.41014]",0.0456,0.41014,4.649070449189676e-05,-0.049822140229541255,-0.04834623727776614,-4.649070449192939e-05,0.13635075779769448,0.1323115798248825,-4.6490704575382186e-05,0.010576485847318073,0.010263173814430163,4.649070449281384e-05,-0.12075664480118645,-0.11717941835982501,-4.649070449193165e-05,0.02947877835554451,0.02860551566998615,4.6490704491894824e-05,1.8177750925010568e-17,1.0307726194411322e-16
290.12,"[0.06062, 0.0456, 0.41014]",0.0456,0.41014,4.6490704498876435e-05,-0.049822140229541255,-0.048426898216323455,-4.6490704498983893e-05,0.13635075779769448,0.1325323286795999,-4.6490704584090796e-05,0.010576485847318073,0.010280296921525543,4.6490704500976975e-05,-0.12075664480118645,-0.11737492067228275,-4.649070449899093e-05,0.02947877835554451,0.028653241157450535,4.649070449886953e-05,1.8177750925010568e-17,1.0308797963005394e-16
290.14,"[0.06062, 0.0456, 0.41014]",0.0456,0.41014,4.6490704494423685e-05,-0.049822140229541255,-0.048426898216323455,-4.6490704494457193e-05,0.13635075779769448,0.1325323286795999,-4.649070457805253e-05,0.010576485847318073,0.010280296921525543,4.6490704495235874e-05,-0.12075664480118645,-0.11737492067228275,-4.649070449445932e-05,0.02947877835554451,0.028653241157450535,4.6490704494421544e-05,1.8177750925010568e-17,1.0308797963005394e-16
290.16,"[0.06062, 0.0456, 0.41014]",0.0456,0.41014,4.649070450078148e-05,-0.049822140229541255,-0.04850299495099983,-4.6490704500882054e-05,0.13635075779769448,0.1327405864475844,-4.649070458596455e-05,0.010576485847318073,0.010296451116611705,4.649070450264913e-05,-0.12075664480118645,-0.11755936047506549,-4.649070450088904e-05,0.02947877835554451,0.028698266095442026,4.6490704500775334e-05,1.8177750925010568e-17,1.0317240764604905e-16
290.18,"[0.06062, 0.0456, 0.41014]",0.0456,0.41014,4.649070449634201e-05,-0.049822140229541255,-0.04850299495099983,-4.6490704496372653e-05,0.13635075779769448,0.1327405864475844,-4.649070458002377e-05,0.010576485847318073,0.010296451116611705,4.649070449701307e-05,-0.12075664480118645,-0.11755936047506549,-4.649070449637462e-05,0.02947877835554451,0.028698266095442026,4.6490704496340026e-05,1.8177750925010568e-17,1.0317240764604905e-16
290.2,"[0.06062, 0.0456, 0.41014]",0.0456,0.41014,4.649070450215141e-05,-0.049822140229541255,-0.04857488014302222,-4.649070450224547e-05,0.13635075779769448,0.132937318274585,-4.649070458730185e-05,0.010576485847318073,0.010311711264376626,4.64907045038409e-05,-0.12075664480118645,-0.1177335925324073,-4.6490704502251814e-05,0.02947877835554451,0.02874079914665741,4.649070450214545e-05,1.8177750925010568e-17,1.0324149741203245e-16
290.22,"[0.06062, 0.0456, 0.41014]",0.0456,0.41014,4.649070449780745e-05,-0.049822140229541255,-0.04857488014302222,-4.649070449783552e-05,0.13635075779769448,0.132937318274585,-4.649070458154315e-05,0.010576485847318073,0.010311711264376626,4.649070449838615e-05,-0.12075664480118645,-0.1177335925324073,-4.649070449783733e-05,0.02947877835554451,0.02874079914665741,4.649070449780553e-05,1.8177750925010568e-17,1.0324149741203245e-16
290.24,"[0.06062, 0.0456, 0.41014]",0.0456,0.41014,4.64907045031837e-05,-0.049822140229541255,-0.04864280969105136,-4.649070450327192e-05,0.13635075779769448,0.13312322449136024,-4.6490704588309616e-05,0.010576485847318073,0.010326131688266979,4.649070450473944e-05,-0.12075664480118645,-0.11789823707983746,-4.6490704503277646e-05,0.02947877835554451,0.028780991721290308,4.649070450317797e-05,1.8177750925010568e-17,1.0327444388369013e-16
290.26,"[0.06062, 0.0456, 0.41014]",0.0456,0.41014,4.649070449899436e-05,-0.049822140229541255,-0.04864280969105136,-4.649070449902038e-05,0.13635075779769448,0.13312322449136024,-4.6490704582786026e-05,0.010576485847318073,0.010326131688266979,4.649070449951199e-05,-0.12075664480118645,-0.11789823707983746,-4.649070449902183e-05,0.02947877835554451,0.028780991721290308,4.6490704498992465e-05,1.8177750925010568e-17,1.0327444388369013e-16
290.28,"[0.06062, 0.0456, 0.41014]",0.0456,0.41014,4.649070450401418e-05,-0.049822140229541255,-0.048707013692754604,-4.6490704504097174e-05,0.13635075779769448,0.13329893481779015,-4.649070458912147e-05,0.010576485847318073,0.010339761234565582,4.649070450546382e-05,-0.12075664480118645,-0.11805385181761162,-4.649070450410229e-05,0.02947877835554451,0.02881897996359512,4.649070450400858e-05,1.8177750925010568e-17,1.0326752981590206e-16
290.3,"[0.06062, 0.0456, 0.41014]",0.0456,0.41014,4.6490704500010064e-05,-0.049822140229541255,-0.04876915938944057,-4.649070450003435e-05,0.13635075779769448,0.13346901207716935,-4.6490704583858424e-05,0.010576485847318073,0.01035295383359077,4.6490704500485486e-05,-0.12075664480118645,-0.11820447772934567,-4.649070450003585e-05,0.02947877835554451,0.02885575034739157,4.649070450000843e-05,1.8177750925010568e-17,1.0263662173073703e-16
290.32,"[0.06062, 0.0456, 0.41014]",0.0456,0.41014,4.649070449835796e-05,-0.049822140229541255,-0.04876915938944057,-4.649070449823964e-05,0.13635075779769448,0.13346901207716935,-4.6490704579078475e-05,0.010576485847318073,0.01035295383359077,4.6490704495534884e-05,-0.12075664480118645,-0.11820447772934567,-4.6490704498231796e-05,0.02947877835554451,0.02885575034739157,4.64907044983656e-05,1.8177750925010568e-17,1.0263662173073703e-16
290.34,"[0.06062, 0.0456, 0.41014]",0.0456,0.41014,4.6490704501376165e-05,-0.049822140229541255,-0.04876915938944057,-4.649070450144724e-05,0.13635075779769448,0.13346901207716935,-4.649070458636409e-05,0.010576485847318073,0.01035295383359077,4.649070450297489e-05,-0.12075664480118645,-0.11820447772934567,-4.6490704501451693e-05,0.02947877835554451,0.02885575034739157,4.649070450137156e-05,1.8177750925010568e-17,1.0263662173073703e-16
290.36,"[0.06062, 0.0456, 0.41014]",0.0456,0.41014,4.649070450656513e-05,-0.049822140229541255,-0.048825561136908655,-4.649070450664295e-05,0.13635075779769448,0.13362336958131013,-4.649070459174645e-05,0.010576485847318073,0.01036492707836917,4.6490704507832033e-05,-0.12075664480118645,-0.11834118171834228,-4.6490704506648146e-05,0.02947877835554451,0.028889122149653095,4.6490704506560115e-05,1.8177750925010568e-17,1.0308068449990616e-16
290.38,"[0.06062, 0.0456, 0.41014]",0.0456,0.41014,4.649070450286501e-05,-0.049822140229541255,-0.048880899742794776,-4.649070450288613e-05,0.13635075779769448,0.13377481753231574,-4.6490704586826665e-05,0.010576485847318073,0.010376674634142168,4.649070450316866e-05,-0.12075664480118645,-0.11847530891314836,-4.649070450288731e-05,0.02947877835554451,0.028921864911995523,4.649070450286344e-05,1.8177750925010568e-17,1.0256525095923924e-16
290.4,"[0.06062, 0.0456, 0.41014]",0.0456,0.41014,4.649070450110007e-05,-0.049822140229541255,-0.048880899742794776,-4.649070450099306e-05,0.13635075779769448,0.13377481753231574,-4.6490704582250654e-05,0.010576485847318073,0.010376674634142168,4.649070449846824e-05,-0.12075664480118645,-0.11847530891314836,-4.6490704500985636e-05,0.02947877835554451,0.028921864911995523,4.649070450110645e-05,1.8177750925010568e-17,1.0256525095923924e-16
290.42,"[0.06062, 0.0456, 0.41014]",0.0456,0.41014,4.6490704503543147e-05,-0.049822140229541255,-0.048932423919559,-4.6490704503605054e-05,0.13635075779769448,0.13391582634295013,-4.6490704588495964e-05,0.010576485847318073,0.010387612443838642,4.649070450487792e-05,-0.12075664480118645,-0.11860019086822272,-4.6490704503608666e-05,0.02947877835554451,0.028952350751811535,4.649070450353881e-05,1.8177750925010568e-17,1.0245457335124278e-16
290.44,"[0.06062, 0.0456, 0.41014]",0.0456,0.41014,4.649070450270259e-05,-0.049822140229541255,-0.048932423919559,-4.6490704502607826e-05,0.13635075779769448,0.13391582634295013,-4.649070458420819e-05,0.010576485847318073,0.010387612443838642,4.649070450029716e-05,-0.12075664480118645,-0.11860019086822272,-4.64907045026015e-05,0.02947877835554451,0.028952350751811535,4.6490704502708636e-05,1.8177750925010568e-17,1.0245457335124278e-16
290.46,"[0.06062, 0.0456, 0.41014]",0.0456,0.41014,4.6490704504921384e-05,-0.049822140229541255,-0.04898100598345613,-4.649070450497929e-05,0.13635075779769448,0.1340487833250601,-4.649070458986673e-05,0.010576485847318073,0.010397925687113257,4.6490704506104276e-05,-0.12075664480118645,-0.11871794186400886,-4.649070450498299e-05,0.02947877835554451,0.02898109580143507,4.649070450491744e-05,1.8177750925010568e-17,1.0238147833485308e-16
290.481,"[0.06062, 0.0456, 0.41014]",0.0456,0.41014,4.649070450394758e-05,-0.049822140229541255,-0.04898100598345613,-4.649070450385726e-05,0.13635075779769448,0.1340487833250601,-4.649070458562901e-05,0.010576485847318073,0.010397925687113257,4.6490704501607446e-05,-0.12075664480118645,-0.11871794186400886,-4.6490704503850985e-05,0.02947877835554451,0.02898109580143507,4.6490704503953016e-05,1.8177750925010568e-17,1.0238147833485308e-16
290.5,"[0.06062, 0.0456, 0.41014]",0.0456,0.41014,4.649070450589109e-05,-0.049822140229541255,-0.04902800888992886,-4.649070450594479e-05,0.13635075779769448,0.13417741854747922,-4.649070459081773e-05,0.010576485847318073,0.010407903698959716,4.649070450695252e-05,-0.12075664480118645,-0.1188318653698874,-4.649070450594822e-05,0.02947877835554451,0.02900890649473668,4.6490704505887354e-05,1.8177750925010568e-17,1.0183166142519954e-16
290.52,"[0.06062, 0.0456, 0.41014]",0.0456,0.41014,4.649070450344096e-05,-0.049822140229541255,-0.04902800888992886,-4.6490704503463004e-05,0.13635075779769448,0.13417741854747922,-4.649070458769963e-05,0.010576485847318073,0.010407903698959716,4.6490704504019437e-05,-0.12075664480118645,-0.1188318653698874,-4.6490704503464217e-05,0.02947877835554451,0.02900890649473668,4.649070450343932e-05,1.8177750925010568e-17,1.0183166142519954e-16
290.54,"[0.06062, 0.0456, 0.41014]",0.0456,0.41014,4.649070450744508e-05,-0.049822140229541255,-0.04907163031205976,-4.649070450750693e-05,0.13635075779769448,0.13429679949132114,-4.649070459262598e-05,0.010576485847318073,0.01041716387241126,4.6490704508626395e-05,-0.12075664480118645,-0.1189375929878912,-4.649070450751072e-05,0.02947877835554451,0.029034716430404617,4.649070450744082e-05,1.8177750925010568e-17,1.0172009126210597e-16
290.56,"[0.06062, 0.0456, 0.41014]",0.0456,0.41014,4.6490704505175996e-05,-0.049822140229541255,-0.04907163031205976,-4.6490704505197185e-05,0.13635075779769448,0.13429679949132114,-4.6490704589486504e-05,0.010576485847318073,0.01041716387241126,4.649070450563032e-05,-0.12075664480118645,-0.1189375929878912,-4.6490704505198323e-05,0.02947877835554451,0.029034716430404617,4.649070450517443e-05,1.8177750925010568e-17,1.0172009126210597e-16
290.58,"[0.06062, 0.0456, 0.41014]",0.0456,0.41014,4.649070450869001e-05,-0.049822140229541255,-0.04911376092571846,-4.649070450874693e-05,0.13635075779769448,0.13441210046450133,-4.649070459382886e-05,0.010576485847318073,0.01042610756959156,4.6490704509694456e-05,-0.12075664480118645,-0.11903970725215764,-4.649070450875041e-05,0.02947877835554451,0.029059644284084262,4.649070450868619e-05,1.8177750925010568e-17,1.0121684761384808e-16
290.6,"[0.06062, 0.0456, 0.41014]",0.0456,0.41014,4.6490704506188905e-05,-0.049822140229541255,-0.04911376092571846,-4.649070450620664e-05,0.13635075779769448,0.13441210046450133,-4.6490704590490055e-05,0.010576485847318073,0.01042610756959156,4.649070450652738e-05,-0.12075664480118645,-0.11903970725215764,-4.649070450620763e-05,0.02947877835554451,0.029059644284084262,4.649070450618748e-05,1.8177750925010568e-17,1.0121684761384808e-16
290.62,"[0.06062, 0.0456, 0.41014]",0.0456,0.41014,4.6490704509359275e-05,-0.049822140229541255,-0.04915209391851981,-4.649070450941199e-05,0.13635075779769448,0.13451700829733496,-4.6490704594469436e-05,0.010576485847318073,0.010434245088837639,4.6490704510262706e-05,-0.12075664480118645,-0.11913261701579929,-4.6490704509415165e-05,0.02947877835554451,0.029082325160356366,4.649070450935555e-05,1.8177750925010568e-17,1.0127988364072232e-16
290.64,"[0.06062, 0.0456, 0.41014]",0.0456,0.41014,4.6490704507096145e-05,-0.049822140229541255,-0.049189539183833335,-4.649070450711332e-05,0.13635075779769448,0.13461948664162351,-4.649070459144646e-05,0.010576485847318073,0.010442194156857884,4.6490704507394693e-05,-0.12075664480118645,-0.11922337514595042,-4.6490704507114115e-05,0.02947877835554451,0.02910448078577147,4.6490704507094586e-05,1.8177750925010568e-17,1.0083480964158768e-16
290.66,"[0.06062, 0.0456, 0.41014]",0.0456,0.41014,4.649070450614569e-05,-0.049822140229541255,-0.049189539183833335,-4.6490704506076236e-05,0.13635075779769448,0.13461948664162351,-4.649070458859583e-05,0.010576485847318073,0.010442194156857884,4.649070450443282e-05,-0.12075664480118645,-0.11922337514595042,-4.6490704506071635e-05,0.02947877835554451,0.02910448078577147,4.64907045061502e-05,1.8177750925010568e-17,1.0083480964158768e-16
290.68,"[0.06062, 0.0456, 0.41014]",0.0456,0.41014,4.6490704507970744e-05,-0.049822140229541255,-0.04922430419978375,-4.649070450801501e-05,0.13635075779769448,0.13471462981243354,-4.6490704592982636e-05,0.010576485847318073,0.010449574248149228,4.649070450891339e-05,-0.12075664480118645,-0.11930763700965873,-4.6490704508017595e-05,0.02947877835554451,0.029125050560467984,4.649070450796757e-05,1.8177750925010568e-17,1.0071194473553459e-16
290.7,"[0.06062, 0.0456, 0.41014]",0.0456,0.41014,4.6490704507520786e-05,-0.049822140229541255,-0.04922430419978375,-4.6490704507458987e-05,0.13635075779769448,0.13471462981243354,-4.649070459019891e-05,0.010576485847318073,0.010449574248149228,4.6490704505917244e-05,-0.12075664480118645,-0.11930763700965873,-4.649070450745482e-05,0.02947877835554451,0.029125050560467984,4.6490704507524655e-05,1.8177750925010568e-17,1.0071194473553459e-16
290.72,"[0.06062, 0.0456, 0.4101361785500253]",0.0456,0.4101361785500253,4.649070450908708e-05,-0.049822140229541255,-0.04925703916889076,-4.649070450912787e-05,0.13635075779769448,0.1348042172517616,-4.649070459407765e-05,0.010576485847318073,0.01045652339095238,4.649070450988941e-05,-0.12075664480118645,-0.1193869785382039,-4.6490704509130596e-05,0.02947877835554451,0.029144419196460818,4.649070450908447e-05,1.8177750925010568e-17,1.0061879040572033e-16
290.74,"[0.06062, 0.0456, 0.4101361785500253]",0.0456,0.4101361785500253,4.6490704508468176e-05,-0.049822140229541255,-0.04925703916889076,-4.649070450840873e-05,0.13635075779769448,0.1348042172517616,-4.64907045912539e-05,0.010576485847318073,0.01045652339095238,4.649070450688521e-05,-0.12075664480118645,-0.1193869785382039,-4.649070450840479e-05,0.02947877835554451,0.029144419196460818,4.649070450847191e-05,1.8177750925010568e-17,1.0061879040572033e-16
290.76,"[0.06062, 0.0456, 0.41009907575683935]",0.0456,0.41009907575683935,4.649070450978972e-05,-0.04992083813109552,-0.04929285629215434,-4.649070450982716e-05,0.1365640664666814,0.13489939963510816,-4.6490704594755734e-05,0.010412587101573618,0.01045488428736746,4.649070451049152e-05,-0.1212569089169769,-0.11948684268340155,-4.649070450982926e-05,0.029539020643289213,0.029165703716556576,4.649070450978701e-05,1.8172509364496255e-17,1.0050425145793059e-16
290.78,"[0.06062, 0.0456, 0.41009907575683935]",0.0456,0.41009907575683935,4.649070450910365e-05,-0.04992083813109552,-0.04929285629215434,-4.6490704509031676e-05,0.1365640664666814,0.13489939963510816,-4.649070459196549e-05,0.010412587101573618,0.01045488428736746,4.64907045075675e-05,-0.1212569089169769,-0.11948684268340155,-4.649070450902686e-05,0.029539020643289213,0.029165703716556576,4.6490704509108085e-05,1.8172509364496255e-17,1.0050425145793059e-16
290.8,"[0.06062, 0.0456, 0.41009907575683935]",0.0456,0.41009907575683935,4.649070451024932e-05,-0.04992083813109552,-0.0493268326664737,-4.649070451028394e-05,0.1365640664666814,0.13498960968125773,-4.6490704595188954e-05,0.010412587101573618,0.010453067031093869,4.64907045108745e-05,-0.1212569089169769,-0.11958194505821092,-4.6490704510285976e-05,0.029539020643289213,0.029185896980075128,4.6490704510246863e-05,1.8172509364496255e-17,1.0064648874212788e-16
290.82,"[0.06062, 0.0456, 0.410022538180199]",0.0456,0.410022538180199,4.649070450951212e-05,-0.05011484258753448,-0.0493268326664737,-4.649070450944472e-05,0.13698348474611655,0.13498960968125773,-4.64907045924618e-05,0.010090182847693838,0.010453067031093869,4.6490704508028044e-05,-0.12224054633726232,-0.11958194505821092,-4.649070450944044e-05,0.029657448212350054,0.029185896980075128,4.64907045095167e-05,1.81699350452639e-17,1.0064648874212788e-16
290.84,"[0.06062, 0.0456, 0.410022538180199]",0.0456,0.410022538180199,4.649070451051344e-05,-0.05011484258753448,-0.04936871874650355,-4.649070451054692e-05,0.13698348474611655,0.1350959897371995,-4.649070459541978e-05,0.010090182847693838,0.010435072590673417,4.6490704511072795e-05,-0.12224054633726232,-0.11972143321110147,-4.6490704510549e-05,0.029657448212350054,0.029210948983763144,4.649070451051103e-05,1.81699350452639e-17,1.0072140659918047e-16
290.86,"[0.06062, 0.0456, 0.40990664135345206]",0.0456,0.40990664135345206,4.6490704509775486e-05,-0.05040797755346044,-0.04936871874650355,-4.649070450968292e-05,0.13761757126091145,0.1350959897371995,-4.6490704592742784e-05,0.009602268870104822,0.010435072590673417,4.64907045083373e-05,-0.12372777318462684,-0.11972143321110147,-4.64907045096769e-05,0.029836439468132657,0.029210948983763144,4.6490704509781504e-05,1.825253355598092e-17,1.0072140659918047e-16
290.88,"[0.06062, 0.0456, 0.40990664135345206]",0.0456,0.40990664135345206,4.649070451062306e-05,-0.05040797755346044,-0.04942409263287481,-4.6490704510655506e-05,0.13761757126091145,0.13523103663049835,-4.649070459546948e-05,0.009602268870104822,0.010392960769741147,4.649070451110449e-05,-0.12372777318462684,-0.1199317060366075,-4.6490704510657444e-05,0.029836439468132657,0.029244253648002427,4.649070451062075e-05,1.825253355598092e-17,1.0129567916818387e-16
290.9,"[0.06062, 0.0456, 0.40990664135345206]",0.0456,0.40990664135345206,4.649070450901381e-05,-0.05040797755346044,-0.04942409263287481,-4.6490704509010595e-05,0.13761757126091145,0.13523103663049835,-4.649070459338421e-05,0.009602268870104822,0.010392960769741147,4.6490704509171674e-05,-0.12372777318462684,-0.1199317060366075,-4.649070450901017e-05,0.029836439468132657,0.029244253648002427,4.6490704509013915e-05,1.825253355598092e-17,1.0129567916818387e-16
290.92,"[0.06062, 0.0456, 0.409751499652774]",0.0456,0.409751499652774,4.6490704510872645e-05,-0.050799129902743906,-0.04949614187245654,-4.649070451092021e-05,0.13846441012136018,0.13540109995286623,-4.6490704595736686e-05,0.00894967180187481,0.010319442536457881,4.649070451133221e-05,-0.12571424206841075,-0.12023172487533827,-4.6490704510923284e-05,0.030075379542520694,0.02928778153280984,4.649070451086961e-05,1.823261727484943e-17,1.0255839385005065e-16
290.94,"[0.06062, 0.0456, 0.409751499652774]",0.0456,0.409751499652774,4.6490704509196156e-05,-0.050799129902743906,-0.04949614187245654,-4.6490704509185775e-05,0.13846441012136018,0.13540109995286623,-4.649070459338287e-05,0.00894967180187481,0.010319442536457881,4.649070450914941e-05,-0.12571424206841075,-0.12023172487533827,-4.64907045091852e-05,0.030075379542520694,0.02928778153280984,4.649070450919703e-05,1.823261727484943e-17,1.0255839385005065e-16
290.96,"[0.06062, 0.0456, 0.409557266184293]",0.0456,0.409557266184293,4.649070451046114e-05,-0.051286823228147,-0.04956519204181837,-4.649070451051623e-05,0.1395214786179272,0.13556385262789253,-4.649070459505582e-05,0.008133471349878624,0.010248222367331278,4.6490704510652734e-05,-0.12819420341213786,-0.12052033119221546,-4.649070451051937e-05,0.030373451490662316,0.029329505329841844,4.649070451045725e-05,1.8173519602352877e-17,1.0461732499265787e-16
290.98,"[0.06062, 0.0456, 0.409557266184293]",0.0456,0.409557266184293,4.64907045083626e-05,-0.051286823228147,-0.04956519204181837,-4.649070450836217e-05,0.1395214786179272,0.13556385262789253,-4.6490704592261066e-05,0.008133471349878624,0.010248222367331278,4.649070450807027e-05,-0.12819420341213786,-0.12052033119221546,-4.649070450836149e-05,0.030373451490662316,0.029329505329841844,4.6490704508362086e-05,1.8173519602352877e-17,1.0461732499265787e-16
291.0,"[0.06062, 0.0456, 0.409557266184293]",0.0456,0.409557266184293,4.6490704509038114e-05,-0.051286823228147,-0.049655451773956576,-4.6490704509098836e-05,0.1395214786179272,0.13577183748387772,-4.649070459327604e-05,0.008133471349878624,0.010139015203508114,4.64907045089772e-05,-0.12819420341213786,-0.12092030257258184,-4.649070450910246e-05,0.030373451490662316,0.029384218759808158,4.649070450903391e-05,1.8173519602352877e-17,1.0607695173632276e-16
291.02,"[0.06062, 0.0456, 0.40932413263299233]",0.0456,0.40932413263299233,4.649070450661226e-05,-0.05186923164629529,-0.049655451773956576,-4.649070450660029e-05,0.1407856603544079,0.13577183748387772,-4.649070459009238e-05,0.007154998781690418,0.010139015203508114,4.6490704506070164e-05,-0.1311605478753934,-0.12092030257258184,-4.649070450659922e-05,0.03072964344391217,0.029384218759808158,4.6490704506612855e-05,1.843000205690426e-17,1.0607695173632276e-16
291.04,"[0.06062, 0.0456, 0.40932413263299233]",0.0456,0.40932413263299233,4.6490704506665405e-05,-0.05186923164629529,-0.04977108051734619,-4.64907045067348e-05,0.1407856603544079,0.13603421072102817,-4.649070459043107e-05,0.007154998781690418,0.009984834959173834,4.649070450632201e-05,-0.1311605478753934,-0.1214527974724683,-4.649070450673895e-05,0.03072964344391217,0.02945447393707272,4.6490704506660526e-05,1.843000205690426e-17,1.0830490881542917e-16
291.06,"[0.06062, 0.0456, 0.40905232907354055]",0.0456,0.40905232907354055,4.649070450383463e-05,-0.05254420040386984,-0.049917513955851006,-4.6490704503812815e-05,0.1422532703680367,0.13636320538355612,-4.649070458674722e-05,0.006015830771417508,0.009777350163654244,4.649070450298629e-05,-0.1346048743057122,-0.12214433461050327,-4.649070450381115e-05,0.03114275926899349,0.029543599280682342,4.649070450383581e-05,1.8680638311076783e-17,1.1359446908050553e-16
291.08,"[0.06062, 0.0456, 0.40905232907354055]",0.0456,0.40905232907354055,4.649070450149884e-05,-0.05254420040386984,-0.049917513955851006,-4.649070450113722e-05,0.1422532703680367,0.13636320538355612,-4.6490704582520885e-05,0.006015830771417508,0.009777350163654244,4.6490704499359935e-05,-0.1346048743057122,-0.12214433461050327,-4.649070450111333e-05,0.03114275926899349,0.029543599280682342,4.649070450152183e-05,1.8680638311076783e-17,1.1359446908050553e-16
291.1,"[0.06062, 0.0456, 0.40905232907354055]",0.0456,0.40905232907354055,4.6490704499619995e-05,-0.05254420040386984,-0.05005685485704284,-4.6490704499701296e-05,0.1422532703680367,0.13667600918097417,-4.6490704582151985e-05,0.006015830771417508,0.00957901851604533,4.6490704498649315e-05,-0.1346048743057122,-0.1228036392656875,-4.6490704499706345e-05,0.03114275926899349,0.029628418050158832,4.6490704499614486e-05,1.8680638311076783e-17,1.1792087899851437e-16
291.12,"[0.06062, 0.0456, 0.4087421237432356]",0.0456,0.4087421237432356,4.6490704496550944e-05,-0.053309269589717684,-0.05005685485704284,-4.649070449623888e-05,0.14392008410841212,0.13667600918097417,-4.649070457677596e-05,0.004717782308644307,0.00957901851604533,4.6490704493986955e-05,-0.1385175679806744,-0.1228036392656875,-4.649070449621807e-05,0.03161143085793946,0.029628418050158832,4.6490704496570595e-05,1.8534299016392345e-17,1.1792087899851437e-16
291.14,"[0.06062, 0.0456, 0.4087421237432356]",0.0456,0.4087421237432356,4.649070449357146e-05,-0.053309269589717684,-0.05022794825153621,-4.6490704493668545e-05,0.14392008410841212,0.13705744218122065,-4.649070457505175e-05,0.004717782308644307,0.0093246270108642,4.6490704492062896e-05,-0.1385175679806744,-0.12362839693966692,-4.649070449367461e-05,0.03161143085793946,0.029732717833719433,4.649070449356482e-05,1.8534299016392345e-17,1.2047958394309758e-16
291.16,"[0.06062, 0.0456, 0.4083938227772869]",0.0456,0.4083938227772869,4.649070448963464e-05,-0.05416170039232141,-0.05022794825153621,-4.649070448923696e-05,0.14578136974673633,0.13705744218122065,-4.6490704568642304e-05,0.003262898728355722,0.0093246270108642,4.6490704486639615e-05,-0.14288788745473427,-0.12362839693966692,-4.649070448921104e-05,0.03213413176938954,0.029732717833719433,4.6490704489660155e-05,1.8520688825524134e-17,1.2047958394309758e-16
291.18,"[0.06062, 0.0456, 0.4083938227772869]",0.0456,0.4083938227772869,4.6490704485578316e-05,-0.05416170039232141,-0.05043710790120462,-4.6490704485683294e-05,0.14578136974673633,0.13752172754277564,-4.6490704565817415e-05,0.003262898728355722,0.009004050487768669,4.649070448354535e-05,-0.14288788745473427,-0.12465001209706537,-4.649070448568976e-05,0.03213413176938954,0.029860378465432515,4.6490704485571025e-05,1.8520688825524134e-17,1.277621117777685e-16
291.2,"[0.06062, 0.0456, 0.4083938227772869]",0.0456,0.4083938227772869,4.64907044800091e-05,-0.05416170039232141,-0.05043710790120462,-4.649070447998861e-05,0.14578136974673633,0.13752172754277564,-4.649070455898374e-05,0.003262898728355722,0.009004050487768669,4.649070447739457e-05,-0.14288788745473427,-0.12465001209706537,-4.649070447998712e-05,0.03213413176938954,0.029860378465432515,4.6490704480010186e-05,1.8520688825524134e-17,1.277621117777685e-16
291.22,"[0.06062, 0.0456, 0.40800776990669707]",0.0456,0.40800776990669707,4.649070447529226e-05,-0.05509850330652735,-0.05067924623068238,-4.649070447546153e-05,0.1478319232422917,0.13805752741886126,-4.6490704554048184e-05,0.0016534469310280767,0.00862326258327032,4.6490704472619444e-05,-0.14770405820523305,-0.12584610975462932,-4.6490704475472265e-05,0.03270919192165335,0.030008345341002402,4.649070447528104e-05,1.862915766030569e-17,1.279765126464635e-16
291.24,"[0.06062, 0.0456, 0.40800776990669707]",0.0456,0.40800776990669707,4.649070446931824e-05,-0.05509850330652735,-0.05067924623068238,-4.649070446874628e-05,0.1478319232422917,0.13805752741886126,-4.649070454505908e-05,0.0016534469310280767,0.00862326258327032,4.649070446524872e-05,-0.14770405820523305,-0.12584610975462932,-4.649070446870907e-05,0.03270919192165335,0.030008345341002402,4.649070446935508e-05,1.862915766030569e-17,1.279765126464635e-16
291.26,"[0.06062, 0.0456, 0.4075843461190406]",0.0456,0.4075843461190406,4.649070446258346e-05,-0.056116467683092114,-0.0509168129388475,-4.6490704462717995e-05,0.1500661055746309,0.13858321351171876,-4.64907045394268e-05,-0.00010809413052873126,0.008249664521944807,4.6490704459222e-05,-0.15295337123067404,-0.12701962374549647,-4.6490704462726784e-05,0.03333481303171202,0.030153518697171224,4.64907044625748e-05,1.8761124173769182e-17,1.384023361234657e-16
291.28,"[0.06062, 0.0456, 0.4075843461190406]",0.0456,0.4075843461190406,4.64907044545454e-05,-0.056116467683092114,-0.0509168129388475,-4.6490704454548504e-05,0.1500661055746309,0.13858321351171876,-4.649070452984929e-05,-0.00010809413052873126,0.008249664521944807,4.649070445057747e-05,-0.15295337123067404,-0.12701962374549647,-4.649070445454853e-05,0.03333481303171202,0.030153518697171224,4.649070445454502e-05,1.8761124173769182e-17,1.384023361234657e-16
291.301,"[0.06062, 0.0456, 0.40712396928247535]",0.0456,0.40712396928247535,4.6490704442487595e-05,-0.056116467683092114,-0.051191937596051736,-4.649070444187166e-05,0.1500661055746309,0.13919099249126426,-4.6490704514495974e-05,-0.00010809413052873126,0.0078085360564791465,4.649070443727843e-05,-0.15295337123067404,-0.12839030974343568,-4.649070444183139e-05,0.03333481303171202,0.03032182768271032,4.6490704442527196e-05,1.8761124173769182e-17,1.4182114849682554e-16
291.32,"[0.06062, 0.0456, 0.40712396928247535]",0.0456,0.40712396928247535,4.649070443767833e-05,-0.057212192025272786,-0.051191937596051736,-4.649070443767174e-05,0.1524778815486822,0.13919099249126426,-4.6490704510649245e-05,-0.0020190436136343845,0.0078085360564791465,4.6490704432968944e-05,-0.15862228477297913,-0.12839030974343568,-4.649070443767105e-05,0.03400908449848393,0.03032182768271032,4.649070443767843e-05,1.8937853284623805e-17,1.4182114849682554e-16
291.34,"[0.06062, 0.0456, 0.40712396928247535]",0.0456,0.40712396928247535,4.649070442844678e-05,-0.057212192025272786,-0.05150940044314177,-4.649070442868005e-05,0.1524778815486822,0.1398917931802873,-4.649070450082549e-05,-0.0020190436136343845,0.0072914280056331875,4.649070442364722e-05,-0.15862228477297913,-0.1299829667033544,-4.649070442869478e-05,0.03400908449848393,0.030516242292419733,4.649070442843119e-05,1.8937853284623805e-17,1.4544610097347143e-16
291.36,"[0.06062, 0.0456, 0.406627093733357]",0.0456,0.406627093733357,4.649070441798221e-05,-0.058382114466022136,-0.05150940044314177,-4.6490704417962244e-05,0.15506085959454574,0.1398917931802873,-4.649070448832698e-05,-0.0040765295066779745,0.0072914280056331875,4.649070441251564e-05,-0.164696527408157,-0.1299829667033544,-4.649070441796069e-05,0.03472999944214227,0.030516242292419733,4.6490704417983285e-05,1.8931344846583103e-17,1.4544610097347143e-16
291.38,"[0.06062, 0.0456, 0.406627093733357]",0.0456,0.406627093733357,4.6490704407095015e-05,-0.058382114466022136,-0.051871454734950126,-4.649070440735358e-05,0.15506085959454574,0.14069099728363632,-4.6490704476724694e-05,-0.0040765295066779745,0.006693701546317031,4.649070440150411e-05,-0.164696527408157,-0.13181011981799332,-4.649070440737018e-05,0.03472999944214227,0.030738195739610934,4.64907044070781e-05,1.8931344846583103e-17,1.5015349253561492e-16
291.4,"[0.06062, 0.0456, 0.406627093733357]",0.0456,0.406627093733357,4.6490704395291983e-05,-0.058382114466022136,-0.051871454734950126,-4.64907043952641e-05,0.15506085959454574,0.14069099728363632,-4.6490704462664733e-05,-0.0040765295066779745,0.006693701546317031,4.649070438899668e-05,-0.164696527408157,-0.13181011981799332,-4.649070439526173e-05,0.03472999944214227,0.030738195739610934,4.649070439529371e-05,1.8931344846583103e-17,1.5015349253561492e-16
291.42,"[0.06062, 0.0456, 0.406094209827864]",0.0456,0.406094209827864,4.6490704382573926e-05,-0.05962254290421503,-0.05227978517585773,-4.6490704382864235e-05,0.1578083320121228,0.1415927863413554,-4.649070444907418e-05,-0.00627749981167066,0.006011524054108784,4.6490704376098956e-05,-0.17116120086825695,-0.1338815886925214,-4.649070438288276e-05,0.035495470632533103,0.030988779862229286,4.649070438255505e-05,1.884169243000354e-17,1.560313862160982e-16
291.44,"[0.06062, 0.0456, 0.406094209827864]",0.0456,0.406094209827864,4.6490704369256495e-05,-0.05962254290421503,-0.05227978517585773,-4.6490704369224734e-05,0.1578083320121228,0.1415927863413554,-4.649070443324569e-05,-0.00627749981167066,0.006011524054108784,4.649070436202867e-05,-0.17116120086825695,-0.1338815886925214,-4.6490704369222186e-05,0.035495470632533103,0.030988779862229286,4.6490704369258494e-05,1.884169243000354e-17,1.560313862160982e-16
291.46,"[0.06062, 0.0456, 0.4055258434580753]",0.0456,0.4055258434580753,4.6490704354480025e-05,-0.06092968433519351,-0.05267034268004703,-4.6490704354806675e-05,0.16071331515057594,0.14245531216892782,-4.649070441741083e-05,-0.008618734086799978,0.005358637218203386,4.649070434700815e-05,-0.17800088111229337,-0.13586343991616395,-4.6490704354827275e-05,0.0363033460671143,0.031228468064767752,4.649070435445859e-05,1.9133595810726933e-17,1.6301573989288335e-16
291.48,"[0.06062, 0.0456, 0.4055258434580753]",0.0456,0.4055258434580753,4.649070433913606e-05,-0.06092968433519351,-0.05267034268004703,-4.649070433915171e-05,0.16071331515057594,0.14245531216892782,-4.6490704399424224e-05,-0.008618734086799978,0.005358637218203386,4.649070433096132e-05,-0.17800088111229337,-0.13586343991616395,-4.6490704339152124e-05,0.0363033460671143,0.031228468064767752,4.649070433913469e-05,1.9133595810726933e-17,1.6301573989288335e-16
291.5,"[0.06062, 0.0456, 0.4055258434580753]",0.0456,0.4055258434580753,4.649070432245896e-05,-0.06092968433519351,-0.053107825192628,-4.649070432280966e-05,0.16071331515057594,0.14342237148116557,-4.649070438152762e-05,-0.008618734086799978,0.0046192522091508155,4.649070431410622e-05,-0.17800088111229337,-0.1380940812592152,-4.6490704322832055e-05,0.0363033460671143,0.031497244817208926,4.6490704322436206e-05,1.9133595810726933e-17,1.662732660827445e-16
291.52,"[0.06062, 0.0456, 0.4049225555329781]",0.0456,0.4049225555329781,4.6490704305726076e-05,-0.06229967297604925,-0.053601626474952965,-4.649070430572491e-05,0.1637685890613647,0.14451527715389678,-4.649070436196068e-05,-0.011096855244258354,0.0037763903266483014,4.649070429668689e-05,-0.18519971634492358,-0.14062276787757394,-4.649070430572435e-05,0.03715142399051451,0.031800947099882855,4.6490704305725974e-05,1.9267313064826898e-17,1.8390636162239543e-16
291.54,"[0.06062, 0.0456, 0.4049225555329781]",0.0456,0.4049225555329781,4.6490704288454044e-05,-0.06229967297604925,-0.053601626474952965,-4.649070428735156e-05,0.1637685890613647,0.14451527715389678,-4.649070434043722e-05,-0.011096855244258354,0.0037763903266483014,4.649070427861592e-05,-0.18519971634492358,-0.14062276787757394,-4.649070428727966e-05,0.03715142399051451,0.031800947099882855,4.6490704288525154e-05,1.9267313064826898e-17,1.8390636162239543e-16
291.56,"[0.06062, 0.0456, 0.4042849414249187]",0.0456,0.4042849414249187,4.649070426790934e-05,-0.063728596855828,-0.0541393262148873,-4.649070426826453e-05,0.16696673621860128,0.14570717528586113,-4.649070431992247e-05,-0.01370834149737664,0.0028493700862114845,4.649070425760226e-05,-0.1927415208790554,-0.14338828059197783,-4.64907042682876e-05,0.03803746718202443,0.032132029897539126,4.649070426788636e-05,1.935561034683789e-17,1.9071802880258629e-16
291.58,"[0.06062, 0.0456, 0.4042849414249187]",0.0456,0.4042849414249187,4.6490704248391046e-05,-0.063728596855828,-0.0541393262148873,-4.649070424722338e-05,0.16696673621860128,0.14570717528586113,-4.649070429534604e-05,-0.01370834149737664,0.0028493700862114845,4.649070423742527e-05,-0.1927415208790554,-0.14338828059197783,-4.649070424714753e-05,0.03803746718202443,0.032132029897539126,4.64907042484667e-05,1.935561034683789e-17,1.9071802880258629e-16
291.6,"[0.06062, 0.0456, 0.4042849414249187]",0.0456,0.4042849414249187,4.649070422523906e-05,-0.063728596855828,-0.0541393262148873,-4.649070422561872e-05,0.16696673621860128,0.14570717528586113,-4.6490704272000084e-05,-0.01370834149737664,0.0028493700862114845,4.649070421364929e-05,-0.1927415208790554,-0.14338828059197783,-4.64907042256434e-05,0.03803746718202443,0.032132029897539126,4.6490704225214524e-05,1.935561034683789e-17,1.9071802880258629e-16
291.62,"[0.06062, 0.0456, 0.4036136303820416]",0.0456,0.4036136303820416,4.649070420142904e-05,-0.06521252261191304,-0.054651985206238256,-4.6490704201897726e-05,0.17030017895919772,0.14684363243759405,-4.649070424592648e-05,-0.016449538351887852,0.001965042825524879,4.649070418970744e-05,-0.20060986394298294,-0.14602563362119114,-4.6490704201928056e-05,0.03895921637244309,0.032447712120695575,4.649070420139828e-05,1.9278878898743493e-17,1.9691243664292635e-16
291.64,"[0.06062, 0.0456, 0.4036136303820416]",0.0456,0.4036136303820416,4.6490704178795804e-05,-0.06521252261191304,-0.0552173025628974,-4.649070417881392e-05,0.17030017895919772,0.14809905466698645,-4.6490704219880466e-05,-0.016449538351887852,0.0009805215816976875,4.649070416656579e-05,-0.20060986394298294,-0.14894598100476486,-4.6490704178815055e-05,0.03895921637244309,0.0327962299949,4.649070417879449e-05,1.9278878898743493e-17,2.081375026211037e-16
291.66,"[0.06062, 0.0456, 0.4029092849072978]",0.0456,0.4029092849072978,4.649070415573371e-05,-0.06674751830332903,-0.0552173025628974,-4.649070415449849e-05,0.1737612153554007,0.14809905466698645,-4.649070419209483e-05,-0.01931667053900757,0.0009805215816976875,4.649070414310617e-05,-0.20878815273587273,-0.14894598100476486,-4.649070415441835e-05,0.039914402686283566,0.0327962299949,4.649070415581363e-05,1.9345187764644906e-17,2.081375026211037e-16
291.68,"[0.06062, 0.0456, 0.4029092849072978]",0.0456,0.4029092849072978,4.649070412878603e-05,-0.06674751830332903,-0.0558304225704589,-4.649070412921048e-05,0.1737612153554007,0.14946333186874053,-4.649070416462957e-05,-0.01931667053900757,-9.739140605705696e-05,4.6490704115348225e-05,-0.20878815273587273,-0.1521262896172237,-4.649070412923802e-05,0.039914402686283566,0.03317467969622831,4.6490704128758464e-05,1.9345187764644906e-17,2.1180344442362347e-16
291.7,"[0.06062, 0.0456, 0.4029092849072978]",0.0456,0.4029092849072978,4.6490704103777294e-05,-0.06674751830332903,-0.0558304225704589,-4.649070410246815e-05,0.1737612153554007,0.14946333186874053,-4.64907041341129e-05,-0.01931667053900757,-9.739140605705696e-05,4.649070409019364e-05,-0.20878815273587273,-0.1521262896172237,-4.6490704102383396e-05,0.039914402686283566,0.03317467969622831,4.649070410386215e-05,1.9345187764644906e-17,2.1180344442362347e-16
291.72,"[0.06062, 0.0456, 0.4021726001046343]",0.0456,0.4021726001046343,4.649070407450164e-05,-0.06832967411723076,-0.05649392850976968,-4.6490704074947626e-05,0.17734205329172623,0.1509428508515438,-4.6490704104090445e-05,-0.022305853792814707,-0.001274755441438368,4.649070405990261e-05,-0.21725970923041862,-0.15558182395141468,-4.649070407497652e-05,0.04090075903818633,0.033584739546438834,4.649070407447294e-05,1.9271142852395236e-17,2.159514141625446e-16
291.74,"[0.06062, 0.0456, 0.4021726001046343]",0.0456,0.4021726001046343,4.6490704047641974e-05,-0.06832967411723076,-0.05649392850976968,-4.649070404621384e-05,0.17734205329172623,0.1509428508515438,-4.6490704071514934e-05,-0.022305853792814707,-0.001274755441438368,4.6490704033145324e-05,-0.21725970923041862,-0.15558182395141468,-4.649070404612121e-05,0.04090075903818633,0.033584739546438834,4.6490704047734626e-05,1.9271142852395236e-17,2.159514141625446e-16
291.76,"[0.06062, 0.0456, 0.4014043029930101]",0.0456,0.4014043029930101,4.649070401601239e-05,-0.06995512090464451,-0.05720808372421327,-4.6490704016482105e-05,0.18103484257538277,0.1525388598895537,-4.6490704038921485e-05,-0.025413106381030302,-0.0025536793939533097,4.6490704000220835e-05,-0.22600784040302094,-0.15931597063580927,-4.649070401651246e-05,0.04191603044262307,0.0340266612818576,4.649070401598208e-05,1.9316897920433394e-17,2.2163968558371222e-16
291.78,"[0.06062, 0.0456, 0.4014043029930101]",0.0456,0.4014043029930101,4.6490703987224144e-05,-0.06995512090464451,-0.05720808372421327,-4.649070398568327e-05,0.18103484257538277,0.1525388598895537,-4.649070400420046e-05,-0.025413106381030302,-0.0025536793939533097,4.649070397177579e-05,-0.22600784040302094,-0.15931597063580927,-4.649070398558361e-05,0.04191603044262307,0.0340266612818576,4.649070398732431e-05,1.9316897920433394e-17,2.2163968558371222e-16
291.8,"[0.06062, 0.0456, 0.4014043029930101]",0.0456,0.4014043029930101,4.6490703953079196e-05,-0.06995512090464451,-0.05788940631492886,-4.6490703953578566e-05,0.18103484257538277,0.1540616544349578,-4.649070396881529e-05,-0.025413106381030302,-0.0037743920239462574,4.6490703936005613e-05,-0.22600784040302094,-0.1628791930766086,-4.649070395361113e-05,0.04191603044262307,0.03444829304903665,4.6490703953047124e-05,1.9316897920433394e-17,2.289408192428402e-16
291.82,"[0.06062, 0.0456, 0.4006051517889169]",0.0456,0.4006051517889169,4.6490703921449495e-05,-0.0716200465343587,-0.05788940631492886,-4.649070392004486e-05,0.18483170496254347,0.1540616544349578,-4.649070393118321e-05,-0.028634360306365222,-0.0037743920239462574,4.649070390474122e-05,-0.23501590173573136,-0.1628791930766086,-4.6490703919954075e-05,0.042957983222915205,0.03444829304903665,4.649070392154084e-05,1.9333716412878725e-17,2.289408192428402e-16
291.84,"[0.06062, 0.0456, 0.4006051517889169]",0.0456,0.4006051517889169,4.649070388484107e-05,-0.0716200465343587,-0.05862073522808256,-4.6490703885373236e-05,0.18483170496254347,0.1557000971896464,-4.649070389306432e-05,-0.028634360306365222,-0.005096974566880732,4.649070386665729e-05,-0.23501590173573136,-0.1667194424587289,-4.649070388540772e-05,0.042957983222915205,0.034901468761196035,4.649070388480651e-05,1.9333716412878725e-17,2.2963937094852737e-16
291.86,"[0.06062, 0.0456, 0.3997759351581104]",0.0456,0.3997759351581104,4.649070385166142e-05,-0.07332071009906371,-0.05862073522808256,-4.649070385013008e-05,0.18872476203141836,0.1557000971896464,-4.6490703853784024e-05,-0.03196547210491969,-0.005096974566880732,4.649070383422167e-05,-0.24426735397819507,-0.1667194424587289,-4.649070385003071e-05,0.044024413128901894,0.034901468761196035,4.649070385176071e-05,1.8700179860592962e-17,2.2963937094852737e-16
291.88,"[0.06062, 0.0456, 0.3997759351581104]",0.0456,0.3997759351581104,4.6490703813027705e-05,-0.07332071009906371,-0.059416087838075185,-4.6490703813573025e-05,0.18872476203141836,0.15748619760571395,-4.6490703813426055e-05,-0.03196547210491969,-0.0065483639986879325,4.649070379379976e-05,-0.24426735397819507,-0.17091225500269047,-4.649070381360838e-05,0.044024413128901894,0.035394958949378004,4.649070381299202e-05,1.8700179860592962e-17,2.6164804534484885e-16
291.9,"[0.06062, 0.0456, 0.3997759351581104]",0.0456,0.3997759351581104,4.649070377772796e-05,-0.07332071009906371,-0.059416087838075185,-4.64907037778026e-05,0.18872476203141836,0.15748619760571395,-4.6490703772971266e-05,-0.03196547210491969,-0.0065483639986879325,4.6490703757470204e-05,-0.24426735397819507,-0.17091225500269047,-4.649070377780721e-05,0.044024413128901894,0.035394958949378004,4.649070377772317e-05,1.8700179860592962e-17,2.6164804534484885e-16
291.92,"[0.06062, 0.0456, 0.3989174714372926]",0.0456,0.3989174714372926,4.649070373454973e-05,-0.07505345404512885,-0.060251331434828616,-4.649070373530307e-05,0.19270616087619327,0.1593666947136752,-4.6490703726137005e-05,-0.03540223317820808,-0.008087271799371187,4.649070371351163e-05,-0.25374581328034107,-0.17533380651530142,-4.6490703735352e-05,0.04511315239206351,0.03591392908744505,4.649070373450112e-05,1.916316551539088e-17,2.6836060116453306e-16
291.94,"[0.06062, 0.0456, 0.3989174714372926]",0.0456,0.3989174714372926,4.649070369664189e-05,-0.07505345404512885,-0.060251331434828616,-4.6490703696723915e-05,0.19270616087619327,0.1593666947136752,-4.649070368274281e-05,-0.03540223317820808,-0.008087271799371187,4.6490703674870865e-05,-0.25374581328034107,-0.17533380651530142,-4.649070369672891e-05,0.04511315239206351,0.03591392908744505,4.649070369663626e-05,1.916316551539088e-17,2.6836060116453306e-16
291.96,"[0.06062, 0.0456, 0.39803060782651245]",0.0456,0.39803060782651245,4.649070365029923e-05,-0.0768147143269619,-0.06104592174789924,-4.649070365107427e-05,0.19676809763331302,0.1611559176206682,-4.649070363252738e-05,-0.03894037960600456,-0.009552080019495562,4.649070362780171e-05,-0.263435094907729,-0.17954116158514724,-4.649070365112463e-05,0.04622207576261205,0.036407678885094795,4.6490703650248986e-05,1.9388110610095195e-17,2.7253224527700136e-16
291.98,"[0.06062, 0.0456, 0.39803060782651245]",0.0456,0.39803060782651245,4.649070360934179e-05,-0.0768147143269619,-0.06104592174789924,-4.6490703609473375e-05,0.19676809763331302,0.1611559176206682,-4.649070358605334e-05,-0.03894037960600456,-0.009552080019495562,4.6490703586341746e-05,-0.263435094907729,-0.17954116158514724,-4.649070360948206e-05,0.04622207576261205,0.036407678885094795,4.6490703609333405e-05,1.9388110610095195e-17,2.7253224527700136e-16
292.0,"[0.06062, 0.0456, 0.39803060782651245]",0.0456,0.39803060782651245,4.6490703560723695e-05,-0.0768147143269619,-0.06188866952720748,-4.6490703561505026e-05,0.19676809763331302,0.16305853211144045,-4.649070353349562e-05,-0.03894037960600456,-0.011120713136939027,4.649070353723949e-05,-0.263435094907729,-0.18402228881644977,-4.649070356155562e-05,0.04622207576261205,0.036932101489434994,4.649070356067302e-05,1.9388110610095195e-17,2.676413444734537e-16
292.02,"[0.06062, 0.0456, 0.3971162195530814]",0.0456,0.3971162195530814,4.6490703518745535e-05,-0.07860102870911283,-0.06279611366553263,-4.6490703518844204e-05,0.2009028388831058,0.1651124053164362,-4.6490703485941325e-05,-0.04257560139793828,-0.012825600858464573,4.64907034948807e-05,-0.2733192508316982,-0.1888671144659977,-4.649070351885086e-05,0.04734910558513863,0.037497571228871304,4.649070351873913e-05,1.9662748880027228e-17,3.045074441198366e-16
292.04,"[0.06062, 0.0456, 0.3971162195530814]",0.0456,0.3971162195530814,4.6490703475131836e-05,-0.07860102870911283,-0.06279611366553263,-4.6490703473262346e-05,0.2009028388831058,0.1651124053164362,-4.649070343579524e-05,-0.04257560139793828,-0.012825600858464573,4.649070345253421e-05,-0.2733192508316982,-0.1888671144659977,-4.6490703473140976e-05,0.04734910558513863,0.037497571228871304,4.6490703475252636e-05,1.9662748880027228e-17,3.045074441198366e-16
292.06,"[0.06062, 0.0456, 0.39617520900783]",0.0456,0.39617520900783,4.649070342259248e-05,-0.08040904335482014,-0.06373930344409687,-4.6490703423330316e-05,0.20510274099554185,0.1672529817882152,-4.64907033795355e-05,-0.046303551152367534,-0.01461546953466802,4.649070339630429e-05,-0.2833826015472602,-0.19392488957201703,-4.649070342337829e-05,0.04849221597815304,0.03808620117096496,4.6490703422544846e-05,1.9306651497774174e-17,3.0725754902275357e-16
292.08,"[0.06062, 0.0456, 0.39617520900783]",0.0456,0.39617520900783,4.649070334898395e-05,-0.08040904335482014,-0.06373930344409687,-4.6490703349108824e-05,0.20510274099554185,0.1672529817882152,-4.649070329731306e-05,-0.046303551152367534,-0.01461546953466802,4.649070332215748e-05,-0.2833826015472602,-0.19392488957201703,-4.649070334911678e-05,0.04849221597815304,0.03808620117096496,4.649070334897555e-05,1.9306651497774174e-17,3.0725754902275357e-16
292.1,"[0.06062, 0.0456, 0.39617520900783]",0.0456,0.39617520900783,4.649070332038357e-05,-0.08040904335482014,-0.06465407032176526,-4.6490703321131976e-05,0.20510274099554185,0.16932920985450878,-4.649070326630751e-05,-0.046303551152367534,-0.01635188543018403,4.6490703292674644e-05,-0.2833826015472602,-0.1988308525443674,-4.649070332118056e-05,0.04849221597815304,0.038657116855794996,4.649070332033471e-05,1.9306651497774174e-17,3.560795366258167e-16
292.12,"[0.06062, 0.0456, 0.39520850485455666]",0.0456,0.39520850485455666,4.649070327028896e-05,-0.0822355178492971,-0.06465407032176526,-4.649070327050711e-05,0.20936026750925718,0.16932920985450878,-4.649070320962036e-05,-0.05011985210122787,-0.01635188543018403,4.6490703241630826e-05,-0.29360976251470616,-0.1988308525443674,-4.6490703270521236e-05,0.04964943618861786,0.038657116855794996,4.649070327027462e-05,1.9641883773205595e-17,3.560795366258167e-16
292.14,"[0.06062, 0.0456, 0.39520850485455666]",0.0456,0.39520850485455666,4.64907032088564e-05,-0.0822355178492971,-0.0656008940894847,-4.6490703209825565e-05,0.20936026750925718,0.17148412226452825,-4.649070314290806e-05,-0.05011985210122787,-0.018167614829113363,4.6490703179327744e-05,-0.29360976251470616,-0.20393156559894088,-4.649070320988842e-05,0.04964943618861786,0.03924895400194434,4.649070320879343e-05,1.9641883773205595e-17,3.4841554434236114e-16
292.16,"[0.06062, 0.0456, 0.39421706111354915]",0.0456,0.39421706111354915,4.6490703156908564e-05,-0.0840773288105687,-0.0656008940894847,-4.649070315710366e-05,0.2136680046482738,0.17148412226452825,-4.6490703084392956e-05,-0.05402010552910358,-0.018167614829113363,4.649070312713921e-05,-0.3039856656482975,-0.20393156559894088,-4.649070315711612e-05,0.05081885319574915,0.03924895400194434,4.649070315689562e-05,1.9788618849856607e-17,3.4841554434236114e-16
292.18,"[0.06062, 0.0456, 0.39421706111354915]",0.0456,0.39421706111354915,4.6490703093279036e-05,-0.0840773288105687,-0.06659108220727418,-4.6490703094231846e-05,0.2136680046482738,0.17374383980035393,-4.649070301543505e-05,-0.05402010552910358,-0.020085893453827098,4.649070306278445e-05,-0.3039856656482975,-0.20928979152985908,-4.649070309429376e-05,0.05081885319574915,0.039868852906211734,4.649070309321722e-05,1.9788618849856607e-17,3.3520542269080017e-16
292.2,"[0.06062, 0.0456, 0.39421706111354915]",0.0456,0.39421706111354915,4.6490703040648596e-05,-0.0840773288105687,-0.06659108220727418,-4.6490703040801455e-05,0.2136680046482738,0.17374383980035393,-4.649070295628002e-05,-0.05402010552910358,-0.020085893453827098,4.649070301008783e-05,-0.3039856656482975,-0.20928979152985908,-4.649070304081156e-05,0.05081885319574915,0.039868852906211734,4.649070304063885e-05,1.9788618849856607e-17,3.3520542269080017e-16
292.22,"[0.06062, 0.0456, 0.3932018562200814]",0.0456,0.3932018562200814,4.649070297513163e-05,-0.0859314722409245,-0.06762508965945876,-4.649070297608381e-05,0.21801867509156944,0.1761098661750649,-4.6490702885283164e-05,-0.05799989756352938,-0.022109525313135557,4.6490702943773e-05,-0.3144955762892673,-0.2149102930795,-4.649070297614567e-05,0.05199861363933298,0.04051718706498123,4.649070297506997e-05,1.9919331730204074e-17,3.241305109378201e-16
292.24,"[0.06062, 0.0456, 0.3932018562200814]",0.0456,0.3932018562200814,4.6490702921921445e-05,-0.0859314722409245,-0.06762508965945876,-4.6490702922048466e-05,0.21801867509156944,0.1761098661750649,-4.6490702825502295e-05,-0.05799989756352938,-0.022109525313135557,4.649070289056165e-05,-0.3144955762892673,-0.2149102930795,-4.649070292205682e-05,0.05199861363933298,0.04051718706498123,4.6490702921913076e-05,1.9919331730204074e-17,3.241305109378201e-16
292.26,"[0.06062, 0.0456, 0.3921638920588161]",0.0456,0.3921638920588161,4.649070285435147e-05,-0.08779506476888761,-0.06860887372964351,-4.6490702855316744e-05,0.22240515011737305,0.17836133636944543,-4.649070275221e-05,-0.06205480534141386,-0.02403602815138551,4.6490702822040485e-05,-0.3251251061029691,-0.22025923161406488,-4.6490702855379384e-05,0.05318692514699064,0.04113408781581508,4.649070285428863e-05,2.0315285982397856e-17,3.16679248338374e-16
292.28,"[0.06062, 0.0456, 0.3921638920588161]",0.0456,0.3921638920588161,4.649070279874258e-05,-0.08779506476888761,-0.06965595149054297,-4.6490702798921236e-05,0.22240515011737305,0.18076382623985385,-4.649070269001889e-05,-0.06205480534141386,-0.026107045174454876,4.649070276658594e-05,-0.3251251061029691,-0.2259775154253624,-4.649070279893275e-05,0.05318692514699064,0.04179167802897828,4.649070279873087e-05,2.0315285982397856e-17,3.598383668153652e-16
292.3,"[0.06062, 0.0456, 0.3921638920588161]",0.0456,0.3921638920588161,4.6490702729731526e-05,-0.08779506476888761,-0.06965595149054297,-4.6490702730697496e-05,0.22240515011737305,0.18076382623985385,-4.6490702615273814e-05,-0.06205480534141386,-0.026107045174454876,4.6490702696852445e-05,-0.3251251061029691,-0.2259775154253624,-4.649070273075985e-05,0.05318692514699064,0.04179167802897828,4.649070272966901e-05,2.0315285982397856e-17,3.598383668153652e-16
292.32,"[0.06062, 0.0456, 0.39110419297506543]",0.0456,0.39110419297506543,4.649070267448342e-05,-0.08966534392574606,-0.07073849038013792,-4.649070267461454e-05,0.22682046024726124,0.18325437049382998,-4.649070255343864e-05,-0.06618040256338492,-0.02827111166587134,4.649070264181891e-05,-0.33586022233333085,-0.2319174763803294,-4.6490702674622654e-05,0.05438205713258212,0.04247264417558568,4.6490702674474945e-05,1.983443605748299e-17,3.891674433317404e-16
292.34,"[0.06062, 0.0456, 0.39110419297506543]",0.0456,0.39110419297506543,4.649070261621446e-05,-0.08966534392574606,-0.07073849038013792,-4.6490702614073636e-05,0.22682046024726124,0.18325437049382998,-4.649070248875363e-05,-0.06618040256338492,-0.02827111166587134,4.649070258725171e-05,-0.33586022233333085,-0.2319174763803294,-4.649070261393475e-05,0.05438205713258212,0.04247264417558568,4.649070261635315e-05,1.983443605748299e-17,3.891674433317404e-16
292.36,"[0.06062, 0.0456, 0.39002380476388604]",0.0456,0.39002380476388604,4.649070254449594e-05,-0.09153966759287271,-0.0718547479352794,-4.649070254540366e-05,0.23125780451541597,0.18582917760527595,-4.6490702409637965e-05,-0.07037226445381431,-0.030526264160642247,4.649070250854384e-05,-0.34668725383388893,-0.23807133469578234,-4.6490702545462185e-05,0.055582341134603926,0.04317595293009654,4.649070254443653e-05,1.9422303733372477e-17,3.79696243530661e-16
292.38,"[0.06062, 0.0456, 0.39002380476388604]",0.0456,0.39002380476388604,4.649070248285325e-05,-0.09153966759287271,-0.0718547479352794,-4.649070248070662e-05,0.23125780451541597,0.18582917760527595,-4.649070234194413e-05,-0.07037226445381431,-0.030526264160642247,4.649070245300825e-05,-0.34668725383388893,-0.23807133469578234,-4.649070248056774e-05,0.055582341134603926,0.04317595293009654,4.649070248299255e-05,1.9422303733372477e-17,3.79696243530661e-16
292.4,"[0.06062, 0.0456, 0.39002380476388604]",0.0456,0.39002380476388604,4.649070240855332e-05,-0.09153966759287271,-0.0729151766135158,-4.649070240945958e-05,0.23125780451541597,0.18827562246255244,-4.6490702259718466e-05,-0.07037226445381431,-0.03267004569767144,4.649070237132494e-05,-0.34668725383388893,-0.24391914818887608,-4.649070240951848e-05,0.055582341134603926,0.04384415464923547,4.649070240849454e-05,1.9422303733372477e-17,3.6651906152483437e-16
292.421,"[0.06062, 0.0456, 0.38892379363800555]",0.0456,0.38892379363800555,4.649070230716444e-05,-0.09341551274684644,-0.0729151766135158,-4.6490702307391086e-05,0.23571055848623684,0.18827562246255244,-4.64907021480344e-05,-0.07462597214926579,-0.03267004569767144,4.6490702270536276e-05,-0.3575928942752559,-0.24391914818887608,-4.649070230740595e-05,0.05678617075932171,0.04384415464923547,4.649070230714997e-05,1.944523134667656e-17,3.6651906152483437e-16
292.44,"[0.06062, 0.0456, 0.38892379363800555]",0.0456,0.38892379363800555,4.649070226752804e-05,-0.09341551274684644,-0.07403682887267315,-4.649070226843322e-05,0.23571055848623684,0.19086967240922018,-4.649070210477444e-05,-0.07462597214926579,-0.03496102744195921,4.649070222959651e-05,-0.3575928942752559,-0.25013307729176604,-4.649070226849185e-05,0.05678617075932171,0.0445520427436027,4.649070226746947e-05,1.944523134667656e-17,4.159789795396223e-16
292.46,"[0.06062, 0.0456, 0.3878052451755993]",0.0456,0.3878052451755993,4.6490702203890165e-05,-0.09529047361931132,-0.07403682887267315,-4.6490702204133786e-05,0.24017228113938988,0.19086967240922018,-4.649070203352852e-05,-0.07893711654219167,-0.03496102744195921,4.6490702165561836e-05,-0.3685642029055267,-0.25013307729176604,-4.649070220414934e-05,0.05799200128873203,0.0445520427436027,4.649070220387418e-05,1.9846811797284933e-17,4.159789795396223e-16
292.48,"[0.06062, 0.0456, 0.3878052451755993]",0.0456,0.3878052451755993,4.649070211982455e-05,-0.09529047361931132,-0.07518116733396465,-4.649070212096715e-05,0.24017228113938988,0.1935229987923393,-4.649070194193092e-05,-0.07893711654219167,-0.03732431725896397,4.649070208000031e-05,-0.3685642029055267,-0.2565042029614399,-4.6490702121041114e-05,0.05799200128873203,0.045275464972291665,4.6490702119750636e-05,1.9846811797284933e-17,3.962686422210999e-16
292.5,"[0.06062, 0.0456, 0.3878052451755993]",0.0456,0.3878052451755993,4.649070205488826e-05,-0.09529047361931132,-0.07518116733396465,-4.6490702055121175e-05,0.24017228113938988,0.1935229987923393,-4.649070186965842e-05,-0.07893711654219167,-0.03732431725896397,4.6490702015630296e-05,-0.3685642029055267,-0.2565042029614399,-4.6490702055136184e-05,0.05799200128873203,0.045275464972291665,4.649070205487352e-05,1.9846811797284933e-17,3.962686422210999e-16
292.52,"[0.06062, 0.0456, 0.38666926324895556]",0.0456,0.38666926324895556,4.649070196880532e-05,-0.0971622593779749,-0.07636025846992478,-4.64907019699307e-05,0.24463672073570525,0.19626355150046054,-4.6490701775925014e-05,-0.08330130160989754,-0.03978586663599859,4.649070192811358e-05,-0.37958860321406823,-0.26310087308166014,-4.649070197000343e-05,0.05919834900848782,0.04602208342226232,4.649070196873268e-05,1.9970750737384636e-17,3.6951422587630164e-16
292.54,"[0.06062, 0.0456, 0.38666926324895556]",0.0456,0.38666926324895556,4.649070190383191e-05,-0.0971622593779749,-0.07636025846992478,-4.6490701904028664e-05,0.24463672073570525,0.19626355150046054,-4.649070170373876e-05,-0.08330130160989754,-0.03978586663599859,4.649070186389559e-05,-0.37958860321406823,-0.26310087308166014,-4.64907019040417e-05,0.05919834900848782,0.04602208342226232,4.6490701903819427e-05,1.9970750737384636e-17,3.6951422587630164e-16
292.56,"[0.06062, 0.0456, 0.38551696893508725]",0.0456,0.38551696893508725,4.649070181586472e-05,-0.09902869142453886,-0.07750418114279493,-4.6490701816984706e-05,0.24909781977058046,0.1989225523131094,-4.6490701607882256e-05,-0.08771414726126359,-0.042174719693957405,4.6490701774326866e-05,-0.3906538798217055,-0.26950166436534206,-4.6490701817057374e-05,0.06040379030583481,0.04674646656976681,4.649070181579229e-05,1.9496483247663746e-17,4.3745612443908797e-16
292.58,"[0.06062, 0.0456, 0.38551696893508725]",0.0456,0.38551696893508725,4.649070174875524e-05,-0.09902869142453886,-0.07750418114279493,-4.649070174897668e-05,0.24909781977058046,0.1989225523131094,-4.649070153358523e-05,-0.08771414726126359,-0.042174719693957405,4.649070170815509e-05,-0.3906538798217055,-0.26950166436534206,-4.649070174899122e-05,0.06040379030583481,0.04674646656976681,4.64907017487409e-05,1.9496483247663746e-17,4.3745612443908797e-16
292.6,"[0.06062, 0.0456, 0.38551696893508725]",0.0456,0.38551696893508725,4.6490701659596545e-05,-0.09902869142453886,-0.0786509996289263,-4.6490701660707384e-05,0.24909781977058046,0.20159500713612286,-4.6490701436593064e-05,-0.08771414726126359,-0.04459760525501119,4.649070161763575e-05,-0.3906538798217055,-0.2759524482952503,-4.6490701660779165e-05,0.06040379030583481,0.04747396469216605,4.64907016595248e-05,1.9496483247663746e-17,3.654522942488366e-16
292.62,"[0.06062, 0.0456, 0.38434949940936397]",0.0456,0.38434949940936397,4.649070159292148e-05,-0.10088770039487735,-0.0786509996289263,-4.6490701593133576e-05,0.25354971911390545,0.20159500713612286,-4.6490701362915706e-05,-0.0921712917354107,-0.04459760525501119,4.649070155206797e-05,-0.40174817389209405,-0.2759524482952503,-4.649070159314731e-05,0.061606960582519917,0.04747396469216605,4.649070159290761e-05,2.023401512013247e-17,3.654522942488366e-16
292.64,"[0.06062, 0.0456, 0.38434949940936397]",0.0456,0.38434949940936397,4.6490701502847914e-05,-0.10088770039487735,-0.07984142152690493,-4.649070150394874e-05,0.25354971911390545,0.20437528108786793,-4.6490701264829e-05,-0.0921712917354107,-0.0471399696064383,4.649070146049606e-05,-0.40174817389209405,-0.2826814342041166,-4.649070150402037e-05,0.061606960582519917,0.048230357975945125,4.649070150277678e-05,2.023401512013247e-17,3.247008499459504e-16
292.66,"[0.06062, 0.0456, 0.3831680068232573]",0.0456,0.3831680068232573,4.6490701437232344e-05,-0.10273732293670129,-0.08108970115838991,-4.6490701437409564e-05,0.25798676142742427,0.2072966975088584,-4.649070119230412e-05,-0.09666839358765413,-0.04983389282870036,4.6490701396042385e-05,-0.41285997733112695,-0.2897710805128311,-4.649070143742152e-05,0.06280655302267445,0.04902476082363186,4.649070143722084e-05,2.049838589546907e-17,3.946477404409298e-16
292.68,"[0.06062, 0.0456, 0.3831680068232573]",0.0456,0.3831680068232573,4.649070136677515e-05,-0.10273732293670129,-0.08108970115838991,-4.6490701364394436e-05,0.25798676142742427,0.2072966975088584,-4.649070111724253e-05,-0.09666839358765413,-0.04983389282870036,4.6490701333489924e-05,-0.41285997733112695,-0.2897710805128311,-4.649070136423968e-05,0.06280655302267445,0.04902476082363186,4.649070136692943e-05,2.049838589546907e-17,3.946477404409298e-16
292.7,"[0.06062, 0.0456, 0.3831680068232573]",0.0456,0.3831680068232573,4.6490701275518135e-05,-0.10273732293670129,-0.08226068217966515,-4.649070127654368e-05,0.25798676142742427,0.2100378134794999,-4.649070101282664e-05,-0.09666839358765413,-0.052363621691285694,4.649070122943756e-05,-0.41285997733112695,-0.2964248693422803,-4.649070127661009e-05,0.06280655302267445,0.04977008990962583,4.649070127545126e-05,2.049838589546907e-17,3.765674825287874e-16
292.72,"[0.06062, 0.0456, 0.3819736571673064]",0.0456,0.3819736571673064,4.6490701198039096e-05,-0.10457569833036884,-0.08226068217966515,-4.6490701195966e-05,0.2624034939420167,0.2100378134794999,-4.6490700931486644e-05,-0.10120113329867012,-0.052363621691285694,4.64907011626325e-05,-0.42397812601384927,-0.2964248693422803,-4.64907011958315e-05,0.06400131725090195,0.04977008990962583,4.6490701198173436e-05,2.070709418978503e-17,3.765674825287874e-16
292.74,"[0.06062, 0.0456, 0.3819736571673064]",0.0456,0.3819736571673064,4.6490701104282036e-05,-0.10457569833036884,-0.08346127144232857,-4.649070110530194e-05,0.2624034939420167,0.21285418867720307,-4.6490700825048436e-05,-0.10120113329867012,-0.05498659953366785,4.649070105751923e-05,-0.42397812601384927,-0.30328197845399396,-4.6490701105368366e-05,0.06400131725090195,0.05053555211099766,4.649070110421612e-05,2.070709418978503e-17,3.261619118804155e-16
292.76,"[0.06062, 0.0456, 0.3807676291204261]",0.0456,0.3807676291204261,4.649070102748298e-05,-0.10640106500954115,-0.08346127144232857,-4.6490701025308526e-05,0.2667946706688837,0.21285418867720307,-4.649070074538821e-05,-0.10576521454297597,-0.05498659953366785,4.649070099273536e-05,-0.4350917922521442,-0.30328197845399396,-4.64907010251674e-05,0.06519005791130153,0.05053555211099766,4.6490701027623447e-05,2.0760493839748768e-17,3.261619118804155e-16
292.78,"[0.06062, 0.0456, 0.3807676291204261]",0.0456,0.3807676291204261,4.6490700933503355e-05,-0.10640106500954115,-0.08469224304074362,-4.6490700934491144e-05,0.2667946706688837,0.21574763399372812,-4.6490700638036856e-05,-0.10576521454297597,-0.05770632568674239,4.649070088639398e-05,-0.4350917922521442,-0.31034890295247863,-4.649070093455535e-05,0.06519005791130153,0.0513217019632318,4.649070093343944e-05,2.0760493839748768e-17,2.7741054989441275e-16
292.8,"[0.06062, 0.0456, 0.3807676291204261]",0.0456,0.3807676291204261,4.649070085752419e-05,-0.10640106500954115,-0.08469224304074362,-4.649070085526346e-05,0.2667946706688837,0.21574763399372812,-4.649070055999869e-05,-0.10576521454297597,-0.05770632568674239,4.649070082344363e-05,-0.4350917922521442,-0.31034890295247863,-4.6490700855116534e-05,0.06519005791130153,0.0513217019632318,4.649070085767045e-05,2.0760493839748768e-17,2.7741054989441275e-16
292.82,"[0.06062, 0.0456, 0.3795511128866932]",0.0456,0.3795511128866932,4.6490700762982503e-05,-0.10821175703009578,-0.0859524207369637,-4.6490700763955426e-05,0.27115525411017444,0.21871531197233499,-4.649070045121965e-05,-0.11035636515261263,-0.06052185383665303,4.649070071535863e-05,-0.44619047669158624,-0.3176207697876786,-4.649070076401815e-05,0.06637163319393201,0.05212784052299446,4.649070076291933e-05,2.0823092653082902e-17,2.350263451114759e-16
292.84,"[0.06062, 0.0456, 0.3795511128866932]",0.0456,0.3795511128866932,4.649070068737913e-05,-0.10821175703009578,-0.0859524207369637,-4.6490700685051196e-05,0.27115525411017444,0.21871531197233499,-4.649070037431035e-05,-0.11035636515261263,-0.06052185383665303,4.649070065379121e-05,-0.44619047669158624,-0.3176207697876786,-4.6490700684900194e-05,0.06637163319393201,0.05212784052299446,4.6490700687530374e-05,2.0823092653082902e-17,2.350263451114759e-16
292.86,"[0.06062, 0.0456, 0.37832530902075856]",0.0456,0.37832530902075856,4.649070059174634e-05,-0.11000620052812378,-0.08717521420557682,-4.649070059271643e-05,0.27548041652635974,0.22159511259930956,-4.649070026346373e-05,-0.11497033781144606,-0.06325469542171543,4.649070054337116e-05,-0.4572639998026414,-0.32467791276120345,-4.649070059277921e-05,0.06754495333133398,0.05291010071417056,4.649070059168385e-05,2.0968497484487467e-17,3.2374086598736055e-16
292.88,"[0.06062, 0.0456, 0.37832530902075856]",0.0456,0.37832530902075856,4.6490700513704075e-05,-0.11000620052812378,-0.08717521420557682,-4.6490700511491245e-05,0.27548041652635974,0.22159511259930956,-4.649070018390574e-05,-0.11497033781144606,-0.06325469542171543,4.64907004791339e-05,-0.4572639998026414,-0.32467791276120345,-4.649070051134791e-05,0.06754495333133398,0.05291010071417056,4.6490700513847786e-05,2.0968497484487467e-17,3.2374086598736055e-16
292.9,"[0.06062, 0.0456, 0.37832530902075856]",0.0456,0.37832530902075856,4.6490700416477994e-05,-0.11000620052812378,-0.08841643083143752,-4.649070041745129e-05,0.27548041652635974,0.2245236273245346,-4.649070007157974e-05,-0.11497033781144606,-0.06606079031238238,4.649070036761672e-05,-0.4572639998026414,-0.3318795168778879,-4.649070041751415e-05,0.06754495333133398,0.05370549755161463,4.649070041641486e-05,2.0968497484487467e-17,3.5324255768069207e-16
292.92,"[0.06062, 0.0456, 0.3770914272430447]",0.0456,0.3770914272430447,4.6490700342434826e-05,-0.11178291020095218,-0.08841643083143752,-4.649070034272447e-05,0.27976554080969823,0.2245236273245346,-4.649069998969894e-05,-0.1196029105147736,-0.06606079031238238,4.64907002940452e-05,-0.4683024931098108,-0.3318795168778879,-4.649070034274352e-05,0.06870897908414104,0.05370549755161463,4.649070034241662e-05,2.141256872750636e-17,3.5324255768069207e-16
292.94,"[0.06062, 0.0456, 0.3770914272430447]",0.0456,0.3770914272430447,4.649070023213342e-05,-0.11178291020095218,-0.08967556152572842,-4.649070023336482e-05,0.27976554080969823,0.2274994183585236,-4.6490699868723424e-05,-0.1196029105147736,-0.0689401386050415,4.649070018095134e-05,-0.4683024931098108,-0.33922389366445804,-4.6490700233444454e-05,0.06870897908414104,0.05451373165973229,4.6490700232053694e-05,2.141256872750636e-17,3.029929833132069e-16
292.96,"[0.06062, 0.0456, 0.375850685245898]",0.0456,0.375850685245898,4.649070015758281e-05,-0.11354048583894281,-0.08967556152572842,-4.649070015785973e-05,0.28400622100556344,0.2274994183585236,-4.649069978725153e-05,-0.12424988682805621,-0.0689401386050415,4.649070010860042e-05,-0.47929639028255144,-0.33922389366445804,-4.649070015787753e-05,0.069862720231565,0.05451373165973229,4.6490700157564546e-05,2.192027689449796e-17,3.029929833132069e-16
292.98,"[0.06062, 0.0456, 0.375850685245898]",0.0456,0.375850685245898,4.649070004584446e-05,-0.11354048583894281,-0.09095783842494257,-4.6490700047047414e-05,0.28400622100556344,0.23053459177411628,-4.649069966472427e-05,-0.12424988682805621,-0.0719058028455243,4.649069999408043e-05,-0.47929639028255144,-0.3467427608173982,-4.6490700047125185e-05,0.069862720231565,0.05533818531674861,4.649070004576628e-05,2.192027689449796e-17,2.4464948436902264e-16
293.0,"[0.06062, 0.0456, 0.375850685245898]",0.0456,0.375850685245898,4.649069996828718e-05,-0.11354048583894281,-0.09095783842494257,-4.6490699965935464e-05,0.28400622100556344,0.23053459177411628,-4.649069958925447e-05,-0.12424988682805621,-0.0719058028455243,4.649069993550419e-05,-0.47929639028255144,-0.3467427608173982,-4.649069996578281e-05,0.069862720231565,0.05533818531674861,4.649069996843955e-05,2.192027689449796e-17,2.4464948436902264e-16
293.02,"[0.06062, 0.0456, 0.37460430749187296]",0.0456,0.37460430749187296,4.6490699869320325e-05,-0.11527760893028663,-0.09227132420478495,-4.6490699870235113e-05,0.2881982625162373,0.23364797734354126,-4.649069947258878e-05,-0.12890709597758382,-0.07497772057749039,4.649069981893813e-05,-0.49023641819374136,-0.3544848167812994,-4.649069987029433e-05,0.07100523407959788,0.056184072858867486,4.649069986926053e-05,2.1602376423199517e-17,2.7627411396958323e-16
293.04,"[0.06062, 0.0456, 0.37460430749187296]",0.0456,0.37460430749187296,4.649069979831515e-05,-0.11527760893028663,-0.09227132420478495,-4.6490699798532826e-05,0.2881982625162373,0.23364797734354126,-4.6490699394124867e-05,-0.12890709597758382,-0.07497772057749039,4.6490699748561724e-05,-0.49023641819374136,-0.3544848167812994,-4.6490699798547015e-05,0.07100523407959788,0.056184072858867486,4.649069979830078e-05,2.1602376423199517e-17,2.7627411396958323e-16
293.06,"[0.06062, 0.0456, 0.3733535240053358]",0.0456,0.3733535240053358,4.64906996826593e-05,-0.11699303935610858,-0.09351328551470221,-4.64906996838702e-05,0.29233768201506916,0.23659216253999674,-4.649069926669187e-05,-0.1335703928048037,-0.07788469215156614,4.649069962914918e-05,-0.5011135880351285,-0.36180804709833664,-4.649069968394865e-05,0.07213562399713602,0.0569839940666569,4.649069968258067e-05,2.161206248392012e-17,2.3743829856832014e-16
293.08,"[0.06062, 0.0456, 0.3733535240053358]",0.0456,0.3733535240053358,4.649069960599253e-05,-0.11699303935610858,-0.09351328551470221,-4.649069960628317e-05,0.29233768201506916,0.23659216253999674,-4.6490699183390544e-05,-0.1335703928048037,-0.07788469215156614,4.64906995551677e-05,-0.5011135880351285,-0.36180804709833664,-4.649069960630187e-05,0.07213562399713602,0.0569839940666569,4.649069960597303e-05,2.161206248392012e-17,2.3743829856832014e-16
293.1,"[0.06062, 0.0456, 0.3733535240053358]",0.0456,0.3733535240053358,4.649069948913585e-05,-0.11699303935610858,-0.09477618212670319,-4.649069949032183e-05,0.29233768201506916,0.23958982343497479,-4.649069905518741e-05,-0.1335703928048037,-0.08087447329555154,4.649069943537739e-05,-0.5011135880351285,-0.36929448926088676,-4.6490699490398184e-05,0.07213562399713602,0.057798732755714975,4.6490699489059194e-05,2.161206248392012e-17,1.6412593206289194e-16
293.121,"[0.06062, 0.0456, 0.37209956915857884]",0.0456,0.37209956915857884,4.6490699356294905e-05,-0.11868561218887563,-0.09608554023110177,-4.649069935729103e-05,0.29642070709268153,0.24270114640015752,-4.649069890913286e-05,-0.13823565761490747,-0.0840079898971372,4.6490699301780915e-05,-0.5119191865644991,-0.37709593478443737,-4.6490699357355776e-05,0.07325303798787901,0.058644752475222967,4.649069935623071e-05,2.2132743567016626e-17,2.5001775050883084e-16
293.14,"[0.06062, 0.0456, 0.37209956915857884]",0.0456,0.37209956915857884,4.6490699297081494e-05,-0.11868561218887563,-0.09608554023110177,-4.649069929824437e-05,0.29642070709268153,0.24270114640015752,-4.6490698845286385e-05,-0.13823565761490747,-0.0840079898971372,4.649069924303661e-05,-0.5119191865644991,-0.37709593478443737,-4.6490699298319714e-05,0.07325303798787901,0.058644752475222967,4.649069929700643e-05,2.2132743567016626e-17,2.5001775050883084e-16
293.16,"[0.06062, 0.0456, 0.370843680453644]",0.0456,0.370843680453644,4.649069922497513e-05,-0.12035423460332229,-0.09608554023110177,-4.6490699225186226e-05,0.30044377565118807,0.24270114640015752,-4.649069876720586e-05,-0.1428987959491259,-0.0840079898971372,4.64906991740015e-05,-0.5226447675461718,-0.37709593478443737,-4.6490699225200334e-05,0.0743566673037678,0.058644752475222967,4.649069922496191e-05,2.207481668534433e-17,2.5001775050883084e-16
293.18,"[0.06062, 0.0456, 0.370843680453644]",0.0456,0.370843680453644,4.649069910591721e-05,-0.12035423460332229,-0.09737794126562266,-4.6490699107074535e-05,0.30044377565118807,0.2457755857739037,-4.649069863604355e-05,-0.1428987959491259,-0.08713870759323736,4.649069905114677e-05,-0.5226447675461718,-0.38484057531914495,-4.6490699107149426e-05,0.0743566673037678,0.05948125970424057,4.649069910584221e-05,2.207481668534433e-17,1.2910687411626145e-16
293.2,"[0.06062, 0.0456, 0.370843680453644]",0.0456,0.370843680453644,4.649069903352128e-05,-0.12035423460332229,-0.09737794126562266,-4.6490699033748905e-05,0.30044377565118807,0.2457755857739037,-4.649069855781667e-05,-0.1428987959491259,-0.08713870759323736,4.6490698981977195e-05,-0.5226447675461718,-0.38484057531914495,-4.649069903376369e-05,0.0743566673037678,0.05948125970424057,4.649069903350659e-05,2.207481668534433e-17,1.2910687411626145e-16
293.22,"[0.06062, 0.0456, 0.3695870973010578]",0.0456,0.3695870973010578,4.649069891268337e-05,-0.12199788290580514,-0.09869691794816304,-4.649069891383451e-05,0.3044035350571453,0.24891587178383126,-4.649069842460344e-05,-0.14755573830899305,-0.09036892533634117,4.6490698857219176e-05,-0.5332821434346595,-0.3927854544961752,-4.649069891390925e-05,0.07544574510387896,0.06033628198187862,4.649069891260888e-05,2.131703201191547e-17,5.876702910688332e-17
293.24,"[0.06062, 0.0456, 0.3695870973010578]",0.0456,0.3695870973010578,4.6490698841465305e-05,-0.12199788290580514,-0.09997729958678436,-4.6490698841675525e-05,0.3044035350571453,0.2519643529226459,-4.649069834777451e-05,-0.14755573830899305,-0.09350555056149452,4.649069878940181e-05,-0.5332821434346595,-0.4004989422143465,-4.6490698841688874e-05,0.07544574510387896,0.06116632063409911,4.649069884145186e-05,2.131703201191547e-17,1.7429598620191028e-16
293.26,"[0.06062, 0.0456, 0.36833105979668274]",0.0456,0.36833105979668274,4.649069875571745e-05,-0.12361559968517177,-0.09997729958678436,-4.649069875357414e-05,0.3082968410592878,0.2519643529226459,-4.649069826259978e-05,-0.15220243985972826,-0.09350555056149452,4.649069871930071e-05,-0.5438233773410752,-0.4004989422143465,-4.649069875343429e-05,0.07651954516108363,0.06116632063409911,4.649069875585597e-05,2.10515610643295e-17,1.7429598620191028e-16
293.28,"[0.06062, 0.0456, 0.36833105979668274]",0.0456,0.36833105979668274,4.649069863671581e-05,-0.12361559968517177,-0.10125498468533133,-4.64906986377856e-05,0.3082968410592878,0.25500871597505514,-4.6490698119376913e-05,-0.15220243985972826,-0.09667205477809532,4.649069857663903e-05,-0.5438233773410752,-0.4082386566059683,-4.649069863785455e-05,0.07651954516108363,0.06199595348786501,4.649069863664624e-05,2.10515610643295e-17,1.0006609459235714e-16
293.3,"[0.06062, 0.0456, 0.36833105979668274]",0.0456,0.36833105979668274,4.649069854560251e-05,-0.12361559968517177,-0.10125498468533133,-4.6490698543546294e-05,0.3082968410592878,0.25500871597505514,-4.6490698033563037e-05,-0.15220243985972826,-0.09667205477809532,4.649069850924623e-05,-0.5438233773410752,-0.4082386566059683,-4.6490698543412185e-05,0.07651954516108363,0.06199595348786501,4.649069854573559e-05,2.10515610643295e-17,1.0006609459235714e-16
293.32,"[0.06062, 0.0456, 0.3670768074978923]",0.0456,0.3670768074978923,4.649069842638181e-05,-0.12520649108577364,-0.10257179932059582,-4.6490698427416186e-05,0.3121207564728514,0.2581480552033168,-4.649069788981806e-05,-0.15683488013870692,-0.09997102931445472,4.649069836619887e-05,-0.5542607753126401,-0.41625660101246736,-4.649069842748249e-05,0.07757738061736232,0.06285227351150365,4.6490698426314284e-05,2.122734310514507e-17,1.9328387499943315e-16
293.34,"[0.06062, 0.0456, 0.3670768074978923]",0.0456,0.3670768074978923,4.649069834499822e-05,-0.12520649108577364,-0.10257179932059582,-4.649069834534353e-05,0.3121207564728514,0.2581480552033168,-4.64906978010322e-05,-0.15683488013870692,-0.09997102931445472,4.649069828659271e-05,-0.5542607753126401,-0.41625660101246736,-4.649069834536531e-05,0.07757738061736232,0.06285227351150365,4.649069834497524e-05,2.122734310514507e-17,1.9328387499943315e-16
293.36,"[0.06062, 0.0456, 0.3658255782002778]",0.0456,0.3658255782002778,4.649069820626986e-05,-0.12676972420118354,-0.10377666081906357,-4.649069820753175e-05,0.31587254962859485,0.2610208154137734,-4.6490697647883626e-05,-0.16144906279388493,-0.10299430494834522,4.6490698143264605e-05,-0.5645868789476814,-0.42359843667351366,-4.649069820761289e-05,0.07861860278744753,0.06363596747940338,4.649069820618713e-05,2.137278151713596e-17,-6.910315469031969e-17
293.38,"[0.06062, 0.0456, 0.3658255782002778]",0.0456,0.3658255782002778,4.6490698112565833e-05,-0.12676972420118354,-0.10377666081906357,-4.649069811067433e-05,0.31587254962859485,0.2610208154137734,-4.649069756153106e-05,-0.16144906279388493,-0.10299430494834522,4.649069807615808e-05,-0.5645868789476814,-0.42359843667351366,-4.649069811055124e-05,0.07861860278744753,0.06363596747940338,4.649069811268784e-05,2.137278151713596e-17,-6.910315469031969e-17
293.4,"[0.06062, 0.0456, 0.3658255782002778]",0.0456,0.3658255782002778,4.649069799426718e-05,-0.12676972420118354,-0.10503672600055622,-4.6490697995220064e-05,0.31587254962859485,0.26402641806447885,-4.649069741913022e-05,-0.16144906279388493,-0.10619056417111668,4.649069793482846e-05,-0.5645868789476814,-0.43131654450538504,-4.6490697995281335e-05,0.07861860278744753,0.06445678528710772,4.649069799420485e-05,2.137278151713596e-17,-4.011580835055235e-17
293.42,"[0.06062, 0.0456, 0.36457860671609305]",0.0456,0.36457860671609305,4.649069790812308e-05,-0.12830452458543054,-0.10503672600055622,-4.6490697906052486e-05,0.319549692581423,0.26402641806447885,-4.649069734095521e-05,-0.16604101537594598,-0.10619056417111668,4.6490697874990866e-05,-0.5747944583615453,-0.43131654450538504,-4.649069790591747e-05,0.07964260000942225,0.06445678528710772,4.649069790825668e-05,2.1426579656272723e-17,-4.011580835055235e-17
293.44,"[0.06062, 0.0456, 0.36457860671609305]",0.0456,0.36457860671609305,4.649069779220239e-05,-0.12830452458543054,-0.10627680812038678,-4.649069779312425e-05,0.319549692581423,0.2669853740725142,-4.64906971990987e-05,-0.16604101537594598,-0.10937501054018173,4.6490697733131116e-05,-0.5747944583615453,-0.43895715780103134,-4.64906977931835e-05,0.07964260000942225,0.06526593925592437,4.649069779214218e-05,2.1426579656272723e-17,-2.1590571476791083e-16
293.46,"[0.06062, 0.0456, 0.36333712365564447]",0.0456,0.36333712365564447,4.6490697707129536e-05,-0.12981017387709576,-0.10627680812038678,-4.64906977051258e-05,0.3231498590707531,0.2669853740725142,-4.6490697122609005e-05,-0.17060678920681863,-0.10937501054018173,4.6490697674823496e-05,-0.5848765055127093,-0.43895715780103134,-4.6490697704995114e-05,0.08064879654000179,0.06526593925592437,4.649069770725892e-05,2.144239096554783e-17,-2.1590571476791083e-16
293.48,"[0.06062, 0.0456, 0.36333712365564447]",0.0456,0.36333712365564447,4.6490697591297265e-05,-0.12981017387709576,-0.10756373747784798,-4.649069759221129e-05,0.3231498590707531,0.27005648965745677,-4.649069698006792e-05,-0.17060678920681863,-0.11271487411621081,4.649069753218576e-05,-0.5848765055127093,-0.44692684370040925,-4.649069759226993e-05,0.08064879654000179,0.06610685403394308,4.649069759123757e-05,2.144239096554783e-17,-1.3747691174827746e-16
293.5,"[0.06062, 0.0456, 0.36333712365564447]",0.0456,0.36333712365564447,4.649069751732533e-05,-0.12981017387709576,-0.10879681473482551,-4.649069751759941e-05,0.3231498590707531,0.27299915383746537,-4.6490696899737344e-05,-0.17060678920681863,-0.11591711760553647,4.6490697460314665e-05,-0.5848765055127093,-0.45456550532264306,-4.649069751761709e-05,0.08064879654000179,0.06691265504282286,4.6490697517306925e-05,2.144239096554783e-17,1.8282473165707512e-19
293.52,"[0.06062, 0.0456, 0.3621023542128265]",0.0456,0.3621023542128265,4.649069742374094e-05,-0.1312860075304279,-0.10879681473482551,-4.64906974218913e-05,0.3266709222225408,0.27299915383746537,-4.649069680937911e-05,-0.17514245934615386,-0.11591711760553647,4.6490697386104726e-05,-0.594826227893218,-0.45456550532264306,-4.649069742177064e-05,0.08163665149148606,0.06691265504282286,4.6490697423860264e-05,2.1512250047779834e-17,1.8282473165707512e-19
293.54,"[0.06062, 0.0456, 0.3621023542128265]",0.0456,0.3621023542128265,4.649069729208732e-05,-0.1312860075304279,-0.11001835640120566,-4.6490697293153363e-05,0.3266709222225408,0.27591432275890576,-4.649069664842149e-05,-0.17514245934615386,-0.11912720380998722,4.649069722605463e-05,-0.594826227893218,-0.4621761316794828,-4.649069729322195e-05,0.08163665149148606,0.06771218126685032,4.6490697292017736e-05,2.1512250047779834e-17,-1.2223949447948296e-16
293.56,"[0.06062, 0.0456, 0.3608755169560038]",0.0456,0.3608755169560038,4.6490697193868796e-05,-0.1327314126466605,-0.11001835640120566,-4.64906971920951e-05,0.33011095198106455,0.27591432275890576,-4.6490696559741775e-05,-0.17964412467622895,-0.11912720380998722,4.649069715712294e-05,-0.604637042582984,-0.4621761316794828,-4.6490697191979445e-05,0.08260565780674567,0.06771218126685032,4.649069719398398e-05,2.0916951130533524e-17,-1.2223949447948296e-16
293.58,"[0.06062, 0.0456, 0.3608755169560038]",0.0456,0.3608755169560038,4.6490697064407074e-05,-0.1327314126466605,-0.11124565626137325,-4.649069706541034e-05,0.33011095198106455,0.27884280099533537,-4.649069640107052e-05,-0.17964412467622895,-0.12238995152303658,4.6490696999358664e-05,-0.604637042582984,-0.4698656312726983,-4.6490697065475556e-05,0.08260565780674567,0.0685167051200587,4.649069706434209e-05,2.0916951130533524e-17,-2.759150579849037e-16
293.6,"[0.06062, 0.0456, 0.3608755169560038]",0.0456,0.3608755169560038,4.649069697056377e-05,-0.1327314126466605,-0.11124565626137325,-4.6490696968741764e-05,0.33011095198106455,0.27884280099533537,-4.6490696318273824e-05,-0.17964412467622895,-0.12238995152303658,4.6490696936196536e-05,-0.604637042582984,-0.4698656312726983,-4.649069696862345e-05,0.08260565780674567,0.0685167051200587,4.6490696970682154e-05,2.0916951130533524e-17,-2.759150579849037e-16
293.62,"[0.06062, 0.0456, 0.3596578226254309]",0.0456,0.3596578226254309,4.6490696843852414e-05,-0.13414582589796917,-0.11247966447530264,-4.649069684480117e-05,0.3334682122572599,0.28178641168306856,-4.6490696161418684e-05,-0.1841079081246582,-0.12570817516996066,4.649069677965543e-05,-0.6143025706637103,-0.4776401761127743,-4.649069684486251e-05,0.08355534126811202,0.06932683429366991,4.6490696843790716e-05,2.0249601259317665e-17,-4.251966366925713e-16
293.64,"[0.06062, 0.0456, 0.3596578226254309]",0.0456,0.3596578226254309,4.649069675362007e-05,-0.13414582589796917,-0.11247966447530264,-4.649069675176747e-05,0.3334682122572599,0.28178641168306856,-4.6490696083536186e-05,-0.1841079081246582,-0.12570817516996066,4.6490696721317145e-05,-0.6143025706637103,-0.4776401761127743,-4.649069675164682e-05,0.08355534126811202,0.06932683429366991,4.6490696753739594e-05,2.0249601259317665e-17,-4.251966366925713e-16
293.66,"[0.06062, 0.0456, 0.35845047293839805]",0.0456,0.35845047293839805,4.649069662868951e-05,-0.13552873153593534,-0.11367606905374976,-4.649069662960115e-05,0.3367411577795057,0.28464031290488095,-4.6490695927381895e-05,-0.1885299570431389,-0.12892641202892827,4.6490696564957634e-05,-0.6238166319849037,-0.4851791030420638,-4.6490696629660143e-05,0.08448525953565603,0.0701123137328395,4.649069662862963e-05,1.9944155931902906e-17,-3.481909271701304e-16
293.68,"[0.06062, 0.0456, 0.35845047293839805]",0.0456,0.35845047293839805,4.649069654704719e-05,-0.13552873153593534,-0.11367606905374976,-4.649069654739168e-05,0.3367411577795057,0.28464031290488095,-4.649069583955124e-05,-0.1885299570431389,-0.12892641202892827,4.649069648622523e-05,-0.6238166319849037,-0.4851791030420638,-4.649069654741353e-05,0.08448525953565603,0.0701123137328395,4.649069654702401e-05,1.9944155931902906e-17,-3.481909271701304e-16
293.7,"[0.06062, 0.0456, 0.35845047293839805]",0.0456,0.35845047293839805,4.6490696399379044e-05,-0.13552873153593534,-0.11486116322740103,-4.6490696400484185e-05,0.3367411577795057,0.28746592882124716,-4.649069567635541e-05,-0.1885299570431389,-0.13215194897243504,4.649069633354498e-05,-0.6238166319849037,-0.49268975874506415,-4.649069640055562e-05,0.08448525953565603,0.07089155382854884,4.6490696399306816e-05,1.9944155931902906e-17,-4.968100206946363e-16
293.72,"[0.06062, 0.0456, 0.35725465940328127]",0.0456,0.35725465940328127,4.6490696319902e-05,-0.1368796594759963,-0.11486116322740103,-4.649069632022501e-05,0.3399284306323377,0.28746592882124716,-4.649069559317368e-05,-0.19290644375929483,-0.13215194897243504,4.649069626029866e-05,-0.6331732402717438,-0.49268975874506415,-4.64906963202451e-05,0.08539500121005406,0.07089155382854884,4.64906963198799e-05,1.9975960488502264e-17,-4.968100206946363e-16
293.74,"[0.06062, 0.0456, 0.35725465940328127]",0.0456,0.35725465940328127,4.6490696174952075e-05,-0.1368796594759963,-0.11604993401777132,-4.64906961760003e-05,0.3399284306323377,0.29029857740736215,-4.649069543293323e-05,-0.19290644375929483,-0.13542483023700644,4.6490696110373734e-05,-0.6331732402717438,-0.5002661600954054,-4.649069617606788e-05,0.08539500121005406,0.07167436053881104,4.6490696174883546e-05,1.9975960488502264e-17,-6.647366501911452e-16
293.76,"[0.06062, 0.0456, 0.35607156214366753]",0.0456,0.35607156214366753,4.649069610068144e-05,-0.13819818344911936,-0.11604993401777132,-4.6490696100959545e-05,0.34302885646857156,0.29029857740736215,-4.64906953555039e-05,-0.19723356631744446,-0.13542483023700644,4.6490696042421335e-05,-0.6423665985623143,-0.5002661600954054,-4.649069610097703e-05,0.0862841849150633,0.07167436053881104,4.649069610066206e-05,1.9764413374114185e-17,-6.647366501911452e-16
293.78,"[0.06062, 0.0456, 0.35607156214366753]",0.0456,0.35607156214366753,4.649069595770654e-05,-0.13819818344911936,-0.11724294389421491,-4.649069595871153e-05,0.34302885646857156,0.2931391814290203,-4.649069519704286e-05,-0.19723356631744446,-0.13874667945478691,4.649069589397081e-05,-0.6423665985623143,-0.5079118693958877,-4.649069595877643e-05,0.0862841849150633,0.07246108284806965,4.649069595764073e-05,1.9764413374114185e-17,-8.223177758074598e-16
293.8,"[0.06062, 0.0456, 0.35607156214366753]",0.0456,0.35607156214366753,4.649069588755765e-05,-0.13819818344911936,-0.11724294389421491,-4.6490695887806245e-05,0.34302885646857156,0.2931391814290203,-4.6490695124152504e-05,-0.19723356631744446,-0.13874667945478691,4.649069583018604e-05,-0.6423665985623143,-0.5079118693958877,-4.649069588782253e-05,0.0862841849150633,0.07246108284806965,4.649069588754129e-05,1.9764413374114185e-17,-8.223177758074598e-16
293.82,"[0.06062, 0.0456, 0.35490234873371485]",0.0456,0.35490234873371485,4.6490695732333314e-05,-0.1394839192118437,-0.11843926489230673,-4.649069573061139e-05,0.34604144038073353,0.29598512531342713,-4.64906949750316e-05,-0.20150754942282467,-0.14211496585089076,4.6490695704383774e-05,-0.6513910949598548,-0.5156208937047941,-4.6490695730498634e-05,0.08715245839452493,0.07325108713134636,4.649069573244398e-05,1.9595177128857812e-17,-9.650018280530498e-16
293.84,"[0.06062, 0.0456, 0.35490234873371485]",0.0456,0.35490234873371485,4.649069567840786e-05,-0.1394839192118437,-0.11843926489230673,-4.6490695678637815e-05,0.34604144038073353,0.29598512531342713,-4.649069489684723e-05,-0.20150754942282467,-0.14211496585089076,4.6490695621527344e-05,-0.6513910949598548,-0.5156208937047941,-4.6490695678652154e-05,0.08715245839452493,0.07325108713134636,4.6490695678392806e-05,1.9595177128857812e-17,-9.650018280530498e-16
293.86,"[0.06062, 0.0456, 0.35374817304589806]",0.0456,0.35374817304589806,4.649069553632178e-05,-0.14073652280587837,-0.11957497869647087,-4.649069553727417e-05,0.3489653624185701,0.29868675871387995,-4.649069473867749e-05,-0.2057246456024406,-0.14531516498661928,4.649069547305862e-05,-0.660241298684285,-0.5229422692812719,-4.6490695537335535e-05,0.08799949761881483,0.07400114663149736,4.6490695536259884e-05,2.0182938841203704e-17,-1.0936066394968139e-15
293.88,"[0.06062, 0.0456, 0.35374817304589806]",0.0456,0.35374817304589806,4.6490695466238185e-05,-0.14073652280587837,-0.12073819559498357,-4.6490695466487626e-05,0.3489653624185701,0.3014509951385995,-4.6490694666116104e-05,-0.2057246456024406,-0.14862789053245903,4.649069540951294e-05,-0.660241298684285,-0.5304804491420325,-4.649069546650394e-05,0.08799949761881483,0.07477037903072535,4.64906954662216e-05,2.0182938841203704e-17,-1.0177098451028256e-15
293.9,"[0.06062, 0.0456, 0.35374817304589806]",0.0456,0.35374817304589806,4.649069538198291e-05,-0.14073652280587837,-0.12073819559498357,-4.649069538036191e-05,0.3489653624185701,0.3014509951385995,-4.649069459241284e-05,-0.2057246456024406,-0.14862789053245903,4.6490695352365135e-05,-0.660241298684285,-0.5304804491420325,-4.6490695380256493e-05,0.08799949761881483,0.07477037903072535,4.649069538208788e-05,2.0182938841203704e-17,-1.0177098451028256e-15
293.92,"[0.06062, 0.0456, 0.35261017411227574]",0.0456,0.35261017411227574,4.649069525130937e-05,-0.1419556888585916,-0.12073819559498357,-4.649069525216705e-05,0.35179997274063185,0.3014509951385995,-4.649069442546153e-05,-0.20988113659423674,-0.14862789053245903,4.649069518469948e-05,-0.6689119564060887,-0.5304804491420325,-4.6490695252222225e-05,0.08882500589573127,0.07477037903072535,4.64906952512538e-05,1.9978012496246002e-17,-1.0177098451028256e-15
293.94,"[0.06062, 0.0456, 0.35261017411227574]",0.0456,0.35261017411227574,4.649069510326099e-05,-0.1419556888585916,-0.12188642263355552,-4.649069510420962e-05,0.35179997274063185,0.30417627423569177,-4.649069426795074e-05,-0.20988113659423674,-0.1519353801482169,4.6490695040580866e-05,-0.6689119564060887,-0.5379636423646519,-4.6490695104270764e-05,0.08882500589573127,0.07553075870635075,4.6490695103198705e-05,1.9978012496246002e-17,-1.147130128607331e-15
293.96,"[0.06062, 0.0456, 0.35148947500040306]",0.0456,0.35148947500040306,4.649069504147237e-05,-0.14314114891600807,-0.12304072916243625,-4.649069504166707e-05,0.3545447863895938,0.30691235128078576,-4.649069420541522e-05,-0.21397333497473345,-0.15529679534065985,4.6490694986725054e-05,-0.6773979888448773,-0.5455273350524213,-4.649069504167929e-05,0.08962871298096303,0.07629617192002926,4.64906950414593e-05,2.00900150705801e-17,-1.1546134937915972e-15
293.98,"[0.06062, 0.0456, 0.35148947500040306]",0.0456,0.35148947500040306,4.649069496302965e-05,-0.14314114891600807,-0.12304072916243625,-4.6490694961432264e-05,0.3545447863895938,0.30691235128078576,-4.649069413911509e-05,-0.21397333497473345,-0.15529679534065985,4.649069493663348e-05,-0.6773979888448773,-0.5455273350524213,-4.6490694961328235e-05,0.08962871298096303,0.07629617192002926,4.6490694963132984e-05,2.00900150705801e-17,-1.1546134937915972e-15
294.0,"[0.06062, 0.0456, 0.35148947500040306]",0.0456,0.35148947500040306,4.649069483478061e-05,-0.14314114891600807,-0.12304072916243625,-4.6490694835585814e-05,0.3545447863895938,0.30691235128078576,-4.6490693972703105e-05,-0.21397333497473345,-0.15529679534065985,4.649069476877605e-05,-0.6773979888448773,-0.5455273350524213,-4.6490694835637314e-05,0.08962871298096303,0.07629617192002926,4.649069483472779e-05,2.00900150705801e-17,-1.1546134937915972e-15
294.02,"[0.06062, 0.0456, 0.3503871817049998]",0.0456,0.3503871817049998,4.6490694687278124e-05,-0.14429266980030211,-0.1241078228814064,-4.649069468817579e-05,0.35719947768297905,0.3094413703879438,-4.649069381574134e-05,-0.2179975860336061,-0.15840820315915177,4.6490694625099516e-05,-0.6856944876144109,-0.5525240219914848,-4.649069468823343e-05,0.09041037418350484,0.07700386799556798,4.64906946872192e-05,2.0407933591366556e-17,-1.4933678470955966e-15
294.04,"[0.06062, 0.0456, 0.3503871817049998]",0.0456,0.3503871817049998,4.649069462402784e-05,-0.14429266980030211,-0.12521274977120372,-4.649069462423669e-05,0.35719947768297905,0.3120563495676187,-4.649069375194286e-05,-0.2179975860336061,-0.16166305750616566,4.6490694570007856e-05,-0.6856944876144109,-0.5598058586696525,-4.649069462424944e-05,0.09041037418350484,0.07773754790928221,4.6490694624013606e-05,2.0407933591366556e-17,-1.4527555927178039e-15
294.061,"[0.06062, 0.0456, 0.3493043820564671]",0.0456,0.3493043820564671,4.649069449343627e-05,-0.14541005198425183,-0.12521274977120372,-4.64906944936681e-05,0.35976387421334777,0.3120563495676187,-4.6490693607581056e-05,-0.2219502699019079,-0.16166305750616566,4.649069443660046e-05,-0.6937967122955983,-0.5598058586696525,-4.6490694493682625e-05,0.09116976946169088,0.07773754790928221,4.6490694493420885e-05,2.0364065208980132e-17,-1.4527555927178039e-15
294.08,"[0.06062, 0.0456, 0.3493043820564671]",0.0456,0.3493043820564671,4.649069442196101e-05,-0.14541005198425183,-0.1263037434831341,-4.6490694422713204e-05,0.35976387421334777,0.3146340729955777,-4.6490693524921516e-05,-0.2219502699019079,-0.16491280272844777,4.649069435755024e-05,-0.6937967122955983,-0.5670360192359633,-4.649069442276159e-05,0.09116976946169088,0.07846292848505403,4.649069442191202e-05,2.0364065208980132e-17,-1.5827468126207864e-15
294.1,"[0.06062, 0.0456, 0.3493043820564671]",0.0456,0.3493043820564671,4.649069433830582e-05,-0.14541005198425183,-0.1263037434831341,-4.6490694336909905e-05,0.35976387421334777,0.3146340729955777,-4.6490693461115845e-05,-0.2219502699019079,-0.16491280272844777,4.64906943133933e-05,-0.6937967122955983,-0.5670360192359633,-4.6490694336818886e-05,0.09116976946169088,0.07846292848505403,4.649069433839609e-05,2.0364065208980132e-17,-1.5827468126207864e-15
294.121,"[0.06062, 0.0456, 0.34824214464732994]",0.0456,0.34824214464732994,4.6490694140844675e-05,-0.14649312797567843,-0.1273915547285449,-4.6490694141676095e-05,0.3622379504547067,0.31719978089827916,-4.6490693220516116e-05,-0.22582780393873247,-0.16818798265414317,4.6490694077677254e-05,-0.7017000877189283,-0.5742840024517524,-4.649069414172987e-05,0.09190670250587174,0.07918709790898064,4.6490694140790756e-05,2.0035491463872233e-17,-1.7285301460565383e-15
294.14,"[0.06062, 0.0456, 0.34824214464732994]",0.0456,0.34824214464732994,4.649069413307005e-05,-0.14649312797567843,-0.1273915547285449,-4.6490694131681635e-05,0.3622379504547067,0.31719978089827916,-4.649069323928826e-05,-0.22582780393873247,-0.16818798265414317,4.6490694109871695e-05,-0.7017000877189283,-0.5742840024517524,-4.6490694131591334e-05,0.09190670250587174,0.07918709790898064,4.64906941331595e-05,2.0035491463872233e-17,-1.7285301460565383e-15
294.16,"[0.06062, 0.0456, 0.3472015177776658]",0.0456,0.3472015177776658,4.649069401022436e-05,-0.14754176070555416,-0.12847603559922882,-4.649069401092532e-05,0.3646218209749475,0.3197528916572107,-4.6490693077973e-05,-0.2296266453791192,-0.17148756694338596,4.649069394685593e-05,-0.7094002014379992,-0.5815480828960254,-4.649069401096995e-05,0.0926209998041912,0.0799099235795069,4.649069401017767e-05,1.98905084864214e-17,-1.868646089435135e-15
294.18,"[0.06062, 0.0456, 0.3472015177776658]",0.0456,0.3472015177776658,4.649069393167485e-05,-0.14754176070555416,-0.12847603559922882,-4.649069393030003e-05,0.3646218209749475,0.3197528916572107,-4.649069302143352e-05,-0.2296266453791192,-0.17148756694338596,4.6490693909896994e-05,-0.7094002014379992,-0.5815480828960254,-4.6490693930210735e-05,0.0926209998041912,0.0799099235795069,4.64906939317635e-05,1.98905084864214e-17,-1.868646089435135e-15
294.2,"[0.06062, 0.0456, 0.3472015177776658]",0.0456,0.3472015177776658,4.649069380975736e-05,-0.14754176070555416,-0.1295053507680122,-4.649069381043722e-05,0.3646218209749475,0.3221758363302342,-4.6490692860160796e-05,-0.2296266453791192,-0.17462168295413558,4.649069374659552e-05,-0.7094002014379992,-0.5884453033332613,-4.649069381048091e-05,0.0926209998041912,0.08059604263586,4.649069380971259e-05,1.98905084864214e-17,-2.000577230881117e-15
294.22,"[0.06062, 0.0456, 0.3461835284205586]",0.0456,0.3461835284205586,4.64906937284165e-05,-0.14855584191417526,-0.1295053507680122,-4.6490693727155836e-05,0.36691573325741245,0.3221758363302342,-4.649069279949317e-05,-0.2333432942438561,-0.17462168295413558,4.649069370515155e-05,-0.716892801376137,-0.5884453033332613,-4.6490693727074054e-05,0.09331250968840397,0.08059604263586,4.6490693728498173e-05,1.9535314847250482e-17,-2.000577230881117e-15
294.24,"[0.06062, 0.0456, 0.3461835284205586]",0.0456,0.3461835284205586,4.649069360658949e-05,-0.14855584191417526,-0.13053181115384432,-4.6490693607250333e-05,0.36691573325741245,0.32458721755001985,-4.649069263992832e-05,-0.2333432942438561,-0.17778006084340534,4.649069354421294e-05,-0.716892801376137,-0.5953599511327605,-4.649069360729286e-05,0.09331250968840397,0.081281075677342,4.64906936065464e-05,1.9535314847250482e-17,-2.1560101034968154e-15
294.26,"[0.06062, 0.0456, 0.3451891812086004]",0.0456,0.3451891812086004,4.649069352877085e-05,-0.14953529053060113,-0.13053181115384432,-4.649069352751825e-05,0.36912006013826165,0.32458721755001985,-4.649069258406311e-05,-0.23697429650961374,-0.17778006084340534,4.6490693507508585e-05,-0.7241737936286687,-0.5953599511327605,-4.6490693527436696e-05,0.09398110135720818,0.081281075677342,4.649069352885189e-05,1.9898851306078693e-17,-2.1560101034968154e-15
294.28,"[0.06062, 0.0456, 0.3451891812086004]",0.0456,0.3451891812086004,4.649069340926838e-05,-0.14953529053060113,-0.13155464825900162,-4.649069340990439e-05,0.36912006013826165,0.3269850003159407,-4.649069242603502e-05,-0.23697429650961374,-0.18096005772963483,4.649069334765339e-05,-0.7241737936286687,-0.6022864614756391,-4.649069340994539e-05,0.09398110135720818,0.08196448594664815,4.6490693409226804e-05,1.9898851306078693e-17,-2.3015949533321637e-15
294.3,"[0.06062, 0.0456, 0.3451891812086004]",0.0456,0.3451891812086004,4.6490693334199376e-05,-0.14953529053060113,-0.13155464825900162,-4.649069333296097e-05,0.36912006013826165,0.3269850003159407,-4.6490692373842304e-05,-0.23697429650961374,-0.18096005772963483,4.649069331452128e-05,-0.7241737936286687,-0.6022864614756391,-4.649069333287973e-05,0.09398110135720818,0.08196448594664815,4.649069333427894e-05,1.9898851306078693e-17,-2.3015949533321637e-15
294.32,"[0.06062, 0.0456, 0.3442194574424405]",0.0456,0.3442194574424405,4.6490693145343955e-05,-0.15048005104141043,-0.13257267024197314,-4.6490693146051634e-05,0.3712352918700907,0.32936622524806247,-4.649069214023213e-05,-0.2405162475354942,-0.1841573746387179,4.649069308467343e-05,-0.7312392404041088,-0.6092160299396779,-4.649069314609709e-05,0.09462666387515638,0.08264544638788907,4.649069314529749e-05,1.9835961121737514e-17,-2.4356214391054444e-15
294.34,"[0.06062, 0.0456, 0.3442194574424405]",0.0456,0.3442194574424405,4.649069314290103e-05,-0.15048005104141043,-0.13257267024197314,-4.6490693141683173e-05,0.3712352918700907,0.32936622524806247,-4.649069216692152e-05,-0.2405162475354942,-0.1841573746387179,4.6490693124445856e-05,-0.7312392404041088,-0.6092160299396779,-4.649069314160393e-05,0.09462666387515638,0.08264544638788907,4.6490693142979906e-05,1.9835961121737514e-17,-2.4356214391054444e-15
294.36,"[0.06062, 0.0456, 0.3432753141223599]",0.0456,0.3432753141223599,4.649069302553671e-05,-0.15139009184573643,-0.13358457838189727,-4.649069302613667e-05,0.3732620278262051,0.3317277323990733,-4.64906920094259e-05,-0.24396579573965274,-0.1873671883502218,4.6490692964489024e-05,-0.7380853580883753,-0.6161389208680128,-4.649069302617493e-05,0.09524910514583165,0.08332305501111614,4.649069302549706e-05,2.0120501869598996e-17,-2.5600606329336734e-15
294.38,"[0.06062, 0.0456, 0.3432753141223599]",0.0456,0.3432753141223599,4.6490692953602286e-05,-0.15139009184573643,-0.13358457838189727,-4.649069295240965e-05,0.3732620278262051,0.3317277323990733,-4.649069196199399e-05,-0.24396579573965274,-0.1873671883502218,4.649069293610799e-05,-0.7380853580883753,-0.6161389208680128,-4.649069295233194e-05,0.09524910514583165,0.08332305501111614,4.649069295367905e-05,2.0120501869598996e-17,-2.5600606329336734e-15
294.4,"[0.06062, 0.0456, 0.3432753141223599]",0.0456,0.3432753141223599,4.6490692836558074e-05,-0.15139009184573643,-0.13454527342769146,-4.649069283714361e-05,0.3732620278262051,0.33396938044486424,-4.649069180409002e-05,-0.24396579573965274,-0.19041671295157456,4.649069277553525e-05,-0.7380853580883753,-0.622713831133458,-4.649069283718103e-05,0.09524910514583165,0.08396642157470689,4.64906928365194e-05,2.0120501869598996e-17,-2.6775758929757628e-15
294.42,"[0.06062, 0.0456, 0.34235768300382763]",0.0456,0.34235768300382763,4.649069276132515e-05,-0.1522654035944984,-0.13454527342769146,-4.649069276023577e-05,0.37520096786405244,0.33396938044486424,-4.649069175189648e-05,-0.24731964651715474,-0.19041671295157456,4.6490692742084965e-05,-0.7447085154171674,-0.622713831133458,-4.6490692760165026e-05,0.095848350858639,0.08396642157470689,4.64906927613953e-05,2.049657050644924e-17,-2.6775758929757628e-15
294.44,"[0.06062, 0.0456, 0.34235768300382763]",0.0456,0.34235768300382763,4.6490692644026265e-05,-0.1522654035944984,-0.13549993218888065,-4.649069264459686e-05,0.37520096786405244,0.3361915540773521,-4.649069159544787e-05,-0.24731964651715474,-0.1934772146258014,4.649069258366975e-05,-0.7447085154171674,-0.6292805753379144,-4.649069264463268e-05,0.095848350858639,0.08460643172623424,4.6490692643987864e-05,2.049657050644924e-17,-2.8195541137652937e-15
294.46,"[0.06062, 0.0456, 0.3414674696779708]",0.0456,0.3414674696779708,4.6490692571730065e-05,-0.15310599751272233,-0.13549993218888065,-4.6490692570657335e-05,0.3770529033704724,0.3361915540773521,-4.6490691547263577e-05,-0.25057456638764103,-0.1934772146258014,4.6490692554166484e-05,-0.7511052317426866,-0.6292805753379144,-4.649069257058675e-05,0.09642434340924749,0.08460643172623424,4.649069257179861e-05,2.0870192351666968e-17,-2.8195541137652937e-15
294.48,"[0.06062, 0.0456, 0.3414674696779708]",0.0456,0.3414674696779708,4.649069245650771e-05,-0.15310599751272233,-0.13644773080104738,-4.649069245705758e-05,0.3770529033704724,0.33839223177310934,-4.649069139229653e-05,-0.25057456638764103,-0.19654546244004373,4.649069239686962e-05,-0.7511052317426866,-0.635832773059841,-4.649069245709274e-05,0.09642434340924749,0.08524250608055595,4.649069245647156e-05,2.0870192351666968e-17,-2.9548224867255623e-15
294.5,"[0.06062, 0.0456, 0.3414674696779708]",0.0456,0.3414674696779708,4.649069238655195e-05,-0.15310599751272233,-0.13644773080104738,-4.6490692385499714e-05,0.3770529033704724,0.33839223177310934,-4.6490691347174716e-05,-0.25057456638764103,-0.19654546244004373,4.6490692370314744e-05,-0.7511052317426866,-0.635832773059841,-4.649069238543052e-05,0.09642434340924749,0.08524250608055595,4.649069238661889e-05,2.0870192351666968e-17,-2.9548224867255623e-15
294.52,"[0.06062, 0.0456, 0.34060555267786535]",0.0456,0.34060555267786535,4.6490692272671923e-05,-0.15391190370486343,-0.13738752142079028,-4.6490692273204274e-05,0.3788187080156573,0.3405687171540644,-4.649069119294811e-05,-0.25372738735881994,-0.1996168528284442,4.649069221347464e-05,-0.7572721753821738,-0.6423614531940978,-4.649069227323817e-05,0.09697704079443172,0.08587384160955132,4.649069227263678e-05,2.107405586588743e-17,-3.0817101477175052e-15
294.54,"[0.06062, 0.0456, 0.34060555267786535]",0.0456,0.34060555267786535,4.649069220433983e-05,-0.15391190370486343,-0.13738752142079028,-4.649069220331265e-05,0.3788187080156573,0.3405687171540644,-4.649069115009548e-05,-0.25372738735881994,-0.1996168528284442,4.6490692189127234e-05,-0.7572721753821738,-0.6423614531940978,-4.64906922032461e-05,0.09697704079443172,0.08587384160955132,4.6490692204406584e-05,2.107405586588743e-17,-3.0817101477175052e-15
294.56,"[0.06062, 0.0456, 0.33977278261152977]",0.0456,0.33977278261152977,4.6490692091297775e-05,-0.15468316944405497,-0.1383180944698436,-4.649069209181478e-05,0.38049932824689664,0.342718224686797,-4.6490690996161566e-05,-0.25677501148917203,-0.20268640238640076,4.6490692032371705e-05,-0.7632061620369877,-0.6488570259746178,-4.649069209184779e-05,0.09750641548277467,0.08649959109516248,4.649069209126386e-05,2.0708161393394128e-17,-3.2018665008859562e-15
294.58,"[0.06062, 0.0456, 0.33977278261152977]",0.0456,0.33977278261152977,4.64906920241099e-05,-0.15468316944405497,-0.1383180944698436,-4.649069202311075e-05,0.38049932824689664,0.342718224686797,-4.649069095502317e-05,-0.25677501148917203,-0.20268640238640076,4.649069200970651e-05,-0.7632061620369877,-0.6488570259746178,-4.649069202304558e-05,0.09750641548277467,0.08649959109516248,4.649069202417437e-05,2.0708161393394128e-17,-3.2018665008859562e-15
294.6,"[0.06062, 0.0456, 0.33977278261152977]",0.0456,0.33977278261152977,4.6490691911615714e-05,-0.15468316944405497,-0.13920139816399793,-4.649069191211855e-05,0.38049932824689664,0.34475817794114055,-4.649069080116591e-05,-0.25677501148917203,-0.20560198486078796,4.6490691852874914e-05,-0.7632061620369877,-0.6550247925909828,-4.6490691912150625e-05,0.09750641548277467,0.08709359827076124,4.649069191158279e-05,2.0708161393394128e-17,-3.317365723729709e-15
294.62,"[0.06062, 0.0456, 0.338969981322478]",0.0456,0.338969981322478,4.649069184145026e-05,-0.1554198574472239,-0.13920139816399793,-4.649069184053882e-05,0.38209577355729346,0.34475817794114055,-4.6490690755531106e-05,-0.2597144156306733,-0.20560198486078796,4.6490691825379716e-05,-0.768904153272319,-0.6550247925909828,-4.649069184047957e-05,0.0980124532634138,0.08709359827076124,4.649069184150934e-05,2.055074353035924e-17,-3.317365723729709e-15
294.64,"[0.06062, 0.0456, 0.338969981322478]",0.0456,0.338969981322478,4.64906917290302e-05,-0.1554198574472239,-0.14007564041763507,-4.6490691729518057e-05,0.38209577355729346,0.3467717264168012,-4.649069060354192e-05,-0.2597144156306733,-0.20851428568670807,4.649069167108922e-05,-0.768904153272319,-0.6611583460014474,-4.6490691729549505e-05,0.0980124532634138,0.08768207064337641,4.649069172899863e-05,2.055074353035924e-17,-3.456431399670754e-15
294.66,"[0.06062, 0.0456, 0.338197941078659]",0.0456,0.338197941078659,4.649069166167714e-05,-0.15612204413902378,-0.14007564041763507,-4.649069166078572e-05,0.38360910656865055,0.3467717264168012,-4.6490690561552166e-05,-0.26254265632982526,-0.20851428568670807,4.649069164711751e-05,-0.7743632550491029,-0.6611583460014474,-4.6490691660727374e-05,0.0984951520757279,0.08768207064337641,4.649069166173484e-05,2.0521373382483014e-17,-3.456431399670754e-15
294.68,"[0.06062, 0.0456, 0.338197941078659]",0.0456,0.338197941078659,4.649069155152409e-05,-0.15612204413902378,-0.14094005335843732,-4.649069155199247e-05,0.38360910656865055,0.34875713367068667,-4.6490690411484646e-05,-0.26254265632982526,-0.21141985379798373,4.649069149444474e-05,-0.7743632550491029,-0.6672512744940761,-4.6490691552022174e-05,0.0984951520757279,0.08826446235301108,4.6490691551492887e-05,2.0521373382483014e-17,-3.590174826798763e-15
294.7,"[0.06062, 0.0456, 0.338197941078659]",0.0456,0.338197941078659,4.649069148644367e-05,-0.15612204413902378,-0.14094005335843732,-4.649069148557505e-05,0.38360910656865055,0.34875713367068667,-4.649069037226646e-05,-0.26254265632982526,-0.21141985379798373,4.649069147307036e-05,-0.7743632550491029,-0.6672512744940761,-4.649069148551838e-05,0.0984951520757279,0.08826446235301108,4.6490691486499994e-05,2.0521373382483014e-17,-3.590174826798763e-15
294.72,"[0.06062, 0.0456, 0.3374574237905839]",0.0456,0.3374574237905839,4.649069137791238e-05,-0.1567898179085068,-0.14179360398855773,-4.6490691378364184e-05,0.3850404329715097,0.3507121327699228,-4.6490690223490014e-05,-0.265256874862819,-0.2143140578649517,4.64906913214583e-05,-0.7795807163011212,-0.6732949876273391,-4.6490691378393416e-05,0.09895452082355051,0.08884004404702425,4.649069137788335e-05,2.0592814726517036e-17,-3.716835829932607e-15
294.74,"[0.06062, 0.0456, 0.3374574237905839]",0.0456,0.3374574237905839,4.649069131446387e-05,-0.1567898179085068,-0.14179360398855773,-4.649069131362113e-05,0.3850404329715097,0.3507121327699228,-4.649069018631612e-05,-0.265256874862819,-0.2143140578649517,4.6490691301998715e-05,-0.7795807163011212,-0.6732949876273391,-4.649069131356578e-05,0.09895452082355051,0.08884004404702425,4.6490691314518255e-05,2.0592814726517036e-17,-3.716835829932607e-15
294.76,"[0.06062, 0.0456, 0.3367491602594122]",0.0456,0.3367491602594122,4.649069120712355e-05,-0.1574232773633943,-0.1426352150526223,-4.6490691207560186e-05,0.38639089136888805,0.35263440751506003,-4.6490690038469077e-05,-0.2678543023783295,-0.21719196228528978,4.6490691151156107e-05,-0.7845539275517652,-0.6792804194254104,-4.6490691207588105e-05,0.09939057817816006,0.08940805460609845,4.649069120709536e-05,2.0635732090801562e-17,-3.83772339896766e-15
294.78,"[0.06062, 0.0456, 0.3367491602594122]",0.0456,0.3367491602594122,4.649069114488455e-05,-0.1574232773633943,-0.1426352150526223,-4.649069114406993e-05,0.38639089136888805,0.35263440751506003,-4.649069000284039e-05,-0.2678543023783295,-0.21719196228528978,4.649069113313322e-05,-0.7845539275517652,-0.6792804194254104,-4.649069114401654e-05,0.09939057817816006,0.08940805460609845,4.6490691144937164e-05,2.0635732090801562e-17,-3.83772339896766e-15
294.8,"[0.06062, 0.0456, 0.3367491602594122]",0.0456,0.3367491602594122,4.649069103850238e-05,-0.1574232773633943,-0.14345117821178702,-4.649069103892486e-05,0.38639089136888805,0.3544979390604668,-4.6490689855771564e-05,-0.2678543023783295,-0.2199829206214328,4.6490690982960625e-05,-0.7845539275517652,-0.6850842709133399,-4.649069103895191e-05,0.09939057817816006,0.08995877062296304,4.6490691038475415e-05,2.0635732090801562e-17,-3.713147503892826e-15
294.82,"[0.06062, 0.0456, 0.33607384945573954]",0.0456,0.33607384945573954,4.649069098971482e-05,-0.15802252958768875,-0.14345117821178702,-4.649069098988952e-05,0.38766164307351514,0.3544979390604668,-4.649068980594736e-05,-0.2703322651192705,-0.2199829206214328,4.649069093903305e-05,-0.7892804195664209,-0.6850842709133399,-4.649069098989994e-05,0.0998033513749275,0.08995877062296304,4.649069098970326e-05,2.0860841926350846e-17,-3.713147503892826e-15
294.84,"[0.06062, 0.0456, 0.33607384945573954]",0.0456,0.33607384945573954,4.6490690853048776e-05,-0.15802252958768875,-0.1442260586991597,-4.649069085355354e-05,0.38766164307351514,0.35626224115727567,-4.649068965276221e-05,-0.2703322651192705,-0.22265717327003762,4.649069079500125e-05,-0.7892804195664209,-0.690621726688655,-4.649069085358567e-05,0.0998033513749275,0.09048222417461893,4.649069085301579e-05,2.0860841926350846e-17,-4.062903068289041e-15
294.86,"[0.06062, 0.0456, 0.33543215782979785]",0.0456,0.33543215782979785,4.64906907888546e-05,-0.1585876884091879,-0.1442260586991597,-4.649069078815235e-05,0.3888538619112611,0.35626224115727567,-4.649068961652508e-05,-0.2726881896928541,-0.22265717327003762,4.6490690776889035e-05,-0.7937578620378801,-0.690621726688655,-4.649069078810553e-05,0.10019287500907315,0.09048222417461893,4.649069078889903e-05,2.0864845602682174e-17,-4.062903068289041e-15
294.88,"[0.06062, 0.0456, 0.33543215782979785]",0.0456,0.33543215782979785,4.649069068729298e-05,-0.1585876884091879,-0.14501454569382452,-4.6490690687672946e-05,0.3888538619112611,0.3580527959332267,-4.649068947695319e-05,-0.2726881896928541,-0.2253986475062319,4.649069063472227e-05,-0.7937578620378801,-0.696278341325257,-4.649069068769736e-05,0.10019287500907315,0.09101525618435109,4.649069068726799e-05,2.0864845602682174e-17,-4.010789798290097e-15
294.9,"[0.06062, 0.0456, 0.33543215782979785]",0.0456,0.33543215782979785,4.6490690645733356e-05,-0.1585876884091879,-0.14501454569382452,-4.649069064587962e-05,0.3888538619112611,0.3580527959332267,-4.6490689435070296e-05,-0.2726881896928541,-0.2253986475062319,4.6490690598113516e-05,-0.7937578620378801,-0.696278341325257,-4.6490690645888194e-05,0.10019287500907315,0.09101525618435109,4.649069064572287e-05,2.0864845602682174e-17,-4.010789798290097e-15
294.92,"[0.06062, 0.0456, 0.33482471865374963]",0.0456,0.33482471865374963,4.6490690515498896e-05,-0.15911887268419442,-0.14577881391708408,-4.6490690515953706e-05,0.38996872408593136,0.3597832994352626,-4.64906892885652e-05,-0.2749196083565353,-0.22807729925999898,4.6490690460149766e-05,-0.7979840623035687,-0.7017843227685704,-4.649069051598286e-05,0.10055918983651,0.09153231952226176,4.6490690515468796e-05,2.0985093221505628e-17,-4.140091623292506e-15
294.94,"[0.06062, 0.0456, 0.33482471865374963]",0.0456,0.33482471865374963,4.649069047276001e-05,-0.15911887268419442,-0.14577881391708408,-4.6490690472906475e-05,0.38996872408593136,0.3597832994352626,-4.649068924824292e-05,-0.2749196083565353,-0.22807729925999898,4.649069042618205e-05,-0.7979840623035687,-0.7017843227685704,-4.6490690472915175e-05,0.10055918983651,0.09153231952226176,4.6490690472749245e-05,2.0985093221505628e-17,-4.140091623292506e-15
294.96,"[0.06062, 0.0456, 0.33425213139672455]",0.0456,0.33425213139672455,4.6490690345789435e-05,-0.15961620460736756,-0.1465020802111679,-4.649069034621913e-05,0.3910073981626258,0.36142059239554136,-4.6490689105627247e-05,-0.2770241642859441,-0.2306138667846616,4.649069029197632e-05,-0.8019569640947461,-0.7069966729067517,-4.649069034624677e-05,0.1009023415861988,0.0920216745653757,4.6490690345761666e-05,2.128402703772713e-17,-4.291751285967599e-15
294.981,"[0.06062, 0.0456, 0.33425213139672455]",0.0456,0.33425213139672455,4.6490690242121466e-05,-0.15961620460736756,-0.1465020802111679,-4.649069024248248e-05,0.3910073981626258,0.36142059239554136,-4.649068899389992e-05,-0.2770241642859441,-0.2306138667846616,4.649069018949932e-05,-0.8019569640947461,-0.7069966729067517,-4.6490690242505375e-05,0.1009023415861988,0.0920216745653757,4.64906902420977e-05,2.128402703772713e-17,-4.291751285967599e-15
295.0,"[0.06062, 0.0456, 0.33425213139672455]",0.0456,0.33425213139672455,4.6490690179813444e-05,-0.15961620460736756,-0.14721156166707025,-4.649069018021681e-05,0.3910073981626258,0.3630220931260978,-4.649068892709219e-05,-0.2770241642859441,-0.23312110874572486,4.649069012796186e-05,-0.8019569640947461,-0.7121302042905544,-4.649069018024198e-05,0.1009023415861988,0.09250205544454353,4.649069017978657e-05,2.128402703772713e-17,-4.4620647620456115e-15
295.02,"[0.06062, 0.0456, 0.33371496113321597]",0.0456,0.33371496113321597,4.649069014069051e-05,-0.16007980805520478,-0.14721156166707025,-4.649069014081814e-05,0.3919710352283746,0.3630220931260978,-4.649068889052175e-05,-0.27899961678969265,-0.23312110874572486,4.64906900972935e-05,-0.805674646319054,-0.7121302042905544,-4.649069014082595e-05,0.10122237979081852,0.09250205544454353,4.64906901406818e-05,2.116681257340416e-17,-4.4620647620456115e-15
295.04,"[0.06062, 0.0456, 0.33371496113321597]",0.0456,0.33371496113321597,4.649069002186839e-05,-0.16007980805520478,-0.1479069072154996,-4.649069002224855e-05,0.3919710352283746,0.36458725998364716,-4.6490688756995926e-05,-0.27899961678969265,-0.2355964580153906,4.649068997161275e-05,-0.805674646319054,-0.7171809197471805,-4.649069002227231e-05,0.10122237979081852,0.09297319491904313,4.64906900218431e-05,2.116681257340416e-17,-4.6232722656625046e-15
295.06,"[0.06062, 0.0456, 0.3332137379854207]",0.0456,0.3332137379854207,4.64906899858179e-05,-0.16050980697207484,-0.1479069072154996,-4.6490689985935436e-05,0.392860759289736,0.36458725998364716,-4.649068872363369e-05,-0.2808438464350891,-0.2355964580153906,4.649068994382674e-05,-0.8091353218789539,-0.7171809197471805,-4.6490689985942293e-05,0.10151935664285495,0.09297319491904313,4.64906899858104e-05,2.1257102375063766e-17,-4.6232722656625046e-15
295.08,"[0.06062, 0.0456, 0.3332137379854207]",0.0456,0.3332137379854207,4.649068987003661e-05,-0.16050980697207484,-0.14858745076175878,-4.649068987039762e-05,0.392860759289736,0.3661149007993242,-4.649068859330156e-05,-0.2808438464350891,-0.2380360436365814,4.649068982106295e-05,-0.8091353218789539,-0.7221423420301305,-4.6490689870421006e-05,0.10151935664285495,0.0934346099299298,4.649068987001408e-05,2.1257102375063766e-17,-4.772676426803818e-15
295.1,"[0.06062, 0.0456, 0.3332137379854207]",0.0456,0.3332137379854207,4.6490689836212815e-05,-0.16050980697207484,-0.14858745076175878,-4.6490689836322556e-05,0.392860759289736,0.3661149007993242,-4.649068856226654e-05,-0.2808438464350891,-0.2380360436365814,4.649068979536328e-05,-0.8091353218789539,-0.7221423420301305,-4.6490689836330085e-05,0.10151935664285495,0.0934346099299298,4.649068983620649e-05,2.1257102375063766e-17,-4.772676426803818e-15
295.12,"[0.06062, 0.0456, 0.3327489566000722]",0.0456,0.3327489566000722,4.649068972296153e-05,-0.16090632380804368,-0.14925243561534846,-4.649068972330496e-05,0.39367765796743903,0.36760365466634964,-4.6490688434629945e-05,-0.2825548600482647,-0.24043558591440284,4.649068967507973e-05,-0.8123373365296092,-0.7270072478022964,-4.649068972332728e-05,0.10179332588341072,0.09388575544554521,4.649068972293952e-05,2.1353274975416943e-17,-4.911349134060428e-15
295.14,"[0.06062, 0.0456, 0.3327489566000722]",0.0456,0.3327489566000722,4.6490689690781384e-05,-0.16090632380804368,-0.14925243561534846,-4.6490689690885244e-05,0.39367765796743903,0.36760365466634964,-4.649068840531439e-05,-0.2825548600482647,-0.24043558591440284,4.6490689650912384e-05,-0.8123373365296092,-0.7270072478022964,-4.6490689690891824e-05,0.10179332588341072,0.09388575544554521,4.649068969077494e-05,2.1353274975416943e-17,-4.911349134060428e-15
295.161,"[0.06062, 0.0456, 0.332321075660284]",0.0456,0.332321075660284,4.6490689582660265e-05,-0.16126947801791866,-0.14988291146679095,-4.649068958218354e-05,0.3944227735479433,0.36901485217887736,-4.649068831064837e-05,-0.2841307955520799,-0.24271182072261657,4.649068957346846e-05,-0.8152791677806442,-0.7316210016545831,-4.6490689582152736e-05,0.10204434173115688,0.09431351117276271,4.649068958269133e-05,2.119738733340253e-17,-5.041298511263854e-15
295.18,"[0.06062, 0.0456, 0.332321075660284]",0.0456,0.332321075660284,4.649068954610543e-05,-0.16126947801791866,-0.15051184129630438,-4.6490689546209333e-05,0.3944227735479433,0.3704191259505446,-4.649068824910712e-05,-0.2841307955520799,-0.24499602734050047,4.6490689507075964e-05,-0.8152791677806442,-0.7362379938167629,-4.6490689546215974e-05,0.10204434173115688,0.09474045509984656,4.6490689546098826e-05,2.119738733340253e-17,-4.977764877598514e-15
295.2,"[0.06062, 0.0456, 0.332321075660284]",0.0456,0.332321075660284,4.649068949530102e-05,-0.16126947801791866,-0.15051184129630438,-4.649068949483535e-05,0.3944227735479433,0.3704191259505446,-4.6490688214903974e-05,-0.2841307955520799,-0.24499602734050047,4.649068948486592e-05,-0.8152791677806442,-0.7362379938167629,-4.6490689494804876e-05,0.10204434173115688,0.09474045509984656,4.6490689495331134e-05,2.119738733340253e-17,-4.977764877598514e-15
295.22,"[0.06062, 0.0456, 0.3319305174328851]",0.0456,0.3319305174328851,4.6490689400317835e-05,-0.16159938463099807,-0.15111495239973402,-4.649068940060768e-05,0.39509709445096525,0.3717622778258933,-4.649068808413315e-05,-0.285569926605421,-0.24719995062492106,4.649068935186422e-05,-0.8179594238469294,-0.7406799198046033,-4.649068940062673e-05,0.10227245785885987,0.09515010611621931,4.649068940029969e-05,2.1165310064475233e-17,-5.10630862275859e-15
295.24,"[0.06062, 0.0456, 0.3319305174328851]",0.0456,0.3319305174328851,4.649068934320685e-05,-0.16159938463099807,-0.15111495239973402,-4.64906893427892e-05,0.39509709445096525,0.3717622778258933,-4.649068805006138e-05,-0.285569926605421,-0.24719995062492106,4.649068933269935e-05,-0.8179594238469294,-0.7406799198046033,-4.649068934276264e-05,0.10227245785885987,0.09515010611621931,4.649068934323469e-05,2.1165310064475233e-17,-5.10630862275859e-15
295.26,"[0.06062, 0.0456, 0.3315776673516932]",0.0456,0.3315776673516932,4.649068925191058e-05,-0.16189615290094078,-0.15168490329470893,-4.649068925218062e-05,0.39570154717057315,0.3730313122190938,-4.649068792487027e-05,-0.28687066700818076,-0.24928376086065815,4.649068920557057e-05,-0.8203768426541446,-0.7448787625253583,-4.649068925219798e-05,0.10247772642483763,0.09553725255536118,4.649068925189321e-05,2.132028452317947e-17,-5.258397573552021e-15
295.28,"[0.06062, 0.0456, 0.3315776673516932]",0.0456,0.3315776673516932,4.649068919687167e-05,-0.16189615290094078,-0.15168490329470893,-4.649068919648519e-05,0.39570154717057315,0.3730313122190938,-4.649068789171948e-05,-0.28687066700818076,-0.24928376086065815,4.6490689186643366e-05,-0.8203768426541446,-0.7448787625253583,-4.649068919645984e-05,0.10247772642483763,0.09553725255536118,4.6490689196896144e-05,2.132028452317947e-17,-5.258397573552021e-15
295.3,"[0.06062, 0.0456, 0.3315776673516932]",0.0456,0.3315776673516932,4.6490689109732476e-05,-0.16189615290094078,-0.15225149274821095,-4.649068910998229e-05,0.39570154717057315,0.3742899790106423,-4.649068777247078e-05,-0.28687066700818076,-0.25136633289472005,4.6490689065633705e-05,-0.8203768426541446,-0.7490646829589158,-4.6490689109998025e-05,0.10247772642483763,0.09592230464826947,4.649068910971573e-05,2.132028452317947e-17,-5.2277344901744e-15
295.32,"[0.06062, 0.0456, 0.3312628736371383]",0.0456,0.3312628736371383,4.649068907241861e-05,-0.1621598850449588,-0.15225149274821095,-4.649068907253116e-05,0.396236988745368,0.3742899790106423,-4.64906877353926e-05,-0.28803157483725383,-0.25136633289472005,4.649068903318609e-05,-0.8225302909052083,-0.7490646829589158,-4.649068907253881e-05,0.10266019716651219,0.09592230464826947,4.649068907241142e-05,2.137749869156556e-17,-5.2277344901744e-15
295.34,"[0.06062, 0.0456, 0.3312628736371383]",0.0456,0.3312628736371383,4.6490688964675225e-05,-0.1621598850449588,-0.15279212294222186,-4.649068896495828e-05,0.396236988745368,0.3754881454273707,-4.6490687614710305e-05,-0.28803157483725383,-0.25336427927601285,4.6490688919760916e-05,-0.8225302909052083,-0.753070372908069,-4.64906889649759e-05,0.10266019716651219,0.09628989810918472,4.6490688964655946e-05,2.137749869156556e-17,-5.378918254579352e-15
295.36,"[0.06062, 0.0456, 0.3309864469526112]",0.0456,0.3309864469526112,4.6490688928423265e-05,-0.1623906750811989,-0.15279212294222186,-4.649068892852835e-05,0.39670419981057364,0.3754881454273707,-4.649068758098974e-05,-0.2890513562803872,-0.25336427927601285,4.649068889132648e-05,-0.8244187632139124,-0.753070372908069,-4.6490688928534694e-05,0.10281991656294573,0.09628989810918472,4.649068892841579e-05,2.1443649711721782e-17,-5.378918254579352e-15
295.38,"[0.06062, 0.0456, 0.3309864469526112]",0.0456,0.3309864469526112,4.6490688826647364e-05,-0.1623906750811989,-0.1533140162635019,-4.649068882690661e-05,0.39670419981057364,0.3766423429240854,-4.649068746706596e-05,-0.2890513562803872,-0.25530221502482575,4.6490688784285084e-05,-0.8244187632139124,-0.7569471135250836,-4.649068882692352e-05,0.10281991656294573,0.09664490693713293,4.6490688826630294e-05,2.1443649711721782e-17,-5.548141732448361e-15
295.4,"[0.06062, 0.0456, 0.3309864469526112]",0.0456,0.3309864469526112,4.649068879447584e-05,-0.1623906750811989,-0.1533140162635019,-4.649068879456759e-05,0.39670419981057364,0.3766423429240854,-4.649068743752221e-05,-0.2890513562803872,-0.25530221502482575,4.649068875958615e-05,-0.8244187632139124,-0.7569471135250836,-4.6490688794573214e-05,0.10281991656294573,0.09664490693713293,4.649068879446902e-05,2.1443649711721782e-17,-5.548141732448361e-15
295.42,"[0.06062, 0.0456, 0.3307486600978762]",0.0456,0.3307486600978762,4.6490688697963076e-05,-0.16258860777270953,-0.1538174775254974,-4.649068869820192e-05,0.3971038782815699,0.3777536625056304,-4.6490687329241805e-05,-0.2899288691366023,-0.2571796453589602,4.649068865774555e-05,-0.8260413813121227,-0.7606954225244319,-4.649068869821689e-05,0.1029569270728711,0.09698751008538695,4.649068869794687e-05,2.139829395616807e-17,-5.7102126711678136e-15
295.44,"[0.06062, 0.0456, 0.3307486600978762]",0.0456,0.3307486600978762,4.6490688668814057e-05,-0.16258860777270953,-0.15430503068518678,-4.649068866889601e-05,0.3971038782815699,0.37882978328474853,-4.6490687302738306e-05,-0.2899288691366023,-0.25899807323206175,4.6490688635735584e-05,-0.8260413813121227,-0.7643256366077295,-4.6490688668901355e-05,0.1029569270728711,0.09731929326256014,4.6490688668808364e-05,2.139829395616807e-17,-5.691391162401785e-15
295.46,"[0.06062, 0.0456, 0.3305497477398504]",0.0456,0.3305497477398504,4.6490688623767814e-05,-0.16275375768579747,-0.15430503068518678,-4.649068862347036e-05,0.3974366337145348,0.37882978328474853,-4.6490687271288806e-05,-0.29066312595418553,-0.25899807323206175,4.6490688614316526e-05,-0.8273973933367692,-0.7643256366077295,-4.6490688623450435e-05,0.10307126645425707,0.09731929326256014,4.6490688623786415e-05,2.1415953538725297e-17,-5.691391162401785e-15
295.48,"[0.06062, 0.0456, 0.3305497477398504]",0.0456,0.3305497477398504,4.649068854334356e-05,-0.16275375768579747,-0.15476677897368002,-4.649068854354917e-05,0.3974366337145348,0.379847156055996,-4.6490687161427576e-05,-0.29066312595418553,-0.26072694942677027,4.64906885029732e-05,-0.8273973933367692,-0.7677708634850104,-4.649068854356144e-05,0.10307126645425707,0.09763362697523294,4.649068854332901e-05,2.1415953538725297e-17,-5.837944781491341e-15
295.5,"[0.06062, 0.0456, 0.3305497477398504]",0.0456,0.3305497477398504,4.649068849415022e-05,-0.16275375768579747,-0.15476677897368002,-4.649068849388567e-05,0.3974366337145348,0.379847156055996,-4.649068713112567e-05,-0.29066312595418553,-0.26072694942677027,4.6490688484957065e-05,-0.8273973933367692,-0.7677708634850104,-4.649068849386873e-05,0.10307126645425707,0.09763362697523294,4.649068849416709e-05,2.1415953538725297e-17,-5.837944781491341e-15
295.52,"[0.06062, 0.0456, 0.3303899061810163]",0.0456,0.3303899061810163,4.649068841850456e-05,-0.16288618836987118,-0.15520902778164344,-4.649068841869246e-05,0.39770298238546503,0.38082014055354746,-4.6490687028120237e-05,-0.29125329677989187,-0.2623881115664789,4.649068838068448e-05,-0.8284861732025327,-0.7710762536490836,-4.649068841870411e-05,0.10316296717089381,0.09793477368624541,4.6490688418491745e-05,2.1403989057987826e-17,-5.99828306821591e-15
295.54,"[0.06062, 0.0456, 0.3303899061810163]",0.0456,0.3303899061810163,4.6490688373685524e-05,-0.16288618836987118,-0.15520902778164344,-4.649068837343188e-05,0.39770298238546503,0.38082014055354746,-4.6490687001733575e-05,-0.29125329677989187,-0.2623881115664789,4.649068836591096e-05,-0.8284861732025327,-0.7710762536490836,-4.649068837341527e-05,0.10316296717089381,0.09793477368624541,4.64906883737015e-05,2.1403989057987826e-17,-5.99828306821591e-15
295.56,"[0.06062, 0.0456, 0.3302692931656946]",0.0456,0.3302692931656946,4.6490688303071525e-05,-0.16298595166505597,-0.15563199846101206,-4.649068830324269e-05,0.3979033431239641,0.38174961932422496,-4.6490686904793595e-05,-0.29169871149599336,-0.263980907596542,4.649068826752564e-05,-0.8293072200656704,-0.7742418755570553,-4.6490688303252844e-05,0.10323205589085155,0.09822285940137991,4.649068830305925e-05,2.1349300869391725e-17,-6.1500576482728624e-15
295.58,"[0.06062, 0.0456, 0.3302692931656946]",0.0456,0.3302692931656946,4.649068826170566e-05,-0.16298595166505597,-0.15563199846101206,-4.6490688261464115e-05,0.3979033431239641,0.38174961932422496,-4.6490686881222484e-05,-0.29169871149599336,-0.263980907596542,4.649068825493773e-05,-0.8293072200656704,-0.7742418755570553,-4.649068826144811e-05,0.10323205589085155,0.09822285940137991,4.649068826172048e-05,2.1349300869391725e-17,-6.1500576482728624e-15
295.6,"[0.06062, 0.0456, 0.3302692931656946]",0.0456,0.3302692931656946,4.649068819527019e-05,-0.16298595166505597,-0.1560319747890096,-4.649068819542752e-05,0.3979033431239641,0.38262845010807855,-4.6490686789497415e-05,-0.29169871149599336,-0.26548755480864533,4.6490688161678836e-05,-0.8293072200656704,-0.777235873994273,-4.649068819543824e-05,0.10323205589085155,0.09849529099702127,4.649068819526021e-05,2.1349300869391725e-17,-6.289785114454919e-15
295.62,"[0.06062, 0.0456, 0.33018802772436956]",0.0456,0.33018802772436956,4.649068815612785e-05,-0.16305308714296063,-0.1560319747890096,-4.6490688155903284e-05,0.39803803393286624,0.38262845010807855,-4.649068676720035e-05,-0.2919988617251104,-0.26548755480864533,4.649068814976446e-05,-0.8298601578838182,-0.777235873994273,-4.649068815588856e-05,0.1032785530809613,0.09849529099702127,4.649068815614252e-05,2.1332867169987456e-17,-6.289785114454919e-15
295.64,"[0.06062, 0.0456, 0.33018802772436956]",0.0456,0.33018802772436956,4.6490688093243785e-05,-0.16305308714296063,-0.15641354512929764,-4.6490688093389136e-05,0.39803803393286624,0.3834661211698004,-4.649068668036225e-05,-0.2919988617251104,-0.2669275213964683,4.649068806147175e-05,-0.8298601578838182,-0.7800949240796485,-4.649068809339812e-05,0.1032785530809613,0.09875522922449434,4.649068809323443e-05,2.1332867169987456e-17,-6.420796788598548e-15
295.66,"[0.06062, 0.0456, 0.3301461900562205]",0.0456,0.3301461900562205,4.649068805666305e-05,-0.16308762168498478,-0.15641354512929764,-4.649068805645099e-05,0.3981072694190718,0.3834661211698004,-4.649068665999943e-05,-0.2921534022863114,-0.2669275213964683,4.649068805096845e-05,-0.8301447350758393,-0.7800949240796485,-4.649068805643725e-05,0.10330247270070209,0.09875522922449434,4.649068805667698e-05,2.133427377384323e-17,-6.420796788598548e-15
295.68,"[0.06062, 0.0456, 0.3301461900562205]",0.0456,0.3301461900562205,4.6490687997248396e-05,-0.16308762168498478,-0.15678470953898876,-4.649068799738268e-05,0.3981072694190718,0.38428058810348986,-4.649068657765524e-05,-0.2921534022863114,-0.26832954368304657,4.649068796715303e-05,-0.8301447350758393,-0.7828774174037034,-4.649068799739082e-05,0.10330247270070209,0.09900810016711237,4.649068799723908e-05,2.133427377384323e-17,-6.410224857709254e-15
295.7,"[0.06062, 0.0456, 0.3301461900562205]",0.0456,0.3301461900562205,4.649068797223603e-05,-0.16308762168498478,-0.15678470953898876,-4.6490687972297305e-05,0.3981072694190718,0.38428058810348986,-4.6490686553052084e-05,-0.2921534022863114,-0.26832954368304657,4.649068794566209e-05,-0.8301447350758393,-0.7828774174037034,-4.6490687972301385e-05,0.10330247270070209,0.09900810016711237,4.649068797223271e-05,2.133427377384323e-17,-6.410224857709254e-15
295.72,"[0.06062, 0.0456, 0.33014382144997473]",0.0456,0.33014382144997473,4.649068789844992e-05,-0.16308762168498478,-0.15712987695128694,-4.6490687898602275e-05,0.3981072694190718,0.38503791650527397,-4.64906864704128e-05,-0.2921534022863114,-0.26963370820145643,4.649068786798856e-05,-0.8301447350758393,-0.7854653856080603,-4.649068789861175e-05,0.10330247270070209,0.09924326524525515,4.649068789844012e-05,2.133427377384323e-17,-6.5201298629942704e-15
295.74,"[0.06062, 0.0456, 0.33014382144997473]",0.0456,0.33014382144997473,4.6490687873241674e-05,-0.16308762168498478,-0.15712987695128694,-4.649068787329988e-05,0.3981072694190718,0.38503791650527397,-4.649068644713104e-05,-0.2921534022863114,-0.26963370820145643,4.6490687848342944e-05,-0.8301447350758393,-0.7854653856080603,-4.649068787330361e-05,0.10330247270070209,0.09924326524525515,4.649068787323793e-05,2.133427377384323e-17,-6.5201298629942704e-15
295.76,"[0.06062, 0.0456, 0.3301809242431607]",0.0456,0.3301809242431607,4.649068780457804e-05,-0.16305892967033142,-0.1574552718590172,-4.649068780471641e-05,0.3980497031835794,0.3857518178511626,-4.6490686370419184e-05,-0.29202509555215117,-0.2708633306913183,4.64906877763163e-05,-0.8299084196732837,-0.7879052818519003,-4.6490687804724624e-05,0.103282600882241,0.09946496190579197,4.649068780456852e-05,2.1341586666573513e-17,-6.641800509417208e-15
295.78,"[0.06062, 0.0456, 0.3301809242431607]",0.0456,0.3301809242431607,4.649068778190777e-05,-0.16305892967033142,-0.1574552718590172,-4.649068778195866e-05,0.3980497031835794,0.3857518178511626,-4.649068634963814e-05,-0.29202509555215117,-0.2708633306913183,4.6490687758863766e-05,-0.8299084196732837,-0.7879052818519003,-4.649068778196155e-05,0.103282600882241,0.09946496190579197,4.649068778190365e-05,2.1341586666573513e-17,-6.641800509417208e-15
295.8,"[0.06062, 0.0456, 0.3301809242431607]",0.0456,0.3301809242431607,4.649068771806889e-05,-0.16305892967033142,-0.15776107643162382,-4.6490687718194916e-05,0.3980497031835794,0.38642297915926554,-4.649068627822972e-05,-0.29202509555215117,-0.2720180374956542,4.6490687691779096e-05,-0.8299084196732837,-0.7901973408521863,-4.649068771820297e-05,0.103282600882241,0.09967329696742075,4.649068771806061e-05,2.1341586666573513e-17,-6.757362744448858e-15
295.82,"[0.06062, 0.0456, 0.33025746181980103]",0.0456,0.33025746181980103,4.649068769731737e-05,-0.16299569326387753,-0.15776107643162382,-4.649068769736311e-05,0.3979228086466462,0.38642297915926554,-4.6490686259274326e-05,-0.2917423800487121,-0.2720180374956542,4.649068767589256e-05,-0.8293876495331826,-0.7901973408521863,-4.6490687697366274e-05,0.10323880456264783,0.09967329696742075,4.6490687697314754e-05,2.132050500358875e-17,-6.757362744448858e-15
295.84,"[0.06062, 0.0456, 0.33025746181980103]",0.0456,0.33025746181980103,4.6490687637801453e-05,-0.16299569326387753,-0.15804674675345134,-4.6490687637916684e-05,0.3979228086466462,0.38705053480818313,-4.649068619265802e-05,-0.2917423800487121,-0.2730945620696335,4.649068761329115e-05,-0.8293876495331826,-0.7923361936806668,-4.649068763792449e-05,0.10323880456264783,0.0998678801112513,4.6490687637794284e-05,2.132050500358875e-17,-6.864035039674289e-15
295.86,"[0.06062, 0.0456, 0.330373358646548]",0.0456,0.330373358646548,4.6490687618415404e-05,-0.1628998322553246,-0.15804674675345134,-4.649068761845681e-05,0.39773025790126,0.38705053480818313,-4.6490686174950034e-05,-0.2913143189682936,-0.2730945620696335,4.6490687598446405e-05,-0.8285987515695463,-0.7923361936806668,-4.6490687618460005e-05,0.10317241838706213,0.0998678801112513,4.6490687618413086e-05,2.1283825068326996e-17,-6.864035039674289e-15
295.88,"[0.06062, 0.0456, 0.330373358646548]",0.0456,0.330373358646548,4.6490687562923646e-05,-0.1628998322553246,-0.15831176186609414,-4.649068756302918e-05,0.39773025790126,0.3876336282503521,-4.649068611284403e-05,-0.2913143189682936,-0.2740898680060978,4.6490687540083863e-05,-0.8285987515695463,-0.794316796589323,-4.649068756303604e-05,0.10317241838706213,0.10004833885824574,4.6490687562916816e-05,2.1283825068326996e-17,-6.962088476131445e-15
295.9,"[0.06062, 0.0456, 0.330373358646548]",0.0456,0.330373358646548,4.6490687544545017e-05,-0.1628998322553246,-0.15831176186609414,-4.649068754458303e-05,0.39773025790126,0.3876336282503521,-4.649068609600856e-05,-0.2913143189682936,-0.2740898680060978,4.649068752593866e-05,-0.8285987515695463,-0.794316796589323,-4.6490687544585234e-05,0.10317241838706213,0.10004833885824574,4.649068754454223e-05,2.1283825068326996e-17,-6.962088476131445e-15
295.92,"[0.06062, 0.0456, 0.33052850034722603]",0.0456,0.33052850034722603,4.649068749292683e-05,-0.1627713095605581,-0.1585555759900047,-4.649068749302365e-05,0.39747174270628877,0.3881713229714266,-4.6490686038280624e-05,-0.2907413885491664,-0.2750009085533246,4.6490687471704744e-05,-0.8275420974191925,-0.7961340082898744,-4.649068749303001e-05,0.10308342332437169,0.10021428499269386,4.649068749292052e-05,2.1271190769698392e-17,-7.052554924724636e-15
295.94,"[0.06062, 0.0456, 0.33052850034722603]",0.0456,0.33052850034722603,4.649068747532233e-05,-0.1627713095605581,-0.1585555759900047,-4.6490687475357604e-05,0.39747174270628877,0.3881713229714266,-4.649068602207053e-05,-0.2907413885491664,-0.2750009085533246,4.649068745803288e-05,-0.8275420974191925,-0.7961340082898744,-4.6490687475360165e-05,0.10308342332437169,0.10021428499269386,4.649068747532038e-05,2.1271190769698392e-17,-7.052554924724636e-15
295.96,"[0.06062, 0.0456, 0.33072273381570705]",0.0456,0.33072273381570705,4.649068742752561e-05,-0.16261007504542982,-0.1587856980764067,-4.649068742761414e-05,0.39714685041388575,0.38867888308507104,-4.649068596868515e-05,-0.2900242271436078,-0.27586056052569063,4.649068740790396e-05,-0.8262181810143412,-0.7978489282150942,-4.649068742761925e-05,0.1029717936439502,0.10037090827238843,4.649068742751959e-05,2.122150446881956e-17,-7.136578170999871e-15
295.98,"[0.06062, 0.0456, 0.33072273381570705]",0.0456,0.33072273381570705,4.6490687411840344e-05,-0.16261007504542982,-0.1587856980764067,-4.6490687411871536e-05,0.39714685041388575,0.38867888308507104,-4.64906859543565e-05,-0.2900242271436078,-0.27586056052569063,4.649068739588152e-05,-0.8262181810143412,-0.7978489282150942,-4.6490687411874083e-05,0.1029717936439502,0.10037090827238843,4.6490687411838494e-05,2.122150446881956e-17,-7.136578170999871e-15
296.0,"[0.06062, 0.0456, 0.33072273381570705]",0.0456,0.33072273381570705,4.6490687367495466e-05,-0.16261007504542982,-0.15899497052189399,-4.64906873675765e-05,0.39714685041388575,0.38914203086607846,-4.649068590474997e-05,-0.2900242271436078,-0.27663644447861796,4.649068734926899e-05,-0.8262181810143412,-0.799402205992884,-4.649068736758164e-05,0.1029717936439502,0.10051324422124483,4.649068736748999e-05,2.122150446881956e-17,-7.207718627356637e-15
296.02,"[0.06062, 0.0456, 0.3309558673670077]",0.0456,0.3309558673670077,4.6490687352053296e-05,-0.16241606692367955,-0.15899497052189399,-4.6490687352082814e-05,0.39675507053931164,0.38914203086607846,-4.649068589048123e-05,-0.2891636333702205,-0.27663644447861796,4.649068733720185e-05,-0.824627621318244,-0.799402205992884,-4.649068735208485e-05,0.10283749785493031,0.10051324422124483,4.649068735205159e-05,2.123937881225131e-17,-7.207718627356637e-15
296.04,"[0.06062, 0.0456, 0.3309558673670077]",0.0456,0.3309558673670077,4.649068731108517e-05,-0.16241606692367955,-0.15918272400759953,-4.649068731115942e-05,0.39675507053931164,0.3895595103518843,-4.6490685844765654e-05,-0.2891636333702205,-0.2773251950268349,4.649068729428804e-05,-0.824627621318244,-0.8007879304852887,-4.649068731116467e-05,0.10283749785493031,0.1006408223316622,4.649068731108067e-05,2.123937881225131e-17,-7.273906837652926e-15
296.06,"[0.06062, 0.0456, 0.3312276709264595]",0.0456,0.3312276709264595,4.6490687295875964e-05,-0.16218921246055457,-0.159352877058871,-4.649068729590387e-05,0.396295798844911,0.38994016345107163,-4.6490685830554786e-05,-0.28816056386335465,-0.2779406433116526,4.649068728217861e-05,-0.8227711628191571,-0.8020344408906809,-4.6490687295905285e-05,0.102680499215221,0.10075629521772789,4.6490687295874026e-05,2.12351289569018e-17,-7.273634732953015e-15
296.08,"[0.06062, 0.0456, 0.3312276709264595]",0.0456,0.3312276709264595,4.649068727430945e-05,-0.16218921246055457,-0.159352877058871,-4.649068727423479e-05,0.396295798844911,0.38994016345107163,-4.6490685813267074e-05,-0.28816056386335465,-0.2779406433116526,4.6490687268819936e-05,-0.8227711628191571,-0.8020344408906809,-4.6490687274229806e-05,0.102680499215221,0.10075629521772789,4.6490687274314056e-05,2.12351289569018e-17,-7.273634732953015e-15
296.1,"[0.06062, 0.0456, 0.3312276709264595]",0.0456,0.3312276709264595,4.6490687241940856e-05,-0.16218921246055457,-0.15950991336364462,-4.649068724200209e-05,0.396295798844911,0.3902917078152698,-4.649068577090041e-05,-0.28816056386335465,-0.2785077629986586,4.649068722648223e-05,-0.8227711628191571,-0.8031839172828525,-4.6490687242006125e-05,0.102680499215221,0.10086285184803448,4.6490687241936784e-05,2.12351289569018e-17,-7.337188064623711e-15
296.12,"[0.06062, 0.0456, 0.33153787625676445]",0.0456,0.33153787625676445,4.64906872206474e-05,-0.16192942880391342,-0.15950991336364462,-4.649068722058141e-05,0.395768342182144,0.3902917078152698,-4.6490685755713435e-05,-0.2870161306050708,-0.2785077629986586,4.6490687215817025e-05,-0.8206496761185056,-0.8031839172828525,-4.649068722057741e-05,0.10250075633165638,0.10086285184803448,4.6490687220651964e-05,2.1243643173927435e-17,-7.337188064623711e-15
296.14,"[0.06062, 0.0456, 0.33153787625676445]",0.0456,0.33153787625676445,4.6490687191892986e-05,-0.16192942880391342,-0.15964440288251736,-4.6490687191947454e-05,0.395768342182144,0.3905955944639966,-4.6490685718028526e-05,-0.2870161306050708,-0.27898272711800426,4.64906871781394e-05,-0.8206496761185056,-0.8041569143851071,-4.649068719195173e-05,0.10250075633165638,0.10095392911301233,4.6490687191890316e-05,2.1243643173927435e-17,-7.396634415006254e-15
296.16,"[0.06062, 0.0456, 0.33188617722271313]",0.0456,0.33188617722271313,4.64906871719912e-05,-0.1616366239360901,-0.15964440288251736,-4.649068717193645e-05,0.39517192405540413,0.3905955944639966,-4.649068570303117e-05,-0.28573159786225866,-0.27898272711800426,4.649068716709328e-05,-0.8182641586078883,-0.8041569143851071,-4.6490687171932906e-05,0.1022982238466479,0.10095392911301233,4.649068717199481e-05,2.121671042871251e-17,-7.396634415006254e-15
296.18,"[0.06062, 0.0456, 0.33188617722271313]",0.0456,0.33188617722271313,4.649068714628065e-05,-0.1616366239360901,-0.15964440288251736,-4.649068714632876e-05,0.39517192405540413,0.3905955944639966,-4.6490685669920104e-05,-0.28573159786225866,-0.27898272711800426,4.649068713417699e-05,-0.8182641586078883,-0.8041569143851071,-4.649068714633231e-05,0.1022982238466479,0.10095392911301233,4.64906871462779e-05,2.121671042871251e-17,-7.396634415006254e-15
296.2,"[0.06062, 0.0456, 0.33188617722271313]",0.0456,0.33188617722271313,4.649068711827544e-05,-0.1616366239360901,-0.159752756166658,-4.649068711832502e-05,0.39517192405540413,0.3908439480942003,-4.6490685640617256e-05,-0.28573159786225866,-0.27935186518685107,4.649068710745837e-05,-0.8182641586078883,-0.8049263989524407,-4.649068711832848e-05,0.1022982238466479,0.10102707786441971,4.6490687118271817e-05,2.121671042871251e-17,-7.489807960507084e-15
296.22,"[0.06062, 0.0456, 0.332272230093303]",0.0456,0.332272230093303,4.649068710596544e-05,-0.16131069773932835,-0.159752756166658,-4.649068710598468e-05,0.39450569086680637,0.3908439480942003,-4.649068562887503e-05,-0.28430837875461096,-0.27935186518685107,4.6490687097306565e-05,-0.8156157352292949,-0.8049263989524407,-4.6490687105986105e-05,0.10207285320577972,0.10102707786441971,4.649068710596392e-05,2.1114603273192642e-17,-7.489807960507084e-15
296.24,"[0.06062, 0.0456, 0.332272230093303]",0.0456,0.332272230093303,4.649068709022112e-05,-0.16131069773932835,-0.15984291519017285,-4.6490687090185885e-05,0.39450569086680637,0.3910546299523002,-4.6490685614599474e-05,-0.28430837875461096,-0.2796434135225497,4.6490687085324444e-05,-0.8156157352292949,-0.8055500234166374,-4.649068709018346e-05,0.10207285320577972,0.10108767740364297,4.6490687090223486e-05,2.1114603273192642e-17,-7.512392715418579e-15
296.26,"[0.06062, 0.0456, 0.3326956538809594]",0.0456,0.3326956538809594,4.6490687070635334e-05,-0.16095154316688745,-0.15990744328328949,-4.6490687070672414e-05,0.393768718796701,0.39121100241977447,-4.64906855905526e-05,-0.28274803148192174,-0.27983032470881947,4.649068706179674e-05,-0.8127056593125436,-0.805973141651238,-4.6490687070675e-05,0.10182459350024874,0.10113067584669505,4.649068707063314e-05,2.1100419421349802e-17,-7.561145238411602e-15
296.28,"[0.06062, 0.0456, 0.3326956538809594]",0.0456,0.3326956538809594,4.649068705444735e-05,-0.16095154316688745,-0.15990744328328949,-4.6490687054428016e-05,0.393768718796701,0.39121100241977447,-4.6490685575603785e-05,-0.28274803148192174,-0.27983032470881947,4.649068704911591e-05,-0.8127056593125436,-0.805973141651238,-4.6490687054427365e-05,0.10182459350024874,0.10113067584669505,4.649068705444918e-05,2.1100419421349802e-17,-7.561145238411602e-15
296.3,"[0.06062, 0.0456, 0.3326956538809594]",0.0456,0.3326956538809594,4.649068703786315e-05,-0.16095154316688745,-0.15996697346870767,-4.649068703789499e-05,0.393768718796701,0.39135577732637616,-4.6490685556429934e-05,-0.28274803148192174,-0.28000076747898595,4.649068703077077e-05,-0.8127056593125436,-0.8063613629218189,-4.6490687037897294e-05,0.10182459350024874,0.10117030990428577,4.649068703786116e-05,2.1100419421349802e-17,-7.61254527994101e-15
296.32,"[0.06062, 0.0456, 0.3331560307175247]",0.0456,0.3331560307175247,4.649068702554182e-05,-0.16055904751133793,-0.15996697346870767,-4.64906870255204e-05,0.3929600212707682,0.39135577732637616,-4.649068554541918e-05,-0.2810522552415529,-0.28000076747898595,4.649068702162675e-05,-0.8095353134836979,-0.8063613629218189,-4.64906870255194e-05,0.1015533923775733,0.10117030990428577,4.649068702554327e-05,2.090635880971223e-17,-7.61254527994101e-15
296.34,"[0.06062, 0.0456, 0.3331560307175247]",0.0456,0.3331560307175247,4.649068701257517e-05,-0.16055904751133793,-0.16000275680723244,-4.6490687012601475e-05,0.3929600212707682,0.39145041579545614,-4.6490685530163604e-05,-0.2810522552415529,-0.2800733678808518,4.6490687006914035e-05,-0.8095353134836979,-0.8065628497447329,-4.6490687012603874e-05,0.1015533923775733,0.10119361814413666,4.649068701257383e-05,2.090635880971223e-17,-7.644373285044896e-15
296.36,"[0.06062, 0.0456, 0.33365290626664307]",0.0456,0.33365290626664307,4.6490687000688404e-05,-0.1601330937611023,-0.16000275680723244,-4.649068700067974e-05,0.3920785569612274,0.39145041579545614,-4.649068551817783e-05,-0.2792228858689487,-0.2800733678808518,4.6490686996259824e-05,-0.8061062106382256,-0.8065628497447329,-4.6490687000679866e-05,0.1012591970136318,0.10119361814413666,4.649068700068924e-05,2.0862139066673615e-17,-7.644373285044896e-15
296.38,"[0.06062, 0.0456, 0.33365290626664307]",0.0456,0.33365290626664307,4.6490686990005014e-05,-0.1601330937611023,-0.16001408719743893,-4.649068699002722e-05,0.3920785569612274,0.39149333990321405,-4.6490685506813786e-05,-0.2792228858689487,-0.280045348986491,4.6490686985733224e-05,-0.8061062106382256,-0.8065721803258233,-4.64906869900292e-05,0.1012591970136318,0.10120011404374023,4.649068699000375e-05,2.0862139066673615e-17,-7.674937811577168e-15
296.4,"[0.06062, 0.0456, 0.33365290626664307]",0.0456,0.33365290626664307,4.649068697873109e-05,-0.1601330937611023,-0.16001408719743893,-4.649068697873545e-05,0.3920785569612274,0.39149333990321405,-4.649068549415431e-05,-0.2792228858689487,-0.280045348986491,4.649068697389053e-05,-0.8061062106382256,-0.8065721803258233,-4.649068697873675e-05,0.1012591970136318,0.10120011404374023,4.6490686978731914e-05,2.0862139066673615e-17,-7.674937811577168e-15
296.42,"[0.06062, 0.0456, 0.334185790172136]",0.0456,0.334185790172136,4.649068697068346e-05,-0.15967356203595393,-0.16000039594917867,-4.649068697070151e-05,0.3911232382669467,0.39148321178391743,-4.6490685487100985e-05,-0.27726189123564643,-0.27991466261461334,4.6490686967953135e-05,-0.8024199949727309,-0.8063851852622892,-4.649068697070319e-05,0.1009419551388076,0.10118940784981047,4.649068697068312e-05,2.0858916440802683e-17,-7.70601876309065e-15
296.44,"[0.06062, 0.0456, 0.334185790172136]",0.0456,0.334185790172136,4.649068696031314e-05,-0.15967356203595393,-0.16000039594917867,-4.6490686960330475e-05,0.3911232382669467,0.39148321178391743,-4.649068547403839e-05,-0.27726189123564643,-0.27991466261461334,4.6490686955156724e-05,-0.8024199949727309,-0.8063851852622892,-4.649068696033158e-05,0.1009419551388076,0.10118940784981047,4.649068696031192e-05,2.0858916440802683e-17,-7.70601876309065e-15
296.46,"[0.06062, 0.0456, 0.33475415654192475]",0.0456,0.33475415654192475,4.649068695517793e-05,-0.15918033109199184,-0.15996116590141718,-4.649068695519124e-05,0.39009294021513097,0.3914187598456572,-4.649068547160727e-05,-0.2751713664404657,-0.2796796083524669,4.649068695410178e-05,-0.7984784430694726,-0.805998243440071,-4.649068695519256e-05,0.10060161611084192,0.10116114711984225,4.649068695517739e-05,2.0826063341121123e-17,-7.737484548612216e-15
296.48,"[0.06062, 0.0456, 0.33475415654192475]",0.0456,0.33475415654192475,4.649068694592786e-05,-0.15918033109199184,-0.15996116590141718,-4.6490686945958407e-05,0.39009294021513097,0.3914187598456572,-4.649068545834689e-05,-0.2751713664404657,-0.2796796083524669,4.649068694052728e-05,-0.7984784430694726,-0.805998243440071,-4.649068694596113e-05,0.10060161611084192,0.10116114711984225,4.649068694592653e-05,2.0826063341121123e-17,-7.737484548612216e-15
296.5,"[0.06062, 0.0456, 0.33475415654192475]",0.0456,0.33475415654192475,4.6490686943908126e-05,-0.15918033109199184,-0.15992226916728514,-4.649068694391667e-05,0.39009294021513097,0.3913540710279045,-4.6490685460763966e-05,-0.2751713664404657,-0.2794496587997097,4.649068694456759e-05,-0.7984784430694726,-0.8056179086697187,-4.649068694391703e-05,0.10060161611084192,0.10113318069712647,4.649068694390702e-05,2.0826063341121123e-17,-7.768739566301113e-15
296.52,"[0.06062, 0.0456, 0.3353574444670219]",0.0456,0.3353574444670219,4.64906869390656e-05,-0.15865327988653202,-0.15992226916728514,-4.6490686939090555e-05,0.3889865097257599,0.3913540710279045,-4.6490685452285796e-05,-0.2729535288303046,-0.2794496587997097,4.64906869354212e-05,-0.7942834650283138,-0.8056179086697187,-4.649068693909224e-05,0.10023813202691048,0.10113318069712647,4.649068693906355e-05,2.0863752476048584e-17,-7.768739566301113e-15
296.54,"[0.06062, 0.0456, 0.3353574444670219]",0.0456,0.3353574444670219,4.649068694066648e-05,-0.15865327988653202,-0.1598579932413656,-4.6490686940670116e-05,0.3889865097257599,0.39123520566078446,-4.649068545828172e-05,-0.2729535288303046,-0.2791164497602004,4.6490686942638214e-05,-0.7942834650283138,-0.8050393487758059,-4.649068694067093e-05,0.10023813202691048,0.10108777268178439,4.649068694066632e-05,2.0863752476048584e-17,-7.775031564321428e-15
296.56,"[0.06062, 0.0456, 0.33599505857508133]",0.0456,0.33599505857508133,4.6490686935787994e-05,-0.15809228919341908,-0.1598579932413656,-4.6490686935827845e-05,0.38780277517908557,0.39123520566078446,-4.6490685448241505e-05,-0.27061071288736094,-0.2791164497602004,4.649068693140498e-05,-0.789837105641438,-0.8050393487758059,-4.6490686935830407e-05,0.09985145886746545,0.10108777268178439,4.64906869357854e-05,2.1133722215417214e-17,-7.775031564321428e-15
296.58,"[0.06062, 0.0456, 0.33599505857508133]",0.0456,0.33599505857508133,4.649068693933332e-05,-0.15809228919341908,-0.15976756410443288,-4.649068693933383e-05,0.38780277517908557,0.39106027714195785,-4.6490685457851914e-05,-0.27061071288736094,-0.2786774455367499,4.649068694258946e-05,-0.789837105641438,-0.8042571581887856,-4.649068693933365e-05,0.09985145886746545,0.10102439704250009,4.64906869393326e-05,2.1133722215417214e-17,-7.781811133537828e-15
296.6,"[0.06062, 0.0456, 0.33599505857508133]",0.0456,0.33599505857508133,4.649068693475325e-05,-0.15809228919341908,-0.15976756410443288,-4.6490686934808255e-05,0.38780277517908557,0.39106027714195785,-4.649068544677019e-05,-0.27061071288736094,-0.2786774455367499,4.6490686929815266e-05,-0.789837105641438,-0.8042571581887856,-4.649068693481224e-05,0.09985145886746545,0.10102439704250009,4.6490686934749904e-05,2.1133722215417214e-17,-7.781811133537828e-15
296.62,"[0.06062, 0.0456, 0.3366663696179584]",0.0456,0.3366663696179584,4.649068694076475e-05,-0.15749724325945172,-0.15965041531982133,-4.649068694076164e-05,0.38654055622623656,0.3908277950572867,-4.6490685460583554e-05,-0.26814536501955133,-0.27813111226626663,4.649068694552168e-05,-0.7851415456069588,-0.8032677195749942,-4.6490686940761805e-05,0.09944155766449307,0.10094267279271242,4.6490686940765126e-05,2.127876499112967e-17,-7.791384591077804e-15
296.64,"[0.06062, 0.0456, 0.3366663696179584]",0.0456,0.3366663696179584,4.649068693693652e-05,-0.15749724325945172,-0.15965041531982133,-4.6490686937006596e-05,0.38654055622623656,0.3908277950572867,-4.6490685448910675e-05,-0.26814536501955133,-0.27813111226626663,4.649068693160756e-05,-0.7851415456069588,-0.8032677195749942,-4.649068693701107e-05,0.09944155766449307,0.10094267279271242,4.6490686936931394e-05,2.127876499112967e-17,-7.791384591077804e-15
296.66,"[0.06062, 0.0456, 0.33737071509270217]",0.0456,0.33737071509270217,4.649068694580384e-05,-0.15686803149293724,-0.1595060546946989,-4.64906869457965e-05,0.38519867378333755,0.3905363885954727,-4.6490685467338574e-05,-0.2655600382905052,-0.2774763493589363,4.649068695221288e-05,-0.7801991027785494,-0.8020681349932883,-4.649068694579618e-05,0.0990083956870478,0.1008422720113526,4.649068694580435e-05,2.1399383598326262e-17,-7.803238781816361e-15
296.68,"[0.06062, 0.0456, 0.33737071509270217]",0.0456,0.33737071509270217,4.649068694304825e-05,-0.15686803149293724,-0.1595060546946989,-4.649068694313394e-05,0.38519867378333755,0.3905363885954727,-4.6490685455399645e-05,-0.2655600382905052,-0.2774763493589363,4.6490686937447636e-05,-0.7801991027785494,-0.8020681349932883,-4.649068694314003e-05,0.0990083956870478,0.1008422720113526,4.649068694304295e-05,2.1399383598326262e-17,-7.803238781816361e-15
296.7,"[0.06062, 0.0456, 0.33737071509270217]",0.0456,0.33737071509270217,4.649068695504403e-05,-0.15686803149293724,-0.1593652649145583,-4.649068695503185e-05,0.38519867378333755,0.3902520856409518,-4.649068547872384e-05,-0.2655600382905052,-0.27683818474504024,4.649068696320957e-05,-0.7801991027785494,-0.800898652036218,-4.649068695503142e-05,0.0990083956870478,0.10074436153686857,4.649068695504479e-05,2.1399383598326262e-17,-7.878504394642688e-15
296.72,"[0.06062, 0.0456, 0.33810739989536576]",0.0456,0.33810739989536576,4.6490686952508126e-05,-0.15620455017581247,-0.1593652649145583,-4.6490686952513296e-05,0.38377596015045723,0.3902520856409518,-4.649068547548768e-05,-0.26285738712469836,-0.27683818474504024,4.64906869599261e-05,-0.7750122334492459,-0.800898652036218,-4.649068695251435e-05,0.09855194763721921,0.10074436153686857,4.649068695250857e-05,2.1337988186606725e-17,-7.878504394642688e-15
296.74,"[0.06062, 0.0456, 0.33810739989536576]",0.0456,0.33810739989536576,4.649068697708434e-05,-0.15620455017581247,-0.15919883154799527,-4.649068697705953e-05,0.38377596015045723,0.3899116203025644,-4.6490685504267835e-05,-0.26285738712469836,-0.27609992442541437,4.649068698743127e-05,-0.7750122334492459,-0.7995333418375056,-4.6490686977058136e-05,0.09855194763721921,0.10062888106372925,4.649068697708605e-05,2.1337988186606725e-17,-7.86800758627191e-15
296.76,"[0.06062, 0.0456, 0.3388756970069899]",0.0456,0.3388756970069899,4.649068697405146e-05,-0.1555067041913277,-0.15919883154799527,-4.649068697405795e-05,0.3822712691981916,0.3899116203025644,-4.6490685499368705e-05,-0.2600401620222269,-0.27609992442541437,4.649068698213732e-05,-0.7695835336688763,-0.7995333418375056,-4.649068697405879e-05,0.09807219685006871,0.10062888106372925,4.649068697405151e-05,2.1700238100794075e-17,-7.86800758627191e-15
296.78,"[0.06062, 0.0456, 0.3388756970069899]",0.0456,0.3388756970069899,4.649068700102323e-05,-0.1555067041913277,-0.15900475942869735,-4.6490687000994155e-05,0.3822712691981916,0.3895105623396684,-4.649068553101653e-05,-0.2600401620222269,-0.2752537212503289,4.649068701241166e-05,-0.7695835336688763,-0.7979568923518489,-4.649068700099302e-05,0.09807219685006871,0.10049445840209177,4.6490687001025496e-05,2.1700238100794075e-17,-7.850225629221042e-15
296.8,"[0.06062, 0.0456, 0.3388756970069899]",0.0456,0.3388756970069899,4.6490686996769765e-05,-0.1555067041913277,-0.15881586396289576,-4.649068699677817e-05,0.3822712691981916,0.3891201142741316,-4.649068552463978e-05,-0.2600401620222269,-0.2744304153204827,4.649068700566957e-05,-0.7695835336688763,-0.7964228397670733,-4.6490686996779245e-05,0.09807219685006871,0.10036362666306077,4.649068699676977e-05,2.1700238100794075e-17,-7.917048167308507e-15
296.82,"[0.06062, 0.0456, 0.3396748482110831]",0.0456,0.3396748482110831,4.6490687003133646e-05,-0.15477440875992218,-0.15881586396289576,-4.649068700323899e-05,0.38068348656664225,0.3891201142741316,-4.649068552341636e-05,-0.2571112043162428,-0.2744304153204827,4.649068700111752e-05,-0.7639157405957725,-0.7964228397670733,-4.6490687003245515e-05,0.09756913649152099,0.10036362666306077,4.6490687003126795e-05,2.174919101848066e-17,-7.917048167308507e-15
296.84,"[0.06062, 0.0456, 0.3396748482110831]",0.0456,0.3396748482110831,4.6490687029377064e-05,-0.15477440875992218,-0.15860136262928265,-4.6490687029345195e-05,0.38068348656664225,0.3886728396686302,-4.6490685564192286e-05,-0.2571112043162428,-0.27350936376467194,4.649068704387925e-05,-0.7639157405957725,-0.7946955693705574,-4.6490687029343095e-05,0.09756913649152099,0.10021527872540627,4.649068702937903e-05,2.174919101848066e-17,-7.878595214797258e-15
296.86,"[0.06062, 0.0456, 0.34050406484188966]",0.0456,0.34050406484188966,4.6490687047833316e-05,-0.15400759117666657,-0.15860136262928265,-4.64906870478366e-05,0.3790115398240067,0.3886728396686302,-4.649068558198713e-05,-0.2540734410044326,-0.27350936376467194,4.6490687059319726e-05,-0.7580117338848894,-0.7946955693705574,-4.6490687047836744e-05,0.09704277074871946,0.10021527872540627,4.649068704783285e-05,2.180819346888632e-17,-7.878595214797258e-15
296.88,"[0.06062, 0.0456, 0.34050406484188966]",0.0456,0.34050406484188966,4.649068706538915e-05,-0.15400759117666657,-0.1583546469218008,-4.649068706535511e-05,0.3790115398240067,0.38815465702077134,-4.649068560372497e-05,-0.2540734410044326,-0.27246304156722373,4.6490687080547266e-05,-0.7580117338848894,-0.7927227629819362,-4.649068706535291e-05,0.09704277074871946,0.1000448545672814,4.64906870653915e-05,2.180819346888632e-17,-7.927361085436254e-15
296.9,"[0.06062, 0.0456, 0.34050406484188966]",0.0456,0.34050406484188966,4.649068706562716e-05,-0.15400759117666657,-0.1583546469218008,-4.64906870656317e-05,0.3790115398240067,0.38815465702077134,-4.6490685602703784e-05,-0.2540734410044326,-0.27246304156722373,4.649068707893016e-05,-0.7580117338848894,-0.7927227629819362,-4.649068706563226e-05,0.09704277074871946,0.1000448545672814,4.6490687065626855e-05,2.180819346888632e-17,-7.927361085436254e-15
296.92,"[0.06062, 0.0456, 0.34136252856270743]",0.0456,0.34136252856270743,4.649068710780219e-05,-0.1532061925444522,-0.1580815892525946,-4.649068710775008e-05,0.3772544085348366,0.3875771591969604,-4.649068565159749e-05,-0.2509298796839377,-0.27131880783123147,4.6490687125492854e-05,-0.7518745371158129,-0.7905539819710713,-4.6490687107746456e-05,0.09649311600792888,0.09985644723192517,4.649068710780543e-05,2.213873397310581e-17,-7.894188073673692e-15
296.94,"[0.06062, 0.0456, 0.34136252856270743]",0.0456,0.34136252856270743,4.649068710801952e-05,-0.1532061925444522,-0.1580815892525946,-4.6490687108025225e-05,0.3772544085348366,0.3875771591969604,-4.649068564920036e-05,-0.2509298796839377,-0.27131880783123147,4.649068712203238e-05,-0.7518745371158129,-0.7905539819710713,-4.649068710802572e-05,0.09649311600792888,0.09985644723192517,4.6490687108019276e-05,2.213873397310581e-17,-7.894188073673692e-15
296.96,"[0.06062, 0.0456, 0.3422493921734876]",0.0456,0.3422493921734876,4.649068715254046e-05,-0.1523701694979962,-0.15782113312600135,-4.6490687152483125e-05,0.3754111341912476,0.38702609413458117,-4.649068570085716e-05,-0.2476836036170187,-0.2702281531759384,4.649068717124757e-05,-0.7455073192656746,-0.7884861113307446,-4.649068715247952e-05,0.09592020201569855,0.0996767470150329,4.649068715254391e-05,2.237172233316186e-17,-7.853992451184399e-15
296.98,"[0.06062, 0.0456, 0.3422493921734876]",0.0456,0.3422493921734876,4.6490687164362505e-05,-0.1523701694979962,-0.15782113312600135,-4.649068716451592e-05,0.3754111341912476,0.38702609413458117,-4.64906856974376e-05,-0.2476836036170187,-0.2702281531759384,4.649068716127353e-05,-0.7455073192656746,-0.7884861113307446,-4.649068716452579e-05,0.09592020201569855,0.0996767470150329,4.6490687164352665e-05,2.237172233316186e-17,-7.853992451184399e-15
297.0,"[0.06062, 0.0456, 0.3422493921734876]",0.0456,0.3422493921734876,4.649068719576236e-05,-0.1523701694979962,-0.15752975517972284,-4.6490687195718146e-05,0.3754111341912476,0.3864057518350722,-4.649068574692925e-05,-0.2476836036170187,-0.26902120805429836,4.649068721342291e-05,-0.7455073192656746,-0.7861867511543328,-4.649068719571487e-05,0.09592020201569855,0.09947591458379514,4.649068719576495e-05,2.237172233316186e-17,-7.843897419966253e-15
297.02,"[0.06062, 0.0456, 0.3431637804469186]",0.0456,0.3431637804469186,4.649068720519362e-05,-0.15149949591465856,-0.15752975517972284,-4.649068720537397e-05,0.37348082996387666,0.3864057518350722,-4.649068574086494e-05,-0.24433776695242185,-0.26902120805429836,4.6490687200945824e-05,-0.7389133962334061,-0.7861867511543328,-4.649068720538553e-05,0.09532407301965715,0.09947591458379514,4.64906872051821e-05,2.2075225706437226e-17,-7.843897419966253e-15
297.04,"[0.06062, 0.0456, 0.3431637804469186]",0.0456,0.3431637804469186,4.649068723815013e-05,-0.15149949591465856,-0.15720760275354131,-4.649068723810252e-05,0.37348082996387666,0.3857158675514425,-4.649068579383418e-05,-0.24433776695242185,-0.26770048634227006,4.6490687257063254e-05,-0.7389133962334061,-0.7836590875072974,-4.649068723809983e-05,0.09532407301965715,0.09925408029654514,4.64906872381538e-05,2.2075225706437226e-17,-7.856644919675817e-15
297.06,"[0.06062, 0.0456, 0.34410479099217006]",0.0456,0.34410479099217006,4.6490687239034375e-05,-0.15059416460904523,-0.15720760275354131,-4.649068723904075e-05,0.37146269023316103,0.3857158675514425,-4.6490685793334214e-05,-0.24089559012500375,-0.26770048634227006,4.649068725580695e-05,-0.7320962324232909,-0.7836590875072974,-4.649068723904116e-05,0.09470478888601143,0.09925408029654514,4.649068723903391e-05,2.1655939195627973e-17,-7.856644919675817e-15
297.08,"[0.06062, 0.0456, 0.34410479099217006]",0.0456,0.34410479099217006,4.649068729184436e-05,-0.15059416460904523,-0.1568565018670814,-4.649068729177032e-05,0.37146269023316103,0.3849598042814022,-4.6490685854519354e-05,-0.24089559012500375,-0.2662753020352416,4.649068731407351e-05,-0.7320962324232909,-0.7809193941656847,-4.6490687291766024e-05,0.09470478888601143,0.09901252998119231,4.649068729184948e-05,2.1655939195627973e-17,-7.810322534214585e-15
297.1,"[0.06062, 0.0456, 0.34410479099217006]",0.0456,0.34410479099217006,4.6490687293542524e-05,-0.15059416460904523,-0.1568565018670814,-4.649068729354951e-05,0.37146269023316103,0.3849598042814022,-4.649068585314832e-05,-0.24089559012500375,-0.2662753020352416,4.649068731126982e-05,-0.7320962324232909,-0.7809193941656847,-4.6490687293550235e-05,0.09470478888601143,0.09901252998119231,4.649068729354253e-05,2.1655939195627973e-17,-7.810322534214585e-15
297.12,"[0.06062, 0.0456, 0.34507149514544344]",0.0456,0.34507149514544344,4.649068731117052e-05,-0.14965418900937305,-0.1565153812152212,-4.649068731138396e-05,0.3693559998654775,0.3842251325312709,-4.649068585894842e-05,-0.2373603554536196,-0.26489097155280217,4.6490687310948854e-05,-0.7250594423971859,-0.7782579416447918,-4.649068731139801e-05,0.09406242619152533,0.0987778511293561,4.649068731115655e-05,2.1554794570263615e-17,-7.899733331734388e-15
297.14,"[0.06062, 0.0456, 0.34507149514544344]",0.0456,0.34507149514544344,4.649068735974181e-05,-0.14965418900937305,-0.1565153812152212,-4.649068735966795e-05,0.3693559998654775,0.3842251325312709,-4.6490685930999226e-05,-0.2373603554536196,-0.26489097155280217,4.649068738565218e-05,-0.7250594423971859,-0.7782579416447918,-4.649068735966245e-05,0.09406242619152533,0.0987778511293561,4.649068735974599e-05,2.1554794570263615e-17,-7.899733331734388e-15
297.16,"[0.06062, 0.0456, 0.3460629388864509]",0.0456,0.3460629388864509,4.649068742196478e-05,-0.14867960481458506,-0.15615457619231657,-4.649068742187307e-05,0.36716014320277873,0.3834436574429895,-4.649068599695502e-05,-0.23373540295469694,-0.2634417410819064,4.6490687446097115e-05,-0.7178067926061907,-0.775458837158486,-4.6490687421867e-05,0.09339707928848225,0.09852986111283764,4.649068742197052e-05,2.150029156933323e-17,-7.69585971213384e-15
297.18,"[0.06062, 0.0456, 0.3460629388864509]",0.0456,0.3460629388864509,4.6490687426102306e-05,-0.14867960481458506,-0.15615457619231657,-4.64906874261063e-05,0.36716014320277873,0.3834436574429895,-4.6490685997486474e-05,-0.23373540295469694,-0.2634417410819064,4.649068744473537e-05,-0.7178067926061907,-0.775458837158486,-4.649068742610641e-05,0.09339707928848225,0.09852986111283764,4.649068742610282e-05,2.150029156933323e-17,-7.69585971213384e-15
297.2,"[0.06062, 0.0456, 0.3460629388864509]",0.0456,0.3460629388864509,4.649068748364841e-05,-0.14867960481458506,-0.1557584063704833,-4.649068748356021e-05,0.36716014320277873,0.3825812318158563,-4.6490686063865465e-05,-0.23373540295469694,-0.2618652978718604,4.649068750784252e-05,-0.7178067926061907,-0.7724011573856645,-4.6490687483553684e-05,0.09339707928848225,0.09825779489864901,4.6490687483654115e-05,2.150029156933323e-17,-7.601460347965571e-15
297.22,"[0.06062, 0.0456, 0.34707814377991864]",0.0456,0.34707814377991864,4.6490687485328035e-05,-0.14767047163222527,-0.1557584063704833,-4.649068748533723e-05,0.36487461273854144,0.3825812318158563,-4.64906860622304e-05,-0.23002412638629835,-0.2618652978718604,4.649068750465637e-05,-0.7103422032138776,-0.7724011573856645,-4.6490687485337386e-05,0.09270886134184933,0.09825779489864901,4.6490687485327276e-05,2.13449979531563e-17,-7.601460347965571e-15
297.24,"[0.06062, 0.0456, 0.34707814377991864]",0.0456,0.34707814377991864,4.649068749972066e-05,-0.14767047163222527,-0.15532265315747146,-4.649068750002653e-05,0.36487461273854144,0.38162811219719806,-4.649068606126706e-05,-0.23002412638629835,-0.26014685655807623,4.6490687496618246e-05,-0.7103422032138776,-0.7690544867777659,-4.649068750004604e-05,0.09270886134184933,0.09795878953881783,4.649068749970083e-05,2.13449979531563e-17,-7.6768504565725e-15
297.26,"[0.06062, 0.0456, 0.3481161079411839]",0.0456,0.3481161079411839,4.6490687552248713e-05,-0.1466268745980894,-0.15485956067624698,-4.649068755216153e-05,0.362499017457048,0.38061018626165105,-4.6490686142107985e-05,-0.2262299695348587,-0.25833790037787274,4.649068758138296e-05,-0.7026697500244483,-0.7655162841238672,-4.649068755215576e-05,0.09199790533857503,0.09764130070537724,4.6490687552254426e-05,2.1473129459689368e-17,-7.62779024057069e-15
297.28,"[0.06062, 0.0456, 0.3481161079411839]",0.0456,0.3481161079411839,4.649068757442711e-05,-0.1466268745980894,-0.15485956067624698,-4.64906875747505e-05,0.362499017457048,0.38061018626165105,-4.649068614274773e-05,-0.2262299695348587,-0.25833790037787274,4.649068757195353e-05,-0.7026697500244483,-0.7655162841238672,-4.649068757477126e-05,0.09199790533857503,0.09764130070537724,4.649068757440588e-05,2.1473129459689368e-17,-7.62779024057069e-15
297.3,"[0.06062, 0.0456, 0.3481161079411839]",0.0456,0.3481161079411839,4.649068762944704e-05,-0.1466268745980894,-0.15441853144855974,-4.649068762935284e-05,0.362499017457048,0.3796404780278316,-4.6490686226662744e-05,-0.2262299695348587,-0.2566160893033514,4.6490687659744526e-05,-0.7026697500244483,-0.7621476757287092,-4.649068762934605e-05,0.09199790533857503,0.09733895321830459,4.649068762945256e-05,2.1473129459689368e-17,-7.565240977547745e-15
297.32,"[0.06062, 0.0456, 0.3491758070249346]",0.0456,0.3491758070249346,4.6490687656658074e-05,-0.1455489259796508,-0.15441853144855974,-4.649068765696057e-05,0.3600330908171811,0.3796404780278316,-4.649068623377508e-05,-0.2223564227541844,-0.2566160893033514,4.649068765673562e-05,-0.6947936665303163,-0.7621476757287092,-4.649068765698012e-05,0.09126436506963811,0.09733895321830459,4.649068765663813e-05,2.121994513763809e-17,-7.565240977547745e-15
297.34,"[0.06062, 0.0456, 0.3491758070249346]",0.0456,0.3491758070249346,4.649068771424033e-05,-0.1455489259796508,-0.15394545899490678,-4.6490687714138604e-05,0.3600330908171811,0.3785953567081155,-4.649068631895524e-05,-0.2223564227541844,-0.2547864996271778,4.649068774507122e-05,-0.6947936665303163,-0.7585528025770802,-4.64906877141317e-05,0.09126436506963811,0.09701491996366368,4.649068771424648e-05,2.121994513763809e-17,-7.460951834443268e-15
297.36,"[0.06062, 0.0456, 0.350256195236114]",0.0456,0.350256195236114,4.649068773971625e-05,-0.1444367667662163,-0.15394545899490678,-4.649068774005582e-05,0.3574766983660149,0.3785953567081155,-4.6490686322889244e-05,-0.21840701976377383,-0.2547864996271778,4.6490687738528857e-05,-0.6867183460946784,-0.7585528025770802,-4.649068774007704e-05,0.09050841608613804,0.09701491996366368,4.6490687739693717e-05,2.1561605909544187e-17,-7.460951834443268e-15
297.38,"[0.06062, 0.0456, 0.350256195236114]",0.0456,0.350256195236114,4.6490687797541066e-05,-0.1444367667662163,-0.15343936170804096,-4.6490687797435905e-05,0.3574766983660149,0.3774720762228346,-4.649068640971879e-05,-0.21840701976377383,-0.25284757836104427,4.649068782899538e-05,-0.6867183460946784,-0.7547266242687141,-4.6490687797428756e-05,0.09050841608613804,0.09666857047736933,4.6490687797547503e-05,2.1561605909544187e-17,-7.36467820183564e-15
297.4,"[0.06062, 0.0456, 0.350256195236114]",0.0456,0.350256195236114,4.649068782221908e-05,-0.1444367667662163,-0.15343936170804096,-4.6490687822596145e-05,0.3574766983660149,0.3774720762228346,-4.6490686411776516e-05,-0.21840701976377383,-0.25284757836104427,4.64906878202424e-05,-0.6867183460946784,-0.7547266242687141,-4.6490687822619706e-05,0.09050841608613804,0.09666857047736933,4.649068782219398e-05,2.1561605909544187e-17,-7.36467820183564e-15
297.42,"[0.06062, 0.0456, 0.35135620636199444]",0.0456,0.35135620636199444,4.649068788139611e-05,-0.14329056824967726,-0.152899762769404,-4.649068788128511e-05,0.3548298449714377,0.37626903411744983,-4.649068650142017e-05,-0.21438533471102925,-0.2507996992131671,4.649068791390662e-05,-0.6784483442855072,-0.7506679155891183,-4.6490687881277564e-05,0.08973025663133698,0.09629962115280037,4.6490687881402776e-05,2.169539833615348e-17,-7.280588235818119e-15
297.441,"[0.06062, 0.0456, 0.35135620636199444]",0.0456,0.35135620636199444,4.6490687928743806e-05,-0.14329056824967726,-0.152899762769404,-4.649068792875443e-05,0.3548298449714377,0.37626903411744983,-4.6490686548358986e-05,-0.21438533471102925,-0.2507996992131671,4.649068795517664e-05,-0.6784483442855072,-0.7506679155891183,-4.6490687928754635e-05,0.08973025663133698,0.09629962115280037,4.6490687928742316e-05,2.169539833615348e-17,-7.280588235818119e-15
297.46,"[0.06062, 0.0456, 0.35247475482440077]",0.0456,0.35247475482440077,4.6490687967613674e-05,-0.14211053360057901,-0.1523263682584831,-4.64906879674951e-05,0.3520926816668375,0.3749850482356082,-4.649068659591237e-05,-0.21029497949956957,-0.2486439653160052,4.649068800147402e-05,-0.6699883813781957,-0.7463768715977571,-4.649068796748658e-05,0.08893010855116344,0.0959079156060727,4.64906879676205e-05,2.1985441326746628e-17,-7.207012637221494e-15
297.48,"[0.06062, 0.0456, 0.35247475482440077]",0.0456,0.35247475482440077,4.649068799342812e-05,-0.14211053360057901,-0.1523263682584831,-4.649068799388112e-05,0.3520926816668375,0.3749850482356082,-4.6490686597141165e-05,-0.21029497949956957,-0.2486439653160052,4.6490687990975e-05,-0.6699883813781957,-0.7463768715977571,-4.649068799391003e-05,0.08893010855116344,0.0959079156060727,4.649068799339843e-05,2.1985441326746628e-17,-7.207012637221494e-15
297.5,"[0.06062, 0.0456, 0.35247475482440077]",0.0456,0.35247475482440077,4.6490688057432465e-05,-0.14211053360057901,-0.1517692923402189,-4.649068805730466e-05,0.3520926816668375,0.3737374680270989,-4.649068669445793e-05,-0.21029497949956957,-0.24655007136134538,4.649068809283299e-05,-0.6699883813781957,-0.7422084718347345,-4.6490688057295415e-05,0.08893010855116344,0.09552736609393232,4.649068805743957e-05,2.1985441326746628e-17,-7.339764263425005e-15
297.52,"[0.06062, 0.0456, 0.3536107367510445]",0.0456,0.3536107367510445,4.6490688075607054e-05,-0.14089689944502976,-0.1517692923402189,-4.649068807559798e-05,0.34926551210445655,0.3737374680270989,-4.649068671171827e-05,-0.2061396013835438,-0.24655007136134538,4.649068810742227e-05,-0.6613433450446451,-0.7422084718347345,-4.6490688075596714e-05,0.08810821818622248,0.09552736609393232,4.649068807560686e-05,2.165140269103404e-17,-7.339764263425005e-15
297.54,"[0.06062, 0.0456, 0.3536107367510445]",0.0456,0.3536107367510445,4.649068816869511e-05,-0.14089689944502976,-0.1511862038919618,-4.64906881685083e-05,0.34926551210445655,0.3724258678424203,-4.649068681781247e-05,-0.2061396013835438,-0.24437980616084273,4.6490688207815494e-05,-0.6613433450446451,-0.7378683986050654,-4.649068816849579e-05,0.08810821818622248,0.09512942347733554,4.6490688168706506e-05,2.165140269103404e-17,-7.239658640923441e-15
297.56,"[0.06062, 0.0456, 0.3547630310649128]",0.0456,0.3547630310649128,4.649068818755048e-05,-0.1396499374487044,-0.1511862038919618,-4.649068818754327e-05,0.3463487986173578,0.3724258678424203,-4.64906868331349e-05,-0.20192288082568785,-0.24437980616084273,4.649068821945382e-05,-0.6525182932470385,-0.7378683986050654,-4.64906881875425e-05,0.08726485724885019,0.09512942347733554,4.6490688187550495e-05,2.1604267454424866e-17,-7.239658640923441e-15
297.58,"[0.06062, 0.0456, 0.3547630310649128]",0.0456,0.3547630310649128,4.6490688280707375e-05,-0.1396499374487044,-0.15056995204200396,-4.649068828051448e-05,0.3463487986173578,0.37103378595401165,-4.6490686939303445e-05,-0.20192288082568785,-0.24210840397173505,4.6490688319923354e-05,-0.6525182932470385,-0.7333054515967325,-4.649068828050156e-05,0.08726485724885019,0.0947092490820947,4.649068828071945e-05,2.1604267454424866e-17,-7.117926622388455e-15
297.6,"[0.06062, 0.0456, 0.3547630310649128]",0.0456,0.3547630310649128,4.649068829716258e-05,-0.1396499374487044,-0.15056995204200396,-4.649068829716331e-05,0.3463487986173578,0.37103378595401165,-4.649068695203599e-05,-0.20192288082568785,-0.24210840397173505,4.6490688329135515e-05,-0.6525182932470385,-0.7333054515967325,-4.649068829716352e-05,0.08726485724885019,0.0947092490820947,4.649068829716219e-05,2.1604267454424866e-17,-7.117926622388455e-15
297.62,"[0.06062, 0.0456, 0.3559305005906361]",0.0456,0.3559305005906361,4.6490688391291416e-05,-0.13836995591484808,-0.1499194607186331,-4.649068839108952e-05,0.3433431678929901,0.3695583306710368,-4.649068705963266e-05,-0.19764852961478985,-0.23973415081934807,4.649068843109374e-05,-0.6435184573547519,-0.7285141271266098,-4.6490688391076785e-05,0.08640032368918465,0.0942661594720577,4.649068839130415e-05,2.1652617046474943e-17,-7.002632740474017e-15
297.64,"[0.06062, 0.0456, 0.3559305005906361]",0.0456,0.3559305005906361,4.6490688406549915e-05,-0.13836995591484808,-0.1499194607186331,-4.6490688406556346e-05,0.3433431678929901,0.3695583306710368,-4.649068707106345e-05,-0.19764852961478985,-0.23973415081934807,4.6490688439062346e-05,-0.6435184573547519,-0.7285141271266098,-4.649068840655702e-05,0.08640032368918465,0.0942661594720577,4.649068840654949e-05,2.1652617046474943e-17,-7.002632740474017e-15
297.66,"[0.06062, 0.0456, 0.3571119931767427]",0.0456,0.3571119931767427,4.649068850268511e-05,-0.13705730140376335,-0.14929997256924946,-4.649068850247163e-05,0.3402494162640915,0.36815286013753007,-4.64906871811538e-05,-0.19332028923629807,-0.2374743314249506,4.6490688543471185e-05,-0.6343492455028976,-0.7239525319801484,-4.6490688502457436e-05,0.08551494255459484,0.09384421087618204,4.6490688502698725e-05,2.1890731656941245e-17,-6.897662941309184e-15
297.68,"[0.06062, 0.0456, 0.3571119931767427]",0.0456,0.3571119931767427,4.649068852385445e-05,-0.13705730140376335,-0.14929997256924946,-4.649068852384365e-05,0.3402494162640915,0.36815286013753007,-4.649068719899845e-05,-0.19332028923629807,-0.2374743314249506,4.64906885573896e-05,-0.6343492455028976,-0.7239525319801484,-4.649068852384317e-05,0.08551494255459484,0.09384421087618204,4.649068852385537e-05,2.1890731656941245e-17,-6.897662941309184e-15
297.7,"[0.06062, 0.0456, 0.3571119931767427]",0.0456,0.3571119931767427,4.649068862085845e-05,-0.13705730140376335,-0.14863351783229456,-4.649068862063652e-05,0.3402494162640915,0.366634966081021,-4.649068730942321e-05,-0.19332028923629807,-0.2350665123184364,4.6490688661844934e-05,-0.6343492455028976,-0.7190702684966084,-4.649068862062246e-05,0.08551494255459484,0.09339071292410184,4.6490688620873117e-05,2.1890731656941245e-17,-6.968135430389083e-15
297.72,"[0.06062, 0.0456, 0.35830634283269364]",0.0456,0.35830634283269364,4.6490688638370405e-05,-0.13571236038174475,-0.14863351783229456,-4.649068863837258e-05,0.337068514625067,0.366634966081021,-4.6490687323230364e-05,-0.18894192948795574,-0.2350665123184364,4.649068867194732e-05,-0.6250162462107516,-0.7190702684966084,-4.649068863837251e-05,0.08460906684711221,0.09339071292410184,4.649068863836988e-05,2.1755050329424128e-17,-6.968135430389083e-15
297.74,"[0.06062, 0.0456, 0.35830634283269364]",0.0456,0.35830634283269364,4.649068873672927e-05,-0.13571236038174475,-0.14794870148577155,-4.6490688736496895e-05,0.337068514625067,0.36506876174158553,-4.649068743567947e-05,-0.18894192948795574,-0.2326187337493034,4.649068877852145e-05,-0.6250162462107516,-0.7140819972865535,-4.649068873648095e-05,0.08460906684711221,0.0929252289905858,4.6490688736743626e-05,2.1755050329424128e-17,-6.762374141985623e-15
297.76,"[0.06062, 0.0456, 0.3595123708795739]",0.0456,0.3595123708795739,4.649068875568529e-05,-0.13433556090781604,-0.14794870148577155,-4.649068875568725e-05,0.3338016129840466,0.36506876174158553,-4.649068745107363e-05,-0.18451724733065364,-0.2326187337493034,4.649068879007326e-05,-0.6155252322779049,-0.7140819972865535,-4.64906887556872e-05,0.08368307838375504,0.0929252289905858,4.64906887556848e-05,2.1496368107364514e-17,-6.762374141985623e-15
297.78,"[0.06062, 0.0456, 0.3595123708795739]",0.0456,0.3595123708795739,4.649068885591414e-05,-0.13433556090781604,-0.14721066836506627,-4.649068885566934e-05,0.3338016129840466,0.36337491630301577,-4.649068756554705e-05,-0.18451724733065364,-0.23000567699247962,4.649068889852996e-05,-0.6155252322779049,-0.7087330987351813,-4.649068885565361e-05,0.08368307838375504,0.0924240672883521,4.6490688855930126e-05,2.1496368107364514e-17,-6.856026999985657e-15
297.8,"[0.06062, 0.0456, 0.3595123708795739]",0.0456,0.3595123708795739,4.649068887239635e-05,-0.13433556090781604,-0.14721066836506627,-4.649068887240953e-05,0.3338016129840466,0.36337491630301577,-4.649068757818484e-05,-0.18451724733065364,-0.23000567699247962,4.6490688907444475e-05,-0.6155252322779049,-0.7087330987351813,-4.649068887241053e-05,0.08368307838375504,0.0924240672883521,4.6490688872395525e-05,2.1496368107364514e-17,-6.856026999985657e-15
297.82,"[0.06062, 0.0456, 0.36072888711330686]",0.0456,0.36072888711330686,4.649068897547733e-05,-0.132927374366906,-0.14645458827750527,-4.649068897521662e-05,0.330450044662487,0.36163294945075164,-4.649068769629444e-05,-0.1800500659630499,-0.2273575666885224,4.6490689019509034e-05,-0.6058821649751808,-0.7032846902261658,-4.6490688975200395e-05,0.08273738866478778,0.09191123375445252,4.64906889754952e-05,2.1033333305292925e-17,-6.6693453147254585e-15
297.84,"[0.06062, 0.0456, 0.36072888711330686]",0.0456,0.36072888711330686,4.6490688995011926e-05,-0.132927374366906,-0.14645458827750527,-4.6490688995020776e-05,0.330450044662487,0.36163294945075164,-4.6490687712206244e-05,-0.1800500659630499,-0.2273575666885224,4.6490689031406716e-05,-0.6058821649751808,-0.7032846902261658,-4.649068899502139e-05,0.08273738866478778,0.09191123375445252,4.649068899501153e-05,2.1033333305292925e-17,-6.6693453147254585e-15
297.86,"[0.06062, 0.0456, 0.36195469097924154]",0.0456,0.36195469097924154,4.6490689101025466e-05,-0.1314883172582851,-0.14572991717832445,-4.649068910074744e-05,0.3270153301554941,0.35996312188098734,-4.6490687833393714e-05,-0.1755442341070259,-0.22482040767485462,4.649068914628918e-05,-0.5960931985463915,-0.6980636407678659,-4.649068910072901e-05,0.08177243975505427,0.09141972295112422,4.6490689101043294e-05,2.1304702483677922e-17,-6.5569266786576905e-15
297.88,"[0.06062, 0.0456, 0.36195469097924154]",0.0456,0.36195469097924154,4.649068912667532e-05,-0.1314883172582851,-0.14572991717832445,-4.649068912666248e-05,0.3270153301554941,0.35996312188098734,-4.649068785588246e-05,-0.1755442341070259,-0.22482040767485462,4.649068916425842e-05,-0.5960931985463915,-0.6980636407678659,-4.649068912666166e-05,0.08177243975505427,0.09141972295112422,4.649068912667674e-05,2.1304702483677922e-17,-6.5569266786576905e-15
297.9,"[0.06062, 0.0456, 0.36195469097924154]",0.0456,0.36195469097924154,4.6490689233952935e-05,-0.1314883172582851,-0.14496897075244605,-4.649068923366313e-05,0.3270153301554941,0.3582035534767591,-4.649068797785136e-05,-0.1755442341070259,-0.2221837618259493,4.6490689279602345e-05,-0.5960931985463915,-0.6926111563175201,-4.6490689233644344e-05,0.08177243975505427,0.09090418064607221,4.6490689233971786e-05,2.1304702483677922e-17,-6.411083550921975e-15
297.92,"[0.06062, 0.0456, 0.3631885727569553]",0.0456,0.3631885727569553,4.649068925814449e-05,-0.1300189530481307,-0.14496897075244605,-4.649068925814117e-05,0.3234991806669019,0.3582035534767591,-4.649068799870824e-05,-0.17100362548959194,-0.2221837618259493,4.649068929599072e-05,-0.5861646850355677,-0.6926111563175201,-4.649068925814066e-05,0.08078870518352745,0.09090418064607221,4.649068925814508e-05,2.0944458924914806e-17,-6.411083550921975e-15
297.94,"[0.06062, 0.0456, 0.3631885727569553]",0.0456,0.3631885727569553,4.64906893666032e-05,-0.1300189530481307,-0.14417135350930424,-4.649068936630121e-05,0.3234991806669019,0.35635296491573715,-4.64906881222422e-05,-0.17100362548959194,-0.21944888531376766,4.6490689412918074e-05,-0.5861646850355677,-0.6869273227608863,-4.649068936628206e-05,0.08078870518352745,0.09036440819050748,4.64906893666238e-05,2.0944458924914806e-17,-6.277054533380954e-15
297.96,"[0.06062, 0.0456, 0.36442931475410206]",0.0456,0.36442931475410206,4.64906893903182e-05,-0.12851989409503037,-0.14417135350930424,-4.64906893903215e-05,0.31990350133363127,0.35635296491573715,-4.649068814259745e-05,-0.16643213850552743,-0.21944888531376766,4.6490689428800924e-05,-0.5761031794525909,-0.6869273227608863,-4.649068939032149e-05,0.0797866908661417,0.09036440819050748,4.649068939031803e-05,2.0340829147051008e-17,-6.277054533380954e-15
297.98,"[0.06062, 0.0456, 0.36442931475410206]",0.0456,0.36442931475410206,4.649068950076914e-05,-0.12851989409503037,-0.14333697686422006,-4.649068950045099e-05,0.31990350133363127,0.3544108731988264,-4.649068826852871e-05,-0.16643213850552743,-0.21661787938566981,4.649068954806381e-05,-0.5761031794525909,-0.6810141975924927,-4.649068950043042e-05,0.0797866908661417,0.08980041259673294,4.6490689500790044e-05,2.0340829147051008e-17,-6.156944109881162e-15
298.0,"[0.06062, 0.0456, 0.36442931475410206]",0.0456,0.36442931475410206,4.649068952483709e-05,-0.12851989409503037,-0.14333697686422006,-4.649068952484452e-05,0.31990350133363127,0.3544108731988264,-4.6490688289254114e-05,-0.16643213850552743,-0.21661787938566981,4.649068956423173e-05,-0.5761031794525909,-0.6810141975924927,-4.649068952484496e-05,0.0797866908661417,0.08980041259673294,4.649068952483666e-05,2.0340829147051008e-17,-6.156944109881162e-15
298.02,"[0.06062, 0.0456, 0.3656756925081271]",0.0456,0.3656756925081271,4.649068963782801e-05,-0.1269918036570196,-0.14252673460879273,-4.64906896374909e-05,0.3162303941538751,0.3525247978861995,-4.649068841812916e-05,-0.16183369604374664,-0.2138694946867509,4.649068968631549e-05,-0.5659154452879747,-0.6752729097296297,-4.649068963746908e-05,0.07876693605681068,0.08925274623231917,4.6490689637849964e-05,1.9927664713309507e-17,-6.297364067912514e-15
298.04,"[0.06062, 0.0456, 0.3656756925081271]",0.0456,0.3656756925081271,4.6490689667090036e-05,-0.1269918036570196,-0.1416858488845459,-4.6490689667075616e-05,0.3162303941538751,0.3505612322538653,-4.6490688444466206e-05,-0.16183369604374664,-0.2110480477584582,4.6490689707668206e-05,-0.5659154452879747,-0.6693482741048982,-4.64906896670741e-05,0.07876693605681068,0.0886850579399314,4.6490689667090523e-05,1.9927664713309507e-17,-6.305515898378149e-15
298.06,"[0.06062, 0.0456, 0.36692647599466427]",0.0456,0.36692647599466427,4.649068971739411e-05,-0.12543539798839387,-0.1416858488845459,-4.649068971828283e-05,0.3124821606332636,0.3505612322538653,-4.6490688476810187e-05,-0.15721224545914206,-0.2110480477584582,4.649068972702564e-05,-0.5556084603849101,-0.6693482741048982,-4.649068971834011e-05,0.07773001433127218,0.0886850579399314,4.6490689717336104e-05,2.0523692743888945e-17,-6.305515898378149e-15
298.08,"[0.06062, 0.0456, 0.36692647599466427]",0.0456,0.36692647599466427,4.649068981921139e-05,-0.12543539798839387,-0.1408138842949181,-4.649068981889319e-05,0.3124821606332636,0.34851903829611486,-4.649068861874101e-05,-0.15721224545914206,-0.2081541118878489,4.6490689872396084e-05,-0.5556084603849101,-0.6632395272188591,-4.6490689818872485e-05,0.07773001433127218,0.08809711729273867,4.649068981923217e-05,2.0523692743888945e-17,-6.153701324275e-15
298.1,"[0.06062, 0.0456, 0.36692647599466427]",0.0456,0.36692647599466427,4.649068987847294e-05,-0.12543539798839387,-0.1408138842949181,-4.6490689879396025e-05,0.3124821606332636,0.34851903829611486,-4.6490688652087216e-05,-0.15721224545914206,-0.2081541118878489,4.649068988869676e-05,-0.5556084603849101,-0.6632395272188591,-4.6490689879455324e-05,0.07773001433127218,0.08809711729273867,4.6490689878412626e-05,2.0523692743888945e-17,-6.153701324275e-15
298.12,"[0.06062, 0.0456, 0.3681804308414212]",0.0456,0.3681804308414212,4.649068998014147e-05,-0.12385144853401459,-0.13988893617785916,-4.649068997981568e-05,0.3086613041623162,0.3463470317956279,-4.649068879328104e-05,-0.15257175867046235,-0.2051159789283874,4.649069003322753e-05,-0.5451894231735509,-0.6567943807569766,-4.6490689979794555e-05,0.07667653460804393,0.0874741964851613,4.649068998016265e-05,2.0818563736084926e-17,-6.2568440044812e-15
298.14,"[0.06062, 0.0456, 0.3681804308414212]",0.0456,0.3681804308414212,4.649069003650759e-05,-0.12385144853401459,-0.13988893617785916,-4.649069003753078e-05,0.3086613041623162,0.3463470317956279,-4.649068882260432e-05,-0.15257175867046235,-0.2051159789283874,4.649069004525993e-05,-0.5451894231735509,-0.6567943807569766,-4.649069003759661e-05,0.07667653460804393,0.0874741964851613,4.649069003644056e-05,2.0818563736084926e-17,-6.2568440044812e-15
298.16,"[0.06062, 0.0456, 0.36943631954635603]",0.0456,0.36943631954635603,4.649069013764572e-05,-0.12224078422812572,-0.1390149659680497,-4.649069013731186e-05,0.30477053213718774,0.3442941550672311,-4.649068896452288e-05,-0.14791623236360707,-0.20224829460441804,4.6490690191139894e-05,-0.5346657592687969,-0.6507077463868725,-4.649069013728947e-05,0.07560714221030754,0.08688567599739497,4.6490690137667124e-05,2.0427101979256687e-17,-6.272472005912122e-15
298.18,"[0.06062, 0.0456, 0.36943631954635603]",0.0456,0.36943631954635603,4.649069018427301e-05,-0.12224078422812572,-0.1390149659680497,-4.649069018421049e-05,0.30477053213718774,0.3442941550672311,-4.649068901213629e-05,-0.14791623236360707,-0.20224829460441804,4.64906902331311e-05,-0.5346657592687969,-0.6507077463868725,-4.649069018420578e-05,0.07560714221030754,0.08688567599739497,4.649069018427688e-05,2.0427101979256687e-17,-6.272472005912122e-15
298.2,"[0.06062, 0.0456, 0.36943631954635603]",0.0456,0.36943631954635603,4.6490690317306326e-05,-0.12224078422812572,-0.13811142659765946,-4.649069031684634e-05,0.30477053213718774,0.34216617609630373,-4.649068916185922e-05,-0.14791623236360707,-0.1993164735727997,4.6490690374130805e-05,-0.5346657592687969,-0.6444514114854483,-4.649069031681602e-05,0.07560714221030754,0.08627803664733173,4.649069031733583e-05,2.0427101979256687e-17,-6.062996226989001e-15
298.22,"[0.06062, 0.0456, 0.37069290269894223]",0.0456,0.37069290269894223,4.6490690363604266e-05,-0.12060429390378596,-0.13811142659765946,-4.649069036355113e-05,0.3008127578339316,0.34216617609630373,-4.6490689206137606e-05,-0.14324968827853,-0.1993164735727997,4.649069041163584e-05,-0.5240451284284076,-0.6444514114854483,-4.649069036354735e-05,0.07452251997195188,0.08627803664733173,4.64906903636078e-05,2.0723342085492883e-17,-6.062996226989001e-15
298.24,"[0.06062, 0.0456, 0.37069290269894223]",0.0456,0.37069290269894223,4.64906904939606e-05,-0.12060429390378596,-0.13717236455761433,-4.6490690493498205e-05,0.3008127578339316,0.3399490302272514,-4.649068935284131e-05,-0.14324968827853,-0.1963033583880008,4.649069054981504e-05,-0.5240451284284076,-0.6379866197733847,-4.6490690493467624e-05,0.07452251997195188,0.08564734666459163,4.6490690493990304e-05,2.0723342085492883e-17,-5.841296259266465e-15
298.26,"[0.06062, 0.0456, 0.3719489402033173]",0.0456,0.3719489402033173,4.649069053692435e-05,-0.11894292881790289,-0.13617817515836622,-4.649069053689066e-05,0.29679110204428505,0.33759661815179454,-4.6490689393701844e-05,-0.13857617355679683,-0.19314710607770383,4.649069058418479e-05,-0.5133354318632412,-0.6311796731697246,-4.6490690536888084e-05,0.07342338939030557,0.084980487065485,4.649069053692686e-05,2.020388023412052e-17,-5.898362148210064e-15
298.28,"[0.06062, 0.0456, 0.3719489402033173]",0.0456,0.3719489402033173,4.6490690598941616e-05,-0.11894292881790289,-0.13617817515836622,-4.6490690600123044e-05,0.29679110204428505,0.33759661815179454,-4.649068943803692e-05,-0.13857617355679683,-0.19314710607770383,4.649069061369744e-05,-0.5133354318632412,-0.6311796731697246,-4.649069060019955e-05,0.07342338939030557,0.084980487065485,4.649069059886573e-05,2.020388023412052e-17,-5.898362148210064e-15
298.3,"[0.06062, 0.0456, 0.3719489402033173]",0.0456,0.3719489402033173,4.649069071409781e-05,-0.11894292881790289,-0.1352252123089905,-4.649069071367126e-05,0.29679110204428505,0.3353414202625842,-4.6490689595014904e-05,-0.13857617355679683,-0.19012376568848222,4.6490690773793354e-05,-0.5133354318632412,-0.6246572337002478,-4.649069071364296e-05,0.07342338939030557,0.0843413302347114,4.649069071412517e-05,2.020388023412052e-17,-6.015198623221631e-15
298.32,"[0.06062, 0.0456, 0.37320319250210776]",0.0456,0.37320319250210776,4.64906907736082e-05,-0.11725770529547122,-0.1352252123089905,-4.6490690773504224e-05,0.29270889447823334,0.3353414202625842,-4.649068965640071e-05,-0.13389976112562518,-0.19012376568848222,4.6490690828266e-05,-0.5025448198854296,-0.6246572337002478,-4.6490690773496906e-05,0.07231051182723063,0.0843413302347114,4.6490690773614704e-05,2.0452738895167735e-17,-6.015198623221631e-15
298.34,"[0.06062, 0.0456, 0.37320319250210776]",0.0456,0.37320319250210776,4.649069091896825e-05,-0.11725770529547122,-0.13425300215417568,-4.6490690918402315e-05,0.29270889447823334,0.33303556449981697,-4.6490689819173175e-05,-0.13389976112562518,-0.18707529827111832,4.6490690981223245e-05,-0.5025448198854296,-0.6180429267953441,-4.6490690918365364e-05,0.07231051182723063,0.08369019411149696,4.649069091900501e-05,2.0452738895167735e-17,-5.771109562133907e-15
298.36,"[0.06062, 0.0456, 0.3744544217997223]",0.0456,0.3744544217997223,4.649069099214685e-05,-0.11554970749496049,-0.13425300215417568,-4.649069099329945e-05,0.2885696749353997,0.33303556449981697,-4.649068986605435e-05,-0.12922455009303568,-0.18707529827111832,4.6490691008515704e-05,-0.4916816998735179,-0.6180429267953441,-4.6490690993373784e-05,0.07118468975926524,0.08369019411149696,4.64906909920719e-05,2.0486041895702073e-17,-5.771109562133907e-15
298.38,"[0.06062, 0.0456, 0.3744544217997223]",0.0456,0.3744544217997223,4.6490691102602694e-05,-0.11554970749496049,-0.13324033381273276,-4.6490691102176426e-05,0.2885696749353997,0.33062900633319725,-4.649069001472501e-05,-0.12922455009303568,-0.18393614922491783,4.649069115961107e-05,-0.4916816998735179,-0.6111936079924412,-4.6490691102148705e-05,0.07118468975926524,0.08301292084989904,4.649069110263025e-05,2.0486041895702073e-17,-5.659433951568127e-15
298.4,"[0.06062, 0.0456, 0.3744544217997223]",0.0456,0.3744544217997223,4.649069115455646e-05,-0.11554970749496049,-0.13324033381273276,-4.6490691154498844e-05,0.2885696749353997,0.33062900633319725,-4.6490690068105465e-05,-0.12922455009303568,-0.18393614922491783,4.649069120665095e-05,-0.4916816998735179,-0.6111936079924412,-4.649069115449444e-05,0.07118468975926524,0.08301292084989904,4.6490691154559546e-05,2.0486041895702073e-17,-5.659433951568127e-15
298.42,"[0.06062, 0.0456, 0.37570139328390695]",0.0456,0.37570139328390695,4.649069129789028e-05,-0.11382009029483488,-0.1321970719942762,-4.649069129918453e-05,0.28437719424358693,0.3281452917724439,-4.6490690199840935e-05,-0.12455466612748982,-0.18073916211421154,4.649069131617994e-05,-0.48075474452575495,-0.6041786182897323,-4.6490691299268186e-05,0.07004676807633155,0.08231619123068984,4.6490691297806336e-05,2.0825465979438946e-17,-5.427742791894733e-15
298.44,"[0.06062, 0.0456, 0.37570139328390695]",0.0456,0.37570139328390695,4.649069134677489e-05,-0.11382009029483488,-0.1321970719942762,-4.649069134672068e-05,0.28437719424358693,0.3281452917724439,-4.649069027653601e-05,-0.12455466612748982,-0.18073916211421154,4.649069139845932e-05,-0.48075474452575495,-0.6041786182897323,-4.6490691346716925e-05,0.07004676807633155,0.08231619123068984,4.649069134677841e-05,2.0825465979438946e-17,-5.427742791894733e-15
298.46,"[0.06062, 0.0456, 0.3769428763443556]",0.0456,0.3769428763443556,4.649069148436734e-05,-0.11207008229886668,-0.13120631297717306,-4.64906914837821e-05,0.28013541495855926,0.3257862506141244,-4.649069043109092e-05,-0.11989426179410761,-0.1777054495826976,4.6490691543999295e-05,-0.4697729003637908,-0.5975193118821008,-4.6490691483743946e-05,0.06889763542718902,0.0816545876881196,4.649069148440521e-05,2.0753016488410246e-17,-5.200626062012588e-15
298.48,"[0.06062, 0.0456, 0.3769428763443556]",0.0456,0.3769428763443556,4.6490691540032056e-05,-0.11207008229886668,-0.13015857962528588,-4.649069153994965e-05,0.28013541495855926,0.3232877225881542,-4.6490690486076604e-05,-0.11989426179410761,-0.1745327912731568,4.649069159134034e-05,-0.4697729003637908,-0.5905167621136564,-4.6490691539944345e-05,0.06889763542718902,0.08095592787923347,4.649069154003669e-05,2.0753016488410246e-17,-5.201937692644517e-15
298.5,"[0.06062, 0.0456, 0.3769428763443556]",0.0456,0.3769428763443556,4.6490691612704576e-05,-0.11207008229886668,-0.13015857962528588,-4.6490691614050044e-05,0.28013541495855926,0.3232877225881542,-4.6490690543883025e-05,-0.11989426179410761,-0.1745327912731568,4.649069163357363e-05,-0.4697729003637908,-0.5905167621136564,-4.6490691614137e-05,0.06889763542718902,0.08095592787923347,4.64906916126169e-05,2.0753016488410246e-17,-5.201937692644517e-15
298.52,"[0.06062, 0.0456, 0.3781776457871735]",0.0456,0.3781776457871735,4.649069173428955e-05,-0.11030098895521377,-0.1290890566852826,-4.649069173375731e-05,0.2758485118144139,0.3207334504811961,-4.649069070479057e-05,-0.11524751681825239,-0.17133272180191955,4.649069179647106e-05,-0.4587453964389087,-0.5834118006911295,-4.649069173372224e-05,0.06773822560826731,0.08024383437911978,4.6490691734323356e-05,2.1500947862937184e-17,-4.975896828121109e-15
298.54,"[0.06062, 0.0456, 0.3781776457871735]",0.0456,0.3781776457871735,4.6490691814560076e-05,-0.11030098895521377,-0.1290890566852826,-4.6490691815932534e-05,0.2758485118144139,0.3207334504811961,-4.649069076367738e-05,-0.11524751681825239,-0.17133272180191955,4.649069183606714e-05,-0.4587453964389087,-0.5834118006911295,-4.649069181602096e-05,0.06773822560826731,0.08024383437911978,4.6490691814470515e-05,2.1500947862937184e-17,-4.975896828121109e-15
298.56,"[0.06062, 0.0456, 0.37940448304399627]",0.0456,0.37940448304399627,4.6490691934405874e-05,-0.10851419578108826,-0.12798529801209096,-4.6490691933871145e-05,0.27152087190860347,0.31809412535867526,-4.6490690921444424e-05,-0.11061863824590439,-0.16806851239716544,4.6490691995634585e-05,-0.4476817531814024,-0.5761224332271822,-4.649069193383605e-05,0.06656951899075769,0.0795100611278897,4.6490691934440114e-05,2.1315162318166985e-17,-4.741101372836254e-15
298.58,"[0.06062, 0.0456, 0.37940448304399627]",0.0456,0.37940448304399627,4.6490692011934535e-05,-0.10851419578108826,-0.12798529801209096,-4.6490692013403846e-05,0.27152087190860347,0.31809412535867526,-4.649069097757172e-05,-0.11061863824590439,-0.16806851239716544,4.649069203256306e-05,-0.4476817531814024,-0.5761224332271822,-4.6490692013498835e-05,0.06656951899075769,0.0795100611278897,4.649069201183886e-05,2.1315162318166985e-17,-4.741101372836254e-15
298.6,"[0.06062, 0.0456, 0.37940448304399627]",0.0456,0.37940448304399627,4.6490692129669425e-05,-0.10851419578108826,-0.12798529801209096,-4.64906921291308e-05,0.27152087190860347,0.31809412535867526,-4.649069113309167e-05,-0.11061863824590439,-0.16806851239716544,4.6490692190248394e-05,-0.4476817531814024,-0.5761224332271822,-4.6490692129095285e-05,0.06656951899075769,0.0795100611278897,4.649069212970396e-05,2.1315162318166985e-17,-4.741101372836254e-15
298.62,"[0.06062, 0.0456, 0.3806221773745692]",0.0456,0.3806221773745692,4.649069226747047e-05,-0.10671117168125968,-0.12686606930468833,-4.649069226681389e-05,0.267157094599908,0.31541481835741186,-4.649069127992804e-05,-0.10601186046891681,-0.16479846444965088,4.6490692324809044e-05,-0.43659179132088294,-0.5687758484729077,-4.649069226677115e-05,0.06539254397884775,0.07876718941962572,4.649069226751282e-05,2.2229900360232838e-17,-4.317147320977826e-15
298.64,"[0.06062, 0.0456, 0.3806221773745692]",0.0456,0.3806221773745692,4.6490692315230884e-05,-0.10671117168125968,-0.12576724161871936,-4.64906923152268e-05,0.267157094599908,0.31278436454928404,-4.649069132629562e-05,-0.10601186046891681,-0.16158789742826674,4.649069236383666e-05,-0.43659179132088294,-0.5615630365123826,-4.6490692315226296e-05,0.06539254397884775,0.07803785523083011,4.649069231523092e-05,2.2229900360232838e-17,-4.360806463845359e-15
298.66,"[0.06062, 0.0456, 0.381829527061602]",0.0456,0.381829527061602,4.649069238414414e-05,-0.10489347234450157,-0.12576724161871936,-4.6490692385681955e-05,0.2627619910913155,0.31278436454928404,-4.649069138232769e-05,-0.10143144508184818,-0.16158789742826674,4.649069240506357e-05,-0.42548564079077444,-0.5615630365123826,-4.649069238578154e-05,0.0642083784897277,0.07803785523083011,4.649069238404397e-05,2.2775333832731426e-17,-4.360806463845359e-15
298.68,"[0.06062, 0.0456, 0.381829527061602]",0.0456,0.381829527061602,4.649069250142914e-05,-0.10489347234450157,-0.1246227284206762,-4.649069250085149e-05,0.2627619910913155,0.31004223891532035,-4.6490691536980034e-05,-0.10143144508184818,-0.15828165526675214,4.649069256193336e-05,-0.42548564079077444,-0.5540930481858927,-4.649069250081428e-05,0.0642083784897277,0.07727935019541027,4.649069250146669e-05,2.2775333832731426e-17,-4.448323789960142e-15
298.7,"[0.06062, 0.0456, 0.381829527061602]",0.0456,0.381829527061602,4.64906925653869e-05,-0.10489347234450157,-0.1246227284206762,-4.649069256527783e-05,0.2627619910913155,0.31004223891532035,-4.649069160414024e-05,-0.10143144508184818,-0.15828165526675214,4.649069262164221e-05,-0.42548564079077444,-0.5540930481858927,-4.649069256527066e-05,0.0642083784897277,0.07727935019541027,4.649069256539385e-05,2.2775333832731426e-17,-4.448323789960142e-15
298.72,"[0.06062, 0.0456, 0.3830253405967188]",0.0456,0.3830253405967188,4.6490692711258286e-05,-0.10306274369741712,-0.12346063165393045,-4.6490692710488834e-05,0.2583405836629849,0.30725597258015186,-4.649069176734834e-05,-0.09688168053575522,-0.15496482808880316,4.649069277510553e-05,-0.41437374951426154,-0.546553820028284,-4.6490692710438656e-05,0.06301815144347943,0.07651044137985831,4.649069271130763e-05,2.2041565378111372e-17,-4.260063747103188e-15
298.74,"[0.06062, 0.0456, 0.3830253405967188]",0.0456,0.3830253405967188,4.649069279070279e-05,-0.10306274369741712,-0.12346063165393045,-4.649069279235505e-05,0.2583405836629849,0.30725597258015186,-4.649069182521537e-05,-0.09688168053575522,-0.15496482808880316,4.649069281267958e-05,-0.41437374951426154,-0.546553820028284,-4.649069279246186e-05,0.06301815144347943,0.07651044137985831,4.6490692790594786e-05,2.2041565378111372e-17,-4.260063747103188e-15
298.76,"[0.06062, 0.0456, 0.3842084378563325]",0.0456,0.3842084378563325,4.649069290617635e-05,-0.10122072538979462,-0.12235076718788174,-4.649069290559309e-05,0.2538981045131666,0.3045947723886554,-4.6490691976251395e-05,-0.09236688155303527,-0.15179963378504763,4.649069296579647e-05,-0.4032668919511588,-0.5393563352004132,-4.6490692905554925e-05,0.06182304424813008,0.07577616955597186,4.649069290621423e-05,2.1963657152969714e-17,-4.2089091315936254e-15
298.78,"[0.06062, 0.0456, 0.3842084378563325]",0.0456,0.3842084378563325,4.649069298492089e-05,-0.10122072538979462,-0.12235076718788174,-4.6490692986493205e-05,0.2538981045131666,0.3045947723886554,-4.649069203730628e-05,-0.09236688155303527,-0.15179963378504763,4.64906930083348e-05,-0.4032668919511588,-0.5393563352004132,-4.6490692986594477e-05,0.06182304424813008,0.07577616955597186,4.649069298481826e-05,2.1963657152969714e-17,-4.2089091315936254e-15
298.8,"[0.06062, 0.0456, 0.3842084378563325]",0.0456,0.3842084378563325,4.649069310042185e-05,-0.10122072538979462,-0.12122704921367085,-4.6490693099818855e-05,0.2538981045131666,0.30189890821855453,-4.6490692187103266e-05,-0.09236688155303527,-0.14863424377761672,4.649069315966524e-05,-0.4032668919511588,-0.532113641969653,-4.649069309977961e-05,0.06182304424813008,0.07503398198934304,4.649069310046126e-05,2.1963657152969714e-17,-3.896170782588203e-15
298.82,"[0.06062, 0.0456, 0.3853776512662852]",0.0456,0.3853776512662852,4.6490693179062446e-05,-0.09936925427970146,-0.12122704921367085,-4.649069318068802e-05,0.2494399941572177,0.30189890821855453,-4.6490692248728186e-05,-0.08789138826621355,-0.14863424377761672,4.649069320282309e-05,-0.3921761772656432,-0.532113641969653,-4.649069318079287e-05,0.06062429226203614,0.07503398198934304,4.6490693178956526e-05,2.2049645749625624e-17,-3.896170782588203e-15
298.84,"[0.06062, 0.0456, 0.3853776512662852]",0.0456,0.3853776512662852,4.649069329370043e-05,-0.09936925427970146,-0.12003579464684618,-4.6490693293089364e-05,0.2494399941572177,0.2990402048023276,-4.649069239687702e-05,-0.08789138826621355,-0.1453156969206822,4.6490693352471564e-05,-0.3921761772656432,-0.5244778885000118,-4.649069329304937e-05,0.06062429226203614,0.07424839626307399,4.6490693293739696e-05,2.2049645749625624e-17,-3.926333627498351e-15
298.86,"[0.06062, 0.0456, 0.38653182695410204]",0.0456,0.38653182695410204,4.649069335712616e-05,-0.09751026787993532,-0.12003579464684618,-4.649069335703588e-05,0.2449718993267419,0.2990402048023276,-4.6490692463838207e-05,-0.08345956504254953,-0.1453156969206822,4.6490693411981314e-05,-0.3811130569535617,-0.5244778885000118,-4.6490693357029686e-05,0.059423186212311685,0.07424839626307399,4.649069335713228e-05,2.199729412590154e-17,-3.926333627498351e-15
298.88,"[0.06062, 0.0456, 0.38653182695410204]",0.0456,0.38653182695410204,4.6490693497645205e-05,-0.09751026787993532,-0.1188248610607531,-4.6490693496823644e-05,0.2449718993267419,0.2961337981576921,-4.649069262092803e-05,-0.08345956504254953,-0.14198296429933271,4.649069355973569e-05,-0.3811130569535617,-0.5167623657328646,-4.6490693496769997e-05,0.059423186212311685,0.07345117834916044,4.649069349769873e-05,2.199729412590154e-17,-3.7554239083358276e-15
298.9,"[0.06062, 0.0456, 0.38653182695410204]",0.0456,0.38653182695410204,4.649069356415559e-05,-0.09751026787993532,-0.1188248610607531,-4.649069356405784e-05,0.2449718993267419,0.2961337981576921,-4.649069268908847e-05,-0.08345956504254953,-0.14198296429933271,4.649069361913928e-05,-0.3811130569535617,-0.5167623657328646,-4.6490693564051694e-05,0.059423186212311685,0.07345117834916044,4.649069356416213e-05,2.199729412590154e-17,-3.7554239083358276e-15
298.92,"[0.06062, 0.0456, 0.3876698258877243]",0.0456,0.3876698258877243,4.649069370356754e-05,-0.0956458077201373,-0.11758232883981376,-4.649069370273503e-05,0.24049967030242803,0.29315161526782796,-4.6490692844570504e-05,-0.07907579895548034,-0.1386032387767039,4.6490693765252336e-05,-0.37008933174497854,-0.5088912484041647,-4.649069370268076e-05,0.058221073544253994,0.07263450884014126,4.649069370362185e-05,2.191885113922375e-17,-3.56949089675245e-15
298.94,"[0.06062, 0.0456, 0.3876698258877243]",0.0456,0.3876698258877243,4.649069376943056e-05,-0.0956458077201373,-0.11758232883981376,-4.6490693769350044e-05,0.24049967030242803,0.29315161526782796,-4.649069291218949e-05,-0.07907579895548034,-0.1386032387767039,4.6490693824144605e-05,-0.37008933174497854,-0.5088912484041647,-4.649069376934464e-05,0.058221073544253994,0.07263450884014126,4.649069376943579e-05,2.191885113922375e-17,-3.56949089675245e-15
298.96,"[0.06062, 0.0456, 0.388790524999597]",0.0456,0.388790524999597,4.649069390783218e-05,-0.09377802257088984,-0.11640132507212952,-4.649069390698354e-05,0.23602935760552593,0.29031706405372093,-4.649069306656297e-05,-0.07474449786338754,-0.13539343933307565,4.649069396927717e-05,-0.3591171575730675,-0.5014128240446608,-4.649069390692804e-05,0.057019359672634266,0.07185836400616327,4.649069390788727e-05,2.266329571591383e-17,-3.393459805850708e-15
298.98,"[0.06062, 0.0456, 0.388790524999597]",0.0456,0.388790524999597,4.649069397685597e-05,-0.09377802257088984,-0.11640132507212952,-4.649069397673059e-05,0.23602935760552593,0.29031706405372093,-4.649069313772041e-05,-0.07474449786338754,-0.13539343933307565,4.6490694031533826e-05,-0.3591171575730675,-0.5014128240446608,-4.649069397672198e-05,0.057019359672634266,0.07185836400616327,4.6490693976863595e-05,2.266329571591383e-17,-3.393459805850708e-15
299.0,"[0.06062, 0.0456, 0.388790524999597]",0.0456,0.388790524999597,4.649069411361558e-05,-0.09377802257088984,-0.11518732048702245,-4.649069411276059e-05,0.23602935760552593,0.28740390814389766,-4.6490693289861864e-05,-0.07474449786338754,-0.13213281894922627,4.649069417434098e-05,-0.3591171575730675,-0.4937700292454383,-4.6490694112705264e-05,0.057019359672634266,0.07106187322307642,4.649069411367158e-05,2.266329571591383e-17,-3.190755534160976e-15
299.02,"[0.06062, 0.0456, 0.3898928182950002]",0.0456,0.3898928182950002,4.6490694181242366e-05,-0.09190917146743949,-0.11518732048702245,-4.649069418114268e-05,0.23156720796414246,0.28740390814389766,-4.649069335966585e-05,-0.0704700880559612,-0.13213281894922627,4.649069423532974e-05,-0.3482090503743595,-0.4937700292454383,-4.6490694181136135e-05,0.055819509101341806,0.07106187322307642,4.649069418124845e-05,2.3094906268616668e-17,-3.190755534160976e-15
299.04,"[0.06062, 0.0456, 0.3898928182950002]",0.0456,0.3898928182950002,4.649069431639168e-05,-0.09190917146743949,-0.11394036850610248,-4.649069431552747e-05,0.23156720796414246,0.28441280797437024,-4.649069351007037e-05,-0.0704700880559612,-0.1288230436459861,4.649069437659099e-05,-0.3482090503743595,-0.48596506245301413,-4.649069431547095e-05,0.055819509101341806,0.070245150079107,4.649069431644758e-05,2.3094906268616668e-17,-3.006459346101812e-15
299.06,"[0.06062, 0.0456, 0.39097561794353297]",0.0456,0.39097561794353297,4.649069444947991e-05,-0.09004162646139083,-0.11394036850610248,-4.649069444875527e-05,0.22711965946188362,0.28441280797437024,-4.649069365523969e-05,-0.06625701142870247,-0.1288230436459861,4.6490694509693174e-05,-0.3373778894581744,-0.48596506245301413,-4.649069444870787e-05,0.054623046373213975,0.070245150079107,4.649069444952655e-05,2.301566643754891e-17,-3.006459346101812e-15
299.08,"[0.06062, 0.0456, 0.39097561794353297]",0.0456,0.39097561794353297,4.649069451756312e-05,-0.09004162646139083,-0.11266145514161216,-4.649069451668065e-05,0.22711965946188362,0.28134667624040516,-4.649069372877328e-05,-0.06625701142870247,-0.1254679081187384,4.649069457751487e-05,-0.3373778894581744,-0.47800556544306627,-4.6490694516622554e-05,0.054623046373213975,0.06940890782327891,4.6490694517619546e-05,2.301566643754891e-17,-2.8421941633027087e-15
299.1,"[0.06062, 0.0456, 0.39097561794353297]",0.0456,0.39097561794353297,4.649069458457773e-05,-0.09004162646139083,-0.11266145514161216,-4.649069458450335e-05,0.22711965946188362,0.28134667624040516,-4.649069379836129e-05,-0.06625701142870247,-0.1254679081187384,4.64906946383212e-05,-0.3373778894581744,-0.47800556544306627,-4.649069458449799e-05,0.054623046373213975,0.06940890782327891,4.649069458458187e-05,2.301566643754891e-17,-2.8421941633027087e-15
299.12,"[0.06062, 0.0456, 0.3920378553526701]",0.0456,0.3920378553526701,4.6490694718419494e-05,-0.0881778750188643,-0.11144512524427475,-4.649069471751289e-05,0.22269333576797237,0.27843064102110127,-4.649069394734135e-05,-0.06210972214690425,-0.12227934290233519,4.649069477835376e-05,-0.326636919155066,-0.4704383085966495,-4.6490694717453375e-05,0.0534315568070145,0.06861367032384103,4.649069471847759e-05,2.2896380952914433e-17,-2.6945105851294666e-15
299.14,"[0.06062, 0.0456, 0.3920378553526701]",0.0456,0.3920378553526701,4.649069478883198e-05,-0.0881778750188643,-0.11144512524427475,-4.6490694788703496e-05,0.22269333576797237,0.27843064102110127,-4.649069402070554e-05,-0.06210972214690425,-0.12227934290233519,4.649069484273274e-05,-0.326636919155066,-0.4704383085966495,-4.649069478869452e-05,0.0534315568070145,0.06861367032384103,4.649069478883964e-05,2.2896380952914433e-17,-2.6945105851294666e-15
299.16,"[0.06062, 0.0456, 0.3930784822223342]",0.0456,0.3930784822223342,4.6490694921635586e-05,-0.08632052197334902,-0.11017266057365403,-4.649069492071813e-05,0.21829503934011474,0.27538213356773505,-4.6490694168154054e-05,-0.05803268276191942,-0.11898115012997129,4.649069498109126e-05,-0.31599974842592476,-0.46256521725241867,-4.649069492065801e-05,0.05224668697350112,0.06778310455910658,4.649069492169452e-05,2.3034008639078787e-17,-2.7470666472655802e-15
299.18,"[0.06062, 0.0456, 0.3930784822223342]",0.0456,0.3930784822223342,4.649069499020012e-05,-0.08632052197334902,-0.11017266057365403,-4.649069499010817e-05,0.21829503934011474,0.27538213356773505,-4.6490694239681066e-05,-0.05803268276191942,-0.11898115012997129,4.649069504371969e-05,-0.31599974842592476,-0.46256521725241867,-4.649069499010218e-05,0.05224668697350112,0.06778310455910658,4.649069499020558e-05,2.3034008639078787e-17,-2.7470666472655802e-15
299.2,"[0.06062, 0.0456, 0.3930784822223342]",0.0456,0.3930784822223342,4.6490695122257305e-05,-0.08632052197334902,-0.10890393826259465,-4.649069512132368e-05,0.21829503934011474,0.2723453238959759,-4.649069438645549e-05,-0.05803268276191942,-0.11573370736916967,4.64906951815884e-05,-0.31599974842592476,-0.4547628507053004,-4.649069512126262e-05,0.05224668697350112,0.06695650424307369,4.6490695122317526e-05,2.3034008639078787e-17,-2.511444684799658e-15
299.22,"[0.06062, 0.0456, 0.39409647157944144]",0.0456,0.39409647157944144,4.6490695192958596e-05,-0.08447229093097634,-0.10890393826259465,-4.649069519285419e-05,0.21393174348433766,0.2723453238959759,-4.649069446049284e-05,-0.054030359744757235,-0.11573370736916967,4.649069524657729e-05,-0.3054803480856396,-0.4547628507053004,-4.6490695192847066e-05,0.05107014485745256,0.06695650424307369,4.6490695192964797e-05,2.388610570389091e-17,-2.511444684799658e-15
299.24,"[0.06062, 0.0456, 0.39409647157944144]",0.0456,0.39409647157944144,4.6490695324302744e-05,-0.08447229093097634,-0.10759700419254267,-4.649069532335056e-05,0.21393174348433766,0.26922015765743257,-4.649069460621145e-05,-0.054030359744757235,-0.11242627234278849,4.649069538336201e-05,-0.3054803480856396,-0.44676944176527633,-4.6490695323288114e-05,0.05107014485745256,0.06610643999796416,4.6490695324363635e-05,2.388610570389091e-17,-2.3551897291829326e-15
299.26,"[0.06062, 0.0456, 0.3950908187913996]",0.0456,0.3950908187913996,4.6490695394663474e-05,-0.08263602501544261,-0.10623621267263493,-4.649069539457453e-05,0.2096105831501454,0.26596975830930336,-4.6490694680068824e-05,-0.05010721840516246,-0.1090196963858884,4.649069544816215e-05,-0.29509304526883956,-0.43848992618471505,-4.649069539456801e-05,0.04990369964753348,0.06522277665328731,4.6490695394668264e-05,2.3688662062742988e-17,-2.43966709811272e-15
299.28,"[0.06062, 0.0456, 0.3950908187913996]",0.0456,0.3950908187913996,4.64906954794254e-05,-0.08263602501544261,-0.10623621267263493,-4.6490695481739945e-05,0.2096105831501454,0.26596975830930336,-4.649069476022782e-05,-0.05010721840516246,-0.1090196963858884,4.6490695512198246e-05,-0.29509304526883956,-0.43848992618471505,-4.64906954818898e-05,0.04990369964753348,0.06522277665328731,4.649069547927437e-05,2.3688662062742988e-17,-2.43966709811272e-15
299.3,"[0.06062, 0.0456, 0.3950908187913996]",0.0456,0.3950908187913996,4.6490695602609954e-05,-0.08263602501544261,-0.10495968610110201,-4.6490695601712824e-05,0.2096105831501454,0.26292091706127424,-4.649069491238184e-05,-0.05010721840516246,-0.10582783506407219,4.649069566517069e-05,-0.29509304526883956,-0.4307274798219522,-4.649069560165443e-05,0.04990369964753348,0.06439397408572752,4.649069560266722e-05,2.3688662062742988e-17,-2.3155159935070134e-15
299.32,"[0.06062, 0.0456, 0.39606054255755957]",0.0456,0.39606054255755957,4.6490695698025796e-05,-0.08081468682963464,-0.10495968610110201,-4.649069570006366e-05,0.20533884433502625,0.26292091706127424,-4.649069500027951e-05,-0.04626771716844042,-0.10582783506407219,4.649069573388637e-05,-0.28485251474129025,-0.4307274798219522,-4.649069570019528e-05,0.048749181091123764,0.06439397408572752,4.649069569789301e-05,2.3904412045814574e-17,-2.3155159935070134e-15
299.34,"[0.06062, 0.0456, 0.39606054255755957]",0.0456,0.39606054255755957,4.64906958218949e-05,-0.08081468682963464,-0.10365999746240638,-4.649069582098498e-05,0.20533884433502625,0.2598208024061359,-4.6490695150866487e-05,-0.04626771716844042,-0.10261555343383223,4.649069588400427e-05,-0.28485251474129025,-0.42286797693611405,-4.649069582092522e-05,0.048749181091123764,0.06355159979796898,4.649069582195331e-05,2.3904412045814574e-17,-2.134260913659712e-15
299.36,"[0.06062, 0.0456, 0.3970046858776402]",0.0456,0.3970046858776402,4.649069591600471e-05,-0.07901135750154084,-0.10365999746240638,-4.6490695918148815e-05,0.20112395197003266,0.2598208024061359,-4.6490695237739236e-05,-0.04251630118747334,-0.10261555343383223,4.6490695951672285e-05,-0.2747737666402701,-0.42286797693611405,-4.649069591828756e-05,0.04760847834693455,0.06355159979796898,4.64906959158655e-05,2.4450882989244477e-17,-2.134260913659712e-15
299.38,"[0.06062, 0.0456, 0.3970046858776402]",0.0456,0.3970046858776402,4.6490696037839456e-05,-0.07901135750154084,-0.10233629067198903,-4.6490696036945254e-05,0.20112395197003266,0.2566679179602547,-4.6490695385442985e-05,-0.04251630118747334,-0.09938132262382793,4.6490696099069015e-05,-0.2747737666402701,-0.41490703058220096,-4.649069603688726e-05,0.04760847834693455,0.06269514497419566,4.649069603789745e-05,2.4450882989244477e-17,-1.960081054536488e-15
299.4,"[0.06062, 0.0456, 0.3970046858776402]",0.0456,0.3970046858776402,4.649069613047915e-05,-0.07901135750154084,-0.10233629067198903,-4.649069613272048e-05,0.20112395197003266,0.2566679179602547,-4.6490695471382385e-05,-0.04251630118747334,-0.09938132262382793,4.649069616593933e-05,-0.2747737666402701,-0.41490703058220096,-4.649069613286526e-05,0.04760847834693455,0.06269514497419566,4.6490696130333205e-05,2.4450882989244477e-17,-1.960081054536488e-15
299.42,"[0.06062, 0.0456, 0.3979223169961724]",0.0456,0.3979223169961724,4.6490696250552686e-05,-0.07722923467376357,-0.10098979060974878,-4.6490696249660916e-05,0.19697345615836856,0.25346569243310235,-4.649069561659694e-05,-0.038857395273737584,-0.09612845663534332,4.649069631101437e-05,-0.2648721302122675,-0.40685248518332673,-4.64906962496026e-05,0.046483538264607965,0.06182543729615908,4.6490696250609986e-05,2.4904715956030413e-17,-1.80075948562498e-15
299.44,"[0.06062, 0.0456, 0.3979223169961724]",0.0456,0.3979223169961724,4.649069634215953e-05,-0.07722923467376357,-0.10098979060974878,-4.649069634448365e-05,0.19697345615836856,0.25346569243310235,-4.649069570213432e-05,-0.038857395273737584,-0.09612845663534332,4.649069637759057e-05,-0.2648721302122675,-0.40685248518332673,-4.649069634463367e-05,0.046483538264607965,0.06182543729615908,4.649069634200823e-05,2.4904715956030413e-17,-1.80075948562498e-15
299.46,"[0.06062, 0.0456, 0.39881253032202924]",0.0456,0.39881253032202924,4.649069646091431e-05,-0.0754716292894304,-0.09962228139386432,-4.649069646001537e-05,0.19289501664217043,0.25021884824650975,-4.649069584534802e-05,-0.03529539613871402,-0.09286139954436927,4.6490696520782345e-05,-0.2551632331083166,-0.3987152692681408,-4.6490696459956476e-05,0.04537636301785207,0.06094365623084933,4.649069646097189e-05,2.4325546103365145e-17,-1.6559971196079685e-15
299.481,"[0.06062, 0.0456, 0.39881253032202924]",0.0456,0.39881253032202924,4.6490696605578915e-05,-0.0754716292894304,-0.09962228139386432,-4.64906966054534e-05,0.19289501664217043,0.25021884824650975,-4.649069600030196e-05,-0.03529539613871402,-0.09286139954436927,4.649069666029358e-05,-0.2551632331083166,-0.3987152692681408,-4.649069660544483e-05,0.04537636301785207,0.06094365623084933,4.6490696605586444e-05,2.4325546103365145e-17,-1.6559971196079685e-15
299.5,"[0.06062, 0.0456, 0.39881253032202924]",0.0456,0.39881253032202924,4.649069666981415e-05,-0.0754716292894304,-0.09829542405402591,-4.649069666890212e-05,0.19289501664217043,0.2470686598427142,-4.649069607266755e-05,-0.03529539613871402,-0.08969252514727664,4.6490696729254684e-05,-0.2551632331083166,-0.3908211942791009,-4.6490696668842485e-05,0.04537636301785207,0.06008813045897676,4.6490696669873005e-05,2.4325546103365145e-17,-1.7213916011733616e-15
299.52,"[0.06062, 0.0456, 0.3996744473221347]",0.0456,0.3996744473221347,4.649069675402031e-05,-0.07374196102319609,-0.09829542405402591,-4.649069675378377e-05,0.18889638537952216,0.2470686598427142,-4.649069616394079e-05,-0.03183466394589447,-0.08969252514727664,4.649069681117173e-05,-0.2456629757981199,-0.3908211942791009,-4.649069675376796e-05,0.04428900701629784,0.06008813045897676,4.6490696754035554e-05,2.4512082261390223e-17,-1.7213916011733616e-15
299.54,"[0.06062, 0.0456, 0.3996744473221347]",0.0456,0.3996744473221347,4.6490696889185326e-05,-0.07374196102319609,-0.0969686416653771,-4.64906968879882e-05,0.18889638537952216,0.24392435111100538,-4.64906963129899e-05,-0.03183466394589447,-0.08655979094583695,4.6490696950697326e-05,-0.2456629757981199,-0.38296995553809565,-4.649069688790965e-05,0.04428900701629784,0.059234145580141215,4.6490696889262094e-05,2.4512082261390223e-17,-1.570466160418263e-15
299.56,"[0.06062, 0.0456, 0.4005072173884703]",0.0456,0.4005072173884703,4.6490696975619434e-05,-0.07204375220505918,-0.0969686416653771,-4.649069697538381e-05,0.18498538712476614,0.24392435111100538,-4.6490696405309684e-05,-0.02847951318362213,-0.08655979094583695,4.6490697032501485e-05,-0.2363875006759177,-0.38296995553809565,-4.6490696975367845e-05,0.043223573021557195,0.059234145580141215,4.649069697563385e-05,2.416410874709143e-17,-1.570466160418263e-15
299.58,"[0.06062, 0.0456, 0.4005072173884703]",0.0456,0.4005072173884703,4.64906971085918e-05,-0.07204375220505918,-0.0956520416689112,-4.649069710741467e-05,0.18498538712476614,0.24081030498000552,-4.64906965514784e-05,-0.02847951318362213,-0.08348705387183047,4.6490697169161204e-05,-0.2363875006759177,-0.37522144570981397,-4.6490697107337544e-05,0.043223573021557195,0.05838822680073468,4.649069710866742e-05,2.416410874709143e-17,-1.2471178207042816e-15
299.6,"[0.06062, 0.0456, 0.4005072173884703]",0.0456,0.4005072173884703,4.649069720107459e-05,-0.07204375220505918,-0.0956520416689112,-4.649069720341607e-05,0.18498538712476614,0.24081030498000552,-4.649069663957452e-05,-0.02847951318362213,-0.08348705387183047,4.649069723804614e-05,-0.2363875006759177,-0.37522144570981397,-4.6490697203567e-05,0.043223573021557195,0.05838822680073468,4.649069720092162e-05,2.416410874709143e-17,-1.2471178207042816e-15
299.62,"[0.06062, 0.0456, 0.40131001867752203]",0.0456,0.40131001867752203,4.6490697314694895e-05,-0.07038062008769942,-0.09430175447962262,-4.6490697313803234e-05,0.18116989792095778,0.23762265118290912,-4.649069677378657e-05,-0.025234202880184926,-0.08036853882261509,4.649069737167486e-05,-0.22735315545606663,-0.36731357595085345,-4.6490697313744626e-05,0.04218220739529408,0.05752206671418996,4.649069731475227e-05,2.4726364178418905e-17,-1.0965941612498471e-15
299.64,"[0.06062, 0.0456, 0.40131001867752203]",0.0456,0.40131001867752203,4.649069740311202e-05,-0.07038062008769942,-0.09430175447962262,-4.649069740558124e-05,0.18116989792095778,0.23762265118290912,-4.649069685934954e-05,-0.025234202880184926,-0.08036853882261509,4.649069743919184e-05,-0.22735315545606663,-0.36731357595085345,-4.64906974057404e-05,0.04218220739529408,0.05752206671418996,4.6490697402951154e-05,2.4726364178418905e-17,-1.0965941612498471e-15
299.66,"[0.06062, 0.0456, 0.402082058921341]",0.0456,0.402082058921341,4.649069751482865e-05,-0.06875626731577159,-0.09299014918907651,-4.649069751391967e-05,0.1774578214342686,0.23452645468812705,-4.649069699140129e-05,-0.02210292619472473,-0.07734019132034886,4.6490697571064155e-05,-0.21857645049652671,-0.35963322547616156,-4.6490697513860375e-05,0.04116709441188007,0.05668075452246667,4.649069751488722e-05,2.548188195043551e-17,-1.1497216381939037e-15
299.68,"[0.06062, 0.0456, 0.402082058921341]",0.0456,0.402082058921341,4.649069759721293e-05,-0.06875626731577159,-0.09299014918907651,-4.6490697596986995e-05,0.1774578214342686,0.23452645468812705,-4.649069708105712e-05,-0.02210292619472473,-0.07734019132034886,4.649069765155817e-05,-0.21857645049652671,-0.35963322547616156,-4.6490697596971905e-05,0.04116709441188007,0.05668075452246667,4.649069759722739e-05,2.548188195043551e-17,-1.1497216381939037e-15
299.7,"[0.06062, 0.0456, 0.402082058921341]",0.0456,0.402082058921341,4.6490697723738646e-05,-0.06875626731577159,-0.09168179450360052,-4.649069772253154e-05,0.1774578214342686,0.23144439866781266,-4.649069722022227e-05,-0.02210292619472473,-0.07435242661190596,4.649069778177136e-05,-0.21857645049652671,-0.3520111596194822,-4.649069772245311e-05,0.04116709441188007,0.05584295618914375,4.6490697723816986e-05,2.548188195043551e-17,-1.0252617122876946e-15
299.72,"[0.06062, 0.0456, 0.40282257620941614]",0.0456,0.40282257620941614,4.649069780830427e-05,-0.06717447046894497,-0.09168179450360052,-4.649069780807043e-05,0.1738570630867949,0.23144439866781266,-4.6490697311159935e-05,-0.019089799430470025,-0.07435242661190596,4.649069786246059e-05,-0.21007400974618917,-0.3520111596194822,-4.649069780805556e-05,0.04018044957580142,0.05584295618914375,4.649069780831997e-05,2.5451116610849367e-17,-1.0252617122876946e-15
299.74,"[0.06062, 0.0456, 0.40282257620941614]",0.0456,0.40282257620941614,4.6490697933039253e-05,-0.06717447046894497,-0.09036290456705005,-4.649069793184891e-05,0.1738570630867949,0.2283441455457922,-4.6490697447939575e-05,-0.019089799430470025,-0.07137249757232031,4.649069799027326e-05,-0.21007400974618917,-0.34436564536488407,-4.6490697931771265e-05,0.04018044957580142,0.0549998066042358,4.649069793311697e-05,2.5451116610849367e-17,-8.88692384172002e-16
299.76,"[0.06062, 0.0456, 0.40353083974058784]",0.0456,0.40353083974058784,4.649069801677987e-05,-0.06563906657022228,-0.09036290456705005,-4.649069801657561e-05,0.17037550197680917,0.2283441455457922,-4.6490697538049054e-05,-0.016198850530248846,-0.07137249757232031,4.6490698070195484e-05,-0.2018625150889779,-0.34436564536488407,-4.649069801656235e-05,0.039224511894788705,0.0549998066042358,4.649069801679393e-05,2.5604438151987525e-17,-8.88692384172002e-16
299.78,"[0.06062, 0.0456, 0.40353083974058784]",0.0456,0.40353083974058784,4.649069813927403e-05,-0.06563906657022228,-0.08903430034073155,-4.649069813809229e-05,0.17037550197680917,0.22522782377047013,-4.6490697672235403e-05,-0.016198850530248846,-0.06840153757092478,4.6490698195601334e-05,-0.2018625150889779,-0.3367006567779566,-4.649069813801624e-05,0.039224511894788705,0.05415181449362506,4.6490698139350906e-05,2.5604438151987525e-17,-7.610892266491939e-16
299.8,"[0.06062, 0.0456, 0.40353083974058784]",0.0456,0.40353083974058784,4.6490698222155065e-05,-0.06563906657022228,-0.08903430034073155,-4.6490698221968446e-05,0.17037550197680917,0.22522782377047013,-4.6490697761563064e-05,-0.016198850530248846,-0.06840153757092478,4.6490698274829076e-05,-0.2018625150889779,-0.3367006567779566,-4.6490698221957015e-05,0.039224511894788705,0.05415181449362506,4.649069822216743e-05,2.5604438151987525e-17,-7.610892266491939e-16
299.82,"[0.06062, 0.0456, 0.4042061505442605]",0.0456,0.4042061505442605,4.6490698342542834e-05,-0.06415393747788178,-0.08769832434927616,-4.6490698341361406e-05,0.1670209606140712,0.22210107080679892,-4.6490697893357786e-05,-0.013434007127783639,-0.06544394990329393,4.649069839801879e-05,-0.19395864395522094,-0.3290287815421891,-4.6490698341284604e-05,0.03830153507392898,0.05330045234383415,4.6490698342619365e-05,2.5464600661864153e-17,-6.446139423676782e-16
299.84,"[0.06062, 0.0456, 0.4042061505442605]",0.0456,0.4042061505442605,4.649069842476821e-05,-0.06415393747788178,-0.08640246089754618,-4.649069842459072e-05,0.1670209606140712,0.21906839235091377,-4.649069798214707e-05,-0.013434007127783639,-0.06257607037600996,4.6490698476780257e-05,-0.19395864395522094,-0.32158833318014984,-4.64906984245794e-05,0.03830153507392898,0.05247469216767869,4.64906984247795e-05,2.5464600661864153e-17,-6.901261893071765e-16
299.86,"[0.06062, 0.0456, 0.4048478421702022]",0.0456,0.4048478421702022,4.649069851595287e-05,-0.06272299211380158,-0.08640246089754618,-4.649069851828631e-05,0.16380117254237522,0.21906839235091377,-4.649069807685402e-05,-0.010799084241576367,-0.06257607037600996,4.6490698556502076e-05,-0.18637900018995518,-0.32158833318014984,-4.6490698518437106e-05,0.03741377761406115,0.05247469216767869,4.6490698515801065e-05,2.480246089440812e-17,-6.901261893071765e-16
299.88,"[0.06062, 0.0456, 0.4048478421702022]",0.0456,0.4048478421702022,4.649069863018164e-05,-0.06272299211380158,-0.08512051007653365,-4.64906986290887e-05,0.16380117254237522,0.21607516839750446,-4.649069820866181e-05,-0.010799084241576367,-0.059767684951724645,4.649069868696957e-05,-0.18637900018995518,-0.31426209584982245,-4.6490698629017895e-05,0.03741377761406115,0.05165909402854031,4.649069863025296e-05,2.480246089440812e-17,-5.723266784522821e-16
299.9,"[0.06062, 0.0456, 0.4048478421702022]",0.0456,0.4048478421702022,4.649069872554184e-05,-0.06272299211380158,-0.08512051007653365,-4.649069872779318e-05,0.16380117254237522,0.21607516839750446,-4.649069830619289e-05,-0.010799084241576367,-0.059767684951724645,4.649069876695641e-05,-0.18637900018995518,-0.31426209584982245,-4.649069872793935e-05,0.03741377761406115,0.05165909402854031,4.6490698725395845e-05,2.480246089440812e-17,-5.723266784522821e-16
299.92,"[0.06062, 0.0456, 0.4054552813462504]",0.0456,0.4054552813462504,4.649069883853082e-05,-0.0613501465231593,-0.08381080105455298,-4.649069883746526e-05,0.16072374797153804,0.21302372758005153,-4.649069843543276e-05,-0.008297771710707112,-0.05692465787281586,4.649069889442308e-05,-0.17914003830833522,-0.30680858384833715,-4.649069883739599e-05,0.036563491819588054,0.05082703097583471,4.6490698838599724e-05,2.5283412091351873e-17,-5.91506114783679e-16
299.94,"[0.06062, 0.0456, 0.4054552813462504]",0.0456,0.4054552813462504,4.649069892765958e-05,-0.0613501465231593,-0.08381080105455298,-4.649069892734488e-05,0.16072374797153804,0.21302372758005153,-4.649069853289185e-05,-0.008297771710707112,-0.05692465787281586,4.649069898198422e-05,-0.17914003830833522,-0.30680858384833715,-4.6490698927323885e-05,0.036563491819588054,0.05082703097583471,4.649069892767983e-05,2.5283412091351873e-17,-5.91506114783679e-16
299.96,"[0.06062, 0.0456, 0.40602786860327555]",0.0456,0.40602786860327555,4.649069905030837e-05,-0.060039301810482545,-0.08258787224448177,-4.649069904898697e-05,0.15779613759588643,0.21017515344824228,-4.649069866695688e-05,-0.005933621483124693,-0.05427290987044811,4.649069910707768e-05,-0.17225798142923357,-0.29985240308207994,-4.649069904890129e-05,0.03575291174640897,0.05005023007788342,4.649069905039369e-05,2.5732110621733102e-17,-4.68384773839019e-16
299.98,"[0.06062, 0.0456, 0.40602786860327555]",0.0456,0.40602786860327555,4.6490699140911245e-05,-0.060039301810482545,-0.08258787224448177,-4.649069914055352e-05,0.15779613759588643,0.21017515344824228,-4.6490698765079995e-05,-0.005933621483124693,-0.05427290987044811,4.649069919451724e-05,-0.17225798142923357,-0.29985240308207994,-4.649069914053053e-05,0.03575291174640897,0.05005023007788342,4.649069914093385e-05,2.5732110621733102e-17,-4.68384773839019e-16
300.0,"[0.06062, 0.0456, 0.40602786860327555]",0.0456,0.40602786860327555,4.649069926034257e-05,-0.060039301810482545,-0.08136712627779895,-4.6490699259078325e-05,0.15779613759588643,0.20733827023812032,-4.6490698895161725e-05,-0.005933621483124693,-0.051651171050982936,4.6490699315592796e-05,-0.17225798142923357,-0.2929389786798524,-4.6490699258996156e-05,0.03575291174640897,0.04927598019330471,4.6490699260424165e-05,2.5732110621733102e-17,-3.211090773210086e-16
300.02,"[0.06062, 0.0456, 0.4065650388667841]",0.0456,0.4065650388667841,4.64906993484028e-05,-0.05879432005422783,-0.08136712627779895,-4.649069934810572e-05,0.15502559483485312,0.20733827023812032,-4.6490698990474155e-05,-0.0037100348764784103,-0.051651171050982936,4.649069940044504e-05,-0.16574873335707582,-0.2929389786798524,-4.649069934808643e-05,0.034984240149673156,0.04927598019330471,4.649069934842177e-05,2.574628506715444e-17,-3.211090773210086e-16
300.04,"[0.06062, 0.0456, 0.4065650388667841]",0.0456,0.4065650388667841,4.649069946380986e-05,-0.05879432005422783,-0.08014858654681724,-4.649069946259284e-05,0.15502559483485312,0.20451304021825892,-4.649069911598721e-05,-0.0037100348764784103,-0.04905827313397141,4.6490699517292476e-05,-0.16574873335707582,-0.2860670271245537,-4.6490699462514144e-05,0.034984240149673156,0.048504249450536496,4.649069946388935e-05,2.574628506715444e-17,-1.8686334487911225e-16
300.06,"[0.06062, 0.0456, 0.40706626201457935]",0.0456,0.40706626201457935,4.6490699549104533e-05,-0.05761899836546851,-0.08014858654681724,-4.649069954884812e-05,0.15241913679210062,0.20451304021825892,-4.649069920839003e-05,-0.00163024993872664,-0.04905827313397141,4.6490699599523085e-05,-0.15962778547524362,-0.2860670271245537,-4.6490699548831504e-05,0.0342596345229474,0.048504249450536496,4.649069954912118e-05,2.586046236674697e-17,-1.8686334487911225e-16
300.08,"[0.06062, 0.0456, 0.40706626201457935]",0.0456,0.40706626201457935,4.649069966061846e-05,-0.05761899836546851,-0.07893443607641137,-4.649069965943114e-05,0.15241913679210062,0.2017043388479199,-4.6490699329586045e-05,-0.00163024993872664,-0.04649742580540772,4.6490699712394745e-05,-0.15962778547524362,-0.279247175282824,-4.649069965935368e-05,0.0342596345229474,0.047736362022924805,4.649069966069517e-05,2.586046236674697e-17,-6.964003551827116e-17
300.1,"[0.06062, 0.0456, 0.40706626201457935]",0.0456,0.40706626201457935,4.649069974339673e-05,-0.05761899836546851,-0.07775734714596624,-4.649069974316499e-05,0.15241913679210062,0.19898156503785502,-4.6490699419405825e-05,-0.00163024993872664,-0.04401547185912666,4.6490699792311335e-05,-0.15962778547524362,-0.27263636737207897,-4.6490699743149895e-05,0.0342596345229474,0.046991947616243035,4.649069974341174e-05,2.586046236674697e-17,-7.795230032137642e-17
300.12,"[0.06062, 0.0456, 0.40753104339992785]",0.0456,0.40753104339992785,4.6490699831475306e-05,-0.05651704132431819,-0.07775734714596624,-4.649069983361219e-05,0.14998350429083868,0.19898156503785502,-4.6490699512991555e-05,0.0003026709597418432,-0.04401547185912666,4.649069987204891e-05,-0.15391011931686108,-0.27263636737207897,-4.649069983375037e-05,0.03358119235437658,0.046991947616243035,4.649069983133649e-05,2.57490120493658e-17,-7.795230032137642e-17
300.14,"[0.06062, 0.0456, 0.40753104339992785]",0.0456,0.40753104339992785,4.649069993597088e-05,-0.05651704132431819,-0.07660433970048999,-4.6490699934898056e-05,0.14998350429083868,0.19632061045219626,-4.649069963048139e-05,0.0003026709597418432,-0.0416055249395529,4.649069998748961e-05,-0.15391011931686108,-0.2661864063600184,-4.649069993482878e-05,0.03358119235437658,0.04626376410410983,4.6490699936040785e-05,2.57490120493658e-17,2.48716219323016e-17
300.16,"[0.06062, 0.0456, 0.407958924339716]",0.0456,0.407958924339716,4.649070002561992e-05,-0.055492032098246394,-0.07660433970048999,-4.649070002765943e-05,0.14772512140247915,0.19632061045219626,-4.64906997249191e-05,0.002085853169291341,-0.0416055249395529,4.6490700066177226e-05,-0.1486101058836719,-0.2661864063600184,-4.649070002779155e-05,0.032950935760402304,0.04626376410410983,4.649070002548806e-05,2.5796208178389376e-17,2.48716219323016e-17
300.18,"[0.06062, 0.0456, 0.407958924339716]",0.0456,0.407958924339716,4.649070012773232e-05,-0.055492032098246394,-0.07660433970048999,-4.649070012670051e-05,0.14772512140247915,0.19632061045219626,-4.649069983895124e-05,0.002085853169291341,-0.0416055249395529,4.649070017787645e-05,-0.1486101058836719,-0.2661864063600184,-4.6490700126633654e-05,0.032950935760402304,0.04626376410410983,4.6490700127799564e-05,2.5796208178389376e-17,2.48716219323016e-17
300.2,"[0.06062, 0.0456, 0.407958924339716]",0.0456,0.407958924339716,4.649070023266955e-05,-0.055492032098246394,-0.07546263110118949,-4.649070023150473e-05,0.14772512140247915,0.19369148552970056,-4.6490699951517364e-05,0.002085853169291341,-0.03923859360353313,4.649070028066342e-05,-0.1486101058836719,-0.25982307745023014,-4.6490700231428875e-05,0.032950935760402304,0.04554363789454671,4.6490700232745056e-05,2.5796208178389376e-17,1.297815382056662e-16
300.22,"[0.06062, 0.0456, 0.40834948256711495]",0.0456,0.40834948256711495,4.649070030981208e-05,-0.05454740261679549,-0.07546263110118949,-4.649070030963503e-05,0.14565005494110647,0.19369148552970056,-4.649070003508905e-05,0.0037166213080793526,-0.03923859360353313,4.649070035476731e-05,-0.14374140298315702,-0.25982307745023014,-4.649070030962369e-05,0.0323707956922806,0.04554363789454671,4.649070030982344e-05,2.5849755939954397e-17,1.297815382056662e-16
300.24,"[0.06062, 0.0456, 0.40834948256711495]",0.0456,0.40834948256711495,4.649070040783343e-05,-0.05454740261679549,-0.07432573471477559,-4.6490700406766775e-05,0.14565005494110647,0.19107885252131762,-4.649070014123084e-05,0.0037166213080793526,-0.03689942814833693,4.6490700453587565e-05,-0.14374140298315702,-0.2535080783708306,-4.6490700406697833e-05,0.0323707956922806,0.04482739714147171,4.6490700407902375e-05,2.5849755939954397e-17,1.6054542943402048e-16
300.26,"[0.06062, 0.0456, 0.40870233264830685]",0.0456,0.40870233264830685,4.649070048197794e-05,-0.05368640324415253,-0.07320240341894171,-4.6490700481807796e-05,0.14376397444466582,0.18850244223770934,-4.6490700221963444e-05,0.005192510186548696,-0.034604406964311635,4.6490700525394614e-05,-0.1393168520385673,-0.24728807863737634,-4.649070048179692e-05,0.031842595943398375,0.044120482386365095,4.6490700481988674e-05,2.5594629205243165e-17,1.7381696888940219e-16
300.28,"[0.06062, 0.0456, 0.40870233264830685]",0.0456,0.40870233264830685,4.6490700560468e-05,-0.05368640324415253,-0.07320240341894171,-4.649070056260386e-05,0.14376397444466582,0.18850244223770934,-4.649070030644191e-05,0.005192510186548696,-0.034604406964311635,4.6490700597342487e-05,-0.1393168520385673,-0.24728807863737634,-4.6490700562742946e-05,0.031842595943398375,0.044120482386365095,4.649070056032958e-05,2.5594629205243165e-17,1.7381696888940219e-16
300.3,"[0.06062, 0.0456, 0.40870233264830685]",0.0456,0.40870233264830685,4.6490700701291285e-05,-0.05368640324415253,-0.07214344629697352,-4.649070070013709e-05,0.14376397444466582,0.1860740956219106,-4.649070046145489e-05,0.005192510186548696,-0.032442309760750354,4.6490700746497514e-05,-0.1393168520385673,-0.24142622151469148,-4.649070070006229e-05,0.031842595943398375,0.04345414520272366,4.64907007013661e-05,2.5594629205243165e-17,2.393084533551534e-16
300.32,"[0.06062, 0.0456, 0.40901712636286175]",0.0456,0.40901712636286175,4.649070073321327e-05,-0.052912072451113824,-0.07214344629697352,-4.6490700735107916e-05,0.14207211320276183,0.1860740956219106,-4.649070049497687e-05,0.006511274991037032,-0.032442309760750354,4.649070077022434e-05,-0.13534837598666122,-0.24142622151469148,-4.649070073523069e-05,0.031368037214550594,0.04345414520272366,4.6490700733090765e-05,2.5699608802584217e-17,2.393084533551534e-16
300.34,"[0.06062, 0.0456, 0.40901712636286175]",0.0456,0.40901712636286175,4.6490700824025254e-05,-0.052912072451113824,-0.07110282389763527,-4.6490700823060036e-05,0.14207211320276183,0.1836922385994023,-4.649070059550103e-05,0.006511274991037032,-0.030331618941174122,4.6490700868619005e-05,-0.13534837598666122,-0.23568278844164986,-4.6490700822997105e-05,0.031368037214550594,0.042800019885039474,4.649070082408767e-05,2.5699608802584217e-17,3.128813577043915e-16
300.36,"[0.06062, 0.0456, 0.40929355304738885]",0.0456,0.40929355304738885,4.649070090241006e-05,-0.052227207037419364,-0.07110282389763527,-4.649070090430594e-05,0.1405792309177225,0.1836922385994023,-4.6490700679329475e-05,0.007670900619075653,-0.030331618941174122,4.6490700938673264e-05,-0.13184688000312483,-0.23568278844164986,-4.6490700904428854e-05,0.030948681518057016,0.042800019885039474,4.6490700902287256e-05,2.5858632848988406e-17,3.128813577043915e-16
300.38,"[0.06062, 0.0456, 0.40929355304738885]",0.0456,0.40929355304738885,4.649070099058594e-05,-0.052227207037419364,-0.07008275974150517,-4.649070098965984e-05,0.1405792309177225,0.18136146721218202,-4.6490700776583095e-05,0.007670900619075653,-0.028275068105650183,4.64907010338587e-05,-0.13184688000312483,-0.23006791278138644,-4.649070098960002e-05,0.030948681518057016,0.04215942077171742,4.649070099064597e-05,2.5858632848988406e-17,3.7972323258338047e-16
300.4,"[0.06062, 0.0456, 0.40929355304738885]",0.0456,0.40929355304738885,4.649070106670165e-05,-0.052227207037419364,-0.07008275974150517,-4.649070106858351e-05,0.1405792309177225,0.18136146721218202,-4.649070085816765e-05,0.007670900619075653,-0.028275068105650183,4.6490701102051744e-05,-0.13184688000312483,-0.23006791278138644,-4.649070106870572e-05,0.030948681518057016,0.04215942077171742,4.649070106658004e-05,2.5858632848988406e-17,3.7972323258338047e-16
300.42,"[0.06062, 0.0456, 0.40953133990212387]",0.0456,0.40953133990212387,4.649070115208386e-05,-0.0516343334906701,-0.06908633997316349,-4.649070115118799e-05,0.13928957859795946,0.17908826954790832,-4.649070095207984e-05,0.008669610072057542,-0.026276967618724854,4.649070119397675e-05,-0.12882215687670176,-0.22459627385149275,-4.649070115113025e-05,0.030585937218169226,0.041534195035721685,4.6490701152142115e-05,2.594297767486025e-17,4.385328776162919e-16
300.44,"[0.06062, 0.0456, 0.40953133990212387]",0.0456,0.40953133990212387,4.649070122588725e-05,-0.0516343334906701,-0.06908633997316349,-4.6490701227737996e-05,0.13928957859795946,0.17908826954790832,-4.649070103138387e-05,0.008669610072057542,-0.026276967618724854,4.6490701260291966e-05,-0.12882215687670176,-0.22459627385149275,-4.6490701227857434e-05,0.030585937218169226,0.041534195035721685,4.649070122576672e-05,2.594297767486025e-17,4.385328776162919e-16
300.46,"[0.06062, 0.0456, 0.40973025226014964]",0.0456,0.40973025226014964,4.64907013085088e-05,-0.051135681085701414,-0.06811687401916532,-4.649070130763783e-05,0.1382068662785651,0.17687959198576184,-4.6490701122053946e-05,0.009505871825760308,-0.02434199473612071,4.649070134904113e-05,-0.12628279888112873,-0.21928367404827262,-4.649070130758142e-05,0.030281045013004174,0.04092632512286864,4.649070130856548e-05,2.589068579350928e-17,4.899316554059844e-16
300.48,"[0.06062, 0.0456, 0.40973025226014964]",0.0456,0.40973025226014964,4.649070138006719e-05,-0.051135681085701414,-0.06811687401916532,-4.649070138187279e-05,0.1382068662785651,0.17687959198576184,-4.6490701199134506e-05,0.009505871825760308,-0.02434199473612071,4.649070141354191e-05,-0.12628279888112873,-0.21928367404827262,-4.649070138198952e-05,0.030281045013004174,0.04092632512286864,4.649070137995009e-05,2.589068579350928e-17,4.899316554059844e-16
300.5,"[0.06062, 0.0456, 0.40973025226014964]",0.0456,0.40973025226014964,4.649070146001587e-05,-0.051135681085701414,-0.06717737692734753,-4.649070145916705e-05,0.1382068662785651,0.1747393042599208,-4.649070128669778e-05,0.009505871825760308,-0.022467188387729667,4.649070149922851e-05,-0.12628279888112873,-0.21413572726571234,-4.6490701459111984e-05,0.030281045013004174,0.04033726315960511,4.6490701460071266e-05,2.589068579350928e-17,4.706411156588066e-16
300.52,"[0.06062, 0.0456, 0.4098900938189837]",0.0456,0.4098900938189837,4.649070152811492e-05,-0.05073315732577107,-0.06717737692734753,-4.649070152782264e-05,0.13733423414243157,0.1747393042599208,-4.6490701361580355e-05,0.010178406114873913,-0.022467188387729667,4.6490701566558175e-05,-0.12423611796293779,-0.21413572726571234,-4.6490701527803456e-05,0.030035065161025352,0.04033726315960511,4.649070152813431e-05,2.5960365095973544e-17,4.706411156588066e-16
300.54,"[0.06062, 0.0456, 0.4098900938189837]",0.0456,0.4098900938189837,4.6490701611095235e-05,-0.05073315732577107,-0.06628165070396488,-4.649070161005334e-05,0.13733423414243157,0.172701223495601,-4.649070145151828e-05,0.010178406114873913,-0.02068711492759204,4.649070165014587e-05,-0.12423611796293779,-0.20923659945936438,-4.649070160998536e-05,0.030035065161025352,0.03977600662263653,4.6490701611162476e-05,2.5960365095973544e-17,5.160439667922479e-16
300.56,"[0.06062, 0.0456, 0.41001070683430546]",0.0456,0.41001070683430546,4.649070167859042e-05,-0.05042832630235383,-0.06628165070396488,-4.649070167829431e-05,0.13667422757521014,0.172701223495601,-4.64907015254272e-05,0.010686190083620936,-0.02068711492759204,4.649070171611425e-05,-0.12268807596866618,-0.20923659945936438,-4.649070167827471e-05,0.029848866241995124,0.03977600662263653,4.6490701678609134e-05,2.6001862847324755e-17,5.160439667922479e-16
300.58,"[0.06062, 0.0456, 0.41001070683430546]",0.0456,0.41001070683430546,4.649070175892083e-05,-0.05042832630235383,-0.06542035872626302,-4.649070175793291e-05,0.13667422757521014,0.1707433772382183,-4.649070161226211e-05,0.010686190083620936,-0.018981000444664508,4.6490701796685134e-05,-0.12268807596866618,-0.204532530445109,-4.6490701757868914e-05,0.029848866241995124,0.039236597183638575,4.64907017589849e-05,2.6001862847324755e-17,5.649713601145791e-16
300.6,"[0.06062, 0.0456, 0.41001070683430546]",0.0456,0.41001070683430546,4.6490701825114867e-05,-0.05042832630235383,-0.06542035872626302,-4.649070182672179e-05,0.13667422757521014,0.1707433772382183,-4.64907016835055e-05,0.010686190083620936,-0.018981000444664508,4.6490701856073324e-05,-0.12268807596866618,-0.204532530445109,-4.649070182682578e-05,0.029848866241995124,0.039236597183638575,4.6490701825010614e-05,2.6001862847324755e-17,5.649713601145791e-16
300.62,"[0.06062, 0.0456, 0.4100919722756305]",0.0456,0.4100919722756305,4.649070189729356e-05,-0.05022239050318768,-0.06458939417274444,-4.6490701896552704e-05,0.1362287766297136,0.16885578313989877,-4.649070176197245e-05,0.011028461769921926,-0.017338786451097626,4.649070193258098e-05,-0.12164322647676855,-0.19999875260989222,-4.649070189650413e-05,0.02972311571810333,0.038716368746053664,4.6490701897341285e-05,2.6019249409693965e-17,5.74302009229106e-16
300.64,"[0.06062, 0.0456, 0.4100919722756305]",0.0456,0.4100919722756305,4.649070195901682e-05,-0.05022239050318768,-0.06458939417274444,-4.6490701958768914e-05,0.1362287766297136,0.16885578313989877,-4.6490701829688756e-05,0.011028461769921926,-0.017338786451097626,4.6490701993441957e-05,-0.12164322647676855,-0.19999875260989222,-4.649070195875321e-05,0.02972311571810333,0.038716368746053664,4.649070195903332e-05,2.6019249409693965e-17,5.74302009229106e-16
300.66,"[0.06062, 0.0456, 0.41013380994377957]",0.0456,0.41013380994377957,4.649070203262959e-05,-0.05011617652902443,-0.06380722513693647,-4.649070203171398e-05,0.1359991803009432,0.16707918899247867,-4.649070190924848e-05,0.011204722904928332,-0.015793476776650398,4.6490702067304e-05,-0.12110466957986724,-0.1957317773726629,-4.649070203165455e-05,0.029658272525966964,0.03822671189994013,4.649070203268909e-05,2.5997360986634883e-17,6.087252091091664e-16
300.68,"[0.06062, 0.0456, 0.41013380994377957]",0.0456,0.41013380994377957,4.6490702092961965e-05,-0.05011617652902443,-0.06380722513693647,-4.649070209269878e-05,0.1359991803009432,0.16707918899247867,-4.6490701975256044e-05,0.011204722904928332,-0.015793476776650398,4.649070212622613e-05,-0.12110466957986724,-0.1957317773726629,-4.649070209268198e-05,0.029658272525966964,0.03822671189994013,4.64907020929791e-05,2.5997360986634883e-17,6.087252091091664e-16
300.7,"[0.06062, 0.0456, 0.41013380994377957]",0.0456,0.41013380994377957,4.6490702163686485e-05,-0.05011617652902443,-0.06306271217970554,-4.649070216281803e-05,0.1359991803009432,0.16538880857685537,-4.649070205157603e-05,0.011204722904928332,-0.01432454241952412,4.649070219697158e-05,-0.12110466957986724,-0.19167263596607184,-4.649070216276147e-05,0.029658272525966964,0.03776072577684722,4.649070216374268e-05,2.5997360986634883e-17,6.43050749454067e-16
300.72,"[0.06062, 0.0456, 0.41014]",0.0456,0.41014,4.6490702221636326e-05,-0.05011617652902443,-0.062341953004718335,-4.649070222139173e-05,0.1359991803009432,0.16375239606450742,-4.649070211490706e-05,0.011204722904928332,-0.01290258171910295,4.649070225349163e-05,-0.12110466957986724,-0.18774313217083363,-4.649070222137582e-05,0.029658272525966964,0.0373096122339179,4.649070222165182e-05,2.5997360986634883e-17,6.310441064431844e-16
300.74,"[0.06062, 0.0456, 0.41014]",0.0456,0.41014,4.64907022807568e-05,-0.05011617652902443,-0.062341953004718335,-4.6490702282031706e-05,0.1359991803009432,0.16375239606450742,-4.6490702179335256e-05,0.011204722904928332,-0.01290258171910295,4.649070230911676e-05,-0.12110466957986724,-0.18774313217083363,-4.6490702282114214e-05,0.029658272525966964,0.0373096122339179,4.649070228067394e-05,2.5997360986634883e-17,6.310441064431844e-16
300.76,"[0.06062, 0.0456, 0.41014]",0.0456,0.41014,4.64907023465187e-05,-0.05011617652902443,-0.062341953004718335,-4.6490702345770305e-05,0.1359991803009432,0.16375239606450742,-4.649070225094985e-05,0.011204722904928332,-0.01290258171910295,4.6490702378639934e-05,-0.12110466957986724,-0.18774313217083363,-4.649070234572205e-05,0.029658272525966964,0.0373096122339179,4.6490702346567106e-05,2.5997360986634883e-17,6.310441064431844e-16
300.78,"[0.06062, 0.0456, 0.41014]",0.0456,0.41014,4.649070241264697e-05,-0.05011617652902443,-0.061687411715674705,-4.649070241182389e-05,0.1359991803009432,0.16226644995270983,-4.649070232198723e-05,0.011204722904928332,-0.011611632631470255,4.649070244338925e-05,-0.12110466957986724,-0.1841750942027823,-4.64907024117708e-05,0.029658272525966964,0.03689996177631442,4.649070241270039e-05,2.5997360986634883e-17,6.929874410813401e-16
300.8,"[0.06062, 0.0456, 0.41014]",0.0456,0.41014,4.6490702466159864e-05,-0.05011617652902443,-0.061687411715674705,-4.649070246594065e-05,0.1359991803009432,0.16226644995270983,-4.6490702380234605e-05,0.011204722904928332,-0.011611632631470255,4.6490702495256496e-05,-0.12110466957986724,-0.1841750942027823,-4.649070246592648e-05,0.029658272525966964,0.03689996177631442,4.649070246617382e-05,2.5997360986634883e-17,6.929874410813401e-16
300.82,"[0.06062, 0.0456, 0.41014]",0.0456,0.41014,4.64907025273529e-05,-0.05011617652902443,-0.06105983918645308,-4.6490702526631856e-05,0.1359991803009432,0.16084174870610926,-4.6490702446021316e-05,0.011204722904928332,-0.010373933789566187,4.6490702556121105e-05,-0.12110466957986724,-0.18075414119406807,-4.649070252658512e-05,0.029658272525966964,0.036507192878936896,4.649070252739969e-05,2.5997360986634883e-17,7.187338868262599e-16
300.84,"[0.06062, 0.0456, 0.41014]",0.0456,0.41014,4.649070257746946e-05,-0.05011617652902443,-0.06105983918645308,-4.649070257727362e-05,0.1359991803009432,0.16084174870610926,-4.6490702500637005e-05,0.011204722904928332,-0.010373933789566187,4.649070260485018e-05,-0.12110466957986724,-0.18075414119406807,-4.6490702577261204e-05,0.029658272525966964,0.036507192878936896,4.6490702577481955e-05,2.5997360986634883e-17,7.187338868262599e-16
300.86,"[0.06062, 0.0456, 0.41014]",0.0456,0.41014,4.649070263513786e-05,-0.05011617652902443,-0.060465447346226615,-4.649070263445304e-05,0.1359991803009432,0.15949239840870916,-4.6490702562667796e-05,0.011204722904928332,-0.009201747970794216,4.649070266227256e-05,-0.12110466957986724,-0.17751414902149087,-4.6490702634408606e-05,0.029658272525966964,0.03613519387042168,4.649070263518202e-05,2.5997360986634883e-17,7.347563103273782e-16
300.88,"[0.06062, 0.0456, 0.41014]",0.0456,0.41014,4.649070268245914e-05,-0.05011617652902443,-0.060465447346226615,-4.6490702682270955e-05,0.1359991803009432,0.15949239840870916,-4.64907026142752e-05,0.011204722904928332,-0.009201747970794216,4.64907027083218e-05,-0.12110466957986724,-0.17751414902149087,-4.6490702682259185e-05,0.029658272525966964,0.03613519387042168,4.649070268247148e-05,2.5997360986634883e-17,7.347563103273782e-16
300.9,"[0.06062, 0.0456, 0.41014]",0.0456,0.41014,4.649070273694439e-05,-0.05011617652902443,-0.05990310533806922,-4.649070273629322e-05,0.1359991803009432,0.15821582340086654,-4.649070267289958e-05,0.011204722904928332,-0.00809281986188657,4.649070276258979e-05,-0.12110466957986724,-0.17444892286134048,-4.649070273625099e-05,0.029658272525966964,0.03578325577680691,4.6490702736986444e-05,2.5997360986634883e-17,7.451926369864509e-16
300.92,"[0.06062, 0.0456, 0.41014]",0.0456,0.41014,4.649070280760998e-05,-0.05011617652902443,-0.05990310533806922,-4.6490702807069375e-05,0.1359991803009432,0.15821582340086654,-4.649070274968849e-05,0.011204722904928332,-0.00809281986188657,4.649070283234212e-05,-0.12110466957986724,-0.17444892286134048,-4.649070280703447e-05,0.029658272525966964,0.03578325577680691,4.649070280764485e-05,2.5997360986634883e-17,7.451926369864509e-16
300.94,"[0.06062, 0.0456, 0.41014]",0.0456,0.41014,4.6490702833247734e-05,-0.05011617652902443,-0.059371185862481135,-4.649070283262946e-05,0.1359991803009432,0.15700832292244055,-4.649070277720322e-05,0.011204722904928332,-0.007043920756297933,4.649070285750827e-05,-0.12110466957986724,-0.1715495686532107,-4.649070283258961e-05,0.029658272525966964,0.03545035920132932,4.6490702833287944e-05,2.5997360986634883e-17,7.511799270499946e-16
300.96,"[0.06062, 0.0456, 0.41014]",0.0456,0.41014,4.6490702900142466e-05,-0.05011617652902443,-0.059371185862481135,-4.649070289962932e-05,0.1359991803009432,0.15700832292244055,-4.64907028499081e-05,0.011204722904928332,-0.007043920756297933,4.649070292354749e-05,-0.12110466957986724,-0.1715495686532107,-4.649070289959637e-05,0.029658272525966964,0.03545035920132932,4.649070290017565e-05,2.5997360986634883e-17,7.511799270499946e-16
300.98,"[0.06062, 0.0456, 0.41014]",0.0456,0.41014,4.649070292440123e-05,-0.05011617652902443,-0.05886808742875167,-4.649070292381477e-05,0.1359991803009432,0.15586625688066574,-4.649070287594482e-05,0.011204722904928332,-0.006051879027944272,4.649070294735987e-05,-0.12110466957986724,-0.16880734053270072,-4.649070292377686e-05,0.029658272525966964,0.035135501201519814,4.649070292443919e-05,2.5997360986634883e-17,7.533962586831448e-16
301.0,"[0.06062, 0.0456, 0.41014]",0.0456,0.41014,4.6490702964551095e-05,-0.05011617652902443,-0.05886808742875167,-4.649070296438634e-05,0.1359991803009432,0.15586625688066574,-4.649070291977057e-05,0.011204722904928332,-0.006051879027944272,4.6490702986467375e-05,-0.12110466957986724,-0.16880734053270072,-4.649070296437545e-05,0.029658272525966964,0.035135501201519814,4.649070296456159e-05,2.5997360986634883e-17,7.533962586831448e-16
301.02,"[0.06062, 0.0456, 0.41014]",0.0456,0.41014,4.649070301069547e-05,-0.05011617652902443,-0.05839227682854249,-4.649070301013968e-05,0.1359991803009432,0.15478614166673102,-4.6490702969431604e-05,0.011204722904928332,-0.005113662094237005,4.6490703032423866e-05,-0.12110466957986724,-0.166213870167273,-4.6490703010103714e-05,0.029658272525966964,0.03483772178342324,4.649070301073151e-05,2.5997360986634883e-17,7.523732033558658e-16
301.04,"[0.06062, 0.0456, 0.41014]",0.0456,0.41014,4.649070304872157e-05,-0.05011617652902443,-0.05839227682854249,-4.649070304856484e-05,0.1359991803009432,0.15478614166673102,-4.6490703010944784e-05,0.011204722904928332,-0.005113662094237005,4.649070306946814e-05,-0.12110466957986724,-0.166213870167273,-4.649070304855506e-05,0.029658272525966964,0.03483772178342324,4.6490703048732e-05,2.5997360986634883e-17,7.523732033558658e-16
301.06,"[0.06062, 0.0456, 0.41014]",0.0456,0.41014,4.649070309238767e-05,-0.05011617652902443,-0.057942293209558134,-4.6490703091861143e-05,0.1359991803009432,0.15376465893658936,-4.649070305793677e-05,0.011204722904928332,-0.004226383060016499,4.649070311294996e-05,-0.12110466957986724,-0.16376118727294145,-4.649070309182697e-05,0.029658272525966964,0.034556106383247666,4.649070309242138e-05,2.5997360986634883e-17,7.4856067785030015e-16
301.08,"[0.06062, 0.0456, 0.41014]",0.0456,0.41014,4.6490703128395247e-05,-0.05011617652902443,-0.057942293209558134,-4.649070312824642e-05,0.1359991803009432,0.15376465893658936,-4.649070309725043e-05,0.011204722904928332,-0.004226383060016499,4.6490703148030995e-05,-0.12110466957986724,-0.16376118727294145,-4.649070312823668e-05,0.029658272525966964,0.034556106383247666,4.649070312840493e-05,2.5997360986634883e-17,7.4856067785030015e-16
301.1,"[0.06062, 0.0456, 0.41014]",0.0456,0.41014,4.649070316971041e-05,-0.05011617652902443,-0.05751674778356576,-4.649070316921208e-05,0.1359991803009432,0.1527986546256788,-4.64907031417119e-05,0.011204722904928332,-0.003387299182196702,4.6490703189166926e-05,-0.12110466957986724,-0.16144171685671568,-4.64907031691799e-05,0.029658272525966964,0.034289785637779256,4.649070316974277e-05,2.5997360986634883e-17,7.423473546505081e-16
301.12,"[0.06062, 0.0456, 0.41014]",0.0456,0.41014,4.649070320380001e-05,-0.05011617652902443,-0.05751674778356576,-4.649070320365873e-05,0.1359991803009432,0.1527986546256788,-4.6490703178933576e-05,0.011204722904928332,-0.003387299182196702,4.649070322238147e-05,-0.12110466957986724,-0.16144171685671568,-4.649070320364944e-05,0.029658272525966964,0.034289785637779256,4.649070320380887e-05,2.5997360986634883e-17,7.423473546505081e-16
301.14,"[0.06062, 0.0456, 0.41014]",0.0456,0.41014,4.649070324288517e-05,-0.05011617652902443,-0.05711432226594737,-4.649070324241339e-05,0.1359991803009432,0.15188513518643848,-4.649070322099406e-05,0.011204722904928332,-0.0025938081375905158,4.6490703261292446e-05,-0.12110466957986724,-0.15924826991495752,-4.6490703242383364e-05,0.029658272525966964,0.0340379343758058,4.6490703242915734e-05,2.5997360986634883e-17,7.340824245473428e-16
301.16,"[0.06062, 0.0456, 0.41014]",0.0456,0.41014,4.6490703275152703e-05,-0.05011617652902443,-0.05711432226594737,-4.649070327501886e-05,0.1359991803009432,0.15188513518643848,-4.649070325622944e-05,0.011204722904928332,-0.0025938081375905158,4.6490703292733936e-05,-0.12110466957986724,-0.15924826991495752,-4.64907032750105e-05,0.029658272525966964,0.0340379343758058,4.649070327516162e-05,2.5997360986634883e-17,7.340824245473428e-16
301.18,"[0.06062, 0.0456, 0.41014]",0.0456,0.41014,4.6490703312122385e-05,-0.05011617652902443,-0.05673376664040945,-4.6490703311676e-05,0.1359991803009432,0.1510212623639433,-4.649070329601123e-05,0.011204722904928332,-0.00184344316851096,4.649070332953334e-05,-0.12110466957986724,-0.15717403070671312,-4.6490703311647084e-05,0.029658272525966964,0.033799770197377024,4.6490703312150906e-05,2.5997360986634883e-17,7.240783635571993e-16
301.2,"[0.06062, 0.0456, 0.41014]",0.0456,0.41014,4.649070334265701e-05,-0.05011617652902443,-0.05673376664040945,-4.6490703342530346e-05,0.1359991803009432,0.1510212623639433,-4.6490703329356876e-05,0.011204722904928332,-0.00184344316851096,4.649070335928814e-05,-0.12110466957986724,-0.15717403070671312,-4.649070334252184e-05,0.029658272525966964,0.033799770197377024,4.649070334266513e-05,2.5997360986634883e-17,7.240783635571993e-16
301.22,"[0.06062, 0.0456, 0.41014]",0.0456,0.41014,4.649070337762072e-05,-0.05011617652902443,-0.05637389653594173,-4.649070337719862e-05,0.1359991803009432,0.15020434713911093,-4.649070336697964e-05,0.011204722904928332,-0.001133867606002184,4.649070339408746e-05,-0.12110466957986724,-0.15521254208635954,-4.649070337717107e-05,0.029658272525966964,0.03357455181733969,4.6490703377647864e-05,2.5997360986634883e-17,7.126124194412631e-16
301.24,"[0.06062, 0.0456, 0.41014]",0.0456,0.41014,4.649070340651094e-05,-0.05011617652902443,-0.05637389653594173,-4.649070340639112e-05,0.1359991803009432,0.15020434713911093,-4.6490703398531685e-05,0.011204722904928332,-0.001133867606002184,4.649070342224179e-05,-0.12110466957986724,-0.15521254208635954,-4.649070340638309e-05,0.029658272525966964,0.03357455181733969,4.6490703406518786e-05,2.5997360986634883e-17,7.126124194412631e-16
301.26,"[0.06062, 0.0456, 0.41014]",0.0456,0.41014,4.649070343957436e-05,-0.05011617652902443,-0.0560335903997723,-4.649070343917503e-05,0.1359991803009432,0.14943184324139683,-4.649070343410873e-05,0.011204722904928332,-0.00046286908778511574,4.649070345514666e-05,-0.12110466957986724,-0.15335768984214032,-4.649070343914928e-05,0.029658272525966964,0.033361577285934724,4.649070343960018e-05,2.5997360986634883e-17,6.999283946688232e-16
301.28,"[0.06062, 0.0456, 0.41014]",0.0456,0.41014,4.649070346690473e-05,-0.05011617652902443,-0.05570414734076555,-4.649070346679128e-05,0.1359991803009432,0.148683998969485,-4.649070346395887e-05,0.011204722904928332,0.00018670970208361397,4.649070348178201e-05,-0.12110466957986724,-0.15156204779384377,-4.649070346678353e-05,0.029658272525966964,0.03315540124022952,4.6490703466911984e-05,2.5997360986634883e-17,6.724419849820506e-16
301.3,"[0.06062, 0.0456, 0.41014]",0.0456,0.41014,4.649070349453119e-05,-0.05011617652902443,-0.05570414734076555,-4.649070349511359e-05,0.1359991803009432,0.148683998969485,-4.649070349409774e-05,0.011204722904928332,0.00018670970208361397,4.6490703507845055e-05,-0.12110466957986724,-0.15156204779384377,-4.649070349515108e-05,0.029658272525966964,0.03315540124022952,4.649070349449351e-05,2.5997360986634883e-17,6.724419849820506e-16
301.32,"[0.06062, 0.0456, 0.41014]",0.0456,0.41014,4.6490703524938756e-05,-0.05011617652902443,-0.05539792521159222,-4.6490703524595104e-05,0.1359991803009432,0.14798886724038562,-4.6490703527097477e-05,0.011204722904928332,0.0007905013805661529,4.649070353976569e-05,-0.12110466957986724,-0.14989297387412687,-4.649070352457236e-05,0.029658272525966964,0.032963757660727254,4.6490703524960805e-05,2.5997360986634883e-17,6.586254985784524e-16
301.34,"[0.06062, 0.0456, 0.41014]",0.0456,0.41014,4.649070355193957e-05,-0.05011617652902443,-0.05539792521159222,-4.649070355245422e-05,0.1359991803009432,0.14798886724038562,-4.6490703556460877e-05,0.011204722904928332,0.0007905013805661529,4.6490703564776084e-05,-0.12110466957986724,-0.14989297387412687,-4.649070355248764e-05,0.029658272525966964,0.032963757660727254,4.649070355190632e-05,2.5997360986634883e-17,6.586254985784524e-16
301.36,"[0.06062, 0.0456, 0.41014]",0.0456,0.41014,4.649070358094868e-05,-0.05011617652902443,-0.05510931279679594,-4.6490703580627885e-05,0.1359991803009432,0.147333710206194,-4.649070358786881e-05,0.011204722904928332,0.0013595705769932345,4.649070359504627e-05,-0.12110466957986724,-0.1483198830568335,-4.649070358060717e-05,0.029658272525966964,0.032783134833213705,4.6490703580969667e-05,2.5997360986634883e-17,6.462543383002402e-16
301.38,"[0.06062, 0.0456, 0.41014]",0.0456,0.41014,4.649070360655002e-05,-0.05011617652902443,-0.05510931279679594,-4.64907036070415e-05,0.1359991803009432,0.147333710206194,-4.649070361566087e-05,0.011204722904928332,0.0013595705769932345,4.6490703618709965e-05,-0.12110466957986724,-0.1483198830568335,-4.649070360707336e-05,0.029658272525966964,0.032783134833213705,4.649070360651843e-05,2.5997360986634883e-17,6.462543383002402e-16
301.4,"[0.06062, 0.0456, 0.41014]",0.0456,0.41014,4.6490703633942714e-05,-0.05011617652902443,-0.054836847864180666,-4.649070363364594e-05,0.1359991803009432,0.14671520847845473,-4.649070364527987e-05,0.011204722904928332,0.001896800693745604,4.649070364724619e-05,-0.12110466957986724,-0.14683480508719574,-4.64907036336267e-05,0.029658272525966964,0.032612617633689084,4.649070363396211e-05,2.5997360986634883e-17,6.335133570182935e-16
301.42,"[0.06062, 0.0456, 0.41014]",0.0456,0.41014,4.649070365805965e-05,-0.05011617652902443,-0.054836847864180666,-4.64907036585287e-05,0.1359991803009432,0.14671520847845473,-4.649070367143855e-05,0.011204722904928332,0.001896800693745604,4.649070366951313e-05,-0.12110466957986724,-0.14683480508719574,-4.6490703658559416e-05,0.029658272525966964,0.032612617633689084,4.649070365802973e-05,2.5997360986634883e-17,6.335133570182935e-16
301.44,"[0.06062, 0.0456, 0.41014]",0.0456,0.41014,4.649070368382841e-05,-0.05011617652902443,-0.05457949353644151,-4.649070368355243e-05,0.1359991803009432,0.14613100826897504,-4.649070369928304e-05,0.011204722904928332,0.0024042363402877534,4.649070369634164e-05,-0.12110466957986724,-0.14543208824529774,-4.6490703683534474e-05,0.029658272525966964,0.03245155714379294,4.649070368384633e-05,2.5997360986634883e-17,6.201106902010874e-16
301.46,"[0.06062, 0.0456, 0.41014]",0.0456,0.41014,4.649070370648474e-05,-0.05011617652902443,-0.05457949353644151,-4.649070370693133e-05,0.1359991803009432,0.14613100826897504,-4.64907037238502e-05,0.011204722904928332,0.0024042363402877534,4.6490703717246283e-05,-0.12110466957986724,-0.14543208824529774,-4.649070370696066e-05,0.029658272525966964,0.03245155714379294,4.649070370645642e-05,2.5997360986634883e-17,6.201106902010874e-16
301.48,"[0.06062, 0.0456, 0.41014]",0.0456,0.41014,4.649070373069079e-05,-0.05011617652902443,-0.054336333768454516,-4.6490703730433096e-05,0.1359991803009432,0.1455790300989536,-4.6490703749998886e-05,0.011204722904928332,0.00288368382421453,4.6490703742446374e-05,-0.12110466957986724,-0.1441067394739107,-4.649070373041623e-05,0.029658272525966964,0.03229938006832487,4.649070373070776e-05,2.5997360986634883e-17,6.060535557973152e-16
301.5,"[0.06062, 0.0456, 0.41014]",0.0456,0.41014,4.64907037519568e-05,-0.05011617652902443,-0.054336333768454516,-4.649070375238127e-05,0.1359991803009432,0.1455790300989536,-4.64907037730582e-05,0.011204722904928332,0.00288368382421453,4.6490703762060405e-05,-0.12110466957986724,-0.1441067394739107,-4.6490703752408674e-05,0.029658272525966964,0.03229938006832487,4.6490703751929714e-05,2.5997360986634883e-17,6.060535557973152e-16
301.52,"[0.06062, 0.0456, 0.41014]",0.0456,0.41014,4.6490703774690133e-05,-0.05011617652902443,-0.054106533368665374,-4.6490703774448634e-05,0.1359991803009432,0.1450573780405466,-4.649070379761464e-05,0.011204722904928332,0.003336789996719888,4.649070378573297e-05,-0.12110466957986724,-0.14285420645201585,-4.6490703774432886e-05,0.029658272525966964,0.032155563714481035,4.6490703774706024e-05,2.5997360986634883e-17,5.914493264365146e-16
301.54,"[0.06062, 0.0456, 0.41014]",0.0456,0.41014,4.649070379465503e-05,-0.05011617652902443,-0.054106533368665374,-4.6490703795057705e-05,0.1359991803009432,0.1450573780405466,-4.649070381926637e-05,0.011204722904928332,0.003336789996719888,4.6490703804143475e-05,-0.12110466957986724,-0.14285420645201585,-4.649070379508373e-05,0.029658272525966964,0.032155563714481035,4.649070379462916e-05,2.5997360986634883e-17,5.914493264365146e-16
301.56,"[0.06062, 0.0456, 0.41014]",0.0456,0.41014,4.64907038160147e-05,-0.05011617652902443,-0.05388932275801088,-4.649070381578779e-05,0.1359991803009432,0.14456430511556526,-4.649070384234042e-05,0.011204722904928332,0.0037650723150588023,4.6490703826393065e-05,-0.12110466957986724,-0.14167029450948615,-4.6490703815773115e-05,0.029658272525966964,0.03201962645296606,4.649070381602965e-05,2.5997360986634883e-17,5.764369040827604e-16
301.58,"[0.06062, 0.0456, 0.41014]",0.0456,0.41014,4.649070383477087e-05,-0.05011617652902443,-0.05388932275801088,-4.649070383515234e-05,0.1359991803009432,0.14456430511556526,-4.649070386268565e-05,0.011204722904928332,0.0037650723150588023,4.6490703843687696e-05,-0.12110466957986724,-0.14167029450948615,-4.6490703835177176e-05,0.029658272525966964,0.03201962645296606,4.649070383474605e-05,2.5997360986634883e-17,5.764369040827604e-16
301.6,"[0.06062, 0.0456, 0.41014]",0.0456,0.41014,4.649070385485458e-05,-0.05011617652902443,-0.05368398790606411,-4.649070385464088e-05,0.1359991803009432,0.1440981904478012,-4.6490703884383434e-05,0.011204722904928332,0.004169938693266917,4.6490703864615224e-05,-0.12110466957986724,-0.14055111176475046,-4.64907038546269e-05,0.029658272525966964,0.03189112141935153,4.6490703854868185e-05,2.5997360986634883e-17,5.611562401582785e-16
301.62,"[0.06062, 0.0456, 0.41014]",0.0456,0.41014,4.6490703872489716e-05,-0.05011617652902443,-0.05368398790606411,-4.6490703872851155e-05,0.1359991803009432,0.1440981904478012,-4.649070390351825e-05,0.011204722904928332,0.004169938693266917,4.649070388087639e-05,-0.12110466957986724,-0.14055111176475046,-4.64907038728746e-05,0.029658272525966964,0.03189112141935153,4.6490703872466196e-05,2.5997360986634883e-17,5.611562401582785e-16
301.64,"[0.06062, 0.0456, 0.41014]",0.0456,0.41014,4.649070389139007e-05,-0.05011617652902443,-0.05348986294830468,-4.6490703891188714e-05,0.1359991803009432,0.14365752250236358,-4.649070392394023e-05,0.011204722904928332,0.00455270206403082,4.649070390057768e-05,-0.12110466957986724,-0.13949302887888354,-4.649070389117576e-05,0.029658272525966964,0.03176963189348319,4.649070389140317e-05,2.5997360986634883e-17,5.457430189646553e-16
301.66,"[0.06062, 0.0456, 0.41014]",0.0456,0.41014,4.6490703907986624e-05,-0.05011617652902443,-0.05348986294830468,-4.649070390832875e-05,0.1359991803009432,0.14365752250236358,-4.6490703941952354e-05,0.011204722904928332,0.00455270206403082,4.649070391588179e-05,-0.12110466957986724,-0.13949302887888354,-4.64907039083511e-05,0.029658272525966964,0.03176963189348319,4.649070390796431e-05,2.5997360986634883e-17,5.457430189646553e-16
301.68,"[0.06062, 0.0456, 0.41014]",0.0456,0.41014,4.649070392578719e-05,-0.05011617652902443,-0.0533063245973633,-4.6490703925597123e-05,0.1359991803009432,0.1432408863979195,-4.649070396118796e-05,0.011204722904928332,0.0049145914016996885,4.649070393444179e-05,-0.12110466957986724,-0.13849264858975716,-4.649070392558485e-05,0.029658272525966964,0.03165476780169276,4.649070392579919e-05,2.5997360986634883e-17,5.303102027707779e-16
301.7,"[0.06062, 0.0456, 0.41014]",0.0456,0.41014,4.6490703941418906e-05,-0.05011617652902443,-0.0533063245973633,-4.649070394174284e-05,0.1359991803009432,0.1432408863979195,-4.649070397815764e-05,0.011204722904928332,0.0049145914016996885,4.649070394885729e-05,-0.12110466957986724,-0.13849264858975716,-4.6490703941763886e-05,0.029658272525966964,0.03165476780169276,4.649070394139793e-05,2.5997360986634883e-17,5.303102027707779e-16
301.72,"[0.06062, 0.0456, 0.41014]",0.0456,0.41014,4.649070395819585e-05,-0.05011617652902443,-0.05312865404358489,-4.6490703958016754e-05,0.1359991803009432,0.14283757032501265,-4.6490703996289165e-05,0.011204722904928332,0.005264910979586578,4.6490703966353984e-05,-0.12110466957986724,-0.13752425088245168,-4.649070395800479e-05,0.029658272525966964,0.03154357596290528,4.649070395820736e-05,2.5997360986634883e-17,5.083482479838377e-16
301.74,"[0.06062, 0.0456, 0.41014]",0.0456,0.41014,4.649070397279284e-05,-0.05011617652902443,-0.05312865404358489,-4.6490703972722594e-05,0.1359991803009432,0.14283757032501265,-4.649070401230026e-05,0.011204722904928332,0.005264910979586578,4.64907039807387e-05,-0.12110466957986724,-0.13752425088245168,-4.6490703972717925e-05,0.029658272525966964,0.03154357596290528,4.649070397279721e-05,2.5997360986634883e-17,5.083482479838377e-16
301.76,"[0.06062, 0.0456, 0.41014]",0.0456,0.41014,4.649070398953923e-05,-0.05011617652902443,-0.05296734333726046,-4.649070398932918e-05,0.1359991803009432,0.1424713914761639,-4.649070403036037e-05,0.011204722904928332,0.0055829732143260575,4.649070399743516e-05,-0.12110466957986724,-0.1366450229599319,-4.6490703989315184e-05,0.029658272525966964,0.03144262263429383,4.6490703989552577e-05,2.5997360986634883e-17,4.990573871256976e-16
301.78,"[0.06062, 0.0456, 0.41014]",0.0456,0.41014,4.6490704003702086e-05,-0.05011617652902443,-0.05296734333726046,-4.6490704003983165e-05,0.1359991803009432,0.1424713914761639,-4.649070404569871e-05,0.011204722904928332,0.0055829732143260575,4.6490704010405606e-05,-0.12110466957986724,-0.1366450229599319,-4.64907040040013e-05,0.029658272525966964,0.03144262263429383,4.649070400368394e-05,2.5997360986634883e-17,4.990573871256976e-16
301.8,"[0.06062, 0.0456, 0.41014]",0.0456,0.41014,4.649070401871815e-05,-0.05011617652902443,-0.0528090750608208,-4.649070401856147e-05,0.1359991803009432,0.1421121190097376,-4.6490704061896495e-05,0.011204722904928332,0.005895036579351939,4.649070402600534e-05,-0.12110466957986724,-0.13578237787435318,-4.6490704018551034e-05,0.029658272525966964,0.031343573354237084,4.649070401872801e-05,2.5997360986634883e-17,4.7956313300628765e-16
301.82,"[0.06062, 0.0456, 0.41014]",0.0456,0.41014,4.6490704031726286e-05,-0.05011617652902443,-0.0528090750608208,-4.649070403166729e-05,0.1359991803009432,0.1421121190097376,-4.6490704076145324e-05,0.011204722904928332,0.005895036579351939,4.649070403880101e-05,-0.12110466957986724,-0.13578237787435318,-4.649070403166341e-05,0.029658272525966964,0.031343573354237084,4.649070403173018e-05,2.5997360986634883e-17,4.7956313300628765e-16
301.84,"[0.06062, 0.0456, 0.41014]",0.0456,0.41014,4.649070404660927e-05,-0.05011617652902443,-0.05266504341202807,-4.649070404642511e-05,0.1359991803009432,0.14178516400545554,-4.6490704092181176e-05,0.011204722904928332,0.006179029050284526,4.6490704053624466e-05,-0.12110466957986724,-0.13499732988970806,-4.64907040464132e-05,0.029658272525966964,0.031253433805510385,4.649070404662131e-05,2.5997360986634883e-17,4.700473202777813e-16
301.86,"[0.06062, 0.0456, 0.41014]",0.0456,0.41014,4.649070405916872e-05,-0.05011617652902443,-0.05266504341202807,-4.649070405942241e-05,0.1359991803009432,0.14178516400545554,-4.649070410577502e-05,0.011204722904928332,0.006179029050284526,4.649070406511348e-05,-0.12110466957986724,-0.13499732988970806,-4.649070405943864e-05,0.029658272525966964,0.031253433805510385,4.649070405915224e-05,2.5997360986634883e-17,4.700473202777813e-16
301.88,"[0.06062, 0.0456, 0.41014]",0.0456,0.41014,4.649070407247988e-05,-0.05011617652902443,-0.05252372207351022,-4.6490704072342356e-05,0.1359991803009432,0.1414643614648473,-4.6490704120128404e-05,0.011204722904928332,0.006457677503721705,4.6490704078940885e-05,-0.12110466957986724,-0.13422705451624137,-4.6490704072333486e-05,0.029658272525966964,0.031164990454419218,4.6490704072489144e-05,2.5997360986634883e-17,4.517097095653411e-16
301.9,"[0.06062, 0.0456, 0.41014]",0.0456,0.41014,4.649070408399884e-05,-0.05011617652902443,-0.05252372207351022,-4.6490704083948015e-05,0.1359991803009432,0.1414643614648473,-4.649070413274465e-05,0.011204722904928332,0.006457677503721705,4.649070409026951e-05,-0.12110466957986724,-0.13422705451624137,-4.64907040839445e-05,0.029658272525966964,0.031164990454419218,4.6490704084002036e-05,2.5997360986634883e-17,4.517097095653411e-16
301.92,"[0.06062, 0.0456, 0.41014]",0.0456,0.41014,4.649070409718932e-05,-0.05011617652902443,-0.05239205886191888,-4.649070409702646e-05,0.1359991803009432,0.14116548308587434,-4.64907041469556e-05,0.011204722904928332,0.006717282670472488,4.649070410340725e-05,-0.12110466957986724,-0.13350942100261268,-4.649070409701561e-05,0.029658272525966964,0.031082591464006236,4.649070409719979e-05,2.5997360986634883e-17,4.378642102391169e-16
301.94,"[0.06062, 0.0456, 0.41014]",0.0456,0.41014,4.649070410821397e-05,-0.05011617652902443,-0.05239205886191888,-4.649070410816264e-05,0.1359991803009432,0.14116548308587434,-4.649070415900869e-05,0.011204722904928332,0.006717282670472488,4.649070411416875e-05,-0.12110466957986724,-0.13350942100261268,-4.649070410815907e-05,0.029658272525966964,0.031082591464006236,4.649070410821737e-05,2.5997360986634883e-17,4.378642102391169e-16
301.96,"[0.06062, 0.0456, 0.41014]",0.0456,0.41014,4.6490704120695456e-05,-0.05011617652902443,-0.05226787222956786,-4.64907041205433e-05,0.1359991803009432,0.14088357670657195,-4.6490704172440515e-05,0.011204722904928332,0.006962145990391513,4.649070412657293e-05,-0.12110466957986724,-0.13283253876739748,-4.649070412053352e-05,0.029658272525966964,0.03100487155280028,4.649070412070542e-05,2.5997360986634883e-17,4.249328054045051e-16
301.98,"[0.06062, 0.0456, 0.41014]",0.0456,0.41014,4.649070413110048e-05,-0.05011617652902443,-0.05226787222956786,-4.6490704131053666e-05,0.1359991803009432,0.14088357670657195,-4.649070418380522e-05,0.011204722904928332,0.006962145990391513,4.649070413671729e-05,-0.12110466957986724,-0.13283253876739748,-4.649070413105066e-05,0.029658272525966964,0.03100487155280028,4.6490704131103505e-05,2.5997360986634883e-17,4.249328054045051e-16
302.0,"[0.06062, 0.0456, 0.41014]",0.0456,0.41014,4.649070414285939e-05,-0.05011617652902443,-0.05215057750218829,-4.6490704142717404e-05,0.1359991803009432,0.1406173151032178,-4.649070419645185e-05,0.011204722904928332,0.00719342028801139,4.649070414839531e-05,-0.12110466957986724,-0.13219322102827624,-4.649070414270821e-05,0.029658272525966964,0.03093146481315932,4.649070414286859e-05,2.5997360986634883e-17,4.1238670358334385e-16
302.02,"[0.06062, 0.0456, 0.41014]",0.0456,0.41014,4.649070415264831e-05,-0.05011617652902443,-0.05215057750218829,-4.649070415260548e-05,0.1359991803009432,0.1406173151032178,-4.649070420713956e-05,0.011204722904928332,0.00719342028801139,4.649070415793428e-05,-0.12110466957986724,-0.13219322102827624,-4.6490704152602746e-05,0.029658272525966964,0.03093146481315932,4.6490704152651e-05,2.5997360986634883e-17,4.1238670358334385e-16
302.04,"[0.06062, 0.0456, 0.41014]",0.0456,0.41014,4.64907041637101e-05,-0.05011617652902443,-0.05203975010439514,-4.649070416357711e-05,0.1359991803009432,0.14036573448018813,-4.649070421903339e-05,0.011204722904928332,0.007411942714687139,4.649070416891741e-05,-0.12110466957986724,-0.13158915362619428,-4.649070416356848e-05,0.029658272525966964,0.030862105532389664,4.649070416371876e-05,2.5997360986634883e-17,4.00134325693624e-16
302.06,"[0.06062, 0.0456, 0.41014]",0.0456,0.41014,4.6490704172963284e-05,-0.05011617652902443,-0.05203975010439514,-4.64907041731662e-05,0.1359991803009432,0.14036573448018813,-4.649070422903919e-05,0.011204722904928332,0.007411942714687139,4.649070417734575e-05,-0.12110466957986724,-0.13158915362619428,-4.649070417317921e-05,0.029658272525966964,0.030862105532389664,4.649070417294993e-05,2.5997360986634883e-17,4.00134325693624e-16
302.08,"[0.06062, 0.0456, 0.41014]",0.0456,0.41014,4.6490704182799315e-05,-0.05011617652902443,-0.05193424777488518,-4.649070418269983e-05,0.1359991803009432,0.14012624187915174,-4.649070423963881e-05,0.011204722904928332,0.007619965509115122,4.649070418758037e-05,-0.12110466957986724,-0.13101411063793456,-4.649070418269311e-05,0.029658272525966964,0.030796078847325093,4.649070418280543e-05,2.5997360986634883e-17,3.8572064466871265e-16
302.1,"[0.06062, 0.0456, 0.41014]",0.0456,0.41014,4.649070419131591e-05,-0.05011617652902443,-0.05193424777488518,-4.6490704191279714e-05,0.1359991803009432,0.14012624187915174,-4.6490704248967306e-05,0.011204722904928332,0.007619965509115122,4.649070419595785e-05,-0.12110466957986724,-0.13101411063793456,-4.649070419127717e-05,0.029658272525966964,0.030796078847325093,4.649070419131813e-05,2.5997360986634883e-17,3.8572064466871265e-16
302.12,"[0.06062, 0.0456, 0.41014]",0.0456,0.41014,4.649070420107854e-05,-0.05011617652902443,-0.05183505330714258,-4.6490704200958204e-05,0.1359991803009432,0.13990106826278056,-4.649070425948384e-05,0.011204722904928332,0.007815550861755564,4.649070420568126e-05,-0.12110466957986724,-0.13047344880275208,-4.6490704200950215e-05,0.029658272525966964,0.0307339998211104,4.649070420108615e-05,2.5997360986634883e-17,3.737296141327019e-16
302.14,"[0.06062, 0.0456, 0.41014]",0.0456,0.41014,4.649070420922334e-05,-0.05011617652902443,-0.05183505330714258,-4.6490704209186654e-05,0.1359991803009432,0.13990106826278056,-4.649070426839284e-05,0.011204722904928332,0.007815550861755564,4.6490704213633516e-05,-0.12110466957986724,-0.13047344880275208,-4.649070420918394e-05,0.029658272525966964,0.0307339998211104,4.649070420922556e-05,2.5997360986634883e-17,3.737296141327019e-16
302.16,"[0.06062, 0.0456, 0.41014]",0.0456,0.41014,4.649070421847307e-05,-0.05011617652902443,-0.05174137683975242,-4.649070421836012e-05,0.1359991803009432,0.13968842062828604,-4.6490704278349077e-05,0.011204722904928332,0.008000256171371805,4.6490704222830444e-05,-0.12110466957986724,-0.1299628629617632,-4.6490704218353015e-05,0.029658272525966964,0.030675374133553392,4.649070421848065e-05,2.5997360986634883e-17,3.6239237924198624e-16
302.18,"[0.06062, 0.0456, 0.41014]",0.0456,0.41014,4.6490704226174666e-05,-0.05011617652902443,-0.05174137683975242,-4.649070422614098e-05,0.1359991803009432,0.13968842062828604,-4.649070428676698e-05,0.011204722904928332,0.008000256171371805,4.649070423034268e-05,-0.12110466957986724,-0.1299628629617632,-4.649070422613846e-05,0.029658272525966964,0.030675374133553392,4.6490704226176794e-05,2.5997360986634883e-17,3.6239237924198624e-16
302.2,"[0.06062, 0.0456, 0.41014]",0.0456,0.41014,4.6490704234908396e-05,-0.05011617652902443,-0.05165285904217146,-4.6490704234802374e-05,0.1359991803009432,0.1394874832874173,-4.6490704296162816e-05,0.011204722904928332,0.008174789943231429,4.6490704239021696e-05,-0.12110466957986724,-0.1294803945750432,-4.649070423479547e-05,0.029658272525966964,0.03061997690426204,4.6490704234915016e-05,2.5997360986634883e-17,3.514744134034271e-16
302.221,"[0.06062, 0.0456, 0.41014]",0.0456,0.41014,4.649070424631725e-05,-0.05011617652902443,-0.05165285904217146,-4.649070424622956e-05,0.1359991803009432,0.1394874832874173,-4.649070430856853e-05,0.011204722904928332,0.008174789943231429,4.649070425027739e-05,-0.12110466957986724,-0.1294803945750432,-4.6490704246223665e-05,0.029658272525966964,0.03061997690426204,4.649070424632253e-05,2.5997360986634883e-17,3.514744134034271e-16
302.24,"[0.06062, 0.0456, 0.41014]",0.0456,0.41014,4.6490704250410325e-05,-0.05011617652902443,-0.05156919745651955,-4.649070425031068e-05,0.1359991803009432,0.13929756965412873,-4.6490704312961235e-05,0.011204722904928332,0.008339748544657107,4.6490704254289384e-05,-0.12110466957986724,-0.12902439508853472,-4.6490704250304487e-05,0.029658272525966964,0.030567618845552383,4.6490704250416844e-05,2.5997360986634883e-17,3.409182292474704e-16
302.26,"[0.06062, 0.0456, 0.41014]",0.0456,0.41014,4.649070425725825e-05,-0.05011617652902443,-0.05156919745651955,-4.649070425722916e-05,0.1359991803009432,0.13929756965412873,-4.649070432044322e-05,0.011204722904928332,0.008339748544657107,4.649070426096548e-05,-0.12110466957986724,-0.12902439508853472,-4.649070425722727e-05,0.029658272525966964,0.030567618845552383,4.649070425726023e-05,2.5997360986634883e-17,3.409182292474704e-16
302.28,"[0.06062, 0.0456, 0.41014]",0.0456,0.41014,4.649070426502268e-05,-0.05011617652902443,-0.05148821834642069,-4.649070426492883e-05,0.1359991803009432,0.1391137452991591,-4.649070432879356e-05,0.011204722904928332,0.00849941801110426,4.649070426867888e-05,-0.12110466957986724,-0.12858301649965065,-4.649070426492263e-05,0.029658272525966964,0.03051693956464221,4.6490704265028494e-05,2.5997360986634883e-17,3.278637612451938e-16
302.3,"[0.06062, 0.0456, 0.41014]",0.0456,0.41014,4.649070427145365e-05,-0.05011617652902443,-0.051412423418789155,-4.6490704271427794e-05,0.1359991803009432,0.1389416891520645,-4.649070433582512e-05,0.011204722904928332,0.008648865635686473,4.649070427495063e-05,-0.12110466957986724,-0.12816989442223392,-4.6490704271426114e-05,0.029658272525966964,0.030469504708617347,4.6490704271455306e-05,2.5997360986634883e-17,3.1626829249763926e-16
302.32,"[0.06062, 0.0456, 0.41014]",0.0456,0.41014,4.649070427797554e-05,-0.05011617652902443,-0.051412423418789155,-4.649070427810725e-05,0.1359991803009432,0.1389416891520645,-4.649070434294667e-05,0.011204722904928332,0.008648865635686473,4.6490704281124824e-05,-0.12110466957986724,-0.12816989442223392,-4.649070427811577e-05,0.029658272525966964,0.030469504708617347,4.6490704277966855e-05,2.5997360986634883e-17,3.1626829249763926e-16
302.34,"[0.06062, 0.0456, 0.41014]",0.0456,0.41014,4.649070428511265e-05,-0.05011617652902443,-0.051412423418789155,-4.6490704285031685e-05,0.1359991803009432,0.1389416891520645,-4.6490704350684084e-05,0.011204722904928332,0.008648865635686473,4.649070428858659e-05,-0.12110466957986724,-0.12816989442223392,-4.6490704285026203e-05,0.029658272525966964,0.030469504708617347,4.6490704285117534e-05,2.5997360986634883e-17,3.1626829249763926e-16
302.36,"[0.06062, 0.0456, 0.41014]",0.0456,0.41014,4.649070429221447e-05,-0.05011617652902443,-0.05134303912673643,-4.649070429212599e-05,0.1359991803009432,0.13878418528827893,-4.64907043583062e-05,0.011204722904928332,0.00878567317608581,4.649070429552189e-05,-0.12110466957986724,-0.12779171366844572,-4.649070429212024e-05,0.029658272525966964,0.03042608183051131,4.649070429221976e-05,2.5997360986634883e-17,3.0930070915233848e-16
302.38,"[0.06062, 0.0456, 0.41014]",0.0456,0.41014,4.6490704298037815e-05,-0.05011617652902443,-0.05134303912673643,-4.6490704298013644e-05,0.1359991803009432,0.13878418528827893,-4.649070436465231e-05,0.011204722904928332,0.00878567317608581,4.649070430117247e-05,-0.12110466957986724,-0.12779171366844572,-4.6490704298012127e-05,0.029658272525966964,0.03042608183051131,4.6490704298039265e-05,2.5997360986634883e-17,3.0930070915233848e-16
302.4,"[0.06062, 0.0456, 0.41014]",0.0456,0.41014,4.649070430457686e-05,-0.05011617652902443,-0.051276472850956004,-4.649070430449967e-05,0.1359991803009432,0.13863307838320452,-4.649070437167357e-05,0.011204722904928332,0.00891692433095849,4.6490704307653076e-05,-0.12110466957986724,-0.12742889258019335,-4.6490704304494775e-05,0.029658272525966964,0.030384422555859682,4.6490704304581673e-05,2.5997360986634883e-17,3.0058154507103146e-16
302.42,"[0.06062, 0.0456, 0.41014]",0.0456,0.41014,4.6490704309991856e-05,-0.05011617652902443,-0.051276472850956004,-4.649070430997046e-05,0.1359991803009432,0.13863307838320452,-4.649070437758265e-05,0.011204722904928332,0.00891692433095849,4.6490704312924026e-05,-0.12110466957986724,-0.12742889258019335,-4.649070430996925e-05,0.029658272525966964,0.030384422555859682,4.649070430999315e-05,2.5997360986634883e-17,3.0058154507103146e-16
302.44,"[0.06062, 0.0456, 0.41014]",0.0456,0.41014,4.6490704316123636e-05,-0.05011617652902443,-0.05121343183605038,-4.649070431605036e-05,0.1359991803009432,0.1384899738975925,-4.6490704384171376e-05,0.011204722904928332,0.009041224600310187,4.649070431901044e-05,-0.12110466957986724,-0.1270852860112108,-4.6490704316045566e-05,0.029658272525966964,0.030344969500638957,4.649070431612773e-05,2.5997360986634883e-17,2.918641433418429e-16
302.46,"[0.06062, 0.0456, 0.41014]",0.0456,0.41014,4.649070432120616e-05,-0.05011617652902443,-0.051152391230985805,-4.6490704321185776e-05,0.1359991803009432,0.13835141038616813,-4.6490704389722986e-05,0.011204722904928332,0.009161580588580213,4.6490704323962445e-05,-0.12110466957986724,-0.1267525827242193,-4.649070432118408e-05,0.029658272525966964,0.030306768364983,4.649070432120687e-05,2.5997360986634883e-17,2.813302515535287e-16
302.48,"[0.06062, 0.0456, 0.41014]",0.0456,0.41014,4.649070432632549e-05,-0.05011617652902443,-0.051152391230985805,-4.649070432643364e-05,0.1359991803009432,0.13835141038616813,-4.649070439531218e-05,0.011204722904928332,0.009161580588580213,4.649070432879826e-05,-0.12110466957986724,-0.1267525827242193,-4.64907043264408e-05,0.029658272525966964,0.030306768364983,4.6490704326318274e-05,2.5997360986634883e-17,2.813302515535287e-16
302.5,"[0.06062, 0.0456, 0.41014]",0.0456,0.41014,4.649070433193981e-05,-0.05011617652902443,-0.05109563426782984,-4.649070433187649e-05,0.1359991803009432,0.13822257083577366,-4.649070440139807e-05,0.011204722904928332,0.009273490363778442,4.649070433467505e-05,-0.12110466957986724,-0.12644322753056772,-4.649070433187242e-05,0.029658272525966964,0.030271248067525264,4.6490704331943494e-05,2.5997360986634883e-17,2.7316907093850026e-16
302.52,"[0.06062, 0.0456, 0.41014]",0.0456,0.41014,4.64907043369251e-05,-0.05011617652902443,-0.05109563426782984,-4.649070433702059e-05,0.1359991803009432,0.13822257083577366,-4.649070440682594e-05,0.011204722904928332,0.009273490363778442,4.6490704339301174e-05,-0.12110466957986724,-0.12644322753056772,-4.649070433702672e-05,0.029658272525966964,0.030271248067525264,4.649070433691849e-05,2.5997360986634883e-17,2.7316907093850026e-16
302.54,"[0.06062, 0.0456, 0.41014]",0.0456,0.41014,4.649070434227111e-05,-0.05011617652902443,-0.05104213207734411,-4.649070434221185e-05,0.1359991803009432,0.1381011196906834,-4.64907044126097e-05,0.011204722904928332,0.00937898258493361,4.649070434486771e-05,-0.12110466957986724,-0.12615161255369847,-4.649070434220805e-05,0.029658272525966964,0.030237764709449014,4.6490704342274484e-05,2.5997360986634883e-17,2.65630354475878e-16
302.56,"[0.06062, 0.0456, 0.41014]",0.0456,0.41014,4.6490704346991055e-05,-0.05011617652902443,-0.05104213207734411,-4.649070434708218e-05,0.1359991803009432,0.1381011196906834,-4.649070441774033e-05,0.011204722904928332,0.00937898258493361,4.649070434923847e-05,-0.12110466957986724,-0.12615161255369847,-4.649070434708779e-05,0.029658272525966964,0.030237764709449014,4.64907043469846e-05,2.5997360986634883e-17,2.65630354475878e-16
302.58,"[0.06062, 0.0456, 0.41014]",0.0456,0.41014,4.649070435203603e-05,-0.05011617652902443,-0.050990371796447054,-4.649070435198109e-05,0.1359991803009432,0.1379836227185403,-4.6490704423192734e-05,0.011204722904928332,0.009481040219391794,4.6490704354485256e-05,-0.12110466957986724,-0.12586949189696744,-4.649070435197777e-05,0.029658272525966964,0.030205371493327166,4.6490704352039296e-05,2.5997360986634883e-17,2.565932415022504e-16
302.6,"[0.06062, 0.0456, 0.41014]",0.0456,0.41014,4.64907043564439e-05,-0.05011617652902443,-0.050990371796447054,-4.64907043564212e-05,0.1359991803009432,0.1379836227185403,-4.6490704428026446e-05,0.011204722904928332,0.009481040219391794,4.649070435882783e-05,-0.12110466957986724,-0.12586949189696744,-4.649070435641996e-05,0.029658272525966964,0.030205371493327166,4.649070435644514e-05,2.5997360986634883e-17,2.565932415022504e-16
302.62,"[0.06062, 0.0456, 0.41014]",0.0456,0.41014,4.6490704361455355e-05,-0.05011617652902443,-0.05094234212412839,-4.649070436139227e-05,0.1359991803009432,0.1378745943096415,-4.6490704433428754e-05,0.011204722904928332,0.009575742076787548,4.6490704363816876e-05,-0.12110466957986724,-0.12560770501208443,-4.649070436138821e-05,0.029658272525966964,0.030175313009704153,4.64907043614589e-05,2.5997360986634883e-17,2.4967483605797325e-16
302.64,"[0.06062, 0.0456, 0.41014]",0.0456,0.41014,4.649070436567368e-05,-0.05011617652902443,-0.05094234212412839,-4.6490704365651936e-05,0.1359991803009432,0.1378745943096415,-4.649070443803947e-05,0.011204722904928332,0.009575742076787548,4.649070436793537e-05,-0.12110466957986724,-0.12560770501208443,-4.649070436565045e-05,0.029658272525966964,0.030175313009704153,4.649070436567459e-05,2.5997360986634883e-17,2.4967483605797325e-16
302.66,"[0.06062, 0.0456, 0.41014]",0.0456,0.41014,4.6490704370403865e-05,-0.05011617652902443,-0.05089711482762623,-4.649070437034597e-05,0.1359991803009432,0.13777192735527088,-4.649070444312872e-05,0.011204722904928332,0.009664918387530246,4.64907043726297e-05,-0.12110466957986724,-0.12536119254403696,-4.649070437034211e-05,0.029658272525966964,0.03014700834124426,4.6490704370407165e-05,2.5997360986634883e-17,2.4328612359442195e-16
302.68,"[0.06062, 0.0456, 0.41014]",0.0456,0.41014,4.6490704374367315e-05,-0.05011617652902443,-0.050853372582125835,-4.6490704374348166e-05,0.1359991803009432,0.1376726314992246,-4.649070444745374e-05,0.011204722904928332,0.009751166569025835,4.6490704376491694e-05,-0.12110466957986724,-0.1251227743822158,-4.649070437434685e-05,0.029658272525966964,0.030119633064534582,4.649070437436808e-05,2.5997360986634883e-17,2.3561968811475544e-16
302.7,"[0.06062, 0.0456, 0.41014]",0.0456,0.41014,4.649070437833483e-05,-0.05011617652902443,-0.050853372582125835,-4.6490704378408584e-05,0.1359991803009432,0.1376726314992246,-4.649070445177842e-05,0.011204722904928332,0.009751166569025835,4.649070438024537e-05,-0.12110466957986724,-0.1251227743822158,-4.6490704378413314e-05,0.029658272525966964,0.030119633064534582,4.649070437832942e-05,2.5997360986634883e-17,2.3561968811475544e-16
302.72,"[0.06062, 0.0456, 0.41014]",0.0456,0.41014,4.6490704382631545e-05,-0.05011617652902443,-0.050812817583999,-4.6490704382583243e-05,0.1359991803009432,0.13758057076457644,-4.649070445643009e-05,0.011204722904928332,0.00983113033857737,4.649070438471767e-05,-0.12110466957986724,-0.12490172838891314,-4.6490704382580126e-05,0.029658272525966964,0.030094252467745847,4.6490704382634364e-05,2.5997360986634883e-17,2.297145518119549e-16
302.74,"[0.06062, 0.0456, 0.41014]",0.0456,0.41014,4.64907043864526e-05,-0.05011617652902443,-0.050812817583999,-4.649070438651824e-05,0.1359991803009432,0.13758057076457644,-4.6490704460582015e-05,0.011204722904928332,0.00983113033857737,4.6490704388269884e-05,-0.12110466957986724,-0.12490172838891314,-4.649070438652263e-05,0.029658272525966964,0.030094252467745847,4.6490704386448004e-05,2.5997360986634883e-17,2.297145518119549e-16
302.76,"[0.06062, 0.0456, 0.41014]",0.0456,0.41014,4.6490704390504174e-05,-0.05011617652902443,-0.05077464586680967,-4.649070439045978e-05,0.1359991803009432,0.1374939201298945,-4.649070446495803e-05,0.011204722904928332,0.009906394906142962,4.649070439246581e-05,-0.12110466957986724,-0.12469367252571906,-4.649070439045711e-05,0.029658272525966964,0.030070363403328085,4.6490704390506844e-05,2.5997360986634883e-17,2.242338114541231e-16
302.78,"[0.06062, 0.0456, 0.41014]",0.0456,0.41014,4.649070439408262e-05,-0.05011617652902443,-0.05077464586680967,-4.649070439414573e-05,0.1359991803009432,0.1374939201298945,-4.6490704468838784e-05,0.011204722904928332,0.009906394906142962,4.6490704395782693e-05,-0.12110466957986724,-0.12469367252571906,-4.649070439414944e-05,0.029658272525966964,0.030070363403328085,4.649070439407753e-05,2.5997360986634883e-17,2.242338114541231e-16
302.8,"[0.06062, 0.0456, 0.41014]",0.0456,0.41014,4.649070439786725e-05,-0.05011617652902443,-0.05073864315306039,-4.649070439782661e-05,0.1359991803009432,0.13741219318056283,-4.649070447292222e-05,0.011204722904928332,0.0099773827704833,4.649070439969939e-05,-0.12110466957986724,-0.1244974388679762,-4.649070439782399e-05,0.029658272525966964,0.030047831769665818,4.649070439786941e-05,2.5997360986634883e-17,2.189618246056478e-16
302.82,"[0.06062, 0.0456, 0.41014]",0.0456,0.41014,4.649070440294009e-05,-0.05011617652902443,-0.05073864315306039,-4.6490704402925336e-05,0.1359991803009432,0.13741219318056283,-4.6490704478415447e-05,0.011204722904928332,0.0099773827704833,4.6490704404643403e-05,-0.12110466957986724,-0.1244974388679762,-4.649070440292448e-05,0.029658272525966964,0.030047831769665818,4.649070440294063e-05,2.5997360986634883e-17,2.189618246056478e-16
302.84,"[0.06062, 0.0456, 0.41014]",0.0456,0.41014,4.649070440472799e-05,-0.05011617652902443,-0.05070465976346426,-4.649070440469043e-05,0.1359991803009432,0.1373350501413193,-4.649070448033903e-05,0.011204722904928332,0.010044389059710127,4.6490704406435786e-05,-0.12110466957986724,-0.1243122115851287,-4.649070440468814e-05,0.029658272525966964,0.03002656389274093,4.6490704404729855e-05,2.5997360986634883e-17,2.138456568573319e-16
302.86,"[0.06062, 0.0456, 0.41014]",0.0456,0.41014,4.649070440782972e-05,-0.05011617652902443,-0.05070465976346426,-4.649070440788765e-05,0.1359991803009432,0.1373350501413193,-4.6490704483700776e-05,0.011204722904928332,0.010044389059710127,4.6490704409303996e-05,-0.12110466957986724,-0.1243122115851287,-4.6490704407891524e-05,0.029658272525966964,0.03002656389274093,4.649070440782548e-05,2.5997360986634883e-17,2.138456568573319e-16
302.88,"[0.06062, 0.0456, 0.41014]",0.0456,0.41014,4.649070441111543e-05,-0.05011617652902443,-0.05067177791245165,-4.649070441108063e-05,0.1359991803009432,0.1372604076188044,-4.649070448724378e-05,0.011204722904928332,0.010109223405119296,4.649070441270713e-05,-0.12110466957986724,-0.12413298826484095,-4.649070441107832e-05,0.029658272525966964,0.03000598539340025,4.6490704411117e-05,2.5997360986634883e-17,2.0777729065033258e-16
302.9,"[0.06062, 0.0456, 0.41014]",0.0456,0.41014,4.6490704413979434e-05,-0.05011617652902443,-0.05067177791245165,-4.649070441396505e-05,0.1359991803009432,0.1372604076188044,-4.649070449037773e-05,0.011204722904928332,0.010109223405119296,4.649070441552236e-05,-0.12110466957986724,-0.12413298826484095,-4.649070441396424e-05,0.029658272525966964,0.03000598539340025,4.6490704413979814e-05,2.5997360986634883e-17,2.0777729065033258e-16
302.92,"[0.06062, 0.0456, 0.41014]",0.0456,0.41014,4.649070441721311e-05,-0.05011617652902443,-0.05064126043518876,-4.649070441717306e-05,0.1359991803009432,0.1371911322765247,-4.649070449385927e-05,0.011204722904928332,0.010169395828535582,4.649070441873584e-05,-0.12110466957986724,-0.1239666520205786,-4.64907044171708e-05,0.029658272525966964,0.02998688659371611,4.649070441721533e-05,2.5997360986634883e-17,2.02964327580258e-16
302.94,"[0.06062, 0.0456, 0.41014]",0.0456,0.41014,4.649070441993261e-05,-0.05011617652902443,-0.05064126043518876,-4.6490704419918694e-05,0.1359991803009432,0.1371911322765247,-4.649070449682718e-05,0.011204722904928332,0.010169395828535582,4.649070442138697e-05,-0.12110466957986724,-0.1239666520205786,-4.64907044199178e-05,0.029658272525966964,0.02998688659371611,4.6490704419932775e-05,2.5997360986634883e-17,2.02964327580258e-16
302.96,"[0.06062, 0.0456, 0.41014]",0.0456,0.41014,4.649070442296795e-05,-0.05011617652902443,-0.050612520891382684,-4.649070442293132e-05,0.1359991803009432,0.13712589288216148,-4.6490704500090715e-05,0.011204722904928332,0.01022606263568252,4.649070442439558e-05,-0.12110466957986724,-0.12381000644541132,-4.649070442292884e-05,0.029658272525966964,0.02996890048085896,4.64907044229701e-05,2.5997360986634883e-17,1.984713643874849e-16
302.98,"[0.06062, 0.0456, 0.41014]",0.0456,0.41014,4.6490704425510765e-05,-0.05011617652902443,-0.050612520891382684,-4.649070442549856e-05,0.1359991803009432,0.13712589288216148,-4.6490704502862884e-05,0.011204722904928332,0.01022606263568252,4.6490704426871384e-05,-0.12110466957986724,-0.12381000644541132,-4.649070442549807e-05,0.029658272525966964,0.02996890048085896,4.649070442551126e-05,2.5997360986634883e-17,1.984713643874849e-16
303.0,"[0.06062, 0.0456, 0.41014]",0.0456,0.41014,4.649070442834687e-05,-0.05011617652902443,-0.05058540428885261,-4.6490704428313095e-05,0.1359991803009432,0.13706433760006706,-4.649070450590965e-05,0.011204722904928332,0.010279529430298376,4.649070442968046e-05,-0.12110466957986724,-0.12366220675072744,-4.6490704428310913e-05,0.029658272525966964,0.02995193005583415,4.6490704428349016e-05,2.5997360986634883e-17,1.9415121352480769e-16
303.02,"[0.06062, 0.0456, 0.41014]",0.0456,0.41014,4.649070443071665e-05,-0.05011617652902443,-0.05058540428885261,-4.649070443070563e-05,0.1359991803009432,0.13706433760006706,-4.6490704508491784e-05,0.011204722904928332,0.010279529430298376,4.649070443198624e-05,-0.12110466957986724,-0.12366220675072744,-4.649070443070509e-05,0.029658272525966964,0.02995193005583415,4.6490704430716785e-05,2.5997360986634883e-17,1.9415121352480769e-16
303.04,"[0.06062, 0.0456, 0.41014]",0.0456,0.41014,4.649070443336258e-05,-0.05011617652902443,-0.05055980173494363,-4.6490704433331196e-05,0.1359991803009432,0.13700621924152803,-4.64907045113337e-05,0.011204722904928332,0.010330010920004148,4.6490704434606916e-05,-0.12110466957986724,-0.1235226594144906,-4.649070443332905e-05,0.029658272525966964,0.029935907170184146,4.649070443336429e-05,2.5997360986634883e-17,1.8997338900088778e-16
303.06,"[0.06062, 0.0456, 0.41014]",0.0456,0.41014,4.6490704435570115e-05,-0.05011617652902443,-0.05053502720226027,-4.6490704435560235e-05,0.1359991803009432,0.1369499805093201,-4.6490704513739824e-05,0.011204722904928332,0.010378859770046999,4.649070443675517e-05,-0.12110466957986724,-0.12338762522787153,-4.6490704435559964e-05,0.029658272525966964,0.02992040248633,4.649070443557042e-05,2.5997360986634883e-17,1.8510378142997701e-16
303.08,"[0.06062, 0.0456, 0.41014]",0.0456,0.41014,4.6490704437776425e-05,-0.05011617652902443,-0.05053502720226027,-4.6490704437819014e-05,0.1359991803009432,0.1369499805093201,-4.6490704516143216e-05,0.011204722904928332,0.010378859770046999,4.649070443883928e-05,-0.12110466957986724,-0.12338762522787153,-4.6490704437821725e-05,0.029658272525966964,0.02992040248633,4.6490704437772936e-05,2.5997360986634883e-17,1.8510378142997701e-16
303.1,"[0.06062, 0.0456, 0.41014]",0.0456,0.41014,4.649070444016897e-05,-0.05011617652902443,-0.05051202888828657,-4.649070444014232e-05,0.1359991803009432,0.13689777383251495,-4.649070451873269e-05,0.011204722904928332,0.010424206384850301,4.649070444133105e-05,-0.12110466957986724,-0.12326227236407666,-4.6490704440140616e-05,0.029658272525966964,0.029906009416159986,4.649070444017028e-05,2.5997360986634883e-17,1.812024745237203e-16
303.12,"[0.06062, 0.0456, 0.41014]",0.0456,0.41014,4.649070444229308e-05,-0.05011617652902443,-0.05051202888828657,-4.6490704442330725e-05,0.1359991803009432,0.13689777383251495,-4.649070452104082e-05,0.011204722904928332,0.010424206384850301,4.64907044433039e-05,-0.12110466957986724,-0.12326227236407666,-4.6490704442333374e-05,0.029658272525966964,0.029906009416159986,4.6490704442290054e-05,2.5997360986634883e-17,1.812024745237203e-16
303.14,"[0.06062, 0.0456, 0.41014]",0.0456,0.41014,4.649070444455014e-05,-0.05011617652902443,-0.05049036788203817,-4.6490704444525394e-05,0.1359991803009432,0.1368486028735578,-4.649070452347906e-05,0.011204722904928332,0.0104669161812167,4.6490704445643606e-05,-0.12110466957986724,-0.12314420852822273,-4.649070444452383e-05,0.029658272525966964,0.029892453275338408,4.649070444455137e-05,2.5997360986634883e-17,1.7756076240937973e-16
303.16,"[0.06062, 0.0456, 0.41014]",0.0456,0.41014,4.649070444654196e-05,-0.05011617652902443,-0.05049036788203817,-4.649070444657822e-05,0.1359991803009432,0.1368486028735578,-4.649070452564068e-05,0.011204722904928332,0.0104669161812167,4.6490704447489217e-05,-0.12110466957986724,-0.12314420852822273,-4.649070444658057e-05,0.029658272525966964,0.029892453275338408,4.649070444653933e-05,2.5997360986634883e-17,1.7756076240937973e-16
303.18,"[0.06062, 0.0456, 0.41014]",0.0456,0.41014,4.649070444865422e-05,-0.05011617652902443,-0.050469928413198514,-4.64907044486315e-05,0.1359991803009432,0.1368022048312926,-4.649070452792019e-05,0.011204722904928332,0.01050721742770358,4.649070444967749e-05,-0.12110466957986724,-0.12303280271141304,-4.649070444862997e-05,0.029658272525966964,0.02987966161115017,4.649070444865542e-05,2.5997360986634883e-17,1.7407151790992618e-16
303.2,"[0.06062, 0.0456, 0.41014]",0.0456,0.41014,4.649070445051412e-05,-0.05011617652902443,-0.050469928413198514,-4.6490704450548916e-05,0.1359991803009432,0.1368022048312926,-4.649070452993726e-05,0.011204722904928332,0.01050721742770358,4.649070445139849e-05,-0.12110466957986724,-0.12303280271141304,-4.649070445055092e-05,0.029658272525966964,0.02987966161115017,4.64907044505115e-05,2.5997360986634883e-17,1.7407151790992618e-16
303.22,"[0.06062, 0.0456, 0.41014]",0.0456,0.41014,4.64907044524867e-05,-0.05011617652902443,-0.050450629038953664,-4.6490704452465616e-05,0.1359991803009432,0.13675839482874663,-4.6490704532065334e-05,0.011204722904928332,0.010545270708078815,4.649070445344281e-05,-0.12110466957986724,-0.12292761100763025,-4.6490704452464234e-05,0.029658272525966964,0.0298675834541139,4.6490704452487775e-05,2.5997360986634883e-17,1.7070746900031491e-16
303.24,"[0.06062, 0.0456, 0.41014]",0.0456,0.41014,4.6490704454221916e-05,-0.05011617652902443,-0.050450629038953664,-4.6490704454255004e-05,0.1359991803009432,0.13675839482874663,-4.649070453394732e-05,0.011204722904928332,0.010545270708078815,4.649070445504739e-05,-0.12110466957986724,-0.12292761100763025,-4.649070445425731e-05,0.029658272525966964,0.0298675834541139,4.649070445421962e-05,2.5997360986634883e-17,1.7070746900031491e-16
303.26,"[0.06062, 0.0456, 0.41014]",0.0456,0.41014,4.649070445678637e-05,-0.05011617652902443,-0.05043195352446224,-4.649070445681858e-05,0.1359991803009432,0.13671600100151496,-4.649070453673377e-05,0.011204722904928332,0.01058209390141525,4.649070445758479e-05,-0.12110466957986724,-0.12282581966644755,-4.649070445682023e-05,0.029658272525966964,0.02985589572818566,4.64907044567836e-05,2.5997360986634883e-17,1.6683406790219684e-16
303.28,"[0.06062, 0.0456, 0.41014]",0.0456,0.41014,4.649070445767021e-05,-0.05011617652902443,-0.05043195352446224,-4.6490704457662245e-05,0.1359991803009432,0.13671600100151496,-4.649070453769323e-05,0.011204722904928332,0.01058209390141525,4.649070445853724e-05,-0.12110466957986724,-0.12282581966644755,-4.649070445766162e-05,0.029658272525966964,0.02985589572818566,4.64907044576704e-05,2.5997360986634883e-17,1.6683406790219684e-16
303.3,"[0.06062, 0.0456, 0.41014]",0.0456,0.41014,4.649070445948924e-05,-0.05011617652902443,-0.05041461609689841,-4.649070445946659e-05,0.1359991803009432,0.1366766446609376,-4.649070453965219e-05,0.011204722904928332,0.010616278739933323,4.649070446034584e-05,-0.12110466957986724,-0.12273132160026652,-4.6490704459465104e-05,0.029658272525966964,0.029845045419255218,4.649070445949033e-05,2.5997360986634883e-17,1.6370284193448655e-16
303.32,"[0.06062, 0.0456, 0.41014]",0.0456,0.41014,4.649070446101861e-05,-0.05011617652902443,-0.05041461609689841,-4.649070446101091e-05,0.1359991803009432,0.1366766446609376,-4.6490704541322524e-05,0.011204722904928332,0.010616278739933323,4.649070446183748e-05,-0.12110466957986724,-0.12273132160026652,-4.649070446101016e-05,0.029658272525966964,0.029845045419255218,4.6490704461018765e-05,2.5997360986634883e-17,1.6370284193448655e-16
303.34,"[0.06062, 0.0456, 0.41014]",0.0456,0.41014,4.649070446272905e-05,-0.05011617652902443,-0.050398286383133206,-4.6490704462708264e-05,0.1359991803009432,0.13663957585277056,-4.649070454316156e-05,0.011204722904928332,0.010648476632385861,4.649070446353357e-05,-0.12110466957986724,-0.12264231610239687,-4.649070446270656e-05,0.029658272525966964,0.029834825769399675,4.649070446272987e-05,2.5997360986634883e-17,1.6078398462714536e-16
303.36,"[0.06062, 0.0456, 0.41014]",0.0456,0.41014,4.649070446416179e-05,-0.05011617652902443,-0.050398286383133206,-4.6490704464154895e-05,0.1359991803009432,0.13663957585277056,-4.649070454472473e-05,0.011204722904928332,0.010648476632385861,4.649070446492946e-05,-0.12110466957986724,-0.12264231610239687,-4.649070446415458e-05,0.029658272525966964,0.029834825769399675,4.6490704464162064e-05,2.5997360986634883e-17,1.6078398462714536e-16
303.38,"[0.06062, 0.0456, 0.41014]",0.0456,0.41014,4.6490704465762455e-05,-0.05011617652902443,-0.05038287728005837,-4.6490704465743285e-05,0.1359991803009432,0.13660459685104892,-4.6490704546444186e-05,0.011204722904928332,0.010678859323149607,4.64907044665151e-05,-0.12110466957986724,-0.12255832841525076,-4.6490704465741625e-05,0.029658272525966964,0.029825182266746957,4.6490704465763126e-05,2.5997360986634883e-17,1.5799571888018807e-16
303.4,"[0.06062, 0.0456, 0.41014]",0.0456,0.41014,4.6490704467099866e-05,-0.05011617652902443,-0.05038287728005837,-4.649070446709374e-05,0.1359991803009432,0.13660459685104892,-4.6490704547902865e-05,0.011204722904928332,0.010678859323149607,4.6490704467817404e-05,-0.12110466957986724,-0.12255832841525076,-4.6490704467093455e-05,0.029658272525966964,0.029825182266746957,4.6490704467100143e-05,2.5997360986634883e-17,1.5799571888018807e-16
303.42,"[0.06062, 0.0456, 0.41014]",0.0456,0.41014,4.649070446859606e-05,-0.05011617652902443,-0.05036832749410424,-4.649070446857823e-05,0.1359991803009432,0.1365715685180261,-4.649070454951011e-05,0.011204722904928332,0.010707547666992327,4.649070446929991e-05,-0.12110466957986724,-0.12247902445675159,-4.649070446857727e-05,0.029658272525966964,0.02981607655184819,4.649070446859718e-05,2.5997360986634883e-17,1.5531531431475749e-16
303.44,"[0.06062, 0.0456, 0.41014]",0.0456,0.41014,4.6490704469843744e-05,-0.05011617652902443,-0.05036832749410424,-4.64907044698382e-05,0.1359991803009432,0.1365715685180261,-4.649070455087027e-05,0.011204722904928332,0.010707547666992327,4.649070447051392e-05,-0.12110466957986724,-0.12247902445675159,-4.649070446983772e-05,0.029658272525966964,0.02981607655184819,4.649070446984375e-05,2.5997360986634883e-17,1.5531531431475749e-16
303.46,"[0.06062, 0.0456, 0.41014]",0.0456,0.41014,4.649070447124159e-05,-0.05011617652902443,-0.05035458344949087,-4.649070447122489e-05,0.1359991803009432,0.13654036923550733,-4.649070455237187e-05,0.011204722904928332,0.010734647301234185,4.649070447189937e-05,-0.12110466957986724,-0.12240411221082141,-4.649070447122382e-05,0.029658272525966964,0.029807475095290692,4.649070447124245e-05,2.5997360986634883e-17,1.5273508935285844e-16
303.48,"[0.06062, 0.0456, 0.41014]",0.0456,0.41014,4.6490704472406554e-05,-0.05011617652902443,-0.05035458344949087,-4.6490704472401506e-05,0.1359991803009432,0.13654036923550733,-4.6490704553642394e-05,0.011204722904928332,0.010734647301234185,4.649070447303324e-05,-0.12110466957986724,-0.12240411221082141,-4.649070447240104e-05,0.029658272525966964,0.029807475095290692,4.6490704472406534e-05,2.5997360986634883e-17,1.5273508935285844e-16
303.5,"[0.06062, 0.0456, 0.41014]",0.0456,0.41014,4.649070447371464e-05,-0.05011617652902443,-0.05034159672179223,-4.649070447369897e-05,0.1359991803009432,0.13651088907898415,-4.649070455504783e-05,0.011204722904928332,0.010760253706082861,4.64907044743302e-05,-0.12110466957986724,-0.12233332773896079,-4.649070447369799e-05,0.029658272525966964,0.029799347591541524,4.6490704473715484e-05,2.5997360986634883e-17,1.5024982381277953e-16
303.52,"[0.06062, 0.0456, 0.41014]",0.0456,0.41014,4.6490704474803474e-05,-0.05011617652902443,-0.05034159672179223,-4.6490704474798765e-05,0.1359991803009432,0.13651088907898415,-4.649070455623587e-05,0.011204722904928332,0.010760253706082861,4.6490704475390536e-05,-0.12110466957986724,-0.12233332773896079,-4.649070447479858e-05,0.029658272525966964,0.029799347591541524,4.6490704474803596e-05,2.5997360986634883e-17,1.5024982381277953e-16
303.54,"[0.06062, 0.0456, 0.41014]",0.0456,0.41014,4.6490704476029416e-05,-0.05011617652902443,-0.050329322989380074,-4.6490704476014725e-05,0.1359991803009432,0.13648302743738897,-4.649070455755325e-05,0.011204722904928332,0.010784454272109984,4.6490704476606306e-05,-0.12110466957986724,-0.12226642946506822,-4.649070447601386e-05,0.029658272525966964,0.029791666302727976,4.649070447603031e-05,2.5997360986634883e-17,1.478587001480046e-16
303.56,"[0.06062, 0.0456, 0.41014]",0.0456,0.41014,4.649070447704908e-05,-0.05011617652902443,-0.050329322989380074,-4.649070447704478e-05,0.1359991803009432,0.13648302743738897,-4.649070455866641e-05,0.011204722904928332,0.010784454272109984,4.649070447759956e-05,-0.12110466957986724,-0.12226642946506822,-4.6490704477044595e-05,0.029658272525966964,0.029791666302727976,4.649070447704943e-05,2.5997360986634883e-17,1.478587001480046e-16
303.58,"[0.06062, 0.0456, 0.41014]",0.0456,0.41014,4.6490704478199175e-05,-0.05011617652902443,-0.05031772133869013,-4.6490704478185264e-05,0.1359991803009432,0.13645669143603412,-4.64907045599019e-05,0.011204722904928332,0.010807329670083044,4.64907044787402e-05,-0.12110466957986724,-0.12220319438877704,-4.6490704478184146e-05,0.029658272525966964,0.029784405623851262,4.649070447819962e-05,2.5997360986634883e-17,1.455639946243358e-16
303.6,"[0.06062, 0.0456, 0.41014]",0.0456,0.41014,4.6490704479155415e-05,-0.05011617652902443,-0.05031772133869013,-4.649070447915131e-05,0.1359991803009432,0.13645669143603412,-4.6490704560946203e-05,0.011204722904928332,0.010807329670083044,4.649070447967203e-05,-0.12110466957986724,-0.12220319438877704,-4.649070447915091e-05,0.029658272525966964,0.029784405623851262,4.649070447915532e-05,2.5997360986634883e-17,1.455639946243358e-16
303.62,"[0.06062, 0.0456, 0.41014]",0.0456,0.41014,4.649070448023607e-05,-0.05011617652902443,-0.05030675376122334,-4.649070448022303e-05,0.1359991803009432,0.13643179479479367,-4.649070456210819e-05,0.011204722904928332,0.010828954842746484,4.6490704480744936e-05,-0.12110466957986724,-0.12214341534384839,-4.649070448022225e-05,0.029658272525966964,0.029777541767994017,4.649070448023684e-05,2.5997360986634883e-17,1.4336087367822092e-16
303.64,"[0.06062, 0.0456, 0.41014]",0.0456,0.41014,4.649070448113472e-05,-0.05011617652902443,-0.05030675376122334,-4.649070448113081e-05,0.1359991803009432,0.13643179479479367,-4.6490704563089326e-05,0.011204722904928332,0.010828954842746484,4.6490704481620463e-05,-0.12110466957986724,-0.12214341534384839,-4.649070448113039e-05,0.029658272525966964,0.029777541767994017,4.6490704481134456e-05,2.5997360986634883e-17,1.4336087367822092e-16
303.66,"[0.06062, 0.0456, 0.41014]",0.0456,0.41014,4.649070448215112e-05,-0.05011617652902443,-0.050296384779237355,-4.649070448213876e-05,0.1359991803009432,0.13640825697841485,-4.6490704564182235e-05,0.011204722904928332,0.010849399742859362,4.649070448262962e-05,-0.12110466957986724,-0.12208689895799382,-4.64907044821378e-05,0.029658272525966964,0.029771052532066244,4.649070448215148e-05,2.5997360986634883e-17,1.412492794554603e-16
303.68,"[0.06062, 0.0456, 0.41014]",0.0456,0.41014,4.649070448299595e-05,-0.05011617652902443,-0.05028634742735236,-4.64907044829923e-05,0.1359991803009432,0.1363854719696341,-4.649070456510537e-05,0.011204722904928332,0.010869190755801904,4.649070448345329e-05,-0.12110466957986724,-0.12203219012998578,-4.649070448299192e-05,0.029658272525966964,0.029764770840714112,4.649070448299571e-05,2.5997360986634883e-17,1.3888575838975508e-16
303.7,"[0.06062, 0.0456, 0.41014]",0.0456,0.41014,4.649070448384655e-05,-0.05011617652902443,-0.05028634742735236,-4.649070448386407e-05,0.1359991803009432,0.1363854719696341,-4.6490704566034364e-05,0.011204722904928332,0.010869190755801904,4.649070448425739e-05,-0.12110466957986724,-0.12203219012998578,-4.64907044838651e-05,0.029658272525966964,0.029764770840714112,4.64907044838451e-05,2.5997360986634883e-17,1.3888575838975508e-16
303.72,"[0.06062, 0.0456, 0.41014]",0.0456,0.41014,4.649070448477804e-05,-0.05011617652902443,-0.05027701934048438,-4.649070448476735e-05,0.1359991803009432,0.13636429700798786,-4.6490704567043885e-05,0.011204722904928332,0.010887583285031349,4.6490704485231426e-05,-0.12110466957986724,-0.12198134716802232,-4.649070448476658e-05,0.029658272525966964,0.02975893302977733,4.649070448477835e-05,2.5997360986634883e-17,1.3694711889647218e-16
303.74,"[0.06062, 0.0456, 0.41014]",0.0456,0.41014,4.649070448560505e-05,-0.05011617652902443,-0.05027701934048438,-4.649070448562061e-05,0.1359991803009432,0.13636429700798786,-4.649070456794452e-05,0.011204722904928332,0.010887583285031349,4.649070448599934e-05,-0.12110466957986724,-0.12198134716802232,-4.6490704485621366e-05,0.029658272525966964,0.02975893302977733,4.649070448560374e-05,2.5997360986634883e-17,1.3694711889647218e-16
303.76,"[0.06062, 0.0456, 0.41014]",0.0456,0.41014,4.6490704486490456e-05,-0.05011617652902443,-0.05026822855327725,-4.649070448648061e-05,0.1359991803009432,0.13634434172834844,-4.649070456890208e-05,0.011204722904928332,0.010904916400915014,4.6490704486920227e-05,-0.12110466957986724,-0.121933432770791,-4.6490704486479614e-05,0.029658272525966964,0.029753431477912828,4.6490704486490645e-05,2.5997360986634883e-17,1.3514504682612143e-16
303.78,"[0.06062, 0.0456, 0.41014]",0.0456,0.41014,4.6490704487272294e-05,-0.05011617652902443,-0.05026822855327725,-4.649070448728715e-05,0.1359991803009432,0.13634434172834844,-4.649070456975189e-05,0.011204722904928332,0.010904916400915014,4.649070448764466e-05,-0.12110466957986724,-0.121933432770791,-4.6490704487287744e-05,0.029658272525966964,0.029753431477912828,4.64907044872708e-05,2.5997360986634883e-17,1.3514504682612143e-16
