timestamp,target_x,target_y,target_z,actual_j1,target_j1,control_u_j1,actual_j2,target_j2,control_u_j2,actual_j3,target_j3,control_u_j3,actual_j4,target_j4,control_u_j4,actual_j5,target_j5,control_u_j5,actual_j6,target_j6,control_u_j6
308.425,"[0.0, 0.0, 0.0]",0.0,0.0,0.0,0.0,0.0,0.0,0.0,0.0,0.0,0.0,0.0,0.0,0.0,0.0,0.0,0.0,0.0,0.0,0.0,0.0
308.44,"[0.0, 0.0, 0.0]",0.0,0.0,0.0,0.0,-0.0007130167396522161,0.0,0.0,0.001933941200543697,0.0,0.0,0.00015467801484537357,0.0,0.0,-0.0017295333365432695,0.0,0.0,0.00042202988473180966,0.0,0.0,-5.428293624515399e-17
308.46,"[0.0, 0.0, 0.0]",0.0,0.0,0.0,0.0,-0.0007130167396522161,0.0,0.0,0.001933941200543697,0.0,0.0,0.00015467801484537357,0.0,0.0,-0.0017295333365432695,0.0,0.0,0.00042202988473180966,0.0,0.0,-5.428293624515399e-17
308.48,"[0.0, 0.0, 0.0]",0.0,0.0,0.0,0.0,-0.000609661112656341,0.0,0.0,0.001653605980313211,0.0,0.0,0.00013225660693412983,0.0,0.0,-0.0014788281343472065,0.0,0.0,0.0003608543737973938,0.0,0.0,-4.7952741810173415e-17
308.5,"[0.0, 0.0, 0.0]",0.0,0.0,0.0,0.0,-0.0005180898055198242,0.0,0.0,0.001405233798764339,0.0,0.0,0.00011239162532195779,0.0,0.0,-0.001256707638946798,0.0,0.0,0.00030665392372273897,0.0,0.0,-4.2162114392207527e-17
308.52,"[0.0, 0.0, 0.0]",0.0,0.0,0.0,0.0,-0.0005180898055198242,0.0,0.0,0.001405233798764339,0.0,0.0,0.00011239162532195779,0.0,0.0,-0.001256707638946798,0.0,0.0,0.00030665392372273897,0.0,0.0,-4.2162114392207527e-17
308.54,"[0.0, 0.0, 0.0]",0.0,0.0,0.0,0.0,-0.0004407326812517712,0.0,0.0,0.0011954152615706096,0.0,0.0,9.561019128609237e-05,0.0,0.0,-0.001069065862253752,0.0,0.0,0.0002608667543256073,0.0,0.0,-3.695616278420477e-17
308.56,"[0.0, 0.0, 0.0]",0.0,0.0,0.0,0.0,-0.0004407326812517712,0.0,0.0,0.0011954152615706096,0.0,0.0,9.561019128609237e-05,0.0,0.0,-0.001069065862253752,0.0,0.0,0.0002608667543256073,0.0,0.0,-3.695616278420477e-17
308.58,"[0.0, 0.0, 0.0]",0.0,0.0,0.0,0.0,-0.0003752848668825523,0.0,0.0,0.0010178987780792908,0.0,0.0,8.141229821017736e-05,0.0,0.0,-0.00091031197519959,0.0,0.0,0.00022212862656408172,0.0,0.0,-3.2304501790343915e-17
308.6,"[0.0, 0.0, 0.0]",0.0,0.0,0.0,0.0,-0.0003752848668825523,0.0,0.0,0.0010178987780792908,0.0,0.0,8.141229821017736e-05,0.0,0.0,-0.00091031197519959,0.0,0.0,0.00022212862656408172,0.0,0.0,-3.2304501790343915e-17
308.62,"[0.0, 0.0, 0.0]",0.0,0.0,0.0,0.0,-0.00031983562291917927,0.0,0.0,0.0008675017801784492,0.0,0.0,6.938344065265344e-05,0.0,0.0,-0.0007758111809685805,0.0,0.0,0.0001893085863900523,0.0,0.0,-2.8170585064639044e-17
308.651,"[0.0, 0.0, 0.0]",0.0,0.0,0.0,0.0,-0.00027089196894267034,0.0,0.0,0.0007347501302371395,0.0,0.0,5.87658704248417e-05,0.0,0.0,-0.0006570907104669562,0.0,0.0,0.0001603391618330721,0.0,0.0,-2.4447959396793138e-17
308.66,"[0.0, 0.0, 0.0]",0.0,0.0,0.0,0.0,-0.00027089196894267034,0.0,0.0,0.0007347501302371395,0.0,0.0,5.87658704248417e-05,0.0,0.0,-0.0006570907104669562,0.0,0.0,0.0001603391618330721,0.0,0.0,-2.4447959396793138e-17
308.705,"[0.0, 0.0, 0.0]",0.0,0.0,4.64907038396294e-05,0.0,-0.00027089196894267034,-4.6490703839544654e-05,0.0,0.0007347501302371395,-4.649070385876928e-05,0.0,5.87658704248417e-05,4.6490703839328424e-05,0.0,-0.0006570907104669562,-4.6490703839539626e-05,0.0,0.0001603391618330721,4.6490703839635395e-05,0.0,-2.4447959396793138e-17
308.76,"[0.0, 0.0, 0.0]",0.0,0.0,4.649070383815778e-05,0.0,-0.00022973911810111362,-4.649070383806879e-05,0.0,0.0006231297585455628,-4.649070385717244e-05,0.0,4.983839468268213e-05,4.649070383788355e-05,0.0,-0.0005572680487444135,-4.649070383806295e-05,0.0,0.00013598106204118526,4.649070383816387e-05,0.0,-2.1170849202587413e-17
308.78,"[0.0, 0.0, 0.0]",0.0,0.0,4.649070384072109e-05,0.0,-0.0001679745011225085,-4.649070384066778e-05,0.0,0.0004556033451119615,-4.6490703860401296e-05,0.0,3.643951446187882e-05,4.6490703840850915e-05,0.0,-0.00040744833174046364,-4.6490703840664425e-05,0.0,9.94229944187299e-05,4.6490703840724924e-05,0.0,-1.5900242423309808e-17
308.8,"[0.0, 0.0, 0.0]",0.0,0.0,4.649070384234162e-05,0.0,-0.0001679745011225085,-4.649070384237774e-05,0.0,0.0004556033451119615,-4.6490703864057415e-05,0.0,3.643951446187882e-05,4.649070384437759e-05,0.0,-0.00040744833174046364,-4.649070384238073e-05,0.0,9.94229944187299e-05,4.649070384233982e-05,0.0,-1.5900242423309808e-17
308.82,"[0.0, 0.0, 0.0]",0.0,0.0,4.649070384232612e-05,0.0,-0.0001679745011225085,-4.6490703842281154e-05,0.0,0.0004556033451119615,-4.6490703862138296e-05,0.0,3.643951446187882e-05,4.649070384241903e-05,0.0,-0.00040744833174046364,-4.6490703842277874e-05,0.0,9.94229944187299e-05,4.649070384232916e-05,0.0,-1.5900242423309808e-17
308.84,"[0.0, 0.0, 0.0]",0.0,0.0,4.649070384329795e-05,0.0,-0.00014459005046109174,-4.64907038433301e-05,0.0,0.00039217685044992055,-4.649070386485506e-05,0.0,3.1366618871678694e-05,4.649070384506845e-05,0.0,-0.00035072569746115293,-4.649070384333271e-05,0.0,8.558189298601772e-05,4.64907038432965e-05,0.0,-1.3804200505632311e-17
308.86,"[0.0, 0.0, 0.0]",0.0,0.0,4.649070384377041e-05,0.0,-0.00014459005046109174,-4.649070384375087e-05,0.0,0.00039217685044992055,-4.649070386412361e-05,0.0,3.1366618871678694e-05,4.649070384426156e-05,0.0,-0.00035072569746115293,-4.649070384375003e-05,0.0,8.558189298601772e-05,4.649070384377244e-05,0.0,-1.3804200505632311e-17
308.88,"[0.0, 0.0, 0.0]",0.0,0.0,4.649070384316942e-05,0.0,-0.00012444053913736138,-4.649070384313245e-05,0.0,0.00033752459922300104,-4.649070386310057e-05,0.0,2.6995493435804554e-05,4.649070384329282e-05,0.0,-0.00030184991336693534,-4.649070384313032e-05,0.0,7.36555307173695e-05,4.649070384317232e-05,0.0,-1.1976999524218264e-17
308.9,"[0.0, 0.0, 0.0]",0.0,0.0,4.649070384519312e-05,0.0,-0.00012444053913736138,-4.6490703845176624e-05,0.0,0.00033752459922300104,-4.649070386557342e-05,0.0,2.6995493435804554e-05,4.6490703845560086e-05,0.0,-0.00030184991336693534,-4.649070384517575e-05,0.0,7.36555307173695e-05,4.6490703845194974e-05,0.0,-1.1976999524218264e-17
308.92,"[0.0, 0.0, 0.0]",0.0,0.0,4.64907038445666e-05,0.0,-0.00010708319039455805,-4.649070384453471e-05,0.0,0.000290445631955019,-4.649070386457777e-05,0.0,2.323008457141916e-05,4.649070384462275e-05,0.0,-0.00025974695533748104,-4.6490703844533116e-05,0.0,6.338183098357795e-05,4.649070384456925e-05,0.0,-1.0385656673808983e-17
308.94,"[0.0, 0.0, 0.0]",0.0,0.0,4.6490703846218176e-05,0.0,-0.00010708319039455805,-4.649070384620386e-05,0.0,0.000290445631955019,-4.64907038666153e-05,0.0,2.323008457141916e-05,4.649070384649301e-05,0.0,-0.00025974695533748104,-4.649070384620303e-05,0.0,6.338183098357795e-05,4.649070384621949e-05,0.0,-1.0385656673808983e-17
308.96,"[0.0, 0.0, 0.0]",0.0,0.0,4.649070384560403e-05,0.0,-9.213473141670911e-05,-4.649070384557658e-05,0.0,0.0002499003838692529,-4.649070386568374e-05,0.0,1.9987247157179865e-05,4.649070384561937e-05,0.0,-0.00022348713534667516,-4.649070384557528e-05,0.0,5.4533937143822756e-05,4.649070384560649e-05,0.0,-9.000932612278166e-18
308.98,"[0.0, 0.0, 0.0]",0.0,0.0,4.649070384696608e-05,0.0,-9.213473141670911e-05,-4.6490703846953726e-05,0.0,0.0002499003838692529,-4.6490703867378394e-05,0.0,1.9987247157179865e-05,4.649070384717633e-05,0.0,-0.00022348713534667516,-4.6490703846953164e-05,0.0,5.4533937143822756e-05,4.649070384696739e-05,0.0,-9.000932612278166e-18
309.0,"[0.0, 0.0, 0.0]",0.0,0.0,4.6490703846388206e-05,0.0,-7.968960059991091e-05,-4.649070384636458e-05,0.0,0.0002161450036562834,-4.649070386652683e-05,0.0,1.7287468145405476e-05,4.649070384637979e-05,0.0,-0.00019329952846116274,-4.649070384636309e-05,0.0,4.7167746659040705e-05,4.649070384639001e-05,0.0,-7.824324802459718e-18
309.02,"[0.0, 0.0, 0.0]",0.0,0.0,4.6490703847140995e-05,0.0,-7.968960059991091e-05,-4.649070384715975e-05,0.0,0.0002161450036562834,-4.649070386824207e-05,0.0,1.7287468145405476e-05,4.649070384803443e-05,0.0,-0.00019329952846116274,-4.6490703847160456e-05,0.0,4.7167746659040705e-05,4.649070384713998e-05,0.0,-7.824324802459718e-18
309.04,"[0.0, 0.0, 0.0]",0.0,0.0,4.64907038471978e-05,0.0,-6.88780456595754e-05,-4.6490703847180616e-05,0.0,0.00018682043061186087,-4.6490703867463355e-05,0.0,1.4942068203167166e-05,4.649070384723274e-05,0.0,-0.00016707441478788705,-4.6490703847179714e-05,0.0,4.076845891377785e-05,4.6490703847199264e-05,0.0,-6.7997279315769626e-18
309.11,"[0.0, 0.0, 0.0]",0.0,0.0,4.649070384782063e-05,0.0,-6.88780456595754e-05,-4.649070384780566e-05,0.0,0.00018682043061186087,-4.649070386811643e-05,0.0,1.4942068203167166e-05,4.649070384781985e-05,0.0,-0.00016707441478788705,-4.649070384780491e-05,0.0,4.076845891377785e-05,4.649070384782207e-05,0.0,-6.7997279315769626e-18
309.206,"[0.0, 0.0, 0.0]",0.0,0.0,4.649070384829058e-05,0.0,-5.916990562563198e-05,-4.649070384827741e-05,0.0,0.000160488689885455,-4.649070386861188e-05,0.0,1.2836037091556393e-05,4.649070384826569e-05,0.0,-0.00014352580616103894,-4.6490703848276554e-05,0.0,3.5022275141958104e-05,4.6490703848291584e-05,0.0,-5.886839839046861e-18
309.22,"[0.0, 0.0, 0.0]",0.0,0.0,4.649070384844896e-05,0.0,-3.787887767137746e-05,-4.6490703848438514e-05,0.0,0.0001027402616729352,-4.649070386879829e-05,0.0,8.217277261470181e-06,4.649070384843465e-05,0.0,-9.188109535355056e-05,-4.649070384843782e-05,0.0,2.2420256745053398e-05,4.649070384844975e-05,0.0,-3.845633359164474e-18
309.24,"[0.0, 0.0, 0.0]",0.0,0.0,4.649070384897817e-05,0.0,-3.787887767137746e-05,-4.649070384897419e-05,0.0,0.0001027402616729352,-4.649070386946873e-05,0.0,8.217277261470181e-06,4.649070384905148e-05,0.0,-9.188109535355056e-05,-4.6490703848973974e-05,0.0,2.2420256745053398e-05,4.6490703848978955e-05,0.0,-3.845633359164474e-18
309.26,"[0.0, 0.0, 0.0]",0.0,0.0,4.649070384874973e-05,0.0,-3.277562054693496e-05,-4.649070384874118e-05,0.0,8.88985120732719e-05,-4.649070386913143e-05,0.0,7.1102044125685866e-06,4.649070384873624e-05,0.0,-7.950234882620254e-05,-4.649070384874084e-05,0.0,1.9399672661498657e-05,4.64907038487507e-05,0.0,-3.3459624812133226e-18
309.28,"[0.0, 0.0, 0.0]",0.0,0.0,4.6490703849192576e-05,0.0,-3.277562054693496e-05,-4.6490703849189175e-05,0.0,8.88985120732719e-05,-4.6490703869685454e-05,0.0,7.1102044125685866e-06,4.649070384924525e-05,0.0,-7.950234882620254e-05,-4.6490703849188944e-05,0.0,1.9399672661498657e-05,4.6490703849193335e-05,0.0,-3.3459624812133226e-18
309.3,"[0.0, 0.0, 0.0]",0.0,0.0,4.649070384897066e-05,0.0,-2.8339076456944255e-05,-4.649070384896313e-05,0.0,7.686511244622601e-05,-4.6490703869367946e-05,0.0,6.14776466431405e-06,4.649070384894947e-05,0.0,-6.874081880595434e-05,-4.649070384896314e-05,0.0,1.677371160625021e-05,4.649070384897189e-05,0.0,-2.9104076129661174e-18
309.32,"[0.0, 0.0, 0.0]",0.0,0.0,4.649070384933671e-05,-0.05011617652902443,-2.8339076456944255e-05,-4.649070384933359e-05,0.1359991803009432,7.686511244622601e-05,-4.649070386983034e-05,0.011204722904928332,6.14776466431405e-06,4.649070384937495e-05,-0.12110466957986724,-6.874081880595434e-05,-4.6490703849333516e-05,0.029658272525966964,1.677371160625021e-05,4.6490703849337365e-05,2.5997360986634883e-17,-2.9104076129661174e-18
309.34,"[0.0, 0.0, 0.0]",0.0,0.0,4.6490703849129124e-05,-0.05011617652902443,-0.004708132644302126,-4.649070384912267e-05,0.1359991803009432,0.012775643713216342,-4.649070386954047e-05,0.011204722904928332,0.0010490894086209407,4.649070384910487e-05,-0.12110466957986724,-0.011381982299329487,-4.6490703849122754e-05,0.029658272525966964,0.0027862824925299207,4.649070384913065e-05,2.5997360986634883e-17,-5.920020521231254e-18
309.36,"[0.0, 0.0, 0.0]",0.0,0.0,4.649070326780883e-05,-0.05011617652902443,-0.004708132644302126,-4.6490703264119035e-05,0.1359991803009432,0.012775643713216342,-4.649070320402632e-05,0.011204722904928332,0.0010490894086209407,4.649070324264567e-05,-0.12110466957986724,-0.011381982299329487,-4.649070326387956e-05,0.029658272525966964,0.0027862824925299207,4.649070326804916e-05,2.5997360986634883e-17,-5.920020521231254e-18
309.38,"[0.0, 0.0, 0.0]",0.0,0.0,4.649070340636793e-05,-0.05011617652902443,-0.009062270922076364,-4.64907034075802e-05,0.1359991803009432,0.024590706717259714,-4.649070345677505e-05,0.011204722904928332,0.00201926273335659,4.649070348334749e-05,-0.12110466957986724,-0.02190822937406792,-4.6490703407659184e-05,0.029658272525966964,0.005363070975531707,4.6490703406289206e-05,2.5997360986634883e-17,2.7734631520867136e-18
309.4,"[0.0, 0.0, 0.0]",0.0,0.0,4.649070304986735e-05,-0.05011617652902443,-0.009062270922076364,-4.649070304793277e-05,0.1359991803009432,0.024590706717259714,-4.649070302959791e-05,0.011204722904928332,0.00201926273335659,4.6490703091061565e-05,-0.12110466957986724,-0.02190822937406792,-4.6490703047807624e-05,0.029658272525966964,0.005363070975531707,4.6490703049993464e-05,2.5997360986634883e-17,2.7734631520867136e-18
309.42,"[0.0, 0.0, 0.0]",0.0,0.0,4.6490703321202585e-05,-0.05011617652902443,-0.013073193899591856,-4.649070332360686e-05,0.1359991803009432,0.035474440686096655,-4.649070340242533e-05,0.011204722904928332,0.0029129336512175906,4.64907034382139e-05,-0.12110466957986724,-0.03160478344899653,-4.6490703323762915e-05,0.029658272525966964,0.0077367443395522355,4.649070332104723e-05,2.5997360986634883e-17,4.749357921831806e-18
309.441,"[0.0, 0.0, 0.0]",0.0,0.0,4.6490703243650044e-05,-0.05011617652902443,-0.013073193899591856,-4.64907032459265e-05,0.1359991803009432,0.035474440686096655,-4.6490703325148925e-05,0.011204722904928332,0.0029129336512175906,4.649070336852758e-05,-0.12110466957986724,-0.03160478344899653,-4.6490703246074096e-05,0.029658272525966964,0.0077367443395522355,4.6490703243502626e-05,2.5997360986634883e-17,4.749357921831806e-18
309.46,"[0.0, 0.0, 0.0]",0.0,0.0,4.649070341522643e-05,-0.05011617652902443,-0.01675565804878438,-4.649070341829686e-05,0.1359991803009432,0.04546691101788085,-4.649070351573554e-05,0.011204722904928332,0.0037335056512742336,4.649070354201035e-05,-0.12110466957986724,-0.04050715905905763,-4.6490703418496645e-05,0.029658272525966964,0.00991603370566875,4.649070341502775e-05,2.5997360986634883e-17,-6.524630041951679e-18
309.48,"[0.0, 0.0, 0.0]",0.0,0.0,4.649070325364373e-05,-0.05011617652902443,-0.01675565804878438,-4.649070325367743e-05,0.1359991803009432,0.04546691101788085,-4.6490703286897466e-05,0.011204722904928332,0.0037335056512742336,4.649070332715864e-05,-0.12110466957986724,-0.04050715905905763,-4.649070325367971e-05,0.029658272525966964,0.00991603370566875,4.6490703253641916e-05,2.5997360986634883e-17,-6.524630041951679e-18
309.5,"[0.0, 0.0, 0.0]",0.0,0.0,4.6490703578877536e-05,-0.05011617652902443,-0.020149485896882972,-4.649070358226435e-05,0.1359991803009432,0.05467617335842158,-4.649070369077986e-05,0.011204722904928332,0.004489833156738174,4.6490703700422054e-05,-0.12110466957986724,-0.04871165406915984,-4.649070358248497e-05,0.029658272525966964,0.011924506421695374,4.6490703578658574e-05,2.5997360986634883e-17,-3.0300815528516144e-17
309.52,"[0.0, 0.0, 0.0]",0.0,0.0,4.649070344564864e-05,-0.05011617652902443,-0.023267342574527367,-4.6490703446129624e-05,0.1359991803009432,0.06313662072113813,-4.649070349346033e-05,0.011204722904928332,0.005184866151567213,4.649070351402997e-05,-0.12110466957986724,-0.05624870989202982,-4.649070344616118e-05,0.029658272525966964,0.013769655754875671,4.649070344561811e-05,2.5997360986634883e-17,-6.43468815968733e-17
309.541,"[0.0, 0.0, 0.0]",0.0,0.0,4.649070350811065e-05,-0.05011617652902443,-0.023267342574527367,-4.649070350909552e-05,0.1359991803009432,0.06313662072113813,-4.6490703571039926e-05,0.011204722904928332,0.005184866151567213,4.649070358546873e-05,-0.12110466957986724,-0.05624870989202982,-4.649070350915945e-05,0.029658272525966964,0.013769655754875671,4.64907035080469e-05,2.5997360986634883e-17,-6.43468815968733e-17
309.56,"[0.0, 0.0, 0.0]",0.0,0.0,4.649070366461313e-05,-0.05011617652902443,-0.023267342574527367,-4.6490703667845696e-05,0.1359991803009432,0.06313662072113813,-4.649070377981443e-05,0.011204722904928332,0.005184866151567213,4.649070378066309e-05,-0.12110466957986724,-0.05624870989202982,-4.6490703668055706e-05,0.029658272525966964,0.013769655754875671,4.649070366440377e-05,2.5997360986634883e-17,-6.43468815968733e-17
309.58,"[0.0, 0.0, 0.0]",0.0,0.0,4.64907036977694e-05,-0.05011617652902443,-0.026121789646553727,-4.649070369237536e-05,0.1359991803009432,0.07088234861862629,-4.649070361837744e-05,0.011204722904928332,0.005821450034573522,4.649070360595553e-05,-0.12110466957986724,-0.06314863021737707,-4.649070369202558e-05,0.029658272525966964,0.0154589149458719,4.649070369811923e-05,2.5997360986634883e-17,-9.864569632722854e-17
309.6,"[0.0, 0.0, 0.0]",0.0,0.0,4.649070388241585e-05,-0.05011617652902443,-0.0287271627132702,-4.649070388551829e-05,0.1359991803009432,0.0779522540214517,-4.649070399863089e-05,0.011204722904928332,0.006402763974621497,4.649070397744598e-05,-0.12110466957986724,-0.06944609252970303,-4.649070388571963e-05,0.029658272525966964,0.017000768067229735,4.6490703882214834e-05,2.5997360986634883e-17,-1.2735796865671718e-16
309.62,"[0.0, 0.0, 0.0]",0.0,0.0,4.649070389353203e-05,-0.05011617652902443,-0.0287271627132702,-4.64907038887084e-05,0.1359991803009432,0.0779522540214517,-4.6490703831455076e-05,0.011204722904928332,0.006402763974621497,4.649070379913743e-05,-0.12110466957986724,-0.06944609252970303,-4.649070388839582e-05,0.029658272525966964,0.017000768067229735,4.649070389384533e-05,2.5997360986634883e-17,-1.2735796865671718e-16
309.64,"[0.0, 0.0, 0.0]",0.0,0.0,4.649070404524639e-05,-0.05011617652902443,-0.0310976044466539,-4.649070404815545e-05,0.1359991803009432,0.08438470875613781,-4.64907041607601e-05,0.011204722904928332,0.0069319360962592285,4.649070412320391e-05,-0.12110466957986724,-0.07517531903890368,-4.649070404834453e-05,0.029658272525966964,0.018403585141021975,4.6490704045058266e-05,2.5997360986634883e-17,-1.470769155488207e-16
309.66,"[0.0, 0.0, 0.0]",0.0,0.0,4.649070404111173e-05,-0.05011617652902443,-0.0310976044466539,-4.649070403679577e-05,0.1359991803009432,0.08438470875613781,-4.649070399454336e-05,0.011204722904928332,0.0069319360962592285,4.6490703947496706e-05,-0.12110466957986724,-0.07517531903890368,-4.649070403651619e-05,0.029658272525966964,0.018403585141021975,4.6490704041392016e-05,2.5997360986634883e-17,-1.470769155488207e-16
309.68,"[0.0, 0.0, 0.0]",0.0,0.0,4.649070416710059e-05,-0.05011617652902443,-0.03324730034664347,-4.6490704169806e-05,0.1359991803009432,0.09021819990235297,-4.649070428141759e-05,0.011204722904928332,0.007412099308561003,4.649070423170083e-05,-0.12110466957986724,-0.08037064206879738,-4.649070416998164e-05,0.029658272525966964,0.01967576160878666,4.649070416692525e-05,2.5997360986634883e-17,-1.5632949734825103e-16
309.7,"[0.0, 0.0, 0.0]",0.0,0.0,4.6490704153224875e-05,-0.05011617652902443,-0.03324730034664347,-4.649070414936832e-05,0.1359991803009432,0.09021819990235297,-4.649070412070695e-05,0.011204722904928332,0.007412099308561003,4.649070406272129e-05,-0.12110466957986724,-0.08037064206879738,-4.649070414911874e-05,0.029658272525966964,0.01967576160878666,4.6490704153475576e-05,2.5997360986634883e-17,-1.5632949734825103e-16
309.72,"[0.0, 0.0, 0.0]",0.0,0.0,4.649070425890222e-05,-0.05011617652902443,-0.03520960082258658,-4.649070426140201e-05,0.1359991803009432,0.09554320418419378,-4.6490704371722885e-05,0.011204722904928332,0.007850583463114286,4.649070431290452e-05,-0.12110466957986724,-0.08511282695322618,-4.6490704261563926e-05,0.029658272525966964,0.02083703588385483,4.649070425873976e-05,2.5997360986634883e-17,-1.691073249404941e-16
309.761,"[0.0, 0.0, 0.0]",0.0,0.0,4.64907042720811e-05,-0.05011617652902443,-0.03697899129927396,-4.6490704274606e-05,0.1359991803009432,0.10034477263706387,-4.649070438794474e-05,0.011204722904928332,0.008246233911868841,4.649070432826049e-05,-0.12110466957986724,-0.08938843966128901,-4.649070427476949e-05,0.029658272525966964,0.021884143279805125,4.649070427191704e-05,2.5997360986634883e-17,-1.653041612167351e-16
309.78,"[0.0, 0.0, 0.0]",0.0,0.0,4.649070429219049e-05,-0.05011617652902443,-0.03697899129927396,-4.6490704293280336e-05,0.1359991803009432,0.10034477263706387,-4.649070437790234e-05,0.011204722904928332,0.008246233911868841,4.649070431416543e-05,-0.12110466957986724,-0.08938843966128901,-4.649070429335126e-05,0.029658272525966964,0.021884143279805125,4.649070429211995e-05,2.5997360986634883e-17,-1.653041612167351e-16
309.8,"[0.0, 0.0, 0.0]",0.0,0.0,4.649070444277571e-05,-0.05011617652902443,-0.03856740128665023,-4.649070444527304e-05,0.1359991803009432,0.10465526831247719,-4.649070456135949e-05,0.011204722904928332,0.008601669298965442,4.6490704484805145e-05,-0.12110466957986724,-0.09322637462272745,-4.649070444543525e-05,0.029658272525966964,0.02282414431817236,4.6490704442614156e-05,2.5997360986634883e-17,-1.4866979302906763e-16
309.82,"[0.06062, 0.0456, 0.41014]",0.0456,0.41014,4.6490704364938314e-05,-0.05011617652902443,-0.03856740128665023,-4.649070436590817e-05,0.1359991803009432,0.10465526831247719,-4.649070445057773e-05,0.011204722904928332,0.008601669298965442,4.649070437962668e-05,-0.12110466957986724,-0.09322637462272745,-4.649070436597155e-05,0.029658272525966964,0.02282414431817236,4.649070436487636e-05,2.5997360986634883e-17,-1.4866979302906763e-16
309.84,"[0.06062, 0.0456, 0.41014]",0.0456,0.41014,4.64907044910495e-05,-0.05011617652902443,-0.03998799577715254,-4.649070449328365e-05,0.1359991803009432,0.1085104075865321,-4.6490704606182276e-05,0.011204722904928332,0.008919787572066105,4.649070452475214e-05,-0.12110466957986724,-0.09665850752681845,-4.649070449342892e-05,0.029658272525966964,0.023664830619412897,4.649070449090518e-05,2.5997360986634883e-17,-1.2272106430043557e-16
309.86,"[0.06062, 0.0456, 0.41014]",0.0456,0.41014,4.6490704414271146e-05,-0.05011617652902443,-0.03998799577715254,-4.649070441513973e-05,0.1359991803009432,0.1085104075865321,-4.649070450000467e-05,0.011204722904928332,0.008919787572066105,4.64907044242379e-05,-0.12110466957986724,-0.09665850752681845,-4.649070441519623e-05,0.029658272525966964,0.023664830619412897,4.649070441421528e-05,2.5997360986634883e-17,-1.2272106430043557e-16
309.88,"[0.06062, 0.0456, 0.41014]",0.0456,0.41014,4.649070452150717e-05,-0.05011617652902443,-0.041254261695092935,-4.6490704523506195e-05,0.1359991803009432,0.11194678125535129,-4.649070463358668e-05,0.011204722904928332,0.00920356261569448,4.6490704549089335e-05,-0.12110466957986724,-0.0997174865300722,-4.6490704523636286e-05,0.029658272525966964,0.024414184258760102,4.6490704521377845e-05,2.5997360986634883e-17,-9.05530869959909e-17
309.9,"[0.06062, 0.0456, 0.41014]",0.0456,0.41014,4.6490704448622296e-05,-0.05011617652902443,-0.042396670669935355,-4.649070444940312e-05,0.1359991803009432,0.1150470620703776,-4.6490704534522414e-05,0.011204722904928332,0.00945972078736524,4.6490704455458475e-05,-0.12110466957986724,-0.10247706499558233,-4.649070444945416e-05,0.029658272525966964,0.0250902393929803,4.649070444857199e-05,2.5997360986634883e-17,-6.602849140325833e-17
309.92,"[0.06062, 0.0456, 0.41014]",0.0456,0.41014,4.6490704425274205e-05,-0.05011617652902443,-0.042396670669935355,-4.649070442344835e-05,0.1359991803009432,0.1150470620703776,-4.649070445387284e-05,0.011204722904928332,0.00945972078736524,4.649070437218373e-05,-0.12110466957986724,-0.10247706499558233,-4.649070442333008e-05,0.029658272525966964,0.0250902393929803,4.64907044253928e-05,2.5997360986634883e-17,-6.602849140325833e-17
309.94,"[0.06062, 0.0456, 0.41014]",0.0456,0.41014,4.649070448262952e-05,-0.05011617652902443,-0.04340789544682006,-4.6490704484229684e-05,0.1359991803009432,0.11779137416012875,-4.649070458890376e-05,0.011204722904928332,0.009686663189842482,4.649070450834888e-05,-0.12110466957986724,-0.10491948246255844,-4.649070448433406e-05,0.029658272525966964,0.025688659213642943,4.6490704482526226e-05,2.5997360986634883e-17,-3.3199145999849257e-17
309.96,"[0.06062, 0.0456, 0.41014]",0.0456,0.41014,4.64907044731923e-05,-0.05011617652902443,-0.04340789544682006,-4.649070447166445e-05,0.1359991803009432,0.11779137416012875,-4.649070451043449e-05,0.011204722904928332,0.009686663189842482,4.649070442458883e-05,-0.12110466957986724,-0.10491948246255844,-4.649070447156527e-05,0.029658272525966964,0.025688659213642943,4.649070447329094e-05,2.5997360986634883e-17,-3.3199145999849257e-17
309.98,"[0.06062, 0.0456, 0.41014]",0.0456,0.41014,4.649070451795756e-05,-0.05011617652902443,-0.04429972681510543,-4.649070451936674e-05,0.1359991803009432,0.12021170695790259,-4.649070462171852e-05,0.011204722904928332,0.009886991430632788,4.6490704537488785e-05,-0.12110466957986724,-0.10707327882726277,-4.6490704519458164e-05,0.029658272525966964,0.026216421932029863,4.649070451786627e-05,2.5997360986634883e-17,3.4233612964081885e-18
310.0,"[0.06062, 0.0456, 0.41014]",0.0456,0.41014,4.6490704503382935e-05,-0.05011617652902443,-0.04429972681510543,-4.64907045020255e-05,0.1359991803009432,0.12021170695790259,-4.6490704546162185e-05,0.011204722904928332,0.009886991430632788,4.649070445774983e-05,-0.12110466957986724,-0.10707327882726277,-4.649070450193742e-05,0.029658272525966964,0.026216421932029863,4.6490704503470756e-05,2.5997360986634883e-17,3.4233612964081885e-18
310.02,"[0.06062, 0.0456, 0.41014]",0.0456,0.41014,4.6490704537792144e-05,-0.05011617652902443,-0.045083812148393125,-4.649070453902576e-05,0.1359991803009432,0.12233966177962151,-4.649070463918649e-05,0.011204722904928332,0.010063280332068497,4.649070455286293e-05,-0.12110466957986724,-0.1089666401289643,-4.649070453910569e-05,0.029658272525966964,0.02668042080549688,4.64907045377122e-05,2.5997360986634883e-17,4.069439103304871e-17
310.04,"[0.06062, 0.0456, 0.41014]",0.0456,0.41014,4.649070452111691e-05,-0.05011617652902443,-0.045083812148393125,-4.649070451992001e-05,0.1359991803009432,0.12233966177962151,-4.649070456899964e-05,0.011204722904928332,0.010063280332068497,4.6490704479286874e-05,-0.12110466957986724,-0.1089666401289643,-4.649070451984294e-05,0.029658272525966964,0.02668042080549688,4.6490704521194846e-05,2.5997360986634883e-17,4.069439103304871e-17
310.06,"[0.06062, 0.0456, 0.41014]",0.0456,0.41014,4.649070454833897e-05,-0.05011617652902443,-0.045771247455497474,-4.6490704549420775e-05,0.1359991803009432,0.12420534470317536,-4.649070464772063e-05,0.011204722904928332,0.010217986337026972,4.6490704560264505e-05,-0.12110466957986724,-0.11062641328480088,-4.6490704549491174e-05,0.029658272525966964,0.027087222723152712,4.6490704548269136e-05,2.5997360986634883e-17,7.649467479307043e-17
310.08,"[0.06062, 0.0456, 0.41014]",0.0456,0.41014,4.649070453141212e-05,-0.05011617652902443,-0.045771247455497474,-4.6490704530363727e-05,0.1359991803009432,0.12420534470317536,-4.649070458394193e-05,0.011204722904928332,0.010217986337026972,4.649070449366494e-05,-0.12110466957986724,-0.11062641328480088,-4.6490704530295815e-05,0.029658272525966964,0.027087222723152712,4.64907045314801e-05,2.5997360986634883e-17,7.649467479307043e-17
310.1,"[0.06062, 0.0456, 0.41014]",0.0456,0.41014,4.6490704553442115e-05,-0.05011617652902443,-0.04637239264072896,-4.649070455439136e-05,0.1359991803009432,0.12583686514889145,-4.649070465108352e-05,0.011204722904928332,0.010353405733837216,4.6490704563055214e-05,-0.12110466957986724,-0.11207766032241738,-4.649070455445314e-05,0.029658272525966964,0.02744295888598431,4.6490704553380776e-05,2.5997360986634883e-17,1.0946901059134472e-16
310.12,"[0.06062, 0.0456, 0.41014]",0.0456,0.41014,4.649070453722986e-05,-0.05011617652902443,-0.04637239264072896,-4.6490704536316335e-05,0.1359991803009432,0.12583686514889145,-4.6490704593939085e-05,0.011204722904928332,0.010353405733837216,4.6490704503520704e-05,-0.12110466957986724,-0.11207766032241738,-4.64907045362578e-05,0.029658272525966964,0.02744295888598431,4.6490704537289766e-05,2.5997360986634883e-17,1.0946901059134472e-16
310.14,"[0.06062, 0.0456, 0.41014]",0.0456,0.41014,4.649070455534613e-05,-0.05011617652902443,-0.04689679874872984,-4.6490704556178824e-05,0.1359991803009432,0.1272601383438812,-4.649070465146423e-05,0.011204722904928332,0.010471657887589171,4.649070456319127e-05,-0.12110466957986724,-0.11334348326309002,-4.649070455623307e-05,0.029658272525966964,0.027753281758839624,4.649070455529238e-05,2.5997360986634883e-17,1.3881401276796449e-16
310.16,"[0.06062, 0.0456, 0.41014]",0.0456,0.41014,4.6490704540308984e-05,-0.05011617652902443,-0.04689679874872984,-4.649070453951648e-05,0.1359991803009432,0.1272601383438812,-4.6490704600740984e-05,0.011204722904928332,0.010471657887589171,4.649070451042145e-05,-0.12110466957986724,-0.11334348326309002,-4.649070453946531e-05,0.029658272525966964,0.027753281758839624,4.6490704540360775e-05,2.5997360986634883e-17,1.3881401276796449e-16
310.18,"[0.06062, 0.0456, 0.41014]",0.0456,0.41014,4.649070455536126e-05,-0.05011617652902443,-0.04735319403253356,-4.6490704556091356e-05,0.1359991803009432,0.12849884741433093,-4.6490704650135344e-05,0.011204722904928332,0.01057468162600369,4.6490704561810096e-05,-0.12110466957986724,-0.11444499114554671,-4.649070455613862e-05,0.029658272525966964,0.028023356833380985,4.649070455531425e-05,2.5997360986634883e-17,1.641376372292882e-16
310.2,"[0.06062, 0.0456, 0.41014]",0.0456,0.41014,4.6490704541680344e-05,-0.05011617652902443,-0.04735319403253356,-4.6490704540995216e-05,0.1359991803009432,0.12849884741433093,-4.649070460540698e-05,0.011204722904928332,0.01057468162600369,4.649070451532048e-05,-0.12110466957986724,-0.11444499114554671,-4.6490704540951374e-05,0.029658272525966964,0.028023356833380985,4.649070454172548e-05,2.5997360986634883e-17,1.641376372292882e-16
310.22,"[0.06062, 0.0456, 0.41014]",0.0456,0.41014,4.6490704554263025e-05,-0.05011617652902443,-0.047749501952166006,-4.649070455490214e-05,0.1359991803009432,0.12957449213178462,-4.6490704647845096e-05,0.011204722904928332,0.010664238787794366,4.64907045595816e-05,-0.12110466957986724,-0.11540134417661238,-4.649070455494357e-05,0.029658272525966964,0.02825787328686054,4.64907045542218e-05,2.5997360986634883e-17,1.8533179486148992e-16
310.24,"[0.06062, 0.0456, 0.41014]",0.0456,0.41014,4.649070454196493e-05,-0.05011617652902443,-0.047749501952166006,-4.6490704541374545e-05,0.1359991803009432,0.12957449213178462,-4.649070460859055e-05,0.011204722904928332,0.010664238787794366,4.6490704518808435e-05,-0.12110466957986724,-0.11540134417661238,-4.649070454133673e-05,0.029658272525966964,0.02825787328686054,4.6490704542003714e-05,2.5997360986634883e-17,1.8533179486148992e-16
310.26,"[0.06062, 0.0456, 0.41014]",0.0456,0.41014,4.6490704552512046e-05,-0.05011617652902443,-0.04810094709096479,-4.6490704553070654e-05,0.1359991803009432,0.13052838437315115,-4.6490704645034654e-05,0.011204722904928332,0.010743719628931878,4.649070455690033e-05,-0.12110466957986724,-0.11624935100471795,-4.649070455310728e-05,0.029658272525966964,0.028465841092227356,4.649070455247613e-05,2.5997360986634883e-17,1.992139028956972e-16
310.28,"[0.06062, 0.0456, 0.41014]",0.0456,0.41014,4.6490704531066425e-05,-0.05011617652902443,-0.04810094709096479,-4.6490704531368694e-05,0.1359991803009432,0.13052838437315115,-4.649070461825333e-05,0.011204722904928332,0.010743719628931878,4.6490704531827596e-05,-0.12110466957986724,-0.11624935100471795,-4.649070453138827e-05,0.029658272525966964,0.028465841092227356,4.649070453104703e-05,2.5997360986634883e-17,1.992139028956972e-16
310.3,"[0.06062, 0.0456, 0.41014]",0.0456,0.41014,4.649070455666434e-05,-0.05011617652902443,-0.048403685234533166,-4.6490704557239675e-05,0.1359991803009432,0.13135009355834776,-4.6490704650229466e-05,0.011204722904928332,0.010812271513112579,4.64907045618136e-05,-0.12110466957986724,-0.11697971272316929,-4.6490704557277114e-05,0.029658272525966964,0.0286449851743116,4.6490704556627365e-05,2.5997360986634883e-17,2.118436873251789e-16
310.32,"[0.06062, 0.0456, 0.41014]",0.0456,0.41014,4.649070453804804e-05,-0.05011617652902443,-0.048403685234533166,-4.649070453831619e-05,0.1359991803009432,0.13135009355834776,-4.649070462510069e-05,0.011204722904928332,0.010812271513112579,4.649070453796409e-05,-0.12110466957986724,-0.11697971272316929,-4.6490704538333466e-05,0.029658272525966964,0.0286449851743116,4.649070453803069e-05,2.5997360986634883e-17,2.118436873251789e-16
310.34,"[0.06062, 0.0456, 0.41014]",0.0456,0.41014,4.649070455840504e-05,-0.05011617652902443,-0.04866381681372981,-4.649070455889854e-05,0.1359991803009432,0.1320561732646252,-4.649070465073282e-05,0.011204722904928332,0.010871253249619992,4.6490704562039025e-05,-0.12110466957986724,-0.11760717793350753,-4.649070455893043e-05,0.029658272525966964,0.02879891578857157,4.649070455837309e-05,2.5997360986634883e-17,2.222993711881479e-16
310.36,"[0.06062, 0.0456, 0.41014]",0.0456,0.41014,4.6490704540909266e-05,-0.05011617652902443,-0.04866381681372981,-4.649070454113814e-05,0.1359991803009432,0.1320561732646252,-4.649070462762613e-05,0.011204722904928332,0.010871253249619992,4.649070454018274e-05,-0.12110466957986724,-0.11760717793350753,-4.649070454115305e-05,0.029658272525966964,0.02879891578857157,4.649070454089479e-05,2.5997360986634883e-17,2.222993711881479e-16
310.38,"[0.06062, 0.0456, 0.41014]",0.0456,0.41014,4.6490704557200075e-05,-0.05011617652902443,-0.048885226023559256,-4.6490704557622744e-05,0.1359991803009432,0.13265716173376255,-4.649070464845311e-05,0.011204722904928332,0.01092152229244784,4.6490704559800154e-05,-0.12110466957986724,-0.11814114785012277,-4.6490704557650026e-05,0.029658272525966964,0.028929931734220045,4.649070455717272e-05,2.5997360986634883e-17,2.3031047497141587e-16
310.4,"[0.06062, 0.0456, 0.41014]",0.0456,0.41014,4.649070454146986e-05,-0.05011617652902443,-0.048885226023559256,-4.649070454166709e-05,0.1359991803009432,0.13265716173376255,-4.649070462794475e-05,0.011204722904928332,0.01092152229244784,4.649070454044079e-05,-0.12110466957986724,-0.11814114785012277,-4.6490704541679816e-05,0.029658272525966964,0.028929931734220045,4.6490704541457276e-05,2.5997360986634883e-17,2.3031047497141587e-16
310.42,"[0.06062, 0.0456, 0.41014]",0.0456,0.41014,4.649070455464167e-05,-0.05011617652902443,-0.04907350090662661,-4.6490704555003346e-05,0.1359991803009432,0.13316822332261624,-4.6490704644969724e-05,0.011204722904928332,0.010964329012099962,4.649070455650972e-05,-0.12110466957986724,-0.11859512444329619,-4.6490704555026954e-05,0.029658272525966964,0.029041339945388267,4.649070455461835e-05,2.5997360986634883e-17,2.3590279580118487e-16
310.44,"[0.06062, 0.0456, 0.41014]",0.0456,0.41014,4.6490704540679436e-05,-0.05011617652902443,-0.049239898728664945,-4.649070454084894e-05,0.1359991803009432,0.1336199094425176,-4.649070462693701e-05,0.011204722904928332,0.01100220417425897,4.649070453951241e-05,-0.12110466957986724,-0.11899629141301882,-4.649070454085968e-05,0.029658272525966964,0.029139802148059755,4.6490704540668336e-05,2.5997360986634883e-17,2.3810053520697375e-16
310.46,"[0.06062, 0.0456, 0.41014]",0.0456,0.41014,4.649070453441703e-05,-0.05011617652902443,-0.049239898728664945,-4.6490704534199946e-05,0.1359991803009432,0.1336199094425176,-4.6490704612279395e-05,0.011204722904928332,0.01100220417425897,4.649070452460068e-05,-0.12110466957986724,-0.11899629141301882,-4.6490704534185776e-05,0.029658272525966964,0.029139802148059755,4.649070453443104e-05,2.5997360986634883e-17,2.3810053520697375e-16
310.48,"[0.06062, 0.0456, 0.41014]",0.0456,0.41014,4.649070454000424e-05,-0.05011617652902443,-0.049385761345193666,-4.649070454027727e-05,0.1359991803009432,0.13401586106283084,-4.6490704628916084e-05,0.011204722904928332,0.011035445830528071,4.6490704541869897e-05,-0.12110466957986724,-0.1193478940246154,-4.649070454029464e-05,0.029658272525966964,0.029226112469754175,4.6490704539986393e-05,2.5997360986634883e-17,2.380292146771569e-16
310.5,"[0.06062, 0.0456, 0.41014]",0.0456,0.41014,4.649070453192747e-05,-0.05011617652902443,-0.0495126222936836,-4.6490704532088374e-05,0.1359991803009432,0.13436023955088447,-4.649070461852379e-05,0.011204722904928332,0.011064396049712216,4.649070453208082e-05,-0.12110466957986724,-0.11965363913291821,-4.6490704532098436e-05,0.029658272525966964,0.02930117845551421,4.649070453191663e-05,2.5997360986634883e-17,2.3646150975772556e-16
310.52,"[0.06062, 0.0456, 0.41014]",0.0456,0.41014,4.649070452990106e-05,-0.05011617652902443,-0.0495126222936836,-4.649070452976775e-05,0.1359991803009432,0.13436023955088447,-4.649070461012455e-05,0.011204722904928332,0.011064396049712216,4.649070452319642e-05,-0.12110466957986724,-0.11965363913291821,-4.649070452975892e-05,0.029658272525966964,0.02930117845551421,4.6490704529909534e-05,2.5997360986634883e-17,2.3646150975772556e-16
310.54,"[0.06062, 0.0456, 0.41014]",0.0456,0.41014,4.6490704536117086e-05,-0.05011617652902443,-0.04961707265120808,-4.649070453635204e-05,0.1359991803009432,0.13464379161401724,-4.649070462465983e-05,0.011204722904928332,0.011088279952543264,4.64907045380025e-05,-0.12110466957986724,-0.11990530674129744,-4.6490704536367144e-05,0.029658272525966964,0.029362982934838737,4.6490704536101616e-05,2.5997360986634883e-17,2.3498762750526183e-16
310.56,"[0.06062, 0.0456, 0.41014]",0.0456,0.41014,4.649070453496041e-05,-0.05011617652902443,-0.04961707265120808,-4.649070453486221e-05,0.1359991803009432,0.13464379161401724,-4.6490704616239674e-05,0.011204722904928332,0.011088279952543264,4.6490704528903496e-05,-0.12110466957986724,-0.11990530674129744,-4.6490704534855576e-05,0.029658272525966964,0.029362982934838737,4.64907045349666e-05,2.5997360986634883e-17,2.3498762750526183e-16
310.58,"[0.06062, 0.0456, 0.41014]",0.0456,0.41014,4.6490704538781404e-05,-0.05011617652902443,-0.04970314403350106,-4.649070453897554e-05,0.1359991803009432,0.1348774589122374,-4.649070462666947e-05,0.011204722904928332,0.01110800460732984,4.649070453966875e-05,-0.12110466957986724,-0.12011263128539706,-4.649070453898798e-05,0.029658272525966964,0.029413911690860606,4.649070453876888e-05,2.5997360986634883e-17,2.3300163034121473e-16
310.6,"[0.06062, 0.0456, 0.41014]",0.0456,0.41014,4.64907045365712e-05,-0.05011617652902443,-0.04970314403350106,-4.649070453648941e-05,0.1359991803009432,0.1348774589122374,-4.6490704618446906e-05,0.011204722904928332,0.01110800460732984,4.649070453101465e-05,-0.12110466957986724,-0.12011263128539706,-4.649070453648384e-05,0.029658272525966964,0.029413911690860606,4.649070453657602e-05,2.5997360986634883e-17,2.3300163034121473e-16
310.62,"[0.06062, 0.0456, 0.41014]",0.0456,0.41014,4.6490704538688766e-05,-0.05011617652902443,-0.04977752540130055,-4.6490704538847886e-05,0.1359991803009432,0.13507939622315535,-4.649070462601083e-05,0.011204722904928332,0.011125080788638466,4.6490704538965394e-05,-0.12110466957986724,-0.12029175536377174,-4.6490704538858085e-05,0.029658272525966964,0.02945792294928333,4.6490704538678215e-05,2.5997360986634883e-17,2.296647504155738e-16
310.64,"[0.06062, 0.0456, 0.41014]",0.0456,0.41014,4.649070453363442e-05,-0.05011617652902443,-0.04977752540130055,-4.649070453373223e-05,0.1359991803009432,0.13507939622315535,-4.649070461969108e-05,0.011204722904928332,0.011125080788638466,4.649070453304109e-05,-0.12110466957986724,-0.12029175536377174,-4.6490704533738516e-05,0.029658272525966964,0.02945792294928333,4.6490704533627846e-05,2.5997360986634883e-17,2.296647504155738e-16
310.66,"[0.06062, 0.0456, 0.41014]",0.0456,0.41014,4.649070453824355e-05,-0.05011617652902443,-0.049838253717616444,-4.649070453839278e-05,0.1359991803009432,0.1352442744743355,-4.649070462552497e-05,0.011204722904928332,0.011139059607330018,4.649070453852854e-05,-0.12110466957986724,-0.12043794916447062,-4.649070453840209e-05,0.029658272525966964,0.029493855158759553,4.649070453823326e-05,2.5997360986634883e-17,2.2597194902613316e-16
310.68,"[0.06062, 0.0456, 0.41014]",0.0456,0.41014,4.6490704533698305e-05,-0.05011617652902443,-0.04989037575877554,-4.649070453377995e-05,0.1359991803009432,0.1353857918322456,-4.6490704619557746e-05,0.011204722904928332,0.01115108344484766,4.649070453288438e-05,-0.12110466957986724,-0.12056338869873097,-4.6490704533784886e-05,0.029658272525966964,0.02952469473526658,4.649070453369252e-05,2.5997360986634883e-17,2.213298823919727e-16
310.7,"[0.06062, 0.0456, 0.41014]",0.0456,0.41014,4.649070453147036e-05,-0.05011617652902443,-0.04989037575877554,-4.6490704531427146e-05,0.1359991803009432,0.1353857918322456,-4.6490704614630305e-05,0.011204722904928332,0.01115108344484766,4.6490704527891874e-05,-0.12110466957986724,-0.12056338869873097,-4.649070453142418e-05,0.029658272525966964,0.02952469473526658,4.6490704531472886e-05,2.5997360986634883e-17,2.213298823919727e-16
310.72,"[0.06062, 0.0456, 0.41014]",0.0456,0.41014,4.649070453272865e-05,-0.05011617652902443,-0.04993477327079271,-4.6490704532834474e-05,0.1359991803009432,0.13550634119076166,-4.649070461926234e-05,0.011204722904928332,0.011161350025663503,4.64907045327713e-05,-0.12110466957986724,-0.12067020387412572,-4.6490704532841176e-05,0.029658272525966964,0.02955096347851816,4.6490704532721494e-05,2.5997360986634883e-17,2.1608094963997086e-16
310.74,"[0.06062, 0.0456, 0.41014]",0.0456,0.41014,4.64907045297008e-05,-0.05011617652902443,-0.04993477327079271,-4.649070452976865e-05,0.1359991803009432,0.13550634119076166,-4.649070461545575e-05,0.011204722904928332,0.011161350025663503,4.649070452919895e-05,-0.12110466957986724,-0.12067020387412572,-4.649070452977305e-05,0.029658272525966964,0.02955096347851816,4.6490704529696136e-05,2.5997360986634883e-17,2.1608094963997086e-16
310.76,"[0.06062, 0.0456, 0.41014]",0.0456,0.41014,4.6490704532342755e-05,-0.05011617652902443,-0.049970323033169686,-4.64907045324395e-05,0.1359991803009432,0.13560287294562764,-4.6490704618795735e-05,0.011204722904928332,0.011169600579911095,4.649070453234029e-05,-0.12110466957986724,-0.12075569101935628,-4.64907045324457e-05,0.029658272525966964,0.02957199679595735,4.649070453233593e-05,2.5997360986634883e-17,2.1084139253209085e-16
310.78,"[0.06062, 0.0456, 0.41014]",0.0456,0.41014,4.649070452952851e-05,-0.05011617652902443,-0.05000038774910137,-4.6490704529584084e-05,0.1359991803009432,0.13568451489547476,-4.649070461511586e-05,0.011204722904928332,0.011176599314089857,4.649070452886143e-05,-0.12110466957986724,-0.12082795891084107,-4.649070452958773e-05,0.029658272525966964,0.029589784510951306,4.6490704529524784e-05,2.5997360986634883e-17,2.0517206072840526e-16
310.8,"[0.06062, 0.0456, 0.41014]",0.0456,0.41014,4.6490704528048304e-05,-0.05011617652902443,-0.05000038774910137,-4.649070452803072e-05,0.1359991803009432,0.13568451489547476,-4.6490704612056795e-05,0.011204722904928332,0.011176599314089857,4.649070452578229e-05,-0.12110466957986724,-0.12082795891084107,-4.649070452802989e-05,0.029658272525966964,0.029589784510951306,4.649070452804954e-05,2.5997360986634883e-17,2.0517206072840526e-16
310.82,"[0.06062, 0.0456, 0.41014]",0.0456,0.41014,4.6490704528533824e-05,-0.05011617652902443,-0.050024223334216404,-4.649070452860083e-05,0.1359991803009432,0.1357492465631665,-4.6490704614463276e-05,0.011204722904928332,0.01118217357772903,4.6490704528354856e-05,-0.12110466957986724,-0.12088521818026145,-4.6490704528605096e-05,0.029658272525966964,0.029603886379069824,4.64907045285292e-05,2.5997360986634883e-17,1.9953551789969396e-16
310.84,"[0.06062, 0.0456, 0.41014]",0.0456,0.41014,4.64907045274016e-05,-0.05011617652902443,-0.050024223334216404,-4.6490704527390194e-05,0.1359991803009432,0.1357492465631665,-4.649070461162919e-05,0.011204722904928332,0.01118217357772903,4.64907045254498e-05,-0.12110466957986724,-0.12088521818026145,-4.6490704527389665e-05,0.029658272525966964,0.029603886379069824,4.649070452740219e-05,2.5997360986634883e-17,1.9953551789969396e-16
310.86,"[0.06062, 0.0456, 0.41014]",0.0456,0.41014,4.6490704527437045e-05,-0.05011617652902443,-0.050043125419524104,-4.649070452749042e-05,0.1359991803009432,0.13580058472036327,-4.6490704613134214e-05,0.011204722904928332,0.011186617227287114,4.649070452711745e-05,-0.12110466957986724,-0.12093059390726411,-4.649070452749379e-05,0.029658272525966964,0.02961506907740963,4.649070452743326e-05,2.5997360986634883e-17,1.9384043740546013e-16
310.88,"[0.06062, 0.0456, 0.41014]",0.0456,0.41014,4.649070452620867e-05,-0.05011617652902443,-0.050043125419524104,-4.649070452619972e-05,0.1359991803009432,0.13580058472036327,-4.649070461054933e-05,0.011204722904928332,0.011186617227287114,4.6490704524510065e-05,-0.12110466957986724,-0.12093059390726411,-4.649070452619912e-05,0.029658272525966964,0.02961506907740963,4.6490704526208976e-05,2.5997360986634883e-17,1.9384043740546013e-16
310.901,"[0.06062, 0.0456, 0.41014]",0.0456,0.41014,4.6490704524555554e-05,-0.05011617652902443,-0.05005899137181494,-4.6490704524548195e-05,0.1359991803009432,0.1358436800260007,-4.64907046089715e-05,0.011204722904928332,0.011190363451811963,4.649070452311622e-05,-0.12110466957986724,-0.12096865861993034,-4.6490704524547605e-05,0.029658272525966964,0.029624455310107625,4.649070452455558e-05,2.5997360986634883e-17,1.8792905969637404e-16
310.92,"[0.06062, 0.0456, 0.41014]",0.0456,0.41014,4.6490704524242247e-05,-0.05011617652902443,-0.05005899137181494,-4.6490704524269995e-05,0.1359991803009432,0.1358436800260007,-4.6490704609450685e-05,0.011204722904928332,0.011190363451811963,4.649070452371818e-05,-0.12110466957986724,-0.12096865861993034,-4.6490704524271506e-05,0.029658272525966964,0.029624455310107625,4.6490704524239915e-05,2.5997360986634883e-17,1.8792905969637404e-16
310.94,"[0.06062, 0.0456, 0.41014]",0.0456,0.41014,4.6490704524624536e-05,-0.05011617652902443,-0.05007143774591949,-4.649070452466191e-05,0.1359991803009432,0.1358774909991587,-4.6490704610069825e-05,0.011204722904928332,0.011193321900478684,4.649070452432427e-05,-0.12110466957986724,-0.12099849211918245,-4.6490704524664225e-05,0.029658272525966964,0.02963181822966222,4.649070452462174e-05,2.5997360986634883e-17,1.8212327115015917e-16
310.96,"[0.06062, 0.0456, 0.41014]",0.0456,0.41014,4.64907045231553e-05,-0.05011617652902443,-0.05007143774591949,-4.649070452317767e-05,0.1359991803009432,0.1358774909991587,-4.649070460828454e-05,0.011204722904928332,0.011193321900478684,4.6490704522658695e-05,-0.12110466957986724,-0.12099849211918245,-4.649070452317895e-05,0.029658272525966964,0.02963181822966222,4.649070452315365e-05,2.5997360986634883e-17,1.8212327115015917e-16
310.98,"[0.06062, 0.0456, 0.41014]",0.0456,0.41014,4.649070452328983e-05,-0.05011617652902443,-0.050081197330240086,-4.64907045233192e-05,0.1359991803009432,0.13590400681085235,-4.6490704608594626e-05,0.011204722904928332,0.011195659469564192,4.649070452297512e-05,-0.12110466957986724,-0.1210218609391159,-4.6490704523321095e-05,0.029658272525966964,0.029637591445722783,4.649070452328758e-05,2.5997360986634883e-17,1.7641074514660132e-16
311.0,"[0.06062, 0.0456, 0.41014]",0.0456,0.41014,4.649070452199371e-05,-0.05011617652902443,-0.050081197330240086,-4.649070452201126e-05,0.1359991803009432,0.13590400681085235,-4.649070460704886e-05,0.011204722904928332,0.011195659469564192,4.649070452153827e-05,-0.12110466957986724,-0.1210218609391159,-4.6490704522012056e-05,0.029658272525966964,0.029637591445722783,4.649070452199204e-05,2.5997360986634883e-17,1.7641074514660132e-16
311.02,"[0.06062, 0.0456, 0.41014]",0.0456,0.41014,4.649070452198242e-05,-0.05011617652902443,-0.05008884655904607,-4.649070452200545e-05,0.1359991803009432,0.13592479223422665,-4.649070460717544e-05,0.011204722904928332,0.011197507588541017,4.6490704521682133e-05,-0.12110466957986724,-0.12104015449216177,-4.649070452200702e-05,0.029658272525966964,0.029642116046969806,4.649070452198063e-05,2.5997360986634883e-17,1.7081256612268013e-16
311.04,"[0.06062, 0.0456, 0.41014]",0.0456,0.41014,4.649070452087032e-05,-0.05011617652902443,-0.05008884655904607,-4.649070452088404e-05,0.1359991803009432,0.13592479223422665,-4.6490704605867396e-05,0.011204722904928332,0.011197507588541017,4.6490704520469596e-05,-0.12110466957986724,-0.12104015449216177,-4.649070452088478e-05,0.029658272525966964,0.029642116046969806,4.649070452086899e-05,2.5997360986634883e-17,1.7081256612268013e-16
311.06,"[0.06062, 0.0456, 0.41014]",0.0456,0.41014,4.649070452078325e-05,-0.05011617652902443,-0.050094838765702435,-4.6490704520801334e-05,0.1359991803009432,0.13594107790546717,-4.649070460588821e-05,0.011204722904928332,0.01119896976524016,4.6490704520512076e-05,-0.12110466957986724,-0.12105446527198474,-4.649070452080228e-05,0.029658272525966964,0.02964566027834203,4.649070452078159e-05,2.5997360986634883e-17,1.6536023910859536e-16
311.08,"[0.06062, 0.0456, 0.41014]",0.0456,0.41014,4.649070451984766e-05,-0.05011617652902443,-0.0500998198877484,-4.649070451985845e-05,0.1359991803009432,0.1359546176936549,-4.6490704604799234e-05,0.011204722904928332,0.011200195375249867,4.649070451950467e-05,-0.12110466957986724,-0.12106634731767581,-4.6490704519859115e-05,0.029658272525966964,0.029648606322565843,4.649070451984673e-05,2.5997360986634883e-17,1.599942258994301e-16
311.1,"[0.06062, 0.0456, 0.41014]",0.0456,0.41014,4.6490704519215214e-05,-0.05011617652902443,-0.0500998198877484,-4.6490704519213636e-05,0.1359991803009432,0.1359546176936549,-4.649070460389984e-05,0.011204722904928332,0.011200195375249867,4.649070451864195e-05,-0.12110466957986724,-0.12106634731767581,-4.649070451921356e-05,0.029658272525966964,0.029648606322565843,4.6490704519215126e-05,2.5997360986634883e-17,1.599942258994301e-16
311.12,"[0.06062, 0.0456, 0.41014]",0.0456,0.41014,4.6490704518967854e-05,-0.05011617652902443,-0.050103673344393876,-4.6490704518980003e-05,0.1359991803009432,0.1359650946938801,-4.6490704603967623e-05,0.011204722904928332,0.011201155671337932,4.6490704518771843e-05,-0.12110466957986724,-0.1210755226218711,-4.649070451898068e-05,0.029658272525966964,0.029650885229846543,4.649070451896667e-05,2.5997360986634883e-17,1.5491017286858493e-16
311.14,"[0.06062, 0.0456, 0.41014]",0.0456,0.41014,4.6490704518508104e-05,-0.05011617652902443,-0.050103673344393876,-4.6490704518507386e-05,0.1359991803009432,0.1359650946938801,-4.6490704603226795e-05,0.011204722904928332,0.011201155671337932,4.649070451804785e-05,-0.12110466957986724,-0.1210755226218711,-4.6490704518507407e-05,0.029658272525966964,0.029650885229846543,4.6490704518507915e-05,2.5997360986634883e-17,1.5491017286858493e-16
311.16,"[0.06062, 0.0456, 0.41014]",0.0456,0.41014,4.6490704518276804e-05,-0.05011617652902443,-0.05010664926982264,-4.649070451828629e-05,0.1359991803009432,0.13597318803430727,-4.649070460323028e-05,0.011204722904928332,0.011201908281714933,4.649070451810264e-05,-0.12110466957986724,-0.12108259327280962,-4.6490704518286724e-05,0.029658272525966964,0.029652645000764682,4.649070451827569e-05,2.5997360986634883e-17,1.5010999494000275e-16
311.18,"[0.06062, 0.0456, 0.41014]",0.0456,0.41014,4.6490704517880765e-05,-0.05011617652902443,-0.05010664926982264,-4.649070451788025e-05,0.1359991803009432,0.13597318803430727,-4.6490704602615644e-05,0.011204722904928332,0.011201908281714933,4.6490704517504994e-05,-0.12110466957986724,-0.12108259327280962,-4.6490704517880114e-05,0.029658272525966964,0.029652645000764682,4.649070451788046e-05,2.5997360986634883e-17,1.5010999494000275e-16
311.2,"[0.06062, 0.0456, 0.41014]",0.0456,0.41014,4.6490704517667495e-05,-0.05011617652902443,-0.05010894309046005,-4.649070451767497e-05,0.1359991803009432,0.13597942833049811,-4.6490704602584405e-05,0.011204722904928332,0.011202498339335423,4.6490704517516866e-05,-0.12110466957986724,-0.12108802952342335,-4.6490704517675654e-05,0.029658272525966964,0.029654001264467364,4.649070451766715e-05,2.5997360986634883e-17,1.4559547607489432e-16
311.22,"[0.06062, 0.0456, 0.41014]",0.0456,0.41014,4.649070451733242e-05,-0.05011617652902443,-0.05010894309046005,-4.649070451733214e-05,0.1359991803009432,0.13597942833049811,-4.6490704602079634e-05,0.011204722904928332,0.011202498339335423,4.649070451702822e-05,-0.12110466957986724,-0.12108802952342335,-4.6490704517331745e-05,0.029658272525966964,0.029654001264467364,4.6490704517331996e-05,2.5997360986634883e-17,1.4559547607489432e-16
311.24,"[0.06062, 0.0456, 0.41014]",0.0456,0.41014,4.649070451714369e-05,-0.05011617652902443,-0.0501107073715782,-4.649070451714944e-05,0.1359991803009432,0.13598422984375286,-4.6490704602031055e-05,0.011204722904928332,0.01120296118229116,4.649070451701578e-05,-0.12110466957986724,-0.1210921983468304,-4.6490704517149714e-05,0.029658272525966964,0.029655044288572505,4.649070451714305e-05,2.5997360986634883e-17,1.413680916117477e-16
311.26,"[0.06062, 0.0456, 0.41014]",0.0456,0.41014,4.649070451686548e-05,-0.05011617652902443,-0.0501107073715782,-4.649070451686524e-05,0.1359991803009432,0.13598422984375286,-4.649070460162191e-05,0.011204722904928332,0.01120296118229116,4.649070451662127e-05,-0.12110466957986724,-0.1210921983468304,-4.6490704516864854e-05,0.029658272525966964,0.029655044288572505,4.649070451686487e-05,2.5997360986634883e-17,1.413680916117477e-16
311.28,"[0.06062, 0.0456, 0.41014]",0.0456,0.41014,4.649070451670354e-05,-0.05011617652902443,-0.050112152205727664,-4.649070451670792e-05,0.1359991803009432,0.13598816327042235,-4.649070460156821e-05,0.011204722904928332,0.011203346616151988,4.64907045165971e-05,-0.12110466957986724,-0.12109560351025528,-4.649070451670828e-05,0.029658272525966964,0.029655898359889254,4.649070451670305e-05,2.5997360986634883e-17,1.373453663377366e-16
311.3,"[0.06062, 0.0456, 0.41014]",0.0456,0.41014,4.6490704516426436e-05,-0.05011617652902443,-0.050113323349439125,-4.6490704516429316e-05,0.1359991803009432,0.1359913528186024,-4.649070460126153e-05,0.011204722904928332,0.01120366506684211,4.649070451631651e-05,-0.12110466957986724,-0.12109835531261906,-4.649070451642957e-05,0.029658272525966964,0.029656590553655736,4.649070451642584e-05,2.5997360986634883e-17,1.335576958570604e-16
311.32,"[0.06062, 0.0456, 0.41014]",0.0456,0.41014,4.649070451623737e-05,-0.05011617652902443,-0.050113323349439125,-4.649070451623742e-05,0.1359991803009432,0.1359913528186024,-4.6490704601008985e-05,0.011204722904928332,0.01120366506684211,4.649070451607657e-05,-0.12110466957986724,-0.12109835531261906,-4.6490704516237345e-05,0.029658272525966964,0.029656590553655736,4.6490704516237074e-05,2.5997360986634883e-17,1.335576958570604e-16
311.34,"[0.06062, 0.0456, 0.41014]",0.0456,0.41014,4.649070451614319e-05,-0.05011617652902443,-0.050113323349439125,-4.649070451614632e-05,0.1359991803009432,0.1359913528186024,-4.64907046009882e-05,0.011204722904928332,0.01120366506684211,4.6490704516074294e-05,-0.12110466957986724,-0.12109835531261906,-4.6490704516146475e-05,0.029658272525966964,0.029656590553655736,4.649070451614264e-05,2.5997360986634883e-17,1.335576958570604e-16
311.36,"[0.06062, 0.0456, 0.41014]",0.0456,0.41014,4.649070451600353e-05,-0.05011617652902443,-0.05011419575456614,-4.649070451600376e-05,0.1359991803009432,0.13599373024207498,-4.649070460078287e-05,0.011204722904928332,0.011203909580353817,4.649070451587589e-05,-0.12110466957986724,-0.12110039509673552,-4.649070451600379e-05,0.029658272525966964,0.029657106067612682,4.649070451600345e-05,2.5997360986634883e-17,1.3011283656669518e-16
311.38,"[0.06062, 0.0456, 0.41014]",0.0456,0.41014,4.649070451591755e-05,-0.05011617652902443,-0.05011419575456614,-4.6490704515919945e-05,0.1359991803009432,0.13599373024207498,-4.649070460074919e-05,0.011204722904928332,0.011203909580353817,4.6490704515857366e-05,-0.12110466957986724,-0.12110039509673552,-4.6490704515919945e-05,0.029658272525966964,0.029657106067612682,4.64907045159171e-05,2.5997360986634883e-17,1.3011283656669518e-16
311.4,"[0.06062, 0.0456, 0.41014]",0.0456,0.41014,4.649070451586669e-05,-0.05011617652902443,-0.05011479550226893,-4.649070451586889e-05,0.1359991803009432,0.13599536626777997,-4.6490704600695434e-05,0.011204722904928332,0.01120408574562305,4.649070451580881e-05,-0.12110466957986724,-0.12110178622184825,-4.649070451586915e-05,0.029658272525966964,0.029657460340095528,4.649070451586642e-05,2.5997360986634883e-17,1.2704901018617462e-16
311.42,"[0.06062, 0.0456, 0.41014]",0.0456,0.41014,4.649070451572134e-05,-0.05011617652902443,-0.05011479550226893,-4.649070451572267e-05,0.1359991803009432,0.13599536626777997,-4.6490704600531306e-05,0.011204722904928332,0.01120408574562305,4.6490704515657974e-05,-0.12110466957986724,-0.12110178622184825,-4.64907045157228e-05,0.029658272525966964,0.029657460340095528,4.6490704515720993e-05,2.5997360986634883e-17,1.2704901018617462e-16
311.44,"[0.06062, 0.0456, 0.41014]",0.0456,0.41014,4.649070451566345e-05,-0.05011617652902443,-0.05011523946591859,-4.649070451566504e-05,0.1359991803009432,0.13599657856957983,-4.649070460048051e-05,0.011204722904928332,0.01120422225150061,4.649070451561409e-05,-0.12110466957986724,-0.12110280757342876,-4.6490704515664954e-05,0.029658272525966964,0.029657722495965214,4.6490704515662914e-05,2.5997360986634883e-17,1.242384433986796e-16
311.46,"[0.06062, 0.0456, 0.41014]",0.0456,0.41014,4.649070451554653e-05,-0.05011617652902443,-0.050115591281522806,-4.64907045155475e-05,0.1359991803009432,0.13599754014797225,-4.649070460035067e-05,0.011204722904928332,0.011204334873434061,4.6490704515495195e-05,-0.12110466957986724,-0.12110361078706543,-4.649070451554736e-05,0.029658272525966964,0.029657930170396453,4.649070451554599e-05,2.5997360986634883e-17,1.2160871712994188e-16
311.48,"[0.06062, 0.0456, 0.41014]",0.0456,0.41014,4.64907045154596e-05,-0.05011617652902443,-0.050115591281522806,-4.649070451545967e-05,0.1359991803009432,0.13599754014797225,-4.6490704600243985e-05,0.011204722904928332,0.011204334873434061,4.6490704515395414e-05,-0.12110466957986724,-0.12110361078706543,-4.649070451545992e-05,0.029658272525966964,0.029657930170396453,4.649070451545955e-05,2.5997360986634883e-17,1.2160871712994188e-16
311.5,"[0.06062, 0.0456, 0.41014]",0.0456,0.41014,4.649070451540588e-05,-0.05011617652902443,-0.05011584408505381,-4.649070451540688e-05,0.1359991803009432,0.13599823220791504,-4.649070460021208e-05,0.011204722904928332,0.011204421244115557,4.6490704515371684e-05,-0.12110466957986724,-0.12110418042679738,-4.649070451540679e-05,0.029658272525966964,0.029658079314235294,4.649070451540544e-05,2.5997360986634883e-17,1.1923080388165252e-16
311.52,"[0.06062, 0.0456, 0.41014]",0.0456,0.41014,4.6490704515342166e-05,-0.05011617652902443,-0.05011584408505381,-4.649070451534231e-05,0.1359991803009432,0.13599823220791504,-4.6490704600128755e-05,0.011204722904928332,0.011204421244115557,4.649070451529268e-05,-0.12110466957986724,-0.12110418042679738,-4.6490704515342424e-05,0.029658272525966964,0.029658079314235294,4.649070451534215e-05,2.5997360986634883e-17,1.1923080388165252e-16
311.54,"[0.06062, 0.0456, 0.41014]",0.0456,0.41014,4.6490704515297965e-05,-0.05011617652902443,-0.05011584408505381,-4.64907045152987e-05,0.1359991803009432,0.13599823220791504,-4.649070460009974e-05,0.011204722904928332,0.011204421244115557,4.64907045152702e-05,-0.12110466957986724,-0.12110418042679738,-4.64907045152989e-05,0.029658272525966964,0.029658079314235294,4.649070451529788e-05,2.5997360986634883e-17,1.1923080388165252e-16
311.56,"[0.06062, 0.0456, 0.41014]",0.0456,0.41014,4.649070451526629e-05,-0.05011617652902443,-0.050116008068034464,-4.649070451526694e-05,0.1359991803009432,0.13599868236654175,-4.649070460006661e-05,0.011204722904928332,0.011204483447249086,4.649070451524023e-05,-0.12110466957986724,-0.12110454138953701,-4.6490704515266835e-05,0.029658272525966964,0.02965817596174886,4.649070451526592e-05,2.5997360986634883e-17,1.171312593931003e-16
311.58,"[0.06062, 0.0456, 0.41014]",0.0456,0.41014,4.6490704515209474e-05,-0.05011617652902443,-0.05011613323464489,-4.649070451520982e-05,0.1359991803009432,0.13599902674660475,-4.649070460000365e-05,0.011204722904928332,0.01120453477785775,4.649070451518267e-05,-0.12110466957986724,-0.12110481158579639,-4.649070451520928e-05,0.029658272525966964,0.02965824967213014,4.649070451520864e-05,2.5997360986634883e-17,1.1517458506935085e-16
311.6,"[0.06062, 0.0456, 0.41014]",0.0456,0.41014,4.649070451516531e-05,-0.05011617652902443,-0.05011613323464489,-4.6490704515165286e-05,0.1359991803009432,0.13599902674660475,-4.649070459995228e-05,0.011204722904928332,0.01120453477785775,4.649070451513516e-05,-0.12110466957986724,-0.12110481158579639,-4.649070451516525e-05,0.029658272525966964,0.02965824967213014,4.6490704515165e-05,2.5997360986634883e-17,1.1517458506935085e-16
311.62,"[0.06062, 0.0456, 0.41014]",0.0456,0.41014,4.649070451513511e-05,-0.05011617652902443,-0.05011613323464489,-4.6490704515135504e-05,0.1359991803009432,0.13599902674660475,-4.64907045999302e-05,0.011204722904928332,0.01120453477785775,4.6490704515117086e-05,-0.12110466957986724,-0.12110481158579639,-4.649070451513551e-05,0.029658272525966964,0.02965824967213014,4.6490704515134935e-05,2.5997360986634883e-17,1.1517458506935085e-16
311.64,"[0.06062, 0.0456, 0.41014]",0.0456,0.41014,4.6490704515112966e-05,-0.05011617652902443,-0.05011620949196945,-4.649070451511336e-05,0.1359991803009432,0.13599923772694222,-4.6490704599907415e-05,0.011204722904928332,0.01120457183026214,4.649070451509633e-05,-0.12110466957986724,-0.12110496821446,-4.649070451511318e-05,0.029658272525966964,0.02965829449030767,4.64907045151128e-05,2.5997360986634883e-17,1.1345656145193752e-16
311.66,"[0.06062, 0.0456, 0.41014]",0.0456,0.41014,4.649070451507899e-05,-0.05011617652902443,-0.05011626469940246,-4.649070451507914e-05,0.1359991803009432,0.13599939123975507,-4.649070459987028e-05,0.011204722904928332,0.011204602469838374,4.6490704515062666e-05,-0.12110466957986724,-0.12110507633512818,-4.649070451507901e-05,0.029658272525966964,0.029658326877824374,4.649070451507867e-05,2.5997360986634883e-17,1.1186124591769548e-16
311.68,"[0.06062, 0.0456, 0.41014]",0.0456,0.41014,4.649070451505228e-05,-0.05011617652902443,-0.05011626469940246,-4.64907045150523e-05,0.1359991803009432,0.13599939123975507,-4.6490704599839734e-05,0.011204722904928332,0.011204602469838374,4.649070451503447e-05,-0.12110466957986724,-0.12110507633512818,-4.6490704515051946e-05,0.029658272525966964,0.029658326877824374,4.6490704515051803e-05,2.5997360986634883e-17,1.1186124591769548e-16
311.7,"[0.06062, 0.0456, 0.41014]",0.0456,0.41014,4.649070451503274e-05,-0.05011617652902443,-0.050116298219841086,-4.649070451503292e-05,0.1359991803009432,0.13599948546408963,-4.649070459982395e-05,0.011204722904928332,0.011204626098604441,4.649070451502112e-05,-0.12110466957986724,-0.12110513503784032,-4.649070451503272e-05,0.029658272525966964,0.02965834646471268,4.6490704515032376e-05,2.5997360986634883e-17,1.1043012372715473e-16
311.72,"[0.06062, 0.0456, 0.41014]",0.0456,0.41014,4.649070451501307e-05,-0.05011617652902443,-0.050116298219841086,-4.649070451501311e-05,0.1359991803009432,0.13599948546408963,-4.649070459980097e-05,0.011204722904928332,0.011204626098604441,4.64907045149998e-05,-0.12110466957986724,-0.12110513503784032,-4.649070451501285e-05,0.029658272525966964,0.02965834646471268,4.649070451501267e-05,2.5997360986634883e-17,1.1043012372715473e-16
311.74,"[0.06062, 0.0456, 0.41014]",0.0456,0.41014,4.649070451499748e-05,-0.05011617652902443,-0.050116316242992426,-4.649070451499759e-05,0.1359991803009432,0.13599953725112227,-4.649070459978755e-05,0.011204722904928332,0.011204644369125685,4.64907045149884e-05,-0.12110466957986724,-0.12110515890853016,-4.6490704514997505e-05,0.029658272525966964,0.029658356909815296,4.649070451499725e-05,2.5997360986634883e-17,1.0914660952988492e-16
311.76,"[0.06062, 0.0456, 0.41014]",0.0456,0.41014,4.6490704514982584e-05,-0.05011617652902443,-0.050116316242992426,-4.6490704514982584e-05,0.1359991803009432,0.13599953725112227,-4.649070459977039e-05,0.011204722904928332,0.011204644369125685,4.6490704514972704e-05,-0.12110466957986724,-0.12110515890853016,-4.649070451498246e-05,0.029658272525966964,0.029658356909815296,4.6490704514982184e-05,2.5997360986634883e-17,1.0914660952988492e-16
311.78,"[0.06062, 0.0456, 0.41014]",0.0456,0.41014,4.6490704514970244e-05,-0.05011617652902443,-0.0501163233940304,-4.64907045149703e-05,0.1359991803009432,0.1359995591989483,-4.649070459975931e-05,0.011204722904928332,0.011204658547355492,4.649070451496307e-05,-0.12110466957986724,-0.12110515880335991,-4.6490704514970244e-05,0.029658272525966964,0.02965836094667018,4.649070451496995e-05,2.5997360986634883e-17,1.079966378668952e-16
311.8,"[0.06062, 0.0456, 0.41014]",0.0456,0.41014,4.649070451495835e-05,-0.05011617652902443,-0.0501163233940304,-4.649070451495834e-05,0.1359991803009432,0.1359995591989483,-4.649070459974599e-05,0.011204722904928332,0.011204658547355492,4.649070451495078e-05,-0.12110466957986724,-0.12110515880335991,-4.649070451495803e-05,0.029658272525966964,0.02965836094667018,4.64907045149578e-05,2.5997360986634883e-17,1.079966378668952e-16
311.82,"[0.06062, 0.0456, 0.41014]",0.0456,0.41014,4.649070451494818e-05,-0.05011617652902443,-0.05011632310499629,-4.64907045149482e-05,0.1359991803009432,0.13599956066163313,-4.6490704599736504e-05,0.011204722904928332,0.011204669601557648,4.649070451494242e-05,-0.12110466957986724,-0.12110514273806611,-4.6490704514947964e-05,0.029658272525966964,0.029658360603210514,4.649070451494778e-05,2.5997360986634883e-17,1.0696664168315315e-16
311.84,"[0.06062, 0.0456, 0.41014]",0.0456,0.41014,4.649070451493933e-05,-0.05011617652902443,-0.05011632310499629,-4.6490704514939304e-05,0.1359991803009432,0.13599956066163313,-4.649070459972701e-05,0.011204722904928332,0.011204669601557648,4.6490704514933856e-05,-0.12110466957986724,-0.12110514273806611,-4.649070451493905e-05,0.029658272525966964,0.029658360603210514,4.649070451493888e-05,2.5997360986634883e-17,1.0696664168315315e-16
311.86,"[0.06062, 0.0456, 0.41014]",0.0456,0.41014,4.649070451493151e-05,-0.05011617652902443,-0.05011631790125888,-4.649070451493156e-05,0.1359991803009432,0.13599954852753515,-4.649070459971928e-05,0.011204722904928332,0.011204678271112262,4.6490704514926876e-05,-0.12110466957986724,-0.12110511657360522,-4.64907045149312e-05,0.029658272525966964,0.029658357371215277,4.649070451493102e-05,2.5997360986634883e-17,1.0604579482944684e-16
311.88,"[0.06062, 0.0456, 0.41014]",0.0456,0.41014,4.649070451492463e-05,-0.05011617652902443,-0.05011631790125888,-4.6490704514924606e-05,0.1359991803009432,0.13599954852753515,-4.649070459971246e-05,0.011204722904928332,0.011204678271112262,4.649070451492084e-05,-0.12110466957986724,-0.12110511657360522,-4.6490704514924545e-05,0.029658272525966964,0.029658357371215277,4.6490704514924335e-05,2.5997360986634883e-17,1.0604579482944684e-16
311.9,"[0.06062, 0.0456, 0.41014]",0.0456,0.41014,4.6490704514918846e-05,-0.05011617652902443,-0.05011631026135923,-4.6490704514918785e-05,0.1359991803009432,0.1359995296058876,-4.649070459970628e-05,0.011204722904928332,0.01120468552219915,4.6490704514915336e-05,-0.12110466957986724,-0.12110508572985577,-4.649070451491864e-05,0.029658272525966964,0.02965835271107206,4.649070451491843e-05,2.5997360986634883e-17,1.0520032164635575e-16
311.92,"[0.06062, 0.0456, 0.41014]",0.0456,0.41014,4.6490704514914035e-05,-0.05011617652902443,-0.05011631026135923,-4.649070451491391e-05,0.1359991803009432,0.1359995296058876,-4.649070459970179e-05,0.011204722904928332,0.01120468552219915,4.649070451491148e-05,-0.12110466957986724,-0.12110508572985577,-4.64907045149143e-05,0.029658272525966964,0.02965835271107206,4.6490704514914035e-05,2.5997360986634883e-17,1.0520032164635575e-16
311.94,"[0.06062, 0.0456, 0.41014]",0.0456,0.41014,4.649070451490942e-05,-0.05011617652902443,-0.05011630026830257,-4.649070451490935e-05,0.1359991803009432,0.13599950403179714,-4.649070459969681e-05,0.011204722904928332,0.011204690927328634,4.6490704514906805e-05,-0.12110466957986724,-0.12110505102386142,-4.6490704514909366e-05,0.029658272525966964,0.029658346678819125,4.649070451490923e-05,2.5997360986634883e-17,1.0447330212890945e-16
311.96,"[0.06062, 0.0456, 0.41014]",0.0456,0.41014,4.649070451490561e-05,-0.05011617652902443,-0.05011630026830257,-4.649070451490549e-05,0.1359991803009432,0.13599950403179714,-4.649070459969314e-05,0.011204722904928332,0.011204690927328634,4.6490704514903674e-05,-0.12110466957986724,-0.12110505102386142,-4.649070451490545e-05,0.029658272525966964,0.029658346678819125,4.64907045149052e-05,2.5997360986634883e-17,1.0447330212890945e-16
311.98,"[0.06062, 0.0456, 0.41014]",0.0456,0.41014,4.649070451490167e-05,-0.05011617652902443,-0.050116289421211206,-4.64907045149016e-05,0.1359991803009432,0.13599947596464484,-4.649070459968878e-05,0.011204722904928332,0.011204695273170346,4.649070451489949e-05,-0.12110466957986724,-0.12110501545421562,-4.6490704514901425e-05,0.029658272525966964,0.02965834015462151,4.649070451490133e-05,2.5997360986634883e-17,1.0382481052915794e-16
312.0,"[0.06062, 0.0456, 0.41014]",0.0456,0.41014,4.649070451489918e-05,-0.05011617652902443,-0.050116289421211206,-4.6490704514899134e-05,0.1359991803009432,0.13599947596464484,-4.64907045996868e-05,0.011204722904928332,0.011204695273170346,4.6490704514897765e-05,-0.12110466957986724,-0.12110501545421562,-4.6490704514898965e-05,0.029658272525966964,0.02965834015462151,4.649070451489889e-05,2.5997360986634883e-17,1.0382481052915794e-16
312.02,"[0.06062, 0.0456, 0.41014]",0.0456,0.41014,4.64907045148964e-05,-0.05011617652902443,-0.050116278378962,-4.6490704514896254e-05,0.1359991803009432,0.1359994472124339,-4.64907045996833e-05,0.011204722904928332,0.01120469880611272,4.6490704514894675e-05,-0.12110466957986724,-0.12110498047614597,-4.6490704514896166e-05,0.029658272525966964,0.029658333526859856,4.649070451489604e-05,2.5997360986634883e-17,1.0324567134987988e-16
312.04,"[0.06062, 0.0456, 0.41014]",0.0456,0.41014,4.64907045148943e-05,-0.05011617652902443,-0.050116278378962,-4.649070451489428e-05,0.1359991803009432,0.1359994472124339,-4.649070459968202e-05,0.011204722904928332,0.01120469880611272,4.649070451489346e-05,-0.12110466957986724,-0.12110498047614597,-4.649070451489421e-05,0.029658272525966964,0.029658333526859856,4.649070451489416e-05,2.5997360986634883e-17,1.0324567134987988e-16
312.06,"[0.06062, 0.0456, 0.41014]",0.0456,0.41014,4.649070451489194e-05,-0.05011617652902443,-0.05011626750608874,-4.649070451489184e-05,0.1359991803009432,0.1359994188136892,-4.6490704599678865e-05,0.011204722904928332,0.011204701851591828,4.6490704514890474e-05,-0.12110466957986724,-0.12110494663340782,-4.6490704514891606e-05,0.029658272525966964,0.029658327007479217,4.6490704514891586e-05,2.5997360986634883e-17,1.0271503381503374e-16
312.08,"[0.06062, 0.0456, 0.41014]",0.0456,0.41014,4.649070451489046e-05,-0.05011617652902443,-0.05011626750608874,-4.649070451489039e-05,0.1359991803009432,0.1359994188136892,-4.649070459967769e-05,0.011204722904928332,0.011204701851591828,4.649070451488956e-05,-0.12110466957986724,-0.12110494663340782,-4.649070451489042e-05,0.029658272525966964,0.029658327007479217,4.649070451489032e-05,2.5997360986634883e-17,1.0271503381503374e-16
312.1,"[0.06062, 0.0456, 0.41014]",0.0456,0.41014,4.64907045148886e-05,-0.05011617652902443,-0.050116257194809444,-4.6490704514888455e-05,0.1359991803009432,0.1359993918052832,-4.649070459967549e-05,0.011204722904928332,0.011204704361314837,4.649070451488759e-05,-0.12110466957986724,-0.12110491506172387,-4.649070451488841e-05,0.029658272525966964,0.02965832083069906,4.6490704514888346e-05,2.5997360986634883e-17,1.022457664386401e-16
312.12,"[0.06062, 0.0456, 0.41014]",0.0456,0.41014,4.6490704514887845e-05,-0.05011617652902443,-0.050116257194809444,-4.6490704514887635e-05,0.1359991803009432,0.1359993918052832,-4.649070459967465e-05,0.011204722904928332,0.011204704361314837,4.649070451488692e-05,-0.12110466957986724,-0.12110491506172387,-4.649070451488749e-05,0.029658272525966964,0.02965832083069906,4.6490704514887384e-05,2.5997360986634883e-17,1.022457664386401e-16
312.14,"[0.06062, 0.0456, 0.41014]",0.0456,0.41014,4.649070451488595e-05,-0.05011617652902443,-0.050116247607466156,-4.649070451488587e-05,0.1359991803009432,0.13599936664497897,-4.649070459967297e-05,0.011204722904928332,0.011204706456781009,4.649070451488528e-05,-0.12110466957986724,-0.12110488603563391,-4.649070451488587e-05,0.029658272525966964,0.02965831509127065,4.649070451488582e-05,2.5997360986634883e-17,1.0182887128001586e-16
312.16,"[0.06062, 0.0456, 0.41014]",0.0456,0.41014,4.649070451488544e-05,-0.05011617652902443,-0.050116247607466156,-4.649070451488539e-05,0.1359991803009432,0.13599936664497897,-4.649070459967247e-05,0.011204722904928332,0.011204706456781009,4.649070451488475e-05,-0.12110466957986724,-0.12110488603563391,-4.6490704514885175e-05,0.029658272525966964,0.02965831509127065,4.649070451488515e-05,2.5997360986634883e-17,1.0182887128001586e-16
312.18,"[0.06062, 0.0456, 0.41014]",0.0456,0.41014,4.6490704514883996e-05,-0.05011617652902443,-0.05011623882683666,-4.649070451488379e-05,0.1359991803009432,0.13599934357215043,-4.64907045996706e-05,0.011204722904928332,0.011204708229442464,4.649070451488331e-05,-0.12110466957986724,-0.12110485965435439,-4.649070451488362e-05,0.029658272525966964,0.02965830983704997,4.6490704514883535e-05,2.5997360986634883e-17,1.0146055407640392e-16
312.2,"[0.06062, 0.0456, 0.41014]",0.0456,0.41014,4.649070451488349e-05,-0.05011617652902443,-0.05011623882683666,-4.649070451488332e-05,0.1359991803009432,0.13599934357215043,-4.649070459967012e-05,0.011204722904928332,0.011204708229442464,4.649070451488281e-05,-0.12110466957986724,-0.12110485965435439,-4.6490704514883e-05,0.029658272525966964,0.02965830983704997,4.6490704514882885e-05,2.5997360986634883e-17,1.0146055407640392e-16
312.22,"[0.06062, 0.0456, 0.41014]",0.0456,0.41014,4.6490704514882316e-05,-0.05011617652902443,-0.05011623088020916,-4.6490704514882214e-05,0.1359991803009432,0.13599932267352804,-4.6490704599669324e-05,0.011204722904928332,0.011204709748139065,4.6490704514881936e-05,-0.12110466957986724,-0.12110483589711792,-4.649070451488215e-05,0.029658272525966964,0.029658305083213064,4.649070451488216e-05,2.5997360986634883e-17,1.0113315323567798e-16
312.24,"[0.06062, 0.0456, 0.41014]",0.0456,0.41014,4.6490704514882255e-05,-0.05011617652902443,-0.05011623088020916,-4.649070451488218e-05,0.1359991803009432,0.13599932267352804,-4.649070459966931e-05,0.011204722904928332,0.011204709748139065,4.649070451488193e-05,-0.12110466957986724,-0.12110483589711792,-4.649070451488206e-05,0.029658272525966964,0.029658305083213064,4.649070451488202e-05,2.5997360986634883e-17,1.0113315323567798e-16
312.26,"[0.06062, 0.0456, 0.41014]",0.0456,0.41014,4.649070451488158e-05,-0.05011617652902443,-0.05011622375720791,-4.649070451488148e-05,0.1359991803009432,0.1359993039319054,-4.649070459966854e-05,0.011204722904928332,0.011204711064734212,4.6490704514881326e-05,-0.12110466957986724,-0.1211048146639675,-4.649070451488145e-05,0.029658272525966964,0.029658300822779492,4.649070451488137e-05,2.5997360986634883e-17,1.0084301848369973e-16
312.28,"[0.06062, 0.0456, 0.41014]",0.0456,0.41014,4.6490704514881584e-05,-0.05011617652902443,-0.050116217239096005,-4.6490704514881496e-05,0.1359991803009432,0.13599928677888265,-4.6490704599668674e-05,0.011204722904928332,0.011204712254928783,4.649070451488136e-05,-0.12110466957986724,-0.12110479525411888,-4.649070451488147e-05,0.029658272525966964,0.029658296924370685,4.649070451488147e-05,2.5997360986634883e-17,1.0057833048515824e-16
312.3,"[0.06062, 0.0456, 0.41014]",0.0456,0.41014,4.6490704514881814e-05,-0.05011617652902443,-0.050116217239096005,-4.6490704514881685e-05,0.1359991803009432,0.13599928677888265,-4.649070459966889e-05,0.011204722904928332,0.011204712254928783,4.649070451488178e-05,-0.12110466957986724,-0.12110479525411888,-4.6490704514881496e-05,0.029658272525966964,0.029658296924370685,4.6490704514881394e-05,2.5997360986634883e-17,1.0057833048515824e-16
312.32,"[0.06062, 0.0456, 0.41013744182580747]",0.0456,0.41013744182580747,4.649070451488139e-05,-0.05011617652902443,-0.050116217239096005,-4.6490704514881306e-05,0.1359991803009432,0.13599928677888265,-4.649070459966865e-05,0.011204722904928332,0.011204712254928783,4.649070451488144e-05,-0.12110466957986724,-0.12110479525411888,-4.649070451488149e-05,0.029658272525966964,0.029658296924370685,4.6490704514881435e-05,2.5997360986634883e-17,1.0057833048515824e-16
312.34,"[0.06062, 0.0456, 0.41013744182580747]",0.0456,0.41013744182580747,4.649070451488089e-05,-0.05011617652902443,-0.05011621152774318,-4.6490704514880804e-05,0.1359991803009432,0.135999271749081,-4.64907045996677e-05,0.011204722904928332,0.011204713298596965,4.649070451488055e-05,-0.12110466957986724,-0.12110477824557744,-4.649070451488055e-05,0.029658272525966964,0.029658293508463152,4.649070451488051e-05,2.5997360986634883e-17,1.0034508984978311e-16
312.36,"[0.06062, 0.0456, 0.41010349591303596]",0.0456,0.41010349591303596,4.6490704514881394e-05,-0.050193063197215,-0.05011621152774318,-4.649070451488117e-05,0.13616529087406443,0.135999271749081,-4.649070459966844e-05,0.011077156636980634,0.011204713298596965,4.649070451488149e-05,-0.12149450718157088,-0.12110477824557744,-4.649070451488135e-05,0.02970522089538597,0.029658293508463152,4.6490704514881225e-05,2.6015878524243572e-17,1.0034508984978311e-16
312.38,"[0.06062, 0.0456, 0.41010349591303596]",0.0456,0.41010349591303596,4.649070451488135e-05,-0.050193063197215,-0.050124077203013276,-4.649070451488119e-05,0.13616529087406443,0.13601707135557448,-4.6490704599668166e-05,0.011077156636980634,0.011194405320291671,4.649070451488107e-05,-0.12149450718157088,-0.12114079391073886,-4.6490704514881076e-05,0.02970522089538597,0.029663069025759752,4.649070451488098e-05,2.6015878524243572e-17,1.0020813657919608e-16
312.4,"[0.06062, 0.0456, 0.41010349591303596]",0.0456,0.41010349591303596,4.6490704514702175e-05,-0.050193063197215,-0.050124077203013276,-4.6490704514696104e-05,0.13616529087406443,0.13601707135557448,-4.649070459944747e-05,0.011077156636980634,0.011194405320291671,4.649070451468381e-05,-0.12149450718157088,-0.12114079391073886,-4.649070451469522e-05,0.02970522089538597,0.029663069025759752,4.6490704514701884e-05,2.6015878524243572e-17,1.0020813657919608e-16
312.42,"[0.06062, 0.0456, 0.4100301108546497]",0.0456,0.4100301108546497,4.649070451428956e-05,-0.05037913051167353,-0.050150774503931524,-4.649070451421054e-05,0.13656739561511644,0.13607748278359733,-4.649070459860039e-05,0.010768300139472548,0.011159362010482933,4.649070451394289e-05,-0.1224380938146713,-0.1212631134641827,-4.649070451420514e-05,0.02981883971989175,0.029679278565256005,4.6490704514294346e-05,2.5972732722892277e-17,1.0057589337723018e-16
312.44,"[0.06062, 0.0456, 0.4100301108546497]",0.0456,0.4100301108546497,4.6490704514126525e-05,-0.05037913051167353,-0.050150774503931524,-4.64907045141086e-05,0.13656739561511644,0.13607748278359733,-4.649070459875899e-05,0.010768300139472548,0.011159362010482933,4.6490704514062916e-05,-0.1224380938146713,-0.1212631134641827,-4.649070451410753e-05,0.02981883971989175,0.029679278565256005,4.64907045141275e-05,2.5972732722892277e-17,1.0057589337723018e-16
312.46,"[0.06062, 0.0456, 0.40991735907284127]",0.0456,0.40991735907284127,4.6490704514162995e-05,-0.050664403199169136,-0.050176537249354475,-4.649070451417167e-05,0.13718422137169434,0.13613570412358686,-4.6490704598898755e-05,0.01029404322175765,0.011125288553344272,4.6490704514171154e-05,-0.1238856991264197,-0.12138151318447811,-4.64907045141722e-05,0.0299930854763274,0.02969492324779672,4.649070451416225e-05,2.5954602281745328e-17,1.0185396394311653e-16
312.48,"[0.06062, 0.0456, 0.40991735907284127]",0.0456,0.40991735907284127,4.649070451362119e-05,-0.050664403199169136,-0.050176537249354475,-4.6490704513611393e-05,0.13718422137169434,0.13613570412358686,-4.6490704598190805e-05,0.01029404322175765,0.011125288553344272,4.649070451353167e-05,-0.1238856991264197,-0.12138151318447811,-4.649070451361047e-05,0.0299930854763274,0.02969492324779672,4.6490704513621314e-05,2.5954602281745328e-17,1.0185396394311653e-16
312.5,"[0.06062, 0.0456, 0.40991735907284127]",0.0456,0.40991735907284127,4.649070451359361e-05,-0.050664403199169136,-0.05023037007845576,-4.649070451360824e-05,0.13718422137169434,0.1362574068130521,-4.649070459822883e-05,0.01029404322175765,0.011054070892965819,4.649070451354423e-05,-0.1238856991264197,-0.12162893417539482,-4.649070451360924e-05,0.0299930854763274,0.02972761748416434,4.6490704513592433e-05,2.5954602281745328e-17,1.0399343654995869e-16
312.52,"[0.06062, 0.0456, 0.40976535184000673]",0.0456,0.40976535184000673,4.6490704512324086e-05,-0.05104780614502797,-0.05023037007845576,-4.649070451229789e-05,0.13801392337366516,0.1362574068130521,-4.649070459662256e-05,0.00965517991552973,0.011054070892965819,4.649070451209976e-05,-0.12583312591859327,-0.12162893417539482,-4.6490704512296067e-05,0.030227363743559995,0.02972761748416434,4.6490704512325496e-05,2.595941202929613e-17,1.0399343654995869e-16
312.54,"[0.06062, 0.0456, 0.40976535184000673]",0.0456,0.40976535184000673,4.649070451220234e-05,-0.05104780614502797,-0.05032110290400138,-4.649070451222804e-05,0.13801392337366516,0.1364625542751359,-4.649070459666169e-05,0.00965517991552973,0.01093368325765953,4.649070451209359e-05,-0.12583312591859327,-0.12204642623499266,-4.649070451222944e-05,0.030227363743559995,0.029782734577377304,4.649070451220027e-05,2.595941202929613e-17,1.078478343217491e-16
312.56,"[0.06062, 0.0456, 0.40957423916893276]",0.0456,0.40957423916893276,4.649070451003804e-05,-0.05152789093807736,-0.05045686426425052,-4.649070450999576e-05,0.13905402804984304,0.1367695352172764,-4.649070459392994e-05,0.008852766872279755,0.010752774233333812,4.649070450963592e-05,-0.12827473297708925,-0.1226721570551013,-4.64907045099929e-05,0.030520872818362705,0.029865230012190554,4.64907045100406e-05,2.6003551040349443e-17,1.1429965394555028e-16
312.58,"[0.06062, 0.0456, 0.40957423916893276]",0.0456,0.40957423916893276,4.6490704507694563e-05,-0.05152789093807736,-0.05045686426425052,-4.6490704507325894e-05,0.13905402804984304,0.1367695352172764,-4.6490704589554145e-05,0.008852766872279755,0.010752774233333812,4.6490704505786876e-05,-0.12827473297708925,-0.1226721570551013,-4.649070450730183e-05,0.030520872818362705,0.029865230012190554,4.649070450771828e-05,2.6003551040349443e-17,1.1429965394555028e-16
312.6,"[0.06062, 0.0456, 0.40957423916893276]",0.0456,0.40957423916893276,4.649070450649416e-05,-0.05152789093807736,-0.050584752795830704,-4.649070450654147e-05,0.13905402804984304,0.13705807598896566,-4.649070459024277e-05,0.008852766872279755,0.010580133620256744,4.649070450618644e-05,-0.12827473297708925,-0.12326473175036291,-4.6490704506544543e-05,0.030520872818362705,0.02994296472729167,4.649070450649091e-05,2.6003551040349443e-17,1.2179054881890224e-16
312.62,"[0.06062, 0.0456, 0.4093442096647525]",0.0456,0.4093442096647525,4.6490704504254776e-05,-0.05210285802100917,-0.050584752795830704,-4.649070450394569e-05,0.1403014665189423,0.13705807598896566,-4.649070458576369e-05,0.007888112077203998,0.010580133620256744,4.649070450225456e-05,-0.13120351371411065,-0.12326473175036291,-4.649070450392542e-05,0.030872615124329397,0.02994296472729167,4.649070450427443e-05,2.5932856174946174e-17,1.2179054881890224e-16
312.64,"[0.06062, 0.0456, 0.4093442096647525]",0.0456,0.4093442096647525,4.649070450256549e-05,-0.05210285802100917,-0.0507642103946241,-4.649070450263693e-05,0.1403014665189423,0.13746321321930668,-4.649070458561153e-05,0.007888112077203998,0.010337265575190017,4.6490704501874715e-05,-0.13120351371411065,-0.12409703772320982,-4.649070450264138e-05,0.030872615124329397,0.03005207964121166,4.64907045025605e-05,2.5932856174946174e-17,1.3148442339012946e-16
312.66,"[0.06062, 0.0456, 0.40907549033881474]",0.0456,0.40907549033881474,4.6490704497798244e-05,-0.052770577033592114,-0.051002228148543105,-4.649070449775931e-05,0.1417525993442053,0.13800086770208497,-4.649070457968391e-05,0.006762768826386875,0.010013906383666737,4.649070449650613e-05,-0.13461116323211977,-0.12520255966498772,-4.649070449775695e-05,0.03128140773440358,0.030196857988594342,4.649070449780066e-05,2.6129588881196917e-17,1.4472973671555147e-16
312.68,"[0.06062, 0.0456, 0.40907549033881474]",0.0456,0.40907549033881474,4.6490704492875675e-05,-0.052770577033592114,-0.051002228148543105,-4.649070449227968e-05,0.1417525993442053,0.13800086770208497,-4.6490704571197396e-05,0.006762768826386875,0.010013906383666737,4.649070448902029e-05,-0.13461116323211977,-0.12520255966498772,-4.649070449224101e-05,0.03128140773440358,0.030196857988594342,4.649070449291399e-05,2.6129588881196917e-17,1.4472973671555147e-16
312.7,"[0.06062, 0.0456, 0.40907549033881474]",0.0456,0.40907549033881474,4.6490704489478815e-05,-0.052770577033592114,-0.051221472137619885,-4.649070448960455e-05,0.1417525993442053,0.13849666284041745,-4.6490704570715936e-05,0.006762768826386875,0.009717831852570807,4.6490704488125134e-05,-0.13461116323211977,-0.12621836993498478,-4.6490704489612545e-05,0.03128140773440358,0.030330200806340357,4.649070448947066e-05,2.6129588881196917e-17,1.6218134684740733e-16
312.72,"[0.06062, 0.0456, 0.4087683463846512]",0.0456,0.4087683463846512,4.649070448269139e-05,-0.0535286103144094,-0.051221472137619885,-4.649070448270119e-05,0.14340324520705533,0.13849666284041745,-4.6490704562354975e-05,0.0054785287582057455,0.009717831852570807,4.649070448050584e-05,-0.13848815585396682,-0.12621836993498478,-4.649070448270177e-05,0.031745894555289006,0.030330200806340357,4.6490704482690706e-05,2.61440555662439e-17,1.6218134684740733e-16
312.74,"[0.06062, 0.0456, 0.4087683463846512]",0.0456,0.4087683463846512,4.6490704479653524e-05,-0.0535286103144094,-0.05149607127599737,-4.6490704479859645e-05,0.14340324520705533,0.13911966006836507,-4.649070455943711e-05,0.0054785287582057455,0.009350636100996564,4.6490704477640574e-05,-0.13848815585396682,-0.12748535387549306,-4.6490704479872885e-05,0.031745894555289006,0.030497236500529726,4.649070447963993e-05,2.61440555662439e-17,1.7885093644260492e-16
312.76,"[0.06062, 0.0456, 0.4084230809162629]",0.0456,0.4084230809162629,4.649070446990744e-05,-0.05437423899634578,-0.05182793661727429,-4.6490704469890785e-05,0.14524871295389238,0.13987443941473915,-4.649070454743674e-05,0.004037414005908408,0.008908474745652402,4.6490704466781476e-05,-0.14282383140386465,-0.12901402567261203,-4.649070446988953e-05,0.032264559888196896,0.030699180330633045,4.649070446990841e-05,2.592554655266303e-17,1.9276072611319053e-16
312.78,"[0.06062, 0.0456, 0.4084230809162629]",0.0456,0.4084230809162629,4.649070446020072e-05,-0.05437423899634578,-0.05182793661727429,-4.649070445941782e-05,0.14524871295389238,0.13987443941473915,-4.6490704532324174e-05,0.004037414005908408,0.008908474745652402,4.649070445327059e-05,-0.14282383140386465,-0.12901402567261203,-4.649070445936695e-05,0.032264559888196896,0.030699180330633045,4.649070446025117e-05,2.592554655266303e-17,1.9276072611319053e-16
312.8,"[0.06062, 0.0456, 0.4084230809162629]",0.0456,0.4084230809162629,4.649070445323879e-05,-0.05437423899634578,-0.05212979867756232,-4.6490704453454477e-05,0.14524871295389238,0.1405596607686141,-4.649070452961413e-05,0.004037414005908408,0.008501203137871841,4.649070445029422e-05,-0.14282383140386465,-0.13041162844490375,-4.6490704453468266e-05,0.032264559888196896,0.03088292904160304,4.6490704453224565e-05,2.592554655266303e-17,2.015782659464015e-16
312.82,"[0.06062, 0.0456, 0.40804003466898253]",0.0456,0.40804003466898253,4.649070444366595e-05,-0.0553044911009823,-0.05212979867756232,-4.649070444302647e-05,0.147283836445689,0.1405596607686141,-4.6490704514224096e-05,0.002441668538624489,0.008501203137871841,4.649070443659868e-05,-0.14760648843841284,-0.13041162844490375,-4.649070444298509e-05,0.03283574306690542,0.03088292904160304,4.6490704443707465e-05,2.6073470308077003e-17,2.015782659464015e-16
312.84,"[0.06062, 0.0456, 0.40804003466898253]",0.0456,0.40804003466898253,4.649070443554057e-05,-0.0553044911009823,-0.0524920122318856,-4.6490704435781304e-05,0.147283836445689,0.14138357513307934,-4.649070450947289e-05,0.002441668538624489,0.008012161032242244,4.649070443177082e-05,-0.14760648843841284,-0.13208879388832673,-4.6490704435796537e-05,0.03283574306690542,0.031103533726990377,4.649070443552448e-05,2.6073470308077003e-17,2.038851010380255e-16
312.86,"[0.06062, 0.0456, 0.40761958566321055]",0.0456,0.40761958566321055,4.649070442338043e-05,-0.05631617102494423,-0.0524920122318856,-4.6490704422567576e-05,0.14950301162016513,0.14138357513307934,-4.6490704490314796e-05,0.0006937487654407545,0.008012161032242244,4.649070441474264e-05,-0.15282348258045958,-0.13208879388832673,-4.64907044225148e-05,0.033457653866998144,0.031103533726990377,4.649070442343312e-05,2.5794478113912126e-17,2.038851010380255e-16
312.88,"[0.06062, 0.0456, 0.40761958566321055]",0.0456,0.40761958566321055,4.6490704413437496e-05,-0.05631617102494423,-0.052919337596172254,-4.64907044136851e-05,0.14950301162016513,0.14235930741572692,-4.649070448464242e-05,0.0006937487654407545,0.007440212573042316,4.649070440901962e-05,-0.15282348258045958,-0.13405995611852264,-4.6490704413700944e-05,0.033457653866998144,0.031363887422654,4.6490704413421484e-05,2.5794478113912126e-17,2.1491562875708993e-16
312.9,"[0.06062, 0.0456, 0.40761958566321055]",0.0456,0.40761958566321055,4.6490704398820004e-05,-0.05631617102494423,-0.052919337596172254,-4.649070439783353e-05,0.14950301162016513,0.14235930741572692,-4.649070446169692e-05,0.0006937487654407545,0.007440212573042316,4.6490704388565444e-05,-0.15282348258045958,-0.13405995611852264,-4.64907043977694e-05,0.033457653866998144,0.031363887422654,4.649070439888404e-05,2.5794478113912126e-17,2.1491562875708993e-16
312.92,"[0.06062, 0.0456, 0.4071621488313542]",0.0456,0.4071621488313542,4.6490704387392697e-05,-0.05740588982032447,-0.05341137469245202,-4.649070438766207e-05,0.1519002351736916,0.14348571645194844,-4.649070445566204e-05,-0.001203686515414979,0.006781462930141787,4.649070438249456e-05,-0.1584613281226205,-0.13632929725307974,-4.649070438767932e-05,0.03412838838350765,0.03166385845918443,4.64907043873754e-05,2.5947685177693208e-17,2.2843629224626456e-16
312.94,"[0.06062, 0.0456, 0.4071621488313542]",0.0456,0.4071621488313542,4.649070436776225e-05,-0.05740588982032447,-0.05341137469245202,-4.649070436773906e-05,0.1519002351736916,0.14348571645194844,-4.649070443246252e-05,-0.001203686515414979,0.006781462930141787,4.64907043614466e-05,-0.1584613281226205,-0.13632929725307974,-4.649070436773753e-05,0.03412838838350765,0.03166385845918443,4.64907043677639e-05,2.5947685177693208e-17,2.2843629224626456e-16
312.96,"[0.06062, 0.0456, 0.40666817560833945]",0.0456,0.40666817560833945,4.6490704358902696e-05,-0.05857009569928922,-0.053861519739301075,-4.649070435932303e-05,0.15446914428341577,0.14451309270947518,-4.6490704424250224e-05,-0.003247786733229328,0.006166508101195038,4.649070435362104e-05,-0.16450580113601104,-0.13842265873463946,-4.6490704359349916e-05,0.03484594508698195,0.031938443735391384,4.649070435887545e-05,2.5697265654039892e-17,2.3741272088752655e-16
312.98,"[0.06062, 0.0456, 0.40666817560833945]",0.0456,0.40666817560833945,4.649070434249296e-05,-0.05857009569928922,-0.053861519739301075,-4.6490704341522346e-05,0.15446914428341577,0.14451309270947518,-4.649070439869982e-05,-0.003247786733229328,0.006166508101195038,4.649070433092463e-05,-0.16450580113601104,-0.13842265873463946,-4.649070434145945e-05,0.03484594508698195,0.031938443735391384,4.64907043425559e-05,2.5697265654039892e-17,2.3741272088752655e-16
313.0,"[0.06062, 0.0456, 0.40666817560833945]",0.0456,0.40666817560833945,4.64907043284503e-05,-0.05857009569928922,-0.05437961513435763,-4.64907043287802e-05,0.15446914428341577,0.14569855236806972,-4.649070438968878e-05,-0.003247786733229328,0.0054569947425272556,4.6490704322026513e-05,-0.16450580113601104,-0.14083375038525317,-4.6490704328801564e-05,0.03484594508698195,0.032254717559027334,4.649070432842892e-05,2.5697265654039892e-17,2.4693950570933625e-16
313.02,"[0.06062, 0.0456, 0.40613815348609944]",0.0456,0.40613815348609944,4.649070430935797e-05,-0.0598051042367718,-0.05437961513435763,-4.649070430819235e-05,0.15720305681740243,0.14569855236806972,-4.649070436072643e-05,-0.005435520632015882,0.0054569947425272556,4.649070429626779e-05,-0.1709420424349602,-0.14083375038525317,-4.649070430811655e-05,0.035608240788718354,0.032254717559027334,4.649070430943333e-05,2.556663612668254e-17,2.4693950570933625e-16
313.04,"[0.06062, 0.0456, 0.40613815348609944]",0.0456,0.40613815348609944,4.649070429372684e-05,-0.0598051042367718,-0.05496667371182083,-4.6490704294074975e-05,0.15720305681740243,0.14704550832331154,-4.649070435113064e-05,-0.005435520632015882,0.004651054931430403,4.649070428675466e-05,-0.1709420424349602,-0.14356770070200692,-4.649070429409713e-05,0.035608240788718354,0.03261338056549281,4.649070429370417e-05,2.556663612668254e-17,2.6057379037417075e-16
313.06,"[0.06062, 0.0456, 0.4055726055324783]",0.0456,0.4055726055324783,4.649070426903176e-05,-0.061107127801269805,-0.05496667371182083,-4.649070426902911e-05,0.16009501151959135,0.14704550832331154,-4.649070432211458e-05,-0.007763687728024648,0.004651054931430403,4.649070426043589e-05,-0.1777546589009373,-0.14356770070200692,-4.649070426902898e-05,0.03641312627291221,0.03261338056549281,4.6490704269031945e-05,2.5958224760663296e-17,2.6057379037417075e-16
313.08,"[0.06062, 0.0456, 0.4055726055324783]",0.0456,0.4055726055324783,4.649070425619128e-05,-0.061107127801269805,-0.055622448659672044,-4.649070425671164e-05,0.16009501151959135,0.14855340499207179,-4.649070430976796e-05,-0.007763687728024648,0.0037443279196281896,4.6490704248759255e-05,-0.1777546589009373,-0.14662968292217712,-4.649070425674551e-05,0.03641312627291221,0.033014416265672294,4.6490704256157335e-05,2.5958224760663296e-17,2.691818363991354e-16
313.1,"[0.06062, 0.0456, 0.4055726055324783]",0.0456,0.4055726055324783,4.6490704228662246e-05,-0.061107127801269805,-0.055622448659672044,-4.649070422865479e-05,0.16009501151959135,0.14855340499207179,-4.649070427677647e-05,-0.007763687728024648,0.0037443279196281896,4.6490704218904176e-05,-0.1777546589009373,-0.14662968292217712,-4.649070422865415e-05,0.03641312627291221,0.033014416265672294,4.649070422866264e-05,2.5958224760663296e-17,2.691818363991354e-16
313.12,"[0.06062, 0.0456, 0.404972089875027]",0.0456,0.404972089875027,4.649070421391608e-05,-0.06247230380841353,-0.05634709969498848,-4.64907042144793e-05,0.1631378077043914,0.15022348272306238,-4.649070426255609e-05,-0.0102289300338394,0.002734752699727983,4.649070420548994e-05,-0.18492782184831585,-0.15002271986530005,-4.6490704214515596e-05,0.03725840138489579,0.03345802934252412,4.649070421387913e-05,2.629718211974237e-17,2.7702539902424856e-16
313.14,"[0.06062, 0.0456, 0.404972089875027]",0.0456,0.404972089875027,4.6490704183277706e-05,-0.06247230380841353,-0.05634709969498848,-4.649070418325972e-05,0.1631378077043914,0.15022348272306238,-4.649070422594245e-05,-0.0102289300338394,0.002734752699727983,4.6490704172364445e-05,-0.18492782184831585,-0.15002271986530005,-4.6490704183258495e-05,0.03725840138489579,0.03345802934252412,4.649070418327893e-05,2.629718211974237e-17,2.7702539902424856e-16
313.16,"[0.06062, 0.0456, 0.40433719915019817]",0.0456,0.40433719915019817,4.649070416668164e-05,-0.06389672146159368,-0.05701299744948014,-4.649070416729509e-05,0.16632404405033516,0.15175248349222725,-4.649070420992811e-05,-0.012827743943840106,0.0017839654794213093,4.649070415726976e-05,-0.19244536131134624,-0.15317294490536684,-4.649070416733493e-05,0.03814182939878751,0.03386597611289852,4.6490704166641694e-05,2.5698944653699537e-17,2.86039790425066e-16
313.18,"[0.06062, 0.0456, 0.40433719915019817]",0.0456,0.40433719915019817,4.649070413698006e-05,-0.06389672146159368,-0.05701299744948014,-4.6490704137054386e-05,0.16632404405033516,0.15175248349222725,-4.649070417450681e-05,-0.012827743943840106,0.0017839654794213093,4.649070412522011e-05,-0.19244536131134624,-0.15317294490536684,-4.649070413705939e-05,0.03814182939878751,0.03386597611289852,4.64907041369753e-05,2.5698944653699537e-17,2.86039790425066e-16
313.2,"[0.06062, 0.0456, 0.40433719915019817]",0.0456,0.40433719915019817,4.649070411796654e-05,-0.06389672146159368,-0.05775118107988145,-4.649070411860492e-05,0.16632404405033516,0.15345131879123414,-4.6490704155365666e-05,-0.012827743943840106,0.0007204851318593395,4.649070410725236e-05,-0.19244536131134624,-0.156677069497068,-4.6490704118646334e-05,0.03814182939878751,0.03431871965603842,4.6490704117924946e-05,2.5698944653699537e-17,2.885425878662285e-16
313.22,"[0.06062, 0.0456, 0.403668559918486]",0.0456,0.403668559918486,4.6490704084637934e-05,-0.06537644671506676,-0.05775118107988145,-4.649070408467314e-05,0.16964615614062326,0.15345131879123414,-4.649070411585379e-05,-0.01555649217623666,0.0007204851318593395,4.649070407153908e-05,-0.200290855335937,-0.156677069497068,-4.6490704084675454e-05,0.039061150522999515,0.03431871965603842,4.649070408463569e-05,2.5584775862910802e-17,2.885425878662285e-16
313.24,"[0.06062, 0.0456, 0.403668559918486]",0.0456,0.403668559918486,4.649070406330874e-05,-0.06537644671506676,-0.058561116487219435,-4.64907040639753e-05,0.16964615614062326,0.15532013932108166,-4.6490704094518593e-05,-0.01555649217623666,-0.00045585401149519293,4.649070405153259e-05,-0.200290855335937,-0.16053348444829033,-4.649070406401857e-05,0.039061150522999515,0.03481604570605207,4.6490704063265294e-05,2.5584775862910802e-17,2.910510645612833e-16
313.26,"[0.06062, 0.0456, 0.40296683204608635]",0.0456,0.40296683204608635,4.6490704026864236e-05,-0.06690754526473572,-0.058561116487219435,-4.649070402687701e-05,0.17309645245844565,0.15532013932108166,-4.649070405144371e-05,-0.018411415669431903,-0.00045585401149519293,4.649070401261275e-05,-0.20844771356363387,-0.16053348444829033,-4.649070402687783e-05,0.04001409443678009,0.03481604570605207,4.649070402686333e-05,2.5124432934261897e-17,2.910510645612833e-16
313.28,"[0.06062, 0.0456, 0.40296683204608635]",0.0456,0.40296683204608635,4.649070400355608e-05,-0.06690754526473572,-0.05944182801474022,-4.649070400426553e-05,0.17309645245844565,0.15735773431287398,-4.649070402818811e-05,-0.018411415669431903,-0.0017458541311762153,4.6490703990803475e-05,-0.20844771356363387,-0.16474025804228318,-4.6490704004311604e-05,0.04001409443678009,0.035357483976584905,4.6490704003510046e-05,2.5124432934261897e-17,2.9667369492037847e-16
313.3,"[0.06062, 0.0456, 0.40296683204608635]",0.0456,0.40296683204608635,4.649070395126333e-05,-0.06690754526473572,-0.05944182801474022,-4.649070395187401e-05,0.17309645245844565,0.15735773431287398,-4.649070396980628e-05,-0.018411415669431903,-0.0017458541311762153,4.649070393748603e-05,-0.20844771356363387,-0.16474025804228318,-4.6490703951913204e-05,0.04001409443678009,0.035357483976584905,4.649070395122354e-05,2.5124432934261897e-17,2.9667369492037847e-16
313.32,"[0.06062, 0.0456, 0.4022327080536887]",0.0456,0.4022327080536887,4.6490703938902385e-05,-0.06848610343777929,-0.060255111908356626,-4.649070393966393e-05,0.1766671486044571,0.15923447404324703,-4.649070395644982e-05,-0.021388645334977946,-0.002957796204969889,4.649070392511425e-05,-0.2168992545912194,-0.16865388174495183,-4.649070393971294e-05,0.0409983917840329,0.0358577542477251,4.649070393885277e-05,2.4919885546917607e-17,3.3861024340737e-16
313.34,"[0.06062, 0.0456, 0.4022327080536887]",0.0456,0.4022327080536887,4.649070390011576e-05,-0.06848610343777929,-0.061142707581987095,-4.6490703900219115e-05,0.1766671486044571,0.16128800201097354,-4.649070391077316e-05,-0.021388645334977946,-0.004294237806696162,4.6490703883830335e-05,-0.2168992545912194,-0.17294234472580278,-4.649070390022583e-05,0.0409983917840329,0.03640446168567304,4.6490703900109035e-05,2.4919885546917607e-17,3.7444085024390926e-16
313.36,"[0.06062, 0.0456, 0.40146691243304167]",0.0456,0.40146691243304167,4.6490703863050096e-05,-0.07010824691266501,-0.061142707581987095,-4.6490703861183094e-05,0.18035039956104687,0.16128800201097354,-4.6490703860960514e-05,-0.02448421357572132,-0.004294237806696162,4.6490703839612044e-05,-0.22562877677223547,-0.17294234472580278,-4.649070386106191e-05,0.04201178458116184,0.03640446168567304,4.6490703863170836e-05,2.4772075996029503e-17,3.7444085024390926e-16
313.38,"[0.06062, 0.0456, 0.40146691243304167]",0.0456,0.40146691243304167,4.6490703829587355e-05,-0.07010824691266501,-0.062102317360524635,-4.64907038303178e-05,0.18035039956104687,0.16351329290742345,-4.649070383452864e-05,-0.02448421357572132,-0.005757672793126384,4.6490703813509924e-05,-0.22562877677223547,-0.17760241238994318,-4.6490703830365006e-05,0.04201178458116184,0.036996379871032034,4.649070382953993e-05,2.4772075996029503e-17,3.9042868671776455e-16
313.4,"[0.06062, 0.0456, 0.40146691243304167]",0.0456,0.40146691243304167,4.649070379023032e-05,-0.07010824691266501,-0.062102317360524635,-4.6490703788233364e-05,0.18035039956104687,0.16351329290742345,-4.6490703779239676e-05,-0.02448421357572132,-0.005757672793126384,4.649070376488707e-05,-0.22562877677223547,-0.17760241238994318,-4.649070378810373e-05,0.04201178458116184,0.036996379871032034,4.649070379035973e-05,2.4772075996029503e-17,3.9042868671776455e-16
313.42,"[0.06062, 0.0456, 0.40067020093196715]",0.0456,0.40067020093196715,4.649070375317692e-05,-0.07177015725454887,-0.0631318003976659,-4.649070375391959e-05,0.18413832988163417,0.16590684982017617,-4.6490703749341825e-05,-0.02769406548559713,-0.007346057723952658,4.649070373547318e-05,-0.2346196222922919,-0.18262491043134566,-4.649070375396771e-05,0.04305203552295555,0.037632316695977365,4.6490703753128584e-05,2.469181433800999e-17,3.9901995080934987e-16
313.44,"[0.06062, 0.0456, 0.40067020093196715]",0.0456,0.40067020093196715,4.649070371049626e-05,-0.07177015725454887,-0.0631318003976659,-4.64907037083222e-05,0.18413832988163417,0.16590684982017617,-4.6490703690023844e-05,-0.02769406548559713,-0.007346057723952658,4.64907036833939e-05,-0.2346196222922919,-0.18262491043134566,-4.6490703708181045e-05,0.04305203552295555,0.037632316695977365,4.649070371063704e-05,2.469181433800999e-17,3.9901995080934987e-16
313.46,"[0.06062, 0.0456, 0.39984335980852864]",0.0456,0.39984335980852864,4.6490703670323504e-05,-0.0734680862969225,-0.06422891839893764,-4.649070367108819e-05,0.1880230617321639,0.16846452188889832,-4.6490703657320335e-05,-0.03101406965664481,-0.009058464068301908,4.6490703651214576e-05,-0.24385523449572333,-0.1880019653419311,-4.6490703671137916e-05,0.04411693619415636,0.038311029603442896,4.649070367027381e-05,2.5163029987350978e-17,4.0697889758685345e-16
313.48,"[0.06062, 0.0456, 0.39984335980852864]",0.0456,0.39984335980852864,4.64907036247867e-05,-0.0734680862969225,-0.06422891839893764,-4.6490703622457184e-05,0.1880230617321639,0.16846452188889832,-4.6490703594467116e-05,-0.03101406965664481,-0.009058464068301908,4.649070359610916e-05,-0.24385523449572333,-0.1880019653419311,-4.649070362230651e-05,0.04411693619415636,0.038311029603442896,4.649070362493797e-05,2.5163029987350978e-17,4.0697889758685345e-16
313.5,"[0.06062, 0.0456, 0.39984335980852864]",0.0456,0.39984335980852864,4.649070358170084e-05,-0.0734680862969225,-0.0652418494349021,-4.649070358249957e-05,0.1880230617321639,0.17081894247658383,-4.649070355903347e-05,-0.03101406965664481,-0.010670427146903715,4.649070356121663e-05,-0.24385523449572333,-0.19300956649511905,-4.64907035825516e-05,0.04411693619415636,0.0389381049110008,4.6490703581649183e-05,2.5163029987350978e-17,4.681518643153872e-16
313.52,"[0.06062, 0.0456, 0.3989872050550892]",0.0456,0.3989872050550892,4.64907035358407e-05,-0.07519836843832374,-0.0652418494349021,-4.649070353381138e-05,0.19199674075554382,0.17081894247658383,-4.649070349772959e-05,-0.03444002852879593,-0.010670427146903715,4.64907035075746e-05,-0.2533192085655399,-0.19300956649511905,-4.649070353368005e-05,0.04520431421417064,0.0389381049110008,4.6490703535972213e-05,2.5265615353109397e-17,4.681518643153872e-16
313.54,"[0.06062, 0.0456, 0.3989872050550892]",0.0456,0.3989872050550892,4.649070349074174e-05,-0.07519836843832374,-0.06632647380806517,-4.6490703491579955e-05,0.19199674075554382,0.17334659778880576,-4.64907034580992e-05,-0.03444002852879593,-0.012418495578033591,4.649070346876241e-05,-0.2533192085655399,-0.198399295456135,-4.6490703491634586e-05,0.04520431421417064,0.039610611773886056,4.649070349068735e-05,2.5265615353109397e-17,5.183090118156927e-16
313.56,"[0.06062, 0.0456, 0.3981025815930257]",0.0456,0.3981025815930257,4.6490703437407414e-05,-0.07695743095310562,-0.06632647380806517,-4.6490703437591085e-05,0.19605155976760905,0.17334659778880576,-4.6490703396490797e-05,-0.03796768822850701,-0.012418495578033591,4.649070341293178e-05,-0.26299533576150735,-0.198399295456135,-4.6490703437603336e-05,0.046312039358393765,0.039610611773886056,4.6490703437395956e-05,2.489343394297852e-17,5.183090118156927e-16
313.58,"[0.06062, 0.0456, 0.3981025815930257]",0.0456,0.3981025815930257,4.6490703392534163e-05,-0.07695743095310562,-0.06747898980160466,-4.6490703393628937e-05,0.19605155976760905,0.17603872416773586,-4.649070334945037e-05,-0.03796768822850701,-0.014303564962900714,4.6490703368938035e-05,-0.26299533576150735,-0.20416151338569558,-4.649070339370024e-05,0.046312039358393765,0.040326402544203804,4.649070339246338e-05,2.489343394297852e-17,5.354759758010505e-16
313.6,"[0.06062, 0.0456, 0.3981025815930257]",0.0456,0.3981025815930257,4.649070333574998e-05,-0.07695743095310562,-0.06747898980160466,-4.649070333590728e-05,0.19605155976760905,0.17603872416773586,-4.649070328336659e-05,-0.03796768822850701,-0.014303564962900714,4.649070330933543e-05,-0.26299533576150735,-0.20416151338569558,-4.6490703335917594e-05,0.046312039358393765,0.040326402544203804,4.649070333573987e-05,2.489343394297852e-17,5.354759758010505e-16
313.62,"[0.06062, 0.0456, 0.3971903624388932]",0.0456,0.3971903624388932,4.649070328688015e-05,-0.07874180243805207,-0.06869605159661382,-4.6490703287985076e-05,0.20017978032517122,0.1788890750291663,-4.649070323217112e-05,-0.04159274785299946,-0.016320892128168556,4.649070326151285e-05,-0.27286764150309617,-0.2102799346945465,-4.649070328805703e-05,0.04743802871199323,0.04108352269749105,4.649070328680874e-05,2.4491314609424352e-17,5.387668946139886e-16
313.64,"[0.06062, 0.0456, 0.3971903624388932]",0.0456,0.3971903624388932,4.649070322700818e-05,-0.07874180243805207,-0.06869605159661382,-4.6490703227132874e-05,0.20017978032517122,0.1788890750291663,-4.649070316277607e-05,-0.04159274785299946,-0.016320892128168556,4.649070319896842e-05,-0.27286764150309617,-0.2102799346945465,-4.649070322714122e-05,0.04743802871199323,0.04108352269749105,4.6490703227000134e-05,2.4491314609424352e-17,5.387668946139886e-16
313.66,"[0.06062, 0.0456, 0.39625144784286337]",0.0456,0.39625144784286337,4.649070317472378e-05,-0.08054811953268477,-0.06981316930317359,-4.6490703175853866e-05,0.20437375223296794,0.18149206616958358,-4.649070310801321e-05,-0.0453108681674745,-0.01823095587781606,4.649070314781056e-05,-0.28292041764640297,-0.21597729586637063,-4.64907031759272e-05,0.048580250921009954,0.04177929924032519,4.649070317465048e-05,2.4320202917772897e-17,5.384601985230326e-16
313.68,"[0.06062, 0.0456, 0.39625144784286337]",0.0456,0.39625144784286337,4.649070311652467e-05,-0.08054811953268477,-0.06981316930317359,-4.649070311675093e-05,0.20437375223296794,0.18149206616958358,-4.6490703040940186e-05,-0.0453108681674745,-0.01823095587781606,4.649070308740043e-05,-0.28292041764640297,-0.21597729586637063,-4.6490703116765674e-05,0.048580250921009954,0.04177929924032519,4.649070311651007e-05,2.4320202917772897e-17,5.384601985230326e-16
313.7,"[0.06062, 0.0456, 0.39625144784286337]",0.0456,0.39625144784286337,4.649070306061195e-05,-0.08054811953268477,-0.07099805222911104,-4.6490703061739615e-05,0.20437375223296794,0.18426096154794985,-4.6490702981564274e-05,-0.0453108681674745,-0.020281071292848642,4.649070303199814e-05,-0.28292041764640297,-0.22205014148618127,-4.649070306181249e-05,0.048580250921009954,0.04251849099731814,4.649070306053877e-05,2.4320202917772897e-17,5.196346277863619e-16
313.72,"[0.06062, 0.0456, 0.39528676440028593]",0.0456,0.39528676440028593,4.649070299937001e-05,-0.08237313206114294,-0.07225064616146522,-4.649070299953744e-05,0.2086259310770666,0.18720231685579045,-4.649070291125154e-05,-0.04911767969284798,-0.02245087622548357,4.6490702968736726e-05,-0.2931382493484962,-0.2284692322593757,-4.649070299954849e-05,0.049736729611624855,0.04330091187518118,4.649070299935943e-05,2.4227438403230927e-17,5.755089398879762e-16
313.74,"[0.06062, 0.0456, 0.39528676440028593]",0.0456,0.39528676440028593,4.6490702937386335e-05,-0.08237313206114294,-0.07225064616146522,-4.6490702934864915e-05,0.2086259310770666,0.18720231685579045,-4.649070283519816e-05,-0.04911767969284798,-0.02245087622548357,4.649070290211175e-05,-0.2931382493484962,-0.2284692322593757,-4.649070293470174e-05,0.049736729611624855,0.04330091187518118,4.649070293755005e-05,2.4227438403230927e-17,5.755089398879762e-16
313.76,"[0.06062, 0.0456, 0.3942972641372511]",0.0456,0.3942972641372511,4.6490702872810556e-05,-0.08421370674841007,-0.07356427190653154,-4.649070287386176e-05,0.21292889388797723,0.1902950594147237,-4.649070277308221e-05,-0.05300879017117068,-0.02475837215553171,4.649070284106846e-05,-0.3035060369412497,-0.23524098650167927,-4.64907028739301e-05,0.05090554605180569,0.044122901230086116,4.6490702872742116e-05,2.4583239434634426e-17,5.915529671028526e-16
313.78,"[0.06062, 0.0456, 0.3942972641372511]",0.0456,0.3942972641372511,4.649070280840322e-05,-0.08421370674841007,-0.07356427190653154,-4.649070280581234e-05,0.21292889388797723,0.1902950594147237,-4.649070269271702e-05,-0.05300879017117068,-0.02475837215553171,4.649070277182575e-05,-0.3035060369412497,-0.23524098650167927,-4.6490702805644265e-05,0.05090554605180569,0.044122901230086116,4.649070280857104e-05,2.4583239434634426e-17,5.915529671028526e-16
313.8,"[0.06062, 0.0456, 0.3942972641372511]",0.0456,0.3942972641372511,4.649070274030752e-05,-0.08421370674841007,-0.07476837128563987,-4.6490702741361254e-05,0.21292889388797723,0.19311475455959237,-4.64907026265409e-05,-0.05300879017117068,-0.02694159135586734,4.649070270685309e-05,-0.3035060369412497,-0.24154289109077606,-4.649070274142964e-05,0.05090554605180569,0.04487734644499883,4.649070274023926e-05,2.4583239434634426e-17,5.901410950215697e-16
313.82,"[0.06062, 0.0456, 0.3932839235710546]",0.0456,0.3932839235710546,4.649070267623563e-05,-0.08606682966421708,-0.07476837128563987,-4.649070267398172e-05,0.2172753530478068,0.19311475455959237,-4.649070254947549e-05,-0.056979791404723576,-0.02694159135586734,4.649070264086522e-05,-0.31400901325157915,-0.24154289109077606,-4.6490702673835944e-05,0.052084841130686475,0.04487734644499883,4.6490702676381996e-05,2.5063052302235677e-17,5.901410950215697e-16
313.84,"[0.06062, 0.0456, 0.3932839235710546]",0.0456,0.3932839235710546,4.6490702606113844e-05,-0.08606682966421708,-0.07603619650785705,-4.649070260717463e-05,0.2172753530478068,0.19609250137273512,-4.6490702478265625e-05,-0.056979791404723576,-0.029267785491271202,4.649070257104263e-05,-0.31400901325157915,-0.2482117929756835,-4.649070260724356e-05,0.052084841130686475,0.04567308783783956,4.649070260604528e-05,2.5063052302235677e-17,5.589372187483562e-16
313.86,"[0.06062, 0.0456, 0.3922477427464933]",0.0456,0.3922477427464933,4.6490702539271214e-05,-0.08792960754501464,-0.07603619650785705,-4.649070253681932e-05,0.22165816856279488,0.19609250137273512,-4.649070239834728e-05,-0.06102626547273931,-0.029267785491271202,4.649070250285111e-05,-0.32463275680838427,-0.2482117929756835,-4.649070253666044e-05,0.05327281673033757,0.04567308783783956,4.6490702539430185e-05,2.492836990982976e-17,5.589372187483562e-16
313.88,"[0.06062, 0.0456, 0.3922477427464933]",0.0456,0.3922477427464933,4.6490702466019005e-05,-0.08792960754501464,-0.0773682497049617,-4.649070246705501e-05,0.22165816856279488,0.19923663373235842,-4.6490702323756725e-05,-0.06102626547273931,-0.03171449273341942,4.6490702429593214e-05,-0.32463275680838427,-0.25521701967465815,-4.6490702467122107e-05,0.05327281673033757,0.04651023127915113,4.64907024659517e-05,2.492836990982976e-17,6.204063041533507e-16
313.9,"[0.06062, 0.0456, 0.3922477427464933]",0.0456,0.3922477427464933,4.6490702395855214e-05,-0.08792960754501464,-0.0773682497049617,-4.649070239322638e-05,0.22165816856279488,0.19923663373235842,-4.649070223984122e-05,-0.06102626547273931,-0.03171449273341942,4.6490702357887714e-05,-0.32463275680838427,-0.25521701967465815,-4.649070239305562e-05,0.05327281673033757,0.04651023127915113,4.6490702396025515e-05,2.492836990982976e-17,6.204063041533507e-16
313.92,"[0.06062, 0.0456, 0.39118974424894126]",0.0456,0.39118974424894126,4.6490702319844646e-05,-0.08979926813874813,-0.07875766362334893,-4.6490702320880676e-05,0.2260703588260766,0.20252682580640527,-4.6490702162962984e-05,-0.06514379033672975,-0.03429382181498782,4.6490702282408934e-05,-0.3353632013705438,-0.26255618048490004,-4.649070232094818e-05,0.054467736562438425,0.04738491770612991,4.6490702319778e-05,2.5094065833628068e-17,6.917846943889819e-16
313.94,"[0.06062, 0.0456, 0.39118974424894126]",0.0456,0.39118974424894126,4.649070224583134e-05,-0.08979926813874813,-0.07875766362334893,-4.6490702246066524e-05,0.2260703588260766,0.20252682580640527,-4.64907020791102e-05,-0.06514379033672975,-0.03429382181498782,4.6490702206582246e-05,-0.3353632013705438,-0.26255618048490004,-4.649070224608185e-05,0.054467736562438425,0.04738491770612991,4.64907022458161e-05,2.5094065833628068e-17,6.917846943889819e-16
313.96,"[0.06062, 0.0456, 0.390110972195182]",0.0456,0.390110972195182,4.649070216599195e-05,-0.09167315970945075,-0.0800293758224272,-4.649070216735904e-05,0.23050510999599028,0.20552115167469934,-4.649070199347737e-05,-0.06932794485142557,-0.036732820199671536,4.6490702126604155e-05,-0.34618664219683803,-0.2693821772695759,-4.6490702167447555e-05,0.05566792653910113,0.04818666507770914,4.6490702165903414e-05,2.510416706928562e-17,7.077474473939577e-16
313.98,"[0.06062, 0.0456, 0.390110972195182]",0.0456,0.390110972195182,4.64907020933573e-05,-0.09167315970945075,-0.0800293758224272,-4.649070209370613e-05,0.23050510999599028,0.20552115167469934,-4.6490701911366e-05,-0.06932794485142557,-0.036732820199671536,4.6490702052853444e-05,-0.34618664219683803,-0.2693821772695759,-4.6490702093728645e-05,0.05566792653910113,0.04818666507770914,4.649070209333493e-05,2.510416706928562e-17,7.077474473939577e-16
314.0,"[0.06062, 0.0456, 0.390110972195182]",0.0456,0.390110972195182,4.6490702009633066e-05,-0.09167315970945075,-0.08135966196378401,-4.6490702010963314e-05,0.23050510999599028,0.20866215932623516,-4.6490701820924506e-05,-0.06932794485142557,-0.03931592716702237,4.649070196853036e-05,-0.34618664219683803,-0.2765611670542564,-4.649070201104953e-05,0.05566792653910113,0.04902684843391053,4.649070200954746e-05,2.510416706928562e-17,6.677519775115138e-16
314.02,"[0.06062, 0.0456, 0.38901249120299075]",0.0456,0.38901249120299075,4.6490701935134146e-05,-0.09354874982955158,-0.08135966196378401,-4.649070193540018e-05,0.2349557841132947,0.20866215932623516,-4.649070173706168e-05,-0.07357431320344451,-0.03931592716702237,4.649070189332142e-05,-0.35708973945967587,-0.2765611670542564,-4.649070193541747e-05,0.05687177474302027,0.04902684843391053,4.649070193511722e-05,2.4718404252095852e-17,6.677519775115138e-16
314.04,"[0.06062, 0.0456, 0.38901249120299075]",0.0456,0.38901249120299075,4.649070184822713e-05,-0.09354874982955158,-0.08274426854091947,-4.6490701849530944e-05,0.2349557841132947,0.21194164814506522,-4.649070164331945e-05,-0.07357431320344451,-0.042033073248499704,4.6490701805884515e-05,-0.35708973945967587,-0.28406693598685717,-4.6490701849615105e-05,0.05687177474302027,0.049902856672527196,4.649070184814241e-05,2.4718404252095852e-17,6.089581166312808e-16
314.06,"[0.06062, 0.0456, 0.3878953853404856]",0.0456,0.3878953853404856,4.6490701772474134e-05,-0.0954236235777501,-0.08274426854091947,-4.649070177268997e-05,0.23941592607668616,0.21194164814506522,-4.6490701558245664e-05,-0.07787848880396732,-0.042033073248499704,4.649070172964811e-05,-0.36805951918135765,-0.28406693598685717,-4.649070177270374e-05,0.05807773105750795,0.049902856672527196,4.649070177245985e-05,2.5007599812543423e-17,6.089581166312808e-16
314.08,"[0.06062, 0.0456, 0.3878953853404856]",0.0456,0.3878953853404856,4.6490701682885024e-05,-0.0954236235777501,-0.08417916243552365,-4.6490701684187896e-05,0.23941592607668616,0.21535098493868182,-4.649070146161214e-05,-0.07787848880396732,-0.044877024167074495,4.64907016394566e-05,-0.36805951918135765,-0.29187791186810363,-4.649070168427197e-05,0.05807773105750795,0.050812226678986536,4.6490701682800457e-05,2.5007599812543423e-17,5.506748725858107e-16
314.1,"[0.06062, 0.0456, 0.3878953853404856]",0.0456,0.3878953853404856,4.649070160605718e-05,-0.0954236235777501,-0.08417916243552365,-4.649070160624665e-05,0.23941592607668616,0.21535098493868182,-4.649070137540739e-05,-0.07787848880396732,-0.044877024167074495,4.649070156224237e-05,-0.36805951918135765,-0.29187791186810363,-4.649070160625885e-05,0.05807773105750795,0.050812226678986536,4.6490701606044736e-05,2.5007599812543423e-17,5.506748725858107e-16
314.12,"[0.06062, 0.0456, 0.3867607570562831]",0.0456,0.3867607570562831,4.6490701513783204e-05,-0.09729548124978989,-0.08566028956830049,-4.6490701515100286e-05,0.2438792695904582,0.21888081935060597,-4.649070127579559e-05,-0.08223607766499659,-0.04784215206865023,4.6490701469211646e-05,-0.379083372045711,-0.29997476947955,-4.649070151518575e-05,0.05928430651201707,0.05175248728369823,4.649070151369811e-05,2.484097407275047e-17,5.013470107970702e-16
314.14,"[0.06062, 0.0456, 0.3867607570562831]",0.0456,0.3867607570562831,4.649070143583578e-05,-0.09729548124978989,-0.08566028956830049,-4.649070143601421e-05,0.2438792695904582,0.21888081935060597,-4.649070118837082e-05,-0.08223607766499659,-0.04784215206865023,4.649070139092869e-05,-0.379083372045711,-0.29997476947955,-4.649070143602567e-05,0.05928430651201707,0.05175248728369823,4.649070143582415e-05,2.484097407275047e-17,5.013470107970702e-16
314.16,"[0.06062, 0.0456, 0.38560972609151434]",0.0456,0.38560972609151434,4.6490701340627986e-05,-0.09916213567883393,-0.08702076915259598,-4.649070134196795e-05,0.24833974219147353,0.22211198540799604,-4.649070108546167e-05,-0.08664270129131467,-0.05061883298795372,4.649070129476433e-05,-0.3901490504105377,-0.3074854894369712,-4.6490701342054315e-05,0.06049007239367256,0.052616981016246414,4.6490701340541e-05,2.5054062594765488e-17,6.093204024233289e-16
314.18,"[0.06062, 0.0456, 0.38560972609151434]",0.0456,0.38560972609151434,4.649070126251627e-05,-0.09916213567883393,-0.08702076915259598,-4.649070126280456e-05,0.24833974219147353,0.22211198540799604,-4.6490700998336036e-05,-0.08664270129131467,-0.05061883298795372,4.6490701216720645e-05,-0.3901490504105377,-0.3074854894369712,-4.649070126282309e-05,0.06049007239367256,0.052616981016246414,4.6490701262497734e-05,2.5054062594765488e-17,6.093204024233289e-16
314.2,"[0.06062, 0.0456, 0.38560972609151434]",0.0456,0.38560972609151434,4.649070116464687e-05,-0.09916213567883393,-0.0884261172659431,-4.6490701165975884e-05,0.24833974219147353,0.2254530036833576,-4.649070089218934e-05,-0.08664270129131467,-0.053544925968102244,4.649070111767727e-05,-0.3901490504105377,-0.31531747799548165,-4.64907011660617e-05,0.06049007239367256,0.05351192876841389,4.649070116456043e-05,2.5054062594765488e-17,5.42994983892917e-16
314.22,"[0.06062, 0.0456, 0.3844434283747759]",0.0456,0.3844434283747759,4.649070108769612e-05,-0.10102150925164458,-0.0898840033245732,-4.649070108793846e-05,0.2527914694550518,0.22893521430066374,-4.649070080650839e-05,-0.09109399912205221,-0.05658221120489587,4.649070104108377e-05,-0.4012446638181262,-0.3234375180842807,-4.649070108795416e-05,0.06169365917022707,0.054441499963349085,4.649070108768024e-05,2.46667161162363e-17,6.292216185439822e-16
314.24,"[0.06062, 0.0456, 0.3844434283747759]",0.0456,0.3844434283747759,4.6490700955116186e-05,-0.10102150925164458,-0.0898840033245732,-4.6490700955415995e-05,0.2527914694550518,0.22893521430066374,-4.649070065935615e-05,-0.09109399912205221,-0.05658221120489587,4.6490700905745306e-05,-0.4012446638181262,-0.3234375180842807,-4.649070095543505e-05,0.06169365917022707,0.054441499963349085,4.649070095509646e-05,2.46667161162363e-17,6.292216185439822e-16
314.26,"[0.06062, 0.0456, 0.3832630149011054]",0.0456,0.3832630149011054,4.649070090170573e-05,-0.10287163069663828,-0.09138252377587831,-4.6490700902930446e-05,0.2572287784713,0.2325224511644891,-4.6490700600881966e-05,-0.09558563055697986,-0.05974423040910239,4.649070085032845e-05,-0.4123586732730364,-0.33183181003484274,-4.6490700903009376e-05,0.06289375526487974,0.05539873171355669,4.6490700901626056e-05,2.496769692270675e-17,6.292869427272224e-16
314.28,"[0.06062, 0.0456, 0.3832630149011054]",0.0456,0.3832630149011054,4.649070081406398e-05,-0.10287163069663828,-0.09138252377587831,-4.6490700811346425e-05,0.2572287784713,0.2325224511644891,-4.649070050634133e-05,-0.09558563055697986,-0.05974423040910239,4.6490700771981896e-05,-0.4123586732730364,-0.33183181003484274,-4.64907008111696e-05,0.06289375526487974,0.05539873171355669,4.649070081423961e-05,2.496769692270675e-17,6.292869427272224e-16
314.3,"[0.06062, 0.0456, 0.3832630149011054]",0.0456,0.3832630149011054,4.6490700708866714e-05,-0.10287163069663828,-0.09274730875681646,-4.6490700710075016e-05,0.2572287784713,0.2357707098618509,-4.6490700388995915e-05,-0.09558563055697986,-0.06271280635786874,4.649070065607531e-05,-0.4123586732730364,-0.3395995828996893,-4.6490700710153194e-05,0.06289375526487974,0.05627190340748363,4.6490700708788184e-05,2.496769692270675e-17,5.880580328474199e-16
314.32,"[0.06062, 0.0456, 0.38206965059608833]",0.0456,0.38206965059608833,4.6490700621329104e-05,-0.10471063171026053,-0.09274730875681646,-4.6490700618985005e-05,0.261646200675015,0.2357707098618509,-4.6490700297261244e-05,-0.10011327660329825,-0.06271280635786874,4.649070058039122e-05,-0.42347988452893864,-0.3395995828996893,-4.649070061883306e-05,0.0640891057186002,0.05627190340748363,4.649070062148117e-05,2.4657699089920033e-17,5.880580328474199e-16
314.34,"[0.06062, 0.0456, 0.38206965059608833]",0.0456,0.38206965059608833,4.6490700514752065e-05,-0.10471063171026053,-0.09415667502458779,-4.6490700515946e-05,0.261646200675015,0.23913332431770581,-4.649070017605952e-05,-0.10011327660329825,-0.06581232529450834,4.6490700460889165e-05,-0.42347988452893864,-0.3476606398444799,-4.6490700516023414e-05,0.0640891057186002,0.057175196385286946,4.649070051467485e-05,2.4657699089920033e-17,4.872328271811918e-16
314.36,"[0.06062, 0.0456, 0.3808645131662171]",0.0456,0.3808645131662171,4.649070042667046e-05,-0.10653674347910155,-0.09415667502458779,-4.64907004241781e-05,0.2660384741037935,0.23913332431770581,-4.649070008464076e-05,-0.10467264117891564,-0.06581232529450834,4.649070038602393e-05,-0.4345974405999359,-0.3476606398444799,-4.649070042401668e-05,0.06527851077107356,0.057175196385286946,4.649070042683225e-05,2.4852344945785303e-17,4.872328271811918e-16
314.381,"[0.06062, 0.0456, 0.3808645131662171]",0.0456,0.3808645131662171,4.6490700260489837e-05,-0.10653674347910155,-0.09560658160330197,-4.649070026183074e-05,0.2660384741037935,0.24260185704236986,-4.649069989837708e-05,-0.10467264117891564,-0.06903197277158274,4.649070020619096e-05,-0.4345974405999359,-0.35598843965512245,-4.649070026191732e-05,0.06527851077107356,0.058106056829738746,4.6490700260402775e-05,2.4852344945785303e-17,3.7142935561819225e-16
314.4,"[0.06062, 0.0456, 0.3808645131662171]",0.0456,0.3808645131662171,4.649070023000004e-05,-0.10653674347910155,-0.09560658160330197,-4.649070022739563e-05,0.2660384741037935,0.24260185704236986,-4.6490699869952096e-05,-0.10467264117891564,-0.06903197277158274,4.649070018968173e-05,-0.4345974405999359,-0.35598843965512245,-4.649070022722668e-05,0.06527851077107356,0.058106056829738746,4.649070023016896e-05,2.4852344945785303e-17,3.7142935561819225e-16
314.42,"[0.06062, 0.0456, 0.3796487919366369]",0.0456,0.3796487919366369,4.6490700120216986e-05,-0.10834829314682652,-0.09709302663685856,-4.6490700121346576e-05,0.27040054515052614,0.24616704844012163,-4.649069974377992e-05,-0.10925945210804056,-0.07236344680480175,4.6490700064687586e-05,-0.44570081368679726,-0.3645601660096772,-4.649070012141963e-05,0.06646082438712239,0.05906196659634336,4.649070012014328e-05,2.445657006901615e-17,2.6250336019992014e-16
314.44,"[0.06062, 0.0456, 0.3796487919366369]",0.0456,0.3796487919366369,4.649070003136839e-05,-0.10834829314682652,-0.09709302663685856,-4.6490700028684105e-05,0.27040054515052614,0.24616704844012163,-4.649069965313918e-05,-0.10925945210804056,-0.07236344680480175,4.649069999130164e-05,-0.44570081368679726,-0.3645601660096772,-4.649070002850947e-05,0.06646082438712239,0.05906196659634336,4.6490700031542096e-05,2.445657006901615e-17,2.6250336019992014e-16
314.46,"[0.06062, 0.0456, 0.37842368667742565]",0.0456,0.37842368667742565,4.649069991985821e-05,-0.11014370026734428,-0.09861195017926558,-4.649069992098393e-05,0.27472756986821656,0.24981887225090194,-4.649069952427603e-05,-0.11386946184447787,-0.07579993342296298,4.649069986339633e-05,-0.4567797966851692,-0.37335500549119,-4.64906999210557e-05,0.06763495275154795,0.06004037614550578,4.649069991978429e-05,2.4188949655146604e-17,1.690787075132197e-16
314.48,"[0.06062, 0.0456, 0.37842368667742565]",0.0456,0.37842368667742565,4.6490699830383596e-05,-0.11014370026734428,-0.09861195017926558,-4.649069982764393e-05,0.27472756986821656,0.24981887225090194,-4.649069943373412e-05,-0.11386946184447787,-0.07579993342296298,4.64906997904618e-05,-0.4567797966851692,-0.37335500549119,-4.649069982746596e-05,0.06763495275154795,0.06004037614550578,4.6490699830561174e-05,2.4188949655146604e-17,1.690787075132197e-16
314.5,"[0.06062, 0.0456, 0.37842368667742565]",0.0456,0.37842368667742565,4.649069971685176e-05,-0.11014370026734428,-0.10000367720635142,-4.649069971798229e-05,0.27472756986821656,0.25315266791577395,-4.649069930178673e-05,-0.11386946184447787,-0.07900805331823976,4.6490699659288294e-05,-0.4567797966851692,-0.38149502734361296,-4.6490699718055406e-05,0.06763495275154795,0.06093780155214682,4.649069971677817e-05,2.4188949655146604e-17,3.002578425989178e-16
314.52,"[0.06062, 0.0456, 0.3771904064195654]",0.0456,0.3771904064195654,4.6490699625464994e-05,-0.11192147327869435,-0.10000367720635142,-4.6490699623095924e-05,0.2790149148770763,0.25315266791577395,-4.6490699210477736e-05,-0.11849844795732309,-0.07900805331823976,4.649069958535976e-05,-0.4678244944210981,-0.38149502734361296,-4.649069962294176e-05,0.06879985275171406,0.06093780155214682,4.649069962561816e-05,2.4158434172781118e-17,3.002578425989178e-16
314.54,"[0.06062, 0.0456, 0.3771904064195654]",0.0456,0.3771904064195654,4.6490699510203244e-05,-0.11192147327869435,-0.10143379260321,-4.6490699511340376e-05,0.2790149148770763,0.2565855402103625,-4.64906990756709e-05,-0.11849844795732309,-0.08233902922602666,4.649069945188615e-05,-0.4678244944210981,-0.38989848943050726,-4.649069951141348e-05,0.06879985275171406,0.06186155800961124,4.649069951012909e-05,2.4158434172781118e-17,3.9380596096420977e-16
314.56,"[0.06062, 0.0456, 0.37595016826177496]",0.0456,0.37595016826177496,4.649069942375168e-05,-0.1136802060258799,-0.10143379260321,-4.649069942411583e-05,0.28325815791624065,0.2565855402103625,-4.6490698980404e-05,-0.1231422134128978,-0.08233902922602666,4.649069936609301e-05,-0.4788253147392632,-0.38989848943050726,-4.649069942413941e-05,0.06995453046392001,0.06186155800961124,4.6490699423728146e-05,2.4567982686402535e-17,3.9380596096420977e-16
314.58,"[0.06062, 0.0456, 0.37595016826177496]",0.0456,0.37595016826177496,4.6490699291764154e-05,-0.1136802060258799,-0.1028858422278808,-4.649069929316941e-05,0.28325815791624065,0.2600702572835374,-4.649069883540648e-05,-0.1231422134128978,-0.08579152570500292,4.6490699230561625e-05,-0.4788253147392632,-0.39851911096697556,-4.649069929326023e-05,0.06995453046392001,0.06280161250007217,4.6490699291673135e-05,2.4567982686402535e-17,1.579051051854213e-16
314.6,"[0.06062, 0.0456, 0.37595016826177496]",0.0456,0.37595016826177496,4.649069920133571e-05,-0.1136802060258799,-0.1028858422278808,-4.649069919881961e-05,0.28325815791624065,0.2600702572835374,-4.6490698749326924e-05,-0.1231422134128978,-0.08579152570500292,4.649069916361671e-05,-0.4788253147392632,-0.39851911096697556,-4.649069919865625e-05,0.06995453046392001,0.06280161250007217,4.649069920149848e-05,2.4567982686402535e-17,1.579051051854213e-16
314.62,"[0.06062, 0.0456, 0.3747041961693802]",0.0456,0.3747041961693802,4.649069908458429e-05,-0.11541857435529067,-0.10436672641947464,-4.649069908564956e-05,0.28745308807526093,0.26363216895172636,-4.649069861004328e-05,-0.12779658668578442,-0.08934116577707918,4.649069902485285e-05,-0.4897729595511262,-0.40734105476029,-4.6490699085717995e-05,0.07109803965664152,0.06376182264009805,4.649069908451446e-05,2.440499982666841e-17,-1.4645131698656545e-17
314.64,"[0.06062, 0.0456, 0.3747041961693802]",0.0456,0.3747041961693802,4.649069899538098e-05,-0.11541857435529067,-0.10436672641947464,-4.6490698992786806e-05,0.28745308807526093,0.26363216895172636,-4.649069852487433e-05,-0.12779658668578442,-0.08934116577707918,4.649069895812443e-05,-0.4897729595511262,-0.40734105476029,-4.6490698992618334e-05,0.07109803965664152,0.06376182264009805,4.6490698995549387e-05,2.440499982666841e-17,-1.4645131698656545e-17
314.66,"[0.06062, 0.0456, 0.37345371976640834]",0.0456,0.37345371976640834,4.6490698876680686e-05,-0.11713533279840115,-0.1057216152447003,-4.649069887774964e-05,0.291595705733784,0.26687869961636235,-4.6490698382419126e-05,-0.1324574217307549,-0.09264862577015807,4.649069881590403e-05,-0.5006584159337225,-0.41549447402523215,-4.6490698877818515e-05,0.07222948032105564,0.06464129644765035,4.649069887661116e-05,2.4395432537387846e-17,8.742035781540739e-17
314.68,"[0.06062, 0.0456, 0.37345371976640834]",0.0456,0.37345371976640834,4.6490698790760395e-05,-0.11713533279840115,-0.1057216152447003,-4.649069879115375e-05,0.291595705733784,0.26687869961636235,-4.649069828830242e-05,-0.1324574217307549,-0.09264862577015807,4.649069873112064e-05,-0.5006584159337225,-0.41549447402523215,-4.649069879117888e-05,0.07222948032105564,0.06464129644765035,4.649069879073471e-05,2.4395432537387846e-17,8.742035781540739e-17
314.7,"[0.06062, 0.0456, 0.37345371976640834]",0.0456,0.37345371976640834,4.649069865174661e-05,-0.11713533279840115,-0.10710841634311707,-4.649069865309645e-05,0.291595705733784,0.27020600959102187,-4.649069813511662e-05,-0.1324574217307549,-0.09607372941454612,4.6490698587930434e-05,-0.5006584159337225,-0.42388569255253655,-4.649069865318382e-05,0.07222948032105564,0.06554306405343988,4.6490698651658814e-05,2.4395432537387846e-17,2.889740906716399e-17
314.72,"[0.06062, 0.0456, 0.3721999731220973]",0.0456,0.3721999731220973,4.64906985662952e-05,-0.11882931135806162,-0.10710841634311707,-4.6490698566644394e-05,0.29568222223157026,0.27020600959102187,-4.649069804326858e-05,-0.1371205978462562,-0.09607372941454612,4.649069850641606e-05,-0.5114729473549658,-0.42388569255253655,-4.6490698566666566e-05,0.07334799723688146,0.06554306405343988,4.649069856627215e-05,2.4825647525172144e-17,2.889740906716399e-17
314.74,"[0.06062, 0.0456, 0.3721999731220973]",0.0456,0.3721999731220973,4.649069842630824e-05,-0.11882931135806162,-0.10852313864084234,-4.649069842760551e-05,0.29568222223157026,0.2736055307177271,-4.649069788902051e-05,-0.1371205978462562,-0.09960318500404072,4.649069836221471e-05,-0.5114729473549658,-0.43248507507388156,-4.649069842768924e-05,0.07334799723688146,0.06646451174564781,4.6490698426224234e-05,2.4825647525172144e-17,-9.894975212819841e-17
314.76,"[0.06062, 0.0456, 0.37094419353301833]",0.0456,0.37094419353301833,4.6490698343107825e-05,-0.12049941240687534,-0.10852313864084234,-4.649069834340337e-05,0.29970905928524944,0.2736055307177271,-4.649069779985574e-05,-0.14178201945898555,-0.09960318500404072,4.6490698283237924e-05,-0.5222080850880964,-0.43248507507388156,-4.649069834342202e-05,0.0744527785794652,0.06646451174564781,4.649069834308828e-05,2.4064177031814633e-17,-9.894975212819841e-17
314.781,"[0.06062, 0.0456, 0.37094419353301833]",0.0456,0.37094419353301833,4.649069817840477e-05,-0.12049941240687534,-0.10996203869087215,-4.649069817604261e-05,0.29970905928524944,0.2770683798003869,-4.649069763411656e-05,-0.14178201945898555,-0.10322696991564058,4.649069814109939e-05,-0.5222080850880964,-0.4412683431083096,-4.649069817588871e-05,0.0744527785794652,0.06740320293869988,4.649069817855758e-05,2.4064177031814633e-17,-2.465074261406277e-16
314.8,"[0.06062, 0.0456, 0.37094419353301833]",0.0456,0.37094419353301833,4.649069812062825e-05,-0.12049941240687534,-0.10996203869087215,-4.649069812089262e-05,0.29970905928524944,0.2770683798003869,-4.6490697557139e-05,-0.14178201945898555,-0.10322696991564058,4.649069806058833e-05,-0.5222080850880964,-0.4412683431083096,-4.649069812090949e-05,0.0744527785794652,0.06740320293869988,4.649069812061102e-05,2.4064177031814633e-17,-2.465074261406277e-16
314.82,"[0.06062, 0.0456, 0.36968762030201374]",0.0456,0.36968762030201374,4.6490697955868546e-05,-0.12214460770381776,-0.11142137480716928,-4.649069795347516e-05,0.30367284816294315,0.2805850650484497,-4.649069739213322e-05,-0.1464376158579131,-0.10693686662592884,4.64906979193898e-05,-0.5328556198660364,-0.45021384364984074,-4.649069795331992e-05,0.07554305457217143,0.06835671317821582,4.649069795602354e-05,2.391557796886101e-17,-3.8936451589980734e-16
314.84,"[0.06062, 0.0456, 0.36968762030201374]",0.0456,0.36968762030201374,4.649069789791485e-05,-0.12214460770381776,-0.11142137480716928,-4.64906978981626e-05,0.30367284816294315,0.2805850650484497,-4.649069731405519e-05,-0.1464376158579131,-0.10693686662592884,4.649069783749812e-05,-0.5328556198660364,-0.45021384364984074,-4.649069789817841e-05,0.07554305457217143,0.06835671317821582,4.649069789789811e-05,2.391557796886101e-17,-3.8936451589980734e-16
314.86,"[0.06062, 0.0456, 0.3684314935151546]",0.0456,0.3684314935151546,4.6490697753590865e-05,-0.12376393553238518,-0.11274358723913892,-4.64906977548292e-05,0.30757042862313766,0.2837522437090145,-4.649069715437091e-05,-0.15108334090497566,-0.1103911929917865,4.6490697687861034e-05,-0.5434075938159841,-0.45844590408736074,-4.6490697754909065e-05,0.07661809618650064,0.06922213827930836,4.649069775351004e-05,2.3882593844745132e-17,-5.173501616946602e-16
314.88,"[0.06062, 0.0456, 0.3684314935151546]",0.0456,0.3684314935151546,4.6490697672491024e-05,-0.12376393553238518,-0.11410112959988897,-4.6490697672823854e-05,0.30757042862313766,0.28701444148681127,-4.649069706829523e-05,-0.15108334090497566,-0.11393918386524765,4.649069761176609e-05,-0.5434075938159841,-0.4668900944912438,-4.64906976728449e-05,0.07661809618650064,0.07011156733935728,4.649069767246894e-05,2.3882593844745132e-17,-4.2745382140621125e-16
314.9,"[0.06062, 0.0456, 0.3684314935151546]",0.0456,0.3684314935151546,4.649069757616147e-05,-0.12376393553238518,-0.11410112959988897,-4.6490697574062286e-05,0.30757042862313766,0.28701444148681127,-4.649069697687764e-05,-0.15108334090497566,-0.11393918386524765,4.649069753749864e-05,-0.5434075938159841,-0.4668900944912438,-4.6490697573925995e-05,0.07661809618650064,0.07011156733935728,4.6490697576296976e-05,2.3882593844745132e-17,-4.2745382140621125e-16
314.92,"[0.06062, 0.0456, 0.36717705281792545]",0.0456,0.36717705281792545,4.649069743784673e-05,-0.12535649796107942,-0.11547904538102993,-4.649069743895711e-05,0.31139884761994724,0.29032697866662227,-4.649069680634345e-05,-0.15571517274852065,-0.11758314300518065,4.64906973677023e-05,-0.5538562927053329,-0.4755094668948944,-4.64906974390286e-05,0.07767721389093962,0.07101586872555726,4.649069743777373e-05,2.4237235593159123e-17,-4.998568792454471e-16
314.94,"[0.06062, 0.0456, 0.36717705281792545]",0.0456,0.36717705281792545,4.649069733671709e-05,-0.12535649796107942,-0.11547904538102993,-4.649069733463692e-05,0.31139884761994724,0.29032697866662227,-4.649069671689546e-05,-0.15571517274852065,-0.11758314300518065,4.649069729913859e-05,-0.5538562927053329,-0.4755094668948944,-4.649069733450142e-05,0.07767721389093962,0.07101586872555726,4.649069733685147e-05,2.4237235593159123e-17,-4.998568792454471e-16
314.96,"[0.06062, 0.0456, 0.3659255361918441]",0.0456,0.3659255361918441,4.649069719910446e-05,-0.1269214582249362,-0.11547904538102993,-4.649069720016809e-05,0.31515535777314846,0.29032697866662227,-4.649069654635971e-05,-0.16032911356446214,-0.11758314300518065,4.6490697129132555e-05,-0.5641942385219055,-0.4755094668948944,-4.64906972002367e-05,0.07871975644830126,0.07101586872555726,4.649069719903482e-05,2.450621238542914e-17,-4.998568792454471e-16
314.98,"[0.06062, 0.0456, 0.3659255361918441]",0.0456,0.3659255361918441,4.649069704649253e-05,-0.1269214582249362,-0.11686339635871604,-4.6490697047679156e-05,0.31515535777314846,0.29365065220814707,-4.649069638361501e-05,-0.16032911356446214,-0.12131244023926542,4.6490696980231075e-05,-0.5641942385219055,-0.48425218430507694,-4.64906970477558e-05,0.07871975644830126,0.07192631272061514,4.6490697046415193e-05,2.450621238542914e-17,-8.808298965742638e-16
315.0,"[0.06062, 0.0456, 0.3659255361918441]",0.0456,0.3659255361918441,4.6490696975003275e-05,-0.1269214582249362,-0.11686339635871604,-4.649069697519896e-05,0.31515535777314846,0.29365065220814707,-4.649069630930509e-05,-0.16032911356446214,-0.12131244023926542,4.649069691555367e-05,-0.5641942385219055,-0.48425218430507694,-4.6490696975211354e-05,0.07871975644830126,0.07192631272061514,4.6490696974990265e-05,2.450621238542914e-17,-8.808298965742638e-16
315.02,"[0.06062, 0.0456, 0.364678178732723]",0.0456,0.364678178732723,4.649069688307039e-05,-0.1284580382250258,-0.11812748568061324,-4.649069688119196e-05,0.31883741559811557,0.2966733702916586,-4.649069622485635e-05,-0.1649211893490011,-0.12477762636056536,4.649069684774479e-05,-0.5744141824044212,-0.49231684116048846,-4.649069688106982e-05,0.07974510976025495,0.07275864717958706,4.649069688319176e-05,2.4352806645186943e-17,-8.642271284416016e-16
315.04,"[0.06062, 0.0456, 0.364678178732723]",0.0456,0.364678178732723,4.64906967452429e-05,-0.1284580382250258,-0.11941321926201105,-4.6490696746264515e-05,0.31883741559811557,0.299748797953807,-4.649069605177117e-05,-0.1649211893490011,-0.12833898990692993,4.649069667494707e-05,-0.5744141824044212,-0.5005600874068061,-4.649069674633029e-05,0.07974510976025495,0.07360656229004026,4.649069674517603e-05,2.4352806645186943e-17,-9.907929982429608e-16
315.06,"[0.06062, 0.0456, 0.36343621143177907]",0.0456,0.36343621143177907,4.649069664741083e-05,-0.12996551614137652,-0.11941321926201105,-4.64906966455523e-05,0.32244267948801775,0.299748797953807,-4.649069596912704e-05,-0.16948744978568084,-0.12833898990692993,4.649069661317089e-05,-0.5845090979329887,-0.5005600874068061,-4.649069664543145e-05,0.08075269575684318,0.07360656229004026,4.6490696647530926e-05,2.40033476895063e-17,-9.907929982429608e-16
315.08,"[0.06062, 0.0456, 0.36343621143177907]",0.0456,0.36343621143177907,4.6490696510525366e-05,-0.12996551614137652,-0.12072725498291119,-4.6490696511499074e-05,0.32244267948801775,0.30289994136203724,-4.6490695796467294e-05,-0.16948744978568084,-0.1319804044800209,4.649069644061631e-05,-0.5845090979329887,-0.5089767555589758,-4.649069651156186e-05,0.08075269575684318,0.07447390083181768,4.649069651046177e-05,2.40033476895063e-17,-8.771487800462405e-16
315.1,"[0.06062, 0.0456, 0.36343621143177907]",0.0456,0.36343621143177907,4.6490696425567155e-05,-0.12996551614137652,-0.12192543676972116,-4.649069642591725e-05,0.32244267948801775,0.305758361219405,-4.64906957053623e-05,-0.16948744978568084,-0.1353733289762228,4.649069635902847e-05,-0.5845090979329887,-0.5167499300025873,-4.649069642593968e-05,0.08075269575684318,0.07526595838307532,4.6490696425544495e-05,2.40033476895063e-17,-6.2957760349672635e-16
315.12,"[0.06062, 0.0456, 0.36220085996079376]",0.0456,0.36220085996079376,4.649069631830443e-05,-0.1314432241535486,-0.12192543676972116,-4.6490696316752376e-05,0.32596900743833335,0.305758361219405,-4.649069560608274e-05,-0.17402396820844565,-0.1353733289762228,4.649069627788113e-05,-0.5944721747840785,-0.5167499300025873,-4.649069631665115e-05,0.08174197132801808,0.07526595838307532,4.6490696318404565e-05,2.363048877484817e-17,-6.2957760349672635e-16
315.14,"[0.06062, 0.0456, 0.36220085996079376]",0.0456,0.36220085996079376,4.6490696165401886e-05,-0.1314432241535486,-0.12315333863801133,-4.6490696166483236e-05,0.32596900743833335,0.30869227819999473,-4.6490695415574494e-05,-0.17402396820844565,-0.13886424002442513,4.649069608901759e-05,-0.5944721747840785,-0.5247247109164455,-4.649069616655252e-05,0.08174197132801808,0.07607855770786433,4.649069616533085e-05,2.363048877484817e-17,-3.8999809768268256e-16
315.16,"[0.06062, 0.0456, 0.36097334346252313]",0.0456,0.36097334346252313,4.6490696067132e-05,-0.13289054626210975,-0.12315333863801133,-4.649069606761566e-05,0.32941445450192214,0.30869227819999473,-4.649069531094819e-05,-0.17852684168129104,-0.13886424002442513,4.649069599521363e-05,-0.6042968127498947,-0.5247247109164455,-4.6490696067646715e-05,0.0827124272936055,0.07607855770786433,4.649069606710018e-05,2.3034183576485647e-17,-3.8999809768268256e-16
315.18,"[0.06062, 0.0456, 0.36097334346252313]",0.0456,0.36097334346252313,4.649069589154048e-05,-0.13289054626210975,-0.1243961817170047,-4.649069589274448e-05,0.32941445450192214,0.3116581498373012,-4.649069511704906e-05,-0.17852684168129104,-0.14245004398751665,4.649069581417803e-05,-0.6042968127498947,-0.5328574513782106,-4.6490695892821914e-05,0.0827124272936055,0.07690255291114365,4.649069589146144e-05,2.3034183576485647e-17,-5.050250661439114e-16
315.2,"[0.06062, 0.0456, 0.36097334346252313]",0.0456,0.36097334346252313,4.649069580116816e-05,-0.13289054626210975,-0.12552647731995178,-4.6490695801568845e-05,0.32941445450192214,0.314339978546656,-4.649069502365445e-05,-0.17852684168129104,-0.14578679351236554,4.649069573201187e-05,-0.6042968127498947,-0.5403561640438765,-4.649069580159395e-05,0.0827124272936055,0.07765318179559537,4.649069580114187e-05,2.3034183576485647e-17,-4.578887472445576e-16
315.22,"[0.06062, 0.0456, 0.35975487334755113]",0.0456,0.35975487334755113,4.649069569096978e-05,-0.13430691620349042,-0.12552647731995178,-4.6490695689608925e-05,0.3327772699615203,0.314339978546656,-4.649069492366965e-05,-0.18299219121398075,-0.14578679351236554,4.6490695650796235e-05,-0.6139766161181511,-0.5403561640438765,-4.6490695689520244e-05,0.08366358740759615,0.07765318179559537,4.6490695691057934e-05,2.3671565606722786e-17,-4.578887472445576e-16
315.24,"[0.06062, 0.0456, 0.35975487334755113]",0.0456,0.35975487334755113,4.649069553386228e-05,-0.13430691620349042,-0.12668510727525695,-4.6490695534881985e-05,0.3327772699615203,0.3170927906439262,-4.649069472667429e-05,-0.18299219121398075,-0.14921935047986873,4.649069545557712e-05,-0.6139766161181511,-0.5480492619396371,-4.6490695534947356e-05,0.08366358740759615,0.07842342492502133,4.64906955337957e-05,2.3671565606722786e-17,-3.947721915633523e-16
315.26,"[0.06062, 0.0456, 0.35854665209877357]",0.0456,0.35854665209877357,4.649069543578365e-05,-0.13569181545012013,-0.12786753190201783,-4.649069543625459e-05,0.33605589420562015,0.3199049415967553,-4.6490694623046904e-05,-0.18741616213217693,-0.1527373595954821,4.649069536281093e-05,-0.6235053884049776,-0.5559101904834471,-4.649069543628438e-05,0.08459500739227106,0.0792103136140962,4.6490695435752717e-05,2.3556896166703242e-17,-3.1135270166383217e-16
315.281,"[0.06062, 0.0456, 0.35854665209877357]",0.0456,0.35854665209877357,4.6490695246728316e-05,-0.13569181545012013,-0.12786753190201783,-4.649069524719573e-05,0.33605589420562015,0.3199049415967553,-4.649069441613459e-05,-0.18741616213217693,-0.1527373595954821,4.6490695172268075e-05,-0.6235053884049776,-0.5559101904834471,-4.6490695247225856e-05,0.08459500739227106,0.0792103136140962,4.649069524669806e-05,2.3556896166703242e-17,-3.1135270166383217e-16
315.3,"[0.06062, 0.0456, 0.35854665209877357]",0.0456,0.35854665209877357,4.649069515546023e-05,-0.13569181545012013,-0.1289413131640805,-4.6490695156479333e-05,0.33605589420562015,0.32244177841902116,-4.6490694312202665e-05,-0.18741616213217693,-0.15601509942111627,4.6490695073745445e-05,-0.6235053884049776,-0.5631608095047078,-4.6490695156545206e-05,0.08459500739227106,0.07992628373474542,4.6490695155394244e-05,2.3556896166703242e-17,-2.1492342595843427e-16
315.32,"[0.06062, 0.0456, 0.3573498720846927]",0.0456,0.3573498720846927,4.649069495726512e-05,-0.13704477128733786,-0.1289413131640805,-4.64906949582842e-05,0.3392489552932196,0.32244177841902116,-4.649069409594894e-05,-0.19179492461915132,-0.15601509942111627,4.6490694874698414e-05,-0.632877127430895,-0.5631608095047078,-4.6490694958349626e-05,0.08550627399737787,0.07992628373474542,4.649069495719855e-05,2.4005026537154672e-17,-2.1492342595843427e-16
315.34,"[0.06062, 0.0456, 0.3573498720846927]",0.0456,0.3573498720846927,4.649069486377299e-05,-0.13704477128733786,-0.13002998421709336,-4.6490694864872324e-05,0.3392489552932196,0.32500784088452095,-4.6490693996015864e-05,-0.19179492461915132,-0.159391390379853,4.6490694782997184e-05,-0.632877127430895,-0.5705739329875498,-4.649069486494277e-05,0.08550627399737787,0.0806535697205028,4.6490694863701284e-05,2.4005026537154672e-17,-5.50485104990492e-16
315.36,"[0.06062, 0.0456, 0.35616571438269334]",0.0456,0.35616571438269334,4.649069477131947e-05,-0.1383653549583248,-0.13002998421709336,-4.649069477174087e-05,0.342355265192904,0.32500784088452095,-4.6490693901988e-05,-0.19612467444502954,-0.159391390379853,4.64906947004887e-05,-0.6420860207275348,-0.5705739329875498,-4.649069477176744e-05,0.08639700407938179,0.0806535697205028,4.649069477129169e-05,2.461370037610098e-17,-5.50485104990492e-16
315.38,"[0.06062, 0.0456, 0.35616571438269334]",0.0456,0.35616571438269334,4.649069459522351e-05,-0.1383653549583248,-0.1311305114021563,-4.64906945962082e-05,0.342355265192904,0.3275983924709566,-4.6490693707190084e-05,-0.19612467444502954,-0.16284375968052223,4.649069451857213e-05,-0.6420860207275348,-0.5781106457066136,-4.649069459627165e-05,0.08639700407938179,0.08138992369421108,4.649069459515963e-05,2.461370037610098e-17,-1.0601094679592865e-15
315.4,"[0.06062, 0.0456, 0.35616571438269334]",0.0456,0.35616571438269334,4.6490694514812086e-05,-0.1383653549583248,-0.1311305114021563,-4.6490694515141825e-05,0.342355265192904,0.3275983924709566,-4.64906936260365e-05,-0.19612467444502954,-0.16284375968052223,4.649069444781156e-05,-0.6420860207275348,-0.5781106457066136,-4.6490694515162845e-05,0.08639700407938179,0.08138992369421108,4.6490694514790185e-05,2.461370037610098e-17,-1.0601094679592865e-15
315.42,"[0.06062, 0.0456, 0.35499534761346235]",0.0456,0.35499534761346235,4.649069434557541e-05,-0.13965317986819928,-0.13211458378084714,-4.649069434648299e-05,0.345373815682113,0.32989411714144595,-4.649069343795078e-05,-0.20040163389822402,-0.1660317727810773,4.649069427175921e-05,-0.6511264412608945,-0.5849858134835183,-4.6490694346541774e-05,0.08726684369571465,0.08205003973753147,4.649069434551671e-05,2.4040928144168273e-17,-1.59255695553802e-15
315.44,"[0.06062, 0.0456, 0.35499534761346235]",0.0456,0.35499534761346235,4.6490694268554116e-05,-0.13965317986819928,-0.13312834765619191,-4.6490694268887454e-05,0.345373815682113,0.3322652605818707,-4.6490693360524984e-05,-0.20040163389822402,-0.1693049272615379,4.649069420424708e-05,-0.6511264412608945,-0.5920436697958326,-4.6490694268908514e-05,0.08726684369571465,0.08273033174456285,4.6490694268532066e-05,2.4040928144168273e-17,-1.8700441014138154e-15
315.46,"[0.06062, 0.0456, 0.3538399267877008]",0.0456,0.3538399267877008,4.6490694173642814e-05,-0.1409078998384428,-0.13312834765619191,-4.6490694172473833e-05,0.34830377389326495,0.3322652605818707,-4.649069328137149e-05,-0.20462205293234909,-0.1693049272615379,4.6490694143255256e-05,-0.65999294345545,-0.5920436697958326,-4.649069417239772e-05,0.0881154672089331,0.08273033174456285,4.649069417371846e-05,2.409706626563032e-17,-1.8700441014138154e-15
315.48,"[0.06062, 0.0456, 0.3538399267877008]",0.0456,0.3538399267877008,4.649069402622989e-05,-0.1409078998384428,-0.1341668844316673,-4.6490694026993573e-05,0.34830377389326495,0.33469894642971637,-4.6490693089980784e-05,-0.20462205293234909,-0.1726523537358626,4.6490693951887806e-05,-0.65999294345545,-0.5992563097198953,-4.649069402704266e-05,0.0881154672089331,0.0834275680366234,4.64906940261802e-05,2.409706626563032e-17,-1.961645324276401e-15
315.5,"[0.06062, 0.0456, 0.3538399267877008]",0.0456,0.3538399267877008,4.649069394375833e-05,-0.1409078998384428,-0.13510772171673563,-4.649069394409175e-05,0.34830377389326495,0.33688924362073064,-4.6490693004075055e-05,-0.20462205293234909,-0.1757549597705029,4.6490693875388784e-05,-0.65999294345545,-0.6058844495082363,-4.649069394411265e-05,0.0881154672089331,0.08406038196290919,4.649069394373617e-05,2.409706626563032e-17,-1.9281100119227657e-15
315.52,"[0.06062, 0.0456, 0.3527005921662681]",0.0456,0.3527005921662681,4.6490693835833884e-05,-0.14212920740297652,-0.13510772171673563,-4.6490693834893874e-05,0.3511444774946305,0.33688924362073064,-4.649069291031423e-05,-0.2087822105404619,-0.1757549597705029,4.649069380030696e-05,-0.668680259502317,-0.6058844495082363,-4.64906938348321e-05,0.08894257639576411,0.08406038196290919,4.649069383589418e-05,2.414304153522625e-17,-1.9281100119227657e-15
315.54,"[0.06062, 0.0456, 0.3527005921662681]",0.0456,0.3527005921662681,4.649069367834344e-05,-0.14212920740297652,-0.13607426464489375,-4.649069367913445e-05,0.3511444774946305,0.33914202612296873,-4.6490692709254294e-05,-0.2087822105404619,-0.17894283627067517,4.649069360075725e-05,-0.668680259502317,-0.6126848431476388,-4.649069367918569e-05,0.08894257639576411,0.08471085545102564,4.6490693678291495e-05,2.414304153522625e-17,-1.898924887742941e-15
315.56,"[0.06062, 0.0456, 0.3515784681348821]",0.0456,0.3515784681348821,4.649069358750956e-05,-0.14331683213746949,-0.13607426464489375,-4.6490693587893604e-05,0.3538954294954563,0.33914202612296873,-4.6490692615089776e-05,-0.21287841636690977,-0.17894283627067517,4.6490693516845524e-05,-0.6771832959337987,-0.6126848431476388,-4.649069358791827e-05,0.08974789955615856,0.08471085545102564,4.649069358748414e-05,2.432766987510209e-17,-1.898924887742941e-15
315.58,"[0.06062, 0.0456, 0.3515784681348821]",0.0456,0.3515784681348821,4.6490693408411226e-05,-0.14331683213746949,-0.13706213870460265,-4.6490693409257554e-05,0.3538954294954563,0.3414462503639399,-4.649069241697128e-05,-0.21287841636690977,-0.18220415644629367,4.649069333185594e-05,-0.6771832959337987,-0.6196297568148466,-4.649069340931243e-05,0.08974789955615856,0.08537607560689409,4.6490693408355844e-05,2.432766987510209e-17,-1.8543489639174695e-15
315.6,"[0.06062, 0.0456, 0.3515784681348821]",0.0456,0.3515784681348821,4.64906933286085e-05,-0.14331683213746949,-0.1379592727407745,-4.6490693328912434e-05,0.3538954294954563,0.34352543641995076,-4.649069233752336e-05,-0.21287841636690977,-0.1852308072105621,4.649069326275296e-05,-0.6771832959337987,-0.6260233016272776,-4.649069332893192e-05,0.08974789955615856,0.08598128456926236,4.64906933285881e-05,2.432766987510209e-17,-1.5803878183992263e-15
315.62,"[0.06062, 0.0456, 0.3504746620944861]",0.0456,0.3504746620944861,4.649069324118032e-05,-0.14447053901382842,-0.1379592727407745,-4.649069324156283e-05,0.3565562926668422,0.34352543641995076,-4.649069223790887e-05,-0.21690701256542202,-0.1852308072105621,4.64906931695372e-05,-0.685497130446147,-0.6260233016272776,-4.649069324158741e-05,0.09053119061770483,0.08598128456926236,4.6490693241154725e-05,2.4065081579777376e-17,-1.5803878183992263e-15
315.64,"[0.06062, 0.0456, 0.3504746620944861]",0.0456,0.3504746620944861,4.6490693057780664e-05,-0.14447053901382842,-0.1388680086689941,-4.6490693058614835e-05,0.3565562926668422,0.3456245849968006,-4.6490692034663634e-05,-0.21690701256542202,-0.18833832683114435,4.6490692979615264e-05,-0.685497130446147,-0.6325464674339184,-4.649069305866837e-05,0.09053119061770483,0.08659529764549195,4.649069305772599e-05,2.4065081579777376e-17,-1.82946832877737e-15
315.66,"[0.06062, 0.0456, 0.3493902633683777]",0.0456,0.3493902633683777,4.6490692973886096e-05,-0.14559012677228764,-0.13979645552662798,-4.649069297422877e-05,0.3591268835722125,0.3477709941993775,-4.649069195125932e-05,-0.22086437591030017,-0.1915118601547956,4.649069290690687e-05,-0.6936170089520404,-0.6391999372516048,-4.649069297425101e-05,0.09129222823103225,0.08722287613855695,4.649069297386356e-05,2.4106920061952558e-17,-1.9707939209376214e-15
315.68,"[0.06062, 0.0456, 0.3493902633683777]",0.0456,0.3493902633683777,4.649069287373836e-05,-0.14559012677228764,-0.13979645552662798,-4.649069287283873e-05,0.3591268835722125,0.3477709941993775,-4.649069186903815e-05,-0.22086437591030017,-0.1915118601547956,4.6490692843585615e-05,-0.6936170089520404,-0.6391999372516048,-4.649069287278008e-05,0.09129222823103225,0.08722287613855695,4.649069287379629e-05,2.4106920061952558e-17,-1.9707939209376214e-15
315.7,"[0.06062, 0.0456, 0.3493902633683777]",0.0456,0.3493902633683777,4.649069272109495e-05,-0.14559012677228764,-0.14063477619899645,-4.649069272177214e-05,0.3591268835722125,0.34969442676854867,-4.649069167045257e-05,-0.22086437591030017,-0.19444736890609057,4.649069264532196e-05,-0.6936170089520404,-0.6453008929370411,-4.64906927218155e-05,0.09129222823103225,0.08779070211593014,4.6490692721050196e-05,2.4106920061952558e-17,-2.0293826232203525e-15
315.72,"[0.06062, 0.0456, 0.3483263421271787]",0.0456,0.3483263421271787,4.6490692632658615e-05,-0.14667542630407387,-0.14149396970243386,-4.649069263302401e-05,0.3616071662039258,0.35166636959883,-4.649069157927053e-05,-0.22474692016568354,-0.1974576227759311,4.649069256401794e-05,-0.7015383428442434,-0.6515471782935588,-4.649069263304719e-05,0.09203081485220439,0.08837292133321445,4.649069263263405e-05,2.41846765549133e-17,-2.1134450820253978e-15
315.74,"[0.06062, 0.0456, 0.3483263421271787]",0.0456,0.3483263421271787,4.649069252697167e-05,-0.14667542630407387,-0.14149396970243386,-4.649069252622779e-05,0.3616071662039258,0.35166636959883,-4.649069149101166e-05,-0.22474692016568354,-0.1974576227759311,4.649069249484914e-05,-0.7015383428442434,-0.6515471782935588,-4.649069252617906e-05,0.09203081485220439,0.08837292133321445,4.649069252701921e-05,2.41846765549133e-17,-2.1134450820253978e-15
315.76,"[0.06062, 0.0456, 0.3472839483327054]",0.0456,0.3472839483327054,4.649069237161372e-05,-0.1477262990382657,-0.14235968625617815,-4.649069237226834e-05,0.36399724522556404,0.35364696611280816,-4.6490691290541016e-05,-0.22855109871586365,-0.20052394174931526,4.649069229547747e-05,-0.7092567064520708,-0.6578763720072452,-4.6490692372310645e-05,0.09274677580851792,0.08896031799298819,4.649069237157067e-05,2.3983007699929137e-17,-2.5346905928366516e-15
315.78,"[0.06062, 0.0456, 0.3472839483327054]",0.0456,0.3472839483327054,4.6490692271393636e-05,-0.1477262990382657,-0.14235968625617815,-4.649069227061872e-05,0.36399724522556404,0.35364696611280816,-4.649069121830673e-05,-0.22855109871586365,-0.20052394174931526,4.6490692245413434e-05,-0.7092567064520708,-0.6578763720072452,-4.6490692270568226e-05,0.09274677580851792,0.08896031799298819,4.6490692271443644e-05,2.3983007699929137e-17,-2.5346905928366516e-15
315.8,"[0.06062, 0.0456, 0.3472839483327054]",0.0456,0.3472839483327054,4.649069212878174e-05,-0.1477262990382657,-0.1431404678287594,-4.649069212936054e-05,0.36399724522556404,0.3554197557768274,-4.6490691030777004e-05,-0.22855109871586365,-0.2033535233789557,4.649069205768986e-05,-0.7092567064520708,-0.6636697813305142,-4.6490692129397344e-05,0.09274677580851792,0.0894911515821946,4.649069212874361e-05,2.3983007699929137e-17,-2.7533883439112736e-15
315.82,"[0.06062, 0.0456, 0.34626411070178315]",0.0456,0.34626411070178315,4.649069205064234e-05,-0.14874263532718474,-0.1431404678287594,-4.649069205094719e-05,0.36629735882273373,0.3554197557768274,-4.649069095074944e-05,-0.23227340745749256,-0.2033535233789557,4.649069198655418e-05,-0.7167678346726079,-0.6636697813305142,-4.64906920509663e-05,0.09343995834460185,0.0894911515821946,4.64906920506218e-05,2.43612655882329e-17,-2.7533883439112736e-15
315.84,"[0.06062, 0.0456, 0.34626411070178315]",0.0456,0.34626411070178315,4.64906918845218e-05,-0.14874263532718474,-0.1439310426463045,-4.649069188514342e-05,0.36629735882273373,0.35720978814501636,-4.6490690766603e-05,-0.23227340745749256,-0.20624354340811835,4.649069181449128e-05,-0.7167678346726079,-0.6695609190118523,-4.6490691885182614e-05,0.09343995834460185,0.0900292238532835,4.6490691884480634e-05,2.43612655882329e-17,-3.2379432053136425e-15
315.86,"[0.06062, 0.0456, 0.3452678356910272]",0.0456,0.3452678356910272,4.6490691818417796e-05,-0.14972435282544705,-0.1439310426463045,-4.649069181865997e-05,0.36850787116876016,0.35720978814501636,-4.649069070258443e-05,-0.2359103879523095,-0.20624354340811835,4.6490691759417574e-05,-0.724067620759195,-0.6695609190118523,-4.6490691818674834e-05,0.0941102306462496,0.0900292238532835,4.649069181840158e-05,2.442535466581735e-17,-3.2379432053136425e-15
315.88,"[0.06062, 0.0456, 0.3452678356910272]",0.0456,0.3452678356910272,4.649069166304679e-05,-0.14972435282544705,-0.1447399380573016,-4.6490691663603355e-05,0.36850787116876016,0.35904371654335604,-4.64906905295143e-05,-0.2359103879523095,-0.2091890591531343,4.6490691597350004e-05,-0.724067620759195,-0.6755649789427368,-4.649069166363875e-05,0.0941102306462496,0.09057972604691837,4.6490691663009924e-05,2.442535466581735e-17,-3.4938832756456906e-15
315.9,"[0.06062, 0.0456, 0.3452678356910272]",0.0456,0.3452678356910272,4.649069160754788e-05,-0.14972435282544705,-0.1454616389112893,-4.6490691607734865e-05,0.36850787116876016,0.36066319824061505,-4.649069047655302e-05,-0.2359103879523095,-0.21189602438389682,4.649069155230307e-05,-0.724067620759195,-0.6810264200478409,-4.649069160774632e-05,0.0941102306462496,0.09107219688127162,4.649069160753559e-05,2.442535466581735e-17,-3.721792448657469e-15
315.92,"[0.06062, 0.0456, 0.3442961065035914]",0.0456,0.3442961065035914,4.649069152712107e-05,-0.1506713948586559,-0.1454616389112893,-4.6490691526525635e-05,0.3706292645154198,0.36066319824061505,-4.649069041392262e-05,-0.23945863083667374,-0.21189602438389682,4.649069150549947e-05,-0.7311521142503679,-0.6810264200478409,-4.649069152648656e-05,0.09475748083999296,0.09107219688127162,4.64906915271598e-05,2.4488393775118133e-17,-3.721792448657469e-15
315.94,"[0.06062, 0.0456, 0.3442961065035914]",0.0456,0.3442961065035914,4.649069139584104e-05,-0.1506713948586559,-0.14620344870125676,-4.6490691396315854e-05,0.3706292645154198,0.3623302157252639,-4.6490690239362584e-05,-0.23945863083667374,-0.21466564874097419,4.649069133037992e-05,-0.7311521142503679,-0.6866153529531193,-4.64906913963465e-05,0.09475748083999296,0.09157829767230498,4.649069139581063e-05,2.4488393775118133e-17,-3.833789503287432e-15
315.96,"[0.06062, 0.0456, 0.3433498821188654]",0.0456,0.3433498821188654,4.6490691330585576e-05,-0.15158372877861953,-0.14696117704413014,-4.649069133081432e-05,0.37266213092280154,0.36403434675945967,-4.649069017325681e-05,-0.24291477948176762,-0.21748589752426994,4.6490691271987145e-05,-0.7380175190232934,-0.6923048171453113,-4.649069133082921e-05,0.09538161596705637,0.09209521509638163,4.649069133057116e-05,2.423217184876565e-17,-3.850915750487353e-15
315.98,"[0.06062, 0.0456, 0.3433498821188654]",0.0456,0.3433498821188654,4.649069124525753e-05,-0.15158372877861953,-0.14696117704413014,-4.64906912446413e-05,0.37266213092280154,0.36403434675945967,-4.649069010705413e-05,-0.24291477948176762,-0.21748589752426994,4.649069122270037e-05,-0.7380175190232934,-0.6923048171453113,-4.649069124460138e-05,0.09538161596705637,0.09209521509638163,4.649069124529776e-05,2.423217184876565e-17,-3.850915750487353e-15
316.0,"[0.06062, 0.0456, 0.3433498821188654]",0.0456,0.3433498821188654,4.649069110864312e-05,-0.15158372877861953,-0.1476339410665331,-4.649069110911426e-05,0.37266213092280154,0.3655294082167681,-4.649068992581518e-05,-0.24291477948176762,-0.22007383474985748,4.649069104095459e-05,-0.7380175190232934,-0.697467325890807,-4.649069110914502e-05,0.09538161596705637,0.09255555331022235,4.6490691108613436e-05,2.423217184876565e-17,-4.1195171600288085e-15
316.02,"[0.06062, 0.0456, 0.34243009634607807]",0.0456,0.34243009634607807,4.6490691019686124e-05,-0.152461344302929,-0.1476339410665331,-4.649069101920219e-05,0.3746071636464675,0.3655294082167681,-4.649068986358783e-05,-0.2462755338958264,-0.22007383474985748,4.649069099844292e-05,-0.7446601914567093,-0.697467325890807,-4.649069101917079e-05,0.09598256093098186,0.09255555331022235,4.649069101971763e-05,2.4500827827477994e-17,-4.1195171600288085e-15
316.04,"[0.06062, 0.0456, 0.34243009634607807]",0.0456,0.34243009634607807,4.649069089273749e-05,-0.152461344302929,-0.14832495350836902,-4.6490690893159866e-05,0.3746071636464675,0.36706709720676317,-4.64906896954086e-05,-0.2462755338958264,-0.22271889448721233,4.649069083003473e-05,-0.7446601914567093,-0.702745350652851,-4.649069089318727e-05,0.09598256093098186,0.09302824073164855,4.649069089271028e-05,2.4500827827477994e-17,-4.259157389603003e-15
316.06,"[0.06062, 0.0456, 0.3415376569027399]",0.0456,0.3415376569027399,4.649069083194397e-05,-0.15330425183771484,-0.14903009459000482,-4.649069083214691e-05,0.37646514820426125,0.36863726113786655,-4.6490689634298896e-05,-0.24953765485720808,-0.22540897128594084,4.6490690776224304e-05,-0.7510766386895046,-0.7081121532064134,-4.6490690832160456e-05,0.09656025741890997,0.0935105067836835,4.649069083193118e-05,2.4790336770484314e-17,-4.294586674357235e-15
316.08,"[0.06062, 0.0456, 0.3415376569027399]",0.0456,0.3415376569027399,4.649069075158778e-05,-0.15330425183771484,-0.14903009459000482,-4.649069075105112e-05,0.37646514820426125,0.36863726113786655,-4.649068957312895e-05,-0.24953765485720808,-0.22540897128594084,4.649069073125605e-05,-0.7510766386895046,-0.7081121532064134,-4.6490690751016373e-05,0.09656025741890997,0.0935105067836835,4.649069075162311e-05,2.4790336770484314e-17,-4.294586674357235e-15
316.1,"[0.06062, 0.0456, 0.3415376569027399]",0.0456,0.3415376569027399,4.6490690621209774e-05,-0.15330425183771484,-0.1496655524101853,-4.649069062162409e-05,0.37646514820426125,0.3700401301106146,-4.64906893992168e-05,-0.24953765485720808,-0.22788922155709826,4.649069055663178e-05,-0.7510766386895046,-0.7130224188958947,-4.6490690621650664e-05,0.09656025741890997,0.09394603315099577,4.649069062118288e-05,2.4790336770484314e-17,-4.257522007794761e-15
316.12,"[0.06062, 0.0456, 0.340673444518836]",0.0456,0.340673444518836,4.649069055182943e-05,-0.1541124807834053,-0.15031512007756756,-4.649069055205801e-05,0.3782369531493151,0.3714740379008908,-4.649068932898634e-05,-0.2526979682645031,-0.23042030253996237,4.6490690494364645e-05,-0.7572635169622477,-0.7180294918413304,-4.649069055207268e-05,0.09711466279720152,0.0943912049239111,4.649069055181547e-05,2.4534074860796777e-17,-4.246421035601293e-15
316.14,"[0.06062, 0.0456, 0.340673444518836]",0.0456,0.340673444518836,4.649069046595278e-05,-0.1541124807834053,-0.15031512007756756,-4.649069046551964e-05,0.3782369531493151,0.3714740379008908,-4.649068926160314e-05,-0.2526979682645031,-0.23042030253996237,4.649069044341021e-05,-0.7572635169622477,-0.7180294918413304,-4.6490690465491027e-05,0.09711466279720152,0.0943912049239111,4.649069046598091e-05,2.4534074860796777e-17,-4.246421035601293e-15
316.16,"[0.06062, 0.0456, 0.33983831206765164]",0.0456,0.33983831206765164,4.649069033406701e-05,-0.1548860778243315,-0.15096658561053233,-4.6490690334465336e-05,0.3799235205800176,0.37290605558448536,-4.6490689087820696e-05,-0.2557533696872944,-0.23298147955557838,4.649069026972885e-05,-0.7632176300302974,-0.7230745861465387,-4.649069033449088e-05,0.09764574898280898,0.09483808188805098,4.6490690334040844e-05,2.4255326012460906e-17,-4.541974496979428e-15
316.18,"[0.06062, 0.0456, 0.33983831206765164]",0.0456,0.33983831206765164,4.6490690253293336e-05,-0.1548860778243315,-0.15096658561053233,-4.649069025284553e-05,0.3799235205800176,0.37290605558448536,-4.6490689035216555e-05,-0.2557533696872944,-0.23298147955557838,4.64906902362549e-05,-0.7632176300302974,-0.7230745861465387,-4.6490690252816456e-05,0.09764574898280898,0.09483808188805098,4.649069025332241e-05,2.4255326012460906e-17,-4.541974496979428e-15
316.2,"[0.06062, 0.0456, 0.33983831206765164]",0.0456,0.33983831206765164,4.649069013375135e-05,-0.1548860778243315,-0.1515529671877897,-4.6490690134101576e-05,0.3799235205800176,0.3741836528908769,-4.6490688874315105e-05,-0.2557533696872944,-0.23533880153122366,4.649069007431164e-05,-0.7632176300302974,-0.7276840130592547,-4.649069013412444e-05,0.09764574898280898,0.09524116389931944,4.649069013372864e-05,2.4255326012460906e-17,-4.6667842896376286e-15
316.22,"[0.06062, 0.0456, 0.3390330837240894]",0.0456,0.3390330837240894,4.6490690073867505e-05,-0.15562510520403885,-0.1521515963028795,-4.649069007405711e-05,0.3815258564218202,0.3754881410374295,-4.649068881414823e-05,-0.2587008290985779,-0.23773884410713064,4.6490690021170556e-05,-0.7689359276384707,-0.7323751073055885,-4.649069007406893e-05,0.098153501292521,0.09565257714035422,4.6490690073855274e-05,2.4088041106815375e-17,-4.750414229439987e-15
316.24,"[0.06062, 0.0456, 0.3390330837240894]",0.0456,0.3390330837240894,4.6490689996911865e-05,-0.15562510520403885,-0.1521515963028795,-4.649068999653391e-05,0.3815258564218202,0.3754881410374295,-4.649068875563568e-05,-0.2587008290985779,-0.23773884410713064,4.649068997793254e-05,-0.7689359276384707,-0.7323751073055885,-4.649068999650918e-05,0.098153501292521,0.09565257714035422,4.6490689996936395e-05,2.4088041106815375e-17,-4.750414229439987e-15
316.26,"[0.06062, 0.0456, 0.338258554151308]",0.0456,0.338258554151308,4.649068987460111e-05,-0.15632963898917435,-0.1526889365779868,-4.649068987493971e-05,0.38304502051978223,0.3766469511936912,-4.6490688592735e-05,-0.2615373957673259,-0.23994858027731888,4.649068981462016e-05,-0.7744155040486967,-0.7366587864125744,-4.6490689874961374e-05,0.09863791727292202,0.09602277179650359,4.649068987457879e-05,2.415080516317617e-17,-4.790698041366722e-15
316.28,"[0.06062, 0.0456, 0.338258554151308]",0.0456,0.338258554151308,4.6490689810134954e-05,-0.15632963898917435,-0.1526889365779868,-4.649068981032903e-05,0.38304502051978223,0.3766469511936912,-4.6490688527921564e-05,-0.2615373957673259,-0.23994858027731888,4.6490689757245634e-05,-0.7744155040486967,-0.7366587864125744,-4.6490689810341217e-05,0.09863791727292202,0.09602277179650359,4.649068981012202e-05,2.415080516317617e-17,-4.790698041366722e-15
316.3,"[0.06062, 0.0456, 0.338258554151308]",0.0456,0.338258554151308,4.649068966973728e-05,-0.15632963898917435,-0.1532306460107413,-4.649068967008531e-05,0.38304502051978223,0.37780992515046513,-4.6490688372502985e-05,-0.2615373957673259,-0.24219468442282716,4.6490689612105095e-05,-0.7744155040486967,-0.7409959742452021,-4.649068967010715e-05,0.09863791727292202,0.09639628373234332,4.6490689669714225e-05,2.415080516317617e-17,-5.140001029359553e-15
316.32,"[0.06062, 0.0456, 0.3375154877164856]",0.0456,0.3375154877164856,4.649068961874314e-05,-0.1569997673257933,-0.15378319363475015,-4.649068961889323e-05,0.3844821165845588,0.37899753192606445,-4.649068832477091e-05,-0.2642602032872059,-0.2444734098986108,4.6490689571552214e-05,-0.7796535966135114,-0.745398207380026,-4.649068961890278e-05,0.09909900551459784,0.09677706754190625,4.649068961873322e-05,2.3833694583034975e-17,-5.3370848889517635e-15
316.34,"[0.06062, 0.0456, 0.3375154877164856]",0.0456,0.3375154877164856,4.6490689553033254e-05,-0.1569997673257933,-0.15378319363475015,-4.64906895526922e-05,0.3844821165845588,0.37899753192606445,-4.6490688277781134e-05,-0.2642602032872059,-0.2444734098986108,4.649068953856891e-05,-0.7796535966135114,-0.745398207380026,-4.649068955266978e-05,0.09909900551459784,0.09677706754190625,4.649068955305492e-05,2.3833694583034975e-17,-5.3370848889517635e-15
316.36,"[0.06062, 0.0456, 0.33680461773648196]",0.0456,0.33680461773648196,4.649068944246352e-05,-0.1576355886928733,-0.15433522632725102,-4.649068944274092e-05,0.3858382820381299,0.3801798393043819,-4.649068812800371e-05,-0.2668664747151296,-0.2467627342198127,4.6490689387642794e-05,-0.7846475843897461,-0.7498076550745303,-4.649068944275821e-05,0.09953678445478946,0.09715769472922223,4.6490689442444545e-05,2.3745890239882967e-17,-5.6763192056492444e-15
316.38,"[0.06062, 0.0456, 0.33680461773648196]",0.0456,0.33680461773648196,4.6490689377870094e-05,-0.1576355886928733,-0.15433522632725102,-4.64906893775279e-05,0.3858382820381299,0.3801798393043819,-4.6490688090578484e-05,-0.2668664747151296,-0.2467627342198127,4.649068936691248e-05,-0.7846475843897461,-0.7498076550745303,-4.6490689377504914e-05,0.09953678445478946,0.09715769472922223,4.64906893778911e-05,2.3745890239882967e-17,-5.6763192056492444e-15
316.4,"[0.06062, 0.0456, 0.33680461773648196]",0.0456,0.33680461773648196,4.6490689276054924e-05,-0.1576355886928733,-0.1548319560407185,-4.649068927630313e-05,0.3858382820381299,0.381234173456285,-4.649068795034651e-05,-0.2668664747151296,-0.24886561251829728,4.6490689224852494e-05,-0.7846475843897461,-0.7538313992115391,-4.649068927631876e-05,0.09953678445478946,0.09750088501608271,4.649068927603836e-05,2.3745890239882967e-17,-5.797123469235432e-15
316.42,"[0.06062, 0.0456, 0.3361266457541429]",0.0456,0.3361266457541429,4.649068922878338e-05,-0.1582372101587122,-0.1548319560407185,-4.649068922891567e-05,0.3871146778088457,0.381234173456285,-4.649068790339155e-05,-0.2693535277911262,-0.24886561251829728,4.649068918360262e-05,-0.7893949867882459,-0.7538313992115391,-4.649068922892377e-05,0.09995128117332472,0.09750088501608271,4.649068922877369e-05,2.4001471371640662e-17,-5.797123469235432e-15
316.44,"[0.06062, 0.0456, 0.3361266457541429]",0.0456,0.3361266457541429,4.649068910528595e-05,-0.1582372101587122,-0.15533688585650354,-4.649068910555368e-05,0.3871146778088457,0.3823066457850319,-4.649068776565859e-05,-0.2693535277911262,-0.25099389780599557,4.649068905456048e-05,-0.7893949867882459,-0.7579046001071402,-4.6490689105570245e-05,0.09995128117332472,0.09784957485717236,4.649068910526783e-05,2.4001471371640662e-17,-5.842524092065664e-15
316.46,"[0.06062, 0.0456, 0.33548224084596256]",0.0456,0.33548224084596256,4.649068906605742e-05,-0.15880474564670105,-0.15579199891419082,-4.649068906616248e-05,0.3883124781282841,0.38326410951825357,-4.6490687729968355e-05,-0.27171878020900864,-0.2529535076667207,4.649068902477721e-05,-0.793893462256864,-0.7616298700555472,-4.649068906616883e-05,0.10034253018724151,0.09816452988580551,4.6490689066050005e-05,2.4151495693148998e-17,-5.6730042278574425e-15
316.48,"[0.06062, 0.0456, 0.33548224084596256]",0.0456,0.33548224084596256,4.6490689019731357e-05,-0.15880474564670105,-0.15625459001747874,-4.6490689019861386e-05,0.3883124781282841,0.3842370719930153,-4.6490687676149406e-05,-0.27171878020900864,-0.25494059934975954,4.6490688973892664e-05,-0.793893462256864,-0.7654058379793661,-4.649068901986927e-05,0.10034253018724151,0.09848456368850986,4.6490689019722154e-05,2.4151495693148998e-17,-5.584040532064091e-15
316.5,"[0.06062, 0.0456, 0.33548224084596256]",0.0456,0.33548224084596256,4.6490688950217524e-05,-0.15880474564670105,-0.15625459001747874,-4.6490688949996266e-05,0.3883124781282841,0.3842370719930153,-4.649068762242136e-05,-0.27171878020900864,-0.25494059934975954,4.649068893340679e-05,-0.793893462256864,-0.7654058379793661,-4.649068894998142e-05,0.10034253018724151,0.09848456368850986,4.6490688950231165e-05,2.4151495693148998e-17,-5.584040532064091e-15
316.52,"[0.06062, 0.0456, 0.3348720389617852]",0.0456,0.3348720389617852,4.649068884174974e-05,-0.15933831421772024,-0.1567215035596377,-4.649068884198399e-05,0.3894328603849475,0.385218587289191,-4.6490687478477206e-05,-0.27395975490555596,-0.2569428087844028,4.649068878942274e-05,-0.7981408069954433,-0.7692083490244662,-4.649068884199864e-05,0.10071057225003723,0.09880750762494932,4.649068884173374e-05,2.415850493675978e-17,-5.533737200806343e-15
316.54,"[0.06062, 0.0456, 0.3348720389617852]",0.0456,0.3348720389617852,4.649068878991238e-05,-0.15933831421772024,-0.1567215035596377,-4.6490688790038166e-05,0.3894328603849475,0.385218587289191,-4.649068742725307e-05,-0.27395975490555596,-0.2569428087844028,4.649068874444586e-05,-0.7981408069954433,-0.7692083490244662,-4.649068879004617e-05,0.10071057225003723,0.09880750762494932,4.64906887899038e-05,2.415850493675978e-17,-5.533737200806343e-15
316.56,"[0.06062, 0.0456, 0.3342966422972001]",0.0456,0.3342966422972001,4.6490688666526586e-05,-0.1598380383770482,-0.1571320990245037,-4.649068866676561e-05,0.3904769950918726,0.3860669626654643,-4.64906872902665e-05,-0.27607408533438615,-0.2587693355505213,4.649068861633292e-05,-0.8021349537027783,-0.7726380112070225,-4.649068866678146e-05,0.1010554531619409,0.09909255775906604,4.649068866651099e-05,2.4210442543387492e-17,-5.755708102975293e-15
316.58,"[0.06062, 0.0456, 0.3342966422972001]",0.0456,0.3342966422972001,4.6490688620346e-05,-0.1598380383770482,-0.15754841488209498,-4.649068862045994e-05,0.3904769950918726,0.38692786522821837,-4.649068724718935e-05,-0.27607408533438615,-0.2606126915488528,4.649068857966018e-05,-0.8021349537027783,-0.7761004083354764,-4.6490688620467334e-05,0.1010554531619409,0.09938141411069502,4.649068862033772e-05,2.4210442543387492e-17,-5.911018137544552e-15
316.6,"[0.06062, 0.0456, 0.3342966422972001]",0.0456,0.3342966422972001,4.649068856262156e-05,-0.1598380383770482,-0.15754841488209498,-4.649068856242932e-05,0.3904769950918726,0.38692786522821837,-4.649068720589697e-05,-0.27607408533438615,-0.2606126915488528,4.649068855044927e-05,-0.8021349537027783,-0.7761004083354764,-4.6490688562416256e-05,0.1010554531619409,0.09938141411069502,4.649068856263308e-05,2.4210442543387492e-17,-5.911018137544552e-15
316.62,"[0.06062, 0.0456, 0.33375661869924655]",0.0456,0.33375661869924655,4.649068846799824e-05,-0.16030404241423846,-0.15796086339839013,-4.649068846818395e-05,0.3914460360268045,0.3877768863113479,-4.64906870779631e-05,-0.27805952068950107,-0.26245085079827274,4.649068842174786e-05,-0.8058739703568667,-0.7795425820654818,-4.649068846819514e-05,0.1013772225979876,0.09966774966777175,4.649068846798509e-05,2.4053587807672765e-17,-6.224068857943815e-15
316.64,"[0.06062, 0.0456, 0.33375661869924655]",0.0456,0.33375661869924655,4.649068841301995e-05,-0.16030404241423846,-0.15796086339839013,-4.649068841282483e-05,0.3914460360268045,0.3877768863113479,-4.649068704650096e-05,-0.27805952068950107,-0.26245085079827274,4.649068840439024e-05,-0.8058739703568667,-0.7795425820654818,-4.649068841281199e-05,0.1013772225979876,0.09966774966777175,4.649068841303229e-05,2.4053587807672765e-17,-6.224068857943815e-15
316.66,"[0.06062, 0.0456, 0.33325250110601806]",0.0456,0.33325250110601806,4.649068832761098e-05,-0.16073645078485216,-0.15836808456552084,-4.649068832777315e-05,0.3923411106045809,0.3886121982915338,-4.64906869287083e-05,-0.27991393104255285,-0.2642736367331738,4.649068828514581e-05,-0.8093560590308478,-0.7829480706550543,-4.6490688327783786e-05,0.10167593296097349,0.09995055280397902,4.649068832760043e-05,2.4010749712201702e-17,-6.568862467296277e-15
316.68,"[0.06062, 0.0456, 0.33325250110601806]",0.0456,0.33325250110601806,4.649068828065133e-05,-0.16073645078485216,-0.15836808456552084,-4.649068828045005e-05,0.3923411106045809,0.3886121982915338,-4.649068690537563e-05,-0.27991393104255285,-0.2642736367331738,4.6490688275066556e-05,-0.8093560590308478,-0.7829480706550543,-4.649068828043642e-05,0.10167593296097349,0.09995055280397902,4.6490688280663885e-05,2.4010749712201702e-17,-6.568862467296277e-15
316.7,"[0.06062, 0.0456, 0.33325250110601806]",0.0456,0.33325250110601806,4.649068820209435e-05,-0.16073645078485216,-0.15873377134238537,-4.649068820223941e-05,0.3923411106045809,0.38935473343900495,-4.649068679471295e-05,-0.27991393104255285,-0.2659439625679623,4.649068816230491e-05,-0.8093560590308478,-0.7860496556533072,-4.649068820224794e-05,0.10167593296097349,0.10020504618769778,4.649068820208432e-05,2.4010749712201702e-17,-6.698515622877127e-15
316.72,"[0.06062, 0.0456, 0.3327847870207162]",0.0456,0.3327847870207162,4.649068816872593e-05,-0.16113538654327003,-0.15873377134238537,-4.649068816880375e-05,0.39316331054184045,0.38935473343900495,-4.6490686762124596e-05,-0.2816353123573698,-0.2659439625679623,4.6490688133896237e-05,-0.8125795547481297,-0.7860496556533072,-4.6490688168808414e-05,0.10195163826658982,0.10020504618769778,4.6490688168720614e-05,2.39045363022658e-17,-6.698515622877127e-15
316.74,"[0.06062, 0.0456, 0.3327847870207162]",0.0456,0.3327847870207162,4.6490688071210554e-05,-0.16113538654327003,-0.15908926607225288,-4.649068807136694e-05,0.39316331054184045,0.39007029216729816,-4.649068665302045e-05,-0.2816353123573698,-0.2675910856354993,4.649068803154655e-05,-0.8125795547481297,-0.7890923726009397,-4.649068807137703e-05,0.10195163826658982,0.10045279148773811,4.649068807120037e-05,2.39045363022658e-17,-7.0864907217329006e-15
316.76,"[0.06062, 0.0456, 0.33235393802067537]",0.0456,0.33235393802067537,4.6490688031470844e-05,-0.16150096983599718,-0.15908926607225288,-4.6490688031306235e-05,0.3939136828739907,0.39007029216729816,-4.649068663751033e-05,-0.2832217913450695,-0.2675910856354993,4.64906880286067e-05,-0.8155429243810222,-0.7890923726009397,-4.649068803129454e-05,0.10220439306814764,0.10045279148773811,4.649068803148099e-05,2.3819199250443902e-17,-7.0864907217329006e-15
316.78,"[0.06062, 0.0456, 0.33235393802067537]",0.0456,0.33235393802067537,4.649068796436813e-05,-0.16150096983599718,-0.1594458040532632,-4.649068796448335e-05,0.3939136828739907,0.39079012822726433,-4.649068654113431e-05,-0.2832217913450695,-0.2692292149745011,4.64906879298822e-05,-0.8155429243810222,-0.79212341551612,-4.64906879644903e-05,0.10220439306814764,0.10070101438810762,4.649068796436041e-05,2.3819199250443902e-17,-7.224238872723626e-15
316.8,"[0.06062, 0.0456, 0.33235393802067537]",0.0456,0.33235393802067537,4.649068794217295e-05,-0.16150096983599718,-0.1594458040532632,-4.6490687942225434e-05,0.3939136828739907,0.39079012822726433,-4.6490686520194016e-05,-0.2832217913450695,-0.2692292149745011,4.64906879120538e-05,-0.8155429243810222,-0.79212341551612,-4.6490687942228334e-05,0.10220439306814764,0.10070101438810762,4.649068794216923e-05,2.3819199250443902e-17,-7.224238872723626e-15
316.82,"[0.06062, 0.0456, 0.3319603793018416]",0.0456,0.3319603793018416,4.6490687855129054e-05,-0.16183331646495186,-0.15979445391261493,-4.649068785525803e-05,0.3945932213836144,0.3914917658124195,-4.6490686421929744e-05,-0.28467163012333835,-0.2708371685869759,4.649068781952728e-05,-0.8182447655980037,-0.7950928954786781,-4.649068785526598e-05,0.10243425142833598,0.10094381391219753,4.649068785512029e-05,2.3708706773115856e-17,-7.379442965317082e-15
316.84,"[0.06062, 0.0456, 0.3319603793018416]",0.0456,0.3319603793018416,4.649068783426502e-05,-0.16183331646495186,-0.15979445391261493,-4.64906878343126e-05,0.3945932213836144,0.3914917658124195,-4.6490686404511914e-05,-0.28467163012333835,-0.2708371685869759,4.649068780578411e-05,-0.8182447655980037,-0.7950928954786781,-4.649068783431546e-05,0.10243425142833598,0.10094381391219753,4.6490687834262194e-05,2.3708706773115856e-17,-7.379442965317082e-15
316.86,"[0.06062, 0.0456, 0.3316044992591554]",0.0456,0.3316044992591554,4.649068775160466e-05,-0.16213253653016027,-0.16010253320083975,-4.649068775172336e-05,0.39520285849807407,0.39210244302687963,-4.6490686311122845e-05,-0.28598323064406234,-0.27229888874379826,4.649068771781891e-05,-0.8206838058652721,-0.7977698584073927,-4.649068775173048e-05,0.10264126594537319,0.10115901025096723,4.649068775159678e-05,2.3739475336511296e-17,-7.519729021978423e-15
316.88,"[0.06062, 0.0456, 0.3316044992591554]",0.0456,0.3316044992591554,4.649068773022216e-05,-0.16213253653016027,-0.16040895021103155,-4.649068773027076e-05,0.39520285849807407,0.392711071233597,-4.649068629289785e-05,-0.28598323064406234,-0.27374396217280106,4.649068770319409e-05,-0.8206838058652721,-0.8004190405470805,-4.649068773027319e-05,0.10264126594537319,0.10137288133451663,4.649068773021914e-05,2.3739475336511296e-17,-7.51045726283222e-15
316.9,"[0.06062, 0.0456, 0.3316044992591554]",0.0456,0.3316044992591554,4.6490687695628996e-05,-0.16213253653016027,-0.16040895021103155,-4.649068769550165e-05,0.39520285849807407,0.392711071233597,-4.649068627204325e-05,-0.28598323064406234,-0.27374396217280106,4.649068769084061e-05,-0.8206838058652721,-0.8004190405470805,-4.649068769549348e-05,0.10264126594537319,0.10137288133451663,4.649068769563729e-05,2.3739475336511296e-17,-7.51045726283222e-15
316.92,"[0.06062, 0.0456, 0.33128664910325306]",0.0456,0.33128664910325306,4.649068762905184e-05,-0.16239873316108597,-0.16071049266464751,-4.649068762915047e-05,0.3957434577120615,0.39331020216571755,-4.649068617851661e-05,-0.28715513885453925,-0.2751622361065836,4.649068759568546e-05,-0.8228589015086678,-0.8030193779041491,-4.649068762915687e-05,0.10282548684074407,0.10158326601016035,4.64906876290452e-05,2.360530391922395e-17,-7.41405390977415e-15
316.94,"[0.06062, 0.0456, 0.33128664910325306]",0.0456,0.33128664910325306,4.649068760249362e-05,-0.16239873316108597,-0.16098057770838664,-4.649068760254372e-05,0.3957434577120615,0.39384005143116224,-4.649068615294982e-05,-0.28715513885453925,-0.2764622396080107,4.649068757355755e-05,-0.8228589015086678,-0.8053869451972356,-4.649068760254671e-05,0.10282548684074407,0.10177217408758239,4.6490687602490364e-05,2.360530391922395e-17,-7.280112069399174e-15
316.96,"[0.06062, 0.0456, 0.3310071425138639]",0.0456,0.3310071425138639,4.64906875599476e-05,-0.16263200134549,-0.16098057770838664,-4.6490687559858607e-05,0.3962158065881774,0.39384005143116224,-4.6490686122090076e-05,-0.2881860485589524,-0.2764622396080107,4.649068755132738e-05,-0.824769036842268,-0.8053869451972356,-4.64906875598526e-05,0.10298696111543541,0.10177217408758239,4.649068755995308e-05,2.350842754746215e-17,-7.280112069399174e-15
316.98,"[0.06062, 0.0456, 0.3310071425138639]",0.0456,0.3310071425138639,4.64906874898887e-05,-0.16263200134549,-0.16124466727274026,-4.649068748998596e-05,0.3962158065881774,0.3943570424148828,-4.649068602733534e-05,-0.2881860485589524,-0.2777356843224233,4.649068745607765e-05,-0.824769036842268,-0.807703495980797,-4.649068748999219e-05,0.10298696111543541,0.10195690493718436,4.649068748988264e-05,2.350842754746215e-17,-7.164799176790179e-15
317.0,"[0.06062, 0.0456, 0.3310071425138639]",0.0456,0.3310071425138639,4.64906874581748e-05,-0.16263200134549,-0.16147986885970605,-4.64906874582289e-05,0.3962158065881774,0.3948101077480571,-4.649068599648328e-05,-0.2881860485589524,-0.2789021168938691,4.649068742914859e-05,-0.824769036842268,-0.8098085295359352,-4.649068745823268e-05,0.10298696111543541,0.10212194083983572,4.6490687458171454e-05,2.350842754746215e-17,-7.072322236297582e-15
317.02,"[0.06062, 0.0456, 0.3307662553302464]",0.0456,0.3307662553302464,4.649068741357167e-05,-0.16283242686426286,-0.16147986885970605,-4.649068741351022e-05,0.39662061038538904,0.3948101077480571,-4.6490685962539426e-05,-0.2890748049486433,-0.2789021168938691,4.6490687403676275e-05,-0.8264133233700124,-0.8098085295359352,-4.6490687413506146e-05,0.10312573178121535,0.10212194083983572,4.649068741357569e-05,2.3437448293674943e-17,-7.072322236297582e-15
317.04,"[0.06062, 0.0456, 0.3307662553302464]",0.0456,0.3307662553302464,4.649068734523012e-05,-0.16283242686426286,-0.16170387320078705,-4.649068734531852e-05,0.39662061038538904,0.39523677150751363,-4.6490685871665164e-05,-0.2890748049486433,-0.2800320682041513,4.6490687312856515e-05,-0.8264133233700124,-0.8118368782604923,-4.649068734532481e-05,0.10312573178121535,0.10227940453928984,4.649068734522513e-05,2.3437448293674943e-17,-7.181030624564423e-15
317.06,"[0.06062, 0.0456, 0.33056422527896817]",0.0456,0.33056422527896817,4.649068730424046e-05,-0.1630000853400818,-0.1619238970878676,-4.6490687304180444e-05,0.39695848636138265,0.3956576133412956,-4.6490685846480185e-05,-0.28982040777196394,-0.28113252319224463,4.6490687297416236e-05,-0.8277909990665798,-0.8138159617880832,-4.649068730417646e-05,0.10324183717303975,0.10243390657364884,4.6490687304244365e-05,2.3447492835795336e-17,-7.076470256583802e-15
317.08,"[0.06062, 0.0456, 0.33056422527896817]",0.0456,0.33056422527896817,4.649068727898345e-05,-0.1630000853400818,-0.1619238970878676,-4.6490687278914895e-05,0.39695848636138265,0.3956576133412956,-4.649068581859856e-05,-0.28982040777196394,-0.28113252319224463,4.6490687271599234e-05,-0.8277909990665798,-0.8138159617880832,-4.6490687278910924e-05,0.10324183717303975,0.10243390657364884,4.649068727898862e-05,2.3447492835795336e-17,-7.076470256583802e-15
317.1,"[0.06062, 0.0456, 0.33056422527896817]",0.0456,0.33056422527896817,4.649068721511631e-05,-0.1630000853400818,-0.1621186976272177,-4.6490687215192837e-05,0.39695848636138265,0.3960229488976988,-4.6490685731846974e-05,-0.28982040777196394,-0.2821384620973724,4.6490687184311635e-05,-0.8277909990665798,-0.8156091405344407,-4.649068721519775e-05,0.10324183717303975,0.1025711970739012,4.649068721511134e-05,2.3447492835795336e-17,-7.027133022764858e-15
317.12,"[0.06062, 0.0456, 0.3304012517392984]",0.0456,0.3304012517392984,4.649068718148121e-05,-0.16313504140705512,-0.1621186976272177,-4.649068718152994e-05,0.39722995879048106,0.3960229488976988,-4.649068569861783e-05,-0.2904220141171204,-0.2821384620973724,4.649068715500714e-05,-0.828901427743462,-0.8156091405344407,-4.649068718153353e-05,0.1033353103481205,0.1025711970739012,4.649068718147816e-05,2.3418097539725625e-17,-7.027133022764858e-15
317.14,"[0.06062, 0.0456, 0.3304012517392984]",0.0456,0.3304012517392984,4.649068710944775e-05,-0.16313504140705512,-0.16229948277933906,-4.649068710952217e-05,0.39722995879048106,0.3963561937431992,-4.649068561917839e-05,-0.2904220141171204,-0.28309594230509955,4.649068708095202e-05,-0.828901427743462,-0.8173035254153082,-4.649068710952736e-05,0.1033353103481205,0.1026989761184436,4.649068710944296e-05,2.3418097539725625e-17,-7.17165321117398e-15
317.16,"[0.06062, 0.0456, 0.33027749554644475]",0.0456,0.33027749554644475,4.649068708328533e-05,-0.1632373480077043,-0.16246898070317883,-4.6490687083324186e-05,0.3974354547339339,0.3966658662326966,-4.649068559528221e-05,-0.29087894078436977,-0.284004651439631,4.649068706076673e-05,-0.8297440985056949,-0.8189057860394618,-4.649068708332646e-05,0.1034061785765608,0.10281894242573678,4.6490687083282756e-05,2.3433949528069082e-17,-7.281048312041722e-15
317.18,"[0.06062, 0.0456, 0.33027749554644475]",0.0456,0.33027749554644475,4.6490687049759496e-05,-0.1632373480077043,-0.16246898070317883,-4.649068704972437e-05,0.3974354547339339,0.3966658662326966,-4.649068557087903e-05,-0.29087894078436977,-0.284004651439631,4.6490687043067895e-05,-0.8297440985056949,-0.8189057860394618,-4.6490687049722125e-05,0.1034061785765608,0.10281894242573678,4.649068704976202e-05,2.3433949528069082e-17,-7.281048312041722e-15
317.2,"[0.06062, 0.0456, 0.33027749554644475]",0.0456,0.33027749554644475,4.649068699724026e-05,-0.1632373480077043,-0.16261776637153405,-4.649068699729479e-05,0.3974354547339339,0.3969312437889398,-4.6490685500271974e-05,-0.29087894078436977,-0.284830398021207,4.64906869723064e-05,-0.8297440985056949,-0.8203486020343898,-4.6490686997297866e-05,0.1034061785765608,0.10292469287321113,4.649068699723621e-05,2.3433949528069082e-17,-7.3698891077046e-15
317.22,"[0.06062, 0.0456, 0.3301930788328282]",0.0456,0.3301930788328282,4.6490686971425015e-05,-0.16330704582274125,-0.16261776637153405,-4.649068697145973e-05,0.39757530059411395,0.3969312437889398,-4.649068547505295e-05,-0.2911906662272226,-0.284830398021207,4.649068695019787e-05,-0.830318625304138,-0.8203486020343898,-4.6490686971461274e-05,0.10345446292776794,0.10292469287321113,4.649068697142158e-05,2.3466064405062388e-17,-7.3698891077046e-15
317.24,"[0.06062, 0.0456, 0.3301930788328282]",0.0456,0.3301930788328282,4.649068691075217e-05,-0.16330704582274125,-0.16275092621684978,-4.64906869107332e-05,0.39757530059411395,0.397162505849437,-4.6490685421308656e-05,-0.2911906662272226,-0.28559590719161126,4.6490686905337e-05,-0.830318625304138,-0.8216738205058685,-4.649068691073188e-05,0.10345446292776794,0.10301974938246915,4.6490686910753346e-05,2.3466064405062388e-17,-7.558235088401276e-15
317.26,"[0.06062, 0.0456, 0.3301480849075535]",0.0456,0.3301480849075535,4.649068689214363e-05,-0.16334416283811104,-0.1628704265211446,-4.649068689217168e-05,0.3976497194784744,0.39736662170842096,-4.6490685391522844e-05,-0.29135683204583956,-0.2862978770363317,4.6490686873987874e-05,-0.830624746587437,-0.8228825141577576,-4.6490686892173414e-05,0.10348017795609166,0.10310529295423464,4.649068689214149e-05,2.3461614476918162e-17,-7.590086167292103e-15
317.28,"[0.06062, 0.0456, 0.3301480849075535]",0.0456,0.3301480849075535,4.649068687017557e-05,-0.16334416283811104,-0.1629772884237687,-4.649068687020412e-05,0.3976497194784744,0.3975443240123043,-4.649068536680699e-05,-0.29135683204583956,-0.2869462831635432,4.649068685087785e-05,-0.830624746587437,-0.8239899799077445,-4.649068687020604e-05,0.10348017795609166,0.10318211316404453,4.649068687017387e-05,2.3461614476918162e-17,-7.648167896176225e-15
317.3,"[0.06062, 0.0456, 0.3301480849075535]",0.0456,0.3301480849075535,4.649068683827388e-05,-0.16334416283811104,-0.1629772884237687,-4.649068683826654e-05,0.3976497194784744,0.3975443240123043,-4.649068534113358e-05,-0.29135683204583956,-0.2869462831635432,4.649068683073066e-05,-0.830624746587437,-0.8239899799077445,-4.649068683826613e-05,0.10348017795609166,0.10318211316404453,4.649068683827414e-05,2.3461614476918162e-17,-7.648167896176225e-15
317.32,"[0.06062, 0.0456, 0.3301425581741926]",0.0456,0.3301425581741926,4.6490686793172386e-05,-0.16334416283811104,-0.16306567624186116,-4.6490686793208334e-05,0.3976497194784744,0.3976824303492681,-4.649068528239483e-05,-0.29135683204583956,-0.2875211666334823,4.649068677252531e-05,-0.830624746587437,-0.8249559620446063,-4.649068679321082e-05,0.10348017795609166,0.10324626147457663,4.649068679316963e-05,2.3461614476918162e-17,-7.801506149323123e-15
317.34,"[0.06062, 0.0456, 0.3301425581741926]",0.0456,0.3301425581741926,4.64906867642006e-05,-0.16334416283811104,-0.16306567624186116,-4.6490686764199116e-05,0.3976497194784744,0.3976824303492681,-4.6490685262341795e-05,-0.29135683204583956,-0.2875211666334823,4.649068675851265e-05,-0.830624746587437,-0.8249559620446063,-4.649068676419907e-05,0.10348017795609166,0.10324626147457663,4.649068676420041e-05,2.3461614476918162e-17,-7.801506149323123e-15
317.36,"[0.06062, 0.0456, 0.3301765040869641]",0.0456,0.3301765040869641,4.649068672650768e-05,-0.16332069966007579,-0.1631408358723186,-4.649068672653567e-05,0.39760263601985274,0.39779363581945165,-4.6490685212689374e-05,-0.29125187350320825,-0.28803717022189684,4.649068670915219e-05,-0.8304313422867439,-0.825812577184863,-4.6490686726537774e-05,0.10346392344428249,0.10330123869842724,4.649068672650535e-05,2.3461803490862267e-17,-7.924621554839072e-15
317.38,"[0.06062, 0.0456, 0.3301765040869641]",0.0456,0.3301765040869641,4.6490686707711986e-05,-0.16332069966007579,-0.1631408358723186,-4.649068670773183e-05,0.39760263601985274,0.39779363581945165,-4.649068519440761e-05,-0.29125187350320825,-0.28803717022189684,4.64906866931474e-05,-0.8304313422867439,-0.825812577184863,-4.6490686707733e-05,0.10346392344428249,0.10330123869842724,4.649068670771033e-05,2.3461803490862267e-17,-7.924621554839072e-15
317.4,"[0.06062, 0.0456, 0.3301765040869641]",0.0456,0.3301765040869641,4.64906866675194e-05,-0.16332069966007579,-0.16320157653569856,-4.649068666754314e-05,0.39760263601985274,0.3978754238268552,-4.649068515010363e-05,-0.29125187350320825,-0.2884896070996755,4.6490686651892094e-05,-0.8304313422867439,-0.8265509011495464,-4.6490686667544653e-05,0.10346392344428249,0.10334623069204432,4.649068666751803e-05,2.3461803490862267e-17,-8.028632364495097e-15
317.42,"[0.06062, 0.0456, 0.33024988914535036]",0.0456,0.33024988914535036,4.649068665217336e-05,-0.16326011338955196,-0.1632424948292902,-4.6490686652189254e-05,0.3974810642721241,0.3979172474565637,-4.6490685136059496e-05,-0.2909808541102507,-0.28885271599659756,4.649068663999194e-05,-0.8299319243893787,-0.8271242240019682,-4.649068665219025e-05,0.10342195118491335,0.10337746560925877,4.649068665217212e-05,2.34396851605002e-17,-8.137400073381438e-15
317.44,"[0.06062, 0.0456, 0.33024988914535036]",0.0456,0.33024988914535036,4.6490686631658246e-05,-0.16326011338955196,-0.1632424948292902,-4.6490686631670857e-05,0.3974810642721241,0.3979172474565637,-4.649068511950692e-05,-0.2909808541102507,-0.28885271599659756,4.649068662693807e-05,-0.8299319243893787,-0.8271242240019682,-4.6490686631671494e-05,0.10342195118491335,0.10337746560925877,4.649068663165733e-05,2.34396851605002e-17,-8.137400073381438e-15
317.46,"[0.06062, 0.0456, 0.3303626409271588]",0.0456,0.3303626409271588,4.649068660332699e-05,-0.16316692595090102,-0.16327472338481644,-4.6490686603341955e-05,0.39729389495829387,0.3979427799311625,-4.6490685082704606e-05,-0.2905644866067254,-0.2891710503991367,4.649068659057437e-05,-0.8291642916986445,-0.8276178041395351,-4.649068660334289e-05,0.10335739890951283,0.10340257840843517,4.649068660332572e-05,2.3422238889062552e-17,-8.230832933398586e-15
317.48,"[0.06062, 0.0456, 0.3303626409271588]",0.0456,0.3303626409271588,4.6490686588084696e-05,-0.16316692595090102,-0.16327472338481644,-4.649068658809729e-05,0.39729389495829387,0.3979427799311625,-4.6490685067801834e-05,-0.2905644866067254,-0.2891710503991367,4.649068657748179e-05,-0.8291642916986445,-0.8276178041395351,-4.649068658809826e-05,0.10335739890951283,0.10340257840843517,4.649068658808383e-05,2.3422238889062552e-17,-8.230832933398586e-15
317.5,"[0.06062, 0.0456, 0.3303626409271588]",0.0456,0.3303626409271588,4.6490686559137826e-05,-0.16316692595090102,-0.16328750164513883,-4.649068655914787e-05,0.39729389495829387,0.3979294687521421,-4.6490685036105014e-05,-0.2905644866067254,-0.2894003659495898,4.649068654806982e-05,-0.8291642916986445,-0.8279478499475258,-4.6490686559148384e-05,0.10335739890951283,0.10341417302248203,4.649068655913661e-05,2.3422238889062552e-17,-8.330513965178865e-15
317.52,"[0.06062, 0.0456, 0.3305146481599933]",0.0456,0.3305146481599933,4.649068654570998e-05,-0.16304110201455257,-0.16328750164513883,-4.649068654572065e-05,0.39704083118169164,0.3979294687521421,-4.6490685023433076e-05,-0.2900032342957198,-0.2894003659495898,4.649068653712473e-05,-0.8281288083365638,-0.8279478499475258,-4.6490686545721305e-05,0.10327024856015435,0.10341417302248203,4.6490686545708505e-05,2.3439181456302686e-17,-8.330513965178865e-15
317.54,"[0.06062, 0.0456, 0.3305146481599933]",0.0456,0.3305146481599933,4.6490686522445945e-05,-0.16304110201455257,-0.16327989792948058,-4.649068652245141e-05,0.39704083118169164,0.3978750453769066,-4.649068499808522e-05,-0.2900032342957198,-0.28953835336598294,4.649068651366582e-05,-0.8281288083365638,-0.8281091607327088,-4.649068652245165e-05,0.10327024856015435,0.10341163453268969,4.649068652244471e-05,2.3439181456302686e-17,-8.422257740873401e-15
317.56,"[0.06062, 0.0456, 0.3307057608310673]",0.0456,0.3307057608310673,4.649068651080449e-05,-0.16288259228250132,-0.16327989792948058,-4.6490686510814054e-05,0.39672146797924585,0.3978750453769066,-4.6490684986994044e-05,-0.28929772280568894,-0.28953835336598294,4.6490686504028236e-05,-0.8268259583069395,-0.8281091607327088,-4.6490686510815084e-05,0.10316047478037889,0.10341163453268969,4.6490686510803375e-05,2.3426376787712277e-17,-8.422257740873401e-15
317.58,"[0.06062, 0.0456, 0.3307057608310673]",0.0456,0.3307057608310673,4.649068649265192e-05,-0.16288259228250132,-0.16325084598610792,-4.649068649265307e-05,0.39672146797924585,0.39777699667301153,-4.649068496735285e-05,-0.28929772280568894,-0.28958191564298597,4.649068648592161e-05,-0.8268259583069395,-0.8280951493672978,-4.649068649265275e-05,0.10316047478037889,0.10339425116013877,4.6490686492650714e-05,2.3426376787712277e-17,-8.5001872799824e-15
317.6,"[0.06062, 0.0456, 0.3307057608310673]",0.0456,0.3307057608310673,4.6490686482199384e-05,-0.16288259228250132,-0.16321988948284522,-4.649068648220826e-05,0.39672146797924585,0.39767725170442236,-4.649068495722707e-05,-0.28929772280568894,-0.28960734956336115,4.649068647703372e-05,-0.8268259583069395,-0.8280528102916627,-4.649068648220899e-05,0.10316047478037889,0.10337539311189595,4.649068648219841e-05,2.3426376787712277e-17,-8.570679610057774e-15
317.62,"[0.06062, 0.0456, 0.33093579033524756]",0.0456,0.33093579033524756,4.649068647206899e-05,-0.16269133572135389,-0.16321988948284522,-4.649068647210121e-05,0.3963353021864379,0.39767725170442236,-4.649068494816528e-05,-0.2884487382411325,-0.28960734956336115,4.6490686469360154e-05,-0.8252563506220888,-0.8280528102916627,-4.649068647210316e-05,0.10302804638848657,0.10337539311189595,4.649068647206597e-05,2.3489397259953384e-17,-8.570679610057774e-15
317.64,"[0.06062, 0.0456, 0.33093579033524756]",0.0456,0.33093579033524756,4.6490686461425135e-05,-0.16269133572135389,-0.1631679769345094,-4.6490686461421334e-05,0.3963353021864379,0.3975349690877363,-4.649068493541531e-05,-0.2884487382411325,-0.28954019100164324,4.649068645722906e-05,-0.8252563506220888,-0.8278387733723348,-4.649068646142068e-05,0.10302804638848657,0.10334202602703034,4.64906864614245e-05,2.3489397259953384e-17,-8.611027502791301e-15
317.66,"[0.06062, 0.0456, 0.3312045096611853]",0.0456,0.3312045096611853,4.649068645196331e-05,-0.1624672602553962,-0.1631679769345094,-4.649068645200388e-05,0.39588173646074704,0.3975349690877363,-4.649068492618419e-05,-0.2874572249649846,-0.28954019100164324,4.649068644898698e-05,-0.8234207197884567,-0.8278387733723348,-4.64906864520064e-05,0.10287292687960951,0.10334202602703034,4.649068645196033e-05,2.3493228142007045e-17,-8.611027502791301e-15
317.68,"[0.06062, 0.0456, 0.3312045096611853]",0.0456,0.3312045096611853,4.649068644426049e-05,-0.1624672602553962,-0.163093467961575,-4.649068644425449e-05,0.39588173646074704,0.39734629623807033,-4.649068491803254e-05,-0.2874572249649846,-0.2893754219927077,4.64906864416814e-05,-0.8234207197884567,-0.8274424762426181,-4.6490686444254246e-05,0.10287292687960951,0.10329304902900145,4.649068644426076e-05,2.3493228142007045e-17,-8.63202692765504e-15
317.7,"[0.06062, 0.0456, 0.3312045096611853]",0.0456,0.3312045096611853,4.649068643593108e-05,-0.1624672602553962,-0.163093467961575,-4.6490686435982014e-05,0.39588173646074704,0.39734629623807033,-4.649068490862978e-05,-0.2874572249649846,-0.2893754219927077,4.6490686432697925e-05,-0.8234207197884567,-0.8274424762426181,-4.64906864359854e-05,0.10287292687960951,0.10329304902900145,4.649068643592775e-05,2.3493228142007045e-17,-8.63202692765504e-15
317.72,"[0.06062, 0.0456, 0.33151165361534884]",0.0456,0.33151165361534884,4.649068643123573e-05,-0.16221028358796763,-0.16299489643636725,-4.6490686431227455e-05,0.3953600840664715,0.3971077947845034,-4.64906849051586e-05,-0.28632428296164386,-0.2891084542910929,4.649068643030426e-05,-0.821319926387002,-0.8268543071358356,-4.6490686431226615e-05,0.1026950750190705,0.10322747580021455,4.649068643123621e-05,2.353841997760203e-17,-8.641384517735037e-15
317.74,"[0.06062, 0.0456, 0.33151165361534884]",0.0456,0.33151165361534884,4.649068642401452e-05,-0.16221028358796763,-0.16299489643636725,-4.649068642407639e-05,0.3953600840664715,0.3971077947845034,-4.649068489551037e-05,-0.28632428296164386,-0.2891084542910929,4.649068642049233e-05,-0.821319926387002,-0.8268543071358356,-4.6490686424080246e-05,0.1026950750190705,0.10322747580021455,4.64906864240103e-05,2.353841997760203e-17,-8.641384517735037e-15
317.76,"[0.06062, 0.0456, 0.33185691908373716]",0.0456,0.33185691908373716,4.6490686422388484e-05,-0.16192031414417715,-0.162900249812278,-4.649068642237722e-05,0.39476957438471283,0.39688027419164773,-4.649068489684422e-05,-0.2850511648029956,-0.28884553814428676,4.649068642315145e-05,-0.8189549577427957,-0.8262809898373844,-4.649068642237629e-05,0.1024944455227161,0.10316440844738985,4.649068642238907e-05,2.3560598087753518e-17,-8.678397782852034e-15
317.78,"[0.06062, 0.0456, 0.33185691908373716]",0.0456,0.33185691908373716,4.649068641800316e-05,-0.16192031414417715,-0.162900249812278,-4.64906864180043e-05,0.39476957438471283,0.39688027419164773,-4.649068489236749e-05,-0.2850511648029956,-0.28884553814428676,4.649068641909597e-05,-0.8189549577427957,-0.8262809898373844,-4.649068641800463e-05,0.1024944455227161,0.10316440844738985,4.64906864180031e-05,2.3560598087753518e-17,-8.678397782852034e-15
317.8,"[0.06062, 0.0456, 0.33185691908373716]",0.0456,0.33185691908373716,4.6490686422384126e-05,-0.16192031414417715,-0.16278221416365535,-4.6490686422363994e-05,0.39476957438471283,0.3966043668830476,-4.649068489798124e-05,-0.2850511648029956,-0.2884828822403522,4.649068642471089e-05,-0.8189549577427957,-0.825520567708287,-4.649068642236261e-05,0.1024944455227161,0.10308520132782897,4.649068642238509e-05,2.3560598087753518e-17,-8.67099067945171e-15
317.82,"[0.06062, 0.0456, 0.3322399653310175]",0.0456,0.3322399653310175,4.6490686417374726e-05,-0.16159725212782633,-0.16263664269433178,-4.649068641737728e-05,0.39410935910805617,0.39626988226069754,-4.64906848923397e-05,-0.2836392722429083,-0.2880096494465243,4.649068641935244e-05,-0.8163269286782503,-0.8245486632570896,-4.6490686417377816e-05,0.1022709898187179,0.10298709954761823,4.649068641737447e-05,2.3633902732201415e-17,-8.688426274739445e-15
317.84,"[0.06062, 0.0456, 0.3322399653310175]",0.0456,0.3322399653310175,4.6490686413719704e-05,-0.16159725212782633,-0.16263664269433178,-4.6490686413800206e-05,0.39410935910805617,0.39626988226069754,-4.6490684884552605e-05,-0.2836392722429083,-0.2880096494465243,4.649068641045608e-05,-0.8163269286782503,-0.8245486632570896,-4.649068641380525e-05,0.1022709898187179,0.10298709954761823,4.6490686413714446e-05,2.3633902732201415e-17,-8.688426274739445e-15
317.86,"[0.06062, 0.0456, 0.3326604143367895]",0.0456,0.3326604143367895,4.649068642053733e-05,-0.16124099068469683,-0.1624689369935255,-4.649068642051618e-05,0.3933785190750162,0.39588964489769757,-4.649068489806634e-05,-0.28209015246848046,-0.28744138918954265,4.649068642562951e-05,-0.8134370823440276,-0.8233984146008732,-4.649068642051471e-05,0.10202465688477681,0.10287371219607795,4.649068642053833e-05,2.3822416994211946e-17,-8.672194797389445e-15
317.88,"[0.06062, 0.0456, 0.3326604143367895]",0.0456,0.3326604143367895,4.6490686419134136e-05,-0.16124099068469683,-0.1624689369935255,-4.649068641922308e-05,0.3933785190750162,0.39588964489769757,-4.6490684890286774e-05,-0.28209015246848046,-0.28744138918954265,4.6490686415707894e-05,-0.8134370823440276,-0.8233984146008732,-4.649068641922896e-05,0.10202465688477681,0.10287371219607795,4.649068641912809e-05,2.3822416994211946e-17,-8.672194797389445e-15
317.9,"[0.06062, 0.0456, 0.3326604143367895]",0.0456,0.3326604143367895,4.649068642877676e-05,-0.16124099068469683,-0.16231582067601183,-4.6490686428753137e-05,0.3933785190750162,0.39554391726034915,-4.649068490812581e-05,-0.28209015246848046,-0.2869163795542833,4.649068643539751e-05,-0.8134370823440276,-0.8223400703954743,-4.649068642875144e-05,0.10202465688477681,0.10277009362514293,4.6490686428777836e-05,2.3822416994211946e-17,-8.716003091035553e-15
317.92,"[0.06062, 0.0456, 0.3331178511686459]",0.0456,0.3331178511686459,4.649068642892225e-05,-0.16085141716376,-0.16231582067601183,-4.649068642891834e-05,0.3925760716953668,0.39554391726034915,-4.649068490801829e-05,-0.28040549403872395,-0.2869163795542833,4.649068643513677e-05,-0.8102867911214059,-0.8223400703954743,-4.649068642891736e-05,0.10175539415419128,0.10277009362514293,4.6490686428921486e-05,2.4006736212840917e-17,-8.716003091035553e-15
317.94,"[0.06062, 0.0456, 0.3331178511686459]",0.0456,0.3331178511686459,4.649068644797127e-05,-0.16085141716376,-0.16214019070044625,-4.6490686447936366e-05,0.3925760716953668,0.3951511666838212,-4.649068493009829e-05,-0.28040549403872395,-0.28629644654451497,4.6490686456229096e-05,-0.8102867911214059,-0.8211024310206554,-4.649068644793409e-05,0.10175539415419128,0.10265095112893392,4.6490686447973066e-05,2.4006736212840917e-17,-8.669198218902548e-15
317.96,"[0.06062, 0.0456, 0.3336118243916606]",0.0456,0.3336118243916606,4.6490686446939815e-05,-0.1604284144673966,-0.16214019070044625,-4.64906864469383e-05,0.3917009789141041,0.3951511666838212,-4.649068492786072e-05,-0.27858712254342644,-0.28629644654451497,4.649068645362214e-05,-0.8068775575898683,-0.8211024310206554,-4.649068644693818e-05,0.10146314848387201,0.10265095112893392,4.6490686446939266e-05,2.408170893537396e-17,-8.669198218902548e-15
317.98,"[0.06062, 0.0456, 0.3336118243916606]",0.0456,0.3336118243916606,4.6490686468016075e-05,-0.1604284144673966,-0.16194063582831264,-4.649068646797972e-05,0.3917009789141041,0.39470759152385965,-4.649068495244644e-05,-0.27858712254342644,-0.2855789521261072,4.64906864771591e-05,-0.8068775575898683,-0.8196783490081311,-4.649068646797743e-05,0.10146314848387201,0.10251536049539559,4.649068646801769e-05,2.408170893537396e-17,-8.583994662364196e-15
318.0,"[0.06062, 0.0456, 0.3336118243916606]",0.0456,0.3336118243916606,4.649068646567695e-05,-0.1604284144673966,-0.16194063582831264,-4.6490686465678494e-05,0.3917009789141041,0.39470759152385965,-4.6490684948647175e-05,-0.27858712254342644,-0.2855789521261072,4.6490686473032014e-05,-0.8068775575898683,-0.8196783490081311,-4.649068646567859e-05,0.10146314848387201,0.10251536049539559,4.649068646567648e-05,2.408170893537396e-17,-8.583994662364196e-15
318.02,"[0.06062, 0.0456, 0.3341418465139006]",0.0456,0.3341418465139006,4.649068648941919e-05,-0.15997186248136097,-0.16175819882968234,-4.649068648938061e-05,0.39075215565899735,0.39430369709406554,-4.649068497647861e-05,-0.27663699601655906,-0.28491582412374067,4.6490686499720654e-05,-0.8032110155537574,-0.818366994155966,-4.649068648937805e-05,0.10114786717710056,0.1023912879529572,4.6490686489421173e-05,2.426140700480779e-17,-8.583114222230843e-15
318.04,"[0.06062, 0.0456, 0.3341418465139006]",0.0456,0.3341418465139006,4.649068649131691e-05,-0.15997186248136097,-0.1615499921211655,-4.64906864913128e-05,0.39075215565899735,0.39384425544648494,-4.649068497715903e-05,-0.27663699601655906,-0.2841507078144214,4.64906864997058e-05,-0.8032110155537574,-0.8168586739348235,-4.649068649131211e-05,0.10114786717710056,0.10224954413710317,4.649068649131625e-05,2.426140700480779e-17,-8.541268515345062e-15
318.06,"[0.06062, 0.0456, 0.33470739446752173]",0.0456,0.33470739446752173,4.6490686496918784e-05,-0.15948163957501837,-0.1615499921211655,-4.649068649702366e-05,0.38972847871451916,0.39384425544648494,-4.649068497589919e-05,-0.2745572001398341,-0.2841507078144214,4.649068649539634e-05,-0.7992889311221674,-0.8168586739348235,-4.649068649703038e-05,0.10080949905363738,0.10224954413710317,4.649068649691104e-05,2.4301960718884336e-17,-8.541268515345062e-15
318.08,"[0.06062, 0.0456, 0.33470739446752173]",0.0456,0.33470739446752173,4.64906865189152e-05,-0.15948163957501837,-0.16131521739075314,-4.649068651887886e-05,0.38972847871451916,0.3933270864861011,-4.649068501002526e-05,-0.2745572001398341,-0.2832818654119957,4.6490686531331076e-05,-0.7992889311221674,-0.8151488551689204,-4.6490686518875924e-05,0.10080949905363738,0.10208959923526896,4.649068651891653e-05,2.4301960718884336e-17,-8.444599389304703e-15
318.1,"[0.06062, 0.0456, 0.33470739446752173]",0.0456,0.33470739446752173,4.649068652608313e-05,-0.15948163957501837,-0.16131521739075314,-4.6490686526203085e-05,0.38972847871451916,0.3933270864861011,-4.649068500684951e-05,-0.2745572001398341,-0.2832818654119957,4.649068652372454e-05,-0.7992889311221674,-0.8151488551689204,-4.649068652621055e-05,0.10080949905363738,0.10208959923526896,4.6490686526074817e-05,2.4301960718884336e-17,-8.444599389304703e-15
318.12,"[0.06062, 0.0456, 0.3353079101249731]",0.0456,0.3353079101249731,4.6490686549211745e-05,-0.1589576241622971,-0.16105277703523707,-4.649068654917447e-05,0.3886287959633964,0.3927490210261638,-4.649068504347533e-05,-0.27234994327282835,-0.282307874526743,4.649068656250001e-05,-0.7951132038367137,-0.8132326383003287,-4.649068654917172e-05,0.1004479955597011,0.10191074226721542,4.6490686549213724e-05,2.4092625314463684e-17,-8.33660379297026e-15
318.14,"[0.06062, 0.0456, 0.3353079101249731]",0.0456,0.3353079101249731,4.6490686555865535e-05,-0.1589576241622971,-0.16105277703523707,-4.649068655600458e-05,0.3886287959633964,0.3927490210261638,-4.649068503847738e-05,-0.27234994327282835,-0.282307874526743,4.6490686552662917e-05,-0.7951132038367137,-0.8132326383003287,-4.649068655601326e-05,0.1004479955597011,0.10191074226721542,4.6490686555856156e-05,2.4092625314463684e-17,-8.33660379297026e-15
318.16,"[0.06062, 0.0456, 0.3359428008498019]",0.0456,0.3359428008498019,4.649068658066054e-05,-0.158399696313846,-0.1607617930911868,-4.649068658062137e-05,0.3874519359361007,0.3921074594738467,-4.6490685078401225e-05,-0.27001755134647676,-0.28122770230798316,4.649068659511433e-05,-0.7906858678424422,-0.8111061478338201,-4.6490686580618175e-05,0.10006331191035087,0.10171240498214044,4.649068658066277e-05,2.4029514911208026e-17,-8.239290011276249e-15
318.18,"[0.06062, 0.0456, 0.3359428008498019]",0.0456,0.3359428008498019,4.649068658752266e-05,-0.158399696313846,-0.1607617930911868,-4.649068658768079e-05,0.3874519359361007,0.3921074594738467,-4.649068507236247e-05,-0.27001755134647676,-0.28122770230798316,4.649068658376828e-05,-0.7906858678424422,-0.8111061478338201,-4.649068658769087e-05,0.10006331191035087,0.10171240498214044,4.649068658751225e-05,2.4029514911208026e-17,-8.239290011276249e-15
318.2,"[0.06062, 0.0456, 0.3359428008498019]",0.0456,0.3359428008498019,4.6490686614597044e-05,-0.158399696313846,-0.1604958398922395,-4.649068661455456e-05,0.3874519359361007,0.3915242274767667,-4.6490685116198634e-05,-0.27001755134647676,-0.28022623707147615,4.649068663044798e-05,-0.7906858678424422,-0.8091439814079034,-4.6490686614551196e-05,0.10006331191035087,0.10153089959396437,4.6490686614599206e-05,2.4029514911208026e-17,-8.161096170162644e-15
318.22,"[0.06062, 0.0456, 0.33661144008151406]",0.0456,0.33661144008151406,4.6490686626729944e-05,-0.15780773941107595,-0.1604958398922395,-4.649068662686628e-05,0.3861967176083007,0.3915242274767667,-4.649068511663904e-05,-0.2675624626567593,-0.28022623707147615,4.6490686625449095e-05,-0.7860090930979777,-0.8091439814079034,-4.649068662687483e-05,0.09965540825690697,0.10153089959396437,4.649068662672019e-05,2.4287955938174455e-17,-8.161096170162644e-15
318.24,"[0.06062, 0.0456, 0.33661144008151406]",0.0456,0.33661144008151406,4.649068665700277e-05,-0.15780773941107595,-0.16019911463181874,-4.649068665695568e-05,0.3861967176083007,0.3908722543541978,-4.649068516272796e-05,-0.2675624626567593,-0.2791111366767457,4.6490686673691605e-05,-0.7860090930979777,-0.806956026564099,-4.64906866569525e-05,0.09965540825690697,0.1013284030314943,4.649068665700551e-05,2.4287955938174455e-17,-8.050088897051393e-15
318.26,"[0.06062, 0.0456, 0.3373131679539137]",0.0456,0.3373131679539137,4.649068666776404e-05,-0.15718164183306207,-0.16019911463181874,-4.649068666792398e-05,0.3848619603865944,0.3908722543541978,-4.6490685160119636e-05,-0.2649872225950037,-0.2791111366767457,4.6490686665193744e-05,-0.7810851866219362,-0.806956026564099,-4.6490686667935e-05,0.09922425087225159,0.1013284030314943,4.649068666775342e-05,2.4474887458708042e-17,-8.050088897051393e-15
318.28,"[0.06062, 0.0456, 0.3373131679539137]",0.0456,0.3373131679539137,4.649068669883561e-05,-0.15718164183306207,-0.15986989156051146,-4.64906866987873e-05,0.3848619603865944,0.39014553672581254,-4.6490685208675495e-05,-0.2649872225950037,-0.2778849690841296,4.6490686716392176e-05,-0.7810851866219362,-0.804540872071613,-4.649068669878421e-05,0.09922425087225159,0.10110387784573317,4.64906866988388e-05,2.4474887458708042e-17,-8.08170887907676e-15
318.3,"[0.06062, 0.0456, 0.3373131679539137]",0.0456,0.3373131679539137,4.649068670150114e-05,-0.15718164183306207,-0.15986989156051146,-4.649068670150369e-05,0.3848619603865944,0.39014553672581254,-4.6490685210217454e-05,-0.2649872225950037,-0.2778849690841296,4.6490686717108536e-05,-0.7810851866219362,-0.804540872071613,-4.6490686701504434e-05,0.09922425087225159,0.10110387784573317,4.649068670150148e-05,2.4474887458708042e-17,-8.08170887907676e-15
318.32,"[0.06062, 0.0456, 0.33804729194631133]",0.0456,0.33804729194631133,4.649068674960083e-05,-0.1565212986677138,-0.15950869451091199,-4.6490686749529745e-05,0.38344649422372273,0.3893462489888507,-4.649068526570785e-05,-0.26229447835048014,-0.27654414181057,4.6490686769935216e-05,-0.7759165937737177,-0.801894673021062,-4.64906867495257e-05,0.0987698133471355,0.10085758528192339,4.64906867496056e-05,2.4202474462976547e-17,-8.055580410118605e-15
318.34,"[0.06062, 0.0456, 0.33804729194631133]",0.0456,0.33804729194631133,4.649068675200468e-05,-0.1565212986677138,-0.15950869451091199,-4.649068675200924e-05,0.38344649422372273,0.3893462489888507,-4.649068526544547e-05,-0.26229447835048014,-0.27654414181057,4.649068676832745e-05,-0.7759165937737177,-0.801894673021062,-4.649068675201005e-05,0.0987698133471355,0.10085758528192339,4.6490686752004755e-05,2.4202474462976547e-17,-8.055580410118605e-15
318.36,"[0.06062, 0.0456, 0.3388130875669584]",0.0456,0.3388130875669584,4.649068680257123e-05,-0.15582661343915366,-0.15917735528429655,-4.649068680249515e-05,0.38194916980589616,0.3886171477124202,-4.649068532387051e-05,-0.2594869736198793,-0.275295315690452,4.649068682398355e-05,-0.7705058995680036,-0.7994425289223297,-4.649068680249013e-05,0.09829207779099328,0.10063134588000189,4.649068680257578e-05,2.39673874820607e-17,-8.008690313002895e-15
318.38,"[0.06062, 0.0456, 0.3388130875669584]",0.0456,0.3388130875669584,4.649068680998421e-05,-0.15582661343915366,-0.15917735528429655,-4.6490686809978624e-05,0.38194916980589616,0.3886171477124202,-4.649068532895784e-05,-0.2594869736198793,-0.275295315690452,4.649068682731185e-05,-0.7705058995680036,-0.7994425289223297,-4.649068680997841e-05,0.09829207779099328,0.10063134588000189,4.6490686809984906e-05,2.39673874820607e-17,-8.008690313002895e-15
318.4,"[0.06062, 0.0456, 0.3388130875669584]",0.0456,0.3388130875669584,4.6490686861848645e-05,-0.15582661343915366,-0.15881074836908798,-4.6490686861769864e-05,0.38194916980589616,0.38780614468399666,-4.649068538830694e-05,-0.2594869736198793,-0.273928113672866,4.649068688361114e-05,-0.7705058995680036,-0.7967459095776458,-4.649068686176472e-05,0.09829207779099328,0.1003812269630414,4.649068686185398e-05,2.39673874820607e-17,-8.066690311543851e-15
318.42,"[0.06062, 0.0456, 0.3396097990680329]",0.0456,0.3396097990680329,4.649068686643429e-05,-0.1550974998438824,-0.15840891318123723,-4.649068686643575e-05,0.3803688687567941,0.3869137797458991,-4.6490685390202116e-05,-0.2565675433568524,-0.2724395313111214,4.6490686883906785e-05,-0.7648558300235513,-0.7938004095940916,-4.649068686643554e-05,0.09779103603121123,0.10010719811082051,4.649068686643344e-05,2.3713709233366436e-17,-8.125461943030422e-15
318.44,"[0.06062, 0.0456, 0.3396097990680329]",0.0456,0.3396097990680329,4.6490686881193746e-05,-0.1550974998438824,-0.15840891318123723,-4.649068688143493e-05,0.3803688687567941,0.3869137797458991,-4.6490685392216734e-05,-0.2565675433568524,-0.2724395313111214,4.649068687971689e-05,-0.7648558300235513,-0.7938004095940916,-4.649068688145084e-05,0.09779103603121123,0.10010719811082051,4.6490686881178153e-05,2.3713709233366436e-17,-8.125461943030422e-15
318.46,"[0.06062, 0.0456, 0.3404366401914714]",0.0456,0.3404366401914714,4.64906869274488e-05,-0.1543338834890427,-0.15797169204960956,-4.649068692737427e-05,0.37870451380522163,0.385939475935885,-4.649068546212734e-05,-0.2535391085931373,-0.27082904583635536,4.6490686952783486e-05,-0.7589692535482986,-0.7906044053205789,-4.6490686927369415e-05,0.09726669080531314,0.09980914822923724,4.6490686927453264e-05,2.3440823748672918e-17,-8.10131860012665e-15
318.48,"[0.06062, 0.0456, 0.3404366401914714]",0.0456,0.3404366401914714,4.6490686946783796e-05,-0.1543338834890427,-0.15797169204960956,-4.6490686947048795e-05,0.37870451380522163,0.385939475935885,-4.649068546288694e-05,-0.2535391085931373,-0.27082904583635536,4.649068694479384e-05,-0.7589692535482986,-0.7906044053205789,-4.649068694706646e-05,0.09726669080531314,0.09980914822923724,4.649068694676717e-05,2.3440823748672918e-17,-8.10131860012665e-15
318.5,"[0.06062, 0.0456, 0.3404366401914714]",0.0456,0.3404366401914714,4.649068699436815e-05,-0.1543338834890427,-0.15756820085818643,-4.6490686994289714e-05,0.37870451380522163,0.38504365870128765,-4.649068553528513e-05,-0.2535391085931373,-0.2693273922464666,4.649068702061975e-05,-0.7589692535482986,-0.7876346508606881,-4.6490686994284435e-05,0.09726669080531314,0.0995338403162371,4.649068699437295e-05,2.3440823748672918e-17,-8.236917715937681e-15
318.52,"[0.06062, 0.0456, 0.3412927949449108]",0.0456,0.3412927949449108,4.6490687009111584e-05,-0.1535357036268921,-0.15756820085818643,-4.649068700909903e-05,0.3769550788662073,0.38504365870128765,-4.649068554932704e-05,-0.25040467136084754,-0.2693273922464666,4.649068703261937e-05,-0.7528491823641593,-0.7876346508606881,-4.64906870090981e-05,0.09671905694109756,0.0995338403162371,4.6490687009112445e-05,2.3331473997783495e-17,-8.236917715937681e-15
318.54,"[0.06062, 0.0456, 0.3412927949449108]",0.0456,0.3412927949449108,4.649068707755462e-05,-0.1535357036268921,-0.15712782576350234,-4.649068707744352e-05,0.3769550788662073,0.3840646070691485,-4.6490685627054314e-05,-0.25040467136084754,-0.2676883593650048,4.6490687106116426e-05,-0.7528491823641593,-0.7843900567608109,-4.64906870774363e-05,0.09671905694109756,0.09923332630937667,4.6490687077561977e-05,2.3331473997783495e-17,-8.016791724257681e-15
318.56,"[0.06062, 0.0456, 0.3421774184069744]",0.0456,0.3421774184069744,4.6490687098995264e-05,-0.15270291488048313,-0.15712782576350234,-4.6490687099267074e-05,0.3751195989885373,0.3840646070691485,-4.649068562768122e-05,-0.2471673097434058,-0.2676883593650048,4.649068709698744e-05,-0.7464987739764153,-0.7843900567608109,-4.64906870992846e-05,0.0961481625203846,0.09923332630937667,4.649068709897752e-05,2.313042447743167e-17,-8.016791724257681e-15
318.58,"[0.06062, 0.0456, 0.3421774184069744]",0.0456,0.3421774184069744,4.649068714720019e-05,-0.15270291488048313,-0.1566481525810831,-4.649068714711666e-05,0.3751195989885373,0.3829910690282538,-4.649068570106733e-05,-0.2471673097434058,-0.2659287457505571,4.649068717384311e-05,-0.7464987739764153,-0.7808858295989064,-4.649068714711073e-05,0.0961481625203846,0.09890637467160154,4.649068714720498e-05,2.313042447743167e-17,-8.027943697054937e-15
318.6,"[0.06062, 0.0456, 0.3421774184069744]",0.0456,0.3421774184069744,4.649068715529589e-05,-0.15270291488048313,-0.1566481525810831,-4.649068715529973e-05,0.3751195989885373,0.3829910690282538,-4.6490685707829876e-05,-0.2471673097434058,-0.2659287457505571,4.6490687179011756e-05,-0.7464987739764153,-0.7808858295989064,-4.6490687155300214e-05,0.0961481625203846,0.09890637467160154,4.649068715529591e-05,2.313042447743167e-17,-8.027943697054937e-15
318.62,"[0.06062, 0.0456, 0.34308963756110683]",0.0456,0.34308963756110683,4.649068722678854e-05,-0.1518354889564709,-0.15613132025809057,-4.649068722666723e-05,0.3731971801252125,0.3818313035464773,-4.649068578989685e-05,-0.2438301730802863,-0.2640394629452097,4.649068725696999e-05,-0.7399213326940511,-0.7771147905340897,-4.649068722665929e-05,0.095554050022693,0.09855416502283681,4.649068722679636e-05,2.3323207782486287e-17,-7.793805503478176e-15
318.64,"[0.06062, 0.0456, 0.34308963756110683]",0.0456,0.34308963756110683,4.6490687246337316e-05,-0.1518354889564709,-0.15613132025809057,-4.6490687246685596e-05,0.3731971801252125,0.3818313035464773,-4.6490685785885176e-05,-0.2438301730802863,-0.2640394629452097,4.649068724235209e-05,-0.7399213326940511,-0.7771147905340897,-4.649068724670866e-05,0.095554050022693,0.09855416502283681,4.649068724631529e-05,2.3323207782486287e-17,-7.793805503478176e-15
318.66,"[0.06062, 0.0456, 0.3440285521571367]",0.0456,0.3440285521571367,4.6490687297252765e-05,-0.15093341634194055,-0.15565480451760472,-4.6490687297160716e-05,0.37118700868706883,0.38076543883149694,-4.64906858652717e-05,-0.2403964773483048,-0.2622815546836976,4.6490687326109375e-05,-0.7331203112088487,-0.7736167659822264,-4.6490687297154773e-05,0.09493677744585681,0.09822916930965632,4.649068729725885e-05,2.3102555603503933e-17,-7.857438753631032e-15
318.68,"[0.06062, 0.0456, 0.3440285521571367]",0.0456,0.3440285521571367,4.6490687310939876e-05,-0.15093341634194055,-0.15565480451760472,-4.6490687310931656e-05,0.37118700868706883,0.38076543883149694,-4.649068587815842e-05,-0.2403964773483048,-0.2622815546836976,4.6490687336973576e-05,-0.7331203112088487,-0.7736167659822264,-4.649068731093135e-05,0.09493677744585681,0.09822916930965632,4.649068731094085e-05,2.3102555603503933e-17,-7.857438753631032e-15
318.7,"[0.06062, 0.0456, 0.3440285521571367]",0.0456,0.3440285521571367,4.6490687387540236e-05,-0.15093341634194055,-0.15513723528783294,-4.649068738740373e-05,0.37118700868706883,0.37960258934934005,-4.649068596552367e-05,-0.2403964773483048,-0.26038856130860333,4.6490687419729325e-05,-0.7331203112088487,-0.7698346671359293,-4.64906873873948e-05,0.09493677744585681,0.0978764071587092,4.649068738754918e-05,2.3102555603503933e-17,-7.79434150991267e-15
318.72,"[0.06062, 0.0456, 0.34499323559971407]",0.0456,0.34499323559971407,4.649068739981759e-05,-0.14999670798315443,-0.15513723528783294,-4.649068739981616e-05,0.36908836084376967,0.37960258934934005,-4.6490685974493345e-05,-0.2368695007396927,-0.26038856130860333,4.649068742592349e-05,-0.726099312242553,-0.7698346671359293,-4.649068739981564e-05,0.09429641940130666,0.0978764071587092,4.649068739981801e-05,2.2895151075591116e-17,-7.79434150991267e-15
318.74,"[0.06062, 0.0456, 0.34499323559971407]",0.0456,0.34499323559971407,4.649068747727411e-05,-0.14999670798315443,-0.15457734055611477,-4.64906874771327e-05,0.36908836084376967,0.3783361688414651,-4.649068606308282e-05,-0.2368695007396927,-0.25837193114444507,4.6490687509943165e-05,-0.726099312242553,-0.7657795132942393,-4.649068747712303e-05,0.09429641940130666,0.09749527382940959,4.649068747728337e-05,2.2895151075591116e-17,-7.924805987489177e-15
318.76,"[0.06062, 0.0456, 0.34598273586274897]",0.0456,0.34598273586274897,4.64906874876381e-05,-0.14902539694512193,-0.15397574536505584,-4.6490687487645226e-05,0.3669006115404502,0.3769686250628534,-4.649068606995307e-05,-0.23325257945456282,-0.2562281588909515,4.649068751414821e-05,-0.7188620902727471,-0.7614474910895446,-4.6490687487645524e-05,0.09363306818245497,0.09708610244174372,4.6490687487637576e-05,2.272637974402703e-17,-8.06759704208424e-15
318.78,"[0.06062, 0.0456, 0.34598273586274897]",0.0456,0.34598273586274897,4.6490687513702704e-05,-0.14902539694512193,-0.15397574536505584,-4.64906875141442e-05,0.3669006115404502,0.3769686250628534,-4.649068607919522e-05,-0.23325257945456282,-0.2562281588909515,4.649068751426606e-05,-0.7188620902727471,-0.7614474910895446,-4.64906875141729e-05,0.09363306818245497,0.09708610244174372,4.649068751367425e-05,2.272637974402703e-17,-8.06759704208424e-15
318.8,"[0.06062, 0.0456, 0.34598273586274897]",0.0456,0.34598273586274897,4.64906875830333e-05,-0.14902539694512193,-0.15397574536505584,-4.6490687582898675e-05,0.3669006115404502,0.3769686250628534,-4.649068618132468e-05,-0.23325257945456282,-0.2562281588909515,4.6490687620372124e-05,-0.7188620902727471,-0.7614474910895446,-4.6490687582889575e-05,0.09363306818245497,0.09708610244174372,4.6490687583041776e-05,2.272637974402703e-17,-8.06759704208424e-15
318.82,"[0.06062, 0.0456, 0.3469960764289454]",0.0456,0.3469960764289454,4.649068767211165e-05,-0.14801954005192705,-0.1533345435941386,-4.649068767193807e-05,0.36462324320249545,0.37550711526708985,-4.6490686275970585e-05,-0.2295491037227956,-0.25395294822547027,4.649068770723459e-05,-0.7114125533494893,-0.7568375805772711,-4.649068767192571e-05,0.0929468348053498,0.09665012964094559,4.649068767212231e-05,2.2444408048041546e-17,-7.861376874740728e-15
318.84,"[0.06062, 0.0456, 0.3469960764289454]",0.0456,0.3469960764289454,4.649068767924965e-05,-0.14801954005192705,-0.15274327711575056,-4.649068767926893e-05,0.36462324320249545,0.3741636595044366,-4.649068627840986e-05,-0.2295491037227956,-0.2518350994549763,4.6490687706869116e-05,-0.7114125533494893,-0.7525603569189406,-4.649068767927019e-05,0.0929468348053498,0.09624778795517987,4.649068767924864e-05,2.2444408048041546e-17,-7.980946139468091e-15
318.86,"[0.06062, 0.0456, 0.3480322572535067]",0.0456,0.3480322572535067,4.649068771045036e-05,-0.14697921950874476,-0.15274327711575056,-4.649068771088716e-05,0.3622558541051125,0.3741636595044366,-4.649068629429465e-05,-0.2257625140677231,-0.2518350994549763,4.6490687713603286e-05,-0.7037547650159622,-0.7525603569189406,-4.64906877109152e-05,0.09223785002147163,0.09624778795517987,4.6490687710421505e-05,2.287071865805509e-17,-7.980946139468091e-15
318.88,"[0.06062, 0.0456, 0.3480322572535067]",0.0456,0.3480322572535067,4.649068778481447e-05,-0.14697921950874476,-0.15210669178161024,-4.6490687784659186e-05,0.3622558541051125,0.37270822062274706,-4.649068640140065e-05,-0.2257625140677231,-0.24958854935843355,4.649068782410915e-05,-0.7037547650159622,-0.7479940220816997,-4.649068778464839e-05,0.09223785002147163,0.09581514328912012,4.649068778482375e-05,2.287071865805509e-17,-8.206002088391449e-15
318.9,"[0.06062, 0.0456, 0.3480322572535067]",0.0456,0.3480322572535067,4.649068782286485e-05,-0.14697921950874476,-0.15210669178161024,-4.649068782334458e-05,0.3622558541051125,0.37270822062274706,-4.6490686415783734e-05,-0.2257625140677231,-0.24958854935843355,4.649068782553468e-05,-0.7037547650159622,-0.7479940220816997,-4.6490687823375097e-05,0.09223785002147163,0.09581514328912012,4.649068782283295e-05,2.287071865805509e-17,-8.206002088391449e-15
318.92,"[0.06062, 0.0456, 0.3490902557510588]",0.0456,0.3490902557510588,4.649068789706236e-05,-0.1459045445074747,-0.15142719625613177,-4.649068789690418e-05,0.35979816638855117,0.37115019936880084,-4.64906865231435e-05,-0.2218962978214086,-0.2472029912772542,4.64906879365265e-05,-0.6958929463475775,-0.7431302581287004,-4.649068789689359e-05,0.09150626530323897,0.09535353371420341,4.649068789707234e-05,2.239178032188948e-17,-8.09282753721982e-15
318.94,"[0.06062, 0.0456, 0.3490902557510588]",0.0456,0.3490902557510588,4.649068793249535e-05,-0.1459045445074747,-0.15142719625613177,-4.6490687933031e-05,0.35979816638855117,0.37115019936880084,-4.649068653343234e-05,-0.2218962978214086,-0.2472029912772542,4.649068793355798e-05,-0.6958929463475775,-0.7431302581287004,-4.6490687933065904e-05,0.09150626530323897,0.09535353371420341,4.6490687932460255e-05,2.239178032188948e-17,-8.09282753721982e-15
318.96,"[0.06062, 0.0456, 0.350169027804818]",0.0456,0.350169027804818,4.6490688006873156e-05,-0.14479565281887283,-0.15070435107743216,-4.649068800670922e-05,0.35725003370391956,0.3694849063060542,-4.6490686642701794e-05,-0.2179539858987678,-0.24469357561968447,4.64906880470856e-05,-0.6878314781250134,-0.7379871765923669,-4.649068800669903e-05,0.09075225380345844,0.09486294276357521,4.649068800688403e-05,2.241873984992667e-17,-7.968982562684858e-15
318.98,"[0.06062, 0.0456, 0.350169027804818]",0.0456,0.350169027804818,4.649068804203904e-05,-0.14479565281887283,-0.15070435107743216,-4.649068804263178e-05,0.35725003370391956,0.3694849063060542,-4.6490686651873e-05,-0.2179539858987678,-0.24469357561968447,4.649068804262854e-05,-0.6878314781250134,-0.7379871765923669,-4.6490688042669474e-05,0.09075225380345844,0.09486294276357521,4.6490688041999565e-05,2.241873984992667e-17,-7.968982562684858e-15
319.0,"[0.06062, 0.0456, 0.350169027804818]",0.0456,0.350169027804818,4.6490688118180726e-05,-0.14479565281887283,-0.15004148778174542,-4.649068811800781e-05,0.35725003370391956,0.3679657732998571,-4.6490686764245486e-05,-0.2179539858987678,-0.24235525446308584,4.649068815960537e-05,-0.6878314781250134,-0.7332216617695726,-4.649068811799635e-05,0.09075225380345844,0.09441246123960932,4.6490688118191405e-05,2.241873984992667e-17,-7.846500852308533e-15
319.02,"[0.06062, 0.0456, 0.3512675087970093]",0.0456,0.3512675087970093,4.649068815970555e-05,-0.14365271237497418,-0.15004148778174542,-4.649068816022995e-05,0.3546114484785134,0.3679657732998571,-4.649068678181826e-05,-0.21393914983529141,-0.24235525446308584,4.64906881636571e-05,-0.6795749031575642,-0.7332216617695726,-4.649068816026349e-05,0.08997601129058673,0.09441246123960932,4.6490688159670893e-05,2.2894132709978933e-17,-7.846500852308533e-15
319.04,"[0.06062, 0.0456, 0.3512675087970093]",0.0456,0.3512675087970093,4.64906882388995e-05,-0.14365271237497418,-0.14932989854968068,-4.649068823871317e-05,0.3546114484785134,0.3663238705958507,-4.6490686895471516e-05,-0.21393914983529141,-0.23988895376338423,4.649068828087759e-05,-0.6795749031575642,-0.7281573197257921,-4.649068823870053e-05,0.08997601129058673,0.09392959772302167,4.649068823891108e-05,2.2894132709978933e-17,-7.943484054451966e-15
319.06,"[0.06062, 0.0456, 0.35238461465951443]",0.0456,0.35238461465951443,4.649068826482415e-05,-0.14247592284647229,-0.14932989854968068,-4.649068826481146e-05,0.35188254879339914,0.3663238705958507,-4.649068692062104e-05,-0.20985539909075404,-0.23988895376338423,4.649068830242869e-05,-0.6711279287739871,-0.7281573197257921,-4.649068826481072e-05,0.08917775706226558,0.09392959772302167,4.649068826482482e-05,2.2890713056782845e-17,-7.943484054451966e-15
319.08,"[0.06062, 0.0456, 0.35238461465951443]",0.0456,0.35238461465951443,4.649068837227015e-05,-0.14247592284647229,-0.1485719038151431,-4.6490688372014444e-05,0.35188254879339914,0.3645671609619109,-4.649068704259493e-05,-0.20985539909075404,-0.23729035064655635,4.649068841776876e-05,-0.6711279287739871,-0.7227935276580985,-4.649068837199732e-05,0.08917775706226558,0.09341574132066463,4.6490688372286436e-05,2.2890713056782845e-17,-7.874676656045407e-15
319.101,"[0.06062, 0.0456, 0.35351924294371695]",0.0456,0.35351924294371695,4.649068844975716e-05,-0.1412655172205123,-0.14787742483829364,-4.649068844954593e-05,0.34906362486956816,0.36296676063702765,-4.649068712693251e-05,-0.20570637861897698,-0.2348671982213309,4.6490688495531966e-05,-0.6624954294985973,-0.7178231156006816,-4.649068844953242e-05,0.08835773484013829,0.09294426307160927,4.6490688449771214e-05,2.2550415751527117e-17,-7.731350007468877e-15
319.12,"[0.06062, 0.0456, 0.35351924294371695]",0.0456,0.35351924294371695,4.649068850492988e-05,-0.1412655172205123,-0.14787742483829364,-4.6490688504664547e-05,0.34906362486956816,0.36296676063702765,-4.6490687186545105e-05,-0.20570637861897698,-0.2348671982213309,4.649068855065352e-05,-0.6624954294985973,-0.7178231156006816,-4.649068850464704e-05,0.08835773484013829,0.09294426307160927,4.649068850494683e-05,2.2550415751527117e-17,-7.731350007468877e-15
319.14,"[0.06062, 0.0456, 0.35351924294371695]",0.0456,0.35351924294371695,4.6490688534546703e-05,-0.1412655172205123,-0.14713103915269307,-4.6490688534515946e-05,0.34906362486956816,0.3612347635768066,-4.6490687213169376e-05,-0.20570637861897698,-0.23231186776259724,4.649068857246626e-05,-0.6624954294985973,-0.712538872859372,-4.649068853451368e-05,0.08835773484013829,0.09243838597304989,4.649068853454806e-05,2.2550415751527117e-17,-7.787382302859657e-15
319.16,"[0.06062, 0.0456, 0.3546702739084857]",0.0456,0.3546702739084857,4.649068858122925e-05,-0.14002176338510422,-0.14713103915269307,-4.649068858188505e-05,0.3461551251623555,0.3612347635768066,-4.649068724221691e-05,-0.20149576670154504,-0.23231186776259724,4.64906885893993e-05,-0.6536824499308422,-0.712538872859372,-4.649068858192752e-05,0.0875162136494504,0.09243838597304989,4.6490688581186906e-05,2.2885316082140654e-17,-7.787382302859657e-15
319.18,"[0.06062, 0.0456, 0.3546702739084857]",0.0456,0.3546702739084857,4.649068867507353e-05,-0.14002176338510422,-0.14713103915269307,-4.64906886748331e-05,0.3461551251623555,0.3612347635768066,-4.6490687373488956e-05,-0.20149576670154504,-0.23231186776259724,4.6490688723865255e-05,-0.6536824499308422,-0.712538872859372,-4.649068867481707e-05,0.0875162136494504,0.09243838597304989,4.649068867508869e-05,2.2885316082140654e-17,-7.787382302859657e-15
319.2,"[0.06062, 0.0456, 0.3546702739084857]",0.0456,0.3546702739084857,4.649068878947388e-05,-0.14002176338510422,-0.14633846212421392,-4.6490688789177886e-05,0.3461551251623555,0.3593901648901573,-4.649068749489011e-05,-0.20149576670154504,-0.22961741781642117,4.649068883513353e-05,-0.6536824499308422,-0.7069454154541334,-4.64906887891586e-05,0.0875162136494504,0.0919015761561499,4.64906887894932e-05,2.2885316082140654e-17,-7.405856470085145e-15
319.22,"[0.06062, 0.0456, 0.3558365716252241]",0.0456,0.3558365716252241,4.649068881089692e-05,-0.138744965727014,-0.14633846212421392,-4.6490688810904816e-05,0.34315766206687237,0.3593901648901573,-4.6490687511893414e-05,-0.19722727304128887,-0.22961741781642117,4.649068884760044e-05,-0.6446942078467943,-0.7069454154541334,-4.649068881090533e-05,0.08665348868737487,0.0919015761561499,4.649068881089662e-05,2.3062637238330248e-17,-7.405856470085145e-15
319.24,"[0.06062, 0.0456, 0.3558365716252241]",0.0456,0.3558365716252241,4.649068891665775e-05,-0.138744965727014,-0.14549440963234755,-4.6490688916374445e-05,0.34315766206687237,0.35741212854144394,-4.649068763256822e-05,-0.19722727304128887,-0.2268058125598206,4.6490688961984194e-05,-0.6446942078467943,-0.701057416791994,-4.649068891635578e-05,0.08665348868737487,0.09133092263768726,4.6490688916676205e-05,2.3062637238330248e-17,-7.424138609157245e-15
319.26,"[0.06062, 0.0456, 0.3570169850988946]",0.0456,0.3570169850988946,4.6490688990734485e-05,-0.13743546675058013,-0.14460167275592123,-4.64906889904986e-05,0.3400720172399888,0.3553094803728265,-4.6490687713934706e-05,-0.1929046371094033,-0.2238762275753723,4.649068903720998e-05,-0.6355360975410765,-0.694880091480164,-4.649068899048369e-05,0.08576988218437982,0.09072817690213252,4.649068899075004e-05,2.35121273314537e-17,-7.553040805148818e-15
319.28,"[0.06062, 0.0456, 0.3570169850988946]",0.0456,0.3570169850988946,4.6490688981003296e-05,-0.13743546675058013,-0.14460167275592123,-4.6490688981894164e-05,0.3400720172399888,0.3553094803728265,-4.6490687674648864e-05,-0.1929046371094033,-0.2238762275753723,4.6490688987334535e-05,-0.6355360975410765,-0.694880091480164,-4.649068898195183e-05,0.08576988218437982,0.09072817690213252,4.649068898094542e-05,2.35121273314537e-17,-7.553040805148818e-15
319.3,"[0.06062, 0.0456, 0.3570169850988946]",0.0456,0.3570169850988946,4.64906890776092e-05,-0.13743546675058013,-0.14378361132468967,-4.649068907733441e-05,0.3400720172399888,0.35339271204565736,-4.649068781185889e-05,-0.1929046371094033,-0.22114550058970958,4.6490689128917244e-05,-0.6355360975410765,-0.6891579125921372,-4.649068907731719e-05,0.08576988218437982,0.09017511854470356,4.6490689077627725e-05,2.35121273314537e-17,-7.538255681674531e-15
319.32,"[0.06062, 0.0456, 0.3582103494039117]",0.0456,0.3582103494039117,4.6490689136109394e-05,-0.13609364872538665,-0.14378361132468967,-4.649068913686999e-05,0.336899146546828,0.35339271204565736,-4.6490687845664796e-05,-0.18853162673821613,-0.22114550058970958,4.64906891464568e-05,-0.6262136934275111,-0.6891579125921372,-4.6490689136919456e-05,0.08486574426326828,0.09017511854470356,4.6490689136060246e-05,2.3575695702423898e-17,-7.538255681674531e-15
319.34,"[0.06062, 0.0456, 0.3582103494039117]",0.0456,0.3582103494039117,4.649068923478119e-05,-0.13609364872538665,-0.1429148256275391,-4.6490689234488056e-05,0.336899146546828,0.3513483862271358,-4.6490687982172964e-05,-0.18853162673821613,-0.21828266118316594,4.649068928597204e-05,-0.6262136934275111,-0.6831223697502472,-4.649068923446846e-05,0.08486574426326828,0.0895884921908757,4.6490689234799615e-05,2.3575695702423898e-17,-7.382889359020963e-15
319.36,"[0.06062, 0.0456, 0.35941548683378294]",0.0456,0.35941548683378294,4.649068929004781e-05,-0.13471993537112562,-0.1429148256275391,-4.6490689290902714e-05,0.3336401846418173,0.3513483862271358,-4.6490688011498024e-05,-0.18411203694990466,-0.21828266118316594,4.649068929875542e-05,-0.6167327539163602,-0.6831223697502472,-4.649068929095777e-05,0.08394145380075894,0.0895884921908757,4.649068928999222e-05,2.4011640120907702e-17,-7.382889359020963e-15
319.38,"[0.06062, 0.0456, 0.35941548683378294]",0.0456,0.35941548683378294,4.649068938724373e-05,-0.13471993537112562,-0.14199603582656242,-4.649068938694962e-05,0.3336401846418173,0.34917679324444906,-4.649068814747465e-05,-0.18411203694990466,-0.21529749423713548,4.649068943836365e-05,-0.6167327539163602,-0.6767874074091517,-4.6490689386930554e-05,0.08394145380075894,0.0889689372194742,4.649068938726268e-05,2.4011640120907702e-17,-7.193568714479083e-15
319.4,"[0.06062, 0.0456, 0.35941548683378294]",0.0456,0.35941548683378294,4.6490689440954194e-05,-0.13471993537112562,-0.14199603582656242,-4.6490689441900004e-05,0.3336401846418173,0.34917679324444906,-4.649068817476138e-05,-0.18411203694990466,-0.21529749423713548,4.649068944893159e-05,-0.6167327539163602,-0.6767874074091517,-4.649068944196093e-05,0.08394145380075894,0.0889689372194742,4.649068944089252e-05,2.4011640120907702e-17,-7.193568714479083e-15
319.42,"[0.06062, 0.0456, 0.36063120806336313]",0.0456,0.36063120806336313,4.6490689538337016e-05,-0.13331479358827625,-0.14102805241694438,-4.649068953803421e-05,0.33029644919606227,0.3468790342744068,-4.649068831174735e-05,-0.17964968900983277,-0.21219760908403773,4.649068958996547e-05,-0.6070992255853155,-0.6701644580464198,-4.6490689538014574e-05,0.0829974192966521,0.0883171156968291,4.649068953835656e-05,2.3670677172154504e-17,-7.02092731787196e-15
319.44,"[0.06062, 0.0456, 0.36063120806336313]",0.0456,0.36063120806336313,4.649068959205982e-05,-0.13331479358827625,-0.14102805241694438,-4.649068959309204e-05,0.33029644919606227,0.3468790342744068,-4.6490688338780374e-05,-0.17964968900983277,-0.21219760908403773,4.649068959999093e-05,-0.6070992255853155,-0.6701644580464198,-4.6490689593158655e-05,0.0829974192966521,0.0883171156968291,4.649068959199221e-05,2.3670677172154504e-17,-7.02092731787196e-15
319.46,"[0.06062, 0.0456, 0.36185631332257434]",0.0456,0.36185631332257434,4.649068969074782e-05,-0.13187873524341276,-0.14001182852350086,-4.649068969043036e-05,0.326869444784118,0.34445696650526275,-4.6490688477755204e-05,-0.1751484296916657,-0.2089894027041927,4.64906897432684e-05,-0.5973192476603808,-0.6632638080167823,-4.649068969040945e-05,0.08203407975571489,0.08763376080954359,4.6490689690768096e-05,2.4147168289425563e-17,-6.883753865916972e-15
319.48,"[0.06062, 0.0456, 0.36185631332257434]",0.0456,0.36185631332257434,4.649068974551908e-05,-0.13187873524341276,-0.14001182852350086,-4.6490689746635144e-05,0.326869444784118,0.34445696650526275,-4.6490688505730765e-05,-0.1751484296916657,-0.2089894027041927,4.6490689753875534e-05,-0.5973192476603808,-0.6632638080167823,-4.6490689746707446e-05,0.08203407975571489,0.08763376080954359,4.6490689745446634e-05,2.4147168289425563e-17,-6.883753865916972e-15
319.5,"[0.06062, 0.0456, 0.36185631332257434]",0.0456,0.36185631332257434,4.6490689846222955e-05,-0.13187873524341276,-0.13907663869402567,-4.649068984588678e-05,0.326869444784118,0.3422349188624395,-4.649068864728958e-05,-0.1751484296916657,-0.20600588859270627,4.6490689899881964e-05,-0.5973192476603808,-0.6568716789880825,-4.6490689845864464e-05,0.08203407975571489,0.08700442036996754,4.6490689846244544e-05,2.4147168289425563e-17,-7.100871106446792e-15
319.52,"[0.06062, 0.0456, 0.36308959358043463]",0.0456,0.36308959358043463,4.649068989271726e-05,-0.13041231901801897,-0.13907663869402567,-4.649068989265795e-05,0.32336086644414963,0.3422349188624395,-4.649068869493364e-05,-0.17061213073996812,-0.20600588859270627,4.649068994196074e-05,-0.587399156821415,-0.6568716789880825,-4.649068989265315e-05,0.08105190558743419,0.08700442036996754,4.6490689892720734e-05,2.4253428780597513e-17,-7.100871106446792e-15
319.54,"[0.06062, 0.0456, 0.36308959358043463]",0.0456,0.36308959358043463,4.649069002663039e-05,-0.13041231901801897,-0.13808977587717208,-4.649069002615654e-05,0.32336086644414963,0.33988266679219165,-4.6490688845708905e-05,-0.17061213073996812,-0.2028943648204923,4.6490690084084064e-05,-0.587399156821415,-0.6501667176898128,-4.649069002612502e-05,0.08105190558743419,0.08634112548896855,4.6490690026661e-05,2.4253428780597513e-17,-7.04944035566285e-15
319.56,"[0.06062, 0.0456, 0.36432983173822514]",0.0456,0.36432983173822514,4.649069007231394e-05,-0.12891615232963805,-0.13808977587717208,-4.6490690072271505e-05,0.3197726029259903,0.33988266679219165,-4.6490688889437516e-05,-0.16604468851467574,-0.2028943648204923,4.649069012105411e-05,-0.5773454923454595,-0.6501667176898128,-4.649069007226866e-05,0.08005139952872226,0.08634112548896855,4.649069007231723e-05,2.4383342656761222e-17,-7.04944035566285e-15
319.58,"[0.06062, 0.0456, 0.36432983173822514]",0.0456,0.36432983173822514,4.6490690204695315e-05,-0.12891615232963805,-0.13705249058926278,-4.649069020421578e-05,0.3197726029259903,0.33740174910200954,-4.649068903857831e-05,-0.16604468851467574,-0.19966736046209813,4.64906902617091e-05,-0.5773454923454595,-0.6431679484248283,-4.649069020418463e-05,0.08005139952872226,0.08564490224637768,4.6490690204727245e-05,2.4383342656761222e-17,-6.890963408423801e-15
319.601,"[0.06062, 0.0456, 0.36432983173822514]",0.0456,0.36432983173822514,4.649069031243075e-05,-0.12891615232963805,-0.13705249058926278,-4.649069031203337e-05,0.3197726029259903,0.33740174910200954,-4.649068915588627e-05,-0.16604468851467574,-0.19966736046209813,4.649069036966137e-05,-0.5773454923454595,-0.6431679484248283,-4.649069031200713e-05,0.08005139952872226,0.08564490224637768,4.6490690312456466e-05,2.4383342656761222e-17,-6.890963408423801e-15
319.62,"[0.06062, 0.0456, 0.3655758038306198]",0.0456,0.3655758038306198,4.6490690379888244e-05,-0.1273908933339776,-0.13596589424113428,-4.649069037939414e-05,0.3161067396416474,0.3347940580312002,-4.649068922877158e-05,-0.16145002380048454,-0.19633404989823405,4.649069043701476e-05,-0.5671650015987357,-0.6358897547622594,-4.649069037936126e-05,0.07903309759449004,0.08491663622053182,4.6490690379920065e-05,2.4664402309745435e-17,-6.7096274591238136e-15
319.64,"[0.06062, 0.0456, 0.3655758038306198]",0.0456,0.3655758038306198,4.6490690437937844e-05,-0.1273908933339776,-0.13596589424113428,-4.6490690439242356e-05,0.3161067396416474,0.3347940580312002,-4.64906892582667e-05,-0.16145002380048454,-0.19633404989823405,4.649069044752217e-05,-0.5671650015987357,-0.6358897547622594,-4.6490690439326836e-05,0.07903309759449004,0.08491663622053182,4.649069043785354e-05,2.4664402309745435e-17,-6.7096274591238136e-15
319.66,"[0.06062, 0.0456, 0.3668262802335917]",0.0456,0.3668262802335917,4.649069053868404e-05,-0.12583725301625845,-0.13497084684797014,-4.6490690538308525e-05,0.31236556133247817,0.3324163826991326,-4.6490689398949084e-05,-0.15683208176301727,-0.1932354691348545,4.649069059270798e-05,-0.5568646458857169,-0.629162846422317,-4.6490690538283425e-05,0.07799757006076777,0.08424903368267674,4.649069053870784e-05,2.4134912526421476e-17,-6.736776126166207e-15
319.68,"[0.06062, 0.0456, 0.3668262802335917]",0.0456,0.3668262802335917,4.649069058550554e-05,-0.12583725301625845,-0.13497084684797014,-4.649069058544621e-05,0.31236556133247817,0.3324163826991326,-4.649068944728065e-05,-0.15683208176301727,-0.1932354691348545,4.649069063541776e-05,-0.5568646458857169,-0.629162846422317,-4.649069058544188e-05,0.07799757006076777,0.08424903368267674,4.649069058550869e-05,2.4134912526421476e-17,-6.736776126166207e-15
319.7,"[0.06062, 0.0456, 0.3668262802335917]",0.0456,0.3668262802335917,4.649069072015066e-05,-0.12583725301625845,-0.13391799385950923,-4.6490690719611854e-05,0.31236556133247817,0.3298882024404698,-4.6490689598987875e-05,-0.15683208176301727,-0.190021834774107,4.649069077849398e-05,-0.5568646458857169,-0.6221225830265998,-4.6490690719576584e-05,0.07799757006076777,0.08354399829958717,4.649069072018528e-05,2.4134912526421476e-17,-6.947747620554948e-15
319.72,"[0.06062, 0.0456, 0.3680800268779027]",0.0456,0.3680800268779027,4.6490690769051216e-05,-0.12425599737958058,-0.13391799385950923,-4.649069076900878e-05,0.3085515544664187,0.3298882024404698,-4.649068964663187e-05,-0.15219483203239087,-0.190021834774107,4.6490690819061966e-05,-0.5464516066605073,-0.6221225830265998,-4.649069076900559e-05,0.0769454224846871,0.08354399829958717,4.649069076905381e-05,2.4545118184226463e-17,-6.947747620554948e-15
319.74,"[0.06062, 0.0456, 0.3680800268779027]",0.0456,0.3680800268779027,4.649069090305419e-05,-0.12425599737958058,-0.13281163891530715,-4.649069090250516e-05,0.3085515544664187,0.3272230367801812,-4.649068979739215e-05,-0.15219483203239087,-0.18669470154567197,4.6490690961212905e-05,-0.5464516066605073,-0.6147813863739898,-4.649069090246963e-05,0.0769454224846871,0.08280429618296992,4.6490690903089755e-05,2.4545118184226463e-17,-7.0934098251491754e-15
319.76,"[0.06062, 0.0456, 0.3693358064669817]",0.0456,0.3693358064669817,4.649069095045261e-05,-0.12264794973738913,-0.13281163891530715,-4.649069095043204e-05,0.30466740937739145,0.3272230367801812,-4.649068984355579e-05,-0.14754226889363087,-0.18669470154567197,4.6490691000386586e-05,-0.5359332921020824,-0.6147813863739898,-4.649069095043033e-05,0.0758772967651893,0.08280429618296992,4.649069095045369e-05,2.4754591523167356e-17,-7.0934098251491754e-15
319.78,"[0.06062, 0.0456, 0.3693358064669817]",0.0456,0.3693358064669817,4.649069108445435e-05,-0.12264794973738913,-0.13165334099623927,-4.6490691083886166e-05,0.30466740937739145,0.32442413728306446,-4.649068999449765e-05,-0.14754226889363087,-0.18326409696715773,4.6490691142840086e-05,-0.5359332921020824,-0.6071560078971354,-4.6490691083848876e-05,0.0758772967651893,0.08203111386110788,4.649069108449091e-05,2.4754591523167356e-17,-7.233139731456303e-15
319.8,"[0.06062, 0.0456, 0.3693358064669817]",0.0456,0.3693358064669817,4.649069113185739e-05,-0.12264794973738913,-0.13165334099623927,-4.64906911318501e-05,0.30466740937739145,0.32442413728306446,-4.6490690040853244e-05,-0.14754226889363087,-0.18326409696715773,4.649069118217433e-05,-0.5359332921020824,-0.6071560078971354,-4.649069113184932e-05,0.0758772967651893,0.08203111386110788,4.649069113185754e-05,2.4754591523167356e-17,-7.233139731456303e-15
319.82,"[0.06062, 0.0456, 0.37059237969798636]",0.0456,0.37059237969798636,4.649069126674885e-05,-0.12101399311624696,-0.13045004725968562,-4.649069126615376e-05,0.30071602215729987,0.3215125362540073,-4.649069019285867e-05,-0.14287841156223638,-0.17973468988833247,4.649069132570902e-05,-0.5253173440506786,-0.5992703481405448,-4.649069126611455e-05,0.07479387224774961,0.08122890555195307,4.649069126678655e-05,2.4365562820147378e-17,-7.039703538710273e-15
319.84,"[0.06062, 0.0456, 0.37059237969798636]",0.0456,0.37059237969798636,4.649069131442083e-05,-0.12101399311624696,-0.12934469606443347,-4.649069131441797e-05,0.30071602215729987,0.3188464157845996,-4.649069023964507e-05,-0.14287841156223638,-0.17645586296025872,4.649069136540763e-05,-0.5253173440506786,-0.5919771235964352,-4.649069131441694e-05,0.07479387224774961,0.08049146245556359,4.649069131442019e-05,2.4365562820147378e-17,-7.195720357990857e-15
319.86,"[0.06062, 0.0456, 0.37184850648484546]",0.0456,0.37184850648484546,4.649069138889256e-05,-0.11935507277399451,-0.12934469606443347,-4.6490691390270736e-05,0.29670049630878415,0.3188464157845996,-4.6490690300871806e-05,-0.13820730452198302,-0.17645586296025872,4.6490691411329276e-05,-0.5146116452974769,-0.5919771235964352,-4.6490691390359485e-05,0.07369586687570409,0.08049146245556359,4.649069138880215e-05,2.3667658166869372e-17,-7.195720357990857e-15
319.88,"[0.06062, 0.0456, 0.37184850648484546]",0.0456,0.37184850648484546,4.649069151368787e-05,-0.11935507277399451,-0.1281869554859579,-4.6490691513114725e-05,0.29670049630878415,0.3160484231985216,-4.6490690465048076e-05,-0.13820730452198302,-0.17306439437773444,4.6490691577521396e-05,-0.5146116452974769,-0.5843860251154153,-4.649069151307725e-05,0.07369586687570409,0.07972020569772767,4.649069151372459e-05,2.3667658166869372e-17,-7.06225820904729e-15
319.9,"[0.06062, 0.0456, 0.37184850648484546]",0.0456,0.37184850648484546,4.6490691596271e-05,-0.11935507277399451,-0.1281869554859579,-4.649069159772963e-05,0.29670049630878415,0.3160484231985216,-4.6490690526405747e-05,-0.13820730452198302,-0.17306439437773444,4.6490691618927395e-05,-0.5146116452974769,-0.5843860251154153,-4.649069159782361e-05,0.07369586687570409,0.07972020569772767,4.649069159617613e-05,2.3667658166869372e-17,-7.06225820904729e-15
319.92,"[0.06062, 0.0456, 0.3731029471820746]",0.0456,0.3731029471820746,4.649069171961674e-05,-0.1176721988370347,-0.12697262713546115,-4.6490691719047706e-05,0.2926241441642534,0.31310243858245385,-4.649069068827686e-05,-0.1335330179009058,-0.1695786678928131,4.649069178285443e-05,-0.5038243272139649,-0.576509752087858,-4.649069171901078e-05,0.07258403838993736,0.07891288116711476,4.649069171965342e-05,2.3510550726844243e-17,-7.175476466704607e-15
319.94,"[0.06062, 0.0456, 0.3731029471820746]",0.0456,0.3731029471820746,4.649069178670639e-05,-0.1176721988370347,-0.12697262713546115,-4.649069178661463e-05,0.2926241441642534,0.31310243858245385,-4.649069075851239e-05,-0.1335330179009058,-0.1695786678928131,4.649069184527115e-05,-0.5038243272139649,-0.576509752087858,-4.649069178660827e-05,0.07258403838993736,0.07891288116711476,4.64906917867117e-05,2.3510550726844243e-17,-7.175476466704607e-15
319.96,"[0.06062, 0.0456, 0.3743544638081559]",0.0456,0.3743544638081559,4.649069193858367e-05,-0.11596644905883952,-0.12586528162508917,-4.649069193782939e-05,0.2884904880735148,0.3104315137324441,-4.649069092826447e-05,-0.12885964786016443,-0.16633282786814987,4.649069200494914e-05,-0.492963777700553,-0.5692370949182821,-4.649069193778028e-05,0.07145918557769945,0.07817570277524287,4.649069193863195e-05,2.4252356900707834e-17,-7.009567607909646e-15
319.98,"[0.06062, 0.0456, 0.3743544638081559]",0.0456,0.3743544638081559,4.6490692009094515e-05,-0.11596644905883952,-0.12586528162508917,-4.649069200893668e-05,0.2884904880735148,0.3104315137324441,-4.649069099951335e-05,-0.12885964786016443,-0.16633282786814987,4.649069206705841e-05,-0.492963777700553,-0.5692370949182821,-4.649069200892617e-05,0.07145918557769945,0.07817570277524287,4.6490692009104286e-05,2.4252356900707834e-17,-7.009567607909646e-15
320.0,"[0.06062, 0.0456, 0.3743544638081559]",0.0456,0.3743544638081559,4.649069215732276e-05,-0.11596644905883952,-0.12470322564826403,-4.64906921565811e-05,0.2884904880735148,0.3076230711863216,-4.649069116471479e-05,-0.12885964786016443,-0.1629746402247483,4.6490692222119174e-05,-0.492963777700553,-0.5616599915606151,-4.6490692156533013e-05,0.07145918557769945,0.07740339194811026,4.649069215737103e-05,2.4252356900707834e-17,-6.6527327557584864e-15
320.02,"[0.06062, 0.0456, 0.37560182126727704]",0.0456,0.37560182126727704,4.649069222320638e-05,-0.11423897169983538,-0.12348143837364492,-4.649069222310373e-05,0.28430326135863815,0.30465879612843544,-4.649069123111982e-05,-0.12419131696926566,-0.15952142086217863,4.649069227972167e-05,-0.4820386494262988,-0.5537875527232484,-4.6490692223096955e-05,0.07032214957017294,0.07659317189606205,4.6490692223212694e-05,2.4335390524805253e-17,-6.593244244524041e-15
320.04,"[0.06062, 0.0456, 0.37560182126727704]",0.0456,0.37560182126727704,4.649069230845629e-05,-0.11423897169983538,-0.12348143837364492,-4.649069231013116e-05,0.28430326135863815,0.30465879612843544,-4.6490691304804495e-05,-0.12419131696926566,-0.15952142086217863,4.649069233650861e-05,-0.4820386494262988,-0.5537875527232484,-4.649069231023944e-05,0.07032214957017294,0.07659317189606205,4.6490692308346756e-05,2.4335390524805253e-17,-6.593244244524041e-15
320.06,"[0.06062, 0.0456, 0.37684378856822104]",0.0456,0.37684378856822104,4.649069244089286e-05,-0.11249098852653956,-0.12220871005053144,-4.6490692440226675e-05,0.280066409030512,0.3015661468594685,-4.649069147502784e-05,-0.11953217453983891,-0.15597579029907624,4.6490692508075756e-05,-0.4710578683227479,-0.5456460203168989,-4.649069244018304e-05,0.06917381518708256,0.07575062394533795,4.64906924409356e-05,2.4360297196590474e-17,-6.3515544774238055e-15
320.081,"[0.06062, 0.0456, 0.37684378856822104]",0.0456,0.37684378856822104,4.6490692589179154e-05,-0.11249098852653956,-0.12220871005053144,-4.649069258909075e-05,0.280066409030512,0.3015661468594685,-4.64906916306312e-05,-0.11953217453983891,-0.15597579029907624,4.649069264784384e-05,-0.4710578683227479,-0.5456460203168989,-4.6490692589084727e-05,0.06917381518708256,0.07575062394533795,4.649069258918442e-05,2.4360297196590474e-17,-6.3515544774238055e-15
320.1,"[0.06062, 0.0456, 0.37684378856822104]",0.0456,0.37684378856822104,4.649069266271584e-05,-0.11249098852653956,-0.12104132837173909,-4.6490692662047006e-05,0.280066409030512,0.29873968228008524,-4.649069171530514e-05,-0.11953217453983891,-0.15268152998147086,4.6490692728855056e-05,-0.4710578683227479,-0.5381214640400637,-4.6490692662003455e-05,0.06917381518708256,0.07497724065157314,4.6490692662758405e-05,2.4360297196590474e-17,-6.378861203396882e-15
320.12,"[0.06062, 0.0456, 0.3780791400392063]",0.0456,0.3780791400392063,4.649069275483712e-05,-0.11072379792514836,-0.12104132837173909,-4.6490692756401117e-05,0.27578408825683454,0.29873968228008524,-4.6490691790544185e-05,-0.11488639688885292,-0.15268152998147086,4.6490692783976776e-05,-0.46003064228484963,-0.5381214640400637,-4.64906927565022e-05,0.06801511232511578,0.07497724065157314,4.6490692754734616e-05,2.4584668355747566e-17,-6.378861203396882e-15
320.14,"[0.06062, 0.0456, 0.3780791400392063]",0.0456,0.3780791400392063,4.649069288293242e-05,-0.11072379792514836,-0.11981726601884864,-4.6490692882252404e-05,0.27578408825683454,0.2957710929224315,-4.649069195365235e-05,-0.11488639688885292,-0.14928090115514064,4.64906929477846e-05,-0.46003064228484963,-0.5302939037664083,-4.649069288220754e-05,0.06801511232511578,0.07416779855165528,4.649069288297525e-05,2.4584668355747566e-17,-6.3040405390373125e-15
320.16,"[0.06062, 0.0456, 0.3793066565374769]",0.0456,0.3793066565374769,4.649069295881196e-05,-0.10893877812168354,-0.11981726601884864,-4.6490692958664405e-05,0.27146066856605233,0.2957710929224315,-4.6490692033717654e-05,-0.11025818750082149,-0.14928090115514064,4.649069301916624e-05,-0.4489664700205294,-0.5302939037664083,-4.6490692958654566e-05,0.06684701738517654,0.07416779855165528,4.649069295882129e-05,2.4316644940424923e-17,-6.3040405390373125e-15
320.18,"[0.06062, 0.0456, 0.3793066565374769]",0.0456,0.3793066565374769,4.649069311089854e-05,-0.10893877812168354,-0.11854857376224309,-4.649069311002857e-05,0.27146066856605233,0.29269524388797424,-4.649069220290691e-05,-0.11025818750082149,-0.14578808375457783,4.649069317797343e-05,-0.4489664700205294,-0.5222139685535969,-4.64906931099714e-05,0.06684701738517654,0.07333007096275575,4.649069311095422e-05,2.4316644940424923e-17,-5.750077456131045e-15
320.2,"[0.06062, 0.0456, 0.3793066565374769]",0.0456,0.3793066565374769,4.649069319789216e-05,-0.10893877812168354,-0.11854857376224309,-4.649069319974946e-05,0.27146066856605233,0.29269524388797424,-4.6490692270678625e-05,-0.11025818750082149,-0.14578808375457783,4.649069322444739e-05,-0.4489664700205294,-0.5222139685535969,-4.649069319986924e-05,0.06684701738517654,0.07333007096275575,4.649069319777105e-05,2.4316644940424923e-17,-5.750077456131045e-15
320.22,"[0.06062, 0.0456, 0.38052512665244886]",0.0456,0.38052512665244886,4.6490693319669875e-05,-0.10713739049724486,-0.11722833719163062,-4.649069331901227e-05,0.2671007317660238,0.2894883578456819,-4.649069242680461e-05,-0.10565177705720383,-0.14221863084528755,4.6490693382297336e-05,-0.437875149977739,-0.5138837308450412,-4.6490693318968735e-05,0.06567055473152178,0.07246006481686454,4.6490693319711894e-05,2.3962600188495628e-17,-5.335951013796346e-15
320.24,"[0.06062, 0.0456, 0.38052512665244886]",0.0456,0.38052512665244886,4.649069340329698e-05,-0.10713739049724486,-0.11722833719163062,-4.6490693405306634e-05,0.2671007317660238,0.2894883578456819,-4.649069249429634e-05,-0.10565177705720383,-0.14221863084528755,4.64906934298463e-05,-0.437875149977739,-0.5138837308450412,-4.649069340543673e-05,0.06567055473152178,0.07246006481686454,4.649069340316576e-05,2.3962600188495628e-17,-5.335951013796346e-15
320.26,"[0.06062, 0.0456, 0.3817333479012265]",0.0456,0.3817333479012265,4.649069352468474e-05,-0.10532118298283055,-0.11601834943909324,-4.64906935240063e-05,0.26270907154990275,0.28655871139362127,-4.649069264965759e-05,-0.10107142329983317,-0.13890957321727398,4.6490693587210544e-05,-0.42676678926344674,-0.5061981335090313,-4.6490693523961875e-05,0.06448679817359568,0.07166221667960553,4.6490693524728115e-05,2.4138025324394643e-17,-5.3199017431442615e-15
320.28,"[0.06062, 0.0456, 0.3817333479012265]",0.0456,0.3817333479012265,4.649069359967177e-05,-0.10532118298283055,-0.11601834943909324,-4.6490693599499426e-05,0.26270907154990275,0.28655871139362127,-4.6490692729395904e-05,-0.10107142329983317,-0.13890957321727398,4.6490693658540015e-05,-0.42676678926344674,-0.5061981335090313,-4.6490693599487236e-05,0.06448679817359568,0.07166221667960553,4.6490693599681904e-05,2.4138025324394643e-17,-5.3199017431442615e-15
320.3,"[0.06062, 0.0456, 0.3817333479012265]",0.0456,0.3817333479012265,4.6490693746818514e-05,-0.10532118298283055,-0.11475373338514519,-4.649069374590187e-05,0.26270907154990275,0.2834935429772099,-4.64906928930576e-05,-0.10107142329983317,-0.13550505772266636,4.6490693812140454e-05,-0.42676678926344674,-0.4982289871727384,-4.64906937458419e-05,0.06448679817359568,0.07082993190928186,4.6490693746877704e-05,2.4138025324394643e-17,-5.118055041370185e-15
320.32,"[0.06062, 0.0456, 0.3829301279153074]",0.0456,0.3829301279153074,4.6490693822343224e-05,-0.10349179351355564,-0.11475373338514519,-4.649069382220415e-05,0.25829069275498046,0.2834935429772099,-4.649069297119134e-05,-0.09652141069388392,-0.13550505772266636,4.6490693880597054e-05,-0.41565181245311333,-0.4982289871727384,-4.6490693822194736e-05,0.06329687245887171,0.07082993190928186,4.649069382235184e-05,2.433908961784576e-17,-5.118055041370185e-15
320.34,"[0.06062, 0.0456, 0.3829301279153074]",0.0456,0.3829301279153074,4.6490693966993744e-05,-0.10349179351355564,-0.11343657330816352,-4.6490693966082275e-05,0.25829069275498046,0.28029724751302404,-4.649069313183952e-05,-0.09652141069388392,-0.13201926428167637,4.649069403135764e-05,-0.41565181245311333,-0.49000038451068534,-4.6490693966022814e-05,0.06329687245887171,0.06996480110554049,4.649069396705251e-05,2.433908961784576e-17,-4.86714666942e-15
320.36,"[0.06062, 0.0456, 0.3841142856173067]",0.0456,0.3841142856173067,4.6490694041061856e-05,-0.1016509535168581,-0.11343657330816352,-4.649069404096437e-05,0.2538508102329716,0.28029724751302404,-4.649069320864265e-05,-0.09200604985461061,-0.13201926428167637,4.649069409858534e-05,-0.4045409701715633,-0.49000038451068534,-4.6490694040957135e-05,0.0621019547622133,0.06996480110554049,4.649069404106773e-05,2.4042688699211786e-17,-4.86714666942e-15
320.38,"[0.06062, 0.0456, 0.3841142856173067]",0.0456,0.3841142856173067,4.649069418364326e-05,-0.1016509535168581,-0.11206921430068753,-4.649069418272081e-05,0.2538508102329716,0.2769756457080042,-4.6490693366997305e-05,-0.09200604985461061,-0.12846310001521233,4.649069424730835e-05,-0.4045409701715633,-0.4815329231230137,-4.6490694182660137e-05,0.0621019547622133,0.06906851518695321,4.649069418370234e-05,2.4042688699211786e-17,-4.6333616427135345e-15
320.4,"[0.06062, 0.0456, 0.3841142856173067]",0.0456,0.3841142856173067,4.649069425739779e-05,-0.1016509535168581,-0.11206921430068753,-4.649069425732485e-05,0.2538508102329716,0.2769756457080042,-4.649069344378067e-05,-0.09200604985461061,-0.12846310001521233,4.649069431453614e-05,-0.4045409701715633,-0.4815329231230137,-4.6490694257319606e-05,0.0621019547622133,0.06906851518695321,4.649069425740197e-05,2.4042688699211786e-17,-4.6333616427135345e-15
320.42,"[0.06062, 0.0456, 0.3852846523865377]",0.0456,0.3852846523865377,4.649069439862436e-05,-0.09980049140339511,-0.11065433915419526,-4.6490694397677336e-05,0.2493948472825277,0.27353592117858166,-4.649069360058889e-05,-0.08752967670089419,-0.1248456708274097,4.649069446188689e-05,-0.3934453473067496,-0.4728458221493592,-4.64906943976152e-05,0.060903276154159705,0.0681429387893171,4.649069439868498e-05,2.4261258802672665e-17,-4.442569616064671e-15
320.44,"[0.06062, 0.0456, 0.3852846523865377]",0.0456,0.3852846523865377,4.649069447296312e-05,-0.09980049140339511,-0.11065433915419526,-4.649069447290297e-05,0.2493948472825277,0.27353592117858166,-4.6490693678336205e-05,-0.08752967670089419,-0.1248456708274097,4.64906945300164e-05,-0.3934453473067496,-0.4728458221493592,-4.6490694472899066e-05,0.060903276154159705,0.0681429387893171,4.6490694472967005e-05,2.4261258802672665e-17,-4.442569616064671e-15
320.46,"[0.06062, 0.0456, 0.38644007321229923]",0.0456,0.38644007321229923,4.649069461341104e-05,-0.09794233602278433,-0.10935708362321275,-4.649069461243079e-05,0.24492843358668412,0.2703923484470796,-4.649069383419331e-05,-0.08309665129761054,-0.12149040477524652,4.6490694676523144e-05,-0.38237637069680647,-0.46482854883568486,-4.6490694612367134e-05,0.059702123027123744,0.06729383750908285,4.6490694613474565e-05,2.4760955735341908e-17,-4.574951617902915e-15
320.48,"[0.06062, 0.0456, 0.38644007321229923]",0.0456,0.38644007321229923,4.649069469030383e-05,-0.09794233602278433,-0.10935708362321275,-4.6490694690148705e-05,0.24492843358668412,0.2703923484470796,-4.649069391473689e-05,-0.08309665129761054,-0.12149040477524652,4.6490694747373716e-05,-0.38237637069680647,-0.46482854883568486,-4.649069469013843e-05,0.059702123027123744,0.06729383750908285,4.649069469031354e-05,2.4760955735341908e-17,-4.574951617902915e-15
320.5,"[0.06062, 0.0456, 0.38644007321229923]",0.0456,0.38644007321229923,4.649069482948272e-05,-0.09794233602278433,-0.10800665889546168,-4.6490694828493526e-05,0.24492843358668412,0.2671186181333251,-4.64906940689633e-05,-0.08309665129761054,-0.1180544886429087,4.649069489206286e-05,-0.38237637069680647,-0.456550577020136,-4.649069482842931e-05,0.059702123027123744,0.06641170054746,4.649069482954691e-05,2.4760955735341908e-17,-4.661132679094144e-15
320.52,"[0.06062, 0.0456, 0.38757940783373196]",0.0456,0.38757940783373196,4.649069490585682e-05,-0.09607852003909027,-0.1066059570561783,-4.649069490574355e-05,0.2404574025895232,0.263721904764744,-4.64906941491423e-05,-0.07871135634797985,-0.1145507954785898,4.64906949625201e-05,-0.3713458161078691,-0.4480366241887136,-4.6490694905736175e-05,0.05849983845473897,0.06549859283169886,4.649069490586378e-05,2.4988841660119056e-17,-4.754806786502987e-15
320.54,"[0.06062, 0.0456, 0.38757940783373196]",0.0456,0.38757940783373196,4.6490694997797957e-05,-0.09607852003909027,-0.1066059570561783,-4.649069500009839e-05,0.2404574025895232,0.263721904764744,-4.649069423736401e-05,-0.07871135634797985,-0.1145507954785898,4.6490695033832486e-05,-0.3713458161078691,-0.4480366241887136,-4.649069500024696e-05,0.05849983845473897,0.06549859283169886,4.649069499764793e-05,2.4988841660119056e-17,-4.754806786502987e-15
320.56,"[0.06062, 0.0456, 0.38870153186511797]",0.0456,0.38870153186511797,4.649069512741931e-05,-0.09421118317301166,-0.10516111424604778,-4.649069512650325e-05,0.23598778823770422,0.26021966202551294,-4.64906943958693e-05,-0.07437819529650277,-0.11098919686391347,4.6490695192794584e-05,-0.360365814295653,-0.43931641099073104,-4.649069512644337e-05,0.057297823455535,0.06455851631342187,4.649069512747828e-05,2.5715573946945655e-17,-4.691034006336431e-15
320.58,"[0.06062, 0.0456, 0.38870153186511797]",0.0456,0.38870153186511797,4.649069522639198e-05,-0.09421118317301166,-0.10516111424604778,-4.64906952287488e-05,0.23598778823770422,0.26021966202551294,-4.6490694487406626e-05,-0.07437819529650277,-0.11098919686391347,4.649069526372788e-05,-0.360365814295653,-0.43931641099073104,-4.6490695228901525e-05,0.057297823455535,0.06455851631342187,4.649069522623876e-05,2.5715573946945655e-17,-4.691034006336431e-15
320.6,"[0.06062, 0.0456, 0.38870153186511797]",0.0456,0.38870153186511797,4.649069535546971e-05,-0.09421118317301166,-0.10516111424604778,-4.649069535454763e-05,0.23598778823770422,0.26021966202551294,-4.6490694643864725e-05,-0.07437819529650277,-0.11098919686391347,4.649069542040604e-05,-0.360365814295653,-0.43931641099073104,-4.6490695354487095e-05,0.057297823455535,0.06455851631342187,4.649069535552915e-05,2.5715573946945655e-17,-4.691034006336431e-15
320.62,"[0.06062, 0.0456, 0.38980533790551397]",0.0456,0.38980533790551397,4.649069549763384e-05,-0.0923425752491015,-0.10368406239226415,-4.649069549653196e-05,0.23152582100378058,0.25664632152134065,-4.649069479602481e-05,-0.07010159000288071,-0.10738250005685211,4.649069555981691e-05,-0.34944885591782315,-0.43043928184338714,-4.649069549646038e-05,0.05609753812775211,0.06359909918893429,4.649069549770495e-05,2.527203782767423e-17,-4.31763947987498e-15
320.64,"[0.06062, 0.0456, 0.38980533790551397]",0.0456,0.38980533790551397,4.649069557401722e-05,-0.0923425752491015,-0.10233045273929801,-4.649069557398103e-05,0.23152582100378058,0.25338201107542996,-4.6490694876299896e-05,-0.07010159000288071,-0.10403986104677358,4.649069562993279e-05,-0.34944885591782315,-0.42225324014015864,-4.649069557397873e-05,0.05609753812775211,0.06271944048931989,4.6490695574019176e-05,2.527203782767423e-17,-4.3346343322058066e-15
320.66,"[0.06062, 0.0456, 0.39088973663162235]",0.0456,0.39088973663162235,4.649069570817101e-05,-0.09047505897708474,-0.10233045273929801,-4.649069570712113e-05,0.22707792309954258,0.25338201107542996,-4.649069502457268e-05,-0.06588597794754865,-0.10403986104677358,4.649069576926148e-05,-0.33860779503701444,-0.42225324014015864,-4.649069570705292e-05,0.054900502617467976,0.06271944048931989,4.649069570823878e-05,2.5495594989795492e-17,-4.3346343322058066e-15
320.68,"[0.06062, 0.0456, 0.39088973663162235]",0.0456,0.39088973663162235,4.649069578628183e-05,-0.09047505897708474,-0.10092835038924106,-4.6490695786136176e-05,0.22707792309954258,0.2500016589711173,-4.649069510735851e-05,-0.06588597794754865,-0.10063423844425314,4.649069584225598e-05,-0.33860779503701444,-0.4138425361717352,-4.649069578612663e-05,0.054900502617467976,0.06181013053298313,4.649069578629123e-05,2.5495594989795492e-17,-4.374057415073306e-15
320.7,"[0.06062, 0.0456, 0.39088973663162235]",0.0456,0.39088973663162235,4.6490695878669436e-05,-0.09047505897708474,-0.10092835038924106,-4.649069588104575e-05,0.22707792309954258,0.2500016589711173,-4.649069519820827e-05,-0.06588597794754865,-0.10063423844425314,4.6490695916474285e-05,-0.33860779503701444,-0.4138425361717352,-4.649069588119928e-05,0.054900502617467976,0.06181013053298313,4.649069587851479e-05,2.5495594989795492e-17,-4.374057415073306e-15
320.72,"[0.06062, 0.0456, 0.39195365787282127]",0.0456,0.39195365787282127,4.649069600546151e-05,-0.08861111238652716,-0.0994841227720608,-4.6490696004480345e-05,0.22265070277922577,0.24652300266735397,-4.649069535101922e-05,-0.06173580893024141,-0.09717712570093787,4.649069606939515e-05,-0.3278558509264405,-0.4052397716800053,-4.649069600441597e-05,0.053708297877348994,0.06087533176114867,4.6490696005524235e-05,2.6109847886338438e-17,-4.283625719173761e-15
320.74,"[0.06062, 0.0456, 0.39195365787282127]",0.0456,0.39195365787282127,4.649069610466035e-05,-0.08861111238652716,-0.0994841227720608,-4.64906961070928e-05,0.22265070277922577,0.24652300266735397,-4.649069544563687e-05,-0.06173580893024141,-0.09717712570093787,4.6490696143835675e-05,-0.3278558509264405,-0.4052397716800053,-4.64906961072498e-05,0.053708297877348994,0.06087533176114867,4.6490696104502054e-05,2.6109847886338438e-17,-4.283625719173761e-15
320.76,"[0.06062, 0.0456, 0.3929960516672946]",0.0456,0.3929960516672946,4.649069623120754e-05,-0.08675333082385181,-0.09800104771872206,-4.649069623022726e-05,0.21825094762449496,0.242954254338481,-4.6490695596722004e-05,-0.057655541224422034,-0.09368012280472639,4.649069629476232e-05,-0.31720660786173865,-0.3964693705849255,-4.649069623016318e-05,0.05252256616831091,0.05991729103662098,4.649069623127114e-05,2.6248452014447456e-17,-4.146493021065454e-15
320.78,"[0.06062, 0.0456, 0.3929960516672946]",0.0456,0.3929960516672946,4.649069633019605e-05,-0.08675333082385181,-0.09800104771872206,-4.6490696332760764e-05,0.21825094762449496,0.242954254338481,-4.649069569200323e-05,-0.057655541224422034,-0.09368012280472639,4.6490696369823266e-05,-0.31720660786173865,-0.3964693705849255,-4.649069633292584e-05,0.05252256616831091,0.05991729103662098,4.649069633002914e-05,2.6248452014447456e-17,-4.146493021065454e-15
320.8,"[0.06062, 0.0456, 0.3929960516672946]",0.0456,0.3929960516672946,4.649069645574736e-05,-0.08675333082385181,-0.09800104771872206,-4.649069645476244e-05,0.21825094762449496,0.242954254338481,-4.6490695841035044e-05,-0.057655541224422034,-0.09368012280472639,4.649069651880018e-05,-0.31720660786173865,-0.3964693705849255,-4.649069645469752e-05,0.05252256616831091,0.05991729103662098,4.6490696455811015e-05,2.6248452014447456e-17,-4.146493021065454e-15
320.82,"[0.06062, 0.0456, 0.3940158892982169]",0.0456,0.3940158892982169,4.6490696592227406e-05,-0.0849044284102088,-0.09666531173139373,-4.649069659104816e-05,0.2138856166960295,0.23976287297300808,-4.649069598728226e-05,-0.05364963715262592,-0.09044851721758065,4.64906966527696e-05,-0.30667401255495336,-0.38845883466762426,-4.6490696590971134e-05,0.05134501125130403,0.05905349546813252,4.6490696592303625e-05,2.6148230126085375e-17,-3.7648732123823065e-15
320.84,"[0.06062, 0.0456, 0.3940158892982169]",0.0456,0.3940158892982169,4.649069667079075e-05,-0.0849044284102088,-0.09527440940887293,-4.649069667063663e-05,0.2138856166960295,0.23643499297526938,-4.649069607042737e-05,-0.05364963715262592,-0.08716563522032501,4.649069672574501e-05,-0.30667401255495336,-0.3802212746282752,-4.6490696670626546e-05,0.05134501125130403,0.058156236249038123,4.649069667080076e-05,2.6148230126085375e-17,-3.710223865722035e-15
320.86,"[0.06062, 0.0456, 0.39501216430897285]",0.0456,0.39501216430897285,4.64906967629666e-05,-0.083067238848169,-0.09527440940887293,-4.649069676542487e-05,0.2095618314305293,0.23643499297526938,-4.649069616299814e-05,-0.0497225580508076,-0.08716563522032501,4.64906968020075e-05,-0.2962723688599275,-0.3802212746282752,-4.649069676558393e-05,0.05017739821142038,0.058156236249038123,4.6490696762807136e-05,2.6254236202271792e-17,-3.710223865722035e-15
320.88,"[0.06062, 0.0456, 0.39501216430897285]",0.0456,0.39501216430897285,4.6490696886069586e-05,-0.083067238848169,-0.09384306764544668,-4.649069688506867e-05,0.2095618314305293,0.2330141599140048,-4.649069630920019e-05,-0.0497225580508076,-0.08384054625157332,4.6490696948002325e-05,-0.2962723688599275,-0.3718088709810837,-4.6490696885003104e-05,0.05017739821142038,0.05723478939957644,4.6490696886134374e-05,2.6254236202271792e-17,-3.596710714629619e-15
320.9,"[0.06062, 0.0456, 0.39501216430897285]",0.0456,0.39501216430897285,4.6490696984329494e-05,-0.083067238848169,-0.09384306764544668,-4.649069698683443e-05,0.2095618314305293,0.2330141599140048,-4.649069640538823e-05,-0.0497225580508076,-0.08384054625157332,4.649069702457803e-05,-0.2962723688599275,-0.3718088709810837,-4.649069698699676e-05,0.05017739821142038,0.05723478939957644,4.649069698416726e-05,2.6254236202271792e-17,-3.596710714629619e-15
320.92,"[0.06062, 0.0456, 0.39598389349640867]",0.0456,0.39598389349640867,4.6490697106910964e-05,-0.08124471545499543,-0.0923751377049318,-4.6490697105906946e-05,0.20528686515753372,0.22951009596075092,-4.649069654954203e-05,-0.04587875859384447,-0.08048461130547832,4.6490697168271074e-05,-0.2860163293542063,-0.36324742662436443,-4.649069710584169e-05,0.0490215528517351,0.05629173068519178,4.649069710697657e-05,2.5495623870942186e-17,-3.4758195998333754e-15
320.94,"[0.06062, 0.0456, 0.39598389349640867]",0.0456,0.39598389349640867,4.649069720484824e-05,-0.08124471545499543,-0.0923751377049318,-4.6490697207476015e-05,0.20528686515753372,0.22951009596075092,-4.649069664637201e-05,-0.04587875859384447,-0.08048461130547832,4.649069724548457e-05,-0.2860163293542063,-0.36324742662436443,-4.6490697207646234e-05,0.0490215528517351,0.05629173068519178,4.64906972046774e-05,2.5495623870942186e-17,-3.4758195998333754e-15
320.96,"[0.06062, 0.0456, 0.3969301178811346]",0.0456,0.3969301178811346,4.6490697326243546e-05,-0.07943993029069019,-0.0923751377049318,-4.649069732523239e-05,0.2010681311079698,0.22951009596075092,-4.6490696788210196e-05,-0.04212268045947467,-0.08048461130547832,4.649069738695921e-05,-0.27592088338194337,-0.36324742662436443,-4.649069732516675e-05,0.04787936058994147,0.05629173068519178,4.649069732630924e-05,2.5270835502577723e-17,-3.4758195998333754e-15
320.98,"[0.06062, 0.0456, 0.3969301178811346]",0.0456,0.3969301178811346,4.64906974239948e-05,-0.07943993029069019,-0.0908747651605184,-4.649069742672438e-05,0.2010681311079698,0.2259335875265449,-4.649069688595249e-05,-0.04212268045947467,-0.07710742889914948,4.649069746513029e-05,-0.27592088338194337,-0.3545612834973401,-4.649069742690122e-05,0.04787936058994147,0.0553297748745379,4.649069742381762e-05,2.5270835502577723e-17,-3.3693813652080925e-15
321.0,"[0.06062, 0.0456, 0.3969301178811346]",0.0456,0.3969301178811346,4.649069754443028e-05,-0.07943993029069019,-0.0908747651605184,-4.6490697543402085e-05,0.2010681311079698,0.2259335875265449,-4.649069702573901e-05,-0.04212268045947467,-0.07710742889914948,4.649069760460856e-05,-0.27592088338194337,-0.3545612834973401,-4.649069754333519e-05,0.04787936058994147,0.0553297748745379,4.649069754449672e-05,2.5270835502577723e-17,-3.3693813652080925e-15
321.02,"[0.06062, 0.0456, 0.397849903653922]",0.0456,0.397849903653922,4.649069767343275e-05,-0.07765607224061234,-0.08935576580808681,-4.649069767219888e-05,0.19691316878633405,0.22232394828751637,-4.649069716412331e-05,-0.038458745314220735,-0.0737202420375317,4.649069773134247e-05,-0.2660013411267783,-0.34580348564395336,-4.649069767211851e-05,0.04675276478713831,0.0543575980545846,4.6490697673512445e-05,2.5062742597140705e-17,-3.097655715923195e-15
321.04,"[0.06062, 0.0456, 0.397849903653922]",0.0456,0.397849903653922,4.649069775518728e-05,-0.07765607224061234,-0.08935576580808681,-4.649069775514751e-05,0.19691316878633405,0.22232394828751637,-4.649069725205353e-05,-0.038458745314220735,-0.0737202420375317,4.649069780870964e-05,-0.2660013411267783,-0.34580348564395336,-4.649069775514505e-05,0.04675276478713831,0.0543575980545846,4.649069775518987e-05,2.5062742597140705e-17,-3.097655715923195e-15
321.06,"[0.06062, 0.0456, 0.39874234309726014]",0.0456,0.39874234309726014,4.649069787786199e-05,-0.07589644390577573,-0.08796376513494243,-4.6490697876681185e-05,0.19282962858141905,0.2190269010500461,-4.6490697386363986e-05,-0.03489134711236416,-0.07058119313302744,4.64906979346789e-05,-0.25627331327500597,-0.33773008603598803,-4.6490697876604416e-05,0.04564376443538576,0.05346636675847956,4.649069787793877e-05,2.4399685743217245e-17,-3.1513949541019466e-15
321.08,"[0.06062, 0.0456, 0.39874234309726014]",0.0456,0.39874234309726014,4.649069795972155e-05,-0.07589644390577573,-0.08653708992480486,-4.649069795955237e-05,0.19282962858141905,0.2156530078547081,-4.649069747481315e-05,-0.03489134711236416,-0.06741322660666692,4.649069801304071e-05,-0.25627331327500597,-0.32951606758170876,-4.649069795954136e-05,0.04564376443538576,0.05255476376749503,4.6490697959732745e-05,2.4399685743217245e-17,-3.237661803164034e-15
321.1,"[0.06062, 0.0456, 0.39874234309726014]",0.0456,0.39874234309726014,4.649069805217206e-05,-0.07589644390577573,-0.08653708992480486,-4.6490698054787704e-05,0.19282962858141905,0.2156530078547081,-4.649069757106816e-05,-0.03489134711236416,-0.06741322660666692,4.6490698093370664e-05,-0.25627331327500597,-0.32951606758170876,-4.649069805495695e-05,0.04564376443538576,0.05255476376749503,4.6490698052002076e-05,2.4399685743217245e-17,-3.237661803164034e-15
321.12,"[0.06062, 0.0456, 0.399606555481164]",0.0456,0.399606555481164,4.6490698170362435e-05,-0.07416445714959488,-0.08508358084044133,-4.649069816925187e-05,0.1888252544970454,0.21222353847991485,-4.649069770773063e-05,-0.03142484370776642,-0.06422730938707677,4.649069822951042e-05,-0.24675268582939724,-0.3211978098356098,-4.649069816917942e-05,0.0445544111291662,0.05162777568874661,4.6490698170434216e-05,2.430767528882706e-17,-3.221301350383728e-15
321.14,"[0.06062, 0.0456, 0.399606555481164]",0.0456,0.399606555481164,4.649069826834076e-05,-0.07416445714959488,-0.08508358084044133,-4.6490698270965873e-05,0.1888252544970454,0.21222353847991485,-4.649069780812616e-05,-0.03142484370776642,-0.06422730938707677,4.649069831090518e-05,-0.24675268582939724,-0.3211978098356098,-4.649069827113579e-05,0.0445544111291662,0.05162777568874661,4.6490698268170414e-05,2.430767528882706e-17,-3.221301350383728e-15
321.16,"[0.06062, 0.0456, 0.4004416879323484]",0.0456,0.4004416879323484,4.6490698386629774e-05,-0.07246362714860059,-0.08508358084044133,-4.649069838552484e-05,0.1849078648949497,0.21222353847991485,-4.649069794361976e-05,-0.028063547788282423,-0.06422730938707677,4.6490698445537785e-05,-0.2374555896448905,-0.3211978098356098,-4.649069838545301e-05,0.04348680524602441,0.05162777568874661,4.649069838670159e-05,2.41471664367085e-17,-3.221301350383728e-15
321.18,"[0.06062, 0.0456, 0.4004416879323484]",0.0456,0.4004416879323484,4.649069851204032e-05,-0.07246362714860059,-0.08361750498592524,-4.649069851074625e-05,0.1849078648949497,0.20877799123994753,-4.6490698078329866e-05,-0.028063547788282423,-0.06103738001242128,4.649069856883307e-05,-0.2374555896448905,-0.3128333892987445,-4.649069851066245e-05,0.04348680524602441,0.050694358255840954,4.649069851212457e-05,2.41471664367085e-17,-2.9915512331172143e-15
321.2,"[0.06062, 0.0456, 0.4004416879323484]",0.0456,0.4004416879323484,4.6490698595713244e-05,-0.07246362714860059,-0.08361750498592524,-4.6490698595614486e-05,0.1849078648949497,0.20877799123994753,-4.6490698168774316e-05,-0.028063547788282423,-0.06103738001242128,4.6490698648599995e-05,-0.2374555896448905,-0.3128333892987445,-4.6490698595608123e-05,0.04348680524602441,0.050694358255840954,4.649069859571966e-05,2.41471664367085e-17,-2.9915512331172143e-15
321.22,"[0.06062, 0.0456, 0.40124691627591064]",0.0456,0.40124691627591064,4.649069871505592e-05,-0.0707975647972622,-0.08213174877678854,-4.64906987138375e-05,0.18108533115733907,0.20529248933704952,-4.6490698299070156e-05,-0.024811717153597583,-0.057852821934023184,4.649069877059305e-05,-0.22839836428120025,-0.30441628398230813,-4.649069871375809e-05,0.0424430912638153,0.04975024150837829,4.6490698715135247e-05,2.4125140702077827e-17,-2.8655192546633925e-15
321.24,"[0.06062, 0.0456, 0.40124691627591064]",0.0456,0.40124691627591064,4.6490698799241566e-05,-0.0707975647972622,-0.08213174877678854,-4.6490698799134345e-05,0.18108533115733907,0.20529248933704952,-4.6490698390711226e-05,-0.024811717153597583,-0.057852821934023184,4.649069885182371e-05,-0.22839836428120025,-0.30441628398230813,-4.649069879912738e-05,0.0424430912638153,0.04975024150837829,4.6490698799248864e-05,2.4125140702077827e-17,-2.8655192546633925e-15
321.26,"[0.06062, 0.0456, 0.40202144584869204]",0.0456,0.40202144584869204,4.649069891765749e-05,-0.06916996732438352,-0.08078272794836114,-4.6490698916397586e-05,0.17736555419718453,0.20214525002903325,-4.64906985199376e-05,-0.021673544369398515,-0.054905473162272636,4.649069897284356e-05,-0.2195975158063923,-0.2966975856171676,-4.6490698916315844e-05,0.041425452146542883,0.04889249202798279,4.649069891773956e-05,2.3340361035104e-17,-2.7731275879548996e-15
321.28,"[0.06062, 0.0456, 0.40202144584869204]",0.0456,0.40202144584869204,4.649069900047054e-05,-0.06916996732438352,-0.08078272794836114,-4.649069900023326e-05,0.17736555419718453,0.20214525002903325,-4.649069860995485e-05,-0.021673544369398515,-0.054905473162272636,4.6490699052718425e-05,-0.2195975158063923,-0.2966975856171676,-4.649069900021794e-05,0.041425452146542883,0.04889249202798279,4.649069900048559e-05,2.3340361035104e-17,-2.7731275879548996e-15
321.3,"[0.06062, 0.0456, 0.40202144584869204]",0.0456,0.40202144584869204,4.649069911834643e-05,-0.06916996732438352,-0.07940144673341355,-4.649069911708432e-05,0.17736555419718453,0.19892373065908714,-4.649069873896e-05,-0.021673544369398515,-0.051949331116861605,4.649069917333896e-05,-0.2195975158063923,-0.28887289225074825,-4.649069911700204e-05,0.041425452146542883,0.04801610532001569,4.649069911842797e-05,2.3340361035104e-17,-2.8551260731099108e-15
321.32,"[0.06062, 0.0456, 0.40276451228351445]",0.0456,0.40276451228351445,4.649069920334334e-05,-0.06758460699140934,-0.07940144673341355,-4.6490699203145215e-05,0.17375643877049216,0.19892373065908714,-4.649069883150834e-05,-0.018653145843657664,-0.051949331116861605,4.649069925549167e-05,-0.21106966824174878,-0.28887289225074825,-4.6490699203132605e-05,0.040436102738136026,0.04801610532001569,4.649069920335577e-05,2.335838918571956e-17,-2.8551260731099108e-15
321.34,"[0.06062, 0.0456, 0.40276451228351445]",0.0456,0.40276451228351445,4.649069932007981e-05,-0.06758460699140934,-0.07800050438284285,-4.6490699318818555e-05,0.17375643877049216,0.19566408711175307,-4.649069895882222e-05,-0.018653145843657664,-0.04899175186475562,4.6490699374477646e-05,-0.21106966824174878,-0.28098681857486774,-4.649069931873639e-05,0.040436102738136026,0.04712892534246941,4.649069932016125e-05,2.335838918571956e-17,-2.9424881610438998e-15
321.36,"[0.06062, 0.0456, 0.4034753822635181]",0.0456,0.4034753822635181,4.649069940523521e-05,-0.0660453177621921,-0.07800050438284285,-4.649069940505373e-05,0.17026586557688125,0.19566408711175307,-4.649069905168696e-05,-0.015754550384185745,-0.04899175186475562,4.6490699456918956e-05,-0.202831508413662,-0.28098681857486774,-4.64906994050417e-05,0.039477282114045484,0.04712892534246941,4.649069940524656e-05,2.3687012842251933e-17,-2.9424881610438998e-15
321.38,"[0.06062, 0.0456, 0.4034753822635181]",0.0456,0.4034753822635181,4.649069952047394e-05,-0.0660453177621921,-0.07659513987956801,-4.649069951920344e-05,0.17026586557688125,0.19240833636654803,-4.6490699177209385e-05,-0.015754550384185745,-0.04604436934250232,4.6490699574239e-05,-0.202831508413662,-0.27309726186500727,-4.6490699519120455e-05,0.039477282114045484,0.04624041116417139,4.649069952055614e-05,2.3687012842251933e-17,-2.869261984973273e-15
321.4,"[0.06062, 0.0456, 0.4034753822635181]",0.0456,0.4034753822635181,4.64906996046236e-05,-0.0660453177621921,-0.07659513987956801,-4.6490699604440166e-05,0.17026586557688125,0.19240833636654803,-4.649069926912359e-05,-0.015754550384185745,-0.04604436934250232,4.649069965581907e-05,-0.202831508413662,-0.27309726186500727,-4.64906996044281e-05,0.039477282114045484,0.04624041116417139,4.649069960463518e-05,2.3687012842251933e-17,-2.869261984973273e-15
321.42,"[0.06062, 0.0456, 0.40415335424585713]",0.0456,0.40415335424585713,4.649069969529709e-05,-0.06455597986001191,-0.07531008083361915,-4.649069969761769e-05,0.16690166117289784,0.18944369723102988,-4.649069936508743e-05,-0.012981687310125601,-0.04331125973509969,4.649069973699966e-05,-0.19489972407427317,-0.26583114016862086,-4.6490699697768004e-05,0.038551244854569074,0.045427631278605475,4.649069969514641e-05,2.4176412849017568e-17,-2.9400870714110913e-15
321.44,"[0.06062, 0.0456, 0.40415335424585713]",0.0456,0.40415335424585713,4.64906998063624e-05,-0.06455597986001191,-0.07401185381742022,-4.649069980517869e-05,0.16690166117289784,0.18645879870625254,-4.6490699491214134e-05,-0.012981687310125601,-0.04057678066239141,4.649069986172562e-05,-0.19489972407427317,-0.258522332858362,-4.6490699805101505e-05,0.038551244854569074,0.044607930030271886,4.6490699806439004e-05,2.4176412849017568e-17,-2.883671060128937e-15
321.46,"[0.06062, 0.0456, 0.4047977591540375]",0.0456,0.4047977591540375,4.649069990063309e-05,-0.06312050216145713,-0.07401185381742022,-4.649069990295744e-05,0.16367156576656472,0.18645879870625254,-4.6490699590062154e-05,-0.01033837420333085,-0.04057678066239141,4.649069994302028e-05,-0.18729093527006377,-0.258522332858362,-4.649069990310773e-05,0.03766025122156671,0.044607930030271886,4.649069990048205e-05,2.4338931761618935e-17,-2.883671060128937e-15
321.48,"[0.06062, 0.0456, 0.4047977591540375]",0.0456,0.4047977591540375,4.649070001112628e-05,-0.06312050216145713,-0.07270559753321562,-4.64907000099911e-05,0.16367156576656472,0.1834647720618949,-4.6490699714647934e-05,-0.01033837420333085,-0.03785496936874394,4.6490700065938085e-05,-0.18729093527006377,-0.2512042292447478,-4.6490700009917115e-05,0.03766025122156671,0.04378459504539268,4.6490700011199685e-05,2.4338931761618935e-17,-2.7746333715133236e-15
321.5,"[0.06062, 0.0456, 0.4047977591540375]",0.0456,0.4047977591540375,4.649070010448429e-05,-0.06312050216145713,-0.07270559753321562,-4.649070010689606e-05,0.16367156576656472,0.1834647720618949,-4.649069981279932e-05,-0.01033837420333085,-0.03785496936874394,4.6490700146624377e-05,-0.18729093527006377,-0.2512042292447478,-4.649070010705177e-05,0.03766025122156671,0.04378459504539268,4.649070010432724e-05,2.4338931761618935e-17,-2.7746333715133236e-15
321.52,"[0.06062, 0.0456, 0.40540796103821486]",0.0456,0.40540796103821486,4.649070021314744e-05,-0.0617428024184079,-0.07138661508696008,-4.649070021204926e-05,0.16058319901125137,0.18044461704736273,-4.6490699934701687e-05,-0.00782830439807568,-0.03515504669111161,4.6490700266956316e-05,-0.180021619076507,-0.2438766549278869,-4.649070021197771e-05,0.036806556241781786,0.04295481921193235,4.649070021321824e-05,2.4511116655705394e-17,-2.7946707085267612e-15
321.54,"[0.06062, 0.0456, 0.40540796103821486]",0.0456,0.40540796103821486,4.649070030337432e-05,-0.0617428024184079,-0.07138661508696008,-4.649070030305047e-05,0.16058319901125137,0.18044461704736273,-4.649070003391552e-05,-0.00782830439807568,-0.03515504669111161,4.649070035606087e-05,-0.180021619076507,-0.2438766549278869,-4.649070030302903e-05,0.036806556241781786,0.04295481921193235,4.649070030339453e-05,2.4511116655705394e-17,-2.7946707085267612e-15
321.56,"[0.06062, 0.0456, 0.4059833577028]",0.0456,0.4059833577028,4.6490700419601e-05,-0.06042678534878667,-0.0701934426933494,-4.649070041822669e-05,0.15764402397142507,0.17773263510333923,-4.6490700160318467e-05,-0.00545503431882916,-0.03265259906418057,4.6490700473887726e-05,-0.1731080279763868,-0.2371658786292697,-4.6490700418137406e-05,0.035992397725297914,0.0422037057889881,4.649070041969008e-05,2.4015318307070285e-17,-2.7022660381719986e-15
321.58,"[0.06062, 0.0456, 0.4059833577028]",0.0456,0.4059833577028,4.649070050669073e-05,-0.06042678534878667,-0.0701934426933494,-4.6490700506290375e-05,0.15764402397142507,0.17773263510333923,-4.649070025521711e-05,-0.00545503431882916,-0.03265259906418057,4.649070055832461e-05,-0.1731080279763868,-0.2371658786292697,-4.649070050626414e-05,0.035992397725297914,0.0422037057889881,4.6490700506716636e-05,2.4015318307070285e-17,-2.7022660381719986e-15
321.6,"[0.06062, 0.0456, 0.4059833577028]",0.0456,0.4059833577028,4.6490700620541594e-05,-0.06042678534878667,-0.06899652696465347,-4.649070061923464e-05,0.15764402397142507,0.17502181196917113,-4.6490700379265994e-05,-0.00545503431882916,-0.030164528372221715,4.64907006737597e-05,-0.1731080279763868,-0.23046065116615977,-4.6490700619149865e-05,0.035992397725297914,0.04145146750836947,4.649070062062637e-05,2.4015318307070285e-17,-2.550962451184466e-15
321.62,"[0.06062, 0.0456, 0.4065233813007535]",0.0456,0.4065233813007535,4.649070070577353e-05,-0.059176318693435696,-0.06779099009768835,-4.6490700705449776e-05,0.1548613094911068,0.17229433587917906,-4.649070047203089e-05,-0.003221970785319757,-0.02770090248571759,4.6490700756204e-05,-0.16656610233711935,-0.22376140963039454,-4.6490700705428316e-05,0.03521998327644024,0.040695195839712595,4.6490700705794085e-05,2.3786842508614668e-17,-2.508872462590464e-15
321.64,"[0.06062, 0.0456, 0.4065233813007535]",0.0456,0.4065233813007535,4.64907007973103e-05,-0.059176318693435696,-0.06779099009768835,-4.649070079952787e-05,0.1548613094911068,0.17229433587917906,-4.6490700570347716e-05,-0.003221970785319757,-0.02770090248571759,4.6490700839910754e-05,-0.16656610233711935,-0.22376140963039454,-4.649070079967103e-05,0.03521998327644024,0.040695195839712595,4.649070079716585e-05,2.3786842508614668e-17,-2.508872462590464e-15
321.66,"[0.06062, 0.0456, 0.407027498893982]",0.0456,0.407027498893982,4.649070090487073e-05,-0.057995207399500516,-0.06659385734204422,-4.6490700903729306e-05,0.15224209125649746,0.16959643816323725,-4.649070069035279e-05,-0.0011323584113737397,-0.025271414606839845,4.649070095779953e-05,-0.160411377634888,-0.21712866869103248,-4.649070090365511e-05,0.03449147638615515,0.03994532149922759,4.649070090494488e-05,2.412620462165534e-17,-2.397338408862698e-15
321.68,"[0.06062, 0.0456, 0.407027498893982]",0.0456,0.407027498893982,4.6490700996934765e-05,-0.057995207399500516,-0.06659385734204422,-4.649070099910781e-05,0.15224209125649746,0.16959643816323725,-4.6490700788040015e-05,-0.0011323584113737397,-0.025271414606839845,4.649070103888478e-05,-0.160411377634888,-0.21712866869103248,-4.649070099924869e-05,0.03449147638615515,0.03994532149922759,4.649070099679396e-05,2.412620462165534e-17,-2.397338408862698e-15
321.7,"[0.06062, 0.0456, 0.407027498893982]",0.0456,0.407027498893982,4.649070110158566e-05,-0.057995207399500516,-0.06551442209396297,-4.649070110049268e-05,0.15224209125649746,0.1671823930785968,-4.649070090434334e-05,-0.0011323584113737397,-0.023026840073806006,4.649070115300502e-05,-0.160411377634888,-0.21107418738937422,-4.649070110042231e-05,0.03449147638615515,0.03926876697141641,4.649070110165712e-05,2.412620462165534e-17,-2.2461111357628505e-15
321.72,"[0.06062, 0.0456, 0.40749521297928387]",0.0456,0.40749521297928387,4.649070118898973e-05,-0.056887166158504934,-0.06551442209396297,-4.6490701190874045e-05,0.14979313190548058,0.1671823930785968,-4.6490700995448914e-05,0.0008107327714185781,-0.023026840073806006,4.64907012283639e-05,-0.15465888727552593,-0.21107418738937422,-4.649070119099648e-05,0.033808981728808835,0.03926876697141641,4.649070118886771e-05,2.3955272011755382e-17,-2.2461111357628505e-15
321.74,"[0.06062, 0.0456, 0.40749521297928387]",0.0456,0.40749521297928387,4.649070128964222e-05,-0.056887166158504934,-0.0644311642024772,-4.649070128859148e-05,0.14979313190548058,0.1647625191870081,-4.649070110883246e-05,0.0008107327714185781,-0.02080920891013198,4.649070133950379e-05,-0.15465888727552593,-0.20504305699737607,-4.6490701288523486e-05,0.033808981728808835,0.03859096946865088,4.649070128971047e-05,2.3955272011755382e-17,-2.180044599760934e-15
321.76,"[0.06062, 0.0456, 0.4079260619793247]",0.0456,0.4079260619793247,4.649070137515631e-05,-0.055855790597801616,-0.0644311642024772,-4.649070137713207e-05,0.14752088059636534,0.1647625191870081,-4.649070119866663e-05,0.00260441933260481,-0.02080920891013198,4.649070141386176e-05,-0.1493230620672511,-0.20504305699737607,-4.649070137726079e-05,0.0331745298213493,0.03859096946865088,4.649070137502872e-05,2.3729270381006645e-17,-2.180044599760934e-15
321.78,"[0.06062, 0.0456, 0.4079260619793247]",0.0456,0.4079260619793247,4.649070147275435e-05,-0.055855790597801616,-0.06336823914899763,-4.649070147176275e-05,0.14752088059636534,0.16240163069041172,-4.64907013077692e-05,0.00260441933260481,-0.018633881824836402,4.6490701520848e-05,-0.1493230620672511,-0.19912333335554036,-4.649070147169819e-05,0.0331745298213493,0.037926729136868044,4.649070147281842e-05,2.3729270381006645e-17,-2.026012561232534e-15
321.8,"[0.06062, 0.0456, 0.4079260619793247]",0.0456,0.4079260619793247,4.649070155426998e-05,-0.055855790597801616,-0.06336823914899763,-4.6490701556242594e-05,0.14752088059636534,0.16240163069041172,-4.6490701392981195e-05,0.00260441933260481,-0.018633881824836402,4.64907015910384e-05,-0.1493230620672511,-0.19912333335554036,-4.649070155637049e-05,0.0331745298213493,0.037926729136868044,4.649070155414199e-05,2.3729270381006645e-17,-2.026012561232534e-15
321.82,"[0.06062, 0.0456, 0.40831962069815847]",0.0456,0.40831962069815847,4.649070164811427e-05,-0.05490452749461439,-0.06232285785099653,-4.649070164715998e-05,0.14543143250389828,0.160087189588675,-4.6490701498278205e-05,0.004246015973408641,-0.016509728709449258,4.6490701694514346e-05,-0.14441762760063223,-0.19331977185565805,-4.6490701647098296e-05,0.03259006123757225,0.03727432910831008,4.649070164817629e-05,2.3632020229743784e-17,-1.889758583750235e-15
321.84,"[0.06062, 0.0456, 0.40831962069815847]",0.0456,0.40831962069815847,4.649070172692392e-05,-0.05490452749461439,-0.06232285785099653,-4.6490701728890074e-05,0.14543143250389828,0.160087189588675,-4.6490701580879543e-05,0.004246015973408641,-0.016509728709449258,4.649070176252333e-05,-0.14441762760063223,-0.19331977185565805,-4.6490701729017576e-05,0.03259006123757225,0.03727432910831008,4.6490701726796324e-05,2.3632020229743784e-17,-1.889758583750235e-15
321.86,"[0.06062, 0.0456, 0.40867550074084463]",0.0456,0.40867550074084463,4.649070181769091e-05,-0.05403664444932652,-0.06130063014943288,-4.6490701816765805e-05,0.1435304887596422,0.1578314063638131,-4.649070168257163e-05,0.00573304644287032,-0.014444791005431957,4.649070186251981e-05,-0.1399555009775245,-0.1876592361156564,-4.649070181670601e-05,0.03205741060327197,0.03663715983537685,4.6490701817751236e-05,2.3280592817968683e-17,-1.7729787316730922e-15
321.88,"[0.06062, 0.0456, 0.40867550074084463]",0.0456,0.40867550074084463,4.649070189391386e-05,-0.05403664444932652,-0.06130063014943288,-4.649070189584827e-05,0.1435304887596422,0.1578314063638131,-4.649070176259111e-05,0.00573304644287032,-0.014444791005431957,4.649070192837818e-05,-0.1399555009775245,-0.1876592361156564,-4.649070189597395e-05,0.03205741060327197,0.03663715983537685,4.649070189378817e-05,2.3280592817968683e-17,-1.7729787316730922e-15
321.9,"[0.06062, 0.0456, 0.40867550074084463]",0.0456,0.40867550074084463,4.6490701981723974e-05,-0.05403664444932652,-0.06037063184738971,-4.6490701980821816e-05,0.1435304887596422,0.15578954968403855,-4.649070186088438e-05,0.00573304644287032,-0.012536685828169266,4.6490702025066e-05,-0.1399555009775245,-0.1824690721006748,-4.649070198076355e-05,0.03205741060327197,0.036057268548717505,4.64907019817824e-05,2.3280592817968683e-17,-1.7353300613768314e-15
321.92,"[0.06062, 0.0456, 0.408993350896747]",0.0456,0.408993350896747,4.6490702052308056e-05,-0.05325519951548644,-0.06037063184738971,-4.6490702051954166e-05,0.1418233173935629,0.15578954968403855,-4.649070193812796e-05,0.007063253721577618,-0.012536685828169266,4.6490702094327924e-05,-0.13594868849318595,-0.1824690721006748,-4.649070205193162e-05,0.03157829062760435,0.036057268548717505,4.649070205233098e-05,2.348814413175505e-17,-1.7353300613768314e-15
321.94,"[0.06062, 0.0456, 0.408993350896747]",0.0456,0.408993350896747,4.6490702145196224e-05,-0.05325519951548644,-0.059464350135862404,-4.649070214410082e-05,0.1418233173935629,0.15380840047037747,-4.649070203942291e-05,0.007063253721577618,-0.010679668707610897,4.6490702188458757e-05,-0.13594868849318595,-0.1774128628846714,-4.649070214403012e-05,0.03157829062760435,0.03549274378169969,4.649070214526719e-05,2.348814413175505e-17,-1.6520597314020582e-15
321.96,"[0.06062, 0.0456, 0.4092728574861362]",0.0456,0.4092728574861362,4.64907022142104e-05,-0.05256301133449333,-0.059464350135862404,-4.6490702213886164e-05,0.14031471586146194,0.15380840047037747,-4.649070211441471e-05,0.008234609365783078,-0.010679668707610897,4.6490702255038555e-05,-0.13240818600428864,-0.1774128628846714,-4.649070221386523e-05,0.031154276450255713,0.03549274378169969,4.649070221423147e-05,2.378067587299809e-17,-1.6520597314020582e-15
321.98,"[0.06062, 0.0456, 0.4092728574861362]",0.0456,0.4092728574861362,4.649070230411861e-05,-0.05256301133449333,-0.05858731124148232,-4.649070230308994e-05,0.14031471586146194,0.15189919992999162,-4.6490702212278685e-05,0.008234609365783078,-0.008884149124941024,4.649070234590641e-05,-0.13240818600428864,-0.17252043359834468,-4.649070230302353e-05,0.031154276450255713,0.03494695011752711,4.649070230418544e-05,2.378067587299809e-17,-1.5537067677730208e-15
322.0,"[0.06062, 0.0456, 0.4092728574861362]",0.0456,0.4092728574861362,4.649070237271581e-05,-0.05256301133449333,-0.05858731124148232,-4.649070237436608e-05,0.14031471586146194,0.15189919992999162,-4.649070228267029e-05,0.008234609365783078,-0.008884149124941024,4.649070240302445e-05,-0.13240818600428864,-0.17252043359834468,-4.649070237447333e-05,0.031154276450255713,0.03494695011752711,4.649070237260868e-05,2.378067587299809e-17,-1.5537067677730208e-15
322.02,"[0.06062, 0.0456, 0.40951374466975365]",0.0456,0.40951374466975365,4.649070245128548e-05,-0.05196263035947332,-0.05774197069657011,-4.64907024505153e-05,0.13900897575645305,0.15006554365871264,-4.6490702371404544e-05,0.009245321917751787,-0.007156589133673807,4.649070249018469e-05,-0.1293438838005327,-0.167807694699135,-4.649070245046554e-05,0.03078679060124199,0.0344213505609194,4.649070245133572e-05,2.3752377616218105e-17,-1.4931102799216001e-15
322.04,"[0.06062, 0.0456, 0.40951374466975365]",0.0456,0.40951374466975365,4.649070251600462e-05,-0.05196263035947332,-0.05774197069657011,-4.649070251761265e-05,0.13900897575645305,0.15006554365871264,-4.649070243815265e-05,0.009245321917751787,-0.007156589133673807,4.6490702544791694e-05,-0.1293438838005327,-0.167807694699135,-4.649070251771717e-05,0.03078679060124199,0.0344213505609194,4.649070251590047e-05,2.3752377616218105e-17,-1.4931102799216001e-15
322.06,"[0.06062, 0.0456, 0.4097157747210319]",0.0456,0.4097157747210319,4.6490702591403544e-05,-0.05145631177206065,-0.05698231836141051,-4.649070259065137e-05,0.1379098502999364,0.1484310007385879,-4.649070252352889e-05,0.010093844302940561,-0.005566541254476801,4.649070262875188e-05,-0.12676447783018202,-0.16352120560918593,-4.6490702590602766e-05,0.03047708887872133,0.033948758373721244,4.6490702591452645e-05,2.3678766606536148e-17,-1.4446629114560059e-15
322.08,"[0.06062, 0.0456, 0.4097157747210319]",0.0456,0.4097157747210319,4.649070264999197e-05,-0.05145631177206065,-0.05698231836141051,-4.6490702649688485e-05,0.1379098502999364,0.1484310007385879,-4.649070258742425e-05,0.010093844302940561,-0.005566541254476801,4.6490702685951754e-05,-0.12676447783018202,-0.16352120560918593,-4.6490702649669226e-05,0.03047708887872133,0.033948758373721244,4.64907026500116e-05,2.3678766606536148e-17,-1.4446629114560059e-15
322.1,"[0.06062, 0.0456, 0.4097157747210319]",0.0456,0.4097157747210319,4.6490702730271235e-05,-0.05145631177206065,-0.056257365066638365,-4.649070272936121e-05,0.1379098502999364,0.14687907340816678,-4.6490702675209106e-05,0.010093844302940561,-0.004042337404290564,4.6490702767490825e-05,-0.12676447783018202,-0.1594202770241127,-4.6490702729302365e-05,0.03047708887872133,0.033498027809177516,4.6490702730330385e-05,2.3678766606536148e-17,-1.3681234390281675e-15
322.12,"[0.06062, 0.0456, 0.40987874826070164]",0.0456,0.40987874826070164,4.649070278732728e-05,-0.05104599069498229,-0.056257365066638365,-4.6490702787040345e-05,0.13702052518728144,0.14687907340816678,-4.649070273685802e-05,0.010778880150245793,-0.004042337404290564,4.649070282211262e-05,-0.12467738910369867,-0.1594202770241127,-4.649070278702217e-05,0.030226247448827886,0.033498027809177516,4.649070278734609e-05,2.3724593670627227e-17,-1.3681234390281675e-15
322.14,"[0.06062, 0.0456, 0.40987874826070164]",0.0456,0.40987874826070164,4.649070286482738e-05,-0.05104599069498229,-0.05557234540936929,-4.6490702863979506e-05,0.13702052518728144,0.14542043639976088,-4.649070282148363e-05,0.010778880150245793,-0.0025928503528773288,4.649070290063749e-05,-0.12467738910369867,-0.15553183631835146,-4.6490702863924753e-05,0.030226247448827886,0.03307232205961498,4.649070286488262e-05,2.3724593670627227e-17,-1.2811317686711895e-15
322.16,"[0.06062, 0.0456, 0.4100025044535553]",0.0456,0.4100025044535553,4.649070291908702e-05,-0.05073326028058197,-0.05557234540936929,-4.6490702918827484e-05,0.13634359332494994,0.14542043639976088,-4.649070287993242e-05,0.011299388987450244,-0.0025928503528773288,4.6490702952377694e-05,-0.12308869301025997,-0.15553183631835146,-4.649070291881126e-05,0.030035151459311186,0.03307232205961498,4.649070291910398e-05,2.3720300953784164e-17,-1.2811317686711895e-15
322.18,"[0.06062, 0.0456, 0.4100025044535553]",0.0456,0.4100025044535553,4.6490702993407455e-05,-0.05073326028058197,-0.05493243223323367,-4.649070299261539e-05,0.13634359332494994,0.1440658969265955,-4.649070296108515e-05,0.011299388987450244,-0.0012256288089079197,4.649070302766909e-05,-0.12308869301025997,-0.15188084600466403,-4.649070299256434e-05,0.030035151459311186,0.03267474896871265,4.649070299345896e-05,2.3720300953784164e-17,-1.1918909846018185e-15
322.2,"[0.06062, 0.0456, 0.4100025044535553]",0.0456,0.4100025044535553,4.649070304466372e-05,-0.05073326028058197,-0.05493243223323367,-4.6490703044420874e-05,0.13634359332494994,0.1440658969265955,-4.649070301615596e-05,0.011299388987450244,-0.0012256288089079197,4.649070307638405e-05,-0.12308869301025997,-0.15188084600466403,-4.6490703044405486e-05,0.030035151459311186,0.03267474896871265,4.649070304467973e-05,2.3720300953784164e-17,-1.1918909846018185e-15
322.22,"[0.06062, 0.0456, 0.4100869211671718]",0.0456,0.4100869211671718,4.64907031157217e-05,-0.050519353210024785,-0.054342712255816134,-4.6490703114981165e-05,0.13588103393947396,0.14282624813745176,-4.6490703093795516e-05,0.011654590279349175,5.262827151153709e-05,4.6490703148404055e-05,-0.1220030601286044,-0.14849087124925112,-4.649070311493344e-05,0.029904485435411323,0.03230835494514575,4.649070311577026e-05,2.368994008953091e-17,-1.1034540901766158e-15
322.24,"[0.06062, 0.0456, 0.4100869211671718]",0.0456,0.4100869211671718,4.6490703163878067e-05,-0.050519353210024785,-0.054342712255816134,-4.649070316364461e-05,0.13588103393947396,0.14282624813745176,-4.6490703145389336e-05,0.011654590279349175,5.262827151153709e-05,4.649070319401044e-05,-0.1220030601286044,-0.14849087124925112,-4.649070316362969e-05,0.029904485435411323,0.03230835494514575,4.649070316389341e-05,2.368994008953091e-17,-1.1034540901766158e-15
322.261,"[0.06062, 0.0456, 0.41013191509244656]",0.0456,0.41013191509244656,4.6490703248204906e-05,-0.050405127070389744,-0.053819158105814315,-4.6490703249077384e-05,0.1356341964655918,0.14173724513797137,-4.649070323210957e-05,0.011843966290356344,0.0012212666607249538,4.649070326920467e-05,-0.12142370989855977,-0.14543507698463118,-4.649070324913382e-05,0.02983472569216441,0.031982805606910386,4.64907032481486e-05,2.3698083881627514e-17,-1.0144764677973804e-15
322.28,"[0.06062, 0.0456, 0.41013191509244656]",0.0456,0.41013191509244656,4.649070327642448e-05,-0.050405127070389744,-0.053337612445630046,-4.64907032761878e-05,0.1356341964655918,0.14074141836836832,-4.649070326728364e-05,0.011843966290356344,0.0023101962083915666,4.649070330494481e-05,-0.12142370989855977,-0.14260511175527243,-4.64907032761726e-05,0.02983472569216441,0.03168332360702455,4.649070327644012e-05,2.3698083881627514e-17,-9.573565091168084e-16
322.3,"[0.06062, 0.0456, 0.41013191509244656]",0.0456,0.41013191509244656,4.649070334103893e-05,-0.050405127070389744,-0.053337612445630046,-4.649070334040255e-05,0.1356341964655918,0.14074141836836832,-4.6490703338109654e-05,0.011843966290356344,0.0023101962083915666,4.649070337059805e-05,-0.12142370989855977,-0.14260511175527243,-4.6490703340361345e-05,0.02983472569216441,0.03168332360702455,4.6490703341080856e-05,2.3698083881627514e-17,-9.573565091168084e-16
322.32,"[0.06062, 0.0456, 0.41014]",0.0456,0.41014,4.649070338318523e-05,-0.050405127070389744,-0.05291153099200442,-4.649070338296823e-05,0.1356341964655918,0.139871328314718,-4.6490703382927726e-05,0.011843966290356344,0.003306597422374976,4.649070341015413e-05,-0.12142370989855977,-0.1400562120347071,-4.649070338295422e-05,0.02983472569216441,0.031418066336957075,4.64907033831995e-05,2.3698083881627514e-17,-8.975306353092616e-16
322.34,"[0.06062, 0.0456, 0.41014]",0.0456,0.41014,4.649070342867088e-05,-0.050405127070389744,-0.05291153099200442,-4.649070342933951e-05,0.1356341964655918,0.139871328314718,-4.649070342781264e-05,0.011843966290356344,0.003306597422374976,4.649070344776226e-05,-0.12142370989855977,-0.1400562120347071,-4.649070342938321e-05,0.02983472569216441,0.031418066336957075,4.649070342862822e-05,2.3698083881627514e-17,-8.975306353092616e-16
322.36,"[0.06062, 0.0456, 0.41014]",0.0456,0.41014,4.649070348580435e-05,-0.050405127070389744,-0.05291153099200442,-4.6490703485277e-05,0.1356341964655918,0.139871328314718,-4.6490703495903937e-05,0.011843966290356344,0.003306597422374976,4.6490703514136964e-05,-0.12142370989855977,-0.1400562120347071,-4.649070348524286e-05,0.02983472569216441,0.031418066336957075,4.6490703485838895e-05,2.3698083881627514e-17,-8.975306353092616e-16
322.38,"[0.06062, 0.0456, 0.41014]",0.0456,0.41014,4.649070354615156e-05,-0.050405127070389744,-0.05254530799039777,-4.6490703545594637e-05,0.1356341964655918,0.13913790366441717,-4.6490703560381196e-05,0.011843966290356344,0.004206453782213218,4.6490703572735144e-05,-0.12142370989855977,-0.13780615665464502,-4.6490703545558844e-05,0.02983472569216441,0.03118970995695438,4.6490703546188515e-05,2.3698083881627514e-17,-7.974375351463232e-16
322.4,"[0.06062, 0.0456, 0.41014]",0.0456,0.41014,4.649070358117274e-05,-0.050405127070389744,-0.05254530799039777,-4.649070358097285e-05,0.1356341964655918,0.13913790366441717,-4.649070359693817e-05,0.011843966290356344,0.004206453782213218,4.649070360475266e-05,-0.12142370989855977,-0.13780615665464502,-4.649070358096014e-05,0.02983472569216441,0.03118970995695438,4.649070358118604e-05,2.3698083881627514e-17,-7.974375351463232e-16
322.42,"[0.06062, 0.0456, 0.41014]",0.0456,0.41014,4.6490703635670424e-05,-0.050405127070389744,-0.052225215312405524,-4.649070363520203e-05,0.1356341964655918,0.1385068897271862,-4.6490703656950955e-05,0.011843966290356344,0.005023535747693012,4.649070366033131e-05,-0.12142370989855977,-0.1357978526126982,-4.6490703635172043e-05,0.02983472569216441,0.03098985395523327,4.649070363570127e-05,2.3698083881627514e-17,-7.060728024379769e-16
322.44,"[0.06062, 0.0456, 0.41014]",0.0456,0.41014,4.649070366765286e-05,-0.050405127070389744,-0.052225215312405524,-4.6490703667469064e-05,0.1356341964655918,0.1385068897271862,-4.649070369033205e-05,0.011843966290356344,0.005023535747693012,4.649070368964867e-05,-0.12142370989855977,-0.1357978526126982,-4.649070366745734e-05,0.02983472569216441,0.03098985395523327,4.64907036676649e-05,2.3698083881627514e-17,-7.060728024379769e-16
322.46,"[0.06062, 0.0456, 0.41014]",0.0456,0.41014,4.64907037189959e-05,-0.050405127070389744,-0.05194651805349619,-4.649070371857679e-05,0.1356341964655918,0.13796698654363418,-4.649070374696922e-05,0.011843966290356344,0.005764068507256444,4.6490703742095445e-05,-0.12142370989855977,-0.13400959704336834,-4.6490703718549854e-05,0.02983472569216441,0.030815590039104668,4.6490703719023155e-05,2.3698083881627514e-17,-6.21847087972277e-16
322.48,"[0.06062, 0.0456, 0.41014]",0.0456,0.41014,4.649070374832991e-05,-0.050405127070389744,-0.05169933233625462,-4.649070374815991e-05,0.1356341964655918,0.1374945279295893,-4.649070377740231e-05,0.011843966290356344,0.0064406703922857125,4.649070376878683e-05,-0.12142370989855977,-0.13239657372182986,-4.649070374814897e-05,0.02983472569216441,0.03066085317143223,4.6490703748340775e-05,2.3698083881627514e-17,-5.600749141165073e-16
322.5,"[0.06062, 0.0456, 0.41014]",0.0456,0.41014,4.64907037817532e-05,-0.050405127070389744,-0.05169933233625462,-4.6490703782101496e-05,0.1356341964655918,0.1374945279295893,-4.649070380867871e-05,0.011843966290356344,0.0064406703922857125,4.649070379466243e-05,-0.12142370989855977,-0.13239657372182986,-4.6490703782124054e-05,0.02983472569216441,0.03066085317143223,4.6490703781730786e-05,2.3698083881627514e-17,-5.600749141165073e-16
322.52,"[0.06062, 0.0456, 0.41014]",0.0456,0.41014,4.64907038256138e-05,-0.050405127070389744,-0.05148646669367981,-4.6490703825281257e-05,0.1356341964655918,0.13709682020942884,-4.649070386278331e-05,0.011843966290356344,0.007051433894571306,4.649070384732934e-05,-0.12142370989855977,-0.1309692416702691,-4.649070382525958e-05,0.02983472569216441,0.03052735405845212,4.6490703825635364e-05,2.3698083881627514e-17,-4.924052799856574e-16
322.54,"[0.06062, 0.0456, 0.41014]",0.0456,0.41014,4.6490703858258004e-05,-0.050405127070389744,-0.05148646669367981,-4.649070385853263e-05,0.1356341964655918,0.13709682020942884,-4.649070389126087e-05,0.011843966290356344,0.007051433894571306,4.6490703869919046e-05,-0.12142370989855977,-0.1309692416702691,-4.649070385855038e-05,0.02983472569216441,0.03052735405845212,4.649070385823997e-05,2.3698083881627514e-17,-4.924052799856574e-16
322.56,"[0.06062, 0.0456, 0.41014]",0.0456,0.41014,4.6490703898639765e-05,-0.050405127070389744,-0.05130400312373648,-4.6490703898349944e-05,0.1356341964655918,0.13676444164283674,-4.649070394131979e-05,0.011843966290356344,0.007601166617551602,4.649070391857756e-05,-0.12142370989855977,-0.12971009968360298,-4.649070389833126e-05,0.02983472569216441,0.030412691522868355,4.649070389865857e-05,2.3698083881627514e-17,-4.2445297781082607e-16
322.58,"[0.06062, 0.0456, 0.41014]",0.0456,0.41014,4.649070392809578e-05,-0.050405127070389744,-0.05130400312373648,-4.649070392832747e-05,0.1356341964655918,0.13676444164283674,-4.6490703966420866e-05,0.011843966290356344,0.007601166617551602,4.649070393830329e-05,-0.12142370989855977,-0.12971009968360298,-4.649070392834233e-05,0.02983472569216441,0.030412691522868355,4.64907039280806e-05,2.3698083881627514e-17,-4.2445297781082607e-16
322.6,"[0.06062, 0.0456, 0.41014]",0.0456,0.41014,4.649070396493949e-05,-0.050405127070389744,-0.051148281499115475,-4.649070396468956e-05,0.1356341964655918,0.13648869498813665,-4.6490704012528555e-05,0.011843966290356344,0.008094657054818764,4.64907039831542e-05,-0.12142370989855977,-0.12860239127626305,-4.6490703964673294e-05,0.02983472569216441,0.03031462026272741,4.6490703964955465e-05,2.3698083881627514e-17,-3.5937037399484343e-16
322.62,"[0.06062, 0.0456, 0.41014]",0.0456,0.41014,4.649070399146424e-05,-0.050405127070389744,-0.051148281499115475,-4.649070399165836e-05,0.1356341964655918,0.13648869498813665,-4.64907040346332e-05,0.011843966290356344,0.008094657054818764,4.649070400037275e-05,-0.12142370989855977,-0.12860239127626305,-4.649070399167065e-05,0.02983472569216441,0.03031462026272741,4.649070399145145e-05,2.3698083881627514e-17,-3.5937037399484343e-16
322.64,"[0.06062, 0.0456, 0.41014]",0.0456,0.41014,4.6490704025014295e-05,-0.050405127070389744,-0.051015946426487824,-4.649070402479945e-05,0.1356341964655918,0.1362616977716684,-4.649070407699528e-05,0.011843966290356344,0.00853656094283015,4.649070404160683e-05,-0.12142370989855977,-0.1276303911693441,-4.6490704024785535e-05,0.02983472569216441,0.03023107982411485,4.64907040250283e-05,2.3698083881627514e-17,-2.98801178297318e-16
322.66,"[0.06062, 0.0456, 0.41014]",0.0456,0.41014,4.649070404886943e-05,-0.050405127070389744,-0.051015946426487824,-4.6490704049030756e-05,0.1356341964655918,0.1362616977716684,-4.6490704096444435e-05,0.011843966290356344,0.00853656094283015,4.649070405662376e-05,-0.12142370989855977,-0.1276303911693441,-4.6490704049041144e-05,0.02983472569216441,0.03023107982411485,4.649070404885903e-05,2.3698083881627514e-17,-2.98801178297318e-16
322.68,"[0.06062, 0.0456, 0.41014]",0.0456,0.41014,4.649070407935339e-05,-0.050405127070389744,-0.05090396090540875,-4.6490704079169055e-05,0.1356341964655918,0.13607639776789968,-4.6490704135256663e-05,0.011843966290356344,0.008931339264468239,4.649070409442376e-05,-0.12142370989855977,-0.12677952842383006,-4.649070407915687e-05,0.02983472569216441,0.030160203216910323,4.649070407936534e-05,2.3698083881627514e-17,-2.4347725030556963e-16
322.7,"[0.06062, 0.0456, 0.41014]",0.0456,0.41014,4.649070410077158e-05,-0.050405127070389744,-0.05090396090540875,-4.649070410090474e-05,0.1356341964655918,0.13607639776789968,-4.649070415234677e-05,0.011843966290356344,0.008931339264468239,4.6490704107502125e-05,-0.12142370989855977,-0.12677952842383006,-4.649070410091336e-05,0.02983472569216441,0.030160203216910323,4.6490704100763097e-05,2.3698083881627514e-17,-2.4347725030556963e-16
322.72,"[0.06062, 0.0456, 0.41014]",0.0456,0.41014,4.64907041284041e-05,-0.050405127070389744,-0.05080593574969593,-4.6490704128246524e-05,0.1356341964655918,0.13591884154249426,-4.649070418780422e-05,0.011843966290356344,0.00929105472422453,4.6490704142052355e-05,-0.12142370989855977,-0.12601549061138628,-4.649070412823602e-05,0.02983472569216441,0.030098039973719678,4.649070412841431e-05,2.3698083881627514e-17,-1.9912746268564489e-16
322.74,"[0.06062, 0.0456, 0.41014]",0.0456,0.41014,4.649070414498158e-05,-0.050405127070389744,-0.05080593574969593,-4.6490704144891135e-05,0.1356341964655918,0.13591884154249426,-4.649070420489126e-05,0.011843966290356344,0.00929105472422453,4.649070415715537e-05,-0.12142370989855977,-0.12601549061138628,-4.6490704144885124e-05,0.02983472569216441,0.030098039973719678,4.649070414498723e-05,2.3698083881627514e-17,-1.9912746268564489e-16
322.76,"[0.06062, 0.0456, 0.41014]",0.0456,0.41014,4.649070417514694e-05,-0.050405127070389744,-0.05072837296318408,-4.649070417499045e-05,0.1356341964655918,0.13580121279538251,-4.649070423833402e-05,0.011843966290356344,0.009597101091235573,4.649070418803954e-05,-0.12142370989855977,-0.12538181956885777,-4.649070417497984e-05,0.02983472569216441,0.030048668409582705,4.6490704175156726e-05,2.3698083881627514e-17,-1.5160800578347008e-16
322.78,"[0.06062, 0.0456, 0.41014]",0.0456,0.41014,4.649070419272561e-05,-0.050405127070389744,-0.05072837296318408,-4.64907041928088e-05,0.1356341964655918,0.13580121279538251,-4.649070425150898e-05,0.011843966290356344,0.009597101091235573,4.6490704197799076e-05,-0.12142370989855977,-0.12538181956885777,-4.649070419281417e-05,0.02983472569216441,0.030048668409582705,4.6490704192720334e-05,2.3698083881627514e-17,-1.5160800578347008e-16
322.8,"[0.06062, 0.0456, 0.41014]",0.0456,0.41014,4.649070421493814e-05,-0.050405127070389744,-0.050663811164956045,-4.649070421482532e-05,0.1356341964655918,0.13570846440928153,-4.649070428030729e-05,0.011843966290356344,0.009867545205796888,4.649070422585255e-05,-0.12142370989855977,-0.12483302728590896,-4.6490704214817716e-05,0.02983472569216441,0.030007437412142162,4.649070421494532e-05,2.3698083881627514e-17,-1.1024060435918505e-16
322.82,"[0.06062, 0.0456, 0.41014]",0.0456,0.41014,4.649070423006284e-05,-0.050405127070389744,-0.050663811164956045,-4.649070423013175e-05,0.1356341964655918,0.13570846440928153,-4.649070429170367e-05,0.011843966290356344,0.009867545205796888,4.649070423436985e-05,-0.12142370989855977,-0.12483302728590896,-4.649070423013614e-05,0.02983472569216441,0.030007437412142162,4.6490704230058454e-05,2.3698083881627514e-17,-1.1024060435918505e-16
322.84,"[0.06062, 0.0456, 0.41014]",0.0456,0.41014,4.649070424996729e-05,-0.050405127070389744,-0.05061029739077311,-4.64907042498722e-05,0.1356341964655918,0.13563638158711802,-4.6490704317725605e-05,0.011843966290356344,0.010106266430204375,4.6490704259744845e-05,-0.12142370989855977,-0.12435836506604546,-4.6490704249865723e-05,0.02983472569216441,0.029973137041246194,4.6490704249973195e-05,2.3698083881627514e-17,-7.426312293140424e-17
322.86,"[0.06062, 0.0456, 0.41014]",0.0456,0.41014,4.649070426342623e-05,-0.050405127070389744,-0.05061029739077311,-4.649070426348107e-05,0.1356341964655918,0.13563638158711802,-4.649070432768036e-05,0.011843966290356344,0.010106266430204375,4.649070426712432e-05,-0.12142370989855977,-0.12435836506604546,-4.649070426348439e-05,0.02983472569216441,0.029973137041246194,4.6490704263422594e-05,2.3698083881627514e-17,-7.426312293140424e-17
322.88,"[0.06062, 0.0456, 0.41014]",0.0456,0.41014,4.6490704281258994e-05,-0.050405127070389744,-0.050564016150808314,-4.649070428117913e-05,0.1356341964655918,0.13557751410653343,-4.649070435112961e-05,0.011843966290356344,0.010323257644094823,4.649070428999721e-05,-0.12142370989855977,-0.12393354343949456,-4.64907042811736e-05,0.02983472569216441,0.029943382215881848,4.649070428126399e-05,2.3698083881627514e-17,-4.5958661087225615e-17
322.9,"[0.06062, 0.0456, 0.41014]",0.0456,0.41014,4.649070429303158e-05,-0.050405127070389744,-0.050564016150808314,-4.649070429308096e-05,0.1356341964655918,0.13557751410653343,-4.649070435953531e-05,0.011843966290356344,0.010323257644094823,4.649070429609082e-05,-0.12142370989855977,-0.12393354343949456,-4.6490704293083947e-05,0.02983472569216441,0.029943382215881848,4.649070429302828e-05,2.3698083881627514e-17,-4.5958661087225615e-17
322.92,"[0.06062, 0.0456, 0.41014]",0.0456,0.41014,4.6490704308945675e-05,-0.050405127070389744,-0.05052600144132021,-4.649070430887884e-05,0.1356341964655918,0.13553341853128809,-4.649070438068271e-05,0.011843966290356344,0.010514390424368227,4.6490704316760605e-05,-0.12142370989855977,-0.12356707969740904,-4.649070430887421e-05,0.02983472569216441,0.0299188317371903,4.649070430894983e-05,2.3698083881627514e-17,-2.177931991951155e-17
322.94,"[0.06062, 0.0456, 0.41014]",0.0456,0.41014,4.64907043177255e-05,-0.050405127070389744,-0.05052600144132021,-4.6490704317684555e-05,0.1356341964655918,0.13553341853128809,-4.649070438955705e-05,0.011843966290356344,0.010514390424368227,4.649070432456402e-05,-0.12142370989855977,-0.12356707969740904,-4.649070431768172e-05,0.02983472569216441,0.0299188317371903,4.649070431772811e-05,2.3698083881627514e-17,-2.177931991951155e-17
322.96,"[0.06062, 0.0456, 0.41014]",0.0456,0.41014,4.649070433537016e-05,-0.050405127070389744,-0.05049534677078637,-4.649070433530557e-05,0.1356341964655918,0.13550201848570087,-4.649070440919361e-05,0.011843966290356344,0.010681100114652084,4.6490704342695046e-05,-0.12142370989855977,-0.1232544812942343,-4.649070433530104e-05,0.02983472569216441,0.029898927145928244,4.649070433537415e-05,2.3698083881627514e-17,1.066988388451576e-18
322.98,"[0.06062, 0.0456, 0.41014]",0.0456,0.41014,4.6490704343221426e-05,-0.050405127070389744,-0.05049534677078637,-4.6490704343186196e-05,0.1356341964655918,0.13550201848570087,-4.6490704416756876e-05,0.011843966290356344,0.010681100114652084,4.649070434921404e-05,-0.12142370989855977,-0.1232544812942343,-4.6490704343183574e-05,0.02983472569216441,0.029898927145928244,4.649070434322346e-05,2.3698083881627514e-17,1.066988388451576e-18
323.0,"[0.06062, 0.0456, 0.41014]",0.0456,0.41014,4.649070435873851e-05,-0.050405127070389744,-0.05047076751812534,-4.649070435868568e-05,0.1356341964655918,0.13548075870804865,-4.649070443401261e-05,0.011843966290356344,0.01082661017716412,4.649070436513774e-05,-0.12142370989855977,-0.12298776147939224,-4.6490704358681715e-05,0.02983472569216441,0.029882866608542016,4.649070435874154e-05,2.3698083881627514e-17,2.1873644735874977e-17
323.02,"[0.06062, 0.0456, 0.41014]",0.0456,0.41014,4.6490704365381393e-05,-0.050405127070389744,-0.05047076751812534,-4.64907043653523e-05,0.1356341964655918,0.13548075870804865,-4.6490704440354224e-05,0.011843966290356344,0.01082661017716412,4.649070437058418e-05,-0.12142370989855977,-0.12298776147939224,-4.6490704365350175e-05,0.02983472569216441,0.029882866608542016,4.649070436538323e-05,2.3698083881627514e-17,2.1873644735874977e-17
323.04,"[0.06062, 0.0456, 0.41014]",0.0456,0.41014,4.649070437899381e-05,-0.050405127070389744,-0.05045118800960934,-4.649070437895098e-05,0.1356341964655918,0.13546752321866462,-4.649070445551823e-05,0.011843966290356344,0.010953693510953334,4.649070438458207e-05,-0.12142370989855977,-0.12276013180521729,-4.6490704378947615e-05,0.02983472569216441,0.029869978049458394,4.649070437899633e-05,2.3698083881627514e-17,4.0323568201860326e-17
323.06,"[0.06062, 0.0456, 0.41014]",0.0456,0.41014,4.649070438461172e-05,-0.050405127070389744,-0.05043478677231812,-4.6490704384587784e-05,0.1356341964655918,0.13545917242998565,-4.649070446083339e-05,0.011843966290356344,0.011068402692382063,4.649070438913085e-05,-0.12142370989855977,-0.12255824992838514,-4.649070438458606e-05,0.02983472569216441,0.029859111606685914,4.649070438461341e-05,2.3698083881627514e-17,5.478228809733626e-17
323.08,"[0.06062, 0.0456, 0.41014]",0.0456,0.41014,4.6490704391624954e-05,-0.050405127070389744,-0.05043478677231812,-4.649070439163401e-05,0.1356341964655918,0.13545917242998565,-4.649070446633272e-05,0.011843966290356344,0.011068402692382063,4.649070439344258e-05,-0.12142370989855977,-0.12255824992838514,-4.64907043916341e-05,0.02983472569216441,0.029859111606685914,4.649070439162442e-05,2.3698083881627514e-17,5.478228809733626e-17
323.1,"[0.06062, 0.0456, 0.41014]",0.0456,0.41014,4.6490704401783265e-05,-0.050405127070389744,-0.050422082342679496,-4.649070440175332e-05,0.1356341964655918,0.13545620113094253,-4.649070447987501e-05,0.011843966290356344,0.011167796784993017,4.649070440661995e-05,-0.12142370989855977,-0.12238757095223644,-4.649070440175108e-05,0.02983472569216441,0.029850605177005562,4.649070440178516e-05,2.3698083881627514e-17,6.818897246756473e-17
323.12,"[0.06062, 0.0456, 0.41014]",0.0456,0.41014,4.649070440850052e-05,-0.050405127070389744,-0.050422082342679496,-4.6490704408504796e-05,0.1356341964655918,0.13545620113094253,-4.6490704484555365e-05,0.011843966290356344,0.011167796784993017,4.649070441004332e-05,-0.12142370989855977,-0.12238757095223644,-4.6490704408504525e-05,0.02983472569216441,0.029850605177005562,4.6490704408500005e-05,2.3698083881627514e-17,6.818897246756473e-17
323.14,"[0.06062, 0.0456, 0.41014]",0.0456,0.41014,4.6490704417299275e-05,-0.050405127070389744,-0.050412357968474604,-4.649070441727542e-05,0.1356341964655918,0.13545730532698502,-4.6490704496301564e-05,0.011843966290356344,0.011254049694869837,4.6490704421465634e-05,-0.12142370989855977,-0.12224312689561466,-4.6490704417273586e-05,0.02983472569216441,0.029844008065768986,4.6490704417300935e-05,2.3698083881627514e-17,8.008784031774213e-17
323.16,"[0.06062, 0.0456, 0.41014]",0.0456,0.41014,4.6490704422970154e-05,-0.050405127070389744,-0.050412357968474604,-4.649070442297207e-05,0.1356341964655918,0.13545730532698502,-4.649070450010902e-05,0.011843966290356344,0.011254049694869837,4.649070442418786e-05,-0.12142370989855977,-0.12224312689561466,-4.6490704422971794e-05,0.02983472569216441,0.029844008065768986,4.6490704422969795e-05,2.3698083881627514e-17,8.008784031774213e-17
323.18,"[0.06062, 0.0456, 0.41014]",0.0456,0.41014,4.64907044305315e-05,-0.050405127070389744,-0.05040502550485219,-4.649070443051267e-05,0.1356341964655918,0.135461431682523,-4.649070451030533e-05,0.011843966290356344,0.011328997046631822,4.649070443411977e-05,-0.12142370989855977,-0.12212077049430747,-4.6490704430511356e-05,0.02983472569216441,0.0298389499847227,4.649070443053298e-05,2.3698083881627514e-17,9.030345254759563e-17
323.2,"[0.06062, 0.0456, 0.41014]",0.0456,0.41014,4.649070443532664e-05,-0.050405127070389744,-0.05040502550485219,-4.649070443532678e-05,0.1356341964655918,0.135461431682523,-4.649070451340689e-05,0.011843966290356344,0.011328997046631822,4.6490704436284536e-05,-0.12142370989855977,-0.12212077049430747,-4.649070443532674e-05,0.02983472569216441,0.0298389499847227,4.649070443532664e-05,2.3698083881627514e-17,9.030345254759563e-17
323.22,"[0.06062, 0.0456, 0.41014]",0.0456,0.41014,4.649070444184354e-05,-0.050405127070389744,-0.050399603530940855,-4.6490704441828766e-05,0.1356341964655918,0.13546773540396384,-4.649070452227999e-05,0.011843966290356344,0.011394195193507064,4.6490704444941416e-05,-0.12142370989855977,-0.12201703363198,-4.649070444182758e-05,0.02983472569216441,0.029835127360584513,4.649070444184431e-05,2.3698083881627514e-17,9.883207319927645e-17
323.24,"[0.06062, 0.0456, 0.41014]",0.0456,0.41014,4.6490704445910774e-05,-0.050405127070389744,-0.050399603530940855,-4.649070444590964e-05,0.1356341964655918,0.13546773540396384,-4.649070452481045e-05,0.011843966290356344,0.011394195193507064,4.649070444666106e-05,-0.12142370989855977,-0.12201703363198,-4.649070444590949e-05,0.02983472569216441,0.029835127360584513,4.6490704445910645e-05,2.3698083881627514e-17,9.883207319927645e-17
323.26,"[0.06062, 0.0456, 0.41014]",0.0456,0.41014,4.64907044515418e-05,-0.050405127070389744,-0.05039536032395588,-4.64907044515303e-05,0.1356341964655918,0.13547522157526082,-4.649070453254902e-05,0.011843966290356344,0.0114528892015324,4.6490704454222234e-05,-0.12142370989855977,-0.12192544937580085,-4.649070445152962e-05,0.02983472569216441,0.02983207120872247,4.6490704451542506e-05,2.3698083881627514e-17,1.0502879693066088e-16
323.28,"[0.06062, 0.0456, 0.41014]",0.0456,0.41014,4.649070445492495e-05,-0.050405127070389744,-0.05039536032395588,-4.64907044549237e-05,0.1356341964655918,0.13547522157526082,-4.6490704534494937e-05,0.011843966290356344,0.0114528892015324,4.649070445546216e-05,-0.12142370989855977,-0.12192544937580085,-4.64907044549236e-05,0.02983472569216441,0.02983207120872247,4.6490704454924594e-05,2.3698083881627514e-17,1.0502879693066088e-16
323.3,"[0.06062, 0.0456, 0.41014]",0.0456,0.41014,4.6490704459791266e-05,-0.050405127070389744,-0.050392393755309906,-4.649070445978256e-05,0.1356341964655918,0.13548381095439868,-4.649070454129243e-05,0.011843966290356344,0.011504000630420811,4.6490704462125634e-05,-0.12142370989855977,-0.12184775829571612,-4.649070445978151e-05,0.02983472569216441,0.029829849785577237,4.64907044597914e-05,2.3698083881627514e-17,1.0980080480331414e-16
323.32,"[0.06062, 0.0456, 0.41014]",0.0456,0.41014,4.6490704462065515e-05,-0.050405127070389744,-0.050392393755309906,-4.649070446205888e-05,0.1356341964655918,0.13548381095439868,-4.649070454349441e-05,0.011843966290356344,0.011504000630420811,4.649070446403703e-05,-0.12142370989855977,-0.12184775829571612,-4.649070446205822e-05,0.02983472569216441,0.029829849785577237,4.6490704462065515e-05,2.3698083881627514e-17,1.0980080480331414e-16
323.34,"[0.06062, 0.0456, 0.41014]",0.0456,0.41014,4.649070446755377e-05,-0.050405127070389744,-0.05039047547468145,-4.6490704467546584e-05,0.1356341964655918,0.13549305695223707,-4.649070454964091e-05,0.011843966290356344,0.011548130062636407,4.6490704469712346e-05,-0.12142370989855977,-0.12178250193347256,-4.64907044675461e-05,0.02983472569216441,0.029828320254052857,4.649070446755398e-05,2.3698083881627514e-17,1.139619543097974e-16
323.36,"[0.06062, 0.0456, 0.41014]",0.0456,0.41014,4.649070446952543e-05,-0.050405127070389744,-0.05039047547468145,-4.6490704469520164e-05,0.1356341964655918,0.13549305695223707,-4.649070455141205e-05,0.011843966290356344,0.011548130062636407,4.6490704471203225e-05,-0.12142370989855977,-0.12178250193347256,-4.64907044695197e-05,0.02983472569216441,0.029828320254052857,4.6490704469525456e-05,2.3698083881627514e-17,1.139619543097974e-16
323.38,"[0.06062, 0.0456, 0.41014]",0.0456,0.41014,4.649070447422732e-05,-0.050405127070389744,-0.05038936416784378,-4.649070447422212e-05,0.1356341964655918,0.13550261617166087,-4.64907045566772e-05,0.011843966290356344,0.011586302623281213,4.6490704476063446e-05,-0.12142370989855977,-0.1217276084208235,-4.6490704474221936e-05,0.02983472569216441,0.029827328314085903,4.649070447422764e-05,2.3698083881627514e-17,1.1737144749912506e-16
323.4,"[0.06062, 0.0456, 0.41014]",0.0456,0.41014,4.6490704476323905e-05,-0.050405127070389744,-0.05038936416784378,-4.649070447632056e-05,0.1356341964655918,0.13550261617166087,-4.649070455761879e-05,0.011843966290356344,0.011586302623281213,4.6490704476521664e-05,-0.12142370989855977,-0.1217276084208235,-4.649070447632036e-05,0.02983472569216441,0.029827328314085903,4.6490704476323824e-05,2.3698083881627514e-17,1.1737144749912506e-16
323.42,"[0.06062, 0.0456, 0.41014]",0.0456,0.41014,4.6490704479384066e-05,-0.050405127070389744,-0.05038897206681166,-4.6490704479380495e-05,0.1356341964655918,0.13551225992657637,-4.649070456202204e-05,0.011843966290356344,0.011618577449101919,4.649070448085796e-05,-0.12142370989855977,-0.12168275009606264,-4.649070447938019e-05,0.02983472569216441,0.029826820516274253,4.649070447938401e-05,2.3698083881627514e-17,1.1996947086323967e-16
323.44,"[0.06062, 0.0456, 0.41014]",0.0456,0.41014,4.6490704481152176e-05,-0.050405127070389744,-0.05038897206681166,-4.6490704481148354e-05,0.1356341964655918,0.13551225992657637,-4.649070456288005e-05,0.011843966290356344,0.011618577449101919,4.649070448132445e-05,-0.12142370989855977,-0.12168275009606264,-4.649070448114799e-05,0.02983472569216441,0.029826820516274253,4.649070448115205e-05,2.3698083881627514e-17,1.1996947086323967e-16
323.46,"[0.06062, 0.0456, 0.41014]",0.0456,0.41014,4.6490704483854035e-05,-0.050405127070389744,-0.05038890771422274,-4.649070448385144e-05,0.1356341964655918,0.1355217892731151,-4.649070456676467e-05,0.011843966290356344,0.011647702405540014,4.6490704485146736e-05,-0.12142370989855977,-0.12164309239971328,-4.64907044838514e-05,0.02983472569216441,0.02982653728109992,4.649070448385391e-05,2.3698083881627514e-17,1.213118088535915e-16
323.48,"[0.06062, 0.0456, 0.41014]",0.0456,0.41014,4.649070448534052e-05,-0.050405127070389744,-0.05038890771422274,-4.649070448533698e-05,0.1356341964655918,0.1355217892731151,-4.6490704567403285e-05,0.011843966290356344,0.011647702405540014,4.6490704485440175e-05,-0.12142370989855977,-0.12164309239971328,-4.649070448533682e-05,0.02983472569216441,0.02982653728109992,4.649070448534054e-05,2.3698083881627514e-17,1.213118088535915e-16
323.501,"[0.06062, 0.0456, 0.41014]",0.0456,0.41014,4.6490704487662634e-05,-0.050405127070389744,-0.05038917896108096,-4.649070448765897e-05,0.1356341964655918,0.13553104732913404,-4.649070457000843e-05,0.011843966290356344,0.011673136486671213,4.64907044878354e-05,-0.12142370989855977,-0.12160939184875713,-4.649070448765851e-05,0.02983472569216441,0.02982648794595611,4.6490704487662465e-05,2.3698083881627514e-17,1.219227342569329e-16
323.52,"[0.06062, 0.0456, 0.41014]",0.0456,0.41014,4.649070448863398e-05,-0.050405127070389744,-0.05038917896108096,-4.649070448863229e-05,0.1356341964655918,0.13553104732913404,-4.649070457171588e-05,0.011843966290356344,0.011673136486671213,4.649070448957986e-05,-0.12142370989855977,-0.12160939184875713,-4.6490704488632006e-05,0.02983472569216441,0.02982648794595611,4.649070448863383e-05,2.3698083881627514e-17,1.219227342569329e-16
323.54,"[0.06062, 0.0456, 0.41014]",0.0456,0.41014,4.6490704491408065e-05,-0.050405127070389744,-0.050389699429893194,-4.6490704491407373e-05,0.1356341964655918,0.1355398788694024,-4.649070457484541e-05,0.011843966290356344,0.011695150386193606,4.649070449247381e-05,-0.12142370989855977,-0.12158103709499,-4.649070449140728e-05,0.02983472569216441,0.02982661807729002,4.6490704491407916e-05,2.3698083881627514e-17,1.2229171970031216e-16
323.56,"[0.06062, 0.0456, 0.41014]",0.0456,0.41014,4.649070449223384e-05,-0.050405127070389744,-0.050389699429893194,-4.6490704492232546e-05,0.1356341964655918,0.1355398788694024,-4.6490704575538345e-05,0.011843966290356344,0.011695150386193606,4.649070449304024e-05,-0.12142370989855977,-0.12158103709499,-4.6490704492232234e-05,0.02983472569216441,0.02982661807729002,4.6490704492233515e-05,2.3698083881627514e-17,1.2229171970031216e-16
323.58,"[0.06062, 0.0456, 0.41014]",0.0456,0.41014,4.649070449461399e-05,-0.050405127070389744,-0.05039039211850451,-4.6490704494613786e-05,0.1356341964655918,0.1355482276128702,-4.6490704578221996e-05,0.011843966290356344,0.011714233659121736,4.649070449552104e-05,-0.12142370989855977,-0.12155714610195859,-4.6490704494613644e-05,0.02983472569216441,0.029826877034687133,4.6490704494613705e-05,2.3698083881627514e-17,1.2238026126865602e-16
323.6,"[0.06062, 0.0456, 0.41014]",0.0456,0.41014,4.649070449527167e-05,-0.050405127070389744,-0.05039039211850451,-4.649070449527074e-05,0.1356341964655918,0.1355482276128702,-4.649070457875835e-05,0.011843966290356344,0.011714233659121736,4.649070449595326e-05,-0.12142370989855977,-0.12155714610195859,-4.649070449527072e-05,0.02983472569216441,0.029826877034687133,4.649070449527151e-05,2.3698083881627514e-17,1.2238026126865602e-16
323.62,"[0.06062, 0.0456, 0.41014]",0.0456,0.41014,4.649070449731474e-05,-0.050405127070389744,-0.05039119704705864,-4.649070449731487e-05,0.1356341964655918,0.13555606001129336,-4.6490704581067735e-05,0.011843966290356344,0.011730799027082723,4.649070449808942e-05,-0.12142370989855977,-0.12153698912536567,-4.64907044973147e-05,0.02983472569216441,0.029827225100799628,4.649070449731425e-05,2.3698083881627514e-17,1.2219276343642975e-16
323.64,"[0.06062, 0.0456, 0.41014]",0.0456,0.41014,4.6490704497841714e-05,-0.050405127070389744,-0.05039119704705864,-4.649070449784105e-05,0.1356341964655918,0.13555606001129336,-4.649070458148484e-05,0.011843966290356344,0.011730799027082723,4.649070449842025e-05,-0.12142370989855977,-0.12153698912536567,-4.6490704497840867e-05,0.02983472569216441,0.029827225100799628,4.64907044978413e-05,2.3698083881627514e-17,1.2219276343642975e-16
323.66,"[0.06062, 0.0456, 0.41014]",0.0456,0.41014,4.649070449960231e-05,-0.050405127070389744,-0.050392067961114666,-4.649070449960282e-05,0.1356341964655918,0.1355633604109641,-4.649070458348007e-05,0.011843966290356344,0.011745195876739344,4.649070450026677e-05,-0.12142370989855977,-0.12151996111296953,-4.649070449960261e-05,0.02983472569216441,0.029827631378573013,4.6490704499601875e-05,2.3698083881627514e-17,1.2175578174292592e-16
323.68,"[0.06062, 0.0456, 0.41014]",0.0456,0.41014,4.649070450002623e-05,-0.050405127070389744,-0.050392067961114666,-4.649070450002589e-05,0.1356341964655918,0.1355633604109641,-4.649070458380481e-05,0.011843966290356344,0.011745195876739344,4.6490704500519584e-05,-0.12142370989855977,-0.12151996111296953,-4.649070450002569e-05,0.02983472569216441,0.029827631378573013,4.6490704500026015e-05,2.3698083881627514e-17,1.2175578174292592e-16
323.7,"[0.06062, 0.0456, 0.41014]",0.0456,0.41014,4.649070450154854e-05,-0.050405127070389744,-0.05039296962179506,-4.649070450154924e-05,0.1356341964655918,0.13557012699023613,-4.6490704585533754e-05,0.011843966290356344,0.01175772110848034,4.64907045021207e-05,-0.12142370989855977,-0.12150555934958003,-4.6490704501549394e-05,0.02983472569216441,0.029828072064783398,4.6490704501548425e-05,2.3698083881627514e-17,1.2110659848967379e-16
323.72,"[0.06062, 0.0456, 0.41014]",0.0456,0.41014,4.649070450189158e-05,-0.050405127070389744,-0.05039296962179506,-4.649070450189142e-05,0.1356341964655918,0.13557012699023613,-4.649070458578701e-05,0.011843966290356344,0.01175772110848034,4.649070450231386e-05,-0.12142370989855977,-0.12150555934958003,-4.6490704501891304e-05,0.02983472569216441,0.029828072064783398,4.6490704501891344e-05,2.3698083881627514e-17,1.2110659848967379e-16
323.74,"[0.06062, 0.0456, 0.41014]",0.0456,0.41014,4.6490704503210906e-05,-0.050405127070389744,-0.050393875586794236,-4.649070450321174e-05,0.1356341964655918,0.13557636839095646,-4.6490704587288074e-05,0.011843966290356344,0.01176862790333282,4.649070450370443e-05,-0.12142370989855977,-0.12149336530692512,-4.649070450321161e-05,0.02983472569216441,0.029828529037139548,4.6490704503210507e-05,2.3698083881627514e-17,1.2028481271069422e-16
323.76,"[0.06062, 0.0456, 0.41014]",0.0456,0.41014,4.649070450348907e-05,-0.050405127070389744,-0.050393875586794236,-4.649070450348897e-05,0.1356341964655918,0.13557636839095646,-4.6490704587485724e-05,0.011843966290356344,0.01176862790333282,4.6490704503851744e-05,-0.12142370989855977,-0.12149336530692512,-4.649070450348911e-05,0.02983472569216441,0.029828529037139548,4.6490704503489004e-05,2.3698083881627514e-17,1.2028481271069422e-16
323.78,"[0.06062, 0.0456, 0.41014]",0.0456,0.41014,4.649070450463539e-05,-0.050405127070389744,-0.05039476237682125,-4.6490704504636266e-05,0.1356341964655918,0.13558199389762726,-4.6490704588792174e-05,0.011843966290356344,0.011777845079812704,4.649070450506263e-05,-0.12142370989855977,-0.12148340880513975,-4.649070450463647e-05,0.02983472569216441,0.0298289887023727,4.649070450463518e-05,2.3698083881627514e-17,1.194533485689704e-16
323.8,"[0.06062, 0.0456, 0.41014]",0.0456,0.41014,4.649070450503622e-05,-0.050405127070389744,-0.05039476237682125,-4.649070450503383e-05,0.1356341964655918,0.13558199389762726,-4.649070458883058e-05,0.011843966290356344,0.011777845079812704,4.6490704504985854e-05,-0.12142370989855977,-0.12148340880513975,-4.649070450503341e-05,0.02983472569216441,0.0298289887023727,4.649070450503602e-05,2.3698083881627514e-17,1.194533485689704e-16
323.82,"[0.06062, 0.0456, 0.41014]",0.0456,0.41014,4.649070450573994e-05,-0.050405127070389744,-0.05039562132005814,-4.649070450574057e-05,0.1356341964655918,0.13558717107175414,-4.6490704589928676e-05,0.011843966290356344,0.011785952026954366,4.6490704506079787e-05,-0.12142370989855977,-0.12147487916078738,-4.6490704505740404e-05,0.02983472569216441,0.02982944091534574,4.649070450573948e-05,2.3698083881627514e-17,1.1841939366116149e-16
323.84,"[0.06062, 0.0456, 0.41014]",0.0456,0.41014,4.6490704506068016e-05,-0.050405127070389744,-0.05039562132005814,-4.649070450606577e-05,0.1356341964655918,0.13558717107175414,-4.6490704589963025e-05,0.011843966290356344,0.011785952026954366,4.6490704506020664e-05,-0.12142370989855977,-0.12147487916078738,-4.649070450606553e-05,0.02983472569216441,0.02982944091534574,4.6490704506067915e-05,2.3698083881627514e-17,1.1841939366116149e-16
323.86,"[0.06062, 0.0456, 0.41014]",0.0456,0.41014,4.649070450669804e-05,-0.050405127070389744,-0.05039645166467681,-4.649070450669879e-05,0.1356341964655918,0.1355920153517037,-4.649070459094824e-05,0.011843966290356344,0.01179330300853408,4.649070450700226e-05,-0.12142370989855977,-0.12146729360797873,-4.649070450669869e-05,0.02983472569216441,0.029829882223263868,4.6490704506697545e-05,2.3698083881627514e-17,1.1714142911673003e-16
323.88,"[0.06062, 0.0456, 0.41014]",0.0456,0.41014,4.6490704506981036e-05,-0.050405127070389744,-0.05039645166467681,-4.649070450697893e-05,0.1356341964655918,0.1355920153517037,-4.6490704590960565e-05,0.011843966290356344,0.01179330300853408,4.64907045069309e-05,-0.12142370989855977,-0.12146729360797873,-4.649070450697881e-05,0.02983472569216441,0.029829882223263868,4.6490704506980935e-05,2.3698083881627514e-17,1.1714142911673003e-16
323.9,"[0.06062, 0.0456, 0.41014]",0.0456,0.41014,4.649070450754269e-05,-0.050405127070389744,-0.05039723877507541,-4.649070450754344e-05,0.1356341964655918,0.1355964384775054,-4.649070459184742e-05,0.011843966290356344,0.011799758588524627,4.649070450781585e-05,-0.12142370989855977,-0.12146079957549476,-4.6490704507543514e-05,0.02983472569216441,0.02983030494997757,4.6490704507542416e-05,2.3698083881627514e-17,1.1579646954000315e-16
323.92,"[0.06062, 0.0456, 0.41014]",0.0456,0.41014,4.649070450769025e-05,-0.050405127070389744,-0.05039723877507541,-4.649070450769036e-05,0.1356341964655918,0.1355964384775054,-4.649070459196717e-05,0.011843966290356344,0.011799758588524627,4.6490704507911777e-05,-0.12142370989855977,-0.12146079957549476,-4.6490704507690525e-05,0.02983472569216441,0.02983030494997757,4.649070450769006e-05,2.3698083881627514e-17,1.1579646954000315e-16
323.94,"[0.06062, 0.0456, 0.41014]",0.0456,0.41014,4.649070450840474e-05,-0.050405127070389744,-0.05039797360784319,-4.649070450840577e-05,0.1356341964655918,0.13560043257396442,-4.649070459278342e-05,0.011843966290356344,0.011805373396499721,4.649070450866835e-05,-0.12142370989855977,-0.12145529709572149,-4.649070450840582e-05,0.02983472569216441,0.02983070315759086,4.649070450840456e-05,2.3698083881627514e-17,1.1452825224639098e-16
323.96,"[0.06062, 0.0456, 0.41014]",0.0456,0.41014,4.6490704508543595e-05,-0.050405127070389744,-0.05039797360784319,-4.6490704508543765e-05,0.1356341964655918,0.13560043257396442,-4.6490704592874866e-05,0.011843966290356344,0.011805373396499721,4.6490704508733866e-05,-0.12142370989855977,-0.12145529709572149,-4.649070450854404e-05,0.02983472569216441,0.02983070315759086,4.649070450854351e-05,2.3698083881627514e-17,1.1452825224639098e-16
323.98,"[0.06062, 0.0456, 0.41014]",0.0456,0.41014,4.649070450915987e-05,-0.050405127070389744,-0.05039865561705149,-4.649070450916076e-05,0.1356341964655918,0.13560403380140607,-4.6490704593577734e-05,0.011843966290356344,0.011810261377400223,4.6490704509385126e-05,-0.12142370989855977,-0.12145062994322517,-4.6490704509160994e-05,0.02983472569216441,0.029831075546980966,4.649070450915977e-05,2.3698083881627514e-17,1.1332368711027186e-16
324.0,"[0.06062, 0.0456, 0.41014]",0.0456,0.41014,4.649070450926794e-05,-0.050405127070389744,-0.05039865561705149,-4.649070450926815e-05,0.1356341964655918,0.13560403380140607,-4.6490704593643125e-05,0.011843966290356344,0.011810261377400223,4.6490704509428914e-05,-0.12142370989855977,-0.12145062994322517,-4.649070450926816e-05,0.02983472569216441,0.029831075546980966,4.649070450926777e-05,2.3698083881627514e-17,1.1332368711027186e-16
324.02,"[0.06062, 0.0456, 0.41014]",0.0456,0.41014,4.649070450979802e-05,-0.050405127070389744,-0.05039927435059708,-4.649070450979884e-05,0.1356341964655918,0.1356072014873258,-4.649070459424922e-05,0.011843966290356344,0.011814390796374776,4.649070450999097e-05,-0.12142370989855977,-0.12144681122603575,-4.6490704509799e-05,0.02983472569216441,0.029831416054488757,4.649070450979785e-05,2.3698083881627514e-17,1.1225475478256502e-16
324.04,"[0.06062, 0.0456, 0.41014]",0.0456,0.41014,4.649070450996754e-05,-0.050405127070389744,-0.05039927435059708,-4.649070450996614e-05,0.1356341964655918,0.1356072014873258,-4.649070459424001e-05,0.011843966290356344,0.011814390796374776,4.649070450992937e-05,-0.12142370989855977,-0.12144681122603575,-4.649070450996626e-05,0.02983472569216441,0.029831416054488757,4.649070450996759e-05,2.3698083881627514e-17,1.1225475478256502e-16
324.06,"[0.06062, 0.0456, 0.41014]",0.0456,0.41014,4.649070451028362e-05,-0.050405127070389744,-0.050399846243842375,-4.649070451028414e-05,0.1356341964655918,0.13561006911365256,-4.649070459474611e-05,0.011843966290356344,0.011818021928077722,4.6490704510435196e-05,-0.12142370989855977,-0.12144353466609313,-4.649070451028434e-05,0.02983472569216441,0.02983173242034646,4.649070451028339e-05,2.3698083881627514e-17,1.1118104584527644e-16
324.08,"[0.06062, 0.0456, 0.41014]",0.0456,0.41014,4.6490704510420065e-05,-0.050405127070389744,-0.050399846243842375,-4.6490704510418764e-05,0.1356341964655918,0.13561006911365256,-4.649070459473811e-05,0.011843966290356344,0.011818021928077722,4.649070451038489e-05,-0.12142370989855977,-0.12144353466609313,-4.649070451041874e-05,0.02983472569216441,0.02983173242034646,4.64907045104199e-05,2.3698083881627514e-17,1.1118104584527644e-16
324.1,"[0.06062, 0.0456, 0.41014]",0.0456,0.41014,4.649070451070218e-05,-0.050405127070389744,-0.05040038290526979,-4.649070451070276e-05,0.1356341964655918,0.13561272277613673,-4.649070459519094e-05,0.011843966290356344,0.011821313871861276,4.6490704510837455e-05,-0.12142370989855977,-0.12144061751651204,-4.649070451070283e-05,0.02983472569216441,0.029832030322139564,4.6490704510701876e-05,2.3698083881627514e-17,1.1005483595784283e-16
324.12,"[0.06062, 0.0456, 0.41014]",0.0456,0.41014,4.649070451081829e-05,-0.050405127070389744,-0.05040038290526979,-4.649070451081713e-05,0.1356341964655918,0.13561272277613673,-4.6490704595174297e-05,0.011843966290356344,0.011821313871861276,4.649070451078304e-05,-0.12142370989855977,-0.12144061751651204,-4.649070451081678e-05,0.02983472569216441,0.029832030322139564,4.649070451081787e-05,2.3698083881627514e-17,1.1005483595784283e-16
324.14,"[0.06062, 0.0456, 0.41014]",0.0456,0.41014,4.649070451106879e-05,-0.050405127070389744,-0.05040086414846026,-4.6490704511069326e-05,0.1356341964655918,0.13561505379203198,-4.649070459558093e-05,0.011843966290356344,0.01182411457517236,4.6490704511190174e-05,-0.12142370989855977,-0.12143820822553361,-4.649070451106939e-05,0.02983472569216441,0.029832298816865752,4.649070451106853e-05,2.3698083881627514e-17,1.0903728845791546e-16
324.16,"[0.06062, 0.0456, 0.41014]",0.0456,0.41014,4.649070451118222e-05,-0.050405127070389744,-0.05040086414846026,-4.6490704511181215e-05,0.1356341964655918,0.13561505379203198,-4.649070459558103e-05,0.011843966290356344,0.01182411457517236,4.649070451115659e-05,-0.12142370989855977,-0.12143820822553361,-4.649070451118124e-05,0.02983472569216441,0.029832298816865752,4.6490704511182164e-05,2.3698083881627514e-17,1.0903728845791546e-16
324.18,"[0.06062, 0.0456, 0.41014]",0.0456,0.41014,4.6490704511408844e-05,-0.050405127070389744,-0.05040130287455903,-4.649070451140933e-05,0.1356341964655918,0.13561714803322922,-4.649070459594168e-05,0.011843966290356344,0.011826571203425255,4.6490704511516274e-05,-0.12142370989855977,-0.12143614394890857,-4.649070451140919e-05,0.02983472569216441,0.029832544466709212,4.6490704511408464e-05,2.3698083881627514e-17,1.0806922415755165e-16
324.201,"[0.06062, 0.0456, 0.41014]",0.0456,0.41014,4.6490704511582675e-05,-0.050405127070389744,-0.05040130287455903,-4.649070451158284e-05,0.1356341964655918,0.13561714803322922,-4.649070459610327e-05,0.011843966290356344,0.011826571203425255,4.6490704511655716e-05,-0.12142370989855977,-0.12143614394890857,-4.649070451158293e-05,0.02983472569216441,0.029832544466709212,4.649070451158259e-05,2.3698083881627514e-17,1.0806922415755165e-16
324.22,"[0.06062, 0.0456, 0.41014]",0.0456,0.41014,4.6490704511708476e-05,-0.050405127070389744,-0.05040130287455903,-4.6490704511708924e-05,0.1356341964655918,0.13561714803322922,-4.649070459625884e-05,0.011843966290356344,0.011826571203425255,4.649070451180292e-05,-0.12142370989855977,-0.12143614394890857,-4.649070451170872e-05,0.02983472569216441,0.029832544466709212,4.6490704511708077e-05,2.3698083881627514e-17,1.0806922415755165e-16
324.24,"[0.06062, 0.0456, 0.41014]",0.0456,0.41014,4.6490704511958514e-05,-0.050405127070389744,-0.0504016931957399,-4.6490704511959e-05,0.1356341964655918,0.13561898158998065,-4.649070459652141e-05,0.011843966290356344,0.011828663274166675,4.64907045120405e-05,-0.12142370989855977,-0.12143443549304966,-4.649070451195905e-05,0.02983472569216441,0.029832763871708544,4.649070451195823e-05,2.3698083881627514e-17,1.0720178888231265e-16
324.26,"[0.06062, 0.0456, 0.41014]",0.0456,0.41014,4.6490704511959e-05,-0.050405127070389744,-0.050402057183844565,-4.649070451195889e-05,0.1356341964655918,0.1356206770727644,-4.649070459649826e-05,0.011843966290356344,0.011830568516821675,4.649070451201245e-05,-0.12142370989855977,-0.12143290494925549,-4.649070451195895e-05,0.02983472569216441,0.02983296889832513,4.649070451195864e-05,2.3698083881627514e-17,1.0631287005122017e-16
324.28,"[0.06062, 0.0456, 0.41014]",0.0456,0.41014,4.649070451201409e-05,-0.050405127070389744,-0.050402057183844565,-4.6490704512013225e-05,0.1356341964655918,0.1356206770727644,-4.649070459649619e-05,0.011843966290356344,0.011830568516821675,4.6490704511993445e-05,-0.12142370989855977,-0.12143290494925549,-4.6490704512013076e-05,0.02983472569216441,0.02983296889832513,4.649070451201374e-05,2.3698083881627514e-17,1.0631287005122017e-16
324.3,"[0.06062, 0.0456, 0.41014]",0.0456,0.41014,4.649070451217219e-05,-0.050405127070389744,-0.050402385707285745,-4.6490704512172644e-05,0.1356341964655918,0.13562219127800623,-4.649070459675094e-05,0.011843966290356344,0.011832236551723817,4.64907045122477e-05,-0.12142370989855977,-0.12143159437738285,-4.649070451217261e-05,0.02983472569216441,0.029833154433653766,4.6490704512172054e-05,2.3698083881627514e-17,1.054928541671751e-16
324.32,"[0.06062, 0.0456, 0.41014]",0.0456,0.41014,4.6490704512244465e-05,-0.050405127070389744,-0.050402385707285745,-4.64907045122438e-05,0.1356341964655918,0.13562219127800623,-4.6490704596752875e-05,0.011843966290356344,0.011832236551723817,4.6490704512228765e-05,-0.12142370989855977,-0.12143159437738285,-4.649070451224392e-05,0.02983472569216441,0.029833154433653766,4.649070451224461e-05,2.3698083881627514e-17,1.054928541671751e-16
324.34,"[0.06062, 0.0456, 0.41014]",0.0456,0.41014,4.649070451238456e-05,-0.050405127070389744,-0.050402385707285745,-4.649070451238491e-05,0.1356341964655918,0.13562219127800623,-4.649070459697521e-05,0.011843966290356344,0.011832236551723817,4.649070451245032e-05,-0.12142370989855977,-0.12143159437738285,-4.649070451238481e-05,0.02983472569216441,0.029833154433653766,4.649070451238426e-05,2.3698083881627514e-17,1.054928541671751e-16
324.36,"[0.06062, 0.0456, 0.41014]",0.0456,0.41014,4.6490704512558965e-05,-0.050405127070389744,-0.05040267488118467,-4.6490704512559324e-05,0.1356341964655918,0.13562350848904964,-4.6490704597157824e-05,0.011843966290356344,0.01183365421020506,4.649070451261548e-05,-0.12142370989855977,-0.12143051039143134,-4.6490704512559047e-05,0.02983472569216441,0.029833318228814937,4.64907045125585e-05,2.3698083881627514e-17,1.0477267724314655e-16
324.38,"[0.06062, 0.0456, 0.41014]",0.0456,0.41014,4.649070451255915e-05,-0.050405127070389744,-0.05040267488118467,-4.6490704512559175e-05,0.1356341964655918,0.13562350848904964,-4.649070459714177e-05,0.011843966290356344,0.01183365421020506,4.6490704512595937e-05,-0.12142370989855977,-0.12143051039143134,-4.649070451255919e-05,0.02983472569216441,0.029833318228814937,4.6490704512559026e-05,2.3698083881627514e-17,1.0477267724314655e-16
324.4,"[0.06062, 0.0456, 0.41014]",0.0456,0.41014,4.6490704512697885e-05,-0.050405127070389744,-0.050402936720127856,-4.649070451269815e-05,0.1356341964655918,0.1356246913779841,-4.649070459730402e-05,0.011843966290356344,0.011834905798953754,4.649070451274726e-05,-0.12142370989855977,-0.12142957307366598,-4.649070451269844e-05,0.02983472569216441,0.02983346685123399,4.649070451269791e-05,2.3698083881627514e-17,1.0408815017770972e-16
324.42,"[0.06062, 0.0456, 0.41014]",0.0456,0.41014,4.6490704512699085e-05,-0.050405127070389744,-0.050402936720127856,-4.6490704512699085e-05,0.1356341964655918,0.1356246913779841,-4.649070459729213e-05,0.011843966290356344,0.011834905798953754,4.649070451273245e-05,-0.12142370989855977,-0.12142957307366598,-4.649070451269911e-05,0.02983472569216441,0.02983346685123399,4.649070451269889e-05,2.3698083881627514e-17,1.0408815017770972e-16
324.44,"[0.06062, 0.0456, 0.41014]",0.0456,0.41014,4.649070451282391e-05,-0.050405127070389744,-0.050403173124145634,-4.6490704512824134e-05,0.1356341964655918,0.13562575139247465,-4.649070459743785e-05,0.011843966290356344,0.01183600946893731,4.6490704512868254e-05,-0.12142370989855977,-0.12142876319540559,-4.649070451282418e-05,0.02983472569216441,0.02983360129577737,4.649070451282364e-05,2.3698083881627514e-17,1.0344472061601528e-16
324.46,"[0.06062, 0.0456, 0.41014]",0.0456,0.41014,4.649070451282644e-05,-0.050405127070389744,-0.050403173124145634,-4.6490704512826465e-05,0.1356341964655918,0.13562575139247465,-4.6490704597429125e-05,0.011843966290356344,0.01183600946893731,4.649070451285681e-05,-0.12142370989855977,-0.12142876319540559,-4.6490704512826614e-05,0.02983472569216441,0.02983360129577737,4.649070451282636e-05,2.3698083881627514e-17,1.0344472061601528e-16
324.48,"[0.06062, 0.0456, 0.41014]",0.0456,0.41014,4.649070451293852e-05,-0.050405127070389744,-0.05040339147023465,-4.649070451293865e-05,0.1356341964655918,0.13562672536042797,-4.649070459755939e-05,0.011843966290356344,0.011837011868224435,4.649070451297818e-05,-0.12142370989855977,-0.12142803866673216,-4.649070451293859e-05,0.02983472569216441,0.029833725640295867,4.649070451293808e-05,2.3698083881627514e-17,1.0281394043137309e-16
324.5,"[0.06062, 0.0456, 0.41014]",0.0456,0.41014,4.649070451293912e-05,-0.050405127070389744,-0.05040358771008126,-4.6490704512939086e-05,0.1356341964655918,0.13562759510711328,-4.6490704597549614e-05,0.011843966290356344,0.011837893822590817,4.649070451296602e-05,-0.12142370989855977,-0.12142741378664211,-4.649070451293904e-05,0.02983472569216441,0.029833837588029946,4.649070451293885e-05,2.3698083881627514e-17,1.0222707612854137e-16
324.52,"[0.06062, 0.0456, 0.41014]",0.0456,0.41014,4.649070451297012e-05,-0.050405127070389744,-0.05040358771008126,-4.649070451296954e-05,0.1356341964655918,0.13562759510711328,-4.649070459755312e-05,0.011843966290356344,0.011837893822590817,4.649070451296132e-05,-0.12142370989855977,-0.12142741378664211,-4.649070451296944e-05,0.02983472569216441,0.029833837588029946,4.649070451296964e-05,2.3698083881627514e-17,1.0222707612854137e-16
324.54,"[0.06062, 0.0456, 0.41014]",0.0456,0.41014,4.64907045130498e-05,-0.050405127070389744,-0.05040358771008126,-4.649070451304995e-05,0.1356341964655918,0.13562759510711328,-4.6490704597679454e-05,0.011843966290356344,0.011837893822590817,4.649070451308674e-05,-0.12142370989855977,-0.12142741378664211,-4.6490704513049736e-05,0.02983472569216441,0.029833837588029946,4.6490704513049424e-05,2.3698083881627514e-17,1.0222707612854137e-16
324.56,"[0.06062, 0.0456, 0.41014]",0.0456,0.41014,4.649070451314804e-05,-0.050405127070389744,-0.050403757822413596,-4.649070451314818e-05,0.1356341964655918,0.13562834336008653,-4.649070459778243e-05,0.011843966290356344,0.011838638792316971,4.6490704513179915e-05,-0.12142370989855977,-0.12142689931503657,-4.649070451314823e-05,0.02983472569216441,0.02983393483395269,4.649070451314782e-05,2.3698083881627514e-17,1.0172721800442448e-16
324.58,"[0.06062, 0.0456, 0.41014]",0.0456,0.41014,4.649070451315075e-05,-0.050405127070389744,-0.050403757822413596,-4.649070451315072e-05,0.1356341964655918,0.13562834336008653,-4.6490704597775847e-05,0.011843966290356344,0.011838638792316971,4.649070451317124e-05,-0.12142370989855977,-0.12142689931503657,-4.649070451315067e-05,0.02983472569216441,0.02983393483395269,4.6490704513150465e-05,2.3698083881627514e-17,1.0172721800442448e-16
324.6,"[0.06062, 0.0456, 0.41014]",0.0456,0.41014,4.649070451322774e-05,-0.050405127070389744,-0.05040391026589551,-4.649070451322781e-05,0.1356341964655918,0.1356290102743189,-4.649070459786533e-05,0.011843966290356344,0.011839293774701143,4.6490704513254616e-05,-0.12142370989855977,-0.12142645586512474,-4.6490704513227864e-05,0.02983472569216441,0.029834022112594824,4.6490704513227396e-05,2.3698083881627514e-17,1.0126445972813502e-16
324.62,"[0.06062, 0.0456, 0.41014]",0.0456,0.41014,4.6490704513228995e-05,-0.050405127070389744,-0.05040391026589551,-4.649070451322893e-05,0.1356341964655918,0.1356290102743189,-4.649070459785933e-05,0.011843966290356344,0.011839293774701143,4.6490704513246844e-05,-0.12142370989855977,-0.12142645586512474,-4.64907045132287e-05,0.02983472569216441,0.029834022112594824,4.64907045132285e-05,2.3698083881627514e-17,1.0126445972813502e-16
324.64,"[0.06062, 0.0456, 0.41014]",0.0456,0.41014,4.6490704513248816e-05,-0.050405127070389744,-0.05040405035609809,-4.6490704513248464e-05,0.1356341964655918,0.13562962083107324,-4.64907045978602e-05,0.011843966290356344,0.011839887502487463,4.6490704513242114e-05,-0.12142370989855977,-0.1214260597835858,-4.649070451324841e-05,0.02983472569216441,0.029834102406613508,4.6490704513248525e-05,2.3698083881627514e-17,1.0081554346691917e-16
324.66,"[0.06062, 0.0456, 0.41014]",0.0456,0.41014,4.649070451330226e-05,-0.050405127070389744,-0.05040417455154167,-4.649070451330232e-05,0.1356341964655918,0.13563015949900362,-4.649070459794551e-05,0.011843966290356344,0.01184040446215805,4.649070451332699e-05,-0.12142370989855977,-0.12142572182708587,-4.6490704513302274e-05,0.02983472569216441,0.02983417369376849,4.649070451330194e-05,2.3698083881627514e-17,1.004135499438965e-16
324.68,"[0.06062, 0.0456, 0.41014]",0.0456,0.41014,4.649070451332664e-05,-0.050405127070389744,-0.05040417455154167,-4.6490704513326364e-05,0.1356341964655918,0.13563015949900362,-4.6490704597946656e-05,0.011843966290356344,0.01184040446215805,4.649070451332123e-05,-0.12142370989855977,-0.12142572182708587,-4.649070451332643e-05,0.02983472569216441,0.02983417369376849,4.6490704513326574e-05,2.3698083881627514e-17,1.004135499438965e-16
324.7,"[0.06062, 0.0456, 0.41014]",0.0456,0.41014,4.649070451337256e-05,-0.050405127070389744,-0.05040428465406803,-4.6490704513372645e-05,0.1356341964655918,0.13563063489456245,-4.649070459801945e-05,0.011843966290356344,0.011840854901881819,4.6490704513393706e-05,-0.12142370989855977,-0.12142543327068779,-4.649070451337261e-05,0.02983472569216441,0.029834236979845337,4.649070451337234e-05,2.3698083881627514e-17,1.0005356939313436e-16
324.721,"[0.06062, 0.0456, 0.41014]",0.0456,0.41014,4.649070451340701e-05,-0.050405127070389744,-0.05040428465406803,-4.649070451340706e-05,0.1356341964655918,0.13563063489456245,-4.649070459805094e-05,0.011843966290356344,0.011840854901881819,4.6490704513420574e-05,-0.12142370989855977,-0.12142543327068779,-4.64907045134068e-05,0.02983472569216441,0.029834236979845337,4.6490704513406716e-05,2.3698083881627514e-17,1.0005356939313436e-16
324.74,"[0.06062, 0.0456, 0.41014]",0.0456,0.41014,4.6490704513431416e-05,-0.050405127070389744,-0.0504043822523344,-4.649070451343155e-05,0.1356341964655918,0.13563105454015656,-4.649070459808114e-05,0.011843966290356344,0.011841247625354413,4.64907045134492e-05,-0.12142370989855977,-0.1214251867384759,-4.6490704513431247e-05,0.02983472569216441,0.02983429315370621,4.649070451343107e-05,2.3698083881627514e-17,9.972924878425206e-17
324.76,"[0.06062, 0.0456, 0.41014]",0.0456,0.41014,4.6490704513448174e-05,-0.050405127070389744,-0.0504043822523344,-4.649070451344793e-05,0.1356341964655918,0.13563105454015656,-4.6490704598080006e-05,0.011843966290356344,0.011841247625354413,4.6490704513443085e-05,-0.12142370989855977,-0.1214251867384759,-4.6490704513447936e-05,0.02983472569216441,0.02983429315370621,4.649070451344802e-05,2.3698083881627514e-17,9.972924878425206e-17
324.78,"[0.06062, 0.0456, 0.41014]",0.0456,0.41014,4.649070451348171e-05,-0.050405127070389744,-0.05040446875074878,-4.649070451348174e-05,0.1356341964655918,0.13563142502141967,-4.6490704598134196e-05,0.011843966290356344,0.011841590212851177,4.6490704513497186e-05,-0.12142370989855977,-0.12142497598694992,-4.649070451348172e-05,0.02983472569216441,0.029834343002970838,4.649070451348152e-05,2.3698083881627514e-17,9.943412281267153e-17
324.8,"[0.06062, 0.0456, 0.41014]",0.0456,0.41014,4.649070451349569e-05,-0.050405127070389744,-0.05040446875074878,-4.649070451349545e-05,0.1356341964655918,0.13563142502141967,-4.6490704598132325e-05,0.011843966290356344,0.011841590212851177,4.649070451349094e-05,-0.12142370989855977,-0.12142497598694992,-4.6490704513495526e-05,0.02983472569216441,0.029834343002970838,4.649070451349558e-05,2.3698083881627514e-17,9.943412281267153e-17
324.82,"[0.06062, 0.0456, 0.41014]",0.0456,0.41014,4.649070451352458e-05,-0.050405127070389744,-0.05040454765429301,-4.649070451352456e-05,0.1356341964655918,0.13563176205572042,-4.649070459817901e-05,0.011843966290356344,0.011841899156993959,4.6490704513537735e-05,-0.12142370989855977,-0.12142478879804294,-4.649070451352439e-05,0.02983472569216441,0.029834388517898387,4.6490704513524095e-05,2.3698083881627514e-17,9.915234327390175e-17
324.84,"[0.06062, 0.0456, 0.41014]",0.0456,0.41014,4.6490704513535255e-05,-0.050405127070389744,-0.05040454765429301,-4.6490704513534984e-05,0.1356341964655918,0.13563176205572042,-4.649070459817536e-05,0.011843966290356344,0.011841899156993959,4.649070451353023e-05,-0.12142370989855977,-0.12142478879804294,-4.649070451353485e-05,0.02983472569216441,0.029834388517898387,4.649070451353492e-05,2.3698083881627514e-17,9.915234327390175e-17
324.861,"[0.06062, 0.0456, 0.41014]",0.0456,0.41014,4.64907045135543e-05,-0.050405127070389744,-0.05040461751713296,-4.64907045135541e-05,0.1356341964655918,0.13563205946357532,-4.6490704598198035e-05,0.011843966290356344,0.01184216870348589,4.649070451355118e-05,-0.12142370989855977,-0.12142462875128686,-4.649070451355392e-05,0.02983472569216441,0.029834428866539812,4.6490704513554026e-05,2.3698083881627514e-17,9.889673110502519e-17
324.88,"[0.06062, 0.0456, 0.41014]",0.0456,0.41014,4.649070451356381e-05,-0.050405127070389744,-0.05040461751713296,-4.6490704513563804e-05,0.1356341964655918,0.13563205946357532,-4.6490704598218824e-05,0.011843966290356344,0.01184216870348589,4.6490704513572904e-05,-0.12142370989855977,-0.12142462875128686,-4.6490704513563824e-05,0.02983472569216441,0.029834428866539812,4.64907045135637e-05,2.3698083881627514e-17,9.889673110502519e-17
324.9,"[0.06062, 0.0456, 0.41014]",0.0456,0.41014,4.649070451359636e-05,-0.050405127070389744,-0.050404678821458104,-4.6490704513596343e-05,0.1356341964655918,0.13563231959291383,-4.6490704598256175e-05,0.011843966290356344,0.011842401775975758,4.649070451360765e-05,-0.12142370989855977,-0.12142449325081323,-4.6490704513596425e-05,0.02983472569216441,0.02983446431567266,4.649070451359623e-05,2.3698083881627514e-17,9.867223592113585e-17
324.921,"[0.06062, 0.0456, 0.41014]",0.0456,0.41014,4.649070451361355e-05,-0.050405127070389744,-0.050404678821458104,-4.649070451361351e-05,0.1356341964655918,0.13563231959291383,-4.6490704598273367e-05,0.011843966290356344,0.011842401775975758,4.649070451362297e-05,-0.12142370989855977,-0.12142449325081323,-4.649070451361318e-05,0.02983472569216441,0.02983446431567266,4.649070451361297e-05,2.3698083881627514e-17,9.867223592113585e-17
324.94,"[0.06062, 0.0456, 0.41014]",0.0456,0.41014,4.649070451362718e-05,-0.050405127070389744,-0.05040473267080352,-4.6490704513627094e-05,0.1356341964655918,0.13563254740244013,-4.649070459828808e-05,0.011843966290356344,0.011842603620945103,4.64907045136364e-05,-0.12142370989855977,-0.1214243783702427,-4.649070451362696e-05,0.02983472569216441,0.02983449549110657,4.649070451362675e-05,2.3698083881627514e-17,9.847115765519955e-17
324.96,"[0.06062, 0.0456, 0.41014]",0.0456,0.41014,4.649070451362939e-05,-0.050405127070389744,-0.05040473267080352,-4.6490704513629445e-05,0.1356341964655918,0.13563254740244013,-4.6490704598288484e-05,0.011843966290356344,0.011842603620945103,4.649070451363574e-05,-0.12142370989855977,-0.1214243783702427,-4.649070451362948e-05,0.02983472569216441,0.02983449549110657,4.6490704513629466e-05,2.3698083881627514e-17,9.847115765519955e-17
324.98,"[0.06062, 0.0456, 0.41014]",0.0456,0.41014,4.6490704513652566e-05,-0.050405127070389744,-0.05040478000974768,-4.649070451365255e-05,0.1356341964655918,0.13563274711509268,-4.649070459831487e-05,0.011843966290356344,0.01184277866019212,4.6490704513660345e-05,-0.12142370989855977,-0.12142428084350262,-4.649070451365245e-05,0.02983472569216441,0.029834522929156653,4.6490704513652336e-05,2.3698083881627514e-17,9.829058541239941e-17
325.0,"[0.06062, 0.0456, 0.41014]",0.0456,0.41014,4.649070451365773e-05,-0.050405127070389744,-0.05040478000974768,-4.649070451365749e-05,0.1356341964655918,0.13563274711509268,-4.649070459831038e-05,0.011843966290356344,0.01184277866019212,4.649070451365381e-05,-0.12142370989855977,-0.12142428084350262,-4.649070451365715e-05,0.02983472569216441,0.029834522929156653,4.6490704513657126e-05,2.3698083881627514e-17,9.829058541239941e-17
325.02,"[0.06062, 0.0456, 0.41014]",0.0456,0.41014,4.649070451367016e-05,-0.050405127070389744,-0.050404820772494925,-4.6490704513670096e-05,0.1356341964655918,0.13563291855763038,-4.649070459833244e-05,0.011843966290356344,0.01184292703255172,4.6490704513676046e-05,-0.12142370989855977,-0.12142420026872082,-4.649070451366991e-05,0.02983472569216441,0.029834546587397,4.649070451366978e-05,2.3698083881627514e-17,9.813043507727472e-17
325.04,"[0.06062, 0.0456, 0.41014]",0.0456,0.41014,4.64907045136746e-05,-0.050405127070389744,-0.050404820772494925,-4.649070451367444e-05,0.1356341964655918,0.13563291855763038,-4.649070459833013e-05,0.011843966290356344,0.01184292703255172,4.6490704513671966e-05,-0.12142370989855977,-0.12142420026872082,-4.64907045136746e-05,0.02983472569216441,0.029834546587397,4.649070451367458e-05,2.3698083881627514e-17,9.813043507727472e-17
325.06,"[0.06062, 0.0456, 0.41014]",0.0456,0.41014,4.6490704513686176e-05,-0.050405127070389744,-0.05040485793481431,-4.6490704513686156e-05,0.1356341964655918,0.13563307459697987,-4.649070459834948e-05,0.011843966290356344,0.01184306108596523,4.649070451369148e-05,-0.12142370989855977,-0.12142412857794929,-4.6490704513685987e-05,0.02983472569216441,0.029834568172956082,4.649070451368584e-05,2.3698083881627514e-17,9.797812138634563e-17
325.08,"[0.06062, 0.0456, 0.41014]",0.0456,0.41014,4.6490704513687e-05,-0.050405127070389744,-0.05040485793481431,-4.649070451368701e-05,0.1356341964655918,0.13563307459697987,-4.6490704598349444e-05,0.011843966290356344,0.01184306108596523,4.6490704513691055e-05,-0.12142370989855977,-0.12142412857794929,-4.649070451368682e-05,0.02983472569216441,0.029834568172956082,4.649070451368678e-05,2.3698083881627514e-17,9.797812138634563e-17
325.1,"[0.06062, 0.0456, 0.41014]",0.0456,0.41014,4.64907045137025e-05,-0.050405127070389744,-0.05040489054782321,-4.649070451370242e-05,0.1356341964655918,0.13563321125182956,-4.6490704598367015e-05,0.011843966290356344,0.011843177346933043,4.649070451370755e-05,-0.12142370989855977,-0.12142406768708315,-4.6490704513702073e-05,0.02983472569216441,0.029834587136034672,4.649070451370189e-05,2.3698083881627514e-17,9.784403322343396e-17
325.12,"[0.06062, 0.0456, 0.41014]",0.0456,0.41014,4.6490704513703415e-05,-0.050405127070389744,-0.05040489054782321,-4.649070451370333e-05,0.1356341964655918,0.13563321125182956,-4.64907045983668e-05,0.011843966290356344,0.011843177346933043,4.6490704513706946e-05,-0.12142370989855977,-0.12142406768708315,-4.649070451370325e-05,0.02983472569216441,0.029834587136034672,4.6490704513703056e-05,2.3698083881627514e-17,9.784403322343396e-17
325.14,"[0.06062, 0.0456, 0.41014]",0.0456,0.41014,4.649070451371681e-05,-0.050405127070389744,-0.050404920095647975,-4.649070451371677e-05,0.1356341964655918,0.135633334887528,-4.6490704598382254e-05,0.011843966290356344,0.011843281783145813,4.649070451372135e-05,-0.12142370989855977,-0.12142401384069296,-4.6490704513716656e-05,0.02983472569216441,0.029834604330191365,4.6490704513716466e-05,2.3698083881627514e-17,9.771863341262558e-17
325.16,"[0.06062, 0.0456, 0.41014]",0.0456,0.41014,4.649070451371718e-05,-0.050405127070389744,-0.050404920095647975,-4.649070451371706e-05,0.1356341964655918,0.135633334887528,-4.6490704598381204e-05,0.011843966290356344,0.011843281783145813,4.6490704513720003e-05,-0.12142370989855977,-0.12142401384069296,-4.649070451371691e-05,0.02983472569216441,0.029834604330191365,4.649070451371667e-05,2.3698083881627514e-17,9.771863341262558e-17
325.18,"[0.06062, 0.0456, 0.41014]",0.0456,0.41014,4.6490704513728575e-05,-0.050405127070389744,-0.050404945238478036,-4.649070451372844e-05,0.1356341964655918,0.13563343986778667,-4.6490704598394824e-05,0.011843966290356344,0.011843369444309332,4.6490704513732655e-05,-0.12142370989855977,-0.12142396980646539,-4.649070451372857e-05,0.02983472569216441,0.029834618979525333,4.649070451372846e-05,2.3698083881627514e-17,9.761117792687074e-17
325.2,"[0.06062, 0.0456, 0.41014]",0.0456,0.41014,4.6490704513729436e-05,-0.050405127070389744,-0.050404945238478036,-4.649070451372932e-05,0.1356341964655918,0.13563343986778667,-4.6490704598394614e-05,0.011843966290356344,0.011843369444309332,4.649070451373211e-05,-0.12142370989855977,-0.12142396980646539,-4.649070451372939e-05,0.02983472569216441,0.029834618979525333,4.6490704513729294e-05,2.3698083881627514e-17,9.761117792687074e-17
325.22,"[0.06062, 0.0456, 0.41014]",0.0456,0.41014,4.649070451373964e-05,-0.050405127070389744,-0.05040496731684174,-4.6490704513739506e-05,0.1356341964655918,0.1356335319149925,-4.649070459840632e-05,0.011843966290356344,0.011843445622127453,4.6490704513743e-05,-0.12142370989855977,-0.12142393233083766,-4.649070451373957e-05,0.02983472569216441,0.02983463185610756,4.649070451373944e-05,2.3698083881627514e-17,9.751217986680248e-17
325.24,"[0.06062, 0.0456, 0.41014]",0.0456,0.41014,4.6490704513740075e-05,-0.050405127070389744,-0.05040496731684174,-4.649070451373996e-05,0.1356341964655918,0.1356335319149925,-4.649070459840586e-05,0.011843966290356344,0.011843445622127453,4.649070451374234e-05,-0.12142370989855977,-0.12142393233083766,-4.6490704513740075e-05,0.02983472569216441,0.02983463185610756,4.649070451373989e-05,2.3698083881627514e-17,9.751217986680248e-17
325.26,"[0.06062, 0.0456, 0.41014]",0.0456,0.41014,4.649070451374866e-05,-0.050405127070389744,-0.05040498671227175,-4.64907045137486e-05,0.1356341964655918,0.13563361267113488,-4.649070459841567e-05,0.011843966290356344,0.011843511882523782,4.64907045137514e-05,-0.12142370989855977,-0.12142390040110282,-4.6490704513748504e-05,0.02983472569216441,0.02983464317886658,4.649070451374831e-05,2.3698083881627514e-17,9.742352638955724e-17
325.28,"[0.06062, 0.0456, 0.41014]",0.0456,0.41014,4.6490704513748653e-05,-0.050405127070389744,-0.05040500429385444,-4.64907045137486e-05,0.1356341964655918,0.1356336858122004,-4.6490704598414984e-05,0.011843966290356344,0.011843571519764238,4.6490704513750415e-05,-0.12142370989855977,-0.12142387210261099,-4.649070451374847e-05,0.02983472569216441,0.029834653450036344,4.649070451374846e-05,2.3698083881627514e-17,9.734064697077734e-17
325.3,"[0.06062, 0.0456, 0.41014]",0.0456,0.41014,4.649070451375083e-05,-0.050405127070389744,-0.05040500429385444,-4.649070451375069e-05,0.1356341964655918,0.1356336858122004,-4.6490704598414855e-05,0.011843966290356344,0.011843571519764238,4.649070451374983e-05,-0.12142370989855977,-0.12142387210261099,-4.649070451375059e-05,0.02983472569216441,0.029834653450036344,4.6490704513750476e-05,2.3698083881627514e-17,9.734064697077734e-17
325.32,"[0.06062, 0.0456, 0.41014]",0.0456,0.41014,4.6490704513756256e-05,-0.050405127070389744,-0.05040501961458859,-4.6490704513756216e-05,0.1356341964655918,0.13563374948413354,-4.649070459842383e-05,0.011843966290356344,0.01184362300461007,4.6490704513758676e-05,-0.12142370989855977,-0.12142384818076872,-4.649070451375607e-05,0.02983472569216441,0.029834662409049865,4.649070451375598e-05,2.3698083881627514e-17,9.726750120308814e-17
325.34,"[0.06062, 0.0456, 0.41014]",0.0456,0.41014,4.649070451375835e-05,-0.050405127070389744,-0.05040501961458859,-4.649070451375825e-05,0.1356341964655918,0.13563374948413354,-4.6490704598423305e-05,0.011843966290356344,0.01184362300461007,4.649070451375739e-05,-0.12142370989855977,-0.12142384818076872,-4.649070451375799e-05,0.02983472569216441,0.029834662409049865,4.6490704513758025e-05,2.3698083881627514e-17,9.726750120308814e-17
325.36,"[0.06062, 0.0456, 0.41014]",0.0456,0.41014,4.649070451376293e-05,-0.050405127070389744,-0.05040503298271609,-4.649070451376278e-05,0.1356341964655918,0.13563380499445146,-4.6490704598430806e-05,0.011843966290356344,0.011843667527244415,4.649070451376511e-05,-0.12142370989855977,-0.12142382792398254,-4.64907045137628e-05,0.02983472569216441,0.02983467023368781,4.649070451376267e-05,2.3698083881627514e-17,9.720005779143919e-17
325.38,"[0.06062, 0.0456, 0.41014]",0.0456,0.41014,4.6490704513764876e-05,-0.050405127070389744,-0.05040503298271609,-4.649070451376474e-05,0.1356341964655918,0.13563380499445146,-4.6490704598430284e-05,0.011843966290356344,0.011843667527244415,4.649070451376387e-05,-0.12142370989855977,-0.12142382792398254,-4.649070451376443e-05,0.02983472569216441,0.02983467023368781,4.6490704513764374e-05,2.3698083881627514e-17,9.720005779143919e-17
