timestamp,target_x,target_y,target_z,actual_j1,target_j1,control_u_j1,actual_j2,target_j2,control_u_j2,actual_j3,target_j3,control_u_j3,actual_j4,target_j4,control_u_j4,actual_j5,target_j5,control_u_j5,actual_j6,target_j6,control_u_j6
39.495,"[0.0, 0.0, 0.0]",0.0,0.0,0.0,0.0,0.0005280363106715238,0.0,0.0,-0.0015858466200882652,0.0,0.0,-4.0050560443474945e-05,0.0,0.0,0.0013278925945013971,0.0,0.0,-0.00031182278704826164,0.0,0.0,-1.6635833579750478e-16
39.501,"[0.0, 0.0, 0.0]",0.0,0.0,0.0,0.0,0.00044092284173176833,0.0,0.0,-0.0013242195349656592,0.0,0.0,-3.344316110748178e-05,0.0,0.0,0.0011088218128765214,0.0,0.0,-0.00026037942205335156,0.0,0.0,-1.3362343587682911e-16
39.52,"[0.0, 0.0, 0.0]",0.0,0.0,0.0,0.0,0.0002765549293926491,0.0,0.0,-0.0008305748860237107,0.0,0.0,-2.097615172953747e-05,0.0,0.0,0.0006954734814576239,0.0,0.0,-0.00016331477050326925,0.0,0.0,-7.277205108517286e-17
39.54,"[0.0, 0.0, 0.0]",0.0,0.0,0.0,0.0,0.00012900197781252513,0.0,0.0,-0.0003874304550508848,0.0,0.0,-9.784526774834658e-06,0.0,0.0,0.00032441099447522344,0.0,0.0,-7.617990563358625e-05,0.0,0.0,-1.9178969729778216e-17
39.56,"[0.0, 0.0, 0.0]",0.0,0.0,0.0,0.0,6.256257378989268e-05,0.0,0.0,-0.00018789360014601214,0.0,0.0,-4.74521794719086e-06,0.0,0.0,0.00015733083628906956,0.0,0.0,-3.694525509164871e-05,0.0,0.0,4.603156473721127e-18
39.58,"[0.0, 0.0, 0.0]",0.0,0.0,0.0,0.0,-4.397570230200939e-05,0.0,0.0,0.00013207183079488698,0.0,0.0,3.3355179000048025e-06,0.0,0.0,-0.00011058896651102877,0.0,0.0,2.5969096619562118e-05,0.0,0.0,4.147908960005583e-17
39.6,"[0.0, 0.0, 0.0]",0.0,0.0,0.0,0.0,-8.978370692990883e-05,0.0,0.0,0.000269646592464602,0.0,0.0,6.809972319112444e-06,0.0,0.0,-0.00022578579546098413,0.0,0.0,5.302022810288675e-05,0.0,0.0,5.69076752044233e-17
39.62,"[0.0, 0.0, 0.0]",0.0,0.0,0.0,0.0,-0.00012550840562724528,0.0,0.0,0.00037693825359093997,0.0,0.0,9.519626186534047e-06,0.0,0.0,-0.00031562537784440056,0.0,0.0,7.411683620936447e-05,0.0,0.0,6.856168571262344e-17
39.64,"[0.0, 0.0, 0.0]",0.0,0.0,0.0,0.0,-0.00015224485057711167,0.0,0.0,0.00045723557438880037,0.0,0.0,1.1547537229020797e-05,0.0,0.0,-0.0003828615236163134,0.0,0.0,8.990558522496843e-05,0.0,0.0,7.673808072382135e-17
39.66,"[0.0, 0.0, 0.0]",0.0,0.0,0.0,0.0,-0.0001710726980811779,0.0,0.0,0.0005137810767603006,0.0,0.0,1.2975595429657457e-05,0.0,0.0,-0.00043020932554687345,0.0,0.0,0.00010102404766096023,0.0,0.0,8.19391711754269e-17
39.68,"[0.0, 0.0, 0.0]",0.0,0.0,0.0,0.0,-0.0001830371061313144,0.0,0.0,0.0005497136741491399,0.0,0.0,1.3883074136721672e-05,0.0,0.0,-0.00046029712091638473,0.0,0.0,0.00010808942364347737,0.0,0.0,8.462855909351817e-17
39.7,"[0.0, 0.0, 0.0]",0.0,0.0,0.0,0.0,-0.00018657181979486902,0.0,0.0,0.0005603294474298766,0.0,0.0,1.4151175741901582e-05,0.0,0.0,-0.00046918613083629705,0.0,0.0,0.00011017678818482289,0.0,0.0,8.431790203973207e-17
39.72,"[0.0, 0.0, 0.0]",0.0,0.0,0.0,0.0,-0.0001856878847233822,0.0,0.0,0.0005576747333479035,0.0,0.0,1.408413081819421e-05,0.0,0.0,-0.00046696323298982956,0.0,0.0,0.00010965479550025611,0.0,0.0,8.24928118072386e-17
39.74,"[0.0, 0.0, 0.0]",0.0,0.0,0.0,0.0,-0.0001856878847233822,0.0,0.0,0.0005576747333479035,0.0,0.0,1.408413081819421e-05,0.0,0.0,-0.00046696323298982956,0.0,0.0,0.00010965479550025611,0.0,0.0,8.24928118072386e-17
39.76,"[0.0, 0.0, 0.0]",0.0,0.0,0.0,0.0,-0.0001796685315331099,0.0,0.0,0.0005395968649622156,0.0,0.0,1.3627573703541688e-05,0.0,0.0,-0.00045182591358409384,0.0,0.0,0.00010610016972313719,0.0,0.0,7.898270158722043e-17
39.78,"[0.0, 0.0, 0.0]",0.0,0.0,0.0,0.0,-0.00017109398730647934,0.0,0.0,0.0005138450146881013,0.0,0.0,1.2977209963408565e-05,0.0,0.0,-0.0004302628634103907,0.0,0.0,0.00010103661970335638,0.0,0.0,7.466194342721522e-17
39.8,"[0.0, 0.0, 0.0]",0.0,0.0,0.0,0.0,-0.00017109398730647934,0.0,0.0,0.0005138450146881013,0.0,0.0,1.2977209963408565e-05,0.0,0.0,-0.0004302628634103907,0.0,0.0,0.00010103661970335638,0.0,0.0,7.466194342721522e-17
39.82,"[0.0, 0.0, 0.0]",0.0,0.0,0.0,0.0,-0.00016251944307984876,0.0,0.0,0.00048809316441398697,0.0,0.0,1.2326846223275443e-05,0.0,0.0,-0.00040869981323668757,0.0,0.0,9.597306968357557e-05,0.0,0.0,7.034118526721001e-17
39.84,"[0.0, 0.0, 0.0]",0.0,0.0,0.0,0.0,-0.0001539448988532182,0.0,0.0,0.00046234131413987265,0.0,0.0,1.1676482483142321e-05,0.0,0.0,-0.00038713676306298444,0.0,0.0,9.090951966379476e-05,0.0,0.0,6.60204271072048e-17
39.86,"[0.0, 0.0, 0.0]",0.0,0.0,0.0,0.0,-0.00014537035462658762,0.0,0.0,0.00043658946386575834,0.0,0.0,1.1026118743009199e-05,0.0,0.0,-0.0003655737128892813,0.0,0.0,8.584596964401396e-05,0.0,0.0,6.169966894719959e-17
39.88,"[0.0, 0.0, 0.0]",0.0,0.0,-0.00014594173162013393,0.0,-0.0001298040777950314,0.000438305468520589,0.0,0.00038983940694935085,1.106941742465375e-05,0.0,9.845444717287021e-06,-0.0003670106306479615,0.0,-0.00032642802771909533,8.618338645585093e-05,0.0,7.665357184756321e-05,7.120482402768439e-17,0.0,5.539459752394359e-17
39.9,"[0.0, 0.0, 0.0]",0.0,0.0,-0.00014427654231576986,0.0,-0.00011441541155752117,0.0004333044207391803,0.0,0.0003436227663035909,1.0943115796531213e-05,0.0,8.678242136429953e-06,-0.0003628230541062969,0.0,-0.000287728993243135,8.52000374816306e-05,0.0,6.756605894040502e-05,6.974663648019536e-17,0.0,4.921527865948164e-17
39.92,"[0.0, 0.0, 0.0]",0.0,0.0,-0.0001399879074370126,0.0,-0.00011441541155752117,0.00042042440284464975,0.0,0.0003436227663035909,1.061783054246603e-05,0.0,8.678242136429953e-06,-0.00035203810199904766,0.0,-0.000287728993243135,8.266745772027226e-05,0.0,6.756605894040502e-05,6.691192213759623e-17,0.0,4.921527865948164e-17
39.94,"[0.0, 0.0, 0.0]",0.0,0.0,-0.00013512913321829902,0.0,-9.975693353642843e-05,0.0004058320906850223,0.0,0.00029959909324901105,1.024930123163772e-05,0.0,7.566423018778766e-06,-0.00033981937769608664,0.0,-0.00025086621789717,7.979819195216625e-05,0.0,5.8909746159369624e-05,6.3342326245124e-17,0.0,4.344666781054913e-17
39.96,"[0.0, 0.0, 0.0]",0.0,0.0,-0.0001284084152811318,0.0,-8.606077605130185e-05,0.00038564781996009627,0.0,0.00025846554866022737,9.739546873219828e-06,0.0,6.5275941807723505e-06,-0.0003229182836903002,0.0,-0.00021642346225688553,7.582938725143145e-05,0.0,5.082171526468264e-05,5.987352557930912e-17,0.0,3.8130483261721516e-17
39.98,"[0.0, 0.0, 0.0]",0.0,0.0,-0.00012159501800363426,0.0,-8.606077605130185e-05,0.00036518520621399615,0.0,0.00025846554866022737,9.222762959104194e-06,0.0,6.5275941807723505e-06,-0.0003057841219815845,0.0,-0.00021642346225688553,7.180585235436249e-05,0.0,5.082171526468264e-05,5.654909575012314e-17,0.0,3.8130483261721516e-17
40.0,"[0.0, 0.0, 0.0]",0.0,0.0,-0.00011484351203045348,0.0,-7.34703531021727e-05,0.0003449084700606443,0.0,0.0002206528464936055,8.710673373552123e-06,0.0,5.572633314606742e-06,-0.0002888056029957411,0.0,-0.00018476138027798285,6.7818866307419e-05,0.0,4.3386656934571446e-05,5.276039106892106e-17,0.0,3.328457150152941e-17
40.02,"[0.06062, 0.0456, 0.41014]",0.0456,0.41014,-0.00010698261183543925,-0.046757989597812036,-0.0050492974847526325,0.000321299900368978,0.14042912878757674,0.015164616157071431,8.11443825865474e-06,0.0035499366259060055,0.00038326576051856597,-0.0002690372070370757,-0.11758095955900609,-0.01269744184207756,6.317674652651872e-05,0.027612078261005327,0.00298177181652068,4.9239990850025354e-17,2.5206362494758573e-18,1.4808949439991824e-16
40.04,"[0.06062, 0.0456, 0.41014]",0.0456,0.41014,-0.0005981979942728992,-0.046757989597812036,-0.00980847994276611,0.0017965732880540228,0.14042912878757674,0.029457924282969675,4.5400794206075545e-05,0.0035499366259060055,0.0007445048828155628,-0.001504292854366053,-0.11758095955900609,-0.024665340775558924,0.0003532551455292319,0.027612078261005327,0.005792221502594931,-1.2706846361241984e-16,2.5206362494758573e-18,2.960887342994967e-16
40.06,"[0.06062, 0.0456, 0.41014]",0.0456,0.41014,-0.001919825142051234,-0.046757989597812036,-0.00980847994276611,0.0057658322430775835,0.14042912878757674,0.029457924282969675,0.00014571903769650807,0.0035499366259060055,0.0007445048828155628,-0.00482778106316169,-0.11758095955900609,-0.024665340775558924,0.0011337182816713032,0.027612078261005327,0.005792221502594931,-9.870047301153067e-17,2.5206362494758573e-18,2.960887342994967e-16
40.08,"[0.06062, 0.0456, 0.41014]",0.0456,0.41014,-0.0034186695546856768,-0.046757989597812036,-0.014214301440243325,0.010267329730123155,0.14042912878757674,0.04268997777533623,0.00025948834296311504,0.0035499366259060055,0.0010789185192015985,-0.008596917414220908,-0.11758095955900609,-0.035744650021075124,0.0020188338936220065,0.027612078261005327,0.00839400028335951,1.0609340469961093e-16,2.5206362494758573e-18,4.3396215097370597e-16
40.1,"[0.06062, 0.0456, 0.41014]",0.0456,0.41014,-0.006344285795347771,-0.046757989597812036,-0.01829646161486902,0.019053867348433156,0.14042912878757674,0.05494997426180663,0.0004815539092262325,0.0035499366259060055,0.0013887619382240745,-0.015953952959962533,-0.11758095955900609,-0.04601005378836991,0.003746503985243186,0.027612078261005327,0.010804646732052498,3.891818445420935e-16,2.5206362494758573e-18,5.559723508157599e-16
40.12,"[0.06062, 0.0456, 0.41014]",0.0456,0.41014,-0.007539503376307994,-0.046757989597812036,-0.01829646161486902,0.022643478037995837,0.14042912878757674,0.05494997426180663,0.0005722747044120124,0.0035499366259060055,0.0013887619382240745,-0.01895956304723081,-0.11758095955900609,-0.04601005378836991,0.004452318259951588,0.027612078261005327,0.010804646732052498,5.995049229399496e-16,2.5206362494758573e-18,5.559723508157599e-16
40.14,"[0.06062, 0.0456, 0.41014]",0.0456,0.41014,-0.009953811759348069,-0.046757989597812036,-0.02200132479668814,0.02989439799317421,0.14042912878757674,0.0660768310040647,0.0007555279809129989,0.0035499366259060055,0.0016699690467841747,-0.02503081766419172,-0.11758095955900609,-0.055326667482900965,0.005878044715761415,0.027612078261005327,0.012992487193140318,9.35498959352773e-16,2.5206362494758573e-18,6.365453725662342e-16
40.16,"[0.06062, 0.0456, 0.41014]",0.0456,0.41014,-0.012242839237183277,-0.046757989597812036,-0.02532647902051296,0.03676906026526517,0.14042912878757674,0.07606330527031445,0.0009292717798082069,0.0035499366259060055,0.0019223598363693167,-0.03078702913494694,-0.11758095955900609,-0.0636884213867268,0.0072297887864322405,0.027612078261005327,0.01495609727869728,9.57479315256223e-16,2.5206362494758573e-18,6.750881233614789e-16
40.182,"[0.06062, 0.0456, 0.41014]",0.0456,0.41014,-0.01578850561862925,-0.046757989597812036,-0.02830000842760395,0.0474178006606698,0.14042912878757674,0.08499374281128066,0.0011983986346754147,0.0035499366259060055,0.0021480668530950418,-0.03970330644352544,-0.11758095955900609,-0.07116593736920118,0.009323618387818755,0.027612078261005327,0.016712061561056445,1.1366862249846139e-15,2.5206362494758573e-18,6.823582777730475e-16
40.2,"[0.06062, 0.0456, 0.41014]",0.0456,0.41014,-0.0170396558989668,-0.046757989597812036,-0.031003888034660775,0.051175394874596984,0.14042912878757674,0.09311433893959294,0.0012933654508729044,0.0035499366259060055,0.002353309071700148,-0.04284956953987449,-0.11758095955900609,-0.07796536228867451,0.010062462705148727,0.027612078261005327,0.018308788960895075,1.4522613734628004e-15,2.5206362494758573e-18,6.637573604848183e-16
40.22,"[0.06062, 0.0456, 0.41014]",0.0456,0.41014,-0.019449510839992284,-0.046757989597812036,-0.03345536526495863,0.058412940594517654,0.14042912878757674,0.10047689340164322,0.001476282932530075,0.0035499366259060055,0.0025393965908843898,-0.048909621925410075,-0.11758095955900609,-0.08413006681891774,0.01148555922774677,0.027612078261005327,0.019756464620016238,1.6329126573253768e-15,2.5206362494758573e-18,6.236193248604149e-16
40.24,"[0.06062, 0.0456, 0.41014]",0.0456,0.41014,-0.02188999022997881,-0.046757989597812036,-0.03567232603886894,0.06574246172559399,0.14042912878757674,0.10713512342229521,0.0016615266448455875,0.0035499366259060055,0.0027076876343506417,-0.05504668305329117,-0.11758095955900609,-0.08970502774183217,0.012926740442947234,0.027612078261005327,0.021065650738209242,1.740032916169117e-15,2.5206362494758573e-18,5.675029149863491e-16
40.26,"[0.06062, 0.0456, 0.41014]",0.0456,0.41014,-0.02430910756405182,-0.046757989597812036,-0.037671366347000766,0.07300782674557414,0.14042912878757674,0.11313887205910289,0.0018451510333784144,0.0035499366259060055,0.0028594422323925195,-0.06113002206673683,-0.11758095955900609,-0.09473197845965445,0.014355306648399579,0.027612078261005327,0.022246147774592058,1.7711870319146195e-15,2.5206362494758573e-18,5.013912354164026e-16
40.28,"[0.06062, 0.0456, 0.41014]",0.0456,0.41014,-0.027768357429674137,-0.046757989597812036,-0.037671366347000766,0.08339703638582584,0.14042912878757674,0.11313887205910289,0.0021077318198857316,0.0035499366259060055,0.0028594422323925195,-0.06982896924862284,-0.11758095955900609,-0.09473197845965445,0.016398104333635633,0.027612078261005327,0.022246147774592058,1.4438347373378092e-15,2.5206362494758573e-18,5.013912354164026e-16
40.3,"[0.06062, 0.0456, 0.41014]",0.0456,0.41014,-0.028758658321697855,-0.046757989597812036,-0.03941724600788747,0.08637121995334845,0.14042912878757674,0.11838230349431147,0.0021829028596840492,0.0035499366259060055,0.0029919893386538203,-0.07231927017230105,-0.11758095955900609,-0.09912229520343731,0.016982908677726238,0.027612078261005327,0.02327714521703737,1.179107478126803e-15,2.5206362494758573e-18,4.506869287175746e-16
40.32,"[0.06062, 0.0456, 0.41014]",0.0456,0.41014,-0.030783789982174018,-0.046757989597812036,-0.04092397780558661,0.09245332582589358,0.14042912878757674,0.12290750188967534,0.0023366292859929604,0.0035499366259060055,0.003106390986041539,-0.07741184493362213,-0.11758095955900609,-0.10291121812589084,0.018178813620189905,0.027612078261005327,0.024166918086786025,1.1078161979558877e-15,2.5206362494758573e-18,4.1887882551437964e-16
40.34,"[0.06062, 0.0456, 0.41014]",0.0456,0.41014,-0.03257481980688941,-0.046757989597812036,-0.04225949955916186,0.09783235142217973,0.14042912878757674,0.12691850408194982,0.0024725878559894612,0.0035499366259060055,0.0032077996179473802,-0.08191572278253745,-0.11758095955900609,-0.10626959629692402,0.019236473910561918,0.027612078261005327,0.02495558590528113,1.0615094894881628e-15,2.5206362494758573e-18,3.8514759340119977e-16
40.361,"[0.06062, 0.0456, 0.41014]",0.0456,0.41014,-0.03429471200208582,-0.046757989597812036,-0.04225949955916186,0.102997730230074,0.14042912878757674,0.12691850408194982,0.0026031513094127074,0.0035499366259060055,0.0032077996179473802,-0.08624070472019808,-0.11758095955900609,-0.10626959629692402,0.020252125085890815,0.027612078261005327,0.02495558590528113,9.68319276996951e-16,2.5206362494758573e-18,3.8514759340119977e-16
40.381,"[0.06062, 0.0456, 0.41014]",0.0456,0.41014,-0.036566072949833536,-0.046757989597812036,-0.04338853475445658,0.10981934599586379,0.14042912878757674,0.13030936460062736,0.002775585034324664,0.0035499366259060055,0.003293540006155993,-0.09195244637558028,-0.11758095955900609,-0.109108716604418,0.021593436049991532,0.027612078261005327,0.025622316725767078,6.34566069634221e-16,2.5206362494758573e-18,3.744885230778909e-16
40.4,"[0.06062, 0.0456, 0.41014]",0.0456,0.41014,-0.03724831913047549,-0.046757989597812036,-0.04437547875594101,0.11186834785652913,0.14042912878757674,0.13327348144473714,0.0028273805299727957,0.0035499366259060055,0.003368496394982126,-0.0936680734010362,-0.11758095955900609,-0.11159051894622589,0.021996324117568782,0.027612078261005327,0.02620513812667071,4.0198779008218955e-16,2.5206362494758573e-18,3.638683475266566e-16
40.42,"[0.06062, 0.0456, 0.41014]",0.0456,0.41014,-0.03860247945941608,-0.046757989597812036,-0.04523132849206897,0.1159353232382954,0.14042912878757674,0.13584388172798417,0.002930192540306066,0.0035499366259060055,0.0034335032520287296,-0.09707333805979136,-0.11758095955900609,-0.11374265759795446,0.02279599877929775,0.027612078261005327,0.026710544150018514,3.159550466528579e-16,2.5206362494758573e-18,3.5615112933726713e-16
40.441,"[0.06062, 0.0456, 0.41014]",0.0456,0.41014,-0.04047238989757013,-0.046757989597812036,-0.04596625199446078,0.1215512647269776,0.14042912878757674,0.1380511031083044,0.0030721726194912285,0.0035499366259060055,0.0034893320746694307,-0.10177552815105138,-0.11758095955900609,-0.11559070248798697,0.023900240094611423,0.027612078261005327,0.027144539348501168,3.0935312278415925e-16,2.5206362494758573e-18,3.531937028518129e-16
40.46,"[0.06062, 0.0456, 0.41014]",0.0456,0.41014,-0.04102177610739634,-0.046757989597812036,-0.04658967631927459,0.12320124856529854,0.14042912878757674,0.13992345784586271,0.003113888563445318,0.0035499366259060055,0.0035366980708425692,-0.10315704558731265,-0.11758095955900609,-0.11715836028274851,0.024224670020001258,0.027612078261005327,0.027512690705752945,1.148871516802072e-16,2.5206362494758573e-18,3.5602626262272676e-16
40.48,"[0.06062, 0.0456, 0.41014]",0.0456,0.41014,-0.04207967714776184,-0.046757989597812036,-0.04711042426111665,0.12637846832873184,0.14042912878757674,0.1414874434012589,0.0031942223661595806,0.0035499366259060055,0.003576270546060266,-0.10581729538450525,-0.11758095955900609,-0.11846781816657904,0.024849393950295354,0.027612078261005327,0.02782020837014858,1.5448031547657653e-17,2.5206362494758573e-18,3.650023545595916e-16
40.5,"[0.06062, 0.0456, 0.41014]",0.0456,0.41014,-0.043035519099405374,-0.046757989597812036,-0.04791271822886442,0.12924917359266394,0.14042912878757674,0.14389701565196253,0.0032668115167171947,0.0035499366259060055,0.003637256652037801,-0.1082208947181351,-0.11758095955900609,-0.1204852173701526,0.025413848690069178,0.027612078261005327,0.028293987343215164,-7.564793602718141e-17,2.5206362494758573e-18,4.070382048341436e-16
40.52,"[0.06062, 0.0456, 0.41014]",0.0456,0.41014,-0.043928358309649224,-0.046757989597812036,-0.04791271822886442,0.131930664207004,0.14042912878757674,0.14389701565196253,0.0033346244419000756,0.0035499366259060055,0.003637256652037801,-0.11046605289170394,-0.11758095955900609,-0.1204852173701526,0.025941098205860446,0.027612078261005327,0.028293987343215164,-1.305927783326335e-18,2.5206362494758573e-18,4.070382048341436e-16
40.54,"[0.06062, 0.0456, 0.41014]",0.0456,0.41014,-0.04468538669447013,-0.046757989597812036,-0.048170759231450914,0.13420427098186424,0.14042912878757674,0.144672009346361,0.0033921245586889777,0.0035499366259060055,0.003656885925521658,-0.11236969414750944,-0.11758095955900609,-0.12113405103521153,0.026388147141960805,0.027612078261005327,0.028446368186262908,-2.2887172385152284e-16,2.5206362494758573e-18,4.332395637585587e-16
40.56,"[0.06062, 0.0456, 0.41014]",0.0456,0.41014,-0.04534760747658909,-0.046757989597812036,-0.04835727484442956,0.13619314127132046,0.14042912878757674,0.1452321893800882,0.003442429214887671,0.0035499366259060055,0.003671084498861113,-0.11403492196116145,-0.11758095955900609,-0.1216030224260002,0.026779209140380848,0.027612078261005327,0.02855651102021382,-2.751836364896757e-16,2.5206362494758573e-18,4.624190718120953e-16
40.58,"[0.06062, 0.0456, 0.41014]",0.0456,0.41014,-0.045919444276565594,-0.046757989597812036,-0.04847729492880821,0.13791056041219615,0.14042912878757674,0.1455926611120364,0.0034858737153602433,0.0035499366259060055,0.0036802318078180967,-0.11547286105446126,-0.11758095955900609,-0.1219047834516737,0.027116896497551946,0.027612078261005327,0.028627386173741887,-3.052377207109739e-16,2.5206362494758573e-18,4.916198380336523e-16
40.6,"[0.06062, 0.0456, 0.41014]",0.0456,0.41014,-0.04640543590057289,-0.046757989597812036,-0.0485403391994953,0.13937015954538107,0.14042912878757674,0.1457820152537138,0.0035228017494553596,0.0035499366259060055,0.0036850505418679833,-0.11669492631490613,-0.11758095955900609,-0.12206327315045969,0.02740388953603101,0.027612078261005327,0.028664615341829756,-3.2045124559529054e-16,2.5206362494758573e-18,5.20127596516044e-16
40.62,"[0.06062, 0.0456, 0.41014]",0.0456,0.41014,-0.04681106752744309,-0.046757989597812036,-0.04853459579657532,0.14058841213018133,0.14042912878757674,0.1457647765208901,0.0035536290165421335,0.0035499366259060055,0.0036846425717901024,-0.11771491221863303,-0.11758095955900609,-0.1220487905055546,0.027643427439135827,0.027612078261005327,0.028661223265939412,-3.207830114600711e-16,2.5206362494758573e-18,5.466867041150951e-16
40.64,"[0.06062, 0.0456, 0.41014]",0.0456,0.41014,-0.04713905480491306,-0.046757989597812036,-0.048493369353567226,0.14157347285059255,0.14042912878757674,0.14564096996297446,0.0035785583058867538,0.0035499366259060055,0.0036815381196319314,-0.11853965253615602,-0.11758095955900609,-0.12194508332022591,0.02783711393306179,0.027612078261005327,0.02863687736534806,-3.1715136786311375e-16,2.5206362494758573e-18,5.705794964930137e-16
40.66,"[0.06062, 0.0456, 0.41014]",0.0456,0.41014,-0.04740008494909339,-0.046757989597812036,-0.04843704536725172,0.1423574398923762,0.14042912878757674,0.14547182022556118,0.0035984038677183963,0.0035499366259060055,0.0036772862388377054,-0.11919601803677723,-0.11758095955900609,-0.1218034124858683,0.027991260116252574,0.027612078261005327,0.028603615903516642,-2.9899228251658855e-16,2.5206362494758573e-18,5.922589931209925e-16
40.68,"[0.06062, 0.0456, 0.41014]",0.0456,0.41014,-0.04759710742859706,-0.046757989597812036,-0.048356361357657654,0.1429491721558849,0.14042912878757674,0.14522950858843092,0.0036133915147084175,0.0035499366259060055,0.003671182258063291,-0.11969142298708371,-0.11758095955900609,-0.12160048797217415,0.028107607715835856,0.027612078261005327,0.02855596911315219,-2.556085831058847e-16,2.5206362494758573e-18,6.11498861886397e-16
40.7,"[0.06062, 0.0456, 0.41014]",0.0456,0.41014,-0.04774136567516568,-0.046757989597812036,-0.04815098018352153,0.14338243607826504,0.14042912878757674,0.1446126974897906,0.0036243717523997683,0.0035499366259060055,0.0036556266007590887,-0.12005414533923496,-0.11758095955900609,-0.12108396907712485,0.028192796381329027,0.027612078261005327,0.028434684456913054,-2.0463243272169931e-16,2.5206362494758573e-18,6.362173128643817e-16
40.72,"[0.06062, 0.0456, 0.41014]",0.0456,0.41014,-0.04782876724754284,-0.046757989597812036,-0.04803513794614814,0.14364494135809389,0.14042912878757674,0.1442647922320265,0.003631035482692585,0.0035499366259060055,0.0036468473058239134,-0.1202738916689476,-0.11758095955900609,-0.12079264177892315,0.028244409372466753,0.027612078261005327,0.028366275705327633,-1.937257925473641e-16,2.5206362494758573e-18,6.448542038335053e-16
40.741,"[0.06062, 0.0456, 0.41014]",0.0456,0.41014,-0.04789407692812838,-0.046757989597812036,-0.04791392592939109,0.14384110127103877,0.14042912878757674,0.1439007589940814,0.003636031604439592,0.0035499366259060055,0.0036376581352941537,-0.12043807046705123,-0.11758095955900609,-0.12048781436813533,0.028282976257554562,0.027612078261005327,0.028294695960777255,-6.508824054804196e-17,2.5206362494758573e-18,6.476191916794201e-16
40.76,"[0.06062, 0.0456, 0.41014]",0.0456,0.41014,-0.04789606182828229,-0.046757989597812036,-0.04779080363727919,0.14384706704345507,0.14042912878757674,0.14353098784414026,0.0036361942556837838,0.0035499366259060055,0.0036283219430081923,-0.12044304485977578,-0.11758095955900609,-0.120178186070692,0.028284148227878524,0.027612078261005327,0.028221988167297582,-6.093574622742247e-17,2.5206362494758573e-18,6.447053243408346e-16
40.78,"[0.06062, 0.0456, 0.41014]",0.0456,0.41014,-0.04788714377830734,-0.046757989597812036,-0.04766864621631097,0.14382029139924246,0.14042912878757674,0.1431641138367775,0.003635538769930272,0.0035499366259060055,0.0036190572124167276,-0.12042058824162888,-0.11758095955900609,-0.11987098665282679,0.02827888151778419,0.027612078261005327,0.028149850187313856,4.275978681497661e-18,2.5206362494758573e-18,6.364214384813853e-16
40.8,"[0.06062, 0.0456, 0.41014]",0.0456,0.41014,-0.04785662340943593,-0.046757989597812036,-0.04754979069506816,0.1437286363231897,0.14042912878757674,0.14280715588425644,0.0036332410960763966,0.0035499366259060055,0.003610041564549851,-0.12034381189238089,-0.11758095955900609,-0.1195720927022023,0.028260857983196167,0.027612078261005327,0.0280796621076401,6.649487191348879e-17,2.5206362494758573e-18,6.231726160806626e-16
40.82,"[0.06062, 0.0456, 0.41014]",0.0456,0.41014,-0.047809022190634314,-0.046757989597812036,-0.04743608494955827,0.1435856812556629,0.14042912878757674,0.1424656638143132,0.0036296445896872725,0.0035499366259060055,0.0036014154735968164,-0.12022408570682691,-0.11758095955900609,-0.11928615076239495,0.028232747694013908,0.027612078261005327,0.02801251515509811,1.2440601307376051e-16,2.5206362494758573e-18,6.054409310135198e-16
40.84,"[0.06062, 0.0456, 0.41014]",0.0456,0.41014,-0.047748397631938236,-0.046757989597812036,-0.04732893789645044,0.14340361222823614,0.14042912878757674,0.14214386911590984,0.0036250574020826334,0.0035499366259060055,0.0035932860762826506,-0.12007161284699822,-0.11758095955900609,-0.11901670355431278,0.028196946737351392,0.027612078261005327,0.027949241337237914,1.7697247120454775e-16,2.5206362494758573e-18,5.837656268987381e-16
40.86,"[0.06062, 0.0456, 0.41014]",0.0456,0.41014,-0.04767834351698428,-0.046757989597812036,-0.04722936966113439,0.14319322255987693,0.14042912878757674,0.141844835609555,0.0036197524921812814,0.0035499366259060055,0.0035857309798172795,-0.11989543033515268,-0.11758095955900609,-0.1187663161336145,0.028155577354939922,0.027612078261005327,0.027890443068183383,2.234162228268748e-16,2.5206362494758573e-18,5.587248834291326e-16
40.88,"[0.06062, 0.0456, 0.41014]",0.0456,0.41014,-0.04760199962555727,-0.046757989597812036,-0.04722936966113439,0.14296394205500648,0.14042912878757674,0.141844835609555,0.0036139683597338746,0.0035499366259060055,0.0035857309798172795,-0.11970343350976673,-0.11758095955900609,-0.1187663161336145,0.0281104936846737,0.027612078261005327,0.027890443068183383,2.632346318135774e-16,2.5206362494758573e-18,5.587248834291326e-16
40.9,"[0.06062, 0.0456, 0.41014]",0.0456,0.41014,-0.04749228913821805,-0.046757989597812036,-0.04714209199135477,0.1426344520546187,0.14042912878757674,0.14158271407140444,0.003605653689760574,0.0035499366259060055,0.003579107634311367,-0.1194275268329925,-0.11758095955900609,-0.11854683738311339,0.028045705939658352,0.027612078261005327,0.027838902788683038,3.2718087594677243e-16,2.5206362494758573e-18,5.278015436671519e-16
40.92,"[0.06062, 0.0456, 0.41014]",0.0456,0.41014,-0.04745726942352384,-0.046757989597812036,-0.04706265205028759,0.1425292782563367,0.14042912878757674,0.14134413145263733,0.00360299908215732,0.0035499366259060055,0.003573078607463159,-0.11933945789067704,-0.11758095955900609,-0.1183470689832138,0.028025025624562074,0.027612078261005327,0.027791990947790945,3.5720503618811e-16,2.5206362494758573e-18,4.954546118933725e-16
40.941,"[0.06062, 0.0456, 0.41014]",0.0456,0.41014,-0.04734318989799312,-0.046757989597812036,-0.04699126987637679,0.14218666519143783,0.14042912878757674,0.1411297486400979,0.0035943488388564524,0.0035499366259060055,0.003567660715114323,-0.11905257001580792,-0.11758095955900609,-0.11816756410170741,0.02795765788073905,0.027612078261005327,0.02774983748357373,3.568815102598404e-16,2.5206362494758573e-18,4.621703728673579e-16
40.96,"[0.06062, 0.0456, 0.41014]",0.0456,0.41014,-0.04730799789582353,-0.046757989597812036,-0.04693176745466975,0.14208097353634105,0.14042912878757674,0.1409510442234806,0.003591680024417931,0.0035499366259060055,0.003563143999675426,-0.11896406942707236,-0.11758095955900609,-0.11801793395586847,0.027936875841023768,0.027612078261005327,0.02771469940151207,3.774288761519167e-16,2.5206362494758573e-18,4.269642585149068e-16
40.98,"[0.06062, 0.0456, 0.41014]",0.0456,0.41014,-0.047241869329957116,-0.046757989597812036,-0.04687941913723267,0.1418823703644891,0.14042912878757674,0.14079382571275423,0.003586664680261097,0.0035499366259060055,0.0035591700431821995,-0.11879777040573154,-0.11758095955900609,-0.11788629458425705,0.0278978247449046,0.027612078261005327,0.027683786051064384,3.7859027351908316e-16,2.5206362494758573e-18,3.921379353730518e-16
41.0,"[0.06062, 0.0456, 0.41014]",0.0456,0.41014,-0.04717771514190687,-0.046757989597812036,-0.046834011323869225,0.14168969654671681,0.14042912878757674,0.14065745162561266,0.003581798351443782,0.0035499366259060055,0.003555722700977921,-0.11863643754816217,-0.11758095955900609,-0.1177721087501325,0.027859939594617765,0.027612078261005327,0.02765697129346472,3.7543264311193635e-16,2.5206362494758573e-18,3.5803709276254166e-16
41.02,"[0.06062, 0.0456, 0.41014]",0.0456,0.41014,-0.04711649811967954,-0.046757989597812036,-0.046795226256000924,0.14150584367963825,0.14042912878757674,0.14054096765557966,0.00357715423478709,0.0035499366259060055,0.003552777911515148,-0.11848249180667639,-0.11758095955900609,-0.11767457730551806,0.02782378894558514,0.027612078261005327,0.027634067481246694,3.6829599073176776e-16,2.5206362494758573e-18,3.249721477629953e-16
41.04,"[0.06062, 0.0456, 0.41014]",0.0456,0.41014,-0.04705894712168515,-0.046757989597812036,-0.04676266732420101,0.14133300079245564,0.14042912878757674,0.14044318267884637,0.0035727877605421787,0.0035499366259060055,0.003550305618424269,-0.11833776588654277,-0.11758095955900609,-0.11759270283035242,0.027789803210462937,0.027612078261005327,0.02761484040313617,3.5763438024841433e-16,2.5206362494758573e-18,2.9321042622860097e-16
41.06,"[0.06062, 0.0456, 0.41014]",0.0456,0.41014,-0.04700558426402102,-0.046757989597812036,-0.04673588143448407,0.14117273599885893,0.14042912878757674,0.14036273592762294,0.0035687386560361535,0.0035499366259060055,0.003548271469297691,-0.1182035726137048,-0.11758095955900609,-0.11752534587535222,0.02775829071410324,0.027612078261005327,0.027599022492045447,3.439174880429967e-16,2.5206362494758573e-18,2.6297635166909823e-16
41.08,"[0.06062, 0.0456, 0.41014]",0.0456,0.41014,-0.04695675145647906,-0.046757989597812036,-0.04671437850381017,0.14102607619301527,0.14042912878757674,0.14029815554160813,0.0035650329600898307,0.0035499366259060055,0.003546638296521304,-0.11808077166444289,-0.11758095955900609,-0.11747127398579134,0.02772945336391288,0.027612078261005327,0.027586324337777413,3.275972095810069e-16,2.5206362494758573e-18,2.3445422567896447e-16
41.1,"[0.06062, 0.0456, 0.41014]",0.0456,0.41014,-0.04691263585922802,-0.046757989597812036,-0.04671437850381017,0.14089358350406866,0.14042912878757674,0.14029815554160813,0.0035616849556698578,0.0035499366259060055,0.003546638296521304,-0.11796983358063608,-0.11758095955900609,-0.11747127398579134,0.027703401682833705,0.027612078261005327,0.027586324337777413,3.0918572196872706e-16,2.5206362494758573e-18,2.3445422567896447e-16
41.12,"[0.06062, 0.0456, 0.41014]",0.0456,0.41014,-0.04687496696169047,-0.046757989597812036,-0.04669979304071168,0.140780452191273,0.14042912878757674,0.140254350471475,0.0035588260865173004,0.0035499366259060055,0.0035455301975792254,-0.11787510726269806,-0.11758095955900609,-0.11743459740837404,0.027681156987275413,0.027612078261005327,0.027577711169499305,2.98943047204822e-16,2.5206362494758573e-18,2.0833500301070886e-16
41.14,"[0.06062, 0.0456, 0.41014]",0.0456,0.41014,-0.04684168391670031,-0.046757989597812036,-0.04669073864476753,0.14068049286458947,0.14042912878757674,0.14022715693384658,0.0035562998637241393,0.0035499366259060055,0.003544841964093651,-0.11779141039545432,-0.11758095955900609,-0.11741182973229146,0.02766150228190042,0.027612078261005327,0.027572364272993595,2.7746109904006324e-16,2.5206362494758573e-18,1.848201469305972e-16
41.16,"[0.06062, 0.0456, 0.41014]",0.0456,0.41014,-0.0468138192106641,-0.046757989597812036,-0.04669073864476753,0.1405968064562126,0.14042912878757674,0.14022715693384658,0.003554184799912187,0.0035499366259060055,0.003544841964093651,-0.11772133916537907,-0.11758095955900609,-0.11741182973229146,0.027645047280896062,0.027612078261005327,0.027572364272993595,2.572385601188638e-16,2.5206362494758573e-18,1.848201469305972e-16
41.18,"[0.06062, 0.0456, 0.41014]",0.0456,0.41014,-0.046790433903138674,-0.046757989597812036,-0.046686030321225876,0.140526573047038,0.14042912878757674,0.14021301602592076,0.003552409657202836,0.0035499366259060055,0.003544483665993583,-0.11766253237817287,-0.11758095955900609,-0.11739999103378237,0.027631237509397024,0.027612078261005327,0.027569583870676144,2.410015483837209e-16,2.5206362494758573e-18,1.6396599096522078e-16
41.201,"[0.06062, 0.0456, 0.41014]",0.0456,0.41014,-0.04677059722257193,-0.046757989597812036,-0.046683649870115064,0.1404669972131033,0.14042912878757674,0.14020586645953548,0.0035509037149773436,0.0035499366259060055,0.0035443021021703486,-0.11761264952781719,-0.11758095955900609,-0.11739400617034708,0.02761952331804249,0.027612078261005327,0.027568178151000423,2.2027810805883293e-16,2.5206362494758573e-18,1.4492009769258703e-16
41.22,"[0.06062, 0.0456, 0.41014]",0.0456,0.41014,-0.04675407722560206,-0.046757989597812036,-0.04668407316285809,0.14041738237000292,0.14042912878757674,0.14020713743659077,0.0035496494046482812,0.0035499366259060055,0.0035443334241904534,-0.11757110729497655,-0.11758095955900609,-0.11739507176981116,0.02760976773630696,0.027612078261005327,0.027568428130824805,1.9938683323764428e-16,2.5206362494758573e-18,1.2854278664979168e-16
41.24,"[0.06062, 0.0456, 0.41014]",0.0456,0.41014,-0.04674073835733087,-0.046757989597812036,-0.04668593951383875,0.14037732144479692,0.14042912878757674,0.14021274238511644,0.0035486365454832284,0.0035499366259060055,0.003544474327109392,-0.11753756464632226,-0.11758095955900609,-0.11739976615505067,0.027601890713083617,0.027612078261005327,0.027569530282061275,1.8057896131110374e-16,2.5206362494758573e-18,1.138289273770159e-16
41.26,"[0.06062, 0.0456, 0.41014]",0.0456,0.41014,-0.04673015860547643,-0.046757989597812036,-0.04668895042899297,0.14034554697816773,0.14042912878757674,0.1402217848355737,0.00354783303883386,0.0035499366259060055,0.0035447021572471704,-0.11751096044338787,-0.11758095955900609,-0.11740733869972302,0.027595643037580532,0.027612078261005327,0.027571308334358034,1.6184871826011313e-16,2.5206362494758573e-18,1.0075216654100812e-16
41.28,"[0.06062, 0.0456, 0.41014]",0.0456,0.41014,-0.04672205806957829,-0.046757989597812036,-0.046692837695248464,0.1403212183506116,0.14042912878757674,0.14023345926106312,0.0035472176627252086,0.0035499366259060055,0.0035449965577183076,-0.11749059078814968,-0.11758095955900609,-0.11741711492731828,0.027590859419264008,0.027612078261005327,0.027573603899283084,1.4350401750165844e-16,2.5206362494758573e-18,8.92625085458959e-17
41.3,"[0.06062, 0.0456, 0.41014]",0.0456,0.41014,-0.04671615634449048,-0.046757989597812036,-0.046692837695248464,0.1403034934253814,0.14042912878757674,0.14023345926106312,0.0035467691528377424,0.0035499366259060055,0.0035449965577183076,-0.11747575051918664,-0.11758095955900609,-0.11741711492731828,0.027587374269626836,0.027612078261005327,0.027573603899283084,1.2573047444766902e-16,2.5206362494758573e-18,8.92625085458959e-17
41.32,"[0.06062, 0.0456, 0.41014]",0.0456,0.41014,-0.04671172580113352,-0.046757989597812036,-0.04669761570595882,0.14029018693424108,0.14042912878757674,0.14024780889862495,0.003546432355877627,0.0035499366259060055,0.0035453586458505846,-0.11746460976180853,-0.11758095955900609,-0.11742913099749998,0.027584757899263998,0.027612078261005327,0.027576425476207003,1.078107809408286e-16,2.5206362494758573e-18,8.00952059632455e-17
41.34,"[0.06062, 0.0456, 0.41014]",0.0456,0.41014,-0.046709044883048736,-0.046757989597812036,-0.04670277340891657,0.14028213510755286,0.14042912878757674,0.1402632988877805,0.0035462283470814398,0.0035499366259060055,0.0035457496004792748,-0.11745786880166767,-0.11758095955900609,-0.11744210181238567,0.02758317473888563,0.027612078261005327,0.027579471272880178,9.27989176605943e-17,2.5206362494758573e-18,7.222084538100397e-17
41.36,"[0.06062, 0.0456, 0.41014]",0.0456,0.41014,-0.046707853302962274,-0.046757989597812036,-0.04670819740423701,0.1402785562258753,0.14042912878757674,0.14027958866087095,0.003546137381337199,0.0035499366259060055,0.0035461608342272784,-0.11745487307878162,-0.11758095955900609,-0.1174557421771716,0.027582471080347067,0.027612078261005327,0.02758267432274233,7.866699286354924e-17,2.5206362494758573e-18,6.62366404286413e-17
41.38,"[0.06062, 0.0456, 0.41014]",0.0456,0.41014,-0.0467074305226243,-0.046757989597812036,-0.04670819740423701,0.1402772863090256,0.14042912878757674,0.14027958866087095,0.003546104822459062,0.0035499366259060055,0.0035461608342272784,-0.11745381057972254,-0.11758095955900609,-0.1174557421771716,0.027582221421917047,0.027612078261005327,0.02758267432274233,6.662107304636629e-17,2.5206362494758573e-18,6.62366404286413e-17
41.4,"[0.06062, 0.0456, 0.41014]",0.0456,0.41014,-0.04670757623013074,-0.046757989597812036,-0.046713651371412424,0.14027772375595796,0.14042912878757674,0.14029596847672063,0.003546115460812653,0.0035499366259060055,0.0035465744173999374,-0.1174541775883135,-0.11758095955900609,-0.11746945780633244,0.027582307473076335,0.027612078261005327,0.027585895070847688,5.3532150739252283e-17,2.5206362494758573e-18,6.234900152723217e-17
41.42,"[0.06062, 0.0456, 0.41014]",0.0456,0.41014,-0.04670823964992742,-0.046757989597812036,-0.046713651371412424,0.14027971606955617,0.14042912878757674,0.14029596847672063,0.00354616543619006,0.0035499366259060055,0.0035465744173999374,-0.11745584642818982,-0.11758095955900609,-0.11746945780633244,0.02758269924932589,0.027612078261005327,0.027585895070847688,4.486113544458222e-17,2.5206362494758573e-18,6.234900152723217e-17
41.44,"[0.06062, 0.0456, 0.41014]",0.0456,0.41014,-0.04670926787700975,-0.046757989597812036,-0.04671897501834948,0.14028280402699966,0.14042912878757674,0.1403119569173275,0.0035462431387387238,0.0035499366259060055,0.0035469781542270817,-0.1174584325951122,-0.11758095955900609,-0.1174828456551382,0.02758330645541751,0.027612078261005327,0.027589038860008366,3.4758105920493286e-17,2.5206362494758573e-18,5.961957154913743e-17
41.46,"[0.06062, 0.0456, 0.41014]",0.0456,0.41014,-0.04671111223386362,-0.046757989597812036,-0.04672404644072955,0.14028834307624247,0.14042912878757674,0.14032718786385526,0.0035463827877952854,0.0035499366259060055,0.003547362785932821,-0.11746307108159376,-0.11758095955900609,-0.11749559917947391,0.02758439561229223,0.027612078261005327,0.027592033701904835,2.7952352043367284e-17,2.5206362494758573e-18,5.783809844818858e-17
41.48,"[0.06062, 0.0456, 0.41014]",0.0456,0.41014,-0.04671311330515326,-0.046757989597812036,-0.04672404644072955,0.14029435280078195,0.14042912878757674,0.14032718786385526,0.003546534366701671,0.0035499366259060055,0.003547362785932821,-0.11746810360807737,-0.11758095955900609,-0.11749559917947391,0.027585577313550422,0.027612078261005327,0.027592033701904835,2.2314500746442667e-17,2.5206362494758573e-18,5.783809844818858e-17
41.5,"[0.06062, 0.0456, 0.41014]",0.0456,0.41014,-0.04671519060091317,-0.046757989597812036,-0.04672878309682629,0.14030059146284868,0.14042912878757674,0.14034141341586334,0.0035466917624760387,0.0035499366259060055,0.0035477220422069525,-0.11747332777171755,-0.11758095955900609,-0.1175075108191951,0.027586804027340244,0.027612078261005327,0.02759483085307881,1.5164837940204258e-17,2.5206362494758573e-18,5.68203349439314e-17
41.52,"[0.06062, 0.0456, 0.41014]",0.0456,0.41014,-0.04671777317513625,-0.046757989597812036,-0.04673326625043463,0.14030834763400257,0.14042912878757674,0.14035487762859652,0.003546887511740711,0.0035499366259060055,0.0035480620772542605,-0.11747982255581435,-0.11758095955900609,-0.1175187849479716,0.027588329124233042,0.027612078261005327,0.027597478302610678,1.0979817554410212e-17,2.5206362494758573e-18,5.615355393237904e-17
41.54,"[0.06062, 0.0456, 0.41014]",0.0456,0.41014,-0.04672071685944263,-0.046757989597812036,-0.04673729859657642,0.14031718833305695,0.14042912878757674,0.14036698793689145,0.0035471106753050133,0.0035499366259060055,0.0035483679233800085,-0.11748722541540005,-0.11758095955900609,-0.11752892539166505,0.02759006746812725,0.027612078261005327,0.027599859535466065,7.190747802007873e-18,2.5206362494758573e-18,5.603299548739754e-17
41.56,"[0.06062, 0.0456, 0.41014]",0.0456,0.41014,-0.04672350447834494,-0.046757989597812036,-0.04673729859657642,0.1403255603301206,0.14042912878757674,0.14036698793689145,0.0035473220224047173,0.0035499366259060055,0.0035483679233800085,-0.11749423577603373,-0.11758095955900609,-0.11752892539166505,0.02759171364996712,0.027612078261005327,0.027599859535466065,4.147175463406566e-18,2.5206362494758573e-18,5.603299548739754e-17
41.58,"[0.06062, 0.0456, 0.41014]",0.0456,0.41014,-0.04672612536080951,-0.046757989597812036,-0.04674088013305954,0.14033343157549028,0.14042912878757674,0.14037774433270728,0.0035475207397119087,0.0035499366259060055,0.0035486395765345242,-0.11750082680807816,-0.11758095955900609,-0.11753793215027811,0.027593261368214404,0.027612078261005327,0.02760197455040767,-1.5407139527792726e-19,2.5206362494758573e-18,5.632761559720479e-17
41.6,"[0.06062, 0.0456, 0.41014]",0.0456,0.41014,-0.046728928767536856,-0.046757989597812036,-0.046744024075136836,0.14034185099944352,0.14042912878757674,0.14038718650433343,0.003547733314826405,0.0035499366259060055,0.003548878036516366,-0.11750787682817151,-0.11758095955900609,-0.11754583846082742,0.027594916872833594,0.027612078261005327,0.02760383115151403,-2.119079412690656e-18,2.5206362494758573e-18,5.692369445957058e-17
41.62,"[0.06062, 0.0456, 0.41014]",0.0456,0.41014,-0.04673151392119377,-0.046757989597812036,-0.04674688834282362,0.14034961495000825,0.14042912878757674,0.1403957887314748,0.0035479293466673806,0.0035499366259060055,0.003549095281184335,-0.11751437797550203,-0.11758095955900609,-0.11755304145676036,0.027596443491685795,0.027612078261005327,0.027605522595742945,-3.624385708969532e-18,2.5206362494758573e-18,5.762658483488896e-17
41.64,"[0.06062, 0.0456, 0.41014]",0.0456,0.41014,-0.0467341772772116,-0.046757989597812036,-0.046749464475845784,0.14035761376812658,0.14042912878757674,0.14040352560513428,0.003548131318324376,0.0035499366259060055,0.003549290667953974,-0.11752107577238227,-0.11758095955900609,-0.11755951986365147,0.027598016291478525,0.027612078261005327,0.027607043887037736,-4.8599425047340135e-18,2.5206362494758573e-18,5.84132440195481e-17
41.66,"[0.06062, 0.0456, 0.41014]",0.0456,0.41014,-0.046736849992980056,-0.046757989597812036,-0.04675190309445241,0.14036564069861107,0.14042912878757674,0.14041084948234187,0.0035483340060641954,0.0035499366259060055,0.003549475622731885,-0.1175277970981783,-0.11758095955900609,-0.11756565245523204,0.027599594618420722,0.027612078261005327,0.027608483971579105,-5.8574085034206756e-18,2.5206362494758573e-18,5.928879061991093e-17
41.68,"[0.06062, 0.0456, 0.41014]",0.0456,0.41014,-0.04673971008225993,-0.046757989597812036,-0.0467540272285808,0.14037423036760285,0.14042912878757674,0.14041722886944605,0.0035485509093514233,0.0035499366259060055,0.003549636719781346,-0.11753498962109321,-0.11758095955900609,-0.11757099419568327,0.02760128359552331,0.027612078261005327,0.027609738342774155,-6.69701466579345e-18,2.5206362494758573e-18,6.011758365240174e-17
41.7,"[0.06062, 0.0456, 0.41014]",0.0456,0.41014,-0.04674243034006103,-0.046757989597812036,-0.04675584990645695,0.14038240008303587,0.14042912878757674,0.1404227028939992,0.0035487572094538714,0.0035499366259060055,0.003549774947270196,-0.11754183049533995,-0.11758095955900609,-0.11757557784806258,0.02760288999750343,0.027612078261005327,0.02761081469421832,-7.315877265848179e-18,2.5206362494758573e-18,6.099214222491767e-17
41.72,"[0.06062, 0.0456, 0.41014]",0.0456,0.41014,-0.04674498005767643,-0.046757989597812036,-0.04675725734288536,0.14039005761720208,0.14042912878757674,0.14042692982528568,0.0035489505757600698,0.0035499366259060055,0.003549881672989831,-0.11754824249743177,-0.11758095955900609,-0.1175791172707611,0.027604395689881746,0.027612078261005327,0.027611645832042585,-7.693179621873138e-18,2.5206362494758573e-18,6.193705113982853e-17
41.74,"[0.06062, 0.0456, 0.41014]",0.0456,0.41014,-0.046747186072587765,-0.046757989597812036,-0.04675854718407977,0.14039668291300522,0.14042912878757674,0.14043080358319615,0.003549117875040116,0.0035499366259060055,0.003549979477498685,-0.11755379016139597,-0.11758095955900609,-0.11758236097048597,0.027605698414490596,0.027612078261005327,0.02761240752604522,-7.868820373815786e-18,2.5206362494758573e-18,6.291424186486874e-17
41.76,"[0.06062, 0.0456, 0.41014]",0.0456,0.41014,-0.04674934468377144,-0.046757989597812036,-0.04675948243431636,0.1404031658404249,0.14042912878757674,0.14043361239944882,0.0035492815756288125,0.0035499366259060055,0.0035500503819263993,-0.11755921862019747,-0.11758095955900609,-0.11758471296080077,0.027606973145688454,0.027612078261005327,0.027612959822513022,-7.823283882571396e-18,2.5206362494758573e-18,6.383853785761146e-17
41.78,"[0.06062, 0.0456, 0.41014]",0.0456,0.41014,-0.046751186683853835,-0.046757989597812036,-0.04676021840813321,0.14040869789326,0.14042912878757674,0.14043582272968752,0.0035494212635484848,0.0035499366259060055,0.0035501061690286525,-0.11756385087085808,-0.11758095955900609,-0.11758656381938781,0.027608060907605522,0.027612078261005327,0.027613394439746832,-7.651979939318691e-18,2.5206362494758573e-18,6.473528361007266e-17
41.801,"[0.06062, 0.0456, 0.41014]",0.0456,0.41014,-0.04675357466725468,-0.046757989597812036,-0.04676077589972845,0.1404158696873013,0.14042912878757674,0.14043749702517433,0.0035496023486471817,0.0035499366259060055,0.0035501484166390743,-0.1175698561676016,-0.11758095955900609,-0.11758796583808206,0.027609471090823404,0.027612078261005327,0.027613723657394406,-7.330622415393986e-18,2.5206362494758573e-18,6.55953837151049e-17
41.82,"[0.06062, 0.0456, 0.41014]",0.0456,0.41014,-0.046754294790502075,-0.046757989597812036,-0.04676125353000045,0.1404180324211323,0.14042912878757674,0.1404389314735884,0.0035496569534049236,0.0035499366259060055,0.003550184606137947,-0.11757166713732045,-0.11758095955900609,-0.11758916702460988,0.027609896347481802,0.027612078261005327,0.02761400571431867,-6.942478037644176e-18,2.5206362494758573e-18,6.644813996633894e-17
41.84,"[0.06062, 0.0456, 0.41014]",0.0456,0.41014,-0.04675561695100696,-0.046757989597812036,-0.04676157797084209,0.14042200324118237,0.14042912878757674,0.14043990584928426,0.0035497572035461783,0.0035499366259060055,0.003550209175690168,-0.11757499212097969,-0.11758095955900609,-0.11758998297531771,0.02761067712718329,0.027612078261005327,0.027614197307864057,-6.3678508862268586e-18,2.5206362494758573e-18,6.722459121327792e-17
41.86,"[0.06062, 0.0456, 0.41014]",0.0456,0.41014,-0.04675674954477584,-0.046757989597812036,-0.046761968813590384,0.14042540473680512,0.14042912878757674,0.14044107963452446,0.003549843074375554,0.0035499366259060055,0.003550238742537588,-0.11757784038837815,-0.11758095955900609,-0.11759096596751493,0.02761134596151513,0.027612078261005327,0.027614428114494324,-5.734676817495324e-18,2.5206362494758573e-18,6.867927822775957e-17
41.881,"[0.06062, 0.0456, 0.41014]",0.0456,0.41014,-0.04675815309993838,-0.046757989597812036,-0.0467619969936936,0.1404296199995688,0.14042912878757674,0.14044116425327374,0.003549949473850065,0.0035499366259060055,0.003550240841838624,-0.11758137009581222,-0.11758095955900609,-0.11759103688825898,0.027612174807794276,0.027612078261005327,0.027614444756333078,-4.5828204294467235e-18,2.5206362494758573e-18,6.929981806295795e-17
41.9,"[0.06062, 0.0456, 0.41014]",0.0456,0.41014,-0.046758537489313995,-0.046757989597812036,-0.04676192003483416,0.1404307744249831,0.14042912878757674,0.1404409330954824,0.0035499786086078903,0.0035499366259060055,0.003550234930142086,-0.11758233677772746,-0.11758095955900609,-0.11759084345985032,0.02761240180264948,0.027612078261005327,0.02761439931069754,-4.187303476924012e-18,2.5206362494758573e-18,7.044564180258882e-17
41.92,"[0.06062, 0.0456, 0.41014]",0.0456,0.41014,-0.04675918550744317,-0.046757989597812036,-0.04676182352753428,0.14043272059470238,0.14042912878757674,0.14044064324252536,0.0035500277137513986,0.0035499366259060055,0.003550227574346185,-0.11758396646270877,-0.11758095955900609,-0.11759060081667004,0.027612784479317892,0.027612078261005327,0.0276143423204962,-3.369381358000947e-18,2.5206362494758573e-18,7.096477865292078e-17
41.94,"[0.06062, 0.0456, 0.41014]",0.0456,0.41014,-0.04675968673126062,-0.046757989597812036,-0.04676166561024116,0.140434225897872,0.14042912878757674,0.1404401689584821,0.003550065683386385,0.0035499366259060055,0.0035502155633394266,-0.11758522699503558,-0.11758095955900609,-0.11759020373743875,0.027613080469144256,0.027612078261005327,0.027614249065637853,-2.514596365213376e-18,2.5206362494758573e-18,7.140953216847118e-17
41.96,"[0.06062, 0.0456, 0.41014]",0.0456,0.41014,-0.04676007693082348,-0.046757989597812036,-0.04676145889049778,0.14043539776503525,0.14042912878757674,0.14043954810739323,0.003550095237690036,0.0035499366259060055,0.0035501998531731285,-0.11758620831829722,-0.11758095955900609,-0.11758968392758702,0.027613310895417773,0.027612078261005327,0.02761412699129385,-1.7487159505696152e-18,2.5206362494758573e-18,7.178117589224786e-17
41.98,"[0.06062, 0.0456, 0.41014]",0.0456,0.41014,-0.046760358107938646,-0.046757989597812036,-0.046760959650948876,0.14043624220676448,0.14042912878757674,0.1404380487251195,0.00355011652466871,0.0035499366259060055,0.003550161931582014,-0.11758691547202318,-0.11758095955900609,-0.11758842853076315,0.027613476940327678,0.027612078261005327,0.027613832174754507,-1.0127595158864546e-18,2.5206362494758573e-18,7.236377901715741e-17
42.0,"[0.06062, 0.0456, 0.41014]",0.0456,0.41014,-0.04676049546233317,-0.046757989597812036,-0.046760688555339686,0.14043665470580163,0.14042912878757674,0.14043723453728493,0.0035501268996761853,0.0035499366259060055,0.003550141345829375,-0.11758726094860907,-0.11758095955900609,-0.11758774681985255,0.027613558053244964,0.027612078261005327,0.027613672084240756,-3.552993184912445e-19,2.5206362494758573e-18,7.258538131785803e-17
42.02,"[0.06062, 0.0456, 0.41014]",0.0456,0.41014,-0.04676055654860935,-0.046757989597812036,-0.0467604124378477,0.14043683815077182,0.14042912878757674,0.14043640526784604,0.0035501314932847882,0.0035499366259060055,0.00355012038069635,-0.11758741462320146,-0.11758095955900609,-0.117587052477877,0.027613594127282887,0.027612078261005327,0.02761350902811782,3.6200883882516515e-19,2.5206362494758573e-18,7.277137635727717e-17
42.04,"[0.06062, 0.0456, 0.41014]",0.0456,0.41014,-0.04676055401813899,-0.046757989597812036,-0.046760133305318675,0.1404368305373487,0.14042912878757674,0.14043556694453807,0.0035501312648766473,0.0035499366259060055,0.0035500991899811334,-0.11758740831144192,-0.11758095955900609,-0.11758635054935464,0.027613592633495086,0.027612078261005327,0.027613344191470705,9.708967788930246e-19,2.5206362494758573e-18,7.290126182646906e-17
42.06,"[0.06062, 0.0456, 0.41014]",0.0456,0.41014,-0.04676041271703299,-0.046757989597812036,-0.04675959164294741,0.14043640614962696,0.14042912878757674,0.14043394016359406,0.003550120495728498,0.0035499366259060055,0.0035500580757629034,-0.11758705304438559,-0.11758095955900609,-0.11758498843307302,0.027613509191313206,0.027612078261005327,0.027613024322491454,1.768435896973362e-18,2.5206362494758573e-18,7.305292339023585e-17
42.08,"[0.06062, 0.0456, 0.41014]",0.0456,0.41014,-0.04676033060962445,-0.046757989597812036,-0.04675932949866604,0.14043615955106742,0.14042912878757674,0.14043315286327576,0.0035501142516907716,0.0035499366259060055,0.0035500381798147414,-0.11758684658592493,-0.11758095955900609,-0.11758432921731178,0.02761346070443234,0.027612078261005327,0.0276128695178706,1.978337437566556e-18,2.5206362494758573e-18,7.309814395216265e-17
42.1,"[0.06062, 0.0456, 0.41014]",0.0456,0.41014,-0.04676016399152772,-0.046757989597812036,-0.046759084231538066,0.14043565913749884,0.14042912878757674,0.14043241625107494,0.0035501015847911126,0.0035499366259060055,0.00355001956694542,-0.11758642762038125,-0.11758095955900609,-0.11758371243956715,0.027613362311403964,0.027612078261005327,0.027612724679719303,2.450615903901242e-18,2.5206362494758573e-18,7.310104840201228e-17
42.12,"[0.06062, 0.0456, 0.41014]",0.0456,0.41014,-0.04675995883712968,-0.046757989597812036,-0.046758860676711735,0.1404350429891614,0.14042912878757674,0.14043174484831225,0.0035500859975217715,0.0035499366259060055,0.00355000260379642,-0.11758591174110097,-0.11758095955900609,-0.11758315025928555,0.027613241161386377,0.027612078261005327,0.027612592663352854,2.8873325389784035e-18,2.5206362494758573e-18,7.307767976892766e-17
42.14,"[0.06062, 0.0456, 0.41014]",0.0456,0.41014,-0.046759750186650226,-0.046757989597812036,-0.04675845716613334,0.14043441634248324,0.14042912878757674,0.14043053298537317,0.003550070148835252,0.0035499366259060055,0.0035499719894340693,-0.1175853870646305,-0.11758095955900609,-0.11758213553345218,0.02761311794676249,0.027612078261005327,0.027612354377231373,3.239047723732701e-18,2.5206362494758573e-18,7.296037407026041e-17
42.16,"[0.06062, 0.0456, 0.41014]",0.0456,0.41014,-0.04675952165495566,-0.046757989597812036,-0.046758291420779856,0.14043372998784684,0.14042912878757674,0.14043003520350905,0.0035500527951628654,0.0035499366259060055,0.0035499594169922126,-0.11758481238715969,-0.11758095955900609,-0.11758171872252401,0.027612982991584174,0.027612078261005327,0.027612256499169666,3.4272652208761847e-18,2.5206362494758573e-18,7.287378042409071e-17
42.18,"[0.06062, 0.0456, 0.41014]",0.0456,0.41014,-0.0467593028275441,-0.046757989597812036,-0.046758291420779856,0.1404330727792737,0.14042912878757674,0.14043003520350905,0.003550036180951412,0.0035499366259060055,0.0035499594169922126,-0.11758426210893687,-0.11758095955900609,-0.11758171872252401,0.027612853767053445,0.027612078261005327,0.027612256499169666,3.6527792727531706e-18,2.5206362494758573e-18,7.287378042409071e-17
42.2,"[0.06062, 0.0456, 0.41014]",0.0456,0.41014,-0.04675911066025887,-0.046757989597812036,-0.04675803900891494,0.14043249563996146,0.14042912878757674,0.1404292771389087,0.0035500215919201765,0.0035499366259060055,0.003549940276397837,-0.11758377887059288,-0.11758095955900609,-0.11758108395721963,0.027612740286158035,0.027612078261005327,0.027612107441607185,3.908650985459749e-18,2.5206362494758573e-18,7.263578536312938e-17
42.22,"[0.06062, 0.0456, 0.41014]",0.0456,0.41014,-0.04675891796189238,-0.046757989597812036,-0.04675793857380661,0.1404319169068451,0.14042912878757674,0.14042897550453537,0.003550006965773017,0.0035499366259060055,0.003549932662493515,-0.11758329429220335,-0.11758095955900609,-0.11758083137994783,0.027612626491594957,0.027612078261005327,0.02761204813131874,3.987580903616693e-18,2.5206362494758573e-18,7.250684938416992e-17
42.24,"[0.06062, 0.0456, 0.41014]",0.0456,0.41014,-0.0467587409173158,-0.046757989597812036,-0.04675785729219558,0.14043138518758286,0.14042912878757674,0.14042873139409348,0.00354999352952243,0.0035499366259060055,0.0035499265024351275,-0.1175828490759037,-0.11758095955900609,-0.11758062696786906,0.027612521941070917,0.027612078261005327,0.027612000131783575,4.050464629620853e-18,2.5206362494758573e-18,7.237394900781602e-17
42.26,"[0.06062, 0.0456, 0.41014]",0.0456,0.41014,-0.04675858034388796,-0.046757989597812036,-0.04675778469070737,0.1404309029368429,0.14042912878757674,0.14042851335275777,0.0035499813449022108,0.0035499366259060055,0.0035499210012085495,-0.11758244527753871,-0.11758095955900609,-0.11758044438369339,0.02761242711726697,0.027612078261005327,0.02761195725813928,4.0825570139264244e-18,2.5206362494758573e-18,7.223851881323398e-17
42.28,"[0.06062, 0.0456, 0.41014]",0.0456,0.41014,-0.0467584291697836,-0.046757989597812036,-0.04675768183311478,0.14043044891594977,0.14042912878757674,0.14042820444624016,0.0035499698757215097,0.0035499366259060055,0.0035499132123075305,-0.11758206511278241,-0.11758095955900609,-0.1175801857019997,0.02761233784403521,0.027612078261005327,0.027611896517165318,4.086893822616367e-18,2.5206362494758573e-18,7.197188873740264e-17
42.3,"[0.06062, 0.0456, 0.41014]",0.0456,0.41014,-0.04675829145579429,-0.046757989597812036,-0.04675760186362761,0.14043003532058765,0.14042912878757674,0.14042796427964033,0.0035499594298396006,0.0035499366259060055,0.0035499071601743652,-0.11758171879381767,-0.11758095955900609,-0.11757998457768327,0.02761225651940849,0.027612078261005327,0.02761184929235844,4.026178500957177e-18,2.5206362494758573e-18,7.17109394697362e-17
42.32,"[0.06062, 0.0456, 0.41014]",0.0456,0.41014,-0.04675816403190951,-0.046757989597812036,-0.046757576234636104,0.1404296526303878,0.14042912878757674,0.14042788731093753,0.0035499497670703132,0.0035499366259060055,0.0035499052232270496,-0.1175813983484208,-0.11758095955900609,-0.11757992011664153,0.027612181271387794,0.027612078261005327,0.027611834157494325,3.919059326315608e-18,2.5206362494758573e-18,7.158796250484998e-17
42.34,"[0.06062, 0.0456, 0.41014]",0.0456,0.41014,-0.04675805235042758,-0.046757989597812036,-0.04675756372228666,0.14042931721977545,0.14042912878757674,0.14042784973533784,0.003549941299861152,0.0035499366259060055,0.0035499042811850223,-0.1175811174894571,-0.11758095955900609,-0.11757988864095953,0.027612115319750517,0.027612078261005327,0.02761182676843775,3.838394684682688e-18,2.5206362494758573e-18,7.147518345249794e-17
42.36,"[0.06062, 0.0456, 0.41014]",0.0456,0.41014,-0.0467579595110808,-0.046757989597812036,-0.0467575622193265,0.1404290383978152,0.14042912878757674,0.14042784522410787,0.0035499342624337477,0.0035499366259060055,0.0035499041741093003,-0.11758088401331704,-0.11758095955900609,-0.11757988485152335,0.027612060495003588,0.027612078261005327,0.027611825880788313,3.737347042207038e-18,2.5206362494758573e-18,7.1370076692825e-17
42.38,"[0.06062, 0.0456, 0.41014]",0.0456,0.41014,-0.04675788402564746,-0.046757989597812036,-0.046757569772064154,0.140428811694894,0.14042912878757674,0.14042786790970918,0.0035499285417731636,0.0035499366259060055,0.0035499047537233927,-0.11758069417765071,-0.11758095955900609,-0.11757990383536979,0.02761201591830518,0.027612078261005327,0.027611830340828397,3.640636208421332e-18,2.5206362494758573e-18,7.127305418129224e-17
42.4,"[0.06062, 0.0456, 0.41014]",0.0456,0.41014,-0.04675782363772022,-0.046757989597812036,-0.04675758772616129,0.14042863033408787,0.14042912878757674,0.1404279218334959,0.003549923965999502,0.0035499366259060055,0.0035499061219354164,-0.1175805423091456,-0.11758095955900609,-0.11757994897675948,0.027611980257183484,0.027612078261005327,0.027611840943217742,3.55259899201551e-18,2.5206362494758573e-18,7.118825324968612e-17
42.42,"[0.06062, 0.0456, 0.41014]",0.0456,0.41014,-0.04675777719865525,-0.046757989597812036,-0.046757610704274866,0.14042849086591774,0.14042912878757674,0.14042799084575477,0.0035499204486093053,0.0035499366259060055,0.003549907870915419,-0.11758042551834151,-0.11758095955900609,-0.11758000675283899,0.02761195283331746,0.027612078261005327,0.027611854512458178,3.4532860730158386e-18,2.5206362494758573e-18,7.111206307577562e-17
42.44,"[0.06062, 0.0456, 0.41014]",0.0456,0.41014,-0.04675774349669276,-0.046757989597812036,-0.04675763732844545,0.1404283896510665,0.14042912878757674,0.1404280708080529,0.0035499178975603347,0.0035499366259060055,0.003549909896094556,-0.11758034075812325,-0.11758095955900609,-0.11758007369842563,0.02761193293112503,0.027612078261005327,0.027611870234820174,3.3422637705533244e-18,2.5206362494758573e-18,7.104536764830181e-17
42.46,"[0.06062, 0.0456, 0.41014]",0.0456,0.41014,-0.0467577209285504,-0.046757989597812036,-0.04675766538923644,0.14042832187437002,0.14042912878757674,0.14042815508487425,0.0035499161911367915,0.0035499366259060055,0.0035499120300635976,-0.11758028399675238,-0.11758095955900609,-0.11758014425703825,0.027611919603816995,0.027612078261005327,0.027611886805556297,3.259430724575432e-18,2.5206362494758573e-18,7.09824903514069e-17
42.48,"[0.06062, 0.0456, 0.41014]",0.0456,0.41014,-0.04675770785060957,-0.046757989597812036,-0.046757725839961045,0.14042828259953496,0.14042912878757674,0.14042833663980378,0.003549915204596754,0.0035499366259060055,0.0035499166253259466,-0.11758025110100599,-0.11758095955900609,-0.11758029626255113,0.02761191188078367,0.027612078261005327,0.027611922503544724,3.1770313594665334e-18,2.5206362494758573e-18,7.087397385020123e-17
42.5,"[0.06062, 0.0456, 0.41014]",0.0456,0.41014,-0.0467577085253349,-0.046757989597812036,-0.04675775624756,0.14042828462831905,0.14042912878757674,0.14042842796433622,0.0035499152621375775,0.0035499366259060055,0.0035499189361344716,-0.11758025278874999,-0.11758095955900609,-0.11758037272450775,0.027611912279137278,0.027612078261005327,0.027611940460165175,3.0920299091436707e-18,2.5206362494758573e-18,7.082838329287906e-17
42.52,"[0.06062, 0.0456, 0.41014]",0.0456,0.41014,-0.046757714855873767,-0.046757989597812036,-0.04675778646785152,0.14042830364303746,0.14042912878757674,0.14042851872623616,0.003549915748345322,0.0035499366259060055,0.003549921232485985,-0.11758026870004229,-0.11758095955900609,-0.11758044871578348,0.027611916017439238,0.027612078261005327,0.027611958306178123,2.993150671012993e-18,2.5206362494758573e-18,7.078737004951206e-17
42.54,"[0.06062, 0.0456, 0.41014]",0.0456,0.41014,-0.04675773143442479,-0.046757989597812036,-0.046757816190604054,0.14042835343568272,0.14042912878757674,0.1404286079937806,0.0035499170122875665,0.0035499366259060055,0.0035499234908303308,-0.11758031038215354,-0.11758095955900609,-0.11758052345624363,0.027611925807522496,0.027612078261005327,0.027611975858381935,2.918991242414985e-18,2.5206362494758573e-18,7.074997381211504e-17
42.56,"[0.06062, 0.0456, 0.41014]",0.0456,0.41014,-0.04675774753809882,-0.046757989597812036,-0.04675786938998753,0.14042840180180438,0.14042912878757674,0.14042876776922197,0.0035499182393318477,0.0035499366259060055,0.003549927531822548,-0.11758035087130514,-0.11758095955900609,-0.11758065723232734,0.02761193531718826,0.027612078261005327,0.027612007274278188,2.8170762382013482e-18,2.5206362494758573e-18,7.070024401707365e-17
42.58,"[0.06062, 0.0456, 0.41014]",0.0456,0.41014,-0.04675776571441309,-0.046757989597812036,-0.04675789361068225,0.1404284563924869,0.14042912878757674,0.14042884051190016,0.003549919623101058,0.0035499366259060055,0.0035499293712829283,-0.1175803965733638,-0.11758095955900609,-0.11758071813856909,0.02761194605082328,0.027612078261005327,0.027612021577359175,2.7528914695902065e-18,2.5206362494758573e-18,7.068250287124434e-17
42.6,"[0.06062, 0.0456, 0.41014]",0.0456,0.41014,-0.046757787834841705,-0.046757989597812036,-0.0467579154383012,0.14042852282841728,0.14042912878757674,0.14042890606730088,0.0035499213058252837,0.0035499366259060055,0.003549931028766702,-0.11758045219426558,-0.11758095955900609,-0.11758077302742549,0.027611959113590295,0.027612078261005327,0.02761203446725718,2.6913087861930304e-18,2.5206362494758573e-18,7.06697342037273e-17
42.62,"[0.06062, 0.0456, 0.41014]",0.0456,0.41014,-0.0467578101150133,-0.046757989597812036,-0.0467579361215946,0.14042858974390235,0.14042912878757674,0.14042896818588002,0.0035499230001317553,0.0035499366259060055,0.0035499325992445247,-0.11758050821764332,-0.11758095955900609,-0.1175808250388601,0.027611972270698684,0.027612078261005327,0.02761204668139648,2.6227872088919476e-18,2.5206362494758573e-18,7.06599250742592e-17
42.64,"[0.06062, 0.0456, 0.41014]",0.0456,0.41014,-0.04675784606820359,-0.046757989597812036,-0.046757971002858,0.14042869772400635,0.14042912878757674,0.14042907294533968,0.0035499257330223843,0.0035499366259060055,0.003549935247271107,-0.11758059862344285,-0.11758095955900609,-0.1175809127540609,0.027611993502151495,0.027612078261005327,0.027612067279893734,2.5425562481280208e-18,2.5206362494758573e-18,7.06514757640382e-17
42.66,"[0.06062, 0.0456, 0.41014]",0.0456,0.41014,-0.046757858561669016,-0.046757989597812036,-0.046757986530551236,0.14042873524618338,0.14042912878757674,0.14042911957985432,0.003549926682405749,0.0035499366259060055,0.0035499364259127613,-0.11758063003917536,-0.11758095955900609,-0.11758095180144713,0.02761200087992704,0.027612078261005327,0.027612076449493466,2.527377417713224e-18,2.5206362494758573e-18,7.065068347698939e-17
42.68,"[0.06062, 0.0456, 0.41014]",0.0456,0.41014,-0.046757882875756634,-0.046757989597812036,-0.04675799932222594,0.14042880826966397,0.14042912878757674,0.14042915799717745,0.003549928529793239,0.0035499366259060055,0.0035499373966803535,-0.1175806911790814,-0.11758095955900609,-0.11758098396886203,0.027612015238147138,0.027612078261005327,0.027612084003389575,2.5026576081805544e-18,2.5206362494758573e-18,7.065216645644342e-17
42.7,"[0.06062, 0.0456, 0.41014]",0.0456,0.41014,-0.04675790500058576,-0.046757989597812036,-0.04675801876028724,0.14042887471797472,0.14042912878757674,0.14042921637545883,0.003549930210622953,0.0035499366259060055,0.0035499388713676073,-0.11758074681421414,-0.11758095955900609,-0.11758103285072377,0.027612028303545692,0.027612078261005327,0.02761209548219819,2.456687436067169e-18,2.5206362494758573e-18,7.066213176460176e-17
42.72,"[0.06062, 0.0456, 0.41014]",0.0456,0.41014,-0.04675793508814196,-0.046757989597812036,-0.046758025663198546,0.14042896508085995,0.14042912878757674,0.14042923710685942,0.0035499324959156874,0.0035499366259060055,0.0035499393948082293,-0.11758082247309787,-0.11758095955900609,-0.11758105021018164,0.02761204607118864,0.027612078261005327,0.027612099558596025,2.3998752422289293e-18,2.5206362494758573e-18,7.067081188163148e-17
42.741,"[0.06062, 0.0456, 0.41014]",0.0456,0.41014,-0.04675795229740271,-0.046757989597812036,-0.046758030580448785,0.1404290167658829,0.14042912878757674,0.14042925187466837,0.003549933802826436,0.0035499366259060055,0.003549939767442965,-0.11758086574821816,-0.11758095955900609,-0.11758106257642845,0.027612056233798525,0.027612078261005327,0.02761210246239868,2.3885995396350805e-18,2.5206362494758573e-18,7.068207022978143e-17
42.76,"[0.06062, 0.0456, 0.41014]",0.0456,0.41014,-0.046757960125707314,-0.046757989597812036,-0.04675803376890517,0.14042904027680528,0.14042912878757674,0.140429261450347,0.003549934397246595,0.0035499366259060055,0.003549940008793133,-0.11758088543370987,-0.11758095955900609,-0.1175810705953729,0.027612060856659855,0.027612078261005327,0.02761210434529412,2.39163530571804e-18,2.5206362494758573e-18,7.06930327142806e-17
42.78,"[0.06062, 0.0456, 0.41014]",0.0456,0.41014,-0.046757973830953835,-0.046757989597812036,-0.04675803376890517,0.14042908143805025,0.14042912878757674,0.140429261450347,0.003549935437840088,0.0035499366259060055,0.003549940008793133,-0.11758091989779534,-0.11758095955900609,-0.1175810705953729,0.027612068950042243,0.027612078261005327,0.02761210434529412,2.3833953692071507e-18,2.5206362494758573e-18,7.06930327142806e-17
42.8,"[0.06062, 0.0456, 0.41014]",0.0456,0.41014,-0.046757985219164556,-0.046757989597812036,-0.04675803482623085,0.14042911564046975,0.14042912878757674,0.14042926462555455,0.003549936302442334,0.0035499366259060055,0.0035499400883257336,-0.11758094853540943,-0.11758095955900609,-0.11758107325525169,0.02761207567514258,0.027612078261005327,0.02761210496968946,2.3885995396350805e-18,2.5206362494758573e-18,7.07047928755828e-17
42.82,"[0.06062, 0.0456, 0.41014]",0.0456,0.41014,-0.046757994644507146,-0.046757989597812036,-0.04675803476329254,0.1404291439477188,0.14042912878757674,0.1404292644362526,0.0035499370178813474,0.0035499366259060055,0.0035499400828059367,-0.1175809722372538,-0.11758095955900609,-0.11758107309803552,0.02761208124110895,0.027612078261005327,0.027612104932533323,2.3738543900892785e-18,2.5206362494758573e-18,7.071651455058115e-17
42.84,"[0.06062, 0.0456, 0.41014]",0.0456,0.41014,-0.046758005364107076,-0.046757989597812036,-0.04675803323738306,0.1404291761418956,0.14042912878757674,0.14042925985290966,0.0035499378312116732,0.0035499366259060055,0.0035499399654879775,-0.11758099919425585,-0.11758095955900609,-0.117581069262961,0.027612087571380846,0.027612078261005327,0.02761210403145697,2.386864816159105e-18,2.5206362494758573e-18,7.073982849719086e-17
42.86,"[0.06062, 0.0456, 0.41014]",0.0456,0.41014,-0.04675800815143467,-0.046757989597812036,-0.046758031531743724,0.14042918451304076,0.14042912878757674,0.1404292547300681,0.003549938042597811,0.0035499366259060055,0.003549939835290494,-0.11758100620379713,-0.11758095955900609,-0.11758106497483738,0.027612089217389765,0.027612078261005327,0.02761210302423313,2.3929363483250232e-18,2.5206362494758573e-18,7.075086250214587e-17
42.88,"[0.06062, 0.0456, 0.41014]",0.0456,0.41014,-0.04675801259369339,-0.046757989597812036,-0.04675802927161824,0.1404291978543591,0.14042912878757674,0.14042924794194275,0.0035499383793305864,0.0035499366259060055,0.0035499396630346907,-0.11758101737536913,-0.11758095955900609,-0.117581059292308,0.027612091840692486,0.027612078261005327,0.027612101689567025,2.4029110083118893e-18,2.5206362494758573e-18,7.076088378768331e-17
42.901,"[0.06062, 0.0456, 0.41014]",0.0456,0.41014,-0.0467580157624991,-0.046757989597812036,-0.04675802678384704,0.14042920737108291,0.14042912878757674,0.14042924047013214,0.0035499386193555303,0.0035499366259060055,0.003549939473515181,-0.11758102534466186,-0.11758095955900609,-0.11758105303729684,0.02761209371198113,0.027612078261005327,0.027612100220468606,2.3990078804909414e-18,2.5206362494758573e-18,7.077052850769343e-17
42.92,"[0.06062, 0.0456, 0.41014]",0.0456,0.41014,-0.04675801785655521,-0.046757989597812036,-0.04675802089612295,0.14042921365998537,0.14042912878757674,0.14042922278698944,0.0035499387777670264,0.0035499366259060055,0.003549939025356519,-0.11758103061133687,-0.11758095955900609,-0.11758103823324663,0.027612094948596247,0.027612078261005327,0.027612096743597516,2.4072478170018312e-18,2.5206362494758573e-18,7.07897210413882e-17
42.94,"[0.06062, 0.0456, 0.41014]",0.0456,0.41014,-0.046758018709215234,-0.046757989597812036,-0.04675802089612295,0.1404292162205574,0.14042912878757674,0.14042922278698944,0.0035499388418692417,0.0035499366259060055,0.003549939025356519,-0.11758103275639545,-0.11758095955900609,-0.11758103823324663,0.027612095452128428,0.027612078261005327,0.027612096743597516,2.419390881333669e-18,2.5206362494758573e-18,7.07897210413882e-17
42.96,"[0.06062, 0.0456, 0.41014]",0.0456,0.41014,-0.04675801912472772,-0.046757989597812036,-0.04675801772308085,0.14042921746826267,0.14042912878757674,0.14042921325715488,0.003549938872852983,0.0035499366259060055,0.003549938783977331,-0.11758103380207163,-0.11758095955900609,-0.1175810302547673,0.02761209569751006,0.027612078261005327,0.027612094869822395,2.4276308178445586e-18,2.5206362494758573e-18,7.079791064767256e-17
42.98,"[0.06062, 0.0456, 0.41014]",0.0456,0.41014,-0.046758018858414845,-0.046757989597812036,-0.04675801454390738,0.1404292166682354,0.14042912878757674,0.14042920370892314,0.00354993885208777,0.0035499366259060055,0.0035499385421787705,-0.11758103313315822,-0.11758095955900609,-0.11758102226080405,0.02761209554025186,0.027612078261005327,0.027612092992425823,2.433268669141483e-18,2.5206362494758573e-18,7.080476266239855e-17
43.0,"[0.06062, 0.0456, 0.41014]",0.0456,0.41014,-0.046758018038658436,-0.046757989597812036,-0.046758011425055576,0.14042921420604912,0.14042912878757674,0.14042919434187345,0.0035499387893262197,0.0035499366259060055,0.003549938305004867,-0.11758103107248534,-0.11758095955900609,-0.11758101441846613,0.027612095056167386,0.027612078261005327,0.027612091150650452,2.453217989115217e-18,2.5206362494758573e-18,7.081049835278107e-17
43.02,"[0.06062, 0.0456, 0.41012471493027514]",0.0456,0.41012471493027514,-0.04675801678207388,-0.046757989597812036,-0.04675800841975955,0.14042921043193893,0.14042912878757674,0.14042918531588416,0.0035499386934263228,0.0035499366259060055,0.00354993807649555,-0.11758102791329604,-0.11758095955900609,-0.1175810068616222,0.027612094314121656,0.027612078261005327,0.027612089375932736,2.458855840412141e-18,2.5206362494758573e-18,7.081613318705352e-17
43.04,"[0.06062, 0.0456, 0.41012471493027514]",0.0456,0.41012471493027514,-0.04675801519323412,-0.046757989597812036,-0.046758005569323136,0.14042920565997166,0.14042912878757674,0.14042917675500302,0.0035499385723306346,0.0035499366259060055,0.0035499378597845933,-0.11758102391855248,-0.11758095955900609,-0.11758099969414075,0.027612093375868257,0.027612078261005327,0.02761208769266393,2.4588558404121415e-18,2.5206362494758573e-18,7.082116395567608e-17
43.063,"[0.06062, 0.0456, 0.4100702540185973]",0.0456,0.4100702540185973,-0.0467580123186641,-0.046921188660871624,-0.04677656955384028,0.14042919702647913,0.14078320573904535,0.14047359187876338,0.0035499383534396004,0.003275836646529459,0.003527473209263101,-0.1175810166908768,-0.11840592693239582,-0.1176622297671654,0.027612091678352935,0.0277113178736661,0.027623289095050723,2.4714325856129726e-18,2.4761400282134223e-18,7.226816979395731e-17
43.08,"[0.06062, 0.0456, 0.4100702540185973]",0.0456,0.4100702540185973,-0.04675801137723986,-0.046921188660871624,-0.04679513641826908,0.1404291941990106,0.14078320573904535,0.14051801565192695,0.003549938281773996,0.003275836646529459,0.003505008777686544,-0.11758101432377611,-0.11840592693239582,-0.11774346708179745,0.027612091122414827,0.0277113178736661,0.027634492198112443,2.47533571343392e-18,2.4761400282134223e-18,7.370913490511729e-17
43.1,"[0.06062, 0.0456, 0.4099763867670411]",0.0456,0.4099763867670411,-0.04676339411723395,-0.046921188660871624,-0.046813494898610614,0.1404420721355585,0.14078320573904535,0.1405619080677197,0.0035434234709507025,0.003275836646529459,0.0034827274742883496,-0.11760456899455708,-0.11840592693239582,-0.11782389248308248,0.02761533904752432,0.0277113178736661,0.027645570253940516,-1.7921542917101375e-17,2.4761400282134223e-18,7.608586923727683e-17
43.12,"[0.06062, 0.0456, 0.4099763867670411]",0.0456,0.4099763867670411,-0.04677291326569475,-0.04715861384409141,-0.04687536925227814,0.14046484096275136,0.14129856733312754,0.14070961754488595,0.0035318912277035523,0.002876558009289696,0.0034070769374172963,-0.1176462404624512,-0.11960675247491302,-0.11809574869231071,0.027621082976745884,0.027855726752295775,0.027682914974251484,-1.8289304294008448e-17,2.5243448390158598e-18,8.432910485628582e-17
43.14,"[0.06062, 0.0456, 0.4099763867670411]",0.0456,0.4099763867670411,-0.04678842783240414,-0.04715861384409141,-0.04691753873363251,0.14050191409039423,0.14129856733312754,0.1408100049384101,0.0035130110539434898,0.002876558009289696,0.0033548989736961543,-0.11771427940003125,-0.11960675247491302,-0.11828192204489421,0.02763044566839877,0.027855726752295775,0.027708373595061175,-4.4165740704285483e-17,2.5243448390158598e-18,9.150283763478347e-17
43.16,"[0.06062, 0.0456, 0.40984320581125117]",0.0456,0.40984320581125117,-0.04680916365031359,-0.047494638646625766,-0.046995624880881215,0.14055141648618055,0.14202845632228686,0.14099605106275903,0.0034876657715457193,0.002310416900049472,0.0032583870341193477,-0.11780537590589675,-0.12130758445776575,-0.1186264875718873,0.027642960698594243,0.02806017305275134,0.027755520736589507,-4.838025138917114e-17,2.6549543602868434e-18,1.0183493197118266e-16
43.18,"[0.06062, 0.0456, 0.40984320581125117]",0.0456,0.40984320581125117,-0.046837563530864296,-0.047494638646625766,-0.046995624880881215,0.1406191529046155,0.14202845632228686,0.14099605106275903,0.0034527888821019666,0.002310416900049472,0.0032583870341193477,-0.11793037623007917,-0.12130758445776575,-0.1186264875718873,0.027660103863078277,0.02806017305275134,0.027755520736589507,-7.054264483738183e-17,2.6549543602868434e-18,1.0183493197118266e-16
43.2,"[0.06062, 0.0456, 0.40984320581125117]",0.0456,0.40984320581125117,-0.04686759518737019,-0.047494638646625766,-0.04706874450639929,0.140690763554751,0.14202845632228686,0.1411694593366992,0.003415852527114467,0.002310416900049472,0.003166304098969154,-0.11806263739009884,-0.12130758445776575,-0.11895160999090681,0.02767823306904787,0.02806017305275134,0.027799686673500308,-3.047617039361452e-17,2.6549543602868434e-18,1.1183687101163212e-16
43.22,"[0.06062, 0.0456, 0.40967084258475156]",0.0456,0.40967084258475156,-0.04690581355798311,-0.04792796956669759,-0.047303899398723225,0.1407817157534017,0.142970619223018,0.14172793827123328,0.00336843832187896,0.0015784073174441291,0.0028709005543035094,-0.11823154218932691,-0.12350337069964193,-0.11999605873867036,0.027701309253896286,0.028323946145811796,0.02794174331251736,-3.9158895071747454e-17,2.608704084408721e-18,1.3912959184135274e-16
43.24,"[0.06062, 0.0456, 0.40967084258475156]",0.0456,0.40967084258475156,-0.046970959456192875,-0.04792796956669759,-0.0474172948858981,0.1409365991306451,0.142970619223018,0.14199655449093346,0.003287116876786919,0.0015784073174441291,0.0027269753743408586,-0.11852015969659721,-0.12350337069964193,-0.12050184390863826,0.027740654145188788,0.028323946145811796,0.028010260657231237,-1.4004650930673764e-16,2.608704084408721e-18,1.562642137604585e-16
43.26,"[0.06062, 0.0456, 0.4094594671892373]",0.0456,0.4094594671892373,-0.04705576318783505,-0.04845698309275215,-0.047521512681338696,0.14113799064918298,0.14412226070438897,0.14224187627031626,0.0031806899874358015,0.0006817532903193196,0.002591391482566625,-0.1188966797019611,-0.12618779193322263,-0.12097147592175186,0.027791879382479262,0.028646151259141023,0.028073266565025106,-1.1532930185928214e-16,2.6876248195689207e-18,1.7887340921728697e-16
43.28,"[0.06062, 0.0456, 0.4094594671892373]",0.0456,0.4094594671892373,-0.047144255591600195,-0.04845698309275215,-0.04782621867158638,0.14134772891728442,0.14412226070438897,0.14296012659506743,0.0030687232676283238,0.0006817532903193196,0.002195403493494923,-0.11929089098879825,-0.12618779193322263,-0.12234378881898063,0.02784534294716539,0.028646151259141023,0.0282575195404025,-8.418017344377358e-17,2.6876248195689207e-18,2.2195761099971095e-16
43.3,"[0.06062, 0.0456, 0.4094594671892373]",0.0456,0.4094594671892373,-0.047260328968739024,-0.04845698309275215,-0.047963153708994045,0.14162230086908068,0.14412226070438897,0.14328022203343663,0.0029204172528597807,0.0006817532903193196,0.0020116745127719796,-0.11981002597696587,-0.12618779193322263,-0.12296884848510092,0.027915492546302358,0.028646151259141023,0.02834038371824935,-1.8731902506971266e-16,2.6876248195689207e-18,2.485831974212853e-16
43.32,"[0.06062, 0.0456, 0.4092092882267041]",0.0456,0.4092092882267041,-0.04738154151601962,-0.04907971669546304,-0.048164671405341086,0.14190849730094274,0.1454800003194954,0.14375458364185958,0.0027642917366233555,-0.0003780651828175338,0.0017469909164557979,-0.1203539468886386,-0.1293532049015037,-0.12388034238063282,0.02798876409296842,0.029025705037448037,0.028462304724859295,-1.4624077315858183e-16,2.6766690383447528e-18,2.7380932078438405e-16
43.34,"[0.06062, 0.0456, 0.4092092882267041]",0.0456,0.4092092882267041,-0.04753033619498738,-0.04907971669546304,-0.048341989532322126,0.14225925370580247,0.1454800003194954,0.14417082986870786,0.002571004576896568,-0.0003780651828175338,0.0015114629367676195,-0.12102396203719751,-0.1293532049015037,-0.12468616361096337,0.028078736813029987,0.029025705037448037,0.028569616374981077,-1.1795697424451802e-16,2.6766690383447528e-18,2.975206060904973e-16
43.36,"[0.06062, 0.0456, 0.4089205525935834]",0.0456,0.4089205525935834,-0.04766859169764921,-0.049793890710788366,-0.048585071875518755,0.14258499101642488,0.14703989961939884,0.14474443283655705,0.0023908891795475546,-0.0015993192483034144,0.0011929481849812767,-0.1216472564305642,-0.13299071466181644,-0.12578435043731392,0.028162345881292006,0.02946134682890129,0.028716733380886587,-9.897042579995188e-17,2.7605423115888525e-18,3.2469464863421874e-16
43.38,"[0.06062, 0.0456, 0.4089205525935834]",0.0456,0.4089205525935834,-0.0478208455205483,-0.049793890710788366,-0.048808434824559016,0.14294366069522402,0.14703989961939884,0.1452732627867207,0.0021919467143261696,-0.0015993192483034144,0.0009038850673138668,-0.12233446748255646,-0.13299071466181644,-0.12678821291802245,0.02825443897568573,0.02946134682890129,0.028851882107034252,-1.2003213720265528e-16,2.7605423115888525e-18,3.5159858143135147e-16
43.4,"[0.06062, 0.0456, 0.4089205525935834]",0.0456,0.4089205525935834,-0.047988384822890875,-0.049793890710788366,-0.048808434824559016,0.14333869039717953,0.14703989961939884,0.1452732627867207,0.0019732306780736136,-0.0015993192483034144,0.0009038850673138668,-0.12309033149711703,-0.13299071466181644,-0.12678821291802245,0.02835578978529085,0.02946134682890129,0.028851882107034252,-1.0191468521955351e-16,2.7605423115888525e-18,3.5159858143135147e-16
43.42,"[0.06062, 0.0456, 0.40859354523708574]",0.0456,0.40859354523708574,-0.048144194323220584,-0.05059693303784897,-0.04900392387295494,0.14370625915130858,0.1487974928375427,0.14573306815373266,0.0017700550081737102,-0.0029800392471181795,0.0006441551293703363,-0.12379292897218572,-0.13709025624065588,-0.12767652041961108,0.02845004732642415,0.029951651434138818,0.02897024211553064,9.304221262809994e-17,2.6065779658872917e-18,3.639732971927918e-16
43.444,"[0.06062, 0.0456, 0.40859354523708574]",0.0456,0.40859354523708574,-0.04840372582794014,-0.05059693303784897,-0.0495118557266737,0.14431893903712456,0.1487974928375427,0.14694659299203722,0.0014315047734283213,-0.0029800392471181795,4.424942546630152e-06,-0.12496332332963633,-0.13709025624065588,-0.12993332494681026,0.028607079150985246,0.029951651434138818,0.029277535933257933,-1.166916582881207e-17,2.6065779658872917e-18,3.957017263747756e-16
43.46,"[0.06062, 0.0456, 0.4082285888739919]",0.0456,0.4082285888739919,-0.04849029042920808,-0.0514860061059564,-0.0495118557266737,0.14452376659489521,0.1507478206710755,0.14694659299203722,0.0013193384450172776,-0.004518023665040567,4.424942546630152e-06,-0.12535258410925978,-0.14164068405707655,-0.12993332494681026,0.028659454484151085,0.030495043061192665,0.029277535933257933,9.307473869327452e-17,2.8286152924021522e-18,3.957017263747756e-16
43.48,"[0.06062, 0.0456, 0.4082285888739919]",0.0456,0.4082285888739919,-0.048684387835722785,-0.0514860061059564,-0.05012310616153659,0.14498410361044803,0.1507478206710755,0.14842966163942525,0.0010695048756335307,-0.004518023665040567,-0.000723759492156861,-0.12622292487349107,-0.14164068405707655,-0.13258828765013908,0.02877688995948333,0.030495043061192665,0.029647073145614093,1.0883903828121375e-16,2.8286152924021522e-18,4.218960609475728e-16
43.5,"[0.06062, 0.0456, 0.4082285888739919]",0.0456,0.4082285888739919,-0.04893114244007551,-0.0514860061059564,-0.05039066923158485,0.14557405117234004,0.1507478206710755,0.14907681393413036,0.0007601234832198754,-0.004518023665040567,-0.0010473108419094682,-0.12731730766709576,-0.14164068405707655,-0.13375734609114265,0.02892614601236093,0.030495043061192665,0.029808892341317356,-1.0999459348978448e-16,2.8286152924021522e-18,4.48863823429984e-16
43.52,"[0.06062, 0.0456, 0.4078260436721704]",0.0456,0.4078260436721704,-0.04918437185415447,-0.052458035513245356,-0.0510577010639733,0.14618133239065778,0.15288546657058844,0.15071901145748204,0.00044583057900367533,-0.006210848896167995,-0.0018000679225727313,-0.1284356997130774,-0.1466298672974911,-0.13659318651524321,0.029079304087251144,0.03108981018705901,0.03021193803656064,-4.4210843514661e-17,2.923071831709394e-18,4.871744490624405e-16
43.541,"[0.06062, 0.0456, 0.4078260436721704]",0.0456,0.4078260436721704,-0.04969577053172778,-0.052458035513245356,-0.051630212055599235,0.14742013618318045,0.15288546657058844,0.15212520728362286,-0.00016721731702927693,-0.006210848896167995,-0.0024542955912944878,-0.13066251355794625,-0.1466298672974911,-0.13903883999454172,0.029388502411549985,0.03108981018705901,0.03055798242530289,-2.1781893322433684e-16,2.923071831709394e-18,5.503786672841122e-16
43.56,"[0.06062, 0.0456, 0.4073863068951357]",0.0456,0.4073863068951357,-0.04988921468410587,-0.053509739738458025,-0.05198102211499012,0.1478906432932704,0.15520459493920527,0.15298748100137433,-0.0003959251465483718,-0.008055879725496345,-0.002859999270509549,-0.13150014620429556,-0.1520447894105262,-0.14054380405566264,0.02950545041292608,0.03173412102512492,0.030770224261576534,-2.2077663675087735e-16,2.8556623130863738e-18,5.924233923883184e-16
43.58,"[0.06062, 0.0456, 0.4073863068951357]",0.0456,0.4073863068951357,-0.05025508519062728,-0.053509739738458025,-0.05260560835730318,0.14878143782332848,0.15520459493920527,0.15451432524219738,-0.0008275859028901698,-0.008055879725496345,-0.0036019248663036593,-0.13308299443566762,-0.1520447894105262,-0.14325143600074486,0.029726655678906505,0.03173412102512492,0.031148348952052443,-9.945701573496336e-17,2.8556623130863738e-18,6.372208094640909e-16
43.6,"[0.06062, 0.0456, 0.4073863068951357]",0.0456,0.4073863068951357,-0.05086777108359518,-0.053509739738458025,-0.05287843367322928,0.15027580286659223,0.15520459493920527,0.15516358965475108,-0.0015501689554849314,-0.008055879725496345,-0.003965844769555732,-0.1357327120018501,-0.1520447894105262,-0.14449155456584242,0.030097215027447364,0.03173412102512492,0.03131398282335135,5.655056958745185e-17,2.8556623130863738e-18,6.69364049204204e-16
43.62,"[0.06062, 0.0456, 0.40690981250999664]",0.0456,0.40690981250999664,-0.05124979697563995,-0.054637660346362464,-0.053232918873584875,0.15120448235649772,0.1576989906481052,0.15601505606812874,-0.0020091473640095002,-0.010050280429610833,-0.004428472693638397,-0.13739689209412145,-0.15787164993339656,-0.1460874320091136,0.0303284009086704,0.032426039305895,0.0315292474268496,2.1239639194573222e-16,2.899674413856318e-18,6.897049015059219e-16
43.64,"[0.06062, 0.0456, 0.40690981250999664]",0.0456,0.40690981250999664,-0.05144810916542203,-0.054637660346362464,-0.05355961338640397,0.1516855397277124,0.1576989906481052,0.15679605012217787,-0.0022510798990657793,-0.010050280429610833,-0.0048636146866302046,-0.1382659460883059,-0.15787164993339656,-0.14757081340605513,0.030448485560488955,0.032426039305895,0.031727747660426346,6.469986679672188e-17,2.899674413856318e-18,6.871740486477452e-16
43.66,"[0.06062, 0.0456, 0.40639703075918343]",0.0456,0.40639703075918343,-0.05184929496741897,-0.055838192143378665,-0.05385404027927331,0.15265653670281634,0.16036209929682327,0.15748380296218775,-0.0027474615125744448,-0.012191026388928102,-0.005292446513053782,-0.1400338708837983,-0.1640959669541736,-0.14896047570448526,0.030691545359478142,0.03316354009525119,0.03190707892425451,2.0260257688123618e-16,2.708438899898087e-18,7.073099826997278e-16
43.68,"[0.06062, 0.0456, 0.40639703075918343]",0.0456,0.40639703075918343,-0.05243071544748351,-0.055838192143378665,-0.05423538528480384,0.1540552661464479,0.16036209929682327,0.158389205833546,-0.0034902786381457588,-0.012191026388928102,-0.0058237083618295805,-0.14262940655800205,-0.1640959669541736,-0.15072473330953787,0.03104417413758355,0.03316354009525119,0.032139270744750516,1.0434306871235097e-16,2.708438899898087e-18,7.199363642682194e-16
43.7,"[0.06062, 0.0456, 0.40639703075918343]",0.0456,0.40639703075918343,-0.052611182431231474,-0.055838192143378665,-0.05457952542135775,0.1544886601152605,0.16036209929682327,0.1591928500470675,-0.0037236216125285902,-0.012191026388928102,-0.006334347380685957,-0.14343893923586462,-0.1640959669541736,-0.15236173832419508,0.031153683798300642,0.03316354009525119,0.03234919566240982,3.431052037753708e-16,2.708438899898087e-18,7.285486471592719e-16
43.72,"[0.06062, 0.0456, 0.40584846769637534]",0.0456,0.40584846769637534,-0.052985167599363496,-0.057107612789989666,-0.05541712441171121,0.1553824562024688,0.16318706768093005,0.1611844246370016,-0.004219659512362391,-0.014474916100748567,-0.007516930157525961,-0.14513427106777466,-0.17070267864877267,-0.1562572940914256,0.031380831052482135,0.03394452539824204,0.032859884153989584,3.8537304231015267e-16,2.7514875071482888e-18,7.215900833446623e-16
43.74,"[0.06062, 0.0456, 0.40584846769637534]",0.0456,0.40584846769637534,-0.05341102753303156,-0.057107612789989666,-0.05578206221636225,0.1563988262960903,0.16318706768093005,0.16203575414345267,-0.0047947626406877174,-0.014474916100748567,-0.008070568453744677,-0.1470788694417921,-0.17070267864877267,-0.15800974150005093,0.03163976891717889,0.03394452539824204,0.0330828701759523,-9.453300314840308e-17,2.7514875071482888e-18,7.512272013443686e-16
43.76,"[0.06062, 0.0456, 0.40526466468708644]",0.0456,0.40526466468708644,-0.05382867972045295,-0.05844211143676041,-0.05611789503964911,0.15739322293168048,0.16616678397434098,0.1628135070729886,-0.005367338302405052,-0.016898583479844187,-0.008593313699759837,-0.1489980148712211,-0.17767624249752334,-0.15964148681876789,0.031893889414369644,0.034766839325399014,0.033288237655413756,5.134233121237415e-18,2.545660966845789e-18,7.491133968308264e-16
43.78,"[0.06062, 0.0456, 0.40526466468708644]",0.0456,0.40526466468708644,-0.054233405677012854,-0.05844211143676041,-0.05655002950855426,0.15835307915504876,0.16616678397434098,0.163836927169768,-0.005933226559659921,-0.016898583479844187,-0.009225547540847603,-0.15087341746771324,-0.17767624249752334,-0.1616818808511436,0.03214033250701679,0.034766839325399014,0.03355226628769323,1.1326345050669272e-16,2.545660966845789e-18,7.403157204168368e-16
43.8,"[0.06062, 0.0456, 0.40526466468708644]",0.0456,0.40526466468708644,-0.054673564205008754,-0.05844211143676041,-0.05694268585472458,0.15939501027801686,0.16616678397434098,0.16475139300461913,-0.006558767550024126,-0.016898583479844187,-0.009836455920741153,-0.15292702551572224,-0.17767624249752334,-0.1635882050153878,0.032408599925345366,0.034766839325399014,0.03379263596770933,2.104669457595772e-16,2.545660966845789e-18,7.7282972041385835e-16
43.82,"[0.06062, 0.0456, 0.40464619787440353]",0.0456,0.40464619787440353,-0.055104697318462,-0.05983781601764597,-0.05788827017906323,0.1604127229962547,0.1692939171859642,0.1669980166285948,-0.007181528344384726,-0.019458510332706,-0.01123135694355645,-0.15495264962581823,-0.1850007309740202,-0.16806669374783406,0.03267156677339446,0.03562828263106294,0.034371141621775764,3.107742949918531e-16,3.2053118844657796e-18,7.924507751601758e-16
43.84,"[0.06062, 0.0456, 0.40464619787440353]",0.0456,0.40464619787440353,-0.05559268272722501,-0.05983781601764597,-0.05830231360427136,0.1615668925613695,0.1692939171859642,0.16796280318077061,-0.007890352029091675,-0.019458510332706,-0.011887130460024804,-0.15725018283305672,-0.1850007309740202,-0.17009227551214187,0.0329694628403583,0.03562828263106294,0.0346250294891938,-2.774322717954107e-16,3.2053118844657796e-18,8.406069403922424e-16
43.86,"[0.06062, 0.0456, 0.4039802842267137]",0.0456,0.4039802842267137,-0.056070248685601856,-0.061320784120364936,-0.05868378383743004,0.16269528478955148,0.1726283737028979,0.16884500802707658,-0.00859072031842592,-0.022206474171214026,-0.012507100378236718,-0.15950787808846523,-0.19281774461835316,-0.17198117311052594,0.033261170595568976,0.036545137533280946,0.03485914459528472,-1.1771931712830892e-16,3.107813452446885e-18,8.455560236194866e-16
43.88,"[0.06062, 0.0456, 0.4039802842267137]",0.0456,0.4039802842267137,-0.05653248804347336,-0.061320784120364936,-0.05962281677324109,0.16378433376871218,0.1726283737028979,0.17106508131713652,-0.009279035241093657,-0.022206474171214026,-0.013949655735425719,-0.16170780336397997,-0.19281774461835316,-0.1765079010113981,0.03354371529596615,0.036545137533280946,0.03543504976946769,4.516341101027138e-17,3.107813452446885e-18,8.549837516680811e-16
43.9,"[0.06062, 0.0456, 0.4039802842267137]",0.0456,0.4039802842267137,-0.057079055171579185,-0.061320784120364936,-0.06003985435494358,0.16507192916226507,0.1726283737028979,0.1720412554576097,-0.010103522856853628,-0.022206474171214026,-0.014613947446472016,-0.16432331499032635,-0.19281774461835316,-0.1785521706411125,0.0338781641322127,0.036545137533280946,0.03569112853856009,-4.726493781644606e-16,3.107813452446885e-18,9.007478762474927e-16
43.92,"[0.06062, 0.0456, 0.40330774785380374]",0.0456,0.40330774785380374,-0.057641607016431014,-0.06279688296153374,-0.06056041096121547,0.166396101158593,0.17595943158909524,0.1732807750957189,-0.010960503532851277,-0.024972007056442473,-0.015409595454566988,-0.16702679756918618,-0.20063601665623731,-0.18105411561876789,0.03422262736941748,0.03745946088496088,0.03601070005581706,-5.686695231451857e-17,3.1439388341794368e-18,9.893353800723899e-16
43.941,"[0.06062, 0.0456, 0.40330774785380374]",0.0456,0.40330774785380374,-0.058480741712066756,-0.06279688296153374,-0.06148261300757062,0.16837589434378936,0.17595943158909524,0.1754441612925354,-0.012241231820879255,-0.024972007056442473,-0.016898204861535246,-0.17106163869278618,-0.20063601665623731,-0.18559978731095156,0.034736767770826696,0.03745946088496088,0.03657789809854821,-1.281922764336499e-16,3.1439388341794368e-18,1.0243678875248277e-15
43.96,"[0.06062, 0.0456, 0.40258908553446415]",0.0456,0.40258908553446415,-0.058780928841611874,-0.06435305274025219,-0.061888410246657775,0.16908272103876573,0.17948402359321683,0.17637585800929464,-0.012706929127053521,-0.027918652517383864,-0.017601679457042767,-0.17251545355732456,-0.20891657994858448,-0.18766952063762832,0.03492088080359803,0.03842503015746053,0.03682811141864508,-3.592132079851233e-16,2.8824368105576403e-18,1.058032462981466e-15
43.98,"[0.06062, 0.0456, 0.40258908553446415]",0.0456,0.40258908553446415,-0.05937135030858785,-0.06435305274025219,-0.062404287618151394,0.17046841706340174,0.17948402359321683,0.17758659072001487,-0.013636931693737562,-0.027918652517383864,-0.01845115216258682,-0.17539472630781774,-0.20891657994858448,-0.19023457850208664,0.035283254620454986,0.03842503015746053,0.03714600111450165,1.1374743835649034e-16,2.8824368105576403e-18,1.1379135025935364e-15
44.001,"[0.06062, 0.0456, 0.40258908553446415]",0.0456,0.40258908553446415,-0.060239962471445724,-0.06435305274025219,-0.06287114913780954,0.17250478245085277,0.17948402359321683,0.17865999398201587,-0.015023866849619259,-0.027918652517383864,-0.019273966193318823,-0.17965620736108562,-0.20891657994858448,-0.19263338951386003,0.03581689919613347,0.03842503015746053,0.03743440387245245,-7.291157456315334e-18,2.8824368105576403e-18,1.189960339050703e-15
44.02,"[0.06062, 0.0456, 0.4018230645699987]",0.0456,0.4018230645699987,-0.060503081138098366,-0.06598738124249516,-0.0632897903850143,0.17312030360410685,0.18319925651702437,0.1795978678032758,-0.015448876786110542,-0.031048694750568064,-0.02007093403563202,-0.18095392557915624,-0.2176565658816342,-0.19486926054736783,0.03597864966376385,0.03944101776180526,0.037693789410510985,5.849083090917782e-16,3.5646157214458975e-18,1.2157506684740679e-15
44.04,"[0.06062, 0.0456, 0.4018230645699987]",0.0456,0.4018230645699987,-0.061032555895027145,-0.06598738124249516,-0.06432355552697552,0.1743510408021956,0.18319925651702437,0.1820074471482935,-0.01632706766753987,-0.031048694750568064,-0.02185542533971867,-0.18359783922836811,-0.2176565658816342,-0.20012299106968182,0.03630452621564305,0.03944101776180526,0.03833277985501232,7.900319875512627e-16,3.5646157214458975e-18,1.135473708692424e-15
44.06,"[0.06062, 0.0456, 0.4010564317424985]",0.0456,0.4010564317424985,-0.06161352139997128,-0.06759731182011894,-0.06477671246115159,0.1757032987655502,0.18687262340834945,0.18304687633728514,-0.01729881496665377,-0.03416937117385198,-0.022679349314551112,-0.18650931181890978,-0.22631200502658333,-0.202485637473978,0.03666246727526797,0.040443887747998286,0.03861345652225317,-1.495220026133916e-16,3.247382507571243e-18,1.138492493063565e-15
44.081,"[0.06062, 0.0456, 0.4010564317424985]",0.0456,0.4010564317424985,-0.06252724879815294,-0.06759731182011894,-0.06586312012608878,0.17782627843416868,0.18687262340834945,0.18559582012562606,-0.018853821279822148,-0.03416937117385198,-0.02455722425759393,-0.19112488706961328,-0.22631200502658333,-0.20800605560596552,0.03722614848474294,0.040443887747998286,0.039285932498025034,-2.005987669591837e-16,3.247382507571243e-18,1.2169273319756017e-15
44.1,"[0.06062, 0.0456, 0.4010564317424985]",0.0456,0.4010564317424985,-0.06286083593093639,-0.06759731182011894,-0.06633522545073255,0.17860323260342356,0.18687262340834945,0.18667516868189415,-0.019424161579783456,-0.03416937117385198,-0.025442885102429716,-0.19281300392600717,-0.22631200502658333,-0.21050464631102073,0.03743212688606913,0.040443887747998286,0.03957910573113058,-5.443090702335864e-16,3.247382507571243e-18,1.298464119146885e-15
44.12,"[0.06062, 0.0456, 0.40024395281412556]",0.0456,0.40024395281412556,-0.06347848046049125,-0.06927887709414655,-0.06692923655211162,0.18003975908852565,0.1907236653790241,0.18808956741672717,-0.020488009577162045,-0.03746647936076414,-0.02644281404657375,-0.1959495428210072,-0.23539842433238362,-0.21348209224067333,0.03781366727564709,0.04149330782618472,0.03994692707676999,-1.2004341290524872e-16,3.3473940671393745e-18,1.303762726302804e-15
44.14,"[0.06062, 0.0456, 0.40024395281412556]",0.0456,0.40024395281412556,-0.0641341241179003,-0.06927887709414655,-0.06747008211831812,0.18156922267112385,0.1907236653790241,0.18935477620810054,-0.02161942243054942,-0.03746647936076414,-0.027409886476028655,-0.19928072721607837,-0.23539842433238362,-0.2162740089457785,0.03821898663785556,0.04149330782618472,0.04028261767328474,2.8901392370920043e-16,3.3473940671393745e-18,1.3876338743724903e-15
44.16,"[0.06062, 0.0456, 0.39933313115552543]",0.0456,0.39933313115552543,-0.06476795613798672,-0.07113496548413648,-0.06795775444684633,0.18304847784340555,0.19499016498741717,0.19047006245839046,-0.022719610603373967,-0.04115000616753854,-0.02834489343913054,-0.20250945075006013,-0.24548183077156993,-0.2188816064405319,0.038611076534581956,0.04265392039002141,0.040586163897492845,6.549772597334336e-16,3.3433176493966446e-18,1.430250928197631e-15
44.18,"[0.06062, 0.0456, 0.39933313115552543]",0.0456,0.39933313115552543,-0.06537401781668178,-0.07113496548413648,-0.06857859428573294,0.18445857892052253,0.19499016498741717,0.19193572490794752,-0.02378841434634191,-0.04115000616753854,-0.029448291035519783,-0.2056201603365938,-0.24548183077156993,-0.22207405645685555,0.03898634313352958,0.04265392039002141,0.0409719479243844,9.779437396821054e-16,3.3433176493966446e-18,1.4437683310512351e-15
44.2,"[0.06062, 0.0456, 0.39933313115552543]",0.0456,0.39933313115552543,-0.06598288734580138,-0.07113496548413648,-0.0691264434147217,0.18587923665838582,0.19499016498741717,0.19319540096871213,-0.02486379092152654,-0.04115000616753854,-0.03050674877847344,-0.20874640060479835,-0.24548183077156993,-0.22501230829420987,0.03936360804378603,0.04265392039002141,0.04131356598434784,1.0390337616121047e-15,3.3433176493966446e-18,1.3692837212162336e-15
44.221,"[0.06062, 0.0456, 0.3985306991943539]",0.0456,0.3985306991943539,-0.06679041526104741,-0.0727388873841484,-0.06978133611653965,0.18775988342595715,0.1986903161071931,0.1947423091846591,-0.026307297429612263,-0.044378615353022136,-0.03169372696907585,-0.21291646319747598,-0.25425126127002623,-0.22841007768205962,0.03986437558281213,0.04365941999351548,0.04172136648099888,1.584558975156001e-15,3.614412590273321e-18,1.3138609756215433e-15
44.24,"[0.06062, 0.0456, 0.3985306991943539]",0.0456,0.3985306991943539,-0.06708950734657745,-0.0727388873841484,-0.07037397690566896,0.18845812600193854,0.1986903161071931,0.19612527234847052,-0.026845940385816,-0.044378615353022136,-0.03281124822905695,-0.21446582464871125,-0.25425126127002623,-0.2315467337651306,0.04005007467262741,0.04365941999351548,0.04209103004389009,5.831302175289023e-16,3.614412590273321e-18,1.2874655199150805e-15
44.26,"[0.06062, 0.0456, 0.3976316152774343]",0.0456,0.3976316152774343,-0.0676602188917829,-0.07451389506973341,-0.07108778065761848,0.18979041712330266,0.20280029503748792,0.19783557307835123,-0.027878771966902666,-0.04798956378746264,-0.034072525362436476,-0.21742889833872323,-0.2640015560302784,-0.2352005929841962,0.040404586472500156,0.044773828269683486,0.042535624349744165,4.699028646879856e-16,4.235651805468956e-18,1.2777308763121902e-15
44.28,"[0.06062, 0.0456, 0.3976316152774343]",0.0456,0.3976316152774343,-0.0682472132896036,-0.07451389506973341,-0.07235832926664311,0.19116506968931932,0.20280029503748792,0.20087015171447528,-0.028942070174393944,-0.04798956378746264,-0.03634425077307619,-0.22047667299703058,-0.2640015560302784,-0.24174220029043497,0.04076947018164209,0.044773828269683486,0.0433274086882234,1.8393912068407155e-16,4.235651805468956e-18,1.212751751168466e-15
44.3,"[0.06062, 0.0456, 0.3976316152774343]",0.0456,0.3976316152774343,-0.06897342390117935,-0.07451389506973341,-0.07292140133623413,0.1928781865555591,0.20280029503748792,0.20220269477320843,-0.030249604350916722,-0.04798956378746264,-0.03738202171883719,-0.2242334332042438,-0.2640015560302784,-0.24468552832600146,0.04122125444257839,0.044773828269683486,0.043678741754741034,-1.1223933086980903e-15,4.235651805468956e-18,1.3101227975032726e-15
44.32,"[0.06062, 0.0456, 0.3967054004553388]",0.0456,0.3967054004553388,-0.0696728631275825,-0.07631098619615691,-0.07424036533030225,0.1945299142419124,0.20697536463806993,0.20538113428665286,-0.03151136427004598,-0.051693839359053785,-0.039721355248270834,-0.22785443175961054,-0.27393207755955873,-0.2514433083666569,0.04165655705589419,0.04590461987794097,0.044501486839391695,-5.169592030709009e-16,4.433427454718573e-18,1.4548505533866679e-15
44.34,"[0.06062, 0.0456, 0.3967054004553388]",0.0456,0.3967054004553388,-0.07048367782238957,-0.07631098619615691,-0.07481674729889176,0.19645462752960455,0.20697536463806993,0.20673475024398263,-0.032969192257732705,-0.051693839359053785,-0.04083290849627132,-0.23204286108787417,-0.27393207755955873,-0.25452387440517954,0.04216151739129581,0.04590461987794097,0.044862282361598754,-1.618402141662835e-15,4.433427454718573e-18,1.6585303792818105e-15
44.36,"[0.06062, 0.0456, 0.3957529687902736]",0.0456,0.3957529687902736,-0.07125508664576449,-0.07812855397931108,-0.07534597912857811,0.19828602540948603,0.21121248484198676,0.20796438555053393,-0.03436325855509302,-0.05548908591313834,-0.041886726846611974,-0.23603700268015515,-0.28403474008580015,-0.25739985250143743,0.042642191138645175,0.04705072319725513,0.04519402627941111,-7.792689082776985e-16,4.9020602608987005e-18,1.7217819339153302e-15
44.38,"[0.06062, 0.0456, 0.3957529687902736]",0.0456,0.3957529687902736,-0.07203235621751714,-0.07812855397931108,-0.07599831718569758,0.20012491383660727,0.21121248484198676,0.20951327828774954,-0.03579271753486344,-0.05548908591313834,-0.04312886632418599,-0.24009594415168975,-0.28403474008580015,-0.2608605118880686,0.043127039815380505,0.04705072319725513,0.045602685701518986,2.672698154591356e-16,4.9020602608987005e-18,1.878332062284481e-15
44.4,"[0.06062, 0.0456, 0.3957529687902736]",0.0456,0.3957529687902736,-0.07278588880147868,-0.07812855397931108,-0.07656870488636412,0.2019087030826332,0.21121248484198676,0.21082035333406932,-0.037186585809272886,-0.05548908591313834,-0.04433566320671518,-0.24404121202709772,-0.28403474008580015,-0.2640585507743132,0.043597412533735946,0.04705072319725513,0.04596173831842562,8.240399402551823e-16,4.9020602608987005e-18,1.8468249369311956e-15
44.42,"[0.06062, 0.0456, 0.3947752602173036]",0.0456,0.3947752602173036,-0.07345328896455967,-0.07996340477165322,-0.07727444080131038,0.20348427987656623,0.21550412108258163,0.21250697394595358,-0.03843629879974975,-0.059370842129408366,-0.045682648018548405,-0.24755668289478225,-0.29429429356915865,-0.2678032694752823,0.044014319697294316,0.04821018882099331,0.04640451792875019,9.579848787292545e-16,4.812981786080566e-18,1.71561686136786e-15
44.44,"[0.06062, 0.0456, 0.3947752602173036]",0.0456,0.3947752602173036,-0.0741793078135434,-0.07996340477165322,-0.07849500892029965,0.2051985917500569,0.21550412108258163,0.21536653365652164,-0.03981310515582574,-0.059370842129408366,-0.04816328973209514,-0.25140353435059604,-0.29429429356915865,-0.27449458366509566,0.04446845736125887,0.04821018882099331,0.04717255555673175,1.1823999832842083e-15,4.812981786080566e-18,1.712083739420405e-15
44.46,"[0.06062, 0.0456, 0.39377323961675004]",0.0456,0.39377323961675004,-0.07494669992901694,-0.08181247156511767,-0.07903086171336068,0.20700772646410212,0.21984290621514127,0.21660475114364586,-0.04129160587458653,-0.06333464979992685,-0.04929682916156486,-0.2555008871507078,-0.3046958742056127,-0.27749555606482534,0.04494912610283149,0.04938114031914664,0.047510388653078876,-4.432026640001884e-16,5.1573934480930534e-18,1.7414683706303164e-15
44.48,"[0.06062, 0.0456, 0.39377323961675004]",0.0456,0.39377323961675004,-0.07572269066805785,-0.08181247156511767,-0.08030028885693619,0.20883116115355546,0.21984290621514127,0.21960482132022618,-0.04281259830363601,-0.06333464979992685,-0.051868238330466755,-0.25967987424996003,-0.3046958742056127,-0.2844353229237005,0.04543576598736519,0.04938114031914664,0.04831021162386006,6.387137934652822e-16,5.1573934480930534e-18,1.885831022444837e-15
44.5,"[0.06062, 0.0456, 0.39377323961675004]",0.0456,0.39377323961675004,-0.0765377027822006,-0.08181247156511767,-0.08084484667944362,0.21074923776763485,0.21984290621514127,0.22085296592546533,-0.04442114385579625,-0.06333464979992685,-0.0530723913752735,-0.264082555521441,-0.3046958742056127,-0.2875561906819544,0.045947408304972445,0.04938114031914664,0.048654806571917626,-8.803204538811692e-16,5.1573934480930534e-18,2.0231954647978673e-15
44.52,"[0.06062, 0.0456, 0.39274789586197045]",0.0456,0.39274789586197045,-0.07730704991866638,-0.08367280619707372,-0.08152465997647555,0.21255661310350238,0.22422161540704877,0.22248096993088673,-0.04595650711502046,-0.0673760410111282,-0.05442608107458811,-0.26826166810927954,-0.3152249542752223,-0.2912352946259339,0.04643080043035228,0.05056176046873102,0.049083426173096245,5.801966353117037e-17,5.2724539543112375e-18,2.007025784531553e-15
44.54,"[0.06062, 0.0456, 0.39274789586197045]",0.0456,0.39274789586197045,-0.07810839582965325,-0.08367280619707372,-0.08213705438576395,0.21444224090103445,0.22422161540704877,0.223917897380955,-0.04756572617200872,-0.0673760410111282,-0.05572454849893294,-0.2726266571530674,-0.3152249542752223,-0.29466175340773676,0.04693479932145793,0.05056176046873102,0.04947073914806339,8.905941242940728e-16,5.2724539543112375e-18,2.1319507142801697e-15
44.56,"[0.06062, 0.0456, 0.39170024084345934]",0.0456,0.39170024084345934,-0.07887384095532367,-0.08554158028319958,-0.08268220295502142,0.21624261563256564,0.2286331779183765,0.2251638901084519,-0.049115902418785405,-0.0714905441909338,-0.05696756505899271,-0.276813325447086,-0.3258673539765163,-0.2978358461163459,0.047416627888496696,0.05175029247758708,0.04981682092624794,1.630934422041461e-15,5.521554560772644e-18,2.1712583815748097e-15
44.58,"[0.06062, 0.0456, 0.39170024084345934]",0.0456,0.39170024084345934,-0.07959742973528035,-0.08554158028319958,-0.08397080223790188,0.21793765778334456,0.2286331779183765,0.22819678318251907,-0.050607718325083935,-0.0714905441909338,-0.059737847220641856,-0.2808076043798859,-0.3258673539765163,-0.30509180992423507,0.04787266456565258,0.05175029247758708,0.05063359264441002,2.2785622067748346e-15,5.521554560772644e-18,1.9705952603060983e-15
44.6,"[0.06062, 0.0456, 0.39170024084345934]",0.0456,0.39170024084345934,-0.0803111273828618,-0.08554158028319958,-0.08452262548813178,0.21961166210907218,0.2286331779183765,0.22946348024661822,-0.05208836524788491,-0.0714905441909338,-0.06101053472590511,-0.28475856141427247,-0.3258673539765163,-0.30832156862190463,0.048322894145631484,0.05175029247758708,0.050984689290253044,2.4340309436175253e-15,5.521554560772644e-18,1.7772926279248194e-15
44.62,"[0.06062, 0.0456, 0.3906313084702352]",0.0456,0.3906313084702352,-0.08106164793033617,-0.08741608515591187,-0.08584895250014107,0.22136950481978504,0.23307068708554637,0.23264109286020976,-0.05366903557786562,-0.07567368936123621,-0.06378040686326018,-0.28894485450647805,-0.33660924924120084,-0.31566530616366667,0.04879703652496613,0.05294504058923391,0.05182543915618878,3.78521968782218e-16,6.29007341714117e-18,1.7469544807271287e-15
44.64,"[0.06062, 0.0456, 0.3906313084702352]",0.0456,0.3906313084702352,-0.08191400977125055,-0.08741608515591187,-0.08697079380865551,0.22337438517134164,0.23307068708554637,0.23528310630261892,-0.05546961161469811,-0.07567368936123621,-0.06624744461894425,-0.29370336821673104,-0.33660924924120084,-0.322052782840476,0.04933614034535582,0.05294504058923391,0.05253849920251856,-1.3508331885577445e-15,6.29007341714117e-18,2.0649675589602543e-15
44.66,"[0.06062, 0.0456, 0.3895421536494966]",0.0456,0.3895421536494966,-0.08282646270339246,-0.08929373103510782,-0.0876360466910904,0.22552392744221336,0.2375274089843571,0.23687569567694206,-0.057409183100758925,-0.07992101279177923,-0.06767160188313347,-0.29881181770260196,-0.34743717652647277,-0.3257813283260499,0.04991383617278007,0.05414437026258028,0.05296133757847112,-1.8710329572354202e-15,5.3519304136292755e-18,2.3372205527394844e-15
44.68,"[0.06062, 0.0456, 0.3895421536494966]",0.0456,0.3895421536494966,-0.08368041090163908,-0.08929373103510782,-0.08824659035387852,0.22753743036347812,0.2375274089843571,0.2383263258791867,-0.059230868520528106,-0.07992101279177923,-0.06900929729186203,-0.3036004556331018,-0.34743717652647277,-0.3292465551392092,0.05045480598600422,0.05414437026258028,0.053349894433453775,-5.912023320766247e-16,5.3519304136292755e-18,2.3820927120232297e-15
44.7,"[0.06062, 0.0456, 0.3895421536494966]",0.0456,0.3895421536494966,-0.08449303606791969,-0.08929373103510782,-0.08879179163383394,0.2294567637936264,0.2375274089843571,0.23958683542888876,-0.06096837740520742,-0.07992101279177923,-0.07029830979201573,-0.3081613441318396,-0.34743717652647277,-0.33247478946712516,0.050969902674048946,0.05414437026258028,0.053698330773375096,5.415996364714114e-16,5.3519304136292755e-18,2.307136041834375e-15
44.72,"[0.06062, 0.0456, 0.3884338512455564]",0.0456,0.3884338512455564,-0.08526073151026034,-0.09117204555202545,-0.08944682171953287,0.23126803154523765,0.24199678989176046,0.24112357751588828,-0.06262505343858348,-0.08422806108133386,-0.07181758557142534,-0.3124903576617986,-0.358338034966788,-0.33630730556895555,0.05145694474230509,0.055346707987204945,0.05411709246911671,1.4765226738967282e-15,5.8500150112423396e-18,2.2216162590333747e-15
44.74,"[0.06062, 0.0456, 0.3884338512455564]",0.0456,0.3884338512455564,-0.08599713594231463,-0.09117204555202545,-0.08944682171953287,0.2330022784922081,0.24199678989176046,0.24112357751588828,-0.06423489972860594,-0.08422806108133386,-0.07181758557142534,-0.31667065132075467,-0.358338034966788,-0.33630730556895555,0.05192468425775884,0.055346707987204945,0.05411709246911671,1.6428559838694603e-15,5.8500150112423396e-18,2.2216162590333747e-15
44.76,"[0.06062, 0.0456, 0.3873074950190802]",0.0456,0.3873074950190802,-0.0866525762400063,-0.09304867173766579,-0.09000245205044681,0.23454532530709393,0.24647246266397854,0.24238119773101685,-0.06567561004383742,-0.08859039469705052,-0.07323276213820558,-0.3204016156338351,-0.36929908624782,-0.33973708090480864,0.05234124181789126,0.05655054079138156,0.054474305646940814,4.7464430326860975e-15,5.9134650202658786e-18,1.941798615673252e-15
44.78,"[0.06062, 0.0456, 0.3873074950190802]",0.0456,0.3873074950190802,-0.08728905264400194,-0.09304867173766579,-0.09070785191845732,0.23603414106803458,0.24647246266397854,0.2440622755769583,-0.06711146894672673,-0.08859039469705052,-0.0748317914785517,-0.32407535404111293,-0.36929908624782,-0.3438068520198203,0.05274652394538549,0.05655054079138156,0.05492533746978868,4.497756978297883e-15,5.9134650202658786e-18,1.5368012917809872e-15
44.8,"[0.06062, 0.0456, 0.3873074950190802]",0.0456,0.3873074950190802,-0.08793862450614613,-0.09304867173766579,-0.09188228851515189,0.2375594866250993,0.24647246266397854,0.24678691424269522,-0.06857833023282933,-0.08859039469705052,-0.07770389609280613,-0.3278243386628773,-0.36929908624782,-0.350878616689775,0.05316049851499581,0.05655054079138156,0.05567968892834761,3.841514339942373e-15,5.9134650202658786e-18,1.0397482816833196e-15
44.82,"[0.06062, 0.0456, 0.3861641965476769]",0.0456,0.3861641965476769,-0.0886373625568225,-0.0949213655767201,-0.09257330487381174,0.2391957298039304,0.25094825214220345,0.24844050901344986,-0.07018763216582875,-0.09300359100541973,-0.07928548564790919,-0.33189893049564506,-0.3803079525387043,-0.3548817430349633,0.05360665588879037,0.05775441549505845,0.056122398200884986,7.221017341150521e-16,5.8989013626451095e-18,1.039488348701351e-15
44.84,"[0.06062, 0.0456, 0.3861641965476769]",0.0456,0.3861641965476769,-0.08932300012476643,-0.0949213655767201,-0.09320953465846891,0.24080341432474034,0.25094825214220345,0.24995844050110463,-0.07177388127259449,-0.09300359100541973,-0.08075507250393411,-0.3359053835128913,-0.3803079525387043,-0.35858626359085866,0.05404480309353193,0.05775441549505845,0.05653023509999011,5.90461592619249e-16,5.8989013626451095e-18,8.659714609655723e-16
44.86,"[0.06062, 0.0456, 0.38500508412890583]",0.0456,0.38500508412890583,-0.09000418100554906,-0.096787993217498,-0.09377865088608449,0.24240625546473685,0.2554181796898683,0.251291736300054,-0.07334804479466595,-0.09746324683015443,-0.08213798961666302,-0.33988134388354163,-0.3913526127911112,-0.36199647186405826,0.05448032985381056,0.0589569377549857,0.05689614694155249,7.099257100371708e-16,5.964469161800172e-18,6.966975442684838e-16
44.88,"[0.06062, 0.0456, 0.38500508412890583]",0.0456,0.38500508412890583,-0.0907213302828575,-0.096787993217498,-0.09447508426148579,0.2440944968238387,0.2554181796898683,0.2529728079811057,-0.07501813431603631,-0.09746324683015443,-0.0837222972896278,-0.34408321820575066,-0.3913526127911112,-0.36601245487295403,0.05493933510045153,0.0589569377549857,0.05734274175653732,1.514594541603773e-15,5.964469161800172e-18,8.178713343698456e-16
44.9,"[0.06062, 0.0456, 0.38500508412890583]",0.0456,0.38500508412890583,-0.0914345435387943,-0.096787993217498,-0.09509774127499782,0.24578137594409696,0.2554181796898683,0.2544529103305264,-0.0766719252862681,-0.09746324683015443,-0.08520337690947609,-0.34824977317843503,-0.3913526127911112,-0.3696940156953904,0.055395982365076785,0.0589569377549857,0.057743077662652714,1.6997925356968844e-15,5.964469161800172e-18,9.130433072254184e-16
44.92,"[0.06062, 0.0456, 0.38383130166678286]",0.0456,0.38383130166678286,-0.09213055110867614,-0.09864652791812645,-0.09653536848201563,0.2474289674779099,0.2598764669574951,0.25795937459558427,-0.07829290109993348,-0.10196498057347879,-0.08843217748370381,-0.35232417926258913,-0.40242139768570634,-0.3779154979476026,0.05584193047158434,0.06015677094421897,0.05866540572028525,2.065883482316819e-15,5.9107401612542495e-18,8.481228692748153e-16
44.94,"[0.06062, 0.0456, 0.38383130166678286]",0.0456,0.38383130166678286,-0.09290538349098737,-0.09864652791812645,-0.09716962707457674,0.24927848855737061,0.2598764669574951,0.25949687030731255,-0.08007942726540197,-0.10196498057347879,-0.0898837340328947,-0.3568307892972966,-0.40242139768570634,-0.38158070247298603,0.05633855196684439,0.06015677094421897,0.05907276713550199,-1.5412826242935078e-15,5.9107401612542495e-18,9.30039436032632e-16
44.96,"[0.06062, 0.0456, 0.3826440075428857]",0.0456,0.3826440075428857,-0.09371558977187355,-0.10049504679952333,-0.09773516954569865,0.25121998109025495,0.2643175389627833,0.260835222364221,-0.08194224555658423,-0.10650443393797755,-0.09126841591481395,-0.361533272806674,-0.4135029834790808,-0.3849763441846986,0.05685805284885511,0.061352634903418676,0.059437436644898874,1.552099835386609e-17,5.880359561560794e-18,1.2458038055260398e-15
44.98,"[0.06062, 0.0456, 0.3826440075428857]",0.0456,0.3826440075428857,-0.09442841110650675,-0.10049504679952333,-0.09842631985105045,0.2529264252475971,0.2643175389627833,0.2625161055166999,-0.08358959656059887,-0.10650443393797755,-0.09286205235202752,-0.3656818486204202,-0.4135029834790808,-0.3889823608143248,0.05731531551422291,0.061352634903418676,0.05988203169510611,7.324637795381478e-16,5.880359561560794e-18,1.1158688146461057e-15
45.0,"[0.06062, 0.0456, 0.3826440075428857]",0.0456,0.3826440075428857,-0.09518801376797081,-0.10049504679952333,-0.09960631834069739,0.25474846449912425,0.2643175389627833,0.2653239262121924,-0.08535136316637817,-0.10650443393797755,-0.0957583548767739,-0.37010894594326926,-0.4135029834790808,-0.3960687041344634,0.057802991588554564,0.061352634903418676,0.06064395391077254,1.39738675732701e-15,5.880359561560794e-18,1.2013588453140856e-15
45.02,"[0.06062, 0.0456, 0.3814443734731708]",0.0456,0.3814443734731708,-0.09597676198852077,-0.10233172746641643,-0.10029268044426097,0.2566375790476543,0.2687360265650363,0.2669920595728944,-0.08720280257651439,-0.1110772732863227,-0.09737225362233637,-0.3747347159852383,-0.4245863849775191,-0.4000859775768747,0.05830999618418928,0.06254330459677215,0.06108649479143338,-1.0737442898569286e-15,6.463770584879339e-18,1.3826273771390498e-15
45.04,"[0.06062, 0.0456, 0.3814443734731708]",0.0456,0.3814443734731708,-0.09673501390578926,-0.10233172746641643,-0.10092300096680326,0.2584547983453886,0.2687360265650363,0.2685163203656953,-0.08898974739358201,-0.1110772732863227,-0.09887670100778703,-0.37918990108385786,-0.4245863849775191,-0.40380650134069823,0.05879770224026796,0.06254330459677215,0.061493277767852114,-4.0841831412055385e-16,6.463770584879339e-18,1.3124269377154498e-15
45.06,"[0.06062, 0.0456, 0.3802335833516314]",0.0456,0.3802335833516314,-0.09747400260035465,-0.10415484454909492,-0.10148535148145525,0.2602293040583049,0.2731267684044791,0.269846908906688,-0.09073286832107728,-0.11567919067599339,-0.10030241809956579,-0.3835322079999601,-0.43566094783854814,-0.40724318421163663,0.05927325112259199,0.063727608701044,0.0618575684077114,3.4984097240226305e-16,6.257390831973985e-18,1.1755297856802989e-15
45.08,"[0.06062, 0.0456, 0.3802335833516314]",0.0456,0.3802335833516314,-0.09862941681630294,-0.10415484454909492,-0.10279597079487408,0.26300153434385576,0.2731267684044791,0.27302007645365406,-0.09349041383879497,-0.11567919067599339,-0.10347423643402959,-0.3903622697597826,-0.43566094783854814,-0.4150304942118146,0.06001777277440516,0.063727608701044,0.06270509423701962,-1.528965818752531e-16,6.257390831973985e-18,1.2008616568248168e-15
45.1,"[0.06062, 0.0456, 0.3802335833516314]",0.0456,0.3802335833516314,-0.09904607221415394,-0.10415484454909492,-0.1033513464658893,0.2640033885550508,0.2731267684044791,0.2743284220713343,-0.09448879610118505,-0.11567919067599339,-0.10492242512238877,-0.39282909220812184,-0.43566094783854814,-0.41847652819193804,0.06028650492064513,0.063727608701044,0.06306595908290315,-1.4242373619224005e-15,6.257390831973985e-18,1.3899039291298849e-15
45.12,"[0.06062, 0.0456, 0.37901283208193703]",0.0456,0.37901283208193703,-0.09981409051160266,-0.10596276621065893,-0.10402671904612122,0.2658473938179896,0.27748481236859174,0.27596248848175425,-0.09634084863881962,-0.12030590460558639,-0.1065877237972368,-0.3973919619929426,-0.4467163403772255,-0.4225273658307475,0.06078212337530199,0.06490442815224742,0.06350370640780618,2.882741161678048e-17,6.789783167754534e-18,1.4468621776215102e-15
45.14,"[0.06062, 0.0456, 0.37901283208193703]",0.0456,0.37901283208193703,-0.1005537064009405,-0.10596276621065893,-0.10464636736719328,0.2676221958275878,0.27748481236859174,0.27745418167739255,-0.09813787804379458,-0.12030590460558639,-0.10813813847209411,-0.40180311334073615,-0.4467163403772255,-0.4262753833427223,0.06125982689219268,0.06490442815224742,0.06390572428069105,4.695734840679843e-16,6.789783167754534e-18,1.2529047208967702e-15
45.16,"[0.06062, 0.0456, 0.37778332439820783]",0.0456,0.37778332439820783,-0.10127554363563457,-0.10775395065732712,-0.1058810800746053,0.2693560207518706,0.2818054166394125,0.2804279393287672,-0.09989839021007679,-0.12495316050855572,-0.11125200105163299,-0.4061155230711622,-0.4577425450317799,-0.4337723727749146,0.06172636578740274,0.06607269467070427,0.06470770660874389,1.0581568653202949e-15,6.742692857452992e-18,9.756724418415288e-16
45.18,"[0.06062, 0.0456, 0.37778332439820783]",0.0456,0.37778332439820783,-0.10208903138441007,-0.10775395065732712,-0.10649177523956947,0.27130872953629903,0.2818054166394125,0.28189678340738467,-0.10190695530940021,-0.12495316050855572,-0.11281061121164106,-0.4110060453471703,-0.4577425450317799,-0.43750375969598254,0.06225292381491005,0.06607269467070427,0.0651049074217171,-1.813070126736576e-15,6.742692857452992e-18,1.2137260147595355e-15
45.2,"[0.06062, 0.0456, 0.37778332439820783]",0.0456,0.37778332439820783,-0.10287059015204833,-0.10775395065732712,-0.10703045018589641,0.2731882638051648,0.2818054166394125,0.28316004216365714,-0.10383837502214971,-0.12495316050855572,-0.11427975430041161,-0.41570478625672586,-0.4577425450317799,-0.4409271610721442,0.06275905262698818,0.06607269467070427,0.06545685540651816,-4.1610411490108527e-16,6.742692857452992e-18,1.3091686700752435e-15
45.22,"[0.06062, 0.0456, 0.3765462736760873]",0.0456,0.3765462736760873,-0.10361248281332061,-0.10952694268282306,-0.10768743051764904,0.27496920840566436,0.28608405036792883,0.2847452217394981,-0.10569001421275351,-0.12961673102927823,-0.11596834416955971,-0.42018893135399,-0.4687298496225794,-0.44495247380510894,0.06323995983641811,0.06723138928189265,0.06588482947977674,8.847253650394636e-16,6.89822263532582e-18,1.2835317804719536e-15
45.24,"[0.06062, 0.0456, 0.3765462736760873]",0.0456,0.3765462736760873,-0.10432759464728586,-0.10952694268282306,-0.10829002089329373,0.2766839847777022,0.28608405036792883,0.28619189470575823,-0.10749092382209881,-0.12961673102927823,-0.11753925631338427,-0.42453172627992064,-0.4687298496225794,-0.44867527692186293,0.0637039674020131,0.06723138928189265,0.06627776143584388,1.1439524937345055e-15,6.89822263532582e-18,1.008232337911819e-15
45.26,"[0.06062, 0.0456, 0.37530290073528727]",0.0456,0.37530290073528727,-0.10508045563403237,-0.11128037027202185,-0.10948534665648207,0.27849048766447376,0.2903163940142446,0.2890585775695447,-0.10940010700128762,-0.13429241611528467,-0.1206903733760089,-0.4291190009081313,-0.4796688385195338,-0.45610324667542995,0.06419298826838944,0.06837954084738998,0.0670582535541318,2.3612364577920398e-15,6.94442893503244e-18,9.19262037147879e-16
45.281,"[0.06062, 0.0456, 0.37530290073528727]",0.0456,0.37530290073528727,-0.10622039502098342,-0.11128037027202185,-0.11007697236547571,0.2812229811226835,0.2903163940142446,0.2904770636527966,-0.11232428153353688,-0.13429241611528467,-0.12226308238989353,-0.4361065091798769,-0.4796688385195338,-0.4597953501687817,0.06493444582167773,0.06837954084738998,0.0674449898633105,1.9810919877446586e-15,6.94442893503244e-18,1.0579963110830549e-15
45.3,"[0.06062, 0.0456, 0.37530290073528727]",0.0456,0.37530290073528727,-0.10660605275542913,-0.11128037027202185,-0.11061750198959135,0.2821483893759298,0.2903163940142446,0.29176232264146823,-0.11331816162219305,-0.13429241611528467,-0.12373192714007064,-0.43847539328198293,-0.4796688385195338,-0.46321312305320933,0.06518550022581326,0.06837954084738998,0.0677988767383645,2.8365121581859925e-16,6.94442893503244e-18,8.992656588896241e-16
45.32,"[0.06062, 0.0456, 0.3740544326347861]",0.0456,0.3740544326347861,-0.10736822810992747,-0.11301294128381081,-0.11127237631383367,0.28397503669683277,0.294498339385209,0.29335698545803135,-0.11529677707655102,-0.13897604295832985,-0.12542487072814718,-0.4431755619448255,-0.4905503838158332,-0.4672274721604144,0.0656820417631424,0.06951622461745745,0.06822656863550138,2.164083738836979e-15,7.279028532908992e-18,1.0219165236921107e-15
45.34,"[0.06062, 0.0456, 0.3740544326347861]",0.0456,0.3740544326347861,-0.10811001626867021,-0.11301294128381081,-0.11240699081459866,0.2857576069619019,0.294498339385209,0.29607505993526134,-0.11722111487635245,-0.13897604295832985,-0.1284931919595446,-0.4477454248920911,-0.4905503838158332,-0.47437053282247366,0.06616550186883374,0.06951622461745745,0.06896993340588263,2.9472030899960033e-15,7.279028532908992e-18,5.79437628061923e-16
45.36,"[0.06062, 0.0456, 0.37280210146186954]",0.0456,0.37280210146186954,-0.10887838953291643,-0.11472344022851458,-0.11350530309114347,0.28760422499670796,0.29862598939469215,0.2987064622234087,-0.11922862811441207,-0.14366346581578204,-0.1314861909821178,-0.4524957831197979,-0.5013656365904448,-0.48131122171777396,0.06666678839692564,0.07064056081432685,0.06969031787316941,-2.8091571808439883e-16,8.043461175706989e-18,5.896646656892924e-16
45.38,"[0.06062, 0.0456, 0.37280210146186954]",0.0456,0.37280210146186954,-0.10970232698995123,-0.11472344022851458,-0.11405010883223307,0.2895788904824741,0.29862598939469215,0.30000511882636594,-0.12141390442098221,-0.14366346581578204,-0.13300099117464056,-0.457631595919645,-0.5013656365904448,-0.4847935491289287,0.06720516801604674,0.07064056081432685,0.0700483564243431,-2.3291332325629324e-15,8.043461175706989e-18,8.625454384166171e-16
45.4,"[0.06062, 0.0456, 0.37280210146186954]",0.0456,0.37280210146186954,-0.11047937302329303,-0.11472344022851458,-0.11452603167715061,0.2914429947740058,0.29862598939469215,0.30110413080660825,-0.12347911889294537,-0.14366346581578204,-0.13443018639539278,-0.46247895756877244,-0.5013656365904448,-0.4879830389583255,0.0677131503439563,0.07064056081432685,0.07036295625568172,-2.316673175539351e-16,8.043461175706989e-18,9.278756650088305e-16
45.42,"[0.06062, 0.0456, 0.37154714311620957]",0.0456,0.37154714311620957,-0.11120540511149497,-0.11641072515117097,-0.11452603167715061,0.2931796995424513,0.30269565756565675,0.30110413080660825,-0.12543119415463502,-0.14835056574257083,-0.13443018639539278,-0.4670376789545178,-0.5121060183278325,-0.4879830389583255,0.06818829948230136,0.07175171325304079,0.07036295625568172,1.5589536922033494e-15,8.15930928580067e-18,9.278756650088305e-16
45.44,"[0.06062, 0.0456, 0.37154714311620957]",0.0456,0.37154714311620957,-0.11183632415898079,-0.11641072515117097,-0.11614742762440429,0.2946853414830934,0.30269565756565675,0.3049458707046323,-0.12714100268671613,-0.14835056574257083,-0.13907022246828468,-0.4710172973617812,-0.5121060183278325,-0.49851446162224033,0.06860148426917807,0.07175171325304079,0.0714318678297868,6.626814401196234e-15,8.15930928580067e-18,-1.4897808325919023e-16
45.46,"[0.06062, 0.0456, 0.3702907960901803]",0.0456,0.3702907960901803,-0.11300944214877834,-0.11807372462841245,-0.11659502446919888,0.2974757419219292,0.30670386728768206,0.3059834377380419,-0.13039238322872715,-0.15303325026272344,-0.1404207817781647,-0.47850693558791474,-0.5227632125509891,-0.5015183702931207,0.06937177192370667,0.07284888800474253,0.07172816842734546,-1.8392985006777554e-15,8.187157229346204e-18,-2.3155940424162923e-17
45.48,"[0.06062, 0.0456, 0.3702907960901803]",0.0456,0.3702907960901803,-0.1133680003808257,-0.11807372462841245,-0.11767906788652605,0.29832651150377637,0.30670386728768206,0.30858938632892013,-0.13139522308707915,-0.15303325026272344,-0.14345254707692098,-0.4808080790619167,-0.5227632125509891,-0.5084502498984699,0.06960741157403404,0.07284888800474253,0.072442317745105,1.5490893633400598e-15,8.187157229346204e-18,1.6077763310385345e-16
45.5,"[0.06062, 0.0456, 0.3702907960901803]",0.0456,0.3702907960901803,-0.11414113413770634,-0.11807372462841245,-0.11814326887198578,0.3001673342111166,0.30670386728768206,0.30967756712240474,-0.1335533140883167,-0.15303325026272344,-0.14483540178087095,-0.485760278152052,-0.5227632125509891,-0.5115357597928164,0.0701156850463671,0.07284888800474253,0.07274961781411977,-1.1520491032045128e-15,8.187157229346204e-18,2.647780804077341e-16
45.52,"[0.06062, 0.0456, 0.3690343002466159]",0.0456,0.3690343002466159,-0.11485976164853445,-0.1197114348836235,-0.11871861032873678,0.301876342193314,0.3106473508385704,0.31106400854827576,-0.13557245383287223,-0.15770745300827355,-0.14645459069542263,-0.49037992377978584,-0.5333291567127636,-0.5152230437169528,0.07058847526595875,0.0739313321055828,0.07312916245229026,1.049091072956383e-15,7.796940298819802e-18,1.5005168213146394e-16
45.54,"[0.06062, 0.0456, 0.3690343002466159]",0.0456,0.3690343002466159,-0.11559294289777378,-0.1197114348836235,-0.11922367930784074,0.30362199880121216,0.3106473508385704,0.3122515905308085,-0.1376400598431493,-0.15770745300827355,-0.1479667689017091,-0.495100116574346,-0.5333291567127636,-0.5185854106299976,0.07107120583129,0.0739313321055828,0.07346396066641962,2.6637884624242143e-15,7.796940298819802e-18,3.0469536493901637e-16
45.56,"[0.06062, 0.0456, 0.36777889559521526]",0.0456,0.36777889559521526,-0.11628278281569196,-0.12132291702240221,-0.11966021230131868,0.3052616212303028,0.31452304817418836,0.3132449220330433,-0.1396021345706735,-0.16236913335215292,-0.14937464946613355,-0.4995623224514293,-0.543796034380772,-0.521631224391717,0.07152582924989158,0.07499833231290849,0.0737551049328525,4.1037745322617565e-15,8.094459342730662e-18,2.811106215659692e-16
45.58,"[0.06062, 0.0456, 0.36777889559521526]",0.0456,0.36777889559521526,-0.11692449441796995,-0.12132291702240221,-0.12072533063974193,0.30677844838329993,0.31452304817418836,0.31577980586562443,-0.1414589124072187,-0.16236913335215292,-0.15250820126163786,-0.5037554138266044,-0.543796034380772,-0.5286340138934025,0.07194939162957989,0.07499833231290849,0.07446079284887025,5.3462382650711105e-15,8.094459342730662e-18,-4.839065928765816e-16
45.6,"[0.06062, 0.0456, 0.36777889559521526]",0.0456,0.36777889559521526,-0.11760165749690835,-0.12132291702240221,-0.12159077975055135,0.3083827492635737,0.31452304817418836,0.3177835287711896,-0.14342238435119925,-0.16236913335215292,-0.1552271370831516,-0.5081816721935022,-0.543796034380772,-0.5345624744750924,0.0723966829822548,0.07499833231290849,0.07503727029858301,9.81161253201041e-16,8.094459342730662e-18,-6.558357274368253e-16
45.62,"[0.06062, 0.0456, 0.3665258210688026]",0.0456,0.3665258210688026,-0.1183225944556434,-0.1229072943880829,-0.12261395864469392,0.3100838949421228,0.31832810548669155,0.3202492291640448,-0.14554706506336032,-0.16701427606048452,-0.1581777123914288,-0.5129378379155928,-0.554156267742552,-0.5411960420068185,0.07287371614001857,0.07604921390907905,0.07571468025931573,-7.803102493125042e-16,8.116930536714137e-18,-3.2074028729659696e-16
45.64,"[0.06062, 0.0456, 0.3665258210688026]",0.0456,0.3665258210688026,-0.11909396673650571,-0.1229072943880829,-0.12346371800987772,0.3119097760659617,0.31832810548669155,0.32224673130439635,-0.1478185841669814,-0.16701427606048452,-0.16078272386586817,-0.5180197126266287,-0.554156267742552,-0.5469184128001798,0.07338435107012546,0.07604921390907905,0.07628001587404722,-2.6861895936303135e-15,8.116930536714137e-18,3.461478831537938e-16
45.66,"[0.06062, 0.0456, 0.3652763133006499]",0.0456,0.3652763133006499,-0.11988783310710063,-0.12446375003515556,-0.1238284861728524,0.313789025487768,0.32205987352779475,0.32307762242334537,-0.15016790279682368,-0.1716388909885605,-0.16198186758978975,-0.5232622276170158,-0.5644025104501404,-0.5494866683768154,0.07391027896990608,0.07708333955212658,0.07652411568068357,-2.6718298779568285e-15,8.473227675566754e-18,7.1541137736076e-16
45.68,"[0.06062, 0.0456, 0.3652763133006499]",0.0456,0.3652763133006499,-0.12063655718960141,-0.12446375003515556,-0.12472698516379173,0.3155538589059957,0.32205987352779475,0.3251750350899404,-0.15241255611418753,-0.1716388909885605,-0.16480697188649776,-0.5282448713680525,-0.5644025104501404,-0.5556256219012549,0.07440690794487032,0.07708333955212658,0.07712354619520984,1.7785594521040103e-15,8.473227675566754e-18,1.0345233284572424e-15
45.7,"[0.06062, 0.0456, 0.3640316054040695]",0.0456,0.3640316054040695,-0.1217489014065958,-0.12599152431680216,-0.12511105323864555,0.31816855170455693,0.3257159056907445,0.32605021438153853,-0.15578845935519003,-0.17623901284365276,-0.16608054648048073,-0.5356980971332832,-0.5745276408166896,-0.5583406001425483,0.07514576552543344,0.07810010817150372,0.07738095026064565,-3.788254820525943e-18,8.403160504184353e-18,1.0922086643140686e-15
45.72,"[0.06062, 0.0456, 0.3640316054040695]",0.0456,0.3640316054040695,-0.12208511658980331,-0.12599152431680216,-0.1260567251649948,0.31895671797248965,0.3257159056907445,0.3282827596371249,-0.15681766807138653,-0.17623901284365276,-0.1690037781246353,-0.5379623474378044,-0.5745276408166896,-0.5647225405762002,0.07536928399890772,0.07810010817150372,0.0780113908174836,3.730562193407231e-15,8.403160504184353e-18,1.3789908329461927e-15
45.74,"[0.06062, 0.0456, 0.3640316054040695]",0.0456,0.3640316054040695,-0.12279841222658337,-0.12599152431680216,-0.1268166898225408,0.3206307410110147,0.3257159056907445,0.33001126484739607,-0.15900657453687161,-0.17623901284365276,-0.1715571183245514,-0.5427697103659099,-0.5745276408166896,-0.5701315900292341,0.07584376684447884,0.07810010817150372,0.07852168695578039,1.2108891381365538e-15,8.403160504184353e-18,1.2921199540552487e-15
45.76,"[0.06062, 0.0456, 0.36279292575547983]",0.0456,0.36279292575547983,-0.1238582798325238,-0.1274899125814272,-0.12727635733663023,0.3231073995202197,0.3292939558421201,0.3310820299411949,-0.16230791522667873,-0.1808107010366878,-0.1730358175631441,-0.5499748263046705,-0.5845247553720527,-0.5733078743107533,0.07654991493758087,0.07909895390633993,0.07882936702238043,4.524502085535568e-15,8.360344266441136e-18,1.3502853588441866e-15
45.781,"[0.06062, 0.0456, 0.36279292575547983]",0.0456,0.36279292575547983,-0.12454927879286673,-0.1274899125814272,-0.1276919996822436,0.3247183698552443,0.3292939558421201,0.33203993548674965,-0.16448316900994372,-0.1808107010366878,-0.17440534088997034,-0.5546997484611305,-0.5845247553720527,-0.57622430459817,0.07701089072809937,0.07909895390633993,0.07910816596734739,2.109759742821296e-15,8.360344266441136e-18,1.0313222737665301e-15
45.8,"[0.06062, 0.0456, 0.36279292575547983]",0.0456,0.36279292575547983,-0.12486355088180591,-0.1274899125814272,-0.1280427818475288,0.3254505264186283,0.3292939558421201,0.33281467996492287,-0.1654753862016925,-0.1808107010366878,-0.17566589597327567,-0.5568522040784597,-0.5845247553720527,-0.5788293874937362,0.07722061825197359,0.07909895390633993,0.07934533468717833,5.614961297178703e-15,8.360344266441136e-18,9.247494202066459e-16
45.82,"[0.06062, 0.0456, 0.3615614967821465]",0.0456,0.3615614967821465,-0.12546760476529958,-0.12895826297197743,-0.12849469493583335,0.3268497155928962,0.33279197589256065,0.3338574981675876,-0.16741158306520457,-0.1853500396437281,-0.177162860583546,-0.5610278689341095,-0.5943871627794198,-0.5820060398987326,0.0776243143745676,0.0800793450829439,0.07964879144499074,7.651436235514285e-15,8.232109573422141e-18,5.612357715843392e-16
45.84,"[0.06062, 0.0456, 0.3615614967821465]",0.0456,0.3615614967821465,-0.12604275189770234,-0.12895826297197743,-0.1292316078908843,0.32818119428255205,0.33279197589256065,0.3355025884680198,-0.16926432580061487,-0.1853500396437281,-0.17977842365448113,-0.5650137214241177,-0.5943871627794198,-0.5874244696250425,0.07800896501785189,0.0800793450829439,0.08014678413984846,8.165963946316497e-15,8.232109573422141e-18,-5.816205037211047e-16
45.86,"[0.06062, 0.0456, 0.36031416915230297]",0.0456,0.36031416915230297,-0.12661719902932483,-0.13042480004458304,-0.12954394335601305,0.3295025372474277,0.3362768033327231,0.33618306786041907,-0.1711489952042892,-0.1899429936036158,-0.18093960690397812,-0.5690386633619995,-0.6043027450313854,-0.5897930173774324,0.0783938811407206,0.08106004204952076,0.08035880277255954,4.773760652880961e-15,8.208392589278424e-18,-1.0649568390018456e-15
45.88,"[0.06062, 0.0456, 0.36031416915230297]",0.0456,0.36031416915230297,-0.12717328045139964,-0.13042480004458304,-0.13034365483958252,0.33077183806436095,0.3362768033327231,0.3380157600118173,-0.17300921143425652,-0.1899429936036158,-0.18365109210370906,-0.5729819906317243,-0.6043027450313854,-0.5954894992985267,0.0787672162506704,0.08106004204952076,0.08089726883422516,6.694263797416417e-15,8.208392589278424e-18,-1.8819975986981593e-15
45.901,"[0.06062, 0.0456, 0.359125243593279]",0.0456,0.359125243593279,-0.12803598968455532,-0.13042480004458304,-0.13068744122765955,0.3327421257529483,0.3362768033327231,0.33879175550014734,-0.17590805644691443,-0.1899429936036158,-0.18485408607815113,-0.5791106823175908,-0.6043027450313854,-0.5979892680555116,0.07934689491031639,0.08106004204952076,0.08112942438859727,1.9138863688772386e-15,8.208392589278424e-18,-2.1887748882847046e-15
45.92,"[0.06062, 0.0456, 0.359125243593279]",0.0456,0.359125243593279,-0.1283011348388651,-0.13180215082459792,-0.13153047429456766,0.33334708872789626,0.33953949391881116,0.3407652815483864,-0.17680265941388548,-0.19431586498058379,-0.1876002083050257,-0.5809985408950415,-0.6136808219046404,-0.6038314122729542,0.07952514785808905,0.08198259930287398,0.08169530664463479,4.8936292861294365e-15,8.710692018314486e-18,-2.592991764063169e-15
45.94,"[0.06062, 0.0456, 0.359125243593279]",0.0456,0.359125243593279,-0.12914371273149516,-0.13180215082459792,-0.13187628419485606,0.33528137662080765,0.33953949391881116,0.3415496568395727,-0.17962202280913328,-0.19431586498058379,-0.18880583235101445,-0.5869596168332927,-0.6136808219046404,-0.6063356704108346,0.08009138422798542,0.08198259930287398,0.08192885975868264,4.1663366025863905e-15,8.710692018314486e-18,-2.5944215409412603e-15
45.96,"[0.06062, 0.0456, 0.3579228236655099]",0.0456,0.3579228236655099,-0.12941696987783272,-0.13317731839564942,-0.13232152569842973,0.335908204642937,0.3427882849213394,0.3425998497108979,-0.180540403766977,-0.19873516611610806,-0.19023989269628142,-0.5888972221945682,-0.6231023009294882,-0.6093940881795262,0.08027513178100064,0.08290497154566981,0.08222755194557448,2.7493599862493665e-15,8.9343910737977e-18,-2.747442370624475e-15
45.98,"[0.06062, 0.0456, 0.3579228236655099]",0.0456,0.3579228236655099,-0.12992876374842038,-0.13317731839564942,-0.1327286800483996,0.3370850998478819,0.3427882849213394,0.3435563235843638,-0.18225424123961403,-0.19873516611610806,-0.19156352116585357,-0.5925163691393273,-0.6231023009294882,-0.6122073984848494,0.08061920931534285,0.08290497154566981,0.08250091364840796,2.8375651455717074e-15,8.9343910737977e-18,-3.1622125399996337e-15
46.0,"[0.06062, 0.0456, 0.3579228236655099]",0.0456,0.3579228236655099,-0.13042410395391665,-0.13317731839564942,-0.1330833305419207,0.3382285497096555,0.3427882849213394,0.34437091590267566,-0.1839038778705073,-0.19873516611610806,-0.19277497922725598,-0.5960044667943124,-0.6231023009294882,-0.6147374323313614,0.08095213058526222,0.08290497154566981,0.08274008263495139,3.0805108915576972e-15,8.9343910737977e-18,-3.588049140183732e-15
46.02,"[0.06062, 0.0456, 0.3567324606157854]",0.0456,0.3567324606157854,-0.13092935700563832,-0.13451998358797082,-0.13394834987840748,0.33939559928678603,0.3459495613989844,0.34642350684613615,-0.18558938713551085,-0.20310644550526633,-0.1955366293415554,-0.5995637302532075,-0.6323630121392941,-0.6206366947354812,0.08129184147459341,0.08380687459246056,0.08332013267627843,4.193906671210307e-15,9.044573827077926e-18,-3.919330452537279e-15
46.04,"[0.06062, 0.0456, 0.3567324606157854]",0.0456,0.3567324606157854,-0.13146574918113105,-0.13451998358797082,-0.13430740117930473,0.3406427587832888,0.3459495613989844,0.3472540331597025,-0.1873600242205993,-0.20310644550526633,-0.19675037364319325,-0.603313079967963,-0.6323630121392941,-0.6231769418564964,0.0816522515173056,0.08380687459246056,0.083562113015365,-3.6450882281949275e-16,9.044573827077926e-18,-3.7847351277864336e-15
46.06,"[0.06062, 0.0456, 0.3555553291887212]",0.0456,0.3555553291887212,-0.13197334844370454,-0.13583007190158441,-0.1346321222344326,0.34182415354704565,0.3490234354656372,0.3479970717019244,-0.18903495363099385,-0.20742617575647243,-0.19787329704106,-0.6068585914927536,-0.6414585572584113,-0.6255086530828949,0.08199334697130681,0.08468814694711639,0.08378140844808322,9.20451867548744e-16,8.877703332898697e-18,-3.952227613899578e-15
46.08,"[0.06062, 0.0456, 0.3555553291887212]",0.0456,0.3555553291887212,-0.132478515463945,-0.13583007190158441,-0.13543455796756557,0.34299700799693067,0.3490234354656372,0.34989192063577623,-0.1907142388862118,-0.20742617575647243,-0.20047508189663174,-0.6104021032017762,-0.6414585572584113,-0.6310272348128786,0.0823330786517802,0.08468814694711639,0.08432034904473537,2.723314414300183e-15,8.877703332898697e-18,-4.020688124448527e-15
46.1,"[0.06062, 0.0456, 0.3555553291887212]",0.0456,0.3555553291887212,-0.1330056904684864,-0.13583007190158441,-0.1360970269678661,0.34422586612606176,0.3490234354656372,0.35142828667838527,-0.19245631207402508,-0.20742617575647243,-0.2027103920867065,-0.6140828321979249,-0.6414585572584113,-0.6357018382868651,0.08268749413542881,0.08468814694711639,0.08476684527813791,-1.1035167445171126e-15,8.877703332898697e-18,-3.785246186490828e-15
46.12,"[0.06062, 0.0456, 0.3543925910709191]",0.0456,0.3543925910709191,-0.13356473791102508,-0.13710720769058882,-0.13689517826865796,0.34552913348033687,0.35200897753694627,0.3533459461424038,-0.19430765513573323,-0.21169059527301615,-0.20520411171074568,-0.6179887719469327,-0.6503834055886661,-0.6410551378135503,0.08306346719226214,0.08554843926643899,0.08530132204556526,-2.423969009842096e-15,9.091692860757479e-18,-3.1509897479227955e-15
46.14,"[0.06062, 0.0456, 0.3543925910709191]",0.0456,0.3543925910709191,-0.13416322173051512,-0.13710720769058882,-0.13722750418234614,0.3469322450929269,0.35200897753694627,0.35411678955411047,-0.196269792627692,-0.21169059527301615,-0.20632929859405225,-0.6221399442884706,-0.6503834055886661,-0.6434018168192281,0.08346567263713303,0.08554843926643899,0.08552542494429935,-4.1317351540527655e-15,9.091692860757479e-18,-2.6554586394865117e-15
46.161,"[0.06062, 0.0456, 0.3532453937445223]",0.0456,0.3532453937445223,-0.1347155260641336,-0.138351054056477,-0.137925805832125,0.34822793263395707,0.3549054330807396,0.3557553403411828,-0.1980798319492134,-0.21589597280438247,-0.2086392919551621,-0.6259684989657427,-0.6591322094976663,-0.6482551247903977,0.08383685631448841,0.08638743296618737,0.08599540146279959,-1.048377257790581e-15,9.386429139126424e-18,-2.3607421822188265e-15
46.18,"[0.06062, 0.0456, 0.3532453937445223]",0.0456,0.3532453937445223,-0.13524965378743456,-0.138351054056477,-0.13827669199411552,0.34947660176320733,0.3549054330807396,0.35657510887989696,-0.1998462605424878,-0.21589597280438247,-0.2098136541383379,-0.6296911587625886,-0.6591322094976663,-0.6507103433125973,0.0841961397078795,0.08638743296618737,0.08623183012160926,2.087119920946431e-15,9.386429139126424e-18,-2.484198083156006e-15
46.2,"[0.06062, 0.0456, 0.3532453937445223]",0.0456,0.3532453937445223,-0.13579321129212057,-0.138351054056477,-0.13857720104873583,0.350751538947358,0.3549054330807396,0.3572520269989439,-0.20163437273650056,-0.21589597280438247,-0.2108988155962452,-0.6334638341669039,-0.6591322094976663,-0.6529204938245515,0.08456164230707454,0.08638743296618737,0.08643574601586008,-5.973482324647648e-16,9.386429139126424e-18,-2.3574105912710573e-15
46.22,"[0.06062, 0.0456, 0.3521148693547891]",0.0456,0.3521148693547891,-0.13629512353096684,-0.13956131203987038,-0.1389635535162554,0.35192570904691167,0.35771221513553453,0.3581514963863003,-0.2032969523560907,-0.22003860753711144,-0.21220666293067866,-0.6369616859627343,-0.6676997969234129,-0.6556397895204876,0.084899369581137,0.08720483634920556,0.08669639244497197,1.6730410477600067e-15,9.09323909707115e-18,-2.4458560607986954e-15
46.24,"[0.06062, 0.0456, 0.3521148693547891]",0.0456,0.3521148693547891,-0.13676735350609548,-0.13956131203987038,-0.13931538712034236,0.3530276563969952,0.35771221513553453,0.3589646773945096,-0.2048720911126094,-0.22003860753711144,-0.21341649795982576,-0.6402657890329998,-0.6676997969234129,-0.6581414382419204,0.08521734574652047,0.08720483634920556,0.08693409179341811,2.2727361460275787e-15,9.09323909707115e-18,-2.8159065831846925e-15
46.26,"[0.06062, 0.0456, 0.35100213359280236]",0.0456,0.35100213359280236,-0.13725147989280426,-0.14073771898186188,-0.1400276518261241,0.35415569038698275,0.3604288989407741,0.3606218186218542,-0.20649552842108798,-0.22411483079490002,-0.21583594462452269,-0.6436621623896618,-0.6760811681364994,-0.6631614373679848,0.08554352749530403,0.08800038373764985,0.08741481106343818,3.7082112029911146e-15,9.272441506426686e-18,-2.8113695349028714e-15
46.28,"[0.06062, 0.0456, 0.35100213359280236]",0.0456,0.35100213359280236,-0.137778952560134,-0.14073771898186188,-0.14072015362344675,0.3553842547520783,0.3604288989407741,0.3622358447268603,-0.20827020750711858,-0.22411483079490002,-0.2181831763524275,-0.647367024642401,-0.6760811681364994,-0.668031443826631,0.08589907137312314,0.08800038373764985,0.08788213950366987,1.1689814715634697e-15,9.272441506426686e-18,-2.554338079146404e-15
46.3,"[0.06062, 0.0456, 0.35100213359280236]",0.0456,0.35100213359280236,-0.13830810876594155,-0.14073771898186188,-0.14128666746597277,0.3566172773081224,0.3604288989407741,0.3635172452166636,-0.21005190158541598,-0.22411483079490002,-0.22022682626250076,-0.6510829862166961,-0.6760811681364994,-0.6721818805077823,0.08625580885458038,0.08800038373764985,0.08826667329267769,-9.938005262016807e-16,9.272441506426686e-18,-2.3258537586594988e-15
46.32,"[0.06062, 0.0456, 0.34990828459441686]",0.0456,0.34990828459441686,-0.13884988805951462,-0.1418800469039456,-0.141645889110444,0.35787423774726124,0.36305521616715547,0.36436338847984134,-0.2118961799616885,-0.22812100798608537,-0.22142002278296116,-0.654912372983624,-0.6842714927210523,-0.6746713718116596,0.08662144951298323,0.08877383459153351,0.08850868551784363,-1.2417100207838518e-15,8.845094504486458e-18,-2.1255763028548876e-15
46.34,"[0.06062, 0.0456, 0.34990828459441686]",0.0456,0.34990828459441686,-0.13938112825919033,-0.1418800469039456,-0.14224137285563554,0.3591071763869024,0.36305521616715547,0.3657098663458731,-0.21370571010538203,-0.22812100798608537,-0.22357656708874574,-0.6586665827679791,-0.6842714927210523,-0.6790382611273401,0.08698002435377311,0.08877383459153351,0.08891309802195416,1.715378763124805e-15,8.845094504486458e-18,-1.9727930974419032e-15
46.36,"[0.06062, 0.0456, 0.34883440185653214]",0.0456,0.34883440185653214,-0.1398991737231663,-0.14298810090117023,-0.14247816381611403,0.36030475343572355,0.3655910487572948,0.3662107545372095,-0.2154875891701856,-0.2320535408078059,-0.22454360798518674,-0.6623487835430595,-0.6922661067726669,-0.6809222141656655,0.08733002887996359,0.08952497261567595,0.08907588726593027,4.0686074479323786e-16,8.417099378161369e-18,-1.9703219042461658e-15
46.38,"[0.06062, 0.0456, 0.34883440185653214]",0.0456,0.34883440185653214,-0.14036787065439005,-0.14298810090117023,-0.14280767170008868,0.3613818137082545,0.3655910487572948,0.3669607377301598,-0.2171211990719962,-0.2320535408078059,-0.2257248896653954,-0.6657081795949376,-0.6922661067726669,-0.6833186603272714,0.08764709094120342,0.08952497261567595,0.08929947997672605,3.127540979714907e-15,8.417099378161369e-18,-2.3048262395696317e-15
46.401,"[0.06062, 0.0456, 0.34883440185653214]",0.0456,0.34883440185653214,-0.1410588969329927,-0.14298810090117023,-0.14336139058955802,0.36296080884788307,0.3655910487572948,0.3681817858055742,-0.21956236761282488,-0.2320535408078059,-0.22783506165892053,-0.6707011105740468,-0.6922661067726669,-0.6875134651467202,0.08811518379683973,0.08952497261567595,0.08967747664578803,3.264860822711495e-15,8.417099378161369e-18,-2.9982922548151715e-15
46.42,"[0.06062, 0.0456, 0.3477607096759133]",0.0456,0.3477607096759133,-0.1412891462986532,-0.14408308483992838,-0.14402293983318054,0.3634829065439081,0.36808525959869076,0.36969426679720285,-0.220389637021389,-0.2359852232209151,-0.2301920456299496,-0.6723823460349613,-0.7002151734915298,-0.6922969888357108,0.08827141308166259,0.09026809616552371,0.09012616211049582,2.3841806910261707e-15,8.515829136292164e-18,-3.4529939667200526e-15
46.44,"[0.06062, 0.0456, 0.3477607096759133]",0.0456,0.3477607096759133,-0.14178020305807912,-0.14408308483992838,-0.14430828724716407,0.3645985309697961,0.36808525959869076,0.370334574050751,-0.2221500362662145,-0.2359852232209151,-0.23124719281238165,-0.6759596977862156,-0.7002151734915298,-0.6944117382892774,0.08860455985643934,0.09026809616552371,0.09032038957567459,-2.7674043434233333e-16,8.515829136292164e-18,-3.4659514644039517e-15
46.46,"[0.06062, 0.0456, 0.34675075358253227]",0.0456,0.34675075358253227,-0.14226053905400576,-0.14510054222505056,-0.14487609292759804,0.3656883791556286,0.37039067316359914,0.37159130625322145,-0.22387849601777127,-0.23968337338505472,-0.23340460992466563,-0.6794655854888785,-0.707649614291007,-0.6986938296756781,0.08893056750295172,0.09095942534036919,0.09070793315355784,2.600339921298299e-15,8.655193823734868e-18,-3.547835846223325e-15
46.48,"[0.06062, 0.0456, 0.34675075358253227]",0.0456,0.34675075358253227,-0.14272819668966927,-0.14510054222505056,-0.14517152805205996,0.36674333372548745,0.37039067316359914,0.37225553733771843,-0.225582631334928,-0.23968337338505472,-0.23449528395601213,-0.6829055054055923,-0.707649614291007,-0.7008775625647976,0.08924836917797078,0.09095942534036919,0.0909090052769976,5.069482720350451e-16,8.655193823734868e-18,-3.682750091471362e-15
46.501,"[0.06062, 0.0456, 0.34675075358253227]",0.0456,0.34675075358253227,-0.14341555734043449,-0.14510054222505056,-0.14566159944520843,0.3682913890316347,0.37039067316359914,0.37331502998322286,-0.22809885653921053,-0.23968337338505472,-0.23643947541058483,-0.6879727643098391,-0.707649614291007,-0.704680493047614,0.08971570537150816,0.09095942534036919,0.09124498271118986,2.0374787486972297e-15,8.655193823734868e-18,-3.537516150530018e-15
46.52,"[0.06062, 0.0456, 0.34572313248073594]",0.0456,0.34572313248073594,-0.14364016155091378,-0.1461250886718569,-0.14597395134471983,0.36879375312704143,0.37270173246484806,0.3740200190950449,-0.22893291843038927,-0.2434468513985777,-0.2375862455923226,-0.6896435371872964,-0.7151777119079528,-0.7069771553312154,0.08986863310540022,0.09165625754945733,0.09145745838591664,1.5270266080715018e-15,8.341118201079032e-18,-3.698695458558945e-15
46.54,"[0.06062, 0.0456, 0.34572313248073594]",0.0456,0.34572313248073594,-0.1440835816117354,-0.1461250886718569,-0.1462271318170744,0.36978674366140835,0.37270173246484806,0.37455847942882925,-0.23057705059901246,-0.2434468513985777,-0.23862088154431302,-0.692936924641733,-0.7151777119079528,-0.708978941588839,0.09017050990855052,0.09165625754945733,0.09163157616910508,3.391175010770344e-15,8.341118201079032e-18,-4.008608203922716e-15
46.56,"[0.06062, 0.0456, 0.3447594119786119]",0.0456,0.3447594119786119,-0.144468069908241,-0.14707454990399688,-0.14676143690616186,0.37064491202763694,0.3748313014863228,0.37572196192646323,-0.23201226125075283,-0.2469765904289857,-0.24071999396197072,-0.6958047471055676,-0.7221992077326332,-0.7130873269448353,0.09043244189742054,0.09230274602230007,0.09199751174755952,4.2429241019496855e-15,8.108003410459347e-18,-4.9218875021496046e-15
46.58,"[0.06062, 0.0456, 0.3447594119786119]",0.0456,0.3447594119786119,-0.1448761551894686,-0.14707454990399688,-0.14704086553755638,0.3715475235005888,0.3748313014863228,0.3763431145995157,-0.23356377915627266,-0.2469765904289857,-0.24177806849831318,-0.698883529405963,-0.7221992077326332,-0.7151814088363908,0.09071096781216995,0.09230274602230007,0.0921881691583835,1.2584956694838195e-15,8.108003410459347e-18,-5.158334847379835e-15
46.6,"[0.06062, 0.0456, 0.34380082717766364]",0.0456,0.34380082717766364,-0.1452874501556039,-0.14707454990399688,-0.14727989261412314,0.3724586858098285,0.3748313014863228,0.3768532651186242,-0.2351244941391746,-0.2469765904289857,-0.24275061485856603,-0.7019801265048559,-0.7221992077326332,-0.7170625969026841,0.09099163606779871,0.09230274602230007,0.09235247231253121,2.955478230466733e-15,8.108003410459347e-18,-5.110071124045517e-15
46.62,"[0.06062, 0.0456, 0.34380082717766364]",0.0456,0.34380082717766364,-0.1456660142227234,-0.14800955527554832,-0.14786341133305267,0.3732936558789482,0.37691846608081025,0.37814597514693526,-0.23657345708377317,-0.2504884622911532,-0.24497652867627553,-0.7048457958875557,-0.7291516309354842,-0.7214510628873357,0.09125019495414496,0.0929399836696596,0.09275088194249594,4.315827644961196e-15,8.323770677336643e-18,-5.589658751074032e-15
46.641,"[0.06062, 0.0456, 0.34380082717766364]",0.0456,0.34380082717766364,-0.14621393634057103,-0.14800955527554832,-0.1481037280156046,0.3745036447775901,0.37691846608081025,0.37865887394139347,-0.2386679422171087,-0.2504884622911532,-0.2459552715407161,-0.7089863577301572,-0.7291516309354842,-0.7233408106018976,0.09162437725686859,0.0929399836696596,0.09291607439891647,2.384176869213515e-15,8.323770677336643e-18,-5.970656382250998e-15
46.66,"[0.06062, 0.0456, 0.3428682359603242]",0.0456,0.3428682359603242,-0.14640291550807663,-0.1489095236015227,-0.14831950601122465,0.3749191676942182,0.37891645275950325,0.3791111778579243,-0.23939667515355262,-0.25390593991289157,-0.24686026777886114,-0.710421803021015,-0.7358830573017056,-0.7250724793669231,0.09175354697099292,0.09355394203786467,0.09306486961416736,1.0284840217347136e-15,8.161784266870217e-18,-6.1357071940258745e-15
46.68,"[0.06062, 0.0456, 0.3428682359603242]",0.0456,0.3428682359603242,-0.14676706770367576,-0.1489095236015227,-0.14859963922097533,0.37571564962576753,0.37891645275950325,0.37972557163424836,-0.24081475776033454,-0.25390593991289157,-0.24794947203211343,-0.713205431533871,-0.7358830573017056,-0.7272036294349983,0.09200269827303939,0.09355394203786467,0.09325648733775568,2.7328975688825706e-15,8.161784266870217e-18,-6.076777256106963e-15
46.7,"[0.06062, 0.0456, 0.3428682359603242]",0.0456,0.3428682359603242,-0.14709004430308448,-0.1489095236015227,-0.14884327422585927,0.37642223936795727,0.37891645275950325,0.380245394092873,-0.24207232509710377,-0.25390593991289157,-0.24894294325679212,-0.7156732856360445,-0.7358830573017056,-0.7291183390466667,0.09222367260005575,0.09355394203786467,0.0934239645745847,2.345770145665498e-15,8.161784266870217e-18,-6.4771410686573406e-15
46.72,"[0.06062, 0.0456, 0.3419625586815319]",0.0456,0.3419625586815319,-0.14742315798841202,-0.14977464406232754,-0.1491487421467307,0.3771486387661366,0.38082673745203766,0.38092350769931643,-0.24337774255542055,-0.25722584119266056,-0.2501053318849909,-0.7182278457911832,-0.7423905903831687,-0.7314054883134743,0.09245172807505775,0.09414467454229834,0.09363243443509386,2.978534250450561e-15,8.017926525217549e-18,-6.468744753403632e-15
46.74,"[0.06062, 0.0456, 0.3419625586815319]",0.0456,0.3419625586815319,-0.14772352686561246,-0.14977464406232754,-0.14941839538743978,0.3778048336393073,0.38082673745203766,0.38151118464896266,-0.24455136955943402,-0.25722584119266056,-0.2511661227309872,-0.7205257544434825,-0.7423905903831687,-0.7334703135448972,0.0926572999958602,0.09414467454229834,0.093817078784445,1.8337603724361413e-15,8.017926525217549e-18,-6.8684013097088866e-15
46.76,"[0.06062, 0.0456, 0.34108468913541723]",0.0456,0.34108468913541723,-0.1480455518847593,-0.15060492896417535,-0.14995531731583023,0.3785090403315852,0.38265013668678566,0.38268554667689864,-0.2458081726700206,-0.26044496829624736,-0.2532652852430064,-0.7229852206798677,-0.7486708172683467,-0.7375616454671642,0.09287765796553092,0.09471212314038094,0.09418447484118976,2.0416741909764086e-15,7.899617418421905e-18,-6.914532972600693e-15
46.781,"[0.06062, 0.0456, 0.34108468913541723]",0.0456,0.34108468913541723,-0.14856632955800955,-0.15060492896417535,-0.1502337473923027,0.37964782233487976,0.38265013668678566,0.38330716739937803,-0.24784204524606532,-0.26044496829624736,-0.25431372076870534,-0.7269605163384483,-0.7486708172683467,-0.7396288852092947,0.0932340223293024,0.09471212314038094,0.09437426434605724,-3.344598007140521e-15,7.899617418421905e-18,-6.873221645748933e-15
46.8,"[0.06062, 0.0456, 0.34108468913541723]",0.0456,0.34108468913541723,-0.14873307134143793,-0.15060492896417535,-0.1507177923807239,0.38001375684155114,0.38265013668678566,0.3843710835115162,-0.2484892128026524,-0.26044496829624736,-0.25618922220249907,-0.7282273532293508,-0.7486708172683467,-0.7432928545809653,0.09334804653089065,0.09471212314038094,0.09470514488436506,-5.377759309459142e-16,7.899617418421905e-18,-6.234820073373509e-15
46.82,"[0.06062, 0.0456, 0.34023549367323574]",0.0456,0.34023549367323574,-0.14908944586634137,-0.1514004082462311,-0.1509947551397332,0.3807964329152121,0.3843875451389332,0.38498147234463614,-0.2498708759448854,-0.26356019121010704,-0.2572571998915395,-0.7309315497886859,-0.7547204736239188,-0.7453800730513862,0.09359171128982544,0.09525624617402122,0.09489434880052851,-2.7150244654035927e-15,7.954812133366224e-18,-5.856094738953357e-15
46.84,"[0.06062, 0.0456, 0.34023549367323574]",0.0456,0.34023549367323574,-0.1494265279799739,-0.1514004082462311,-0.15124709258619334,0.38153665541226184,0.3843875451389332,0.3855329046449656,-0.25117815951078115,-0.26356019121010704,-0.2582449856839151,-0.7334889195533884,-0.7547204736239188,-0.7473012561459178,0.09382218406423945,0.09525624617402122,0.09506699082580629,-1.7237760815730627e-15,7.954812133366224e-18,-5.772571814556746e-15
46.861,"[0.06062, 0.0456, 0.339415810348384]",0.0456,0.339415810348384,-0.1499633347028093,-0.15216112850305066,-0.15168164231400466,0.3827132991888419,0.38603992603675163,0.38646156873186577,-0.2532672597118393,-0.2665684521052455,-0.26001231856684526,-0.7375680084258343,-0.7605364417549751,-0.7506976339947617,0.09418931316665548,0.09577701609288997,0.09536547398058956,-3.6829116713028515e-16,8.197790408765527e-18,-5.172892713532967e-15
46.88,"[0.06062, 0.0456, 0.339415810348384]",0.0456,0.339415810348384,-0.15013516546393058,-0.15216112850305066,-0.15217407277267647,0.38308812614338456,0.38603992603675163,0.3875308743971521,-0.2539417656015302,-0.2665684521052455,-0.2619613554390172,-0.7388809709864476,-0.7605364417549751,-0.7544707250200533,0.0943069292479616,0.09577701609288997,0.09570270264151538,-1.0577325198525643e-15,8.197790408765527e-18,-4.842160478162351e-15
46.9,"[0.06062, 0.0456, 0.339415810348384]",0.0456,0.339415810348384,-0.1505014713764754,-0.15216112850305066,-0.15237408840568709,0.38388674281075946,0.38603992603675163,0.3879422996145974,-0.2553811322816213,-0.2665684521052455,-0.26282548563299385,-0.7416802726081084,-0.7605364417549751,-0.7560991960013779,0.09455766982995707,0.09577701609288997,0.0958409632404735,-2.889771952917212e-15,8.197790408765527e-18,-4.474322202743507e-15
46.92,"[0.06062, 0.0456, 0.33862644808934195]",0.0456,0.33862644808934195,-0.1508392672050565,-0.15288715126394317,-0.152632563945022,0.38462027033435786,0.38760830138465113,0.3885071803743236,-0.25671778770905584,-0.26946677011588904,-0.2638371532479235,-0.7442733056716826,-0.7661157491148309,-0.7580622283257298,0.09478905212387884,0.09627441830695214,0.09601774179642884,-4.90658914338428e-16,8.381839672321514e-18,-4.4031045801771956e-15
46.94,"[0.06062, 0.0456, 0.33862644808934195]",0.0456,0.33862644808934195,-0.15134763934114437,-0.15288715126394317,-0.1528564511405921,0.3857208669957423,0.38760830138465113,0.38897962077358234,-0.2587400942639599,-0.26946677011588904,-0.26476673807114587,-0.7481871693217924,-0.7661157491148309,-0.7598328843326186,0.09513743346274929,0.09627441830695214,0.09617180617495777,1.5037394979465442e-16,8.381839672321514e-18,-4.15770014312431e-15
46.96,"[0.06062, 0.0456, 0.33786818590135853]",0.0456,0.33786818590135853,-0.15149852052108803,-0.1535785512618142,-0.15329390318157698,0.3860467423737447,0.3890937420183992,0.3898939861940217,-0.2593427586490585,-0.27225224626615535,-0.2666107870131177,-0.7493517408267053,-0.771455566860759,-0.7633268060141494,0.09524087073387803,0.0967484500209466,0.0964732933651079,2.7729945966517813e-15,8.216087698447807e-18,-4.294899786037985e-15
46.98,"[0.06062, 0.0456, 0.33786818590135853]",0.0456,0.33786818590135853,-0.15181740164176463,-0.1535785512618142,-0.153507909660719,0.3867298685967783,0.3890937420183992,0.3903388307016173,-0.26063422918997736,-0.27225224626615535,-0.26752074988640906,-0.7518351374921474,-0.771455566860759,-0.7650452988569161,0.09545977971057465,0.0967484500209466,0.09662090842200743,2.4441373633196307e-16,8.216087698447807e-18,-4.248881526772215e-15
47.0,"[0.06062, 0.0456, 0.33786818590135853]",0.0456,0.33786818590135853,-0.15211933758224375,-0.1535785512618142,-0.153507909660719,0.3873755353914492,0.3890937420183992,0.3903388307016173,-0.2618607714718722,-0.27225224626615535,-0.26752074988640906,-0.7541904038027737,-0.771455566860759,-0.7650452988569161,0.09566710881045166,0.0967484500209466,0.09662090842200743,1.489417687068814e-15,8.216087698447807e-18,-4.248881526772215e-15
47.02,"[0.06062, 0.0456, 0.3371417720976671]",0.0456,0.3371417720976671,-0.15240138653962734,-0.15423541469644167,-0.15392678884352864,0.3879746769514761,0.39049735753887127,0.3912040444086502,-0.2630192062760047,-0.2749220685194687,-0.2693192962249775,-0.7564064812953355,-0.7765532084507134,-0.7684296280502703,0.0958609968618349,0.09719911905482828,0.09691011742655739,2.6226504904551416e-15,7.985031056339926e-18,-4.641017369516903e-15
47.04,"[0.06062, 0.0456, 0.3371417720976671]",0.0456,0.3371417720976671,-0.15269121297736707,-0.15423541469644167,-0.15413217733632437,0.38858825676876785,0.39049735753887127,0.39162708258522616,-0.2642162233745177,-0.2749220685194687,-0.27020496410374584,-0.7586908791859508,-0.7765532084507134,-0.7700929856667229,0.09606032976895569,0.09719911905482828,0.09705197737924472,3.326744025775065e-15,7.985031056339926e-18,-4.672933476161849e-15
47.062,"[0.06062, 0.0456, 0.33644792356099096]",0.0456,0.33644792356099096,-0.15309925433682525,-0.15485783749744234,-0.15453471107008795,0.38944627109777147,0.39182028617211306,0.3924527581437023,-0.2659199813749809,-0.27747351692332456,-0.27195159949853204,-0.76192970801409,-0.7814061282763141,-0.7733650177830389,0.09634127224786167,0.0976264426546915,0.09733016558454066,2.738279811894038e-15,7.89134842066931e-18,-5.1340501764453634e-15
47.08,"[0.06062, 0.0456, 0.33644792356099096]",0.0456,0.33644792356099096,-0.1532428000101519,-0.15485783749744234,-0.15474183650348203,0.389746919802599,0.39182028617211306,0.3928872388532711,-0.26652314319157994,-0.27747351692332456,-0.2728198427910171,-0.7630732389947056,-0.7814061282763141,-0.775007565514292,0.09644016158143692,0.0976264426546915,0.09747275712312077,1.0335131943087114e-15,7.89134842066931e-18,-5.323389547777428e-15
47.1,"[0.06062, 0.0456, 0.33644792356099096]",0.0456,0.33644792356099096,-0.15352761694388298,-0.15485783749744234,-0.15492025281522434,0.3903435804226501,0.39182028617211306,0.393245431344354,-0.2677195161237363,-0.27747351692332456,-0.2736185381094666,-0.7653407610406254,-0.7814061282763141,-0.7764891920957128,0.09663635473417705,0.0976264426546915,0.09759647788695619,2.3188890256887922e-15,7.89134842066931e-18,-5.2450311609992364e-15
47.12,"[0.06062, 0.0456, 0.33578732503606645]",0.0456,0.33578732503606645,-0.15379221775943785,-0.15544592359303538,-0.15513739697659676,0.39089493209819964,0.39306368460656643,0.39369865628149464,-0.26884033030929044,-0.279903968819931,-0.2745357235318313,-0.7674589629482914,-0.7860119203288229,-0.7782183387726479,0.09681877813302438,0.09803044629929886,0.09774605735058095,3.402628975683112e-15,7.694911143879242e-18,-5.292287934447234e-15
47.14,"[0.06062, 0.0456, 0.33578732503606645]",0.0456,0.33578732503606645,-0.1540478018106969,-0.15544592359303538,-0.1553258264187136,0.3914276396934504,0.39306368460656643,0.39407903170047953,-0.2699224550298305,-0.279903968819931,-0.275372425434234,-0.7695032443621039,-0.7860119203288229,-0.77977229755435,0.09699496118417883,0.09803044629929886,0.09787657172151695,3.6216936509370666e-15,7.694911143879242e-18,-5.377058575762006e-15
47.16,"[0.06062, 0.0456, 0.33516062845388267]",0.0456,0.33516062845388267,-0.15429062648622008,-0.15599978319149646,-0.15570434571076552,0.3919314041752116,0.39422871786101815,0.39485013734138663,-0.2709579494149348,-0.2822109040913836,-0.27703092200733165,-0.7714543644758213,-0.7903683168962775,-0.782862794088127,0.09716246718609081,0.09841116250788692,0.09813833025912128,3.954308581543958e-15,7.744201888130724e-18,-5.980453057554281e-15
47.18,"[0.06062, 0.0456, 0.33516062845388267]",0.0456,0.33516062845388267,-0.15454052085343645,-0.15599978319149646,-0.15588493303435097,0.39244711052735176,0.39422871786101815,0.39521264247742843,-0.2720321533903915,-0.2822109040913836,-0.2778390204502456,-0.773472315550656,-0.7903683168962775,-0.7843584976467717,0.09733498312789066,0.09841116250788692,0.09826349332369946,7.880541321616275e-16,7.744201888130724e-18,-5.993516779388743e-15
47.2,"[0.06062, 0.0456, 0.33516062845388267]",0.0456,0.33516062845388267,-0.15477970630868776,-0.15599978319149646,-0.15603942083862182,0.39293993613604744,0.39422871786101815,0.39550850624292294,-0.27306272928018066,-0.2822109040913836,-0.27857535228037555,-0.7754060768358289,-0.7903683168962775,-0.7856970584327039,0.0975001353890984,0.09841116250788692,0.09837135637588583,1.3152926768683504e-15,7.744201888130724e-18,-6.064554533312865e-15
47.22,"[0.06062, 0.0456, 0.3345684522883041]",0.0456,0.3345684522883041,-0.15500514816699218,-0.1565195310828879,-0.15623675667893586,0.39340133671788513,0.3953165492390941,0.3959165566957293,-0.274043857793794,-0.2843919104064073,-0.27942054508331793,-0.777240892875695,-0.7944731872913334,-0.7872801772792389,0.09765595970170646,0.09876862965541694,0.09850743679250959,1.891190594546984e-15,7.936928846180914e-18,-6.312174630508091e-15
47.24,"[0.06062, 0.0456, 0.3345684522883041]",0.0456,0.3345684522883041,-0.1552391537842598,-0.1565195310828879,-0.15656401595620353,0.39387922851409357,0.3953165492390941,0.3965660656640191,-0.2750654283871211,-0.2843919104064073,-0.2809080237614161,-0.7791483569195671,-0.7944731872913334,-0.7900178567580678,0.09781774034877318,0.09876862965541694,0.09873460949192826,2.2516857027041786e-15,7.936928846180914e-18,-6.443919254979927e-15
47.26,"[0.06062, 0.0456, 0.3340113809457121]",0.0456,0.3340113809457121,-0.1554768772163012,-0.15700528496925614,-0.15656401595620353,0.3943621574042585,0.3963283304279149,0.3965660656640191,-0.27611120174297704,-0.2864446884343406,-0.2809080237614161,-0.781095546131859,-0.7983245366106586,-0.7900178567580678,0.09798221488563988,0.09910289080185265,0.09873460949192826,-3.8921996473537016e-17,8.1173228309796e-18,-6.443919254979927e-15
47.28,"[0.06062, 0.0456, 0.3340113809457121]",0.0456,0.3340113809457121,-0.15568343357687853,-0.15700528496925614,-0.1569141404472746,0.39478089997401217,0.3963283304279149,0.397272537348498,-0.2770225979349509,-0.2864446884343406,-0.28246218492431413,-0.7827907851581265,-0.7983245366106586,-0.7928951335935996,0.09812516986064497,0.09910289080185265,0.0989769480580275,3.498672103560893e-15,8.1173228309796e-18,-6.662612862882438e-15
47.301,"[0.06062, 0.0456, 0.3340113809457121]",0.0456,0.3340113809457121,-0.15600371482388048,-0.15700528496925614,-0.15705397749433306,0.3954298594604499,0.3963283304279149,0.39753670994081175,-0.2784365622641545,-0.2864446884343406,-0.2831396205718335,-0.7854184398166257,-0.7983245366106586,-0.7941184569847016,0.09834681326672824,0.09910289080185265,0.09907472539053139,2.1011629877521498e-15,8.1173228309796e-18,-6.642402062403542e-15
47.32,"[0.06062, 0.0456, 0.33348996418826554]",0.0456,0.33348996418826554,-0.15610874109092848,-0.15745716383198605,-0.15722331501781173,0.3956405445087169,0.3972651917998008,0.3978731936918171,-0.2789068680992457,-0.2883670569910064,-0.28390734666135536,-0.7862884415371852,-0.8019205045279523,-0.7955296878632339,0.09841960447900999,0.0994139925423916,0.09919218591193162,9.789925430771806e-16,8.002815746286822e-18,-6.683010763752161e-15
47.34,"[0.06062, 0.0456, 0.33348996418826554]",0.0456,0.33348996418826554,-0.156305269759923,-0.15745716383198605,-0.1573776945595997,0.39603446431633305,0.3972651917998008,0.3981770265733773,-0.27978786368632513,-0.2883670569910064,-0.2846165015631945,-0.7879172675672583,-0.8019205045279523,-0.7968283179060344,0.09855582350414951,0.0994139925423916,0.09929943172304316,9.28593188248757e-16,8.002815746286822e-18,-6.882278599264587e-15
47.36,"[0.06062, 0.0456, 0.3330047165913528]",0.0456,0.3330047165913528,-0.15650903047186066,-0.15787528634538073,-0.15750980918840732,0.3964415511455839,0.39812823297662164,0.39842429663088147,-0.28070530489130785,-0.29015695808038866,-0.28526354498324974,-0.7896103671388404,-0.805259364123721,-0.7979921569831651,0.09869710906554842,0.09970198388583022,0.09939191014838704,1.539891526586486e-15,8.000031786139106e-18,-6.810639811130433e-15
47.38,"[0.06062, 0.0456, 0.3330047165913528]",0.0456,0.3330047165913528,-0.1566991784280045,-0.15787528634538073,-0.15766172021096347,0.39681827278820375,0.39812823297662164,0.39871556276479075,-0.28157137051715997,-0.29015695808038866,-0.28598528026292724,-0.7912029072164788,-0.805259364123721,-0.7993001334894134,0.09882912127109611,0.09970198388583022,0.09949783359932966,2.1213972902669196e-15,8.000031786139106e-18,-6.9703343911878334e-15
47.401,"[0.06062, 0.0456, 0.3325561170357672]",0.0456,0.3325561170357672,-0.15696158694465404,-0.15787528634538073,-0.1578003650738822,0.3973351829062357,0.39812823297662164,0.39897893367099124,-0.2827757300425242,-0.29015695808038866,-0.2866517855635191,-0.793411701056299,-0.805259364123721,-0.8005040495557828,0.09901144346245772,0.09970198388583022,0.09959464310142402,3.406201043993377e-16,8.000031786139106e-18,-7.24621249505937e-15
47.42,"[0.06062, 0.0456, 0.3325561170357672]",0.0456,0.3325561170357672,-0.15713720963260966,-0.15825976934579725,-0.15811170326051294,0.3976797806761177,0.39891851371652154,0.3995953877221652,-0.28358585646805845,-0.2918124617957053,-0.28806896973464424,-0.7948944556476321,-0.8083395207559335,-0.8031016148235542,0.09913352148923284,0.09996691516841257,0.09981060951159289,1.4571698297943954e-16,8.089348384621904e-18,-7.32984747370787e-15
47.44,"[0.06062, 0.0456, 0.3325561170357672]",0.0456,0.3325561170357672,-0.1572346589954011,-0.15825976934579725,-0.15824016090700027,0.39787134138094654,0.39891851371652154,0.3998383158298775,-0.2840341677990741,-0.2918124617957053,-0.28868961274462096,-0.7957151715689798,-0.8083395207559335,-0.8042202027614419,0.0992012302913679,0.09996691516841257,0.09990033948171746,-1.0139261450719514e-15,8.089348384621904e-18,-7.174225645392903e-15
47.46,"[0.06062, 0.0456, 0.33214460823511016]",0.0456,0.33214460823511016,-0.15741414317042085,-0.15861072636580276,-0.15838937747240486,0.3982232029969592,0.3996370451822687,0.4001321466232553,-0.2848628444762363,-0.29333177104349495,-0.2893735788028555,-0.7972304545883528,-0.8111595109764741,-0.8054703823524368,0.09932598534002877,0.10020883701057927,0.10000390765136845,-3.290542809902251e-16,7.994170796109677e-18,-7.077512969937612e-15
47.48,"[0.06062, 0.0456, 0.33214460823511016]",0.0456,0.33214460823511016,-0.15758600819691063,-0.15861072636580276,-0.1585255421408341,0.3985594575149601,0.3996370451822687,0.4003978740238847,-0.285658327061454,-0.29333177104349495,-0.2900052611254923,-0.798683524707544,-0.8111595109764741,-0.8066210288822917,0.09944546944371997,0.10020883701057927,0.10009854696192746,-1.9120111894499357e-16,7.994170796109677e-18,-7.140107367291239e-15
47.5,"[0.06062, 0.0456, 0.33214460823511016]",0.0456,0.33214460823511016,-0.15776451964625482,-0.15861072636580276,-0.15875459351817175,0.39890875665206,0.3996370451822687,0.40082631652973844,-0.28648424454205895,-0.29333177104349495,-0.29112620949080564,-0.8001916505079705,-0.8111595109764741,-0.8086327045797375,0.09956955417198345,0.10020883701057927,0.10025875726920605,5.355920726571886e-16,7.994170796109677e-18,-7.064673566046261e-15
47.52,"[0.06062, 0.0456, 0.33177059629888583]",0.0456,0.33177059629888583,-0.1579431283946895,-0.15892826624281423,-0.15887815937170868,0.39925588285170366,0.40028478164938264,0.4010598280227722,-0.28731790922176076,-0.2947132260547706,-0.2917231497585096,-0.8017096336463053,-0.8137180014989669,-0.8097070272915706,0.0996938232322659,0.10042779932400814,0.10034503330313133,-8.680192582389543e-16,8.02727460503837e-18,-6.918823428106641e-15
47.54,"[0.06062, 0.0456, 0.33177059629888583]",0.0456,0.33177059629888583,-0.15810966335350427,-0.15892826624281423,-0.15898339920148605,0.3995776164002385,0.40028478164938264,0.40124826168347283,-0.2881011803080879,-0.2947132260547706,-0.2922643865663512,-0.8031324494020593,-0.8137180014989669,-0.8106647644486065,0.09980978830247991,0.10042779932400814,0.10041908134056239,-2.3909162994628494e-16,8.02727460503837e-18,-6.84214808309373e-15
47.56,"[0.06062, 0.0456, 0.33143445033172025]",0.0456,0.33143445033172025,-0.15826620157994095,-0.1592124918115523,-0.1591041133943192,0.399878079974995,0.40086261271046986,0.40147429360482473,-0.2888434781928972,-0.295955308648133,-0.2928538707811369,-0.8044773929239919,-0.8160137882240289,-0.8117217863293102,0.09991888965614895,0.10062385037621281,0.10050345920169197,4.00832898351579e-16,7.995756530608816e-18,-6.8239801169214996e-15
47.58,"[0.06062, 0.0456, 0.33143445033172025]",0.0456,0.33143445033172025,-0.15841454054731763,-0.1592124918115523,-0.15921377132881137,0.4001610176921453,0.40086261271046986,0.4016770368588619,-0.28955239921377307,-0.295955308648133,-0.29339751066327346,-0.8057586957089521,-0.8160137882240289,-0.8126925799388646,0.10002236386210223,0.10062385037621281,0.10058024963714851,5.556718221522722e-16,7.995756530608816e-18,-6.941087575781397e-15
47.601,"[0.06062, 0.0456, 0.33113650206909967]",0.0456,0.33113650206909967,-0.15855652518169702,-0.1592124918115523,-0.159307415925028,0.4004308144413612,0.40086261271046986,0.40184062202593673,-0.2902340428082374,-0.295955308648133,-0.29389177017639523,-0.8069887622949926,-0.8160137882240289,-0.8135606387927438,0.10012145101997103,0.10062385037621281,0.10064634428317396,7.659505024711648e-16,7.995756530608816e-18,-7.073004119938359e-15
47.62,"[0.06062, 0.0456, 0.33113650206909967]",0.0456,0.33113650206909967,-0.1586991944229295,-0.15946349868937806,-0.15951024665736838,0.40069867788283003,0.40137135602986174,0.4022082379861015,-0.2909290110166671,-0.2970566462109927,-0.29492017478068844,-0.8082374188367977,-0.8180457953283244,-0.8153847940064789,0.1002211807397797,0.10079703591973645,0.10078874912646704,1.3870852650187687e-15,7.956049645731379e-18,-7.12115469982754e-15
47.64,"[0.06062, 0.0456, 0.33113650206909967]",0.0456,0.33113650206909967,-0.1588446212004978,-0.15946349868937806,-0.15959105185539152,0.4009699059572079,0.40137135602986174,0.4023431574369461,-0.29164294396324736,-0.2970566462109927,-0.29536611669422774,-0.8095168818947944,-0.8180457953283244,-0.8161586227514294,0.10032292229252768,0.10079703591973645,0.10084610648582043,-2.8059938854804577e-16,7.956049645731379e-18,-7.0546680160539516e-15
47.66,"[0.06062, 0.0456, 0.3308770455499875]",0.0456,0.3308770455499875,-0.1589791705571053,-0.15968137416317707,-0.15968114482362802,0.40121868098818075,0.40181175069969366,0.40250249949467065,-0.2923102120184027,-0.29801601536669375,-0.295835109263334,-0.8107091680777411,-0.8198130744238966,-0.8169842070786492,0.10041716512671049,0.10094739839265841,0.10090955794709575,4.480933252603309e-16,7.969889591258296e-18,-7.045727905754166e-15
47.68,"[0.06062, 0.0456, 0.3308770455499875]",0.0456,0.3308770455499875,-0.15916210805290304,-0.15968137416317707,-0.15976407547993124,0.4015536890973222,0.40181175069969366,0.4026451400996127,-0.29322747078583905,-0.29801601536669375,-0.2962794671181929,-0.8123428313268171,-0.8198130744238966,-0.8177605736144864,0.10054546401238329,0.10094739839265841,0.10096818237506411,1.825649489018063e-15,7.969889591258296e-18,-7.136560997995232e-15
47.7,"[0.06062, 0.0456, 0.3308770455499875]",0.0456,0.3308770455499875,-0.15922230479560767,-0.15968137416317707,-0.15989434827067286,0.40166283419776794,0.40181175069969366,0.4028477184508644,-0.29353267042349646,-0.29801601536669375,-0.29704491214596984,-0.8128846055593606,-0.8198130744238966,-0.8190676964491953,0.10058773584854579,0.10094739839265841,0.1010614331293792,9.884218493712874e-16,7.969889591258296e-18,-7.29858950464076e-15
47.72,"[0.06062, 0.0456, 0.33065633682664347]",0.0456,0.33065633682664347,-0.15934444856273078,-0.15986619618594045,-0.15996280424698772,0.4018795822905792,0.40218445124504504,0.4029597400021738,-0.29416665934273917,-0.29883234529740027,-0.2974294964291609,-0.8140027745555428,-0.8213148037942312,-0.8197312421386838,0.1006737564518398,0.1010749761967126,0.10111012147534718,1.77347009268555e-16,8.02777823528998e-18,-7.276378837471745e-15
47.74,"[0.06062, 0.0456, 0.33065633682664347]",0.0456,0.33065633682664347,-0.15945577510487038,-0.15986619618594045,-0.16001812633451165,0.4020747303165569,0.40218445124504504,0.4030418271156651,-0.2947519858121883,-0.29883234529740027,-0.2977667733227763,-0.81503146429152,-0.8213148037942312,-0.8203018334207194,0.10075228385496589,0.1010749761967126,0.10114992337653686,6.924250068834094e-16,8.02777823528998e-18,-7.302487343300559e-15
47.76,"[0.06062, 0.0456, 0.3304745937119312]",0.0456,0.3304745937119312,-0.15955764285062454,-0.16001803249054228,-0.16006140635106175,0.40225109086856564,0.40249002232167064,0.40309662857550904,-0.29529444052729603,-0.29950472069502304,-0.29806018071571855,-0.8159814812179214,-0.8225502877132495,-0.8207865689330153,0.10082425319275361,0.10117980305881055,0.10118156943419547,1.1588633097957847e-15,8.009462482813252e-18,-7.372441915763394e-15
47.78,"[0.06062, 0.0456, 0.3304745937119312]",0.0456,0.3304745937119312,-0.15964946271421773,-0.16001803249054228,-0.16011668278047597,0.40240681090189073,0.40249002232167064,0.40318171117282864,-0.2957935245062576,-0.29950472069502304,-0.2983874464278968,-0.8168508216949208,-0.8225502877132495,-0.8213437223918391,0.10088929513323412,0.10117980305881055,0.10122116350656028,1.5551041841090656e-15,8.009462482813252e-18,-7.505884410970962e-15
47.8,"[0.06062, 0.0456, 0.3304745937119312]",0.0456,0.3304745937119312,-0.15973823452680544,-0.16001803249054228,-0.16016095895634164,0.4025540419537573,0.40249002232167064,0.40324230231386116,-0.2962863696799059,-0.29950472069502304,-0.29867329422097444,-0.8177044728345738,-0.8225502877132495,-0.8218207240129488,0.10095235012396142,0.10117980305881055,0.10125328488969156,1.7635601579456843e-15,8.009462482813252e-18,-7.564397163550098e-15
47.821,"[0.06062, 0.0456, 0.33033199556436266]",0.0456,0.33033199556436266,-0.15984920647696213,-0.16013693982746488,-0.16020479799386275,0.40273565262947186,0.4027289341452687,0.40330497941479726,-0.2969100725714953,-0.3000323843152683,-0.29894782012218035,-0.8187813397829364,-0.823518955853067,-0.8222817323063014,0.10103130161314783,0.10126190748117354,0.10128493750394224,2.24842566940184e-15,8.017621367747208e-18,-7.683559516660261e-15
47.841,"[0.06062, 0.0456, 0.33033199556436266]",0.0456,0.33033199556436266,-0.15991676886517245,-0.16013693982746488,-0.16024024731392456,0.4028438247190717,0.4027289341452687,0.4033492479247159,-0.29729724461466245,-0.3000323843152683,-0.2991899217243755,-0.8194464143696087,-0.823518955853067,-0.8226805482619108,0.10107949243219336,0.10126190748117354,0.10131087708346745,2.0802836933649667e-15,8.017621367747208e-18,-7.796696156202755e-15
47.86,"[0.06062, 0.0456, 0.33022868311109355]",0.0456,0.33022868311109355,-0.15994911671004924,-0.1602229633323634,-0.16027787222434525,0.4028943670398464,0.40290155868617383,0.403400834215234,-0.29748651233009704,-0.30041473911298006,-0.29943240417242045,-0.8197698277626311,-0.824220362785768,-0.823084905032144,0.10110263089721301,0.10132131228461301,0.10133815659240163,1.546713868756851e-15,8.001626778733676e-18,-7.903142756476203e-15
47.88,"[0.06062, 0.0456, 0.33022868311109355]",0.0456,0.33022868311109355,-0.16000819401582703,-0.1602229633323634,-0.16030839600787614,0.4029859530374112,0.40290155868617383,0.40343710483233763,-0.29783440836835096,-0.30041473911298006,-0.29964662188877156,-0.8203633003417482,-0.824220362785768,-0.8234355782898505,0.101144925623289,0.10132131228461301,0.10136058702617692,1.350918015268128e-15,8.001626778733676e-18,-7.996347274132808e-15
47.9,"[0.06062, 0.0456, 0.33022868311109355]",0.0456,0.33022868311109355,-0.16006248525379815,-0.1602229633323634,-0.16033237523489963,0.4030684075232953,0.40290155868617383,0.4034593822359847,-0.29815944935130023,-0.30041473911298006,-0.29983441293347257,-0.8209154725659261,-0.824220362785768,-0.8237362964925861,0.10118388255059177,0.10132131228461301,0.10137854223847868,1.2112463209189863e-15,8.001626778733676e-18,-8.080767704944864e-15
47.92,"[0.06062, 0.0456, 0.3301647583090421]",0.0456,0.3301647583090421,-0.16011160621977524,-0.16027613602842275,-0.1603594978628779,0.40314068775276496,0.4030081666579133,0.403490233326117,-0.2984607912464349,-0.3006513499403744,-0.30002906730096857,-0.8214243644809782,-0.8246541875838079,-0.8240533553872037,0.1012192519219767,0.10135803424877395,0.10139854499627192,1.1050109878884286e-15,7.999532376299128e-18,-8.190949343764121e-15
47.94,"[0.06062, 0.0456, 0.3301647583090421]",0.0456,0.3301647583090421,-0.16016112015279435,-0.16027613602842275,-0.16038364307115516,0.4032095629764316,0.4030081666579133,0.4035148489694803,-0.2987769862774219,-0.3006513499403744,-0.30021129302213595,-0.821953253863063,-0.8246541875838079,-0.8243471664140899,0.1012551136031031,0.10135803424877395,0.10141650496843636,3.6056687649796564e-16,7.999532376299128e-18,-8.266818473792637e-15
47.96,"[0.06062, 0.0456, 0.3301402842442701]",0.0456,0.3301402842442701,-0.16020339950727921,-0.16029647846743872,-0.16041431133549636,0.4032675673154858,0.4030489253222535,0.40352866423131156,-0.2990495045675179,-0.3007419447933861,-0.3004975330016779,-0.8224080972550138,-0.8248202335228023,-0.8247911716091131,0.10128577796230877,0.10137208385236372,0.10144025517457358,9.707394877200028e-16,8.00189718840667e-18,-8.382693239176187e-15
47.98,"[0.06062, 0.0456, 0.3301402842442701]",0.0456,0.3301402842442701,-0.16024209753459373,-0.16029647846743872,-0.16042481766639197,0.40331652381336,0.4030489253222535,0.4035263960223721,-0.29931189620040144,-0.3007419447933861,-0.30061758052157767,-0.8228411046761812,-0.8248202335228023,-0.8249716971621784,0.10131406539961636,0.10137208385236372,0.10144876816043795,3.943232942978672e-16,8.00189718840667e-18,-8.405708491262755e-15
48.0,"[0.06062, 0.0456, 0.3301402842442701]",0.0456,0.3301402842442701,-0.16027586878985403,-0.16029647846743872,-0.16043112831744494,0.4033566036722591,0.4030489253222535,0.4035159508986509,-0.2995491719531973,-0.3007419447933861,-0.3007182161179074,-0.8232296699559817,-0.8248202335228023,-0.8251170218630821,0.10133889275523718,0.10137208385236372,0.10145437056833033,3.9661020194029097e-16,8.00189718840667e-18,-8.430890081713962e-15
48.02,"[0.06062, 0.0456, 0.3301552850697249]",0.0456,0.3301552850697249,-0.16030480014150095,-0.16028399851248104,-0.16043414590966973,0.4033878197067905,0.4030238971273009,0.4034984369498867,-0.29976223314938805,-0.30068641559520903,-0.30080565497345085,-0.8235751876024857,-0.8247184278895902,-0.8252373771416702,0.10136032932280685,0.10136346511556571,0.10145772374783778,3.8185952296340835e-16,8.000823203067235e-18,-8.472439438257264e-15
48.04,"[0.06062, 0.0456, 0.3301552850697249]",0.0456,0.3301552850697249,-0.16033981198868047,-0.16028399851248104,-0.1604337373497283,0.40341542388593243,0.4030238971273009,0.40347470600705776,-0.3000520155632003,-0.30068641559520903,-0.30087580584623064,-0.8240346162441081,-0.8247184278895902,-0.8253271298035124,0.1013868184108652,0.10136346511556571,0.10145867573955311,2.6813235292097597e-16,8.000823203067235e-18,-8.488666519959224e-15
48.06,"[0.06062, 0.0456, 0.33020974598140274]",0.0456,0.33020974598140274,-0.16034920452478346,-0.16023869126387266,-0.16042078335308974,0.40342135209824165,0.40293303918893747,0.40340273593517584,-0.3001343945960277,-0.3004848185101022,-0.300962646976118,-0.8241638676038621,-0.8243488218974628,-0.8254083626591333,0.10139400414362429,0.1013321755459738,0.1014522077709953,3.447080344805858e-16,7.98684842363982e-18,-8.535807235116536e-15
48.08,"[0.06062, 0.0456, 0.33020974598140274]",0.0456,0.33020974598140274,-0.16036367697135326,-0.16023869126387266,-0.16040999888299204,0.4034217160256485,0.40293303918893747,0.40335775814885444,-0.30028888706130574,-0.3004848185101022,-0.30098801651847223,-0.8243986946286223,-0.8243488218974628,-0.8254153041289171,0.10140554944030289,0.1013321755459738,0.10144601843285084,2.444573890219308e-16,7.98684842363982e-18,-8.556498050264382e-15
48.1,"[0.06062, 0.0456, 0.33020974598140274]",0.0456,0.33020974598140274,-0.16037247813456346,-0.16023869126387266,-0.1603976082228445,0.4034095640294356,0.40293303918893747,0.4033111255668871,-0.3004217216667472,-0.3004848185101022,-0.30100134452363697,-0.8245918504409177,-0.8243488218974628,-0.8254027936024535,0.1014132385486786,0.1013321755459738,0.10143863612430754,2.2119550615060258e-16,7.98684842363982e-18,-8.577461277004349e-15
48.12,"[0.06062, 0.0456, 0.3303036132329589]",0.0456,0.3303036132329589,-0.1603783680107494,-0.16016053912907635,-0.1603746214719834,0.40339505765430717,0.4027762036194784,0.403241664170796,-0.3005306504976687,-0.30013737378463035,-0.3009724792505261,-0.824747055596229,-0.8237115907094379,-0.8253103215766348,0.10141872849560854,0.10127820618850257,0.10142402185123493,1.6050251905616743e-16,7.989637127086934e-18,-8.596398716422442e-15
48.14,"[0.06062, 0.0456, 0.3303036132329589]",0.0456,0.3303036132329589,-0.16037972497596092,-0.16016053912907635,-0.1603512754111491,0.40337216441846624,0.4027762036194784,0.4031722339791744,-0.3006171958438736,-0.30013737378463035,-0.30093966536493394,-0.824862398622071,-0.8237115907094379,-0.8252118698288332,0.10142104951754544,0.10127820618850257,0.10140911923458058,2.1050657377250237e-16,7.989637127086934e-18,-8.60942333844661e-15
48.16,"[0.06062, 0.0456, 0.3304367941887489]",0.0456,0.3304367941887489,-0.16037431955864578,-0.16004951203591966,-0.16032800994355653,0.40333417763537766,0.4025531387009883,0.4031050459942081,-0.3006784650614571,-0.2996444651176285,-0.30090070495870197,-0.8249287981585945,-0.8228070335693887,-0.8251056316578633,0.10141878276357348,0.10120154177884015,0.1013941609064797,1.2474000197651578e-16,7.967732128437673e-18,-8.640581572432274e-15
48.18,"[0.06062, 0.0456, 0.3304367941887489]",0.0456,0.3304367941887489,-0.16036552073177782,-0.16004951203591966,-0.1602925117905509,0.40329064262393227,0.4025531387009883,0.4030099870092497,-0.3007206906505154,-0.2996444651176285,-0.3008177649378536,-0.824962396530694,-0.8228070335693887,-0.8249132113886348,0.10141410461051689,0.10120154177884015,0.10137093430104968,-9.012707452375678e-18,7.967732128437673e-18,-8.668121986566852e-15
48.2,"[0.06062, 0.0456, 0.3304367941887489]",0.0456,0.3304367941887489,-0.16035164903294408,-0.16004951203591966,-0.16025804259596516,0.4032373180575191,0.4025531387009883,0.40291933523406703,-0.30073913477369424,-0.2996444651176285,-0.3007320732625935,-0.8249530513609434,-0.8228070335693887,-0.8247196662357554,0.10140590225150939,0.10120154177884015,0.10134829271967673,-3.1636537345196206e-17,7.967732128437673e-18,-8.698354517574871e-15
48.22,"[0.06062, 0.0456, 0.3306091574152485]",0.0456,0.3306091574152485,-0.16033386380991746,-0.15990556778744275,-0.1602085810304226,0.40317690132143946,0.4022634908942785,0.4027939435108452,-0.3007377930951687,-0.29900663856430576,-0.3005942805343122,-0.8249087081943958,-0.8216355740398109,-0.8244228063836071,0.1013949564402524,0.1011021609991294,0.10131554765996072,-1.3456364428684878e-16,7.989621938999336e-18,-8.729099776162434e-15
48.24,"[0.06062, 0.0456, 0.3306091574152485]",0.0456,0.3306091574152485,-0.16031006008181303,-0.15990556778744275,-0.16011507695716218,0.4031041393378026,0.4022634908942785,0.40256092197200943,-0.30071052571719276,-0.29900663856430576,-0.3003212413494142,-0.8248163868575878,-0.8216355740398109,-0.8238452724246673,0.10137986877178813,0.1011021609991294,0.1012534302294491,-1.0689599746740849e-16,7.989621938999336e-18,-8.774917034886515e-15
48.26,"[0.06062, 0.0456, 0.33082053281076274]",0.0456,0.33082053281076274,-0.1602771686521695,-0.15972865255553312,-0.1600704703664699,0.40301124708873975,0.4019068076683122,0.4024510388955498,-0.30064880959108276,-0.29822460098394915,-0.30018699451699266,-0.8246576893504519,-0.820197760344005,-0.8235645545191581,0.10135860792613142,0.10098003683370026,0.1012237284353058,4.3986976020224533e-16,7.9784169668601e-18,-8.808866484477273e-15
48.28,"[0.06062, 0.0456, 0.33082053281076274]",0.0456,0.33082053281076274,-0.16023789597788565,-0.15972865255553312,-0.16000966498722857,0.4029048075324086,0.4019068076683122,0.40230365573216265,-0.3005610647355871,-0.29822460098394915,-0.2999963156096031,-0.8244499937397414,-0.820197760344005,-0.823171980135053,0.10133298082266594,0.10098003683370026,0.10118310655005434,3.8116802044048553e-17,7.9784169668601e-18,-8.879520755123191e-15
48.3,"[0.06062, 0.0456, 0.33082053281076274]",0.0456,0.33082053281076274,-0.16019453208966022,-0.15972865255553312,-0.15989917613923357,0.40279058869073653,0.4019068076683122,0.4020410008870471,-0.3004537624102353,-0.29822460098394915,-0.299633762383498,-0.8242071711620903,-0.820197760344005,-0.8224376740862724,0.10130450471066112,0.10098003683370026,0.10110901722656629,-1.36055614896406e-16,7.9784169668601e-18,-8.94642353013717e-15
48.32,"[0.06062, 0.0456, 0.33107071177329594]",0.0456,0.33107071177329594,-0.16014328674019845,-0.15951870150942665,-0.1598265018736528,0.40265970057750444,0.40148254112862164,0.40186952124336894,-0.30031410242557544,-0.29729921804459086,-0.29939110877368497,-0.8239035464931903,-0.8184942658094749,-0.8219492459529415,0.10127063185477986,0.10083513702184346,0.10106020966269207,4.04925165241517e-16,7.92458385893483e-18,-9.008177205123687e-15
48.34,"[0.06062, 0.0456, 0.33107071177329594]",0.0456,0.33107071177329594,-0.16008963829945674,-0.15951870150942665,-0.1597596898162267,0.40252499967232364,0.40148254112862164,0.4017143282869841,-0.3001605724651884,-0.29729921804459086,-0.2991603658254687,-0.8235761879297853,-0.8184942658094749,-0.8214902139258465,0.10123504431882335,0.10083513702184346,0.10101520739715139,2.676012022766755e-16,7.92458385893483e-18,-9.056631825978353e-15
48.363,"[0.06062, 0.0456, 0.3313594474064166]",0.0456,0.3313594474064166,-0.15999924095310852,-0.15927563957413599,-0.15969575897578803,0.4023031554849922,0.4009900524174935,0.401567099567946,-0.2998857304748351,-0.29623151180176294,-0.2989356040049292,-0.8230036286963257,-0.816525889408514,-0.8210457950966017,0.10117480071531962,0.10066742460383081,0.10097207758773073,2.955855445506989e-16,7.976828172551945e-18,-9.047051773858515e-15
48.38,"[0.06062, 0.0456, 0.3313594474064166]",0.0456,0.3313594474064166,-0.15996889275537535,-0.15927563957413599,-0.15961097774267113,0.40222954989348453,0.4009900524174935,0.4013707420431605,-0.2997907178323443,-0.29623151180176294,-0.2986408148792726,-0.8228078453401478,-0.816525889408514,-0.8204606444164061,0.10115452840245162,0.10066742460383081,0.10091493295828584,-4.777643725401831e-16,7.976828172551945e-18,-9.105168901419532e-15
48.4,"[0.06062, 0.0456, 0.3313594474064166]",0.0456,0.3313594474064166,-0.15990088890296109,-0.15927563957413599,-0.15945957934240426,0.4020663764022965,0.4009900524174935,0.40102718889540934,-0.2995722362798433,-0.29623151180176294,-0.298092225421054,-0.8223618771718765,-0.816525889408514,-0.8193867448896518,0.10110900526785216,0.10066742460383081,0.10081250478217096,-6.502019575844436e-16,7.976828172551945e-18,-9.124680691612226e-15
48.42,"[0.06062, 0.0456, 0.3316864547629143]",0.0456,0.3316864547629143,-0.159823692788307,-0.15899938231291844,-0.15936252208700508,0.40188395807367316,0.40042861685315834,0.4008053195524923,-0.29931535582749796,-0.2950226578719577,-0.29774541079685884,-0.8218440727761425,-0.8142935563911667,-0.8187044985145618,0.10105717475770369,0.10047685855564979,0.10074691830031712,2.283759602985399e-16,7.883973804870561e-18,-9.182715953011508e-15
48.44,"[0.06062, 0.0456, 0.3316864547629143]",0.0456,0.3316864547629143,-0.1597448055080455,-0.15899938231291844,-0.15918122061437814,0.40169898499588436,0.40042861685315834,0.4003957131892706,-0.2990482795964399,-0.2950226578719577,-0.2970824138287385,-0.8213089558474445,-0.8142935563911667,-0.8174102544892479,0.10100412881395934,0.10047685855564979,0.1006241420222899,7.225269060432034e-17,7.883973804870561e-18,-9.206705906976256e-15
48.46,"[0.06062, 0.0456, 0.33205141112600817]",0.0456,0.33205141112600817,-0.15964567031529683,-0.15868983692703162,-0.15906847613230246,0.40146923063288265,0.3997974297700834,0.4001390934392322,-0.29870408715040647,-0.29367398222466423,-0.2966758258594272,-0.8206252719193972,-0.8117983190051373,-0.8166126032621028,0.10093731683558156,0.1002633945072566,0.10054788198393791,9.211062301466583e-16,7.879318276759697e-18,-9.329114902895736e-15
48.48,"[0.06062, 0.0456, 0.33205141112600817]",0.0456,0.33205141112600817,-0.1595461504239147,-0.15868983692703162,-0.15896683740474415,0.40123960034396533,0.3997974297700834,0.39991175433169174,-0.29835531043093844,-0.29367398222466423,-0.296296751538723,-0.8199346534921954,-0.8117983190051373,-0.8158771078943218,0.10087018761701379,0.1002633945072566,0.10047891680225557,5.257940834143288e-16,7.879318276759697e-18,-9.414770386852045e-15
48.5,"[0.06062, 0.0456, 0.33205141112600817]",0.0456,0.33205141112600817,-0.15944522843575193,-0.15868983692703162,-0.15887647311455677,0.40100777012168404,0.3997974297700834,0.39971406213581645,-0.2979983009388566,-0.29367398222466423,-0.2959458594757983,-0.8192299144189378,-0.8117983190051373,-0.8152050455059096,0.1008020530283544,0.1002633945072566,0.10041736178179936,-1.9326488029217312e-19,7.879318276759697e-18,-9.452709631227622e-15
48.52,"[0.06062, 0.0456, 0.33245395632782965]",0.0456,0.33245395632782965,-0.15934529771084044,-0.15834690336526677,-0.15875213903637148,0.4007797579023689,0.39909561301780283,0.39943353512044183,-0.2976399173551103,-0.29218695761977403,-0.2954894505497172,-0.8185256749476542,-0.8090413572967297,-0.8143144975284775,0.10073450164314363,0.10002698553855316,0.10033311250174724,-5.927181005003486e-16,7.907180993610106e-18,-9.4100357155379e-15
48.54,"[0.06062, 0.0456, 0.33245395632782965]",0.0456,0.33245395632782965,-0.15924378762972813,-0.15834690336526677,-0.15864063951942814,0.40054922300555873,0.39909561301780283,0.3991851420138459,-0.29727240547401274,-0.29218695761977403,-0.2950703744942223,-0.8178057005632255,-0.8090413572967297,-0.8135029524716029,0.10066582014127665,0.10002698553855316,0.1002573919294723,-5.813876456967889e-16,7.907180993610106e-18,-9.310060523134724e-15
48.56,"[0.06062, 0.0456, 0.33289369310486433]",0.0456,0.33289369310486433,-0.15907045704651265,-0.15797047553509574,-0.15840655020233652,0.40015804915679126,0.3983222220715345,0.39866524673074005,-0.29663697415689644,-0.2905631997197463,-0.29418520907039164,-0.8165657238051136,-0.8060239799865911,-0.8117916421047062,0.10054840123019866,0.09976758304678493,0.10009831323091062,-5.822817872284376e-16,7.877213388327005e-18,-9.301456112577692e-15
48.581,"[0.06062, 0.0456, 0.33289369310486433]",0.0456,0.33289369310486433,-0.158956493083867,-0.15797047553509574,-0.15828521333409779,0.39990185016120616,0.3983222220715345,0.3983955540077746,-0.2962159908467273,-0.2905631997197463,-0.2937270834779173,-0.8157461273902452,-0.8060239799865911,-0.8109051875293175,0.10047114021415234,0.09976758304678493,0.10001586455829545,-5.93481812510647e-16,7.877213388327005e-18,-9.188117144626718e-15
48.6,"[0.06062, 0.0456, 0.33289369310486433]",0.0456,0.33289369310486433,-0.15888936510889043,-0.15797047553509574,-0.15806987812339862,0.3997512205460569,0.3983222220715345,0.39792264306113595,-0.2959671001143846,-0.2905631997197463,-0.29289644781457397,-0.8152620334079859,-0.8060239799865911,-0.8093087228893558,0.10042561264845813,0.09976758304678493,0.0998692406499714,1.410626656832856e-16,7.877213388327005e-18,-9.253807813676929e-15
48.62,"[0.06062, 0.0456, 0.3333701874900034]",0.0456,0.3333701874900034,-0.15874302862167688,-0.1575604426067351,-0.15793685845384958,0.3994242195760781,0.39747625370420525,0.39762483779359786,-0.29542024578912685,-0.28880446290812684,-0.2924007438901651,-0.8142009214035432,-0.8027476254138639,-0.8083447570127186,0.1003262870614775,0.09948513767862836,0.09977895265502203,7.57612337243448e-16,7.848202220783187e-18,-9.37977955983156e-15
48.641,"[0.06062, 0.0456, 0.3333701874900034]",0.0456,0.3333701874900034,-0.15860182806004913,-0.1575604426067351,-0.1578147010782918,0.3991091395118588,0.39747625370420525,0.3973528577286088,-0.29489115379006947,-0.28880446290812684,-0.29194093828269385,-0.8131750071054151,-0.8027476254138639,-0.8074533859200552,0.10023041944359222,0.09948513767862836,0.09969595889539742,-1.0281332414400911e-17,7.848202220783187e-18,-9.344629973610488e-15
48.66,"[0.06062, 0.0456, 0.3338829692408166]",0.0456,0.3338829692408166,-0.1584522739335148,-0.15711669040102247,-0.157662063734597,0.3987754459734156,0.39655665416644953,0.39701045390034995,-0.29433061285219686,-0.2869126358478493,-0.29137400607702685,-0.812087899087415,-0.7992138625423871,-0.8063488143571438,0.10012887193923184,0.09917960031991009,0.0995923702264222,-1.1561362277574244e-15,7.802797701683481e-18,-9.273699389239667e-15
48.68,"[0.06062, 0.0456, 0.3338829692408166]",0.0456,0.3338829692408166,-0.15831587135665331,-0.15711669040102247,-0.15752539269246474,0.398470913824449,0.39655665416644953,0.3967088553221461,-0.293819881471981,-0.2869126358478493,-0.29085077158404543,-0.811096884436568,-0.7992138625423871,-0.805339167691909,0.10003625959380222,0.09917960031991009,0.09949934475706977,-1.1485936500838771e-15,7.802797701683481e-18,-9.203050107762381e-15
48.7,"[0.06062, 0.0456, 0.3338829692408166]",0.0456,0.3338829692408166,-0.15817798080424905,-0.15711669040102247,-0.1574039783487858,0.3981632665814211,0.39655665416644953,0.3964469393380794,-0.2933028417061908,-0.2869126358478493,-0.2903670739612355,-0.81009378646219,-0.7992138625423871,-0.80441736133714,0.09994261806686179,0.09917960031991009,0.09941637418935081,-1.3879440732456878e-15,7.802797701683481e-18,-9.10710829376804e-15
48.72,"[0.06062, 0.0456, 0.3344315323036247]",0.0456,0.3344315323036247,-0.15804184762864096,-0.1566391028517231,-0.157244811762569,0.39786073684412304,0.3955623278186907,0.3960915946711738,-0.29278857862924573,-0.2848897368141682,-0.28977021944059556,-0.8090982282675914,-0.7954243920227969,-0.8032569708781,0.0998500990810269,0.0988509231356637,0.09930823385468335,-1.7620631032720086e-15,7.850494274728153e-18,-8.977487052235365e-15
48.74,"[0.06062, 0.0456, 0.3344315323036247]",0.0456,0.3344315323036247,-0.15790473580684733,-0.1566391028517231,-0.15696270993756534,0.3975565808516567,0.3955623278186907,0.39546515028534746,-0.2922688072988107,-0.2848897368141682,-0.2887020897820265,-0.8080928245121459,-0.7954243920227969,-0.8011865406420416,0.09975687731793935,0.0988509231356637,0.09911639078697361,-1.4990298015352934e-15,7.850494274728153e-18,-8.651447998641679e-15
48.76,"[0.06062, 0.0456, 0.3350153353129136]",0.0456,0.3350153353129136,-0.1577379132622876,-0.15612756353274013,-0.15678854260697997,0.39718613092134897,0.3944921461575761,0.3950695392130509,-0.2916374496197697,-0.28273790883807864,-0.28807003422528543,-0.8068702495984418,-0.7913810473047508,-0.7999432616515777,0.09964346055287242,0.09849906065309365,0.09899840466331254,1.9697779064401162e-16,7.67968031680122e-18,-8.752044154039372e-15
48.78,"[0.06062, 0.0456, 0.3350153353129136]",0.0456,0.3350153353129136,-0.15757320789753287,-0.15612756353274013,-0.15662777564309438,0.39681958349365354,0.3944921461575761,0.3947057067840888,-0.2910165257034539,-0.28273790883807864,-0.2874824905625569,-0.8056660170049159,-0.7913810473047508,-0.7987901223066741,0.09953151868478441,0.09849906065309365,0.0988894247181194,-1.1250392478437188e-16,7.67968031680122e-18,-8.685050339890894e-15
48.8,"[0.06062, 0.0456, 0.3350153353129136]",0.0456,0.3350153353129136,-0.1573935757691895,-0.15612756353274013,-0.15635041530934057,0.396417946919211,0.3944921461575761,0.39409615668423664,-0.2903450590351876,-0.28273790883807864,-0.2864116629338936,-0.8043595970194667,-0.7913810473047508,-0.7967253029981849,0.09940952083091789,0.09849906065309365,0.098700405539889,-1.0684355477059403e-15,7.67968031680122e-18,-8.780473680621329e-15
48.821,"[0.06062, 0.0456, 0.3356338021255965]",0.0456,0.3356338021255965,-0.15712162324146983,-0.15558195724068608,-0.15617594365796647,0.39581222304665864,0.39334495717782003,0.39370359002347,-0.28932099939597705,-0.28045941469668473,-0.2857662841472049,-0.8023712291632228,-0.7870857957940679,-0.7954624638602249,0.0992246797232388,0.09812397087998478,0.09858197322361265,-1.6080166228391846e-15,7.889452830607624e-18,-8.871421579160389e-15
48.84,"[0.06062, 0.0456, 0.3356338021255965]",0.0456,0.3356338021255965,-0.15702705528312078,-0.15558195724068608,-0.15586749385609955,0.3956013597445333,0.39334495717782003,0.3930168108959421,-0.28896552787562724,-0.28045941469668473,-0.28460255627511644,-0.8016803526367648,-0.7870857957940679,-0.793199713420407,0.09916040907317045,0.09812397087998478,0.09837219535996689,-3.8182191283411623e-16,7.889452830607624e-18,-8.810406560696828e-15
48.86,"[0.06062, 0.0456, 0.33628632238959766]",0.0456,0.33628632238959766,-0.15682003587228108,-0.15500217162339716,-0.15573185562382483,0.3951397524387185,0.3921195950099108,0.3927205191003862,-0.2881872042835041,-0.2780566317871681,-0.2840727854296058,-0.8001672031464918,-0.782540740050297,-0.792180893612623,0.09901970029960937,0.09772561645114959,0.09827963011640112,8.164280282762244e-16,8.157517865438785e-18,-8.914115618657438e-15
48.88,"[0.06062, 0.0456, 0.33628632238959766]",0.0456,0.33628632238959766,-0.15661328162507301,-0.15500217162339716,-0.15555163652628223,0.3946800981048097,0.3921195950099108,0.3923156851718985,-0.2874054647097297,-0.2780566317871681,-0.28340348521225184,-0.7986498043422531,-0.782540740050297,-0.790871566287295,0.09887908696460242,0.09772561645114959,0.09815722103257252,-1.1381092524456161e-15,8.157517865438785e-18,-9.099843821495562e-15
48.9,"[0.06062, 0.0456, 0.33628632238959766]",0.0456,0.33628632238959766,-0.15641156905630288,-0.15500217162339716,-0.1553942622151335,0.3942308596479312,0.3921195950099108,0.3919766011197341,-0.28664508861368904,-0.2780566317871681,-0.28277328957069714,-0.7971719391190253,-0.782540740050297,-0.7896678433748979,0.09874193243731959,0.09772561645114959,0.09804952069604872,-2.0512189553121543e-15,8.157517865438785e-18,-8.98536270668634e-15
48.92,"[0.06062, 0.0456, 0.3369722521461963]",0.0456,0.3369722521461963,-0.15623244444448253,-0.15438809884521348,-0.15518625302674674,0.39383306809263807,0.3908148897741467,0.39150444468462103,-0.28596616441176287,-0.2755320469208201,-0.28201547285324313,-0.7958544959969834,-0.7777481190211082,-0.7881744446454142,0.09862006723656831,0.09730396579566841,0.0979084602560533,-2.3822272338246944e-15,8.175477288642781e-18,-8.729322122106148e-15
48.941,"[0.06062, 0.0456, 0.3369722521461963]",0.0456,0.3369722521461963,-0.15594688558282754,-0.15438809884521348,-0.154997355709646,0.39319800464789945,0.3908148897741467,0.3910819329552319,-0.2848861055210333,-0.2755320469208201,-0.2813074264066744,-0.793755914679482,-0.7777481190211082,-0.7867919175586654,0.0984258023884197,0.09730396579566841,0.09778000773817706,-5.938926709239094e-16,8.175477288642781e-18,-8.44691755838022e-15
48.96,"[0.06062, 0.0456, 0.3376909144655359]",0.0456,0.3376909144655359,-0.15585193259550853,-0.15373963728022008,-0.15482781564826828,0.39298639747883324,0.3894296775920666,0.3907116891328699,-0.2845282376140039,-0.27288825107303316,-0.2806434952984547,-0.793059514971159,-0.7727103093109321,-0.7855134801552931,0.09836122292329356,0.09685899431792198,0.09766421519951715,-2.4247695381394406e-15,7.872562568931387e-18,-8.48383757264713e-15
48.98,"[0.06062, 0.0456, 0.3376909144655359]",0.0456,0.3376909144655359,-0.15565735037553188,-0.15373963728022008,-0.1544064162806817,0.3925542028934725,0.3894296775920666,0.3897603882268742,-0.28379013658251945,-0.27288825107303316,-0.2790903429599532,-0.7916257683633591,-0.7727103093109321,-0.7824608863531287,0.09822879145558118,0.09685899431792198,0.09737805964877895,-2.956455344632428e-15,7.872562568931387e-18,-8.29580889090876e-15
49.001,"[0.06062, 0.0456, 0.3376909144655359]",0.0456,0.3376909144655359,-0.1553347328652075,-0.15373963728022008,-0.15422422705212457,0.3918340046555396,0.3894296775920666,0.3893594208729852,-0.2825770885620742,-0.27288825107303316,-0.2783861389615824,-0.7892610543163635,-0.7727103093109321,-0.781097832537482,0.09800937357973084,0.09685899431792198,0.09725376305930616,-1.7547769394122531e-15,7.872562568931387e-18,-8.426958679057576e-15
49.02,"[0.06062, 0.0456, 0.3384569354300013]",0.0456,0.3384569354300013,-0.15522368228389896,-0.15304279355092817,-0.15376663671947333,0.39158654627747513,0.3879330458418065,0.38830559775200396,-0.2821579936065355,-0.2700715536808615,-0.27676449921202856,-0.7884447321423148,-0.7673221136067965,-0.7778650726461025,0.09793381252758555,0.0963811515544153,0.09694411304880136,-5.790675614678857e-16,7.63516045436209e-18,-8.432899104846206e-15
49.04,"[0.06062, 0.0456, 0.3384569354300013]",0.0456,0.3384569354300013,-0.15496663155904009,-0.15304279355092817,-0.15356676415106477,0.39100863597413804,0.3879330458418065,0.3878573822396462,-0.28120367282274494,-0.2700715536808615,-0.2760178974594218,-0.7865748177271344,-0.7673221136067965,-0.7764023164732355,0.09775916566105738,0.0963811515544153,0.09680818210862673,2.000613644594976e-15,7.63516045436209e-18,-8.741006133649172e-15
49.06,"[0.06062, 0.0456, 0.33922356825750155]",0.0456,0.33922356825750155,-0.15471864528268076,-0.1523390651177903,-0.15331507743474407,0.3904502371610695,0.38641271540744715,0.38727830223404647,-0.2802855696698887,-0.2672538579162772,-0.2751236984081171,-0.7847736905516592,-0.7619089610648117,-0.7746192248450218,0.09759071257051928,0.09589895945874526,0.09663779370137182,4.756613339001212e-16,7.833382170352126e-18,-8.930963582451203e-15
49.08,"[0.06062, 0.0456, 0.33922356825750155]",0.0456,0.33922356825750155,-0.15447461919604297,-0.1523390651177903,-0.15308719758494552,0.3898996867258141,0.38641271540744715,0.38676349120083137,-0.27938529205322093,-0.2672538579162772,-0.2742839829844539,-0.7830048203211638,-0.7619089610648117,-0.7729648435953785,0.0974249929418426,0.09589895945874526,0.09648298788801828,7.007682311410234e-19,7.833382170352126e-18,-9.063433996553998e-15
49.1,"[0.06062, 0.0456, 0.33922356825750155]",0.0456,0.33922356825750155,-0.15423151827641585,-0.1523390651177903,-0.15267741918414665,0.3893501425694287,0.38641271540744715,0.38583481999398184,-0.2784916177267312,-0.2672538579162772,-0.2727833868777693,-0.7812461190629528,-0.7619089610648117,-0.7700022338793069,0.09725994450462698,0.09589895945874526,0.09620478015549365,-6.950679782053676e-16,7.833382170352126e-18,-9.080116161534259e-15
49.12,"[0.06062, 0.0456, 0.3400360471858745]",0.0456,0.3400360471858745,-0.1539539534072465,-0.15158703291415535,-0.15242356016959888,0.3887221931296242,0.3847796640783284,0.3852466928342288,-0.2774725006386054,-0.26426896072384193,-0.27189393570595094,-0.7792386173768708,-0.756151605889025,-0.7682179359214799,0.09707149993931488,0.0953840378160604,0.0960331078692843,8.21312142222839e-16,7.992199390663565e-18,-9.244024805342485e-15
49.14,"[0.06062, 0.0456, 0.3400360471858745]",0.0456,0.3400360471858745,-0.15366317869209384,-0.15158703291415535,-0.15219293871535844,0.3880618480738754,0.3847796640783284,0.38472492911976147,-0.2764125733097939,-0.26426896072384193,-0.2710461711031608,-0.7771446879075397,-0.756151605889025,-0.7665442246499338,0.09687420544582055,0.0953840378160604,0.09587644441104956,-9.141005610750166e-16,7.992199390663565e-18,-9.562579180980895e-15
49.16,"[0.06062, 0.0456, 0.34087823508118076]",0.0456,0.34087823508118076,-0.15338383309651307,-0.15080018384501978,-0.151986181975123,0.3874278334729667,0.3830612595302129,0.3842711033440289,-0.2753929568989287,-0.2611761307310281,-0.2702418849208395,-0.7751305998957877,-0.7501596068127019,-0.764985053550365,0.09668463084902633,0.09484571869856531,0.09573520734522169,-2.437617767564261e-15,7.719895785710479e-18,-9.700947867368059e-15
49.18,"[0.06062, 0.0456, 0.34087823508118076]",0.0456,0.34087823508118076,-0.15311827938344655,-0.15080018384501978,-0.1517210558884417,0.38682805474883825,0.3830612595302129,0.3836694192785705,-0.2744142532314868,-0.2611761307310281,-0.26927268958138706,-0.7732029460973496,-0.7501596068127019,-0.7630657831080069,0.09650424038311647,0.09484571869856531,0.09555516587398344,-3.747826599183818e-15,7.719895785710479e-18,-9.709091386324195e-15
49.2,"[0.06062, 0.0456, 0.34087823508118076]",0.0456,0.34087823508118076,-0.15285280691939548,-0.15080018384501978,-0.15148289178451307,0.38622791400985956,0.3830612595302129,0.3831401431741789,-0.2734373561463698,-0.2611761307310281,-0.26836644263559806,-0.7712768851365835,-0.7501596068127019,-0.7612943340288866,0.09632391622619468,0.09484571869856531,0.09539279990974474,-4.0695354046124085e-15,7.719895785710479e-18,-9.671548963962185e-15
49.22,"[0.06062, 0.0456, 0.34174930080564614]",0.0456,0.34174930080564614,-0.15245168395844302,-0.1499785916750468,-0.15090824630507121,0.3853225487348477,0.3812569732039862,0.3818229984956964,-0.2719563528072851,-0.2579784244828062,-0.2663064052661213,-0.7683582930708414,-0.7439364137245797,-0.7571830397943714,0.09605133504491756,0.09428410137239894,0.0950032213367168,-2.019294893393859e-15,7.75034892249141e-18,-9.300445136593445e-15
49.24,"[0.06062, 0.0456, 0.34174930080564614]",0.0456,0.34174930080564614,-0.15229734019310778,-0.1499785916750468,-0.15065967430036212,0.3849725937111246,0.3812569732039862,0.38126672380526583,-0.2713913580576538,-0.2579784244828062,-0.2653725858512945,-0.7672407677470444,-0.7439364137245797,-0.7553477699653651,0.095946523673999,0.09428410137239894,0.09483394336557348,-2.7381152400676267e-16,7.75034892249141e-18,-9.418385974115561e-15
49.26,"[0.06062, 0.0456, 0.34264838472256576]",0.0456,0.34264838472256576,-0.1520085551539084,-0.14912222774879078,-0.15013758004779276,0.3843185431515196,0.379365889007179,0.3800774424861973,-0.27033183509416264,-0.25467894952252945,-0.26347720234671096,-0.7651462724603384,-0.7374852576429419,-0.7515779447008211,0.09575036843261708,0.09369922842157524,0.09447953459576668,-1.3575814250860977e-15,7.659539012283801e-18,-9.306230714927398e-15
49.28,"[0.06062, 0.0456, 0.34264838472256576]",0.0456,0.34264838472256576,-0.15167953792334374,-0.14912222774879078,-0.14986573952111343,0.3835742878192727,0.379365889007179,0.37944928140970297,-0.26912154873344896,-0.25467894952252945,-0.2625186734159368,-0.76275420478126,-0.7374852576429419,-0.7496515363165249,0.09552680739522224,0.09369922842157524,0.09429549437016432,1.0929194773698956e-15,7.659539012283801e-18,-9.436442343047438e-15
49.303,"[0.06062, 0.0456, 0.3435745995446612]",0.0456,0.3435745995446612,-0.15116288479680423,-0.14823108208785096,-0.14938646267124675,0.3823989573104921,0.3773871669988937,0.3783698194361755,-0.2672417885292597,-0.2512808822504232,-0.2607399043090945,-0.759022975539474,-0.7308095171984105,-0.7461369421834027,0.09517608672682333,0.09309115702189788,0.09396943939465008,-4.0115096074496853e-16,7.430202204985692e-18,-9.725510818252838e-15
49.32,"[0.06062, 0.0456, 0.3435745995446612]",0.0456,0.3435745995446612,-0.15082536459294538,-0.14823108208785096,-0.14881596029723973,0.3816334211147431,0.3773871669988937,0.3770491046081723,-0.2660064305357301,-0.2512808822504232,-0.25873596179235836,-0.756574629208977,-0.7308095171984105,-0.7420985207523072,0.09494682373353089,0.09309115702189788,0.09358327955014445,-2.946715116260306e-15,7.430202204985692e-18,-1.0071408985827903e-14
49.34,"[0.06062, 0.0456, 0.3435745995446612]",0.0456,0.3435745995446612,-0.15062442416338132,-0.14823108208785096,-0.1481081326131486,0.381174989464273,0.3773871669988937,0.37543491124226835,-0.26527938366598225,-0.2512808822504232,-0.256172547776068,-0.755127018367262,-0.7308095171984105,-0.7369848360476143,0.09481046931509411,0.09309115702189788,0.09310279769530845,2.5944841919515223e-15,7.430202204985692e-18,-1.0279869526902021e-14
49.36,"[0.06062, 0.0456, 0.34452703120972644]",0.0456,0.34452703120972644,-0.15016609718079196,-0.1473051646224208,-0.14790403671993982,0.3801289890362456,0.37532005252886474,0.37498644287278476,-0.26362215533166417,-0.2477874635164132,-0.2553796243747447,-0.7518247900467436,-0.7239127201687274,-0.7354388123446249,0.09449945699344967,0.0924599605717634,0.0929632998152637,4.692273582066815e-15,7.503251330215673e-18,-1.1044498845919247e-14
49.38,"[0.06062, 0.0456, 0.34452703120972644]",0.0456,0.34452703120972644,-0.14973630569322538,-0.1473051646224208,-0.14737772111879527,0.37915190526556186,0.37532005252886474,0.37380989131808284,-0.26205607445805895,-0.2477874635164132,-0.2533987508778532,-0.7487114542904415,-0.7239127201687274,-0.7315315089155875,0.094207587129419,0.0924599605717634,0.09260465523765267,-8.332590860677602e-16,7.503251330215673e-18,-1.1949817455432103e-14
49.4,"[0.06062, 0.0456, 0.34452703120972644]",0.0456,0.34452703120972644,-0.14931078457367386,-0.1473051646224208,-0.14714902695829457,0.3781870722578645,0.37532005252886474,0.3733126612928407,-0.26049752776972407,-0.2477874635164132,-0.2524935818546766,-0.7456167867792151,-0.7239127201687274,-0.7297743971817184,0.09391845931150017,0.0924599605717634,0.09244802524547104,-3.593025729256644e-16,7.503251330215673e-18,-1.2205009714416501e-14
49.42,"[0.06062, 0.0456, 0.34550473978269647]",0.0456,0.34550473978269647,-0.14890005062674788,-0.14634450685001565,-0.14685102725025004,0.3772609341748827,0.3731638853578335,0.37264371896206683,-0.2589767780540702,-0.2442019943465418,-0.25138104502608266,-0.7426067327628026,-0.7167985451549583,-0.7275708653419198,0.09363907683878155,0.09180572975896203,0.09224509520612384,-4.495950424985059e-15,7.370997650168305e-18,-1.2495409474861234e-14
49.44,"[0.06062, 0.0456, 0.34550473978269647]",0.0456,0.34550473978269647,-0.14851073618521188,-0.14634450685001565,-0.1465889657010507,0.3763836632848215,0.3731638853578335,0.3720740059845688,-0.25753358878697696,-0.2442019943465418,-0.25034387294872035,-0.7397499179599758,-0.7167985451549583,-0.7255543583396872,0.09337422032840412,0.09180572975896203,0.09206558944461692,-6.694971812602902e-15,7.370997650168305e-18,-1.2496796215290648e-14
49.46,"[0.06062, 0.0456, 0.34650676038325]",0.0456,0.34650676038325,-0.148145599793218,-0.14534916347404991,-0.146053128922664,0.3755648283981437,0.3709181084804229,0.370907691455577,-0.2561675427859301,-0.24052783189188984,-0.24822784978486323,-0.73705276163926,-0.7094708233398929,-0.7214338778257396,0.09312558046031316,0.09112857360001188,0.09169860892100211,-8.506756638502483e-15,7.302960465551592e-18,-1.1755847018331968e-14
49.48,"[0.06062, 0.0456, 0.34650676038325]",0.0456,0.34650676038325,-0.14777585741701346,-0.14534916347404991,-0.14577995547414507,0.3747424334138825,0.3709181084804229,0.3703097975360569,-0.2547628835299572,-0.24052783189188984,-0.24715969564236984,-0.7342912669690836,-0.7094708233398929,-0.7193457733469428,0.09287340792033205,0.09112857360001188,0.09151169704830772,-5.463885663510293e-15,7.302960465551592e-18,-1.1535625267916613e-14
49.5,"[0.06062, 0.0456, 0.3475321041380296]",0.0456,0.3475321041380296,-0.14725709503982412,-0.14431921402314019,-0.14554167920136102,0.37358961849901373,0.3685822766259912,0.3698055142124679,-0.2527889401095751,-0.23676838561354593,-0.24617338401035288,-0.7304101746703963,-0.7019335403415129,-0.7174512617644853,0.09251952413546208,0.0904286204512547,0.09134768854458604,-9.348135223828955e-15,7.604048541125212e-18,-1.116249374606155e-14
49.52,"[0.06062, 0.0456, 0.3475321041380296]",0.0456,0.3475321041380296,-0.1470855534559744,-0.14431921402314019,-0.14522498602423972,0.37321120807054214,0.3685822766259912,0.3690972104479069,-0.25212738450406064,-0.23676838561354593,-0.24498373735976253,-0.7291142833836235,-0.7019335403415129,-0.7150920182123041,0.09240234057628467,0.0904286204512547,0.09113184796343664,-7.789191757093527e-15,7.604048541125212e-18,-1.0705371198206359e-14
49.54,"[0.06062, 0.0456, 0.3475321041380296]",0.0456,0.3475321041380296,-0.14676054802988667,-0.14431921402314019,-0.14493398752450073,0.3724932958614264,0.3685822766259912,0.36844897849842423,-0.2508771597534077,-0.23676838561354593,-0.24388243450952707,-0.7266623849279376,-0.7019335403415129,-0.7129130792219804,0.09218037263197937,0.0904286204512547,0.09093337372786846,-7.456297993404794e-15,7.604048541125212e-18,-1.0038299402257809e-14
49.56,"[0.06062, 0.0456, 0.34857975915654066]",0.0456,0.34857975915654066,-0.14643969139884003,-0.14325476445256577,-0.14467602290447545,0.37178321643828455,0.3661560644164107,0.367887567560324,-0.2496472792217793,-0.2329271137147143,-0.24286430970993786,-0.724246121360091,-0.6941908381753087,-0.7109252780052994,0.09196130552123306,0.08970601899194885,0.09075668445120585,-7.391844810217064e-15,7.885717682991514e-18,-9.385122834956976e-15
49.58,"[0.06062, 0.0456, 0.34857975915654066]",0.0456,0.34857975915654066,-0.14610459438490947,-0.14325476445256577,-0.14433697341802734,0.37104304315184894,0.3661560644164107,0.36711330346552684,-0.2483585150226684,-0.2329271137147143,-0.24164240606405782,-0.7217151611298033,-0.6941908381753087,-0.7084649303540588,0.09173242751776324,0.08970601899194885,0.09052651928617887,-8.193108840386247e-15,7.885717682991514e-18,-9.165968733416131e-15
49.6,"[0.06062, 0.0456, 0.34857975915654066]",0.0456,0.34857975915654066,-0.14576874640120396,-0.14325476445256577,-0.14404456540168875,0.3702963926118292,0.3661560644164107,0.36646384063670834,-0.24708245432867285,-0.2329271137147143,-0.2405309524699649,-0.7191976172895536,-0.6941908381753087,-0.7062654310974352,0.09150330495359825,0.08970601899194885,0.0903269918787458,-7.873895136522251e-15,7.885717682991514e-18,-8.692587925675035e-15
49.62,"[0.06062, 0.0456, 0.34964869152976485]",0.0456,0.34964869152976485,-0.14546746873276614,-0.1421559487302942,-0.1436661572797208,0.3696266593915236,0.3636392741638485,0.3655848427408691,-0.2459376998071533,-0.22900751982849613,-0.2392158746206016,-0.7169384568533035,-0.6862470173403344,-0.7035807909144128,0.09129776293588185,0.08896093918026524,0.09007097506293,-7.10919301924702e-15,7.742249430895497e-18,-8.346958036352734e-15
49.64,"[0.06062, 0.0456, 0.34964869152976485]",0.0456,0.34964869152976485,-0.14515927628766886,-0.1421559487302942,-0.14332533658486624,0.3689378240389061,0.3636392741638485,0.36480074363558984,-0.24477891003631172,-0.22900751982849613,-0.23800778992146612,-0.7146421179485605,-0.6862470173403344,-0.7011308356989374,0.0910877147532817,0.08896093918026524,0.08983997225502122,-5.481044258685815e-15,7.742249430895497e-18,-8.154075704153692e-15
49.66,"[0.06062, 0.0456, 0.3507378463505034]",0.0456,0.3507378463505034,-0.14484150160667536,-0.1410229304109102,-0.142898569052801,0.36822234768213025,0.3610318432956477,0.36378526232363034,-0.24360112484555124,-0.22501314996738617,-0.2366033113337347,-0.7122954702976805,-0.6781065390448805,-0.6982047272961306,0.09087143393116252,0.08819357318374202,0.08955265092887818,-4.7117116765622245e-15,7.583862506289938e-18,-8.102352905396784e-15
49.681,"[0.06062, 0.0456, 0.3507378463505034]",0.0456,0.3507378463505034,-0.1443495350546774,-0.1410229304109102,-0.14251203765314155,0.36710215153679887,0.3610318432956477,0.3628727548566853,-0.24181848016094326,-0.22501314996738617,-0.23530893976740655,-0.7087138937350249,-0.6781065390448805,-0.6955242505307715,0.090537316764734,0.08819357318374202,0.08929202947637069,-5.6946879230773415e-15,7.583862506289938e-18,-8.17946596978417e-15
49.7,"[0.06062, 0.0456, 0.3518461487544437]",0.0456,0.3518461487544437,-0.14416578531452875,-0.1410229304109102,-0.142164292018513,0.366679211868985,0.3610318432956477,0.3620619212295872,-0.24116752612594472,-0.22501314996738617,-0.23411293902810335,-0.7073949294184358,-0.6781065390448805,-0.6930702660807777,0.09041278803581242,0.08819357318374202,0.08905700574778667,-2.685879144779011e-15,7.583862506289938e-18,-8.284142017502428e-15
49.72,"[0.06062, 0.0456, 0.3518461487544437]",0.0456,0.3518461487544437,-0.14381679869540342,-0.13985590420166516,-0.14172990924187853,0.36587490167431663,0.3583338513972675,0.3610186448479555,-0.23993479465198567,-0.22094758973810052,-0.23271725973512944,-0.7048941019919164,-0.6697740275884649,-0.6901333001733693,0.09017634153650188,0.08740413628636375,0.08876519160762236,-2.7716300769586584e-15,7.650897349304199e-18,-8.449412079192342e-15
49.74,"[0.06062, 0.0456, 0.3518461487544437]",0.0456,0.3518461487544437,-0.1434593841491367,-0.13985590420166516,-0.14133682373134857,0.3650461077520403,0.3583338513972675,0.3600837899674852,-0.2386890741622379,-0.22094758973810052,-0.2314257115106421,-0.7023538765852124,-0.6697740275884649,-0.687436932469035,0.08993448632247211,0.08740413628636375,0.08850062208001276,-1.963299813340411e-15,7.650897349304199e-18,-8.666962285063828e-15
49.76,"[0.06062, 0.0456, 0.35297250498091987]",0.0456,0.35297250498091987,-0.14291601020226868,-0.13865509752570504,-0.14085730386273695,0.36377704287828894,0.3555455268679546,0.3589157164654877,-0.2368253183012511,-0.2168144618230442,-0.2299401432613325,-0.6985297905238748,-0.6612542729175871,-0.6842647382114118,0.08956733924428119,0.08659286777499683,0.0881795005510634,-4.719932436247188e-15,7.976101514521954e-18,-8.959000745971531e-15
49.78,"[0.06062, 0.0456, 0.35297250498091987]",0.0456,0.35297250498091987,-0.14271013956832534,-0.13865509752570504,-0.1404218751233688,0.36329091023721355,0.3555455268679546,0.35786454618089863,-0.23613680080158803,-0.2168144618230442,-0.22856195826596354,-0.6971032852964731,-0.6612542729175871,-0.6813446218593598,0.0894285553748762,0.08659286777499683,0.08788739827645484,-1.1646306313356926e-15,7.976101514521954e-18,-9.296602041918983e-15
49.8,"[0.06062, 0.0456, 0.35297250498091987]",0.0456,0.35297250498091987,-0.14231455791033046,-0.13865509752570504,-0.14002877422316326,0.3623545063925072,0.3555455268679546,0.35692799830436467,-0.23482161737744972,-0.2168144618230442,-0.22727912061220057,-0.6943719497222381,-0.6612542729175871,-0.6786562239591685,0.08916202473073681,0.08659286777499683,0.08762301467968235,-1.2553165807539523e-15,7.976101514521954e-18,-9.591879791653415e-15
49.82,"[0.06062, 0.0456, 0.3541158034523231]",0.0456,0.3541158034523231,-0.14172695170402153,-0.1374207720882888,-0.14002877422316326,0.36095978307915677,0.35266725318724723,0.35692799830436467,-0.23288151061538473,-0.212617423727476,-0.22727912061220057,-0.690330748280432,-0.6525522333731492,-0.6786562239591685,0.08876636807802354,0.08576003180842634,0.08762301467968235,-4.874284959848249e-15,7.825060959997758e-18,-9.591879791653415e-15
49.84,"[0.06062, 0.0456, 0.3541158034523231]",0.0456,0.3541158034523231,-0.14155713395593236,-0.1374207720882888,-0.1395549690776701,0.36055660460187694,0.35266725318724723,0.3557826852478846,-0.23232127161920307,-0.212617423727476,-0.22578801676150836,-0.6891632958519772,-0.6525522333731492,-0.6754859831090525,0.08865203273811106,0.08576003180842634,0.08730536340617223,-7.286479698507724e-15,7.825060959997758e-18,-9.582401853456038e-15
49.86,"[0.06062, 0.0456, 0.3552749158710942]",0.0456,0.3552749158710942,-0.1411767226290657,-0.13615322545251,-0.13912610930738759,0.35964955992499487,0.3496995747936376,0.35475658804932175,-0.2310799532042624,-0.20836016578933603,-0.22440573065302777,-0.6865646064379474,-0.6436730386478436,-0.6725722813129535,0.08839616556489165,0.08490591827270694,0.08701727613629823,-6.157815939916684e-15,7.755345641309337e-18,-9.689078551149655e-15
49.88,"[0.06062, 0.0456, 0.3552749158710942]",0.0456,0.3552749158710942,-0.1407871060979472,-0.13615322545251,-0.1386077677025673,0.35871989526898895,0.3496995747936376,0.353488061859466,-0.22981185092753018,-0.20836016578933603,-0.22282773568987435,-0.683906064671306,-0.6436730386478436,-0.6691712546821139,0.08813417657330909,0.08490591827270694,0.08667076350112592,-5.853921660384204e-15,7.755345641309337e-18,-9.9132704200593e-15
49.9,"[0.06062, 0.0456, 0.3552749158710942]",0.0456,0.3552749158710942,-0.14037303180282965,-0.13615322545251,-0.13813689838850268,0.3577258469215578,0.3496995747936376,0.3523466220895212,-0.22848486904036336,-0.20836016578933603,-0.22136075281112066,-0.6811064507804757,-0.6436730386478436,-0.6660362143073209,0.08785612808944544,0.08490591827270694,0.08635540477907577,-5.0574457109542055e-15,7.755345641309337e-18,-1.0211002842591265e-14
49.92,"[0.06062, 0.0456, 0.3564486983332172]",0.0456,0.3564486983332172,-0.13994816645410896,-0.13485279263164843,-0.13758450917213483,0.3567037942038433,0.34664320257961745,0.35099183066734346,-0.2271312869647784,-0.20404640944669042,-0.21969367720523716,-0.6782431058576741,-0.6346219929719213,-0.6624264131442328,0.08757099066032765,0.08403084362693893,0.08598645874665123,-5.079411484338436e-15,7.733852094872645e-18,-1.0262200933353533e-14
49.94,"[0.06062, 0.0456, 0.3564486983332172]",0.0456,0.3564486983332172,-0.13954878660001424,-0.13485279263164843,-0.1370726802382109,0.3557404523602809,0.34664320257961745,0.3497373008853449,-0.22586817792299818,-0.20404640944669042,-0.21814715493736936,-0.6755628163539429,-0.6346219929719213,-0.6590790161745494,0.0873031347395,0.08403084362693893,0.08564458067506472,-3.2475266885732566e-15,7.733852094872645e-18,-1.0062042774977752e-14
49.96,"[0.06062, 0.0456, 0.35763599245711436]",0.0456,0.35763599245711436,-0.13907832639127343,-0.1335198477058049,-0.13660865283505658,0.35459985358041485,0.34349901900991614,0.3486151459825151,-0.22440118356366526,-0.19967990575586184,-0.21669804624690409,-0.6724308943269421,-0.6254045785456719,-0.6559805303430283,0.08698800946711205,0.08313515174392216,0.08533381124913719,-3.743322692651543e-15,7.579940638676919e-18,-1.0562940272748002e-14
49.98,"[0.06062, 0.0456, 0.35763599245711436]",0.0456,0.35763599245711436,-0.1386508508818769,-0.1335198477058049,-0.13606057362931526,0.3535637530784336,0.34349901900991614,0.347274614280189,-0.2230680072635854,-0.19967990575586184,-0.2150388051274565,-0.6695841889019386,-0.6254045785456719,-0.652386689598026,0.0867016810538857,0.08313515174392216,0.08496774190916227,-3.5301458857154877e-15,7.579940638676919e-18,-1.0808216470155971e-14
50.0,"[0.06062, 0.0456, 0.35763599245711436]",0.0456,0.35763599245711436,-0.13820802533241133,-0.1335198477058049,-0.1355538607607495,0.35248946456034563,0.34349901900991614,0.34603773549473243,-0.22169179056642985,-0.19967990575586184,-0.2134975621539272,-0.6666401097083633,-0.6254045785456719,-0.6490541731900419,0.08640517885684225,0.08313515174392216,0.08462918272689554,-2.6651838123954465e-15,7.579940638676919e-18,-1.0741946790111703e-14
50.02,"[0.06062, 0.0456, 0.35883562652682927]",0.0456,0.35883562652682927,-0.13774933822196886,-0.13215480547091685,-0.13496322805223218,0.35137495512893574,0.3402680828720048,0.34458257458711766,-0.2202735990436016,-0.19526443415155298,-0.21174901830332418,-0.663598708253695,-0.6160264592366576,-0.6452293859684928,0.08609820991841409,0.08221921475041476,0.08423548186387285,-2.68403456451791e-15,7.761065614793072e-18,-1.1112676217735689e-14
50.04,"[0.06062, 0.0456, 0.35883562652682927]",0.0456,0.35883562652682927,-0.13727313423349136,-0.13215480547091685,-0.13442659810176652,0.35021536730804464,0.3402680828720048,0.34327463221330323,-0.21881129765742838,-0.19526443415155298,-0.21011700268418582,-0.6604527678765543,-0.6160264592366576,-0.6416952350143982,0.08577972466558191,0.08221921475041476,0.08387702855306756,-1.997373007910061e-15,7.761065614793072e-18,-1.1510509591906416e-14
50.06,"[0.06062, 0.0456, 0.3600464166483686]",0.0456,0.3600464166483686,-0.13678058906400703,-0.13075812312858678,-0.13442659810176652,0.3490143424540475,0.3369516336698087,0.34327463221330323,-0.21730626302614375,-0.1908038014385952,-0.21011700268418582,-0.657206910225699,-0.6064934845591341,-0.6416952350143982,0.08545047320203669,0.08128343387192082,0.08387702855306756,-2.2739820929394448e-15,7.945032026676313e-18,-1.1510509591906416e-14
50.08,"[0.06062, 0.0456, 0.3600464166483686]",0.0456,0.3600464166483686,-0.13633333078116966,-0.13075812312858678,-0.13323396474307778,0.34792379750866304,0.3369516336698087,0.34034320248134464,-0.2159403035688703,-0.1908038014385952,-0.20658033222433594,-0.6542596919424495,-0.6064934845591341,-0.6339525202497158,0.08515151871859715,0.08128343387192082,0.08308217695261688,-8.70563038414607e-15,7.945032026676313e-18,-1.1378689939987825e-14
50.1,"[0.06062, 0.0456, 0.3600464166483686]",0.0456,0.3600464166483686,-0.13579604875903833,-0.13075812312858678,-0.13271411958398532,0.346610225566,0.3369516336698087,0.33908476889102157,-0.21431514756017345,-0.1908038014385952,-0.20497965772567664,-0.6507366270323799,-0.6064934845591341,-0.630497115763274,0.08479273542427845,0.08128343387192082,0.08273469525376366,-1.0252531623511089e-15,7.945032026676313e-18,-1.18888056884817e-14
50.12,"[0.06062, 0.0456, 0.361267167918063]",0.0456,0.361267167918063,-0.13525726828009452,-0.1293303020253904,-0.13271411958398532,0.34529364782123373,0.333551095673088,0.33908476889102157,-0.21268546520435647,-0.1863018410033993,-0.20497965772567664,-0.6472021063020823,-0.5968116939522428,-0.630497115763274,0.08443298114464147,0.08032824028706671,0.08273469525376366,-2.2734315892863626e-15,8.120009152904586e-18,-1.18888056884817e-14
50.14,"[0.06062, 0.0456, 0.361267167918063]",0.0456,0.361267167918063,-0.13477407002782082,-0.1293303020253904,-0.13210971640724253,0.34411396082484463,0.333551095673088,0.337609459146234,-0.2112213617910498,-0.1863018410033993,-0.2031639502697896,-0.6440281581065783,-0.5968116939522428,-0.6265356629579909,0.08411030682524327,0.08032824028706671,0.08233160123085706,-9.136152430110732e-15,8.120009152904586e-18,-1.1966769628285854e-14
50.16,"[0.06062, 0.0456, 0.3624966756017922]",0.0456,0.3624966756017922,-0.13426784283991247,-0.12787188945045425,-0.13091288329852252,0.3428781055062612,0.3300680816360494,0.33467818301057217,-0.20969045360984181,-0.1817624122317178,-0.19960884832262382,-0.640704584035403,-0.5869873213723735,-0.6187397347452401,0.08377235276217627,0.07935409599666896,0.08153425785663719,-8.273430047428503e-15,7.99193036690706e-18,-1.2042951005861795e-14
50.18,"[0.06062, 0.0456, 0.3624966756017922]",0.0456,0.3624966756017922,-0.13368884224722352,-0.12787188945045425,-0.13031207832792432,0.3414651022148616,0.3300680816360494,0.3331916655872772,-0.20794248959073985,-0.1817624122317178,-0.19787501420588763,-0.6369039442583121,-0.5869873213723735,-0.614892584138097,0.08338593807624084,0.07935409599666896,0.08113495148449618,-1.3400700198298576e-15,7.99193036690706e-18,-1.230345849261814e-14
50.2,"[0.06062, 0.0456, 0.3624966756017922]",0.0456,0.3624966756017922,-0.1331013295499136,-0.12787188945045425,-0.12976247440678793,0.34002693582407206,0.3300680816360494,0.33185184550105357,-0.20618571434588828,-0.1817624122317178,-0.19622802422662117,-0.6330680293971397,-0.5869873213723735,-0.6112900578265634,0.08299418819717157,0.07935409599666896,0.08076862670691387,-2.5039342179892776e-15,7.99193036690706e-18,-1.2455175239439842e-14
50.22,"[0.06062, 0.0456, 0.36373372632391276]",0.0456,0.36373372632391276,-0.1324669470727153,-0.12638348050008832,-0.1291183025636155,0.33847366866304157,0.32650439619945765,0.33025938371881497,-0.204293753230949,-0.17718940011793627,-0.19437537478457184,-0.628930214805706,-0.5770268002135647,-0.6071675243050236,0.08257133151389424,0.07836149471257292,0.0803407780296665,-5.115987803568754e-15,7.943669768666491e-18,-1.3182116385824835e-14
50.24,"[0.06062, 0.0456, 0.36373372632391276]",0.0456,0.36373372632391276,-0.131830704615987,-0.12638348050008832,-0.12799398127704453,0.33691295452398695,0.32650439619945765,0.3275295222208316,-0.20240926133384468,-0.17718940011793627,-0.19099187589088046,-0.6247953036175656,-0.5770268002135647,-0.5997668297959308,0.08214752635176391,0.07836149471257292,0.07959146001444445,-6.5118934385744995e-15,7.943669768666491e-18,-1.3755036725292324e-14
50.26,"[0.06062, 0.0456, 0.3649770992647128]",0.0456,0.3649770992647128,-0.13115023646196586,-0.12486572001812939,-0.12799398127704453,0.3352475018753802,0.32286203899078986,0.3275295222208316,-0.20038709249406506,-0.17258671504979486,-0.19099187589088046,-0.6203607766274868,-0.5669367685678772,-0.5997668297959308,0.0816942230130835,0.07735096277121876,0.07959146001444445,-2.338756504902087e-15,8.155797319757467e-18,-1.3755036725292324e-14
50.28,"[0.06062, 0.0456, 0.3649770992647128]",0.0456,0.3649770992647128,-0.13055054797681467,-0.12486572001812939,-0.12678766904265298,0.3337810857413521,0.32286203899078986,0.3246049841731268,-0.19860200134693687,-0.17258671504979486,-0.18736991413687157,-0.6164479267362739,-0.5669367685678772,-0.5918255729296282,0.08129469804322143,0.07735096277121876,0.07878800168435475,-1.0681415154312861e-14,8.155797319757467e-18,-1.3447447964212393e-14
50.3,"[0.06062, 0.0456, 0.3649770992647128]",0.0456,0.3649770992647128,-0.12988766502075297,-0.12486572001812939,-0.12626741308335132,0.3321635649064351,0.32286203899078986,0.3233731670533558,-0.19662506731995752,-0.17258671504979486,-0.18571862396236746,-0.6121135796166965,-0.5669367685678772,-0.5882785596014728,0.08085311676583862,0.07735096277121876,0.07843996223295589,-4.689439954877436e-15,8.155797319757467e-18,-1.3634856862428394e-14
50.32,"[0.06062, 0.0456, 0.36622556736521394]",0.0456,0.36622556736521394,-0.12924664018897566,-0.12331930462037038,-0.12563907825360904,0.3306042528554513,0.31914320743682434,0.32183504788610684,-0.19470145920538548,-0.167958292751169,-0.18388967945559848,-0.6079041570202927,-0.5567240748353148,-0.584214331070757,0.08042594095509578,0.07632306007668997,0.07802266657854481,-6.7352688474561426e-15,8.349932272775526e-18,-1.3496178885434388e-14
50.34,"[0.06062, 0.0456, 0.36622556736521394]",0.0456,0.36622556736521394,-0.12856120342125504,-0.12331930462037038,-0.12506995820015362,0.32893810391161377,0.31914320743682434,0.32046664199514413,-0.19264722106050164,-0.167958292751169,-0.18215889988877482,-0.6034030900968046,-0.5567240748353148,-0.5804312201864272,0.07996931882343236,0.07632306007668997,0.07764344168445385,-8.658574708817582e-15,8.349932272775526e-18,-1.3764882181121946e-14
50.36,"[0.06062, 0.0456, 0.3674778985381305]",0.0456,0.3674778985381305,-0.1275640338196741,-0.1217449848110291,-0.12393728407793703,0.3265223738617817,0.31535029930247577,0.3177504802011998,-0.18964132319112464,-0.16330809436433866,-0.1787060639654695,-0.596826999387407,-0.5463957836900587,-0.5728840460404268,0.0793048529045441,0.0752783810776972,0.07688879829814058,-8.320982504192407e-15,8.64033261459345e-18,-1.3456044159830172e-14
50.38,"[0.06062, 0.0456, 0.3674778985381305]",0.0456,0.3674778985381305,-0.12720135884550815,-0.1217449848110291,-0.12336343603251175,0.3256451844959011,0.31535029930247577,0.31635973686356855,-0.18854779727262957,-0.16330809436433866,-0.1770074564542181,-0.5944327040564481,-0.5463957836900587,-0.5691267986230061,0.07906324744384141,0.0752783810776972,0.07650744923742678,-5.790899535972719e-15,8.64033261459345e-18,-1.3355583133642443e-14
50.4,"[0.06062, 0.0456, 0.3674778985381305]",0.0456,0.3674778985381305,-0.12647215351103452,-0.1217449848110291,-0.12284540333899377,0.32388094944608786,0.31535029930247577,0.31513409149708943,-0.18635513252460414,-0.16330809436433866,-0.17538470016880375,-0.589624582030957,-0.5463957836900587,-0.5656123450134303,0.07857764578450945,0.0752783810776972,0.07616168082340222,-8.881238718443756e-15,8.64033261459345e-18,-1.358622522826028e-14
50.42,"[0.06062, 0.0456, 0.36875797434502117]",0.0456,0.36875797434502117,-0.12578307097833874,-0.12011171655612182,-0.12223159430724803,0.32221904643609744,0.3114092557060086,0.31366809823746644,-0.1842707503844766,-0.15854685485319858,-0.17351787059986162,-0.5850622570044862,-0.5357510934619741,-0.56151833883231,0.07811861244178742,0.07419644159497815,0.07575319024804733,-1.1367163975321803e-14,8.648059816732961e-18,-1.3142617146740455e-14
50.44,"[0.06062, 0.0456, 0.36875797434502117]",0.0456,0.36875797434502117,-0.12516353322368692,-0.12011171655612182,-0.1216830663116274,0.32072630567204446,0.3114092557060086,0.31238065895803147,-0.18239571789412468,-0.15854685485319858,-0.17178274570678628,-0.5809573731149938,-0.5357510934619741,-0.5577676129951125,0.07770594637664754,0.07419644159497815,0.0753870315847944,-1.1035188805311839e-14,8.648059816732961e-18,-1.2691841259634143e-14
50.46,"[0.06062, 0.0456, 0.36998920390981976]",0.0456,0.36998920390981976,-0.12455161202999566,-0.11851550448811171,-0.12119678069738604,0.31925650233184383,0.30755147348490836,0.31126498879234743,-0.1805354144264055,-0.15395796703114767,-0.17016801262026515,-0.5768888840244626,-0.525420142371143,-0.5543373403442813,0.07729830684577864,0.07314101751917736,0.07506113613624389,-1.119953423060132e-14,8.560365827504563e-18,-1.2178127672548274e-14
50.48,"[0.06062, 0.0456, 0.36998920390981976]",0.0456,0.36998920390981976,-0.12395795978207237,-0.11851550448811171,-0.12003240304662371,0.31783852507455695,0.30755147348490836,0.3084757848178458,-0.17871093406850325,-0.15395796703114767,-0.16668325309775414,-0.5729128152706824,-0.525420142371143,-0.5466354037816925,0.07690257500122862,0.07314101751917736,0.07428777101409804,-1.162015588442793e-14,8.560365827504563e-18,-1.1052384313605483e-14
50.5,"[0.06062, 0.0456, 0.36998920390981976]",0.0456,0.36998920390981976,-0.1232623374277053,-0.11851550448811171,-0.11904905524793613,0.316179651671441,0.30755147348490836,0.30615554989973587,-0.17657682298532354,-0.15395796703114767,-0.163636991803748,-0.5682535072885604,-0.525420142371143,-0.5399884248043212,0.0764391395637154,0.07314101751917736,0.07363294457522344,-6.4682274129180725e-15,8.560365827504563e-18,-1.1000151055339241e-14
50.52,"[0.06062, 0.0456, 0.3712456997533842]",0.0456,0.3712456997533842,-0.12250415842627746,-0.11686295943256296,-0.11846567273983029,0.3143744191914507,0.3035541390606006,0.30475339848122757,-0.1742511081852064,-0.14926683700896853,-0.16192199004209074,-0.5631716766880835,-0.5147913442888639,-0.536165794709492,0.075934188382615,0.07205016588122971,0.07324629246318584,-4.628067715121938e-15,9.313063866528592e-18,-1.1326635734129427e-14
50.54,"[0.06062, 0.0456, 0.3712456997533842]",0.0456,0.3712456997533842,-0.12178935057158248,-0.11686295943256296,-0.1179440325193024,0.3126726188845018,0.3035541390606006,0.3035253986427426,-0.1720629259038443,-0.14926683700896853,-0.16031356478832634,-0.5583845958274856,-0.5147913442888639,-0.5326442553958567,0.07545828684790512,0.07205016588122971,0.07289933527113884,-6.791799961881165e-15,9.313063866528592e-18,-1.1371008483750203e-14
50.56,"[0.06062, 0.0456, 0.3725011044047848]",0.0456,0.3725011044047848,-0.12110568776149215,-0.11518568412308029,-0.11746724460903374,0.3110451670243473,0.29949298857688456,0.3024133095447354,-0.169975305572012,-0.14456966570554192,-0.15881336301665883,-0.5538108696904928,-0.5040758727059185,-0.5293840016273995,0.07500331219550363,0.07094505768268423,0.0725817177694299,-8.702092198776372e-15,8.642123334271805e-18,-1.1006092887491435e-14
50.58,"[0.06062, 0.0456, 0.3725011044047848]",0.0456,0.3725011044047848,-0.12041438356251834,-0.11518568412308029,-0.11687668068111526,0.30940511410353694,0.29949298857688456,0.3009971203047814,-0.1678545364937003,-0.14456966570554192,-0.1570865565705759,-0.5491697647652465,-0.5040758727059185,-0.5255205758894258,0.07454320925445178,0.07094505768268423,0.07219080468289013,-1.1178238168899035e-14,8.642123334271805e-18,-1.1016599449217122e-14
50.6,"[0.06062, 0.0456, 0.3725011044047848]",0.0456,0.3725011044047848,-0.11974222001505214,-0.11518568412308029,-0.11635044697372285,0.30780759528209833,0.29949298857688456,0.29975848445430797,-0.16580862031548826,-0.14456966570554192,-0.15548108150159098,-0.5446764188855975,-0.5040758727059185,-0.5219855314597315,0.07409625238575857,0.07094505768268423,0.07184139956039166,-1.208339145412279e-14,8.642123334271805e-18,-1.0846486097277058e-14
50.62,"[0.06062, 0.0456, 0.37375417893119744]",0.0456,0.37375417893119744,-0.1190977831371959,-0.11348514710589046,-0.11570929914338472,0.30627826422513427,0.29537282158884265,0.29820750278144137,-0.16384638794801662,-0.13987091270741664,-0.15366623600663373,-0.5403651502814263,-0.49328359697524704,-0.5178670541116058,0.07366783034884387,0.06982669641614246,0.07141836606748395,-1.2952688655619403e-14,9.135631386643326e-18,-1.0632464557061854e-14
50.64,"[0.06062, 0.0456, 0.37375417893119744]",0.0456,0.37375417893119744,-0.11845397117837535,-0.11348514710589046,-0.11460877007862588,0.3047448195511593,0.29537282158884265,0.2955879370871002,-0.16191215908628842,-0.13987091270741664,-0.15043153717648167,-0.536090512015912,-0.49328359697524704,-0.5106314720883349,0.0732404321352919,0.06982669641614246,0.07069036177805879,-1.2745153115217114e-14,9.135631386643326e-18,-9.818477515557862e-15
50.66,"[0.06062, 0.0456, 0.37500368669935014]",0.0456,0.37500368669935014,-0.11777077509082617,-0.11176247213018806,-0.11396555172757683,0.30311751332595216,0.291197282196185,0.2940219521239512,-0.15987098544776432,-0.1351747011938395,-0.1486619742170077,-0.5315660608104916,-0.4824230325054365,-0.5065636125491733,0.07278728199595724,0.06869591084309955,0.07026720982867188,-8.02271680602828e-15,9.408290319522275e-18,-9.79392127170637e-15
50.68,"[0.06062, 0.0456, 0.37500368669935014]",0.0456,0.37500368669935014,-0.11710567230340925,-0.11176247213018806,-0.11337316778063639,0.30153029534458364,0.291197282196185,0.2925843334609532,-0.1579005339873471,-0.1351747011938395,-0.14702030206556574,-0.5271817030060993,-0.4824230325054365,-0.5028004265693814,0.07234655195952731,0.06869591084309955,0.06987733134408254,-8.283173555512191e-15,9.408290319522275e-18,-9.433336664536395e-15
50.7,"[0.06062, 0.0456, 0.37500368669935014]",0.0456,0.37500368669935014,-0.11639649644408247,-0.11176247213018806,-0.11284444634145586,0.2998305625870148,0.291197282196185,0.2913255916917553,-0.15583328992921752,-0.1351747011938395,-0.1454860043792547,-0.5225492604897998,-0.4824230325054365,-0.4993459577698196,0.07187740004250445,0.06869591084309955,0.06952825760493411,-9.783750019813599e-15,9.408290319522275e-18,-9.490161509548888e-15
50.72,"[0.06062, 0.0456, 0.37624839459593057]",0.0456,0.37624839459593057,-0.11572160692457914,-0.1100188552130618,-0.1121977585843765,0.29821461811722577,0.28697022085926427,0.2897480876837455,-0.15386730568172818,-0.1304851798141915,-0.1437382298659366,-0.5181406329796704,-0.47150295446621143,-0.49529317793363686,0.07143106297927918,0.0675535681391838,0.06910375316137041,-1.1073417123392375e-14,1.002839422347484e-17,-9.463320374350435e-15
50.74,"[0.06062, 0.0456, 0.37624839459593057]",0.0456,0.37624839459593057,-0.11505207573994368,-0.1100188552130618,-0.11161926422643231,0.2966059773351849,0.28697022085926427,0.28835679235147793,-0.15194278128369834,-0.1304851798141915,-0.14211983957863136,-0.5137996165276001,-0.47150295446621143,-0.4915913387752293,0.07098887411379091,0.0675535681391838,0.06872316768699681,-1.1211876788132896e-14,1.002839422347484e-17,-9.353250009923436e-15
50.76,"[0.06062, 0.0456, 0.3774870742445202]",0.0456,0.3774870742445202,-0.1143998415523749,-0.10825556715588265,-0.11110631194629364,0.29503863218859067,0.28269569988967697,0.28714622574526283,-0.1500764223666933,-0.12580652567673353,-0.14061985534607946,-0.5095800437613088,-0.46053241418225255,-0.48821881698694514,0.07055838989261588,0.06640057939248453,0.06838468089000505,-1.1582774653504762e-14,9.337214760208438e-18,-9.128033841990112e-15
50.78,"[0.06062, 0.0456, 0.3774870742445202]",0.0456,0.3774870742445202,-0.11377407092721396,-0.10825556715588265,-0.11047096827895415,0.29353907496465964,0.28269569988967697,0.28560395538156297,-0.14827967463972086,-0.12580652567673353,-0.13890439743644062,-0.5055214106808242,-0.46053241418225255,-0.4842332688880013,0.07014538518203706,0.06640057939248453,0.06796809087365638,-1.2029144103153888e-14,9.337214760208438e-18,-8.912658417330172e-15
50.8,"[0.06062, 0.0456, 0.3774870742445202]",0.0456,0.3774870742445202,-0.11314648142404722,-0.10825556715588265,-0.10990316051043192,0.29203140224418433,0.28269569988967697,0.2842440252539255,-0.14649837197800217,-0.12580652567673353,-0.13732081331301094,-0.5014766637468384,-0.46053241418225255,-0.480601095657686,0.06973169926336319,0.06640057939248453,0.06759501477881556,-1.1537938827914344e-14,9.337214760208438e-18,-8.696607007616771e-15
50.82,"[0.06062, 0.0456, 0.37871850321785355]",0.0456,0.37871850321785355,-0.11221720755620149,-0.10647395667992557,-0.10875717739980897,0.2898026324559946,0.2783779938544846,0.2814852509621573,-0.14386483911193515,-0.12114294466401673,-0.13418678285442884,-0.49548902971594283,-0.4495207478622232,-0.4733508610315271,0.06911949202715353,0.06523790099295762,0.06684345838718864,-9.167974089133834e-15,9.440714183375583e-18,-8.03395261345325e-15
50.84,"[0.06062, 0.0456, 0.37871850321785355]",0.0456,0.37871850321785355,-0.1118712045405753,-0.10647395667992557,-0.10818034353661243,0.28897089430678397,0.2783779938544846,0.28009027550240617,-0.14289703348985558,-0.12114294466401673,-0.13263731197540884,-0.49327521285107395,-0.4495207478622232,-0.46973784293587684,0.06889188866311458,0.06523790099295762,0.066465798235742,-6.496782858686462e-15,9.440714183375583e-18,-8.075471247940868e-15
50.86,"[0.06062, 0.0456, 0.37994146624420616]",0.0456,0.37994146624420616,-0.11122185599751087,-0.10467545365487331,-0.1074807387203796,0.28740912452563516,0.2740215896718298,0.2783607333383095,-0.14108713878804477,-0.11649867162117067,-0.1308858394983175,-0.4891282842024037,-0.43847758538887305,-0.4655277699858228,0.06846492089546659,0.06406653604169461,0.06601018730604377,-7.0650263361324045e-15,9.864136712788134e-18,-8.152547592881426e-15
50.88,"[0.06062, 0.0456, 0.37994146624420616]",0.0456,0.37994146624420616,-0.11057400814832741,-0.10467545365487331,-0.10685030419102422,0.28584558899513174,0.2740215896718298,0.2768186667346923,-0.13930652445271197,-0.11649867162117067,-0.12926375907370308,-0.4850230930733733,-0.43847758538887305,-0.46167276673608876,0.06803952649707294,0.06406653604169461,0.06559898382942121,-6.6675364067063126e-15,9.864136712788134e-18,-8.215988524042076e-15
50.9,"[0.06062, 0.0456, 0.37994146624420616]",0.0456,0.37994146624420616,-0.1099232435040856,-0.10467545365487331,-0.10627023803450425,0.28426925976027934,0.2740215896718298,0.27540512827836316,-0.13754438627568472,-0.11649867162117067,-0.1277572736181518,-0.4809334813683597,-0.43847758538887305,-0.45810622054726585,0.06761283170304032,0.06406653604169461,0.06522043196495556,-6.824288296820141e-15,9.864136712788134e-18,-7.99057485477765e-15
50.92,"[0.06062, 0.0456, 0.38115475640672103]",0.0456,0.38115475640672103,-0.10922917246486256,-0.10286157241267657,-0.10556826107196501,0.2825850747790119,0.26963118640972566,0.2736624343295513,-0.13568483487746763,-0.11187797039746498,-0.12604586308027593,-0.4765963018188942,-0.4274128591407872,-0.453940051069357,0.06715827575273126,0.06288753578645054,0.0647644889556929,-8.098741712884277e-15,9.46481653591726e-18,-8.283851614605256e-15
50.94,"[0.06062, 0.0456, 0.38115475640672103]",0.0456,0.38115475640672103,-0.10853359930021719,-0.10286157241267657,-0.10493578443869027,0.28088977309392094,0.26963118640972566,0.2721113989765806,-0.13385343024267843,-0.11187797039746498,-0.1244530110649087,-0.47229161418303006,-0.4274128591407872,-0.45011529585377713,0.06670345626122223,0.06288753578645054,0.0643529426937797,-8.413607196830462e-15,9.46481653591726e-18,-8.479197400985399e-15
50.96,"[0.06062, 0.0456, 0.3823571763344901]",0.0456,0.3823571763344901,-0.10790693737352537,-0.10103391512890583,-0.1041932503304171,0.2793614751936901,0.2652116947571617,0.27027151971449204,-0.13221070728698614,-0.10728513370705889,-0.12265983848741958,-0.4684223416764397,-0.4163368127528914,-0.4457264234636207,0.06629389784690937,0.06170200107318036,0.0638714426872409,-8.033101673907121e-15,8.578235518285554e-18,-8.48367502472288e-15
50.98,"[0.06062, 0.0456, 0.3823571763344901]",0.0456,0.3823571763344901,-0.1072681649050897,-0.10103391512890583,-0.10350725896794206,0.2777999727865352,0.2652116947571617,0.2685744675574037,-0.13055742775371135,-0.10728513370705889,-0.12099707491806226,-0.46450511573768877,-0.4163368127528914,-0.441663046428762,0.06587696636709095,0.06170200107318036,0.06342654060858748,-7.0790092373408485e-15,8.578235518285554e-18,-8.244979458382958e-15
51.0,"[0.06062, 0.0456, 0.3823571763344901]",0.0456,0.3823571763344901,-0.1065535927770326,-0.10103391512890583,-0.10289117209890469,0.27604712679329085,0.2652116947571617,0.26707249189059423,-0.12874096072155566,-0.10728513370705889,-0.11944429214757152,-0.4601651225755032,-0.4163368127528914,-0.4379308369282586,0.06541138547290724,0.06170200107318036,0.06302609398129257,-7.751267384927663e-15,8.578235518285554e-18,-8.502658529511172e-15
51.02,"[0.06062, 0.0456, 0.3835475393842147]",0.0456,0.3835475393842147,-0.10585773284818387,-0.09919417524882182,-0.10215412999932999,0.2743419461620558,0.2607682361294661,0.2652449782351434,-0.12697459369911182,-0.10272448277337728,-0.11769461129748372,-0.4559406083090231,-0.4052600097059174,-0.43361105722606996,0.06495818008943363,0.0605110838006048,0.06254914108334796,-8.571458034266326e-15,8.843541279825485e-18,-8.75963321366951e-15
51.04,"[0.06062, 0.0456, 0.3835475393842147]",0.0456,0.3835475393842147,-0.10515404830690532,-0.09919417524882182,-0.10088005109696506,0.2726135222562304,0.2607682361294661,0.2621314792711105,-0.12521139704937256,-0.10272448277337728,-0.11455010732615813,-0.4516979936097599,-0.4052600097059174,-0.42597609096556044,0.06450046267821175,0.0605110838006048,0.06172293470373887,-8.63423838159334e-15,8.843541279825485e-18,-8.838344157011743e-15
51.06,"[0.06062, 0.0456, 0.38472467081127887]",0.0456,0.38472467081127887,-0.10439691019943978,-0.09734414092985373,-0.10032036579595431,0.2707558145601066,0.2563061413623273,0.2607772879708204,-0.12332217697762286,-0.09820036672016266,-0.11313248471833859,-0.44714117213394633,-0.3941933416165708,-0.4225716259601771,0.06400836006846097,0.059315988361907636,0.06135945623802051,-4.852713700529542e-15,9.366960101930998e-18,-8.933100704110377e-15
51.08,"[0.06062, 0.0456, 0.38472467081127887]",0.0456,0.38472467081127887,-0.10362236676276688,-0.09734414092985373,-0.09963772562805752,0.26885989450840225,0.2563061413623273,0.25909889789933044,-0.1213861354548738,-0.09820036672016266,-0.11150004726307473,-0.4424729583673557,-0.3941933416165708,-0.41854895218585747,0.06350506834061476,0.059315988361907636,0.06091805612896228,-7.251070116340279e-15,9.366960101930998e-18,-9.353024787365901e-15
51.102,"[0.06062, 0.0456, 0.38588740892908097]",0.0456,0.38588740892908097,-0.10247973171141853,-0.09548569846600231,-0.09844511258895994,0.2660610590169094,0.25183094894094066,0.25620901900766796,-0.1185547994514523,-0.0937171616710025,-0.10853693375071657,-0.43561665000709116,-0.3831480360800241,-0.4113657671856342,0.06276335451393451,0.058117973054439345,0.06014530790028155,-6.712161571814627e-15,9.953135217274913e-18,-9.286102500480511e-15
51.12,"[0.06062, 0.0456, 0.38588740892908097]",0.0456,0.38588740892908097,-0.10207626979917435,-0.09548569846600231,-0.09774780466446942,0.2650758550161193,0.25183094894094066,0.254486681944118,-0.11755301288486103,-0.0937171616710025,-0.1069184779521884,-0.4331915617283955,-0.3831480360800241,-0.40731977887337534,0.06250154985253675,0.058117973054439345,0.05969570591655625,-5.657320895202637e-15,9.953135217274913e-18,-9.464756931061793e-15
51.14,"[0.06062, 0.0456, 0.38588740892908097]",0.0456,0.38588740892908097,-0.10084040170135174,-0.09548569846600231,-0.0965429789395859,0.2620536764453321,0.25183094894094066,0.25157420199919345,-0.11451807715889636,-0.0937171616710025,-0.10395760710375465,-0.4258056793632404,-0.3831480360800241,-0.40009875563000863,0.06170053973143451,0.058117973054439345,0.05891654955833802,-6.247267660686848e-15,9.953135217274913e-18,-9.788466272866711e-15
51.16,"[0.06062, 0.0456, 0.38703460625547775]",0.0456,0.38703460625547775,-0.10046828795132695,-0.09362083565283126,-0.09584327548891623,0.2611444643266799,0.2473484027024454,0.24986170759944298,-0.11360514047312334,-0.08927926951802782,-0.10232173482623144,-0.4235824600969001,-0.37213566389449976,-0.39601679323889943,0.06145942993554999,0.05691835143477143,0.058465832158318604,-9.251501702128482e-15,1.0204448348122594e-17,-9.67170649847592e-15
51.18,"[0.06062, 0.0456, 0.38703460625547775]",0.0456,0.38703460625547775,-0.09965250889404555,-0.09362083565283126,-0.09521615842239098,0.25915486504475077,0.2473484027024454,0.24835415790793589,-0.11160852191167525,-0.08927926951802782,-0.10078584180336697,-0.41871236001560175,-0.37213566389449976,-0.3922604870087769,0.06093121092382004,0.05691835143477143,0.058060908325801644,-6.2401655130408164e-15,1.0204448348122594e-17,-9.781431957192493e-15
51.2,"[0.06062, 0.0456, 0.38703460625547775]",0.0456,0.38703460625547775,-0.09886604284041144,-0.09362083565283126,-0.0946420230291317,0.2572384101612333,0.2473484027024454,0.24698482046283105,-0.10969044306951098,-0.08927926951802782,-0.09935192149083232,-0.41402457171138096,-0.37213566389449976,-0.3887825864667915,0.0604222965750684,0.05691835143477143,0.05768980873885624,-7.70601227125208e-15,1.0204448348122594e-17,-9.565303454965244e-15
51.22,"[0.06062, 0.0456, 0.38816513064521097]",0.0456,0.38816513064521097,-0.09811515126165267,-0.0917516450441613,-0.09394447455096652,0.25541346848883106,0.2428644489412001,0.24529040495119228,-0.1078551768040229,-0.08489111631957069,-0.0977184952167911,-0.40954160557003644,-0.3611681454741154,-0.3847040412641224,0.05993652284895979,0.055718493592581825,0.057241070790996995,-8.948470610155628e-15,1.0382848769431415e-17,-9.292676628602602e-15
51.24,"[0.06062, 0.0456, 0.38816513064521097]",0.0456,0.38816513064521097,-0.09732272268661962,-0.0917516450441613,-0.09275011494139167,0.2534900864169247,0.2428644489412001,0.24245145792118966,-0.1059292073087051,-0.08489111631957069,-0.09476464862643887,-0.4048224683582337,-0.3611681454741154,-0.3775000855032555,0.05942438695789507,0.055718493592581825,0.05647060254040709,-9.913501792833069e-15,1.0382848769431415e-17,-8.969053022493328e-15
51.261,"[0.06062, 0.0456, 0.38929993210579045]",0.0456,0.38929993210579045,-0.09612977142686649,-0.08984346915565868,-0.09205377072628967,0.25060804569309514,0.23829715402317728,0.24077164588619637,-0.10301906941384745,-0.08047149779139635,-0.09313547031462617,-0.39769851026057723,-0.35004248086921724,-0.37342513652661397,0.05865374634824743,0.05449619547920974,0.056023306463040275,-9.94361998050782e-15,9.850719433865093e-18,-8.986546026052589e-15
51.28,"[0.06062, 0.0456, 0.38929993210579045]",0.0456,0.38929993210579045,-0.0957221713568207,-0.08984346915565868,-0.09143212924156527,0.24962440571254152,0.23829715402317728,0.23929807292611957,-0.1020307095072487,-0.08047149779139635,-0.091616395988807,-0.3952711728905786,-0.35004248086921724,-0.36969637938557465,0.05839070235969992,0.05449619547920974,0.055623139501683995,-8.009739461677257e-15,9.850719433865093e-18,-8.866228694373416e-15
51.3,"[0.06062, 0.0456, 0.38929993210579045]",0.0456,0.38929993210579045,-0.09496301108854097,-0.08984346915565868,-0.09034429362898137,0.2477950240497535,0.23829715402317728,0.23675154271945378,-0.1001887066342701,-0.08047149779139635,-0.0888772437428511,-0.39074755027361274,-0.35004248086921724,-0.36305775882535,0.05790088044315075,0.05449619547920974,0.054921778400922286,-8.810402362728166e-15,9.850719433865093e-18,-8.25193443936807e-15
51.32,"[0.06062, 0.0456, 0.3903717154055832]",0.0456,0.3903717154055832,-0.09413216817684364,-0.08800870240790776,-0.08970437764898782,0.24580550521927547,0.23391564765287742,0.2352306411455817,-0.09815870549625845,-0.07628125775511828,-0.08735185753653239,-0.38577374019340843,-0.3394150065895797,-0.3592685091350104,0.057364990025507524,0.05332357756696404,0.05451096490353081,-7.010584447106514e-15,9.449305432263285e-18,-8.253123131170143e-15
51.34,"[0.06062, 0.0456, 0.3903717154055832]",0.0456,0.3903717154055832,-0.09334848041474751,-0.08800870240790776,-0.08913660874982553,0.24393316218714958,0.23391564765287742,0.23390905999642275,-0.0962426891485787,-0.07628125775511828,-0.08592949649441536,-0.3810787787706878,-0.3394150065895797,-0.3558095065737854,0.05685969846705182,0.05332357756696404,0.05414556102716672,-8.014910685646974e-15,9.449305432263285e-18,-8.089087467887705e-15
51.36,"[0.06062, 0.0456, 0.39144559814346797]",0.0456,0.39144559814346797,-0.09259932399932776,-0.08614066652037831,-0.0886188295704163,0.24214752507454865,0.22946654898730165,0.23271500973597642,-0.09441119504417508,-0.0720696582789868,-0.08460451865872554,-0.37658892729001797,-0.32865925006962116,-0.3526159290531298,0.05637689870230217,0.05213207100877426,0.05381195888878651,-8.911147831017383e-15,9.147211739469522e-18,-7.674599356392975e-15
51.38,"[0.06062, 0.0456, 0.39144559814346797]",0.0456,0.39144559814346797,-0.09184303005782239,-0.08614066652037831,-0.08797605253561366,0.24035534716042908,0.22946654898730165,0.23119527394870762,-0.09254792653697365,-0.0720696582789868,-0.08308267885035862,-0.37203405763119446,-0.32865925006962116,-0.3488194590958342,0.05588956013769153,0.05213207100877426,0.05340008173883031,-1.0189540079035256e-14,9.147211739469522e-18,-7.551124885772854e-15
51.4,"[0.06062, 0.0456, 0.39144559814346797]",0.0456,0.39144559814346797,-0.09110830432860052,-0.08614066652037831,-0.0874056006877839,0.23861493325042407,0.22946654898730165,0.2298715136365268,-0.0907495294825003,-0.0720696582789868,-0.08167154868335193,-0.3676232839156633,-0.32865925006962116,-0.3453648842722996,0.05541655924186631,0.05213207100877426,0.05303377947399444,-1.0483487860732301e-14,9.147211739469522e-18,-7.322921688010507e-15
51.42,"[0.06062, 0.0456, 0.39249845482824114]",0.0456,0.39249845482824114,-0.09010487164192434,-0.08427729001679014,-0.08672775339346529,0.2362454665353584,0.22504034581262564,0.22827628084921484,-0.08828939669436968,-0.06792512975772948,-0.08008002306294144,-0.36159125762104605,-0.3179975199338917,-0.3413751540497539,0.054770825924716424,0.050946142163982966,0.05260027911430871,-1.2250673027379682e-14,9.636744207275709e-18,-6.869344205780216e-15
51.44,"[0.06062, 0.0456, 0.39249845482824114]",0.0456,0.39249845482824114,-0.08976715981708998,-0.08427729001679014,-0.0861229906071874,0.2354485479668655,0.22504034581262564,0.22687152041373962,-0.08746845933443172,-0.06792512975772948,-0.0786167187028675,-0.3595696472672595,-0.3179975199338917,-0.33775429490124576,0.05455377124365376,0.050946142163982966,0.052212996912535024,-9.70782805091294e-15,9.636744207275709e-18,-6.490703906557471e-15
51.46,"[0.06062, 0.0456, 0.3935292464174678]",0.0456,0.3935292464174678,-0.0891291963179715,-0.08242171654117351,-0.08539249877298725,0.23394534117117424,0.2206453394032125,0.22513180992230408,-0.08591832601278471,-0.06385274059819211,-0.076984331126257,-0.3557506076472628,-0.3074456106892477,-0.3335663350719724,0.054143879518861876,0.049767705206872015,0.05174759088368906,-9.116900489038444e-15,9.832128181064545e-18,-6.2473117374034926e-15
51.48,"[0.06062, 0.0456, 0.3935292464174678]",0.0456,0.3935292464174678,-0.08848496804951253,-0.08242171654117351,-0.0847177348172286,0.23242734417834657,0.2206453394032125,0.22352679923344912,-0.08436778187211263,-0.06385274059819211,-0.07547305647169943,-0.35191251224876485,-0.3074456106892477,-0.3296929056311519,0.053730471220737236,0.049767705206872015,0.051317676009899005,-8.077657958031461e-15,9.832128181064545e-18,-5.86191028714868e-15
51.5,"[0.06062, 0.0456, 0.3935292464174678]",0.0456,0.3935292464174678,-0.0877691937353798,-0.08242171654117351,-0.0835624618211071,0.2307362406390324,0.2206453394032125,0.22082762628953487,-0.08267778405185566,-0.06385274059819211,-0.07276920591030915,-0.34769078699753453,-0.3074456106892477,-0.32289710129291155,0.053272040130641504,0.049767705206872015,0.05058017158161952,-8.179167606157862e-15,9.832128181064545e-18,-5.642419591907734e-15
51.52,"[0.06062, 0.0456, 0.39453695564429836]",0.0456,0.39453695564429836,-0.08701962942456001,-0.08057672290571251,-0.08288776939985441,0.22896939399478553,0.2162885956256589,0.21922191859673695,-0.08091238527390292,-0.059857007444243146,-0.07128932067906545,-0.3432736630733648,-0.29701761553393136,-0.31906395942024696,0.05279233315046178,0.0485984921484052,0.050151325339345236,-5.577892372530659e-15,9.213516087528383e-18,-5.7541855832333355e-15
51.54,"[0.06062, 0.0456, 0.39453695564429836]",0.0456,0.39453695564429836,-0.08629529833778328,-0.08057672290571251,-0.0822844148994186,0.22726188736172365,0.2162885956256589,0.2178073065340013,-0.07921719267745045,-0.059857007444243146,-0.06991595638524145,-0.3390188021539043,-0.29701761553393136,-0.3155655860325951,0.052329137828119876,0.0485984921484052,0.04976722335070692,-5.8739795832696156e-15,9.213516087528383e-18,-5.780750125438026e-15
51.56,"[0.06062, 0.0456, 0.3955205880213882]",0.0456,0.3955205880213882,-0.08558753238953085,-0.07874520274724614,-0.0822844148994186,0.22559283209030276,0.21197732806338251,0.2178073065340013,-0.07757356057412748,-0.05594244101824808,-0.06991595638524145,-0.3348775447018206,-0.28672796095715997,-0.3155655860325951,0.051876943256355355,0.04744029009161244,0.04976722335070692,-6.308148126400998e-15,9.666732793128604e-18,-5.780750125438026e-15
51.58,"[0.06062, 0.0456, 0.3955205880213882]",0.0456,0.3955205880213882,-0.08495994006638966,-0.07874520274724614,-0.08092341318247126,0.2241135822347916,0.21197732806338251,0.21458442442475176,-0.07611861578385343,-0.05594244101824808,-0.06695148147272639,-0.33120827256059965,-0.28672796095715997,-0.3078544249737154,0.0514760964742511,0.04744029009161244,0.048903695359445123,-9.424877386061527e-15,9.666732793128604e-18,-5.33584877161087e-15
51.6,"[0.06062, 0.0456, 0.3955205880213882]",0.0456,0.3955205880213882,-0.08425178739082809,-0.07874520274724614,-0.08034067410006515,0.22244212131476862,0.21197732806338251,0.2132278237895414,-0.07450517082420922,-0.05594244101824808,-0.06562784534430473,-0.3271044933996069,-0.28672796095715997,-0.30447602163628285,0.051024641875425346,0.04744029009161244,0.048533314245120064,-5.611750759544882e-15,9.666732793128604e-18,-5.371376828626935e-15
51.62,"[0.06062, 0.0456, 0.3964791728223364]",0.0456,0.3964791728223364,-0.08356112238299498,-0.07693016775846896,-0.07963884542731792,0.2208134988423315,0.20771889675209018,0.21155984549126855,-0.07293760624026502,-0.05211354519167577,-0.06414302328053943,-0.3231091400709798,-0.2765914130626007,-0.3005575430964721,0.05058462392592581,0.04629494524843601,0.0480892002131255,-5.975138790148811e-15,9.338846205702997e-18,-5.446184494223672e-15
51.64,"[0.06062, 0.0456, 0.3964791728223364]",0.0456,0.3964791728223364,-0.0825550334504934,-0.07693016775846896,-0.0784184021323377,0.21844086502662638,0.20771889675209018,0.20868760706699044,-0.07067454485330368,-0.05211354519167577,-0.06149698602164881,-0.31731505406113386,-0.2765914130626007,-0.2936529625218226,0.04994433733630699,0.04629494524843601,0.04731618963588526,-7.386851984409178e-15,9.338846205702997e-18,-5.549659244768082e-15
51.66,"[0.06062, 0.0456, 0.3974117640396759]",0.0456,0.3974117640396759,-0.08220046793685591,-0.07513474626983149,-0.07770949609619121,0.21760505605521036,0.20352079547702132,0.20698420928498257,-0.06988391217534268,-0.04837481035068905,-0.06007108306339415,-0.3152817616434826,-0.26662306374398687,-0.2897953686226249,0.04971894230392682,0.045164361572368854,0.04686915010954296,-5.872392744969964e-15,9.582290442087539e-18,-5.674672578304508e-15
51.68,"[0.06062, 0.0456, 0.3974117640396759]",0.0456,0.3974117640396759,-0.0814109848304107,-0.07513474626983149,-0.0770559853497806,0.21574040096946862,0.20352079547702132,0.20542030117793636,-0.06814780591590718,-0.04837481035068905,-0.058742897919961005,-0.31078653042653376,-0.26662306374398687,-0.2862197589705052,0.049217715344335694,0.045164361572368854,0.046456905646722606,-3.7314769908296105e-15,9.582290442087539e-18,-5.8739385951846996e-15
51.7,"[0.06062, 0.0456, 0.3974117640396759]",0.0456,0.3974117640396759,-0.08058353492908706,-0.07513474626983149,-0.07646801561671734,0.21377958200925984,0.20352079547702132,0.2040409191548405,-0.06636087340217055,-0.04837481035068905,-0.05748415230892511,-0.30611884385581645,-0.26662306374398687,-0.28291262361912795,0.0486931615017627,0.045164361572368854,0.04608526278892261,-5.281465101780306e-15,9.582290442087539e-18,-6.185298996629985e-15
51.72,"[0.06062, 0.0456, 0.39831744131846814]",0.0456,0.39831744131846814,-0.07980158625972712,-0.07336218069687497,-0.07594648336083021,0.21192923606708677,0.1993906372747119,0.20284768635682157,-0.06467429639995362,-0.04473070601148564,-0.05629690591617926,-0.3017096620167675,-0.2568383125505043,-0.2798793258596929,0.04819766074629737,0.044050498759908754,0.04575476814810332,-6.532968451517922e-15,9.339824116689024e-18,-6.28732228485401e-15
51.74,"[0.06062, 0.0456, 0.39831744131846814]",0.0456,0.39831744131846814,-0.0790691167089224,-0.07336218069687497,-0.07472671904494527,0.21020374162228997,0.1993906372747119,0.20000827670420634,-0.06308259221353608,-0.04473070601148564,-0.05368674366935458,-0.2975618981528375,-0.2568383125505043,-0.2730134297685079,0.04773351115261557,0.044050498759908754,0.04498495606055275,-7.510990585283663e-15,9.339824116689024e-18,-6.197385189475325e-15
51.76,"[0.06062, 0.0456, 0.39919531086458276]",0.0456,0.39919531086458276,-0.07829658019798194,-0.07161582372569536,-0.07472671904494527,0.20838849947663585,0.1953361381024715,0.20000827670420634,-0.06141055600562423,-0.041185672718114824,-0.05368674366935458,-0.29319443240377047,-0.24725284394503116,-0.2730134297685079,0.04724443963571155,0.042955369580643755,0.04498495606055275,-5.459876640794959e-15,8.977989593358147e-18,-6.197385189475325e-15
51.781,"[0.06062, 0.0456, 0.39919531086458276]",0.0456,0.39919531086458276,-0.07726139904866731,-0.07161582372569536,-0.07342597132205674,0.20595944236306468,0.1953361381024715,0.19697966203677233,-0.05917601768609039,-0.041185672718114824,-0.050961445157748704,-0.28734874327971044,-0.24725284394503116,-0.26576680537411623,0.04658946797550861,0.042955369580643755,0.044165966533123144,-6.96076025957183e-15,8.977989593358147e-18,-5.869388287467486e-15
51.8,"[0.06062, 0.0456, 0.39919531086458276]",0.0456,0.39919531086458276,-0.07687785627601564,-0.07161582372569536,-0.07235355110987611,0.20506146433052902,0.1953361381024715,0.19452951528128834,-0.05835456043612886,-0.041185672718114824,-0.048610591369005786,-0.28519054949230666,-0.24725284394503116,-0.2596448983322317,0.04634711783125765,0.042955369580643755,0.04348961407825737,-5.873176677350778e-15,8.977989593358147e-18,-5.834112482319026e-15
51.82,"[0.06062, 0.0456, 0.4000445063267643]",0.0456,0.4000445063267643,-0.0761147561135511,-0.06989913308612473,-0.0717231355536924,0.20328090721932177,0.19136509856133888,0.19305858492923456,-0.05671478315983904,-0.03774411322385731,-0.04732499589090229,-0.28088784741164075,-0.2378825995251013,-0.2561791895944207,0.04586506383910259,0.04188103646252321,0.043093717290464406,-4.408065550313544e-15,9.523257484561275e-18,-6.033041796979554e-15
51.84,"[0.06062, 0.0456, 0.4000445063267643]",0.0456,0.4000445063267643,-0.07533708560723337,-0.06989913308612473,-0.07116093358761434,0.20147104971605007,0.19136509856133888,0.1917726461160537,-0.055046427177062214,-0.03774411322385731,-0.04612216095383704,-0.2765051162186046,-0.2378825995251013,-0.2530084964655521,0.04537413870574217,0.04188103646252321,0.042740071038945476,-5.378666103368189e-15,9.523257484561275e-18,-6.07645941896665e-15
51.862,"[0.06062, 0.0456, 0.4008641896516161]",0.0456,0.4008641896516161,-0.07425088676914877,-0.06821566476280909,-0.07064725371944111,0.19894694338451682,0.18748538357055078,0.19060799949095164,-0.05272538066796418,-0.03441038296740948,-0.04500046617126316,-0.2703943584172032,-0.22874374479267098,-0.25007930344386736,0.044688951714386034,0.040829607259743904,0.042416706053508176,-7.657767598570184e-15,9.114251112532925e-18,-5.934964299768997e-15
51.88,"[0.06062, 0.0456, 0.4008641896516161]",0.0456,0.4008641896516161,-0.07350399371857272,-0.06821566476280909,-0.07002522600799341,0.19721869705707193,0.18748538357055078,0.18916952961269504,-0.05113081213401834,-0.03441038296740948,-0.043732118322371505,-0.26619220863659776,-0.22874374479267098,-0.24665641002809088,0.04421822802809586,0.040829607259743904,0.04202673594647203,-5.9285788662636976e-15,9.114251112532925e-18,-5.776866233774847e-15
51.9,"[0.06062, 0.0456, 0.4008641896516161]",0.0456,0.4008641896516161,-0.07315611694750167,-0.06821566476280909,-0.06947204845254296,0.19641378031270054,0.18748538357055078,0.18791507536716356,-0.05039094275555449,-0.03441038296740948,-0.04255114653350642,-0.2642386287787301,-0.22874374479267098,-0.2435370123652326,0.043999078819924674,0.040829607259743904,0.04167940265737186,-7.3590521191348e-15,9.114251112532925e-18,-5.73297089927347e-15
51.92,"[0.06062, 0.0456, 0.4016535519106581]",0.0456,0.4016535519106581,-0.07245614393345125,-0.06656906449936152,-0.06883283566720957,0.19479902637318314,0.18370489990949193,0.18645478370529964,-0.04890138147856288,-0.03118877986673462,-0.04123709822052718,-0.2603053216659331,-0.2198526300900267,-0.24000099760558616,0.043558340349022256,0.03980323013401195,0.04127920748252709,-7.773499133168891e-15,8.529612443512349e-18,-5.519966566836416e-15
51.94,"[0.06062, 0.0456, 0.4016535519106581]",0.0456,0.4016535519106581,-0.07182524451354749,-0.06656906449936152,-0.06826365813655488,0.19334504651599702,0.18370489990949193,0.18517385486367757,-0.04756343201288198,-0.03118877986673462,-0.040026826765315174,-0.25676574142862385,-0.2198526300900267,-0.23679512274331302,0.043161322670107145,0.03980323013401195,0.04092248782308107,-7.324092562184095e-15,8.529612443512349e-18,-5.315482804821058e-15
51.96,"[0.06062, 0.0456, 0.4024118140986415]",0.0456,0.4024118140986415,-0.07119976907967396,-0.06496305746088522,-0.06759361159750438,0.191907803697934,0.18003157156654548,0.18363408121578728,-0.046240401451981786,-0.028083533466154147,-0.03869709666291399,-0.25325985262178885,-0.21122574536673117,-0.23315298263412268,0.042768048818505947,0.0388040874858732,0.040504133117254044,-7.108497659142746e-15,8.288327461408592e-18,-5.191883485797216e-15
51.98,"[0.06062, 0.0456, 0.4024118140986415]",0.0456,0.4024118140986415,-0.07057490334658305,-0.06496305746088522,-0.06699353741644692,0.1904743760547831,0.18003157156654548,0.18227229022089592,-0.04492684925637792,-0.028083533466154147,-0.03747124912702049,-0.24976733993971703,-0.21122574536673117,-0.2298412748219105,0.04237555675877678,0.0388040874858732,0.04012915976182279,-6.6361821130937595e-15,8.288327461408592e-18,-5.0787478106373566e-15
52.0,"[0.06062, 0.0456, 0.4024118140986415]",0.0456,0.4024118140986415,-0.06965295918817059,-0.06496305746088522,-0.06645988670543841,0.18836191586456605,0.18003157156654548,0.18108159052510653,-0.04300567527894568,-0.028083533466154147,-0.03633820826916964,-0.24463562463369798,-0.21122574536673117,-0.22683512879831882,0.041797156014371596,0.0388040874858732,0.039795280223523036,-7.400844101336078e-15,8.288327461408592e-18,-4.944844340088071e-15
52.02,"[0.06062, 0.0456, 0.40313822790233295]",0.0456,0.40313822790233295,-0.06933365193990174,-0.063401435936159,-0.0658278187332242,0.18763388333068712,0.1764733128634845,0.17963971725620922,-0.04233892858069128,-0.025098793485705543,-0.035087676726094426,-0.2428555750532253,-0.20287966850801895,-0.2234018303172002,0.04159696843527859,0.03783438888166103,0.03940130010097961,-6.3828734543229346e-15,8.09584950266085e-18,-4.872717252437318e-15
52.04,"[0.06062, 0.0456, 0.40313822790233295]",0.0456,0.40313822790233295,-0.06872442974813725,-0.063401435936159,-0.06471091076010281,0.18624476037087334,0.1764733128634845,0.1771055463104199,-0.04107373857222025,-0.025098793485705543,-0.03285030460095499,-0.23946836042239245,-0.20287966850801895,-0.21729560953095417,0.041215249662776836,0.03783438888166103,0.03870487476370725,-6.059021831720648e-15,8.09584950266085e-18,-4.6523960936125005e-15
52.061,"[0.06062, 0.0456, 0.40383207643900904]",0.0456,0.40383207643900904,-0.06768006673899328,-0.061888044983446446,-0.06408544360500719,0.18386599636082512,0.1730379993594048,0.17566871478847845,-0.03893251785869804,-0.022238617835810978,-0.031657504532020445,-0.23369711294286483,-0.1948310070405032,-0.2139591054531051,0.04056194288940427,0.036896362933791775,0.03831599851600866,-5.821823333030786e-15,8.347304688508398e-18,-4.789329123190083e-15
52.08,"[0.06062, 0.0456, 0.40383207643900904]",0.0456,0.40383207643900904,-0.06732060442560969,-0.061888044983446446,-0.0635253088700536,0.18304626820367334,0.1730379993594048,0.17440271072101238,-0.038205016528647086,-0.022238617835810978,-0.03054677916327426,-0.23172331219691553,-0.1948310070405032,-0.2109105084712714,0.04033734845205776,0.036896362933791775,0.03796736038232871,-4.969500997057798e-15,8.347304688508398e-18,-4.8428999312144e-15
52.1,"[0.06062, 0.0456, 0.40383207643900904]",0.0456,0.40383207643900904,-0.06664991039619661,-0.061888044983446446,-0.06301188001273272,0.18151793264815633,0.1730379993594048,0.1732499322401081,-0.03684991671735727,-0.022238617835810978,-0.029512718718260604,-0.2280432532230526,-0.1948310070405032,-0.2080934173991822,0.039918428150828675,0.036896362933791775,0.03764764341608774,-5.323691198531445e-15,8.347304688508398e-18,-4.767673552475258e-15
52.12,"[0.06062, 0.0456, 0.4044926749639336]",0.0456,0.4044926749639336,-0.06595868462332946,-0.06042676595377685,-0.06255780858971964,0.17994701257073434,0.16973343657955134,0.1722578743017969,-0.03545584910243839,-0.01950696017440103,-0.02853997008763339,-0.22425278442212576,-0.18709633313725588,-0.20551922184811916,0.03948697905121696,0.03599224810785237,0.03736431786515773,-5.9427123089437865e-15,7.957467749031314e-18,-4.75589299584719e-15
52.14,"[0.06062, 0.0456, 0.4044926749639336]",0.0456,0.4044926749639336,-0.06531251817693068,-0.06042676595377685,-0.06151520410053817,0.1784860762997325,0.16973343657955134,0.16993716655436839,-0.03414183209453223,-0.01950696017440103,-0.026436998083380323,-0.22069340753866482,-0.18709633313725588,-0.19978987377527796,0.039083673425855274,0.03599224810785237,0.03671597959448313,-6.395915322255763e-15,7.957467749031314e-18,-4.592492171359881e-15
52.161,"[0.06062, 0.0456, 0.4051193715461174]",0.0456,0.4051193715461174,-0.06432382654332745,-0.059021497863120366,-0.06151520410053817,0.1762589109807117,0.16656732666169444,0.16993716655436839,-0.03213586352063444,-0.016907657097510197,-0.026436998083380323,-0.21525129453232575,-0.17969211197209886,-0.19978987377527796,0.03846714394641165,0.0351242824493839,0.03671597959448313,-6.055433556210586e-15,8.09266901721667e-18,-4.592492171359881e-15
52.18,"[0.06062, 0.0456, 0.4051193715461174]",0.0456,0.4051193715461174,-0.06404296429903819,-0.059021497863120366,-0.060427193004366546,0.17562673653812622,0.16656732666169444,0.16751622206833489,-0.031565976979412255,-0.016907657097510197,-0.024281663395585285,-0.2137051524595073,-0.17969211197209886,-0.19386244420336737,0.038292027511214445,0.0351242824493839,0.036040749101931405,-6.805628384344129e-15,8.09266901721667e-18,-4.305932035940689e-15
52.2,"[0.06062, 0.0456, 0.4051193715461174]",0.0456,0.4051193715461174,-0.06340285824711676,-0.059021497863120366,-0.0599502718770996,0.17418985041107227,0.16656732666169444,0.16646479428608402,-0.030275278603661134,-0.016907657097510197,-0.023317345037008042,-0.21019111269288995,-0.17969211197209886,-0.19123631738368857,0.03789338850727584,0.0351242824493839,0.03574460289545461,-5.1982661375691944e-15,8.09266901721667e-18,-4.2082383415135884e-15
52.22,"[0.06062, 0.0456, 0.40571154771169593]",0.0456,0.40571154771169593,-0.06274686683680493,-0.05767613663015183,-0.058997805445160326,0.17272208974741915,0.1635472330652198,0.16436505823924807,-0.02895327123076276,-0.014444415067373095,-0.021410136751383636,-0.20658970158967174,-0.17263462362138718,-0.1860162184809558,0.03748511924102168,0.034294692246432563,0.035153786186884264,-5.67226349802814e-15,7.776976391413136e-18,-4.095206837236712e-15
52.24,"[0.06062, 0.0456, 0.40571154771169593]",0.0456,0.40571154771169593,-0.06203263637269058,-0.05767613663015183,-0.057674087521199964,0.1711292933685728,0.1635472330652198,0.16144638319857121,-0.027517802275773155,-0.014444415067373095,-0.018783843926850025,-0.20267248667321378,-0.17263462362138718,-0.17879367166529636,0.03704099598121638,0.034294692246432563,0.03433345986510956,-3.5095277956957545e-15,7.776976391413136e-18,-4.2689001407391504e-15
52.261,"[0.06062, 0.0456, 0.40626861905428796]",0.0456,0.40626861905428796,-0.06091944973403867,-0.05639455224909766,-0.05718947897714139,0.16865379911826914,0.16068054354516662,0.16037071304905937,-0.025288425852965354,-0.012120797193854883,-0.017854703869072976,-0.19657602741346886,-0.16593987887958614,-0.17619375890081224,0.036349404703329195,0.03350567967069957,0.034033856913835564,-4.5987337780477134e-15,7.527651092471534e-18,-4.4204851008262816e-15
52.28,"[0.06062, 0.0456, 0.40626861905428796]",0.0456,0.40626861905428796,-0.06054645265835463,-0.05639455224909766,-0.056746445831941154,0.16782549051140436,0.16068054354516662,0.15939748155533698,-0.02454505365703943,-0.012120797193854883,-0.01698552235603006,-0.19453780056511885,-0.16593987887958614,-0.1737886548574811,0.03611784992437617,0.03350567967069957,0.03375980500948232,-4.397426057554508e-15,7.527651092471534e-18,-4.428948355824757e-15
52.3,"[0.06062, 0.0456, 0.40626861905428796]",0.0456,0.40626861905428796,-0.05982445136132544,-0.05639455224909766,-0.05634245848627374,0.16622416880983554,0.16068054354516662,0.15852243833148943,-0.02310874271446026,-0.012120797193854883,-0.016168269387435163,-0.19059546288610324,-0.16593987887958614,-0.1715602927643193,0.035669821390540764,0.03350567967069957,0.03350970238904909,-5.31810929206662e-15,7.527651092471534e-18,-4.430548280385659e-15
52.32,"[0.06062, 0.0456, 0.4067900358117345]",0.0456,0.4067900358117345,-0.05916287271505408,-0.05518056402666015,-0.05558806870973223,0.16476084001902827,0.15797443165360603,0.15695215896766293,-0.021790052786922726,-0.009940209994950924,-0.01453014932891457,-0.18697878056839168,-0.15962352953914852,-0.16723764095837557,0.03525939878025218,0.03275940947002066,0.033042108930665774,-5.9394618708306754e-15,7.204580583759307e-18,-4.0775958687949185e-15
52.34,"[0.06062, 0.0456, 0.4067900358117345]",0.0456,0.4067900358117345,-0.058521538343927725,-0.05518056402666015,-0.05522574280916133,0.1633578715554278,0.15797443165360603,0.15620668828339088,-0.020488567108802806,-0.009940209994950924,-0.013733866359637381,-0.18343886349117777,-0.15962352953914852,-0.16514712164814865,0.034861538521716,0.03275940947002066,0.0328176428814842,-5.313140393510117e-15,7.204580583759307e-18,-3.899009975055439e-15
52.36,"[0.06062, 0.0456, 0.40727528340864727]",0.0456,0.40727528340864727,-0.05792794652336051,-0.054037914077056576,-0.05522574280916133,0.16206623909539355,0.15543581709256568,0.15620668828339088,-0.019276839438269026,-0.007905890269757035,-0.013733866359637381,-0.1801515792843387,-0.1537007738817223,-0.16514712164814865,0.03449340029449384,0.03205799481735314,0.0328176428814842,-5.614486797937255e-15,6.82716527226562e-18,-3.899009975055439e-15
52.381,"[0.06062, 0.0456, 0.40727528340864727]",0.0456,0.40727528340864727,-0.05741452781764925,-0.054037914077056576,-0.05444483610061601,0.1609529244411925,0.15543581709256568,0.15459220889729103,-0.01822367455776444,-0.007905890269757035,-0.01206429937991686,-0.17730073233878255,-0.1537007738817223,-0.16070490236176113,0.03417500638601881,0.03205799481735314,0.032335011906824265,-6.582647896103809e-15,6.82716527226562e-18,-3.2976235951754343e-15
52.4,"[0.06062, 0.0456, 0.40727528340864727]",0.0456,0.40727528340864727,-0.056883790128970387,-0.054037914077056576,-0.05412644858033542,0.15981337652745695,0.15543581709256568,0.153959021739841,-0.017125535364137797,-0.007905890269757035,-0.011335777746380338,-0.1743388465895681,-0.1537007738817223,-0.15882529520828756,0.03384611723617008,0.03205799481735314,0.03213789019580614,-5.414998802370352e-15,6.82716527226562e-18,-3.055074597181815e-15
52.42,"[0.06062, 0.0456, 0.40772388296423284]",0.0456,0.40772388296423284,-0.05638855011154395,-0.052970239337917745,-0.053728600288322034,0.1587580359620462,0.15307132530401998,0.1531219711251565,-0.016091048368279893,-0.006020892222168637,-0.010528254087752709,-0.17156043647631883,-0.148186258330361,-0.15662218210073112,0.03353929505248917,0.031403482455487054,0.031892708080487955,-5.364717842419164e-15,7.240815081384063e-18,-2.8260935862641664e-15
52.44,"[0.06062, 0.0456, 0.40772388296423284]",0.0456,0.40772388296423284,-0.05591896599141283,-0.052970239337917745,-0.05338006102637097,0.15776251819844112,0.15307132530401998,0.15240445654285317,-0.015106794588689354,-0.006020892222168637,-0.009791996445413485,-0.1689204483300061,-0.148186258330361,-0.15465074692636527,0.033248509918184524,0.031403482455487054,0.031677738904818,-5.113642206442791e-15,7.240815081384063e-18,-2.577637228207057e-15
52.46,"[0.06062, 0.0456, 0.4081353917648899]",0.0456,0.4081353917648899,-0.055436574048050156,-0.05198104243986226,-0.05270864926608729,0.156744486483956,0.15088724674109208,0.15102426647901523,-0.01409698294586985,-0.004288074975424566,-0.008382898897289074,-0.16620920506865366,-0.14309397641429106,-0.15086492691288855,0.03295006342564233,0.030797837311189073,0.031264028837111955,-5.028552285222653e-15,7.074090662948616e-18,-2.2262243415080734e-15
52.48,"[0.06062, 0.0456, 0.4081353917648899]",0.0456,0.4081353917648899,-0.054951772014574136,-0.05198104243986226,-0.05238434556336479,0.15572821236713294,0.15088724674109208,0.1503566411130233,-0.013077900952010064,-0.004288074975424566,-0.0077100988683237535,-0.16347742984703328,-0.14309397641429106,-0.14904691931435368,0.0326503218763245,0.030797837311189073,0.031064407966100927,-4.162467303712569e-15,7.074090662948616e-18,-2.107547541196909e-15
52.5,"[0.06062, 0.0456, 0.4085094037011142]",0.0456,0.4085094037011142,-0.05428226804621056,-0.05198104243986226,-0.05209020296142078,0.15432659421202718,0.15088724674109208,0.1497569627747019,-0.011677723395829006,-0.004288074975424566,-0.0070890383919336745,-0.15971402011569702,-0.14309397641429106,-0.14738246488501622,0.03223670849720352,0.030797837311189073,0.030883282492496528,-4.413267986017998e-15,7.074090662948616e-18,-1.945613528798839e-15
52.52,"[0.06062, 0.0456, 0.4085094037011142]",0.0456,0.4085094037011142,-0.05386577568009688,-0.05107366183105305,-0.051742988977683285,0.15345836423901096,0.14888949631786114,0.14902627334813498,-0.010805873249400924,-0.0027100906161431843,-0.00640946930394069,-0.15737102462716002,-0.13843716639006684,-0.14549334728954852,0.03197955755630771,0.03024292678596841,0.030670118433101575,-4.2770414524921476e-15,7.160858957157864e-18,-1.8095080615509412e-15
52.54,"[0.06062, 0.0456, 0.4085094037011142]",0.0456,0.4085094037011142,-0.05343199521103071,-0.05107366183105305,-0.05143847902154507,0.15255343378297698,0.14888949631786114,0.14839794147966456,-0.009908727226610617,-0.0027100906161431843,-0.00579117652895512,-0.15494538368024643,-0.13843716639006684,-0.1438045247083931,0.0317120571494489,0.03024292678596841,0.03048304869862399,-3.4539971288253942e-15,7.160858957157864e-18,-1.6580220003216244e-15
52.56,"[0.06062, 0.0456, 0.4088455496682798]",0.0456,0.4088455496682798,-0.05323264359207841,-0.05025124162168161,-0.05117685440354782,0.15213788455268742,0.14708357358042667,0.14787408916227743,-0.009496972159056021,-0.0012893729017794946,-0.0052303944732543725,-0.15383129778580273,-0.13422820903644056,-0.1423111633695019,0.0315891563043662,0.029740504961547357,0.030322134316734268,-3.72499606392336e-15,7.195676604614927e-18,-1.5539420441723476e-15
52.58,"[0.06062, 0.0456, 0.4088455496682798]",0.0456,0.4088455496682798,-0.052842043646252786,-0.05025124162168161,-0.05057368768003467,0.1513277634285813,0.14708357358042667,0.14661399646796922,-0.008686322403014863,-0.0012893729017794946,-0.004052019137466761,-0.15164247225196822,-0.13422820903644056,-0.13903069482636307,0.0313484221267153,0.029740504961547357,0.02995234685333234,-3.62457031981385e-15,7.195676604614927e-18,-1.356345207572105e-15
52.6,"[0.06062, 0.0456, 0.4088455496682798]",0.0456,0.4088455496682798,-0.05243642015636609,-0.05025124162168161,-0.05033160939026634,0.15048458904724143,0.14708357358042667,0.1461281752001077,-0.00785633256786943,-0.0012893729017794946,-0.0035427584964044436,-0.14938558473370353,-0.13422820903644056,-0.13766198392156961,0.031098723304005396,0.029740504961547357,0.02980371277303111,-2.9277154196409446e-15,7.195676604614927e-18,-1.285431491435791e-15
52.62,"[0.06062, 0.0456, 0.4091434979309004]",0.0456,0.4091434979309004,-0.05205829315688182,-0.0495167016685111,-0.05004862201567887,0.14970059433046404,0.14547452417638554,0.14554154041232162,-0.007082586956209166,-2.8126757537702768e-05,-0.0029888545372897327,-0.1472812845660725,-0.13047852728487327,-0.13612068972184907,0.030866048370347003,0.02929219698464081,0.029630403468393813,-2.8914839851216935e-15,7.309933873011954e-18,-1.2323001278298629e-15
52.64,"[0.06062, 0.0456, 0.4091434979309004]",0.0456,0.4091434979309004,-0.0517019245037665,-0.0495167016685111,-0.049803567479849944,0.14896317121699462,0.14547452417638554,0.14504478381199243,-0.006354629157125191,-2.8126757537702768e-05,-0.002488882047254926,-0.14529948802888124,-0.13047852728487327,-0.1347568388015632,0.030646873676393037,0.02929219698464081,0.029480206161505602,-2.7588040937424767e-15,7.309933873011954e-18,-1.1673900391923936e-15
52.66,"[0.06062, 0.0456, 0.40940295445001257]",0.0456,0.40940295445001257,-0.05120731916768233,-0.04887270846265883,-0.04952479580457301,0.14794152551496997,0.1440669032210666,0.14446356318165277,-0.0053475094679710025,0.0010716813219777332,-0.001955368220241857,-0.1425529020202451,-0.12719848945343804,-0.13325534475029271,0.03034287276171679,0.028899483916068947,0.029309710125302466,-2.8161488476878428e-15,7.222808131040835e-18,-1.1270436721325979e-15
52.68,"[0.06062, 0.0456, 0.40940295445001257]",0.0456,0.40940295445001257,-0.051039066831375664,-0.04887270846265883,-0.04928173657263191,0.14759372928167983,0.1440669032210666,0.14396598185445914,-0.005008295345405758,0.0010716813219777332,-0.001473755533358669,-0.14162314629602227,-0.12719848945343804,-0.13192258829895895,0.030239556498075203,0.028899483916068947,0.029160962809280797,-2.4881343224240777e-15,7.222808131040835e-18,-1.0810852222198128e-15
52.701,"[0.06062, 0.0456, 0.40940295445001257]",0.0456,0.40940295445001257,-0.05056041039944757,-0.04887270846265883,-0.04906065927667892,0.14660597344978746,0.1440669032210666,0.14351657818726457,-0.004045054455287692,0.0010716813219777332,-0.0010298431871260177,-0.13898018707283913,-0.12719848945343804,-0.13070197543910309,0.029945772891837943,0.028899483916068947,0.029025630317560197,-2.1532346796841602e-15,7.222808131040835e-18,-1.0132142962026484e-15
52.72,"[0.06062, 0.0456, 0.4096236631733566]",0.0456,0.4096236631733566,-0.05041043528716783,-0.048321647411277764,-0.04881347390197979,0.14629703392357377,0.14286474116460007,0.1430022425130547,-0.0037435333306142255,0.0020083318641936476,-0.0005593756121448266,-0.13815236591217422,-0.12439731790992624,-0.1293739209542082,0.02985375863441071,0.02856368834186051,0.028874582638190687,-2.3276520178953794e-15,7.193676967664463e-18,-1.003174055984084e-15
52.74,"[0.06062, 0.0456, 0.4096236631733566]",0.0456,0.4096236631733566,-0.050107012623982275,-0.048321647411277764,-0.048598903420627546,0.14567102355564931,0.14286474116460007,0.14256515376151696,-0.003138543368205679,0.0020083318641936476,-0.00013399544747262843,-0.13648446137534628,-0.12439731790992624,-0.12819672058304352,0.02966771519512962,0.02856368834186051,0.028743363796985166,-2.242572071335228e-15,7.193676967664463e-18,-9.78242064441831e-16
52.76,"[0.06062, 0.0456, 0.40980540628806883]",0.0456,0.40980540628806883,-0.049820471875342984,-0.047865597112641545,-0.048189787370971134,0.14508090829483428,0.1418715127524114,0.14172985194371276,-0.0025676792673610953,0.002780359915815616,0.0006706976151234574,-0.13490979062998718,-0.12208300499249604,-0.12596105361586438,0.02949208842948304,0.028285961047412746,0.028493283275435977,-2.1700675689333005e-15,7.1122605657975e-18,-8.945660665435911e-16
52.78,"[0.06062, 0.0456, 0.40980540628806883]",0.0456,0.40980540628806883,-0.04952995332444622,-0.047865597112641545,-0.04800482813799356,0.14448403524098197,0.1418715127524114,0.14135800914824573,-0.0019895099756243187,0.002780359915815616,0.0010437585895737818,-0.13331383755095083,-0.12208300499249604,-0.12493691297823158,0.029314111322491128,0.028285961047412746,0.02838019881721264,-1.779092122470696e-15,7.1122605657975e-18,-8.764056813161112e-16
52.8,"[0.06062, 0.0456, 0.40980540628806883]",0.0456,0.40980540628806883,-0.04925682586998566,-0.047865597112641545,-0.04784772807919015,0.1439235561350218,0.1418715127524114,0.14105300831828604,-0.0014467644400074809,0.002780359915815616,0.0013805474342280433,-0.13181439454468521,-0.12208300499249604,-0.12403847612769014,0.029146845547729457,0.028285961047412746,0.028284020649718872,-1.7610154364892793e-15,7.1122605657975e-18,-8.395902438866288e-16
52.82,"[0.06062, 0.0456, 0.4099480044356374]",0.0456,0.4099480044356374,-0.04900323629502252,-0.04750630621207539,-0.04784772807919015,0.14340560212460246,0.14109010964205862,0.14105300831828604,-0.0009398861839870278,0.0033865613746702607,0.0013805474342280433,-0.13041782936716306,-0.12026223795784569,-0.12403847612769014,0.028991564852183144,0.02806726904889711,0.028284020649718872,-1.7359764378370297e-15,7.209455035225589e-18,-8.395902438866288e-16
52.84,"[0.06062, 0.0456, 0.4099480044356374]",0.0456,0.4099480044356374,-0.048783689734010885,-0.04750630621207539,-0.04768696266155855,0.14295860930147317,0.14109010964205862,0.14074068278927562,-0.0004990038005266911,0.0033865613746702607,0.0017228026345246894,-0.12920575225677816,-0.12026223795784569,-0.12312231959750627,0.028857131453716642,0.02806726904889711,0.028185663270711224,-1.932745254355341e-15,7.209455035225589e-18,-7.839728576995204e-16
52.86,"[0.06062, 0.0456, 0.4100513168889065]",0.0456,0.4100513168889065,-0.04857531159024223,-0.047245173391959425,-0.04755035092970759,0.14253720326422076,0.14052281719134385,0.14048401664045698,-7.686058190734511e-05,0.003825998101371134,0.0020296387884724933,-0.12804990005666517,-0.11894033460523586,-0.12232086440433494,0.028729552498947066,0.027908385258341988,0.028101982575033182,-1.807997819750897e-15,7.12612742268443e-18,-7.2650607195873035e-16
52.88,"[0.06062, 0.0456, 0.4100513168889065]",0.0456,0.4100513168889065,-0.048380569064737186,-0.047245173391959425,-0.047407511637830975,0.14214709780576948,0.14052281719134385,0.1402097525994523,0.00032337429443383774,0.003825998101371134,0.0023382051037697505,-0.1269613832878642,-0.11894033460523586,-0.12150031653840042,0.028610314213404986,0.027908385258341988,0.028014599841502327,-1.7021532331833027e-15,7.12612742268443e-18,-6.798538155489569e-16
52.9,"[0.06062, 0.0456, 0.4100513168889065]",0.0456,0.4100513168889065,-0.04819568815362313,-0.047245173391959425,-0.04728586684414001,0.14177900221663542,0.14052281719134385,0.13998387001965806,0.0007061921441932699,0.003825998101371134,0.002614941638639788,-0.12592378061060178,-0.11894033460523586,-0.12078150390543088,0.028497128482745136,0.027908385258341988,0.027940098338292668,-1.5933041055553172e-15,7.12612742268443e-18,-6.304167257422137e-16
52.92,"[0.06062, 0.0456, 0.410115241690958]",0.0456,0.410115241690958,-0.04802282210481875,-0.04708323099249059,-0.04705611615936776,0.1414379270992749,0.14017129586690388,0.13955794880917888,0.0010688545441325534,0.004098001772377654,0.0031372328889226093,-0.12494674804174866,-0.11812119104014475,-0.11942428459483298,0.028391292755300918,0.02780988003016963,0.027799430082203775,-1.5008442116474914e-15,7.147580361338184e-18,-5.318799635698904e-16
52.94,"[0.06062, 0.0456, 0.410115241690958]",0.0456,0.410115241690958,-0.04784907415989338,-0.04708323099249059,-0.04696530600740765,0.14109896302043415,0.14017129586690388,0.13939918883369762,0.0014389734779773912,0.004098001772377654,0.0033611644813943443,-0.1239565589962091,-0.11812119104014475,-0.11886275699785387,0.0282849181583673,0.02780988003016963,0.02774372186677088,-1.2232446537234338e-15,7.147580361338184e-18,-4.896727683420335e-16
52.96,"[0.06062, 0.0456, 0.41013971575572994]",0.0456,0.41013971575572994,-0.04768933112459447,-0.04702113268236761,-0.04688339079455591,0.14079029432281204,0.14003656764087086,0.13926038656244136,0.0017840359213195586,0.00420217645156177,0.003571226930640599,-0.12303927410536669,-0.1178072427987137,-0.11834467140663939,0.02818710460235488,0.027772114798067096,0.027693419761850493,-1.1839431923325728e-15,7.159517516825215e-18,-4.3637595225401955e-16
52.98,"[0.06062, 0.0456, 0.41013971575572994]",0.0456,0.41013971575572994,-0.04753620246188486,-0.04702113268236761,-0.04681275943114216,0.14049961184840862,0.14003656764087086,0.13914535010463772,0.0021236022091259184,0.00420217645156177,0.0037606445870045687,-0.12214729959771489,-0.1178072427987137,-0.11788605438410181,0.028093304482661105,0.027772114798067096,0.027649999903348422,-1.1596648699245398e-15,7.159517516825215e-18,-3.9362871679221105e-16
53.0,"[0.06062, 0.0456, 0.41013971575572994]",0.0456,0.41013971575572994,-0.04739874828604168,-0.04702113268236761,-0.0467584475075416,0.1402423021171596,0.14003656764087086,0.13906624916203914,0.0024346402569682918,0.00420217645156177,0.003923459726193115,-0.12133766301223002,-0.1178072427987137,-0.11750881012536181,0.02800907661259384,0.027772114798067096,0.02761650366601914,-1.1234702982791526e-15,7.159517516825215e-18,-3.435416468964538e-16
53.02,"[0.06062, 0.0456, 0.41014]",0.0456,0.41014,-0.047277091138124346,-0.04702113268236761,-0.04671871526609952,0.140018852055754,0.14003656764087086,0.13901893555907996,0.002717515952174634,0.00420217645156177,0.004061950323055847,-0.12061018096882217,-0.1178072427987137,-0.1172050673090432,0.027934487752746845,0.027772114798067096,0.02759187609491846,-1.0802878267916621e-15,7.159517516825215e-18,-2.876625794311468e-16
53.04,"[0.06062, 0.0456, 0.41014]",0.0456,0.41014,-0.0471709997224373,-0.04702113268236761,-0.04669183226940516,0.13982886792145346,0.14003656764087086,0.13899927076653462,0.002972958478703875,0.00420217645156177,0.004178346421140485,-0.11996320937855705,-0.1178072427987137,-0.1169670468385594,0.027869391537761707,0.027772114798067096,0.027575068430033156,-1.0298273229607108e-15,7.159517516825215e-18,-2.2757546818528023e-16
53.062,"[0.06062, 0.0456, 0.41014]",0.0456,0.41014,-0.04704171777573945,-0.04702113268236761,-0.046675781372897227,0.1396059865739671,0.14003656764087086,0.1390027370986599,0.0032999354691055317,0.00420217645156177,0.004275795896991471,-0.11915231351787393,-0.1178072427987137,-0.11678489206131197,0.027789970052948466,0.027772114798067096,0.027564854995256117,-8.878376043667951e-16,7.159517516825215e-18,-1.5724904315701653e-16
53.08,"[0.06062, 0.0456, 0.41014]",0.0456,0.41014,-0.047005124135457356,-0.04702113268236761,-0.04666934171370103,0.13954566162647938,0.14003656764087086,0.1390260431810958,0.0033975215098553473,0.00420217645156177,0.004355180229471397,-0.11891557137488422,-0.1178072427987137,-0.11665410690406461,0.027767458547180567,0.027772114798067096,0.027560500537393708,-8.982880122669484e-16,7.159517516825215e-18,-9.448050730893612e-17
53.101,"[0.06062, 0.0456, 0.41014]",0.0456,0.41014,-0.04691429097571647,-0.04702113268236761,-0.046676112422482305,0.13940879471986872,0.14003656764087086,0.13911191380086554,0.003663377591695582,0.00420217645156177,0.0044746094563710825,-0.11829408207215274,-0.1178072427987137,-0.11650101298330508,0.027711430522090238,0.027772114798067096,0.027563785909985355,-7.654654398818325e-16,7.159517516825215e-18,3.3422367154666735e-17
53.12,"[0.06062, 0.0456, 0.41014]",0.0456,0.41014,-0.04689047312038906,-0.04702113268236761,-0.046684402128372826,0.13937910662799946,0.14003656764087086,0.1391642167309069,0.0037445007760855886,0.00420217645156177,0.004523707654031657,-0.11811477516594837,-0.1178072427987137,-0.11645268468676068,0.02769666606088097,0.027772114798067096,0.027568427473360056,-7.038684450159791e-16,7.159517516825215e-18,9.506168589864685e-17
53.14,"[0.06062, 0.0456, 0.41014]",0.0456,0.41014,-0.04685131963190607,-0.04702113268236761,-0.046713791341017434,0.13933827754762668,0.14003656764087086,0.13929058243009038,0.0038925500790041776,0.00420217645156177,0.004589147381635039,-0.11779897797997611,-0.1178072427987137,-0.11643694344622389,0.02767230072925449,0.027772114798067096,0.027585577000451163,-6.358525396081423e-16,7.159517516825215e-18,2.0620954736483873e-16
53.16,"[0.06062, 0.0456, 0.41014]",0.0456,0.41014,-0.0468237665244071,-0.04702113268236761,-0.046750722746881135,0.13932336445726906,0.14003656764087086,0.1394279464664806,0.004022225594908027,0.00420217645156177,0.004631927969689645,-0.11754025161059861,-0.1178072427987137,-0.11647367960872494,0.027654989878588308,0.027772114798067096,0.027607380764278183,-5.277827365017392e-16,7.159517516825215e-18,3.084289126221538e-16
53.18,"[0.06062, 0.0456, 0.41014]",0.0456,0.41014,-0.04680815661294187,-0.04702113268236761,-0.046772103614799776,0.13933696986020006,0.14003656764087086,0.1394988405474283,0.004136386401230026,0.00420217645156177,0.004640765876935475,-0.11733541746301494,-0.1178072427987137,-0.11651777071671737,0.02764491975540307,0.027772114798067096,0.027620107088794726,-4.2788695041413876e-16,7.159517516825215e-18,3.5158548592827026e-16
53.2,"[0.06062, 0.0456, 0.41014]",0.0456,0.41014,-0.04679938226518415,-0.04702113268236761,-0.04679483708664865,0.13936134482356907,0.14003656764087086,0.13956944885286313,0.004231423086097177,0.00420217645156177,0.00464133752224253,-0.11717609638656315,-0.1178072427987137,-0.11657729782375573,0.027639059979543603,0.027772114798067096,0.027633696357046978,-3.5912424654989413e-16,7.159517516825215e-18,3.904978175742994e-16
53.22,"[0.06062, 0.0456, 0.41014]",0.0456,0.41014,-0.046796472668798064,-0.04702113268236761,-0.04681804610912746,0.13939452984172773,0.14003656764087086,0.13963959720635355,0.0043092553770267125,0.00420217645156177,0.004638333873925525,-0.11705696722505891,-0.1178072427987137,-0.11664321097011811,0.027636817857129143,0.027772114798067096,0.02764759351842233,-2.8988622845323186e-16,7.159517516825215e-18,4.2772101962143215e-16
53.24,"[0.06062, 0.0456, 0.41014]",0.0456,0.41014,-0.04680057162246343,-0.04702113268236761,-0.04686468201071448,0.13944109264109064,0.14003656764087086,0.13977249012631734,0.004371780287583672,0.00420217645156177,0.004617303315234616,-0.11697835354168122,-0.1178072427987137,-0.11679714918065578,0.027638865232777466,0.027772114798067096,0.02767561881874705,-2.1650569069593692e-16,7.159517516825215e-18,4.875586891727446e-16
53.261,"[0.06062, 0.0456, 0.41014]",0.0456,0.41014,-0.04681835893679076,-0.04702113268236761,-0.04691017590596244,0.139531934044772,0.14003656764087086,0.13989686058038386,0.004437859162421005,0.00420217645156177,0.004586946119048284,-0.11693100086158861,-0.1178072427987137,-0.11696142657744633,0.027649075732816254,0.027772114798067096,0.02770302500678018,-1.0810325436301523e-16,7.159517516825215e-18,5.362266171316928e-16
53.28,"[0.06062, 0.0456, 0.41014]",0.0456,0.41014,-0.04682529118793539,-0.04702113268236761,-0.046931348885798516,0.13956234020854402,0.14003656764087086,0.13995189622478305,0.004454386972704781,0.00420217645156177,0.00456746784037896,-0.11692575140756252,-0.1178072427987137,-0.11704555274226822,0.027653114744313166,0.027772114798067096,0.027715817298288946,-7.13036979053812e-17,7.159517516825215e-18,5.52962285303917e-16
53.3,"[0.06062, 0.0456, 0.41014]",0.0456,0.41014,-0.046843536582344615,-0.04702113268236761,-0.046950776379429536,0.13963140264371585,0.14003656764087086,0.14000032325307035,0.004477625378786363,0.00420217645156177,0.004545680197648988,-0.11694094231138318,-0.1178072427987137,-0.11712835807341848,0.027663876923335395,0.027772114798067096,0.02772758294569583,-8.573494928845895e-18,7.159517516825215e-18,5.640976942643375e-16
53.32,"[0.06062, 0.0456, 0.41014]",0.0456,0.41014,-0.0468621636693674,-0.04702113268236761,-0.046968379127230335,0.1396971391270356,0.14003656764087086,0.14004228971089872,0.004492516678374746,0.00420217645156177,0.004522314636593739,-0.11696909883142433,-0.1178072427987137,-0.11720858351788484,0.027674922159319885,0.027772114798067096,0.027738269642861593,5.353958017111066e-17,7.159517516825215e-18,5.695676775845279e-16
53.34,"[0.06062, 0.0456, 0.41014]",0.0456,0.41014,-0.04688076035906262,-0.04702113268236761,-0.04698412571186264,0.13975894075685344,0.14003656764087086,0.14007803554736198,0.004500281187090471,0.00420217645156177,0.004498000670629422,-0.11700738063690791,-0.1178072427987137,-0.11728524299562876,0.027685996378450525,0.027772114798067096,0.027747854310195955,1.0932872083939378e-16,7.159517516825215e-18,5.698125014731759e-16
53.36,"[0.06062, 0.0456, 0.41014]",0.0456,0.41014,-0.04689898258348087,-0.04702113268236761,-0.04698412571186264,0.13981635164185702,0.14003656764087086,0.14007803554736198,0.0045020361420586835,0.00420217645156177,0.004498000670629422,-0.11705327513712623,-0.1178072427987137,-0.11728524299562876,0.027696886765424714,0.027772114798067096,0.027747854310195955,1.5872150237088139e-16,7.159517516825215e-18,5.698125014731759e-16
53.38,"[0.06062, 0.0456, 0.41014]",0.0456,0.41014,-0.0469165497206491,-0.04702113268236761,-0.04699802513959014,0.13986905546099976,0.14003656764087086,0.14010787431744345,0.004498796734259774,0.00420217645156177,0.004473274026770976,-0.11710458394354667,-0.1178072427987137,-0.11735759207809147,0.02770741902971887,0.027772114798067096,0.027756338618045752,2.0173700672380928e-16,7.159517516825215e-18,5.653046193743573e-16
53.4,"[0.06062, 0.0456, 0.41014]",0.0456,0.41014,-0.04693203005025075,-0.04702113268236761,-0.04700927779734191,0.1399144310438125,0.14003656764087086,0.14012964191156768,0.004493947415991416,0.00420217645156177,0.0044486947558699886,-0.11715265549417199,-0.1178072427987137,-0.11742270525117313,0.02771671375150359,0.027772114798067096,0.027763241061197257,2.550316150336378e-16,7.159517516825215e-18,5.538796627016509e-16
53.421,"[0.06062, 0.0456, 0.41014]",0.0456,0.41014,-0.046954013666990715,-0.04702113268236761,-0.04702873093933257,0.13997470185335367,0.14003656764087086,0.14016417659086286,0.004479235911760048,0.00420217645156177,0.004400285342251847,-0.11723213496035896,-0.1178072427987137,-0.11754375642485414,0.027729967561140267,0.027772114798067096,0.027775217672286565,2.866955226406424e-16,7.159517516825215e-18,5.231970104015427e-16
53.44,"[0.06062, 0.0456, 0.41014]",0.0456,0.41014,-0.046961485394226295,-0.04702113268236761,-0.04703611627972978,0.1399936493271515,0.14003656764087086,0.14017492448859553,0.004471340852788206,0.00420217645156177,0.0043773833377408556,-0.11726329710947032,-0.1178072427987137,-0.11759619931462828,0.02773449257225628,0.027772114798067096,0.02777979832290875,2.8908076742011054e-16,7.159517516825215e-18,5.051888273541892e-16
53.46,"[0.06062, 0.0456, 0.41014]",0.0456,0.41014,-0.04697500058183835,-0.04702113268236761,-0.047042782285540104,0.140027124297118,0.14003656764087086,0.14018373871907927,0.0044555501014885215,0.00420217645156177,0.004355013228420363,-0.11732182867343188,-0.1178072427987137,-0.11764596991586669,0.027742688406326856,0.027772114798067096,0.02778394552261112,3.086124527170024e-16,7.159517516825215e-18,4.851926805653177e-16
53.48,"[0.06062, 0.0456, 0.41014]",0.0456,0.41014,-0.04698787910554335,-0.04702113268236761,-0.04705250321041269,0.14005688103737765,0.14003656764087086,0.1401921664894677,0.00443644809175523,0.00420217645156177,0.004313908250221747,-0.11738341551455722,-0.1178072427987137,-0.11773071101174785,0.027750527258423443,0.027772114798067096,0.027790056863880325,3.2407534410099073e-16,7.159517516825215e-18,4.422670910279678e-16
53.5,"[0.06062, 0.0456, 0.41014]",0.0456,0.41014,-0.047005412087528106,-0.04702113268236761,-0.047056369256317884,0.14009344688887745,0.14003656764087086,0.14019393721372903,0.0044029378589106345,0.00420217645156177,0.004294529836549408,-0.11747801813688796,-0.1178072427987137,-0.11776875761280085,0.027761253894126762,0.027772114798067096,0.027792510077514324,3.1265088896907653e-16,7.159517516825215e-18,4.1988559312758885e-16
53.52,"[0.06062, 0.0456, 0.41014]",0.0456,0.41014,-0.047010507804407124,-0.04702113268236761,-0.04706095603453668,0.1401034959214067,0.14003656764087086,0.1401902478512558,0.004392097054640642,0.00420217645156177,0.004260438742478027,-0.1175070920871469,-0.1178072427987137,-0.11782980763693186,0.02776437951246684,0.027772114798067096,0.02779550378887823,3.2407924722881173e-16,7.159517516825215e-18,3.7380500596868906e-16
53.54,"[0.06062, 0.0456, 0.41014]",0.0456,0.41014,-0.047019912290033314,-0.04702113268236761,-0.04706189127810612,0.14012020310124973,0.14003656764087086,0.14018547317429406,0.004368576272389431,0.00420217645156177,0.004245777524549041,-0.1175657861874758,-0.1178072427987137,-0.11785330643556478,0.027770174065277233,0.027772114798067096,0.027796171923949287,3.110401982216321e-16,7.159517516825215e-18,3.5058519345781314e-16
53.56,"[0.06062, 0.0456, 0.41014]",0.0456,0.41014,-0.04702780412584668,-0.04702113268236761,-0.04706191558626848,0.14013303413614034,0.14003656764087086,0.14017885329945212,0.004346564016054525,0.00420217645156177,0.004232946679456646,-0.11761830014780207,-0.1178072427987137,-0.11787176085466332,0.02777505352627107,0.027772114798067096,0.027796282451763788,3.1021490352793617e-16,7.159517516825215e-18,3.268765841369501e-16
53.58,"[0.06062, 0.0456, 0.41014]",0.0456,0.41014,-0.047034283115592886,-0.04702113268236761,-0.047061180499732624,0.14014233556599048,0.14003656764087086,0.14017079110077393,0.004326131494298763,0.00420217645156177,0.004221826761762829,-0.1176647967894538,-0.1178072427987137,-0.11788574449643482,0.02777907707461394,0.027772114798067096,0.02779592671166383,3.056139831887767e-16,7.159517516825215e-18,3.0306434610703947e-16
53.6,"[0.06062, 0.0456, 0.41014]",0.0456,0.41014,-0.047039459776368246,-0.04702113268236761,-0.04705876456506073,0.14014846771556524,0.14003656764087086,0.14015299415303994,0.004307314383847325,0.00420217645156177,0.004201956684922151,-0.1177055183310883,-0.1178072427987137,-0.11790780091772374,0.027782310522264955,0.027772114798067096,0.027794632692685832,2.9778864558864535e-16,7.159517516825215e-18,2.552460929541712e-16
53.62,"[0.06062, 0.0456, 0.41014]",0.0456,0.41014,-0.04704324954783325,-0.04702113268236761,-0.04705693111130428,0.1401501501726306,0.14003656764087086,0.14014323337070733,0.0042881544000206995,0.00420217645156177,0.004194060062097378,-0.11774304628191733,-0.1178072427987137,-0.11791424386131637,0.02778471808680881,0.027772114798067096,0.027793596778726518,2.754419377711121e-16,7.159517516825215e-18,2.331538303726028e-16
53.64,"[0.06062, 0.0456, 0.41014]",0.0456,0.41014,-0.047046014055730924,-0.04702113268236761,-0.04705489758729741,0.14014971445075888,0.14003656764087086,0.1401332414692083,0.00427098716800286,0.00420217645156177,0.004186901841484957,-0.11777499396214906,-0.1178072427987137,-0.11791909618983973,0.027786498270532044,0.027772114798067096,0.02779243580107588,2.6199956555576774e-16,7.159517516825215e-18,2.1104026363382275e-16
53.66,"[0.06062, 0.0456, 0.41014]",0.0456,0.41014,-0.047047701926728455,-0.04702113268236761,-0.04705025010256169,0.14014658458434742,0.14003656764087086,0.1401129579310508,0.004255010952095405,0.00420217645156177,0.00417544425185087,-0.11780237339048037,-0.1178072427987137,-0.11792315803962937,0.02778762640133789,0.027772114798067096,0.027789745479129237,2.45671914519005e-16,7.159517516825215e-18,1.6957247241500094e-16
53.68,"[0.06062, 0.0456, 0.41014]",0.0456,0.41014,-0.04704840646313751,-0.04702113268236761,-0.04705025010256169,0.1401411104929711,0.14003656764087086,0.1401129579310508,0.004240346528958504,0.00420217645156177,0.00417544425185087,-0.11782525899331651,-0.1178072427987137,-0.11792315803962937,0.027788157281516356,0.027772114798067096,0.027789745479129237,2.2053533767123218e-16,7.159517516825215e-18,1.6957247241500094e-16
53.7,"[0.06062, 0.0456, 0.41014]",0.0456,0.41014,-0.04704875675462695,-0.04702113268236761,-0.04704760750468339,0.14013576150628693,0.14003656764087086,0.14010315621756728,0.0042280150924310835,0.00420217645156177,0.004172261329220216,-0.11784385981718859,-0.1178072427987137,-0.1179206898038041,0.02778845903906531,0.027772114798067096,0.02778819042896633,2.083458694864122e-16,7.159517516825215e-18,1.5169847624547106e-16
53.72,"[0.06062, 0.0456, 0.41014]",0.0456,0.41014,-0.04704853839713741,-0.04702113268236761,-0.047042201869362844,0.14012956650151245,0.14003656764087086,0.14008419948854337,0.004217421873549087,0.00420217645156177,0.004167858487645441,-0.11785845751971669,-0.1178072427987137,-0.11791261736172176,0.027788408003148996,0.027772114798067096,0.027784993322793595,1.9015078862776055e-16,7.159517516825215e-18,1.1820021357950457e-16
53.74,"[0.06062, 0.0456, 0.41014]",0.0456,0.41014,-0.04704757904022559,-0.04702113268236761,-0.047042201869362844,0.1401217820675342,0.14003656764087086,0.14008419948854337,0.004208160773843724,0.00420217645156177,0.004167858487645441,-0.11786917519673143,-0.1178072427987137,-0.11791261736172176,0.027787904202442495,0.027772114798067096,0.027784993322793595,1.672702196604954e-16,7.159517516825215e-18,1.1820021357950457e-16
53.76,"[0.06062, 0.0456, 0.41014]",0.0456,0.41014,-0.04704655737776069,-0.04702113268236761,-0.047039571722007206,0.14011464137760665,0.14003656764087086,0.14007580429466926,0.004200503335588783,0.00420217645156177,0.004167319036732068,-0.1178774292131523,-0.1178072427987137,-0.11790639010149026,0.0277873511353117,0.027772114798067096,0.02778342532128416,1.5198036694323582e-16,7.159517516825215e-18,1.0459622607379271e-16
53.78,"[0.06062, 0.0456, 0.41014]",0.0456,0.41014,-0.047045230103167225,-0.04702113268236761,-0.047034533724158285,0.14010726233193035,0.14003656764087086,0.14006048828102755,0.004194198314932192,0.00420217645156177,0.004167770822922994,-0.11788293178700833,-0.1178072427987137,-0.11789233052900142,0.027786605230648943,0.027772114798067096,0.02778041018359856,1.3447223658107088e-16,7.159517516825215e-18,8.08139253930351e-17
53.8,"[0.06062, 0.0456, 0.41014]",0.0456,0.41014,-0.04704342227750988,-0.04702113268236761,-0.04703219879844449,0.14009905131832762,0.14003656764087086,0.14005370965486522,0.0041891445057803305,0.00420217645156177,0.004168604026573297,-0.11788536189939484,-0.1178072427987137,-0.11788491881318552,0.027785562620310872,0.027772114798067096,0.0277790078015214,1.1574719770050817e-16,7.159517516825215e-18,7.079536750377344e-17
53.82,"[0.06062, 0.0456, 0.41014]",0.0456,0.41014,-0.04704149995980132,-0.04702113268236761,-0.04703004016367345,0.14009104647870588,0.14003656764087086,0.14004766791662177,0.004185166822527665,0.00420217645156177,0.004169815124382226,-0.11788594477251066,-0.1178072427987137,-0.11787743363897493,0.02778444341913031,0.027772114798067096,0.027777707738219987,9.905525473379036e-17,7.159517516825215e-18,6.218787998834886e-17
53.84,"[0.06062, 0.0456, 0.41014]",0.0456,0.41014,-0.04703951687566602,-0.04702113268236761,-0.047028068667491096,0.14008334830843325,0.14003656764087086,0.14004235351806749,0.0041821409972021654,0.00420217645156177,0.0041713210318476525,-0.11788500132789002,-0.1178072427987137,-0.11787002308105875,0.02778328064545698,0.027772114798067096,0.027776517117957096,8.339720695875474e-17,7.159517516825215e-18,5.491932019271027e-17
53.86,"[0.06062, 0.0456, 0.41014]",0.0456,0.41014,-0.04703751915076884,-0.04702113268236761,-0.04702618764547105,0.14007603759421502,0.14003656764087086,0.1400373802040885,0.004179949668237669,0.00420217645156177,0.004172949004831071,-0.11788282241627672,-0.1178072427987137,-0.11786267796453387,0.02778210273105814,0.027772114798067096,0.027775379568918863,6.884331067617833e-17,7.159517516825215e-18,4.82903712608988e-17
53.88,"[0.06062, 0.0456, 0.41014]",0.0456,0.41014,-0.047035188286855115,-0.04702113268236761,-0.04702274206121647,0.14006823191712933,0.14003656764087086,0.1400285491237105,0.004178792271815322,0.00420217645156177,0.004176481400374542,-0.11787827339711256,-0.1178072427987137,-0.11784843267221606,0.02778071760312658,0.027772114798067096,0.02777329128612822,5.468363030351764e-17,7.159517516825215e-18,3.689282392885921e-17
53.9,"[0.06062, 0.0456, 0.41014]",0.0456,0.41014,-0.04703297351645002,-0.04702113268236761,-0.047021302761659556,0.140061072287956,0.14003656764087086,0.14002508147692286,0.004178190746916696,0.00420217645156177,0.0041783952037922414,-0.11787323632019847,-0.1178072427987137,-0.11784185223710841,0.027779397593935697,0.027772114798067096,0.027772415288772306,4.1112454870082084e-17,7.159517516825215e-18,3.2771385119615507e-17
53.92,"[0.06062, 0.0456, 0.41014]",0.0456,0.41014,-0.0470307560730395,-0.04702113268236761,-0.0470200972781912,0.1400542340339411,0.14003656764087086,0.14002235754156397,0.004178229589847462,0.00420217645156177,0.004180356479435469,-0.11786727334948356,-0.1178072427987137,-0.1178358256465993,0.027778070955957124,0.027772114798067096,0.027771678563876863,2.8375681428591366e-17,7.159517516825215e-18,2.9762942399303436e-17
53.94,"[0.06062, 0.0456, 0.41014]",0.0456,0.41014,-0.047027768658580396,-0.04702113268236761,-0.047018218300954935,0.14004539026911797,0.14003656764087086,0.14001855467671928,0.0041790030497567765,0.00420217645156177,0.004184294716285364,-0.11785820464751584,-0.1178072427987137,-0.11782516522771759,0.0277762778792602,0.027772114798067096,0.027770522741681694,1.2904983788961204e-17,7.159517516825215e-18,2.6410407590661625e-17
53.96,"[0.06062, 0.0456, 0.41014]",0.0456,0.41014,-0.04702681362281767,-0.04702113268236761,-0.047018218300954935,0.14004270670992083,0.14003656764087086,0.14001855467671928,0.0041795322143697595,0.00420217645156177,0.004184294716285364,-0.11785490070820565,-0.1178072427987137,-0.11782516522771759,0.02777570236550365,0.027772114798067096,0.027770522741681694,8.744249531830832e-18,7.159517516825215e-18,2.6410407590661625e-17
53.98,"[0.06062, 0.0456, 0.41014]",0.0456,0.41014,-0.04702518051166352,-0.04702113268236761,-0.04701752782991516,0.1400381178236938,0.14003656764087086,0.140017392190996,0.004180437085858806,0.00420217645156177,0.0041862100346307125,-0.11784925097198483,-0.1178072427987137,-0.11782057481925712,0.027774718236979974,0.027772114798067096,0.027770094011333856,-1.0625759587350533e-18,7.159517516825215e-18,2.5789854240869158e-17
54.001,"[0.06062, 0.0456, 0.41014]",0.0456,0.41014,-0.04702306274494442,-0.04702113268236761,-0.047017088930265974,0.14003245743218354,0.14003656764087086,0.1400169547393459,0.004182183402543388,0.00420217645156177,0.004188028565580147,-0.11784110153962647,-0.1178072427987137,-0.11781679279722067,0.027773437305151475,0.027772114798067096,0.02776981634451408,-1.0303447915263507e-17,7.159517516825215e-18,2.6334789954349527e-17
54.02,"[0.06062, 0.0456, 0.41014]",0.0456,0.41014,-0.04702246536347651,-0.04702113268236761,-0.04701656187951013,0.14003090716294264,0.14003656764087086,0.14001705238544782,0.004182767916807971,0.00420217645156177,0.004191454650023868,-0.11783867066805524,-0.1178072427987137,-0.11781046516421377,0.027773075209089036,0.027772114798067096,0.027769472270630643,-1.3790242101976888e-17,7.159517516825215e-18,2.8925177102626463e-17
54.04,"[0.06062, 0.0456, 0.41014]",0.0456,0.41014,-0.04702136455120865,-0.04702113268236761,-0.04701639143431856,0.1400282625175768,0.14003656764087086,0.14001734966156149,0.00418426615729285,0.00420217645156177,0.004193092503615048,-0.11783358595468006,-0.1178072427987137,-0.11780765707844906,0.027772404405102057,0.027772114798067096,0.027769356461119964,-1.693486208305385e-17,7.159517516825215e-18,3.054827045462547e-17
54.06,"[0.06062, 0.0456, 0.41014]",0.0456,0.41014,-0.04702043499906661,-0.04702113268236761,-0.047016331744343894,0.14002616232016518,0.14003656764087086,0.1400179275522221,0.0041857957523961774,0.00420217645156177,0.004194610923242639,-0.11782891220098696,-0.1178072427987137,-0.11780531538286464,0.02777183571860392,0.027772114798067096,0.027769307813719602,-2.0641966151216284e-17,7.159517516825215e-18,3.2577870013506715e-17
54.08,"[0.06062, 0.0456, 0.41014]",0.0456,0.41014,-0.04701932663898684,-0.04702113268236761,-0.047016404183351075,0.14002401110790327,0.14003656764087086,0.14001953574691067,0.0041883227999892254,0.00420217645156177,0.004197373759644887,-0.11782232851907234,-0.1178072427987137,-0.11780153635411213,0.0277711516366393,0.027772114798067096,0.02776932741882918,-2.3891103221720843e-17,7.159517516825215e-18,3.7039264252719925e-17
54.1,"[0.06062, 0.0456, 0.41014]",0.0456,0.41014,-0.047019034393423136,-0.04702113268236761,-0.04701666931483165,0.14002356357184675,0.14003656764087086,0.14002156312250602,0.004189227893915315,0.00420217645156177,0.004199790644054284,-0.11782024930524577,-0.1178072427987137,-0.11779876753417856,0.027770969214859602,0.027772114798067096,0.0277694650711538,-2.4085825931899236e-17,7.159517516825215e-18,4.203655068676764e-17
54.12,"[0.06062, 0.0456, 0.41014]",0.0456,0.41014,-0.047018571556756476,-0.04702113268236761,-0.04701684925925081,0.14002308922068937,0.14003656764087086,0.14002266393278925,0.004191129456254468,0.00420217645156177,0.004200882056963276,-0.11781628337602765,-0.1178072427987137,-0.11779767750927739,0.027770676283718584,0.027772114798067096,0.02776956320115282,-2.4073682867567392e-17,7.159517516825215e-18,4.458109690246502e-17
54.14,"[0.06062, 0.0456, 0.41014]",0.0456,0.41014,-0.04701824432023037,-0.04702113268236761,-0.0470173265946731,0.14002300841607018,0.14003656764087086,0.1400250238691791,0.004192982446515748,0.00420217645156177,0.004202659088655622,-0.11781274826641651,-0.1178072427987137,-0.11779639367785671,0.02777046479803361,0.027772114798067096,0.027769833113491724,-2.4598436719050383e-17,7.159517516825215e-18,4.977152250663924e-17
54.16,"[0.06062, 0.0456, 0.41014]",0.0456,0.41014,-0.04701797546918198,-0.04702113268236761,-0.047017604092776596,0.14002345804040167,0.14003656764087086,0.14002622834116674,0.004195535884947902,0.00420217645156177,0.004203357553641247,-0.11780836162751428,-0.1178072427987137,-0.11779612848525527,0.02777028216678526,0.027772114798067096,0.027769992909737955,-2.3738447555834882e-17,7.159517516825215e-18,5.234427243135819e-17
54.181,"[0.06062, 0.0456, 0.41014]",0.0456,0.41014,-0.04701793833154139,-0.04702113268236761,-0.04701789285382478,0.1400237350705212,0.14003656764087086,0.14002743314943372,0.0041963180497783924,0.00420217645156177,0.00420398729939732,-0.11780713831595759,-0.1178072427987137,-0.11779599212300572,0.02777025324108183,0.027772114798067096,0.027770160029938106,-2.2950883097741414e-17,7.159517516825215e-18,5.49502859931412e-17
54.2,"[0.06062, 0.0456, 0.41014]",0.0456,0.41014,-0.04701792969077525,-0.04702113268236761,-0.04701819353610822,0.1400244377055964,0.14003656764087086,0.1400286068518657,0.004197775203333166,0.00420217645156177,0.0042044811462874036,-0.11780502054436796,-0.1178072427987137,-0.1177960830008968,0.02777023553096703,0.027772114798067096,0.027770335454854977,-2.184282847746122e-17,7.159517516825215e-18,5.743503849423268e-17
54.22,"[0.06062, 0.0456, 0.41014]",0.0456,0.41014,-0.04701797982138854,-0.04702113268236761,-0.04701849869268254,0.14002522984346952,0.14003656764087086,0.1400297344061909,0.004199049328621754,0.00420217645156177,0.004204854781618577,-0.11780332241617962,-0.1178072427987137,-0.11779635873944759,0.02777025451650823,0.027772114798067096,0.027770514602160085,-2.0453748654072783e-17,7.159517516825215e-18,5.983657890107435e-17
54.24,"[0.06062, 0.0456, 0.41014]",0.0456,0.41014,-0.047018078406934415,-0.04702113268236761,-0.047018802016352376,0.1400260857104685,0.14003656764087086,0.14003080383403743,0.004200152360818526,0.00420217645156177,0.004205123027332232,-0.11780199932267169,-0.1178072427987137,-0.11779678123389656,0.027770303932784613,0.027772114798067096,0.027770693577215316,-1.8844792630104285e-17,7.159517516825215e-18,6.212998599436206e-17
54.26,"[0.06062, 0.0456, 0.41014]",0.0456,0.41014,-0.04701821589272386,-0.04702113268236761,-0.04701909826989809,0.14002698215402853,0.14003656764087086,0.14003180597067852,0.004201096783583586,0.00420217645156177,0.004205299767705313,-0.11780100789087558,-0.1178072427987137,-0.11779731657299525,0.027770377965228955,0.027772114798067096,0.02777086913206036,-1.7063665301145105e-17,7.159517516825215e-18,6.429290934579949e-17
54.28,"[0.06062, 0.0456, 0.41014]",0.0456,0.41014,-0.047018383544387005,-0.04702113268236761,-0.04701938320738007,0.140027898679274,0.14003656764087086,0.14003273420054832,0.004201895346694237,0.00420217645156177,0.00420539790297472,-0.11780030654554947,-0.1178072427987137,-0.11779793489676754,0.02777047128692943,0.027772114798067096,0.027771038618859368,-1.5174985116675358e-17,7.159517516825215e-18,6.631121974755024e-17
54.3,"[0.06062, 0.0456, 0.41014]",0.0456,0.41014,-0.04701857348035573,-0.04702113268236761,-0.04701965348960015,0.1400288174283981,0.14003656764087086,0.140033584186052,0.004202560828515111,0.00420217645156177,0.004205429325139537,-0.11779985593735194,-0.1178072427987137,-0.11779861020680508,0.027770579079998626,0.027772114798067096,0.02777119993967463,-1.3240768440961219e-17,7.159517516825215e-18,6.817724607385393e-17
54.32,"[0.06062, 0.0456, 0.41014]",0.0456,0.41014,-0.04701877868211219,-0.04702113268236761,-0.04701990659637859,0.14002972311243428,0.14003656764087086,0.1400343535960728,0.00420310583900138,0.00420217645156177,0.004205404912525805,-0.11779961925361908,-0.1178072427987137,-0.11779932014107586,0.027770697043339596,0.027772114798067096,0.027771351494180967,-1.1264051040085646e-17,7.159517516825215e-18,6.988327433849357e-17
54.34,"[0.06062, 0.0456, 0.41014]",0.0456,0.41014,-0.04701899298582284,-0.04702113268236761,-0.04702014073790485,0.14003060290440753,0.14003656764087086,0.14003504183951881,0.004203542659098686,0.00420217645156177,0.004205334540018022,-0.11779956242730685,-0.1178072427987137,-0.11780004572370102,0.027770821389001974,0.027772114798067096,0.027771492126693574,-9.310318725266767e-18,7.159517516825215e-18,7.142606723125792e-17
54.36,"[0.06062, 0.0456, 0.41014]",0.0456,0.41014,-0.04701921105871845,-0.04702113268236761,-0.047020354767045976,0.14003144630216063,0.14003656764087086,0.1400356498082626,0.004203883112601054,0.00420217645156177,0.00420522710216821,-0.11779965425869272,-0.1178072427987137,-0.11780077109872032,0.027770948829165892,0.027772114798067096,0.02777162107365617,-7.396485050395353e-18,7.159517516825215e-18,7.280711791859497e-17
54.38,"[0.06062, 0.0456, 0.41014]",0.0456,0.41014,-0.04701942836330074,-0.04702113268236761,-0.04702053821065665,0.14003224496840216,0.14003656764087086,0.14003614321506241,0.0042041384667465265,0.00420217645156177,0.0042050784386763905,-0.11779986646336896,-0.1178072427987137,-0.11780147436346473,0.027771076555621554,0.027772114798067096,0.027771732116021967,-5.550305591087036e-18,7.159517516825215e-18,7.39527438331909e-17
54.401,"[0.06062, 0.0456, 0.41014]",0.0456,0.41014,-0.047019714273001785,-0.04702113268236761,-0.04702053821065665,0.14003326142741343,0.14003656764087086,0.14003614321506241,0.0042044052353593184,0.00420217645156177,0.0042050784386763905,-0.11780024524708349,-0.1178072427987137,-0.11780147436346473,0.027771245218061996,0.027772114798067096,0.027771732116021967,-3.1312337038373783e-18,7.159517516825215e-18,7.39527438331909e-17
54.42,"[0.06062, 0.0456, 0.41014]",0.0456,0.41014,-0.047019796666767304,-0.04702113268236761,-0.04702069385778109,0.14003354960622152,0.14003656764087086,0.1400365374247888,0.004204472553653025,0.00420217645156177,0.004204902239976117,-0.11780036816139051,-0.1178072427987137,-0.1178021432351844,0.02777129390785933,0.027772114798067096,0.027771826797989962,-2.4030835247961138e-18,7.159517516825215e-18,7.488978524813637e-17
54.441,"[0.06062, 0.0456, 0.41014]",0.0456,0.41014,-0.047020053671921094,-0.04702113268236761,-0.04702083252167128,0.14003439289653669,0.14003656764087086,0.14003687333845327,0.004204570158801479,0.00420217645156177,0.004204713896756165,-0.11780091332556394,-0.1178072427987137,-0.11780278435460949,0.02777144678549068,0.027772114798067096,0.02777191144201371,-3.9253901613899457e-19,7.159517516825215e-18,7.570485369872242e-17
54.46,"[0.06062, 0.0456, 0.41014]",0.0456,0.41014,-0.04702013155689611,-0.04702113268236761,-0.04702095441702739,0.1400346409407716,0.14003656764087086,0.1400371540681292,0.004204584530558918,0.00420217645156177,0.00420451837861976,-0.11780110043113745,-0.1178072427987137,-0.11780339113523679,0.027771493251144298,0.027772114798067096,0.02777198613153056,2.8790626731290814e-19,7.159517516825215e-18,7.640345978449813e-17
54.481,"[0.06062, 0.0456, 0.41014]",0.0456,0.41014,-0.04702034467846787,-0.04702113268236761,-0.04702105366671781,0.14003529925929858,0.14003656764087086,0.14003736264961036,0.004204582434829347,0.00420217645156177,0.004204317999247377,-0.11780167206995042,-0.1178072427987137,-0.1178039445854726,0.0277716207718817,0.027772114798067096,0.027772047333826624,2.0083182746129066e-18,7.159517516825215e-18,7.694352484747406e-17
54.5,"[0.06062, 0.0456, 0.41014]",0.0456,0.41014,-0.04702041557729289,-0.04702113268236761,-0.047021230938551664,0.14003550559837302,0.14003656764087086,0.14003771474909768,0.0042045559892331125,0.00420217645156177,0.004203917908875698,-0.11780189932417165,-0.1178072427987137,-0.11780499396553558,0.0277716634280775,0.027772114798067096,0.0277721570480838,2.47929569834061e-18,7.159517516825215e-18,7.787768951182285e-17
54.52,"[0.06062, 0.0456, 0.41014]",0.0456,0.41014,-0.04702056284963168,-0.04702113268236761,-0.04702130038009551,0.14003591048275826,0.14003656764087086,0.14003783543290996,0.00420445269440831,0.00420217645156177,0.004203725544718752,-0.117802441056831,-0.1178072427987137,-0.11780545644377367,0.02777175247703203,0.027772114798067096,0.02777220036517497,3.4385977805557836e-18,7.159517516825215e-18,7.823712509890413e-17
54.54,"[0.06062, 0.0456, 0.41014]",0.0456,0.41014,-0.047020696730680926,-0.04702113268236761,-0.047021362749259485,0.1400362653618261,0.14003656764087086,0.1400379361745356,0.004204331844869112,0.00420217645156177,0.004203536946956814,-0.11780297236237981,-0.1178072427987137,-0.11780589464970634,0.02777183367724348,0.027772114798067096,0.027772239421559902,4.441267949670378e-18,7.159517516825215e-18,7.854551115578702e-17
54.56,"[0.06062, 0.0456, 0.41014]",0.0456,0.41014,-0.04702088202364041,-0.04702113268236761,-0.0470214523245719,0.14003672434596628,0.14003656764087086,0.14003804280617987,0.0042040986667779045,0.00420217645156177,0.004203187296072197,-0.11780380271441272,-0.1178072427987137,-0.11780663766562013,0.02777194667191762,0.027772114798067096,0.027772296268286478,5.7774387070415145e-18,7.159517516825215e-18,7.89583046093495e-17
54.58,"[0.06062, 0.0456, 0.41014]",0.0456,0.41014,-0.047020993896943836,-0.04702113268236761,-0.047021487485836226,0.14003697766567624,0.14003656764087086,0.14003807092805173,0.004203908933018255,0.00420217645156177,0.004203021601539504,-0.11780437462973528,-0.1178072427987137,-0.11780697036084227,0.02777201535388187,0.027772114798067096,0.0277723188548029,6.489976374798989e-18,7.159517516825215e-18,7.910682413835708e-17
54.601,"[0.06062, 0.0456, 0.41014]",0.0456,0.41014,-0.04702108996055342,-0.04702113268236761,-0.04702151030303627,0.14003718513296712,0.14003656764087086,0.14003806840162725,0.0042037252794918396,0.00420217645156177,0.004202871034808727,-0.11780489562295886,-0.1178072427987137,-0.11780724835326506,0.027772074526006673,0.027772114798067096,0.027772333924276013,7.208151893853385e-18,7.159517516825215e-18,7.918952446838243e-17
54.62,"[0.06062, 0.0456, 0.41014]",0.0456,0.41014,-0.04702113199480172,-0.04702113268236761,-0.04702152241673133,0.14003727345987624,0.14003656764087086,0.14003804012170418,0.0042036398529853875,0.00420217645156177,0.004202735283371581,-0.11780513089865849,-0.1178072427987137,-0.11780747646288534,0.02777210046583491,0.027772114798067096,0.02777234245955959,7.58415320727136e-18,7.159517516825215e-18,7.920658413218172e-17
54.64,"[0.06062, 0.0456, 0.41014]",0.0456,0.41014,-0.04702123853962526,-0.04702113268236761,-0.04702152881041568,0.14003747728421534,0.14003656764087086,0.14003794222604046,0.00420338182682019,0.00420217645156177,0.004202491724133886,-0.11780578711093213,-0.1178072427987137,-0.11780784486623087,0.02777216661180906,0.027772114798067096,0.027772348611915302,8.305364492408716e-18,7.159517516825215e-18,7.912295567509507e-17
54.66,"[0.06062, 0.0456, 0.41014]",0.0456,0.41014,-0.04702126756670434,-0.04702113268236761,-0.04702152407142882,0.14003752377844106,0.14003656764087086,0.1400378757218936,0.004203292814513482,0.00420217645156177,0.004202384116524297,-0.11780599288913103,-0.1178072427987137,-0.1178079874831219,0.027772184811821008,0.027772114798067096,0.02777234681288437,8.462356966984618e-18,7.159517516825215e-18,7.903887077889601e-17
54.68,"[0.06062, 0.0456, 0.41014]",0.0456,0.41014,-0.04702131630260199,-0.04702113268236761,-0.04702151286221471,0.14003759064777918,0.14003656764087086,0.14003779659435348,0.004203120158023088,0.00420217645156177,0.004202291574989885,-0.11780637186706049,-0.1178072427987137,-0.11780809112666409,0.02777221559202554,0.027772114798067096,0.027772341005101394,8.845730855175494e-18,7.159517516825215e-18,7.892462369687453e-17
54.7,"[0.06062, 0.0456, 0.41014]",0.0456,0.41014,-0.04702135225189867,-0.04702113268236761,-0.047021480427998065,0.14003762134770567,0.14003656764087086,0.14003762097922637,0.004202954156698189,0.00420217645156177,0.004202134348836471,-0.11780670716836232,-0.1178072427987137,-0.11780823153735377,0.027772238668235024,0.027772114798067096,0.02777232314013673,9.043923012305843e-18,7.159517516825215e-18,7.863424329294305e-17
54.72,"[0.06062, 0.0456, 0.41014]",0.0456,0.41014,-0.04702137826711025,-0.04702113268236761,-0.04702145856563075,0.14003762949613396,0.14003656764087086,0.1400375253727886,0.004202804829677213,0.00420217645156177,0.0042020755686729295,-0.11780699193979516,-0.1178072427987137,-0.11780825808423484,0.027772255648695985,0.027772114798067096,0.02777231064519616,9.25555927637501e-18,7.159517516825215e-18,7.845863157069748e-17
54.74,"[0.06062, 0.0456, 0.41014]",0.0456,0.41014,-0.047021395491442214,-0.04702113268236761,-0.04702143428046516,0.14003761831735967,0.14003656764087086,0.14003742784999007,0.004202671556428627,0.00420217645156177,0.004202028278131154,-0.1178072301230906,-0.1178072427987137,-0.11780826159524742,0.02777226722257818,0.027772114798067096,0.02777229659243274,9.380025685776347e-18,7.159517516825215e-18,7.827033987879928e-17
54.76,"[0.06062, 0.0456, 0.41014]",0.0456,0.41014,-0.047021405047021465,-0.04702113268236761,-0.04702140843012642,0.14003759090569337,0.14003656764087086,0.1400373304475952,0.004202553585828368,0.00420217645156177,0.004201991237942958,-0.11780742579188039,-0.1178072427987137,-0.11780824614244496,0.027772274067601757,0.027772114798067096,0.027772281505823487,9.461124008278263e-18,7.159517516825215e-18,7.807345267088439e-17
54.78,"[0.06062, 0.0456, 0.41014]",0.0456,0.41014,-0.04702140801634189,-0.04702113268236761,-0.04702140843012642,0.14003755018495218,0.14003656764087086,0.1400373304475952,0.0042024500694745675,0.00420217645156177,0.004201991237942958,-0.11780758305431097,-0.1178072427987137,-0.11780824614244496,0.027772276838661215,0.027772114798067096,0.027772281505823487,9.479772285645014e-18,7.159517516825215e-18,7.807345267088439e-17
54.8,"[0.06062, 0.0456, 0.41014]",0.0456,0.41014,-0.047021408094960936,-0.04702113268236761,-0.04702138175776624,0.14003750843493623,0.14003656764087086,0.14003723487955802,0.004202362887610995,0.00420217645156177,0.004201963268305274,-0.11780770904612756,-0.1178072427987137,-0.11780821540735184,0.027772277725424552,0.027772114798067096,0.027772265840433668,9.508828903867621e-18,7.159517516825215e-18,7.78735947520673e-17
54.82,"[0.06062, 0.0456, 0.41014]",0.0456,0.41014,-0.04702140309089392,-0.04702113268236761,-0.04702135470723172,0.1400374564594962,0.14003656764087086,0.1400371435445019,0.004202286956070389,0.00420217645156177,0.004201946526906972,-0.11780780525983137,-0.1178072427987137,-0.11780816745688204,0.027772275467278798,0.027772114798067096,0.027772249840254712,9.443776773518491e-18,7.159517516825215e-18,7.767420839679074e-17
54.841,"[0.06062, 0.0456, 0.41014]",0.0456,0.41014,-0.04702138731211627,-0.04702113268236761,-0.04702130166067021,0.14003736294445518,0.14003656764087086,0.1400369714543532,0.00420219364653898,0.00420217645156177,0.004201928331223919,-0.1178078978249654,-0.1178072427987137,-0.11780805229591353,0.027772266939089706,0.027772114798067096,0.02777221832092728,9.30586625717834e-18,7.159517516825215e-18,7.728729027172023e-17
54.861,"[0.06062, 0.0456, 0.41014]",0.0456,0.41014,-0.04702137103834151,-0.04702113268236761,-0.04702127654792048,0.14003728856141767,0.14003656764087086,0.14003689283623771,0.004202143232756576,0.00420217645156177,0.004201925680969332,-0.1178079271795167,-0.1178072427987137,-0.1178079891638742,0.027772257701641365,0.027772114798067096,0.02777220334069338,9.200048125143752e-18,7.159517516825215e-18,7.710449778276815e-17
54.882,"[0.06062, 0.0456, 0.41014]",0.0456,0.41014,-0.04702135308516152,-0.04702113268236761,-0.047021252100176165,0.1400372133737155,0.14003656764087086,0.1400368173213231,0.004202101894044451,0.00420217645156177,0.0042019252411983135,-0.11780793896161576,-0.1178072427987137,-0.1178079246116513,0.027772247373063753,0.027772114798067096,0.027772188735984586,9.058668161851644e-18,7.159517516825215e-18,7.692540401375482e-17
54.9,"[0.06062, 0.0456, 0.41014]",0.0456,0.41014,-0.04702134298666296,-0.04702113268236761,-0.04702122927291336,0.14003717376851943,0.14003656764087086,0.1400367486504744,0.004202084226721669,0.00420217645156177,0.0042019286927805115,-0.11780793752928831,-0.1178072427987137,-0.11780785875723328,0.02777224150935715,0.027772114798067096,0.027772175060897183,8.973233030659786e-18,7.159517516825215e-18,7.675821735027806e-17
54.92,"[0.06062, 0.0456, 0.41014]",0.0456,0.41014,-0.04702132138105052,-0.04702113268236761,-0.04702120846499643,0.14003709299617284,0.14003656764087086,0.14003668772959652,0.004202054671400297,0.00420217645156177,0.00420193537077631,-0.11780792256766902,-0.1178072427987137,-0.11780779362298488,0.027772228884152275,0.027772114798067096,0.02777216256005409,8.816240556083888e-18,7.159517516825215e-18,7.660587805316603e-17
54.94,"[0.06062, 0.0456, 0.41014]",0.0456,0.41014,-0.047021301799712784,-0.04702113268236761,-0.0470211905059296,0.14003702147848437,0.14003656764087086,0.14003663733403987,0.004202031399389566,0.00420217645156177,0.004201945749020957,-0.11780790393533253,-0.1178072427987137,-0.117807730734284,0.027772217407652004,0.027772114798067096,0.027772151724128162,8.663584890197929e-18,7.159517516825215e-18,7.647257568849415e-17
54.96,"[0.06062, 0.0456, 0.41014]",0.0456,0.41014,-0.04702128227020998,-0.04702113268236761,-0.0470211905059296,0.14003695302672206,0.14003656764087086,0.14003663733403987,0.0042020141879049525,0.00420217645156177,0.004201945749020957,-0.11780787669218756,-0.1178072427987137,-0.117807730734284,0.0277722059030183,0.027772114798067096,0.027772151724128162,8.507026096491026e-18,7.159517516825215e-18,7.647257568849415e-17
54.98,"[0.06062, 0.0456, 0.41014]",0.0456,0.41014,-0.0470212648349967,-0.04702113268236761,-0.04702117534916361,0.14003689304519454,0.14003656764087086,0.14003659675663613,0.004202001180644425,0.00420217645156177,0.004201958648776703,-0.11780784896525709,-0.1178072427987137,-0.11780767166951667,0.027772195609031665,0.027772114798067096,0.027772142536888048,8.360875643639982e-18,7.159517516825215e-18,7.635930488514483e-17
55.0,"[0.06062, 0.0456, 0.41014]",0.0456,0.41014,-0.047021247832688386,-0.04702113268236761,-0.04702116189235363,0.1400368367504504,0.14003656764087086,0.14003656195828648,0.004201993095716998,0.00420217645156177,0.004201972707584208,-0.11780781528413754,-0.1178072427987137,-0.11780761545981006,0.02777218552532689,0.027772114798067096,0.02777213435344817,8.226868255120776e-18,7.159517516825215e-18,7.625873942494862e-17
55.02,"[0.06062, 0.0456, 0.41014]",0.0456,0.41014,-0.047021231504024756,-0.04702113268236761,-0.047021150879861126,0.14003678454002108,0.14003656764087086,0.14003653516211603,0.0042019892180992086,0.00420217645156177,0.004201987788037514,-0.11780777732258656,-0.1178072427987137,-0.11780756428721033,0.02777217580267244,0.027772114798067096,0.027772127619744083,8.080284121400737e-18,7.159517516825215e-18,7.617605197246016e-17
55.04,"[0.06062, 0.0456, 0.41014]",0.0456,0.41014,-0.047021217176557974,-0.04702113268236761,-0.04702114131828788,0.14003673956995646,0.14003656764087086,0.14003651299186348,0.0042019875852741286,0.00420217645156177,0.004202003213955372,-0.11780774145647023,-0.1178072427987137,-0.11780751648178103,0.027772167253951922,0.027772114798067096,0.027772121749192885,7.974899670235145e-18,7.159517516825215e-18,7.61026438543986e-17
55.06,"[0.06062, 0.0456, 0.41014]",0.0456,0.41014,-0.04702120362402824,-0.04702113268236761,-0.047021133144906614,0.14003669851552328,0.14003656764087086,0.14003649511538627,0.004201989162518395,0.00420217645156177,0.00420201869193775,-0.11780770301883897,-0.1178072427987137,-0.11780747230051848,0.02777215913639984,0.027772114798067096,0.027772116707272802,7.869515219069551e-18,7.159517516825215e-18,7.603852780871903e-17
55.08,"[0.06062, 0.0456, 0.41014]",0.0456,0.41014,-0.04702119178593759,-0.04702113268236761,-0.047021133144906614,0.1400366632661099,0.14003656764087086,0.14003649511538627,0.00420199182841886,0.00420217645156177,0.00420201869193775,-0.11780766758186909,-0.1178072427987137,-0.11780747230051848,0.027772152032833043,0.027772114798067096,0.027772116707272802,7.768901257462895e-18,7.159517516825215e-18,7.603852780871903e-17
55.1,"[0.06062, 0.0456, 0.41014]",0.0456,0.41014,-0.047021175259865336,-0.04702113268236761,-0.04702112680137783,0.14003661646197346,0.14003656764087086,0.14003648276131286,0.004202000628556699,0.00420217645156177,0.0042020339484148544,-0.11780761076940298,-0.1178072427987137,-0.11780743331598677,0.02777214206493671,0.027772114798067096,0.027772112760541798,7.616679272445933e-18,7.159517516825215e-18,7.598711826116676e-17
55.12,"[0.06062, 0.0456, 0.41014]",0.0456,0.41014,-0.04702117041401661,-0.04702113268236761,-0.04702112157458084,0.1400366030919506,0.14003656764087086,0.14003647365796745,0.004202003958504328,0.00420217645156177,0.004202048816883746,-0.11780759302673037,-0.1178072427987137,-0.11780739786860363,0.027772139134498525,0.027772114798067096,0.027772109484751954,7.575913270760479e-18,7.159517516825215e-18,7.59452430694825e-17
55.14,"[0.06062, 0.0456, 0.41014]",0.0456,0.41014,-0.04702116113452381,-0.04702113268236761,-0.04702111784621443,0.1400365784995758,0.14003656764087086,0.14003646876411804,0.0042020124777238585,0.00420217645156177,0.004202062841645629,-0.11780755595175742,-0.1178072427987137,-0.11780736763475616,0.027772133501049193,0.027772114798067096,0.027772107112528303,7.47790139436779e-18,7.159517516825215e-18,7.591559401390362e-17
55.16,"[0.06062, 0.0456, 0.41014]",0.0456,0.41014,-0.04702115324529801,-0.04702113268236761,-0.04702111784621443,0.1400365580903673,0.14003656764087086,0.14003646876411804,0.004202020780767867,0.00420217645156177,0.004202062841645629,-0.11780752289764464,-0.1178072427987137,-0.11780736763475616,0.027772128700732868,0.027772114798067096,0.027772107112528303,7.414150306625638e-18,7.159517516825215e-18,7.591559401390362e-17
55.181,"[0.06062, 0.0456, 0.41014]",0.0456,0.41014,-0.04702114651947214,-0.04702113268236761,-0.047021115345038396,0.14003654111846175,0.14003656764087086,0.14003646720086974,0.004202028768462088,0.00420217645156177,0.004202075926868393,-0.11780749340276685,-0.1178072427987137,-0.1178073420303813,0.027772124598976503,0.027772114798067096,0.027772105482863303,7.365578049298286e-18,7.159517516825215e-18,7.589360065275026e-17
55.2,"[0.06062, 0.0456, 0.41014]",0.0456,0.41014,-0.047021140596329745,-0.04702113268236761,-0.04702111352877943,0.14003652707420128,0.14003656764087086,0.14003646743334594,0.004202037724686732,0.00420217645156177,0.004202088353192988,-0.1178074646470847,-0.1178072427987137,-0.11780731920450002,0.02777212096691751,0.027772114798067096,0.027772104269022286,7.32914885630277e-18,7.159517516825215e-18,7.587591866692617e-17
55.22,"[0.06062, 0.0456, 0.41014]",0.0456,0.41014,-0.047021135453495184,-0.04702113268236761,-0.04702111259212346,0.14003651574252068,0.14003656764087086,0.14003646984956514,0.004202047340230369,0.00420217645156177,0.004202099672170161,-0.1178074370180648,-0.1178072427987137,-0.11780730032492699,0.027772117794319942,0.027772114798067096,0.02777210359190738,7.286648131141335e-18,7.159517516825215e-18,7.586357927471822e-17
55.24,"[0.06062, 0.0456, 0.41014]",0.0456,0.41014,-0.04702113119413364,-0.04702113268236761,-0.04702111259212346,0.1400365068054815,0.14003656764087086,0.14003646984956514,0.004202056260718426,0.00420217645156177,0.004202099672170161,-0.11780741275060135,-0.1178072427987137,-0.11780730032492699,0.027772115156804424,0.027772114798067096,0.02777210359190738,7.235907469469011e-18,7.159517516825215e-18,7.586357927471822e-17
55.261,"[0.06062, 0.0456, 0.41014]",0.0456,0.41014,-0.047021126128356815,-0.04702113268236761,-0.047021112345803036,0.14003649719366099,0.14003656764087086,0.1400364738807255,0.004202069043553634,0.00420217645156177,0.0042021099107228,-0.11780738074283352,-0.1178072427987137,-0.1178072848484956,0.027772111997352834,0.027772114798067096,0.027772103338226512,7.174758466940826e-18,7.159517516825215e-18,7.585799053025316e-17
55.28,"[0.06062, 0.0456, 0.41014]",0.0456,0.41014,-0.04702112475010146,-0.04702113268236761,-0.04702111246869333,0.14003649486241052,0.14003656764087086,0.14003647871955074,0.004202073128232368,0.00420217645156177,0.004202119451541561,-0.1178073711560688,-0.1178072427987137,-0.11780727136574758,0.027772111131441533,0.027772114798067096,0.02777210331225983,7.16391644521597e-18,7.159517516825215e-18,7.585558865275407e-17
55.3,"[0.06062, 0.0456, 0.41014]",0.0456,0.41014,-0.047021122416633934,-0.04702113268236761,-0.04702111303484052,0.1400364917953492,0.14003656764087086,0.1400364844143076,0.004202081925788565,0.00420217645156177,0.004202127911290943,-0.11780735220097895,-0.1178072427987137,-0.11780726062895626,0.027772109645799507,0.027772114798067096,0.027772103562217747,7.13312510351738e-18,7.159517516825215e-18,7.585695445645719e-17
55.32,"[0.06062, 0.0456, 0.41014]",0.0456,0.41014,-0.04702112058313995,-0.04702113268236761,-0.04702111303484052,0.14003648988050535,0.14003656764087086,0.1400364844143076,0.004202089897784024,0.00420217645156177,0.004202127911290943,-0.11780733577367693,-0.1178072427987137,-0.11780726062895626,0.02777210846742527,0.027772114798067096,0.027772103562217747,7.11751259223359e-18,7.159517516825215e-18,7.585695445645719e-17
55.34,"[0.06062, 0.0456, 0.41014]",0.0456,0.41014,-0.04702111914896308,-0.04702113268236761,-0.047021113924230196,0.14003648884200967,0.14003656764087086,0.14003649063484527,0.004202097116477798,0.00420217645156177,0.004202135371913648,-0.11780732150125117,-0.1178072427987137,-0.11780725219982534,0.02777210753543835,0.027772114798067096,0.027772104015596235,7.097563272259856e-18,7.159517516825215e-18,7.586062375722757e-17
55.36,"[0.06062, 0.0456, 0.41014]",0.0456,0.41014,-0.04702111815626382,-0.04702113268236761,-0.04702111503805766,0.14003648918273043,0.14003656764087086,0.14003649711655214,0.004202104381138058,0.00420217645156177,0.004202141916183083,-0.11780730833905137,-0.1178072427987137,-0.11780724569535281,0.027772106866670844,0.027772114798067096,0.02777210461254681,7.088455974010978e-18,7.159517516825215e-18,7.586615207540106e-17
55.38,"[0.06062, 0.0456, 0.41014]",0.0456,0.41014,-0.04702111746356022,-0.04702113268236761,-0.04702111503805766,0.1400364901068848,0.14003656764087086,0.14003649711655214,0.004202110919939817,0.00420217645156177,0.004202141916183083,-0.1178072970272224,-0.1178072427987137,-0.11780724569535281,0.027772106384664222,0.027772114798067096,0.02777210461254681,7.082818122714054e-18,7.159517516825215e-18,7.586615207540106e-17
55.4,"[0.06062, 0.0456, 0.41014]",0.0456,0.41014,-0.04702111700271469,-0.04702113268236761,-0.04702111629599404,0.14003649143880353,0.14003656764087086,0.14003650365109857,0.004202116805353496,0.00420217645156177,0.004202147625910413,-0.11780728727923831,-0.1178072427987137,-0.11780724078313883,0.027772106047964422,0.027772114798067096,0.02777210530426167,7.079348675762098e-18,7.159517516825215e-18,7.587266823643311e-17
55.42,"[0.06062, 0.0456, 0.41014]",0.0456,0.41014,-0.047021116868437726,-0.04702113268236761,-0.04702111895078723,0.14003649375922156,0.14003656764087086,0.14003651655527347,0.004202122657386762,0.00420217645156177,0.0042021577781883035,-0.11780727845005051,-0.1178072427987137,-0.1178072331636313,0.027772105906663423,0.027772114798067096,0.02777210678389101,7.0567972705744e-18,7.159517516825215e-18,7.58882216516351e-17
55.44,"[0.06062, 0.0456, 0.41014]",0.0456,0.41014,-0.047021117143694204,-0.04702113268236761,-0.04702112029200293,0.14003649751212982,0.14003656764087086,0.1400365227359042,0.004202128880546748,0.00420217645156177,0.004202162181560965,-0.11780727017528714,-0.1178072427987137,-0.11780723036488125,0.02777210600608962,0.027772114798067096,0.027772107539002992,7.060266717526356e-18,7.159517516825215e-18,7.589644798879016e-17
55.46,"[0.06062, 0.0456, 0.41014]",0.0456,0.41014,-0.04702111762116344,-0.04702113268236761,-0.047021121614677946,0.1400365017484722,0.14003656764087086,0.1400365286132871,0.004202134807563367,0.00420217645156177,0.004202166056853533,-0.11780726286826868,-0.1178072427987137,-0.11780722828143524,0.027772106229385585,0.027772114798067096,0.027772108288580254,7.042485801897596e-18,7.159517516825215e-18,7.590621440323984e-17
55.48,"[0.06062, 0.0456, 0.41014]",0.0456,0.41014,-0.04702111826089039,-0.04702113268236761,-0.04702112290055559,0.14003650632390474,0.14003656764087086,0.14003653414438333,0.004202140392279623,0.00420217645156177,0.0042021694318981895,-0.11780725648935156,-0.1178072427987137,-0.11780722682436112,0.02777210655317311,0.027772114798067096,0.027772109021433043,7.048991014932508e-18,7.159517516825215e-18,7.591548682890622e-17
55.5,"[0.06062, 0.0456, 0.41014]",0.0456,0.41014,-0.047021119026697804,-0.04702113268236761,-0.047021124134897084,0.14003651111207904,0.14003656764087086,0.14003653929851326,0.004202145602180588,0.00420217645156177,0.0042021723378949955,-0.11780725098921108,-0.1178072427987137,-0.11780722590921572,0.027772106956188265,0.027772114798067096,0.027772109728435877,7.06980769664423e-18,7.159517516825215e-18,7.592306331201195e-17
55.52,"[0.06062, 0.0456, 0.41014]",0.0456,0.41014,-0.047021119886164885,-0.04702113268236761,-0.04702112534187746,0.14003651600371197,0.14003656764087086,0.14003654426843287,0.00420215041655407,0.00420217645156177,0.004202175029010664,-0.11780724631144623,-0.1178072427987137,-0.117807225232346,0.02777210741928758,0.027772114798067096,0.027772110421356834,7.066771930561269e-18,7.159517516825215e-18,7.5931198268327e-17
55.54,"[0.06062, 0.0456, 0.41014]",0.0456,0.41014,-0.047021120922750216,-0.04702113268236761,-0.04702112647006891,0.14003652137409084,0.14003656764087086,0.14003654878909083,0.004202155089048284,0.00420217645156177,0.004202177275447573,-0.11780724231148837,-0.1178072427987137,-0.11780722498950319,0.027772107989683242,0.027772114798067096,0.02777211107190209,7.084552846190033e-18,7.159517516825215e-18,7.593896132405297e-17
55.56,"[0.06062, 0.0456, 0.41014]",0.0456,0.41014,-0.04702112187520354,-0.04702113268236761,-0.04702112748286363,0.14003652617616347,0.14003656764087086,0.14003655269074058,0.0042021590984122874,0.00420217645156177,0.004202178954229108,-0.11780723904723811,-0.1178072427987137,-0.11780722526122883,0.027772108516758258,0.027772114798067096,0.02777211165950497,7.09756327225986e-18,7.159517516825215e-18,7.594429407635837e-17
55.58,"[0.06062, 0.0456, 0.41014]",0.0456,0.41014,-0.04702112284950744,-0.04702113268236761,-0.047021128414811215,0.14003653086286644,0.14003656764087086,0.1400365561893684,0.004202162716054606,0.00420217645156177,0.004202180301095054,-0.1178072364085122,-0.1178072427987137,-0.11780722579818398,0.027772109060998397,0.027772114798067096,0.027772112202319107,7.08628756966601e-18,7.159517516825215e-18,7.595057741383242e-17
55.601,"[0.06062, 0.0456, 0.41014]",0.0456,0.41014,-0.047021124371516974,-0.04702113268236761,-0.04702112930781076,0.14003653777402364,0.14003656764087086,0.14003655949883867,0.004202167486750523,0.00420217645156177,0.004202181498790661,-0.11780723356177172,-0.1178072427987137,-0.11780722644737192,0.02777210992044435,0.027772114798067096,0.027772112723443435,7.118379953971582e-18,7.159517516825215e-18,7.595700925759637e-17
55.62,"[0.06062, 0.0456, 0.41014]",0.0456,0.41014,-0.04702112486514635,-0.04702113268236761,-0.04702113010899024,0.1400365399465483,0.14003656764087086,0.14003656239020487,0.00420216888591636,0.00420217645156177,0.004202182404613195,-0.11780723285300077,-0.1178072427987137,-0.11780722727452898,0.027772110200745583,0.027772114798067096,0.027772113192803937,7.117512592233593e-18,7.159517516825215e-18,7.596062408758438e-17
55.64,"[0.06062, 0.0456, 0.41014]",0.0456,0.41014,-0.04702112586147666,-0.04702113268236761,-0.047021130820458557,0.14003654421092493,0.14003656764087086,0.1400365648865809,0.004202171450596219,0.00420217645156177,0.004202183054311154,-0.11780723179816233,-0.1178072427987137,-0.11780722823348928,0.027772110769239168,0.027772114798067096,0.027772113611282914,7.117512592233596e-18,7.159517516825215e-18,7.596470701574071e-17
55.66,"[0.06062, 0.0456, 0.41014]",0.0456,0.41014,-0.047021126803683186,-0.04702113268236761,-0.04702113144541501,0.14003654813938166,0.14003656764087086,0.14003656701349806,0.004202173651429521,0.00420217645156177,0.004202183481646187,-0.1178072311259456,-0.1178072427987137,-0.11780722928386818,0.027772111309229963,0.027772114798067096,0.027772113980434308,7.122283081792531e-18,7.159517516825215e-18,7.596835155611505e-17
55.68,"[0.06062, 0.0456, 0.41014]",0.0456,0.41014,-0.04702112768561223,-0.04702113268236761,-0.04702113198792377,0.14003655172554558,0.14003656764087086,0.1400365687981166,0.004202175515298148,0.00420217645156177,0.004202183718183493,-0.11780723078102207,-0.1178072427987137,-0.11780723039076568,0.027772111816761272,0.027772114798067096,0.027772114302351332,7.128788294827443e-18,7.159517516825215e-18,7.597169987755266e-17
55.7,"[0.06062, 0.0456, 0.41014]",0.0456,0.41014,-0.0470211285030514,-0.04702113268236761,-0.04702113245271034,0.14003655496941603,0.14003656764087086,0.14003657026853836,0.004202177069973826,0.00420217645156177,0.004202183793154493,-0.11780723071194454,-0.1178072427987137,-0.1178072315244238,0.027772112289025895,0.027772114798067096,0.02777211457954649,7.136594550469338e-18,7.159517516825215e-18,7.597521994367883e-17
55.72,"[0.06062, 0.0456, 0.41014]",0.0456,0.41014,-0.0470211292534866,-0.04702113268236761,-0.047021132844979864,0.1400365578763313,0.14003656764087086,0.14003657145321513,0.004202178343505618,0.00420217645156177,0.004202183733381513,-0.11780723087138673,-0.1178072427987137,-0.11780723265985202,0.02777211272422732,0.027772114798067096,0.027772114814843978,7.14136504002827e-18,7.159517516825215e-18,7.59765974085406e-17
55.741,"[0.06062, 0.0456, 0.41014]",0.0456,0.41014,-0.04702113025930897,-0.04702113268236761,-0.047021133465066076,0.14003656164850692,0.14003656764087086,0.1400365731920413,0.00420217978162586,0.00420217645156177,0.004202183346069709,-0.11780723147495198,-0.1178072427987137,-0.11780723487990664,0.027772113310432014,0.027772114798067096,0.027772115190019018,7.134426146124361e-18,7.159517516825215e-18,7.597936035401146e-17
55.76,"[0.06062, 0.0456, 0.41014]",0.0456,0.41014,-0.04702113057988469,-0.04702113268236761,-0.04702113369820015,0.1400365628029035,0.14003656764087086,0.14003657377797188,0.004202180136032067,0.00420217645156177,0.004202183051878471,-0.1178072318181165,-0.1178072427987137,-0.11780723593036585,0.027772113498392044,0.027772114798067096,0.027772115332715987,7.136160869600337e-18,7.159517516825215e-18,7.598143034559904e-17
55.78,"[0.06062, 0.0456, 0.41014]",0.0456,0.41014,-0.04702113115138261,-0.04702113268236761,-0.047021133876048685,0.1400365648355148,0.14003656764087086,0.14003657416634202,0.004202180712647552,0.00420217645156177,0.004202182698914561,-0.11780723250997377,-0.1178072427987137,-0.11780723691842568,0.027772113834073388,0.027772114798067096,0.027772115442997805,7.150906019146138e-18,7.159517516825215e-18,7.598225824708245e-17
55.8,"[0.06062, 0.0456, 0.41014]",0.0456,0.41014,-0.047021131653062834,-0.04702113268236761,-0.047021134004850494,0.14003656657350066,0.14003656764087086,0.14003657438377726,0.004202181117932493,0.00420217645156177,0.004202182303229295,-0.1178072332637254,-0.1178072427987137,-0.11780723783745994,0.02777211412984617,0.027772114798067096,0.02777211552442013,7.146569210456193e-18,7.159517516825215e-18,7.598343455712851e-17
55.82,"[0.06062, 0.0456, 0.41014]",0.0456,0.41014,-0.0470211320883103,-0.04702113268236761,-0.04702113411179913,0.14003656803796616,0.14003656764087086,0.14003657452604956,0.0042021813748780185,0.00420217645156177,0.004202181890682415,-0.11780723405509293,-0.1178072427987137,-0.11780723872258539,0.02777211438748973,0.027772114798067096,0.02777211559296021,7.166952211298923e-18,7.159517516825215e-18,7.598406270764643e-17
55.84,"[0.06062, 0.0456, 0.41014]",0.0456,0.41014,-0.047021132472773175,-0.04702113268236761,-0.047021134177200274,0.1400365692707839,0.14003656764087086,0.14003657453136725,0.004202181469008316,0.00420217645156177,0.004202181459043185,-0.11780723494698768,-0.1178072427987137,-0.11780723952442267,0.027772114616531618,0.027772114798067096,0.027772115636866684,7.176493190416796e-18,7.159517516825215e-18,7.598308756688555e-17
55.86,"[0.06062, 0.0456, 0.41014]",0.0456,0.41014,-0.04702113293764194,-0.04702113268236761,-0.04702113420689008,0.1400365706856349,0.14003656764087086,0.14003657442253015,0.004202181416757033,0.00420217645156177,0.004202181018770484,-0.1178072362666014,-0.1178072427987137,-0.1178072402433801,0.02777211489531077,0.027772114798067096,0.02777211565951453,7.173023743464844e-18,7.159517516825215e-18,7.598246157690843e-17
55.88,"[0.06062, 0.0456, 0.41014]",0.0456,0.41014,-0.047021133064566734,-0.04702113268236761,-0.047021134192617255,0.14003657105936762,0.14003656764087086,0.14003657397857705,0.0042021813749201975,0.00420217645156177,0.004202180140446902,-0.11780723666694824,-0.1178072427987137,-0.1178072414812769,0.027772114971732452,0.027772114798067096,0.027772115660745136,7.174758466940819e-18,7.159517516825215e-18,7.598016992148063e-17
55.9,"[0.06062, 0.0456, 0.41014]",0.0456,0.41014,-0.0470211332801302,-0.04702113268236761,-0.04702113416685508,0.14003657163586425,0.14003656764087086,0.1400365737020933,0.004202181175937449,0.00420217645156177,0.004202179707794723,-0.1178072375327404,-0.1178072427987137,-0.11780724204100464,0.027772115102946693,0.027772114798067096,0.027772115650151235,7.176493190416791e-18,7.159517516825215e-18,7.597872721530785e-17
55.92,"[0.06062, 0.0456, 0.41014]",0.0456,0.41014,-0.047021133448607935,-0.04702113268236761,-0.047021134120363496,0.14003657202852987,0.14003656764087086,0.14003657337109102,0.004202180893117795,0.00420217645156177,0.004202179295858779,-0.11780723839438172,-0.1178072427987137,-0.1178072425152544,0.027772115206918073,0.027772114798067096,0.027772115626932964,7.181263679975726e-18,7.159517516825215e-18,7.597756332045864e-17
55.94,"[0.06062, 0.0456, 0.41014]",0.0456,0.41014,-0.04702113357624153,-0.04702113268236761,-0.04702113405738044,0.14003657228369853,0.14003656764087086,0.14003657300010752,0.00420218058576604,0.00420217645156177,0.004202178907846102,-0.11780723918241871,-0.1178072427987137,-0.11780724291068936,0.027772115286723416,0.027772114798067096,0.027772115593588664,7.176493190416788e-18,7.159517516825215e-18,7.597494469538782e-17
55.96,"[0.06062, 0.0456, 0.41014]",0.0456,0.41014,-0.04702113366765792,-0.04702113268236761,-0.04702113398171845,0.1400365724198982,0.14003656764087086,0.14003657260193908,0.004202180263088713,0.00420217645156177,0.004202178546029652,-0.11780723989586121,-0.1178072427987137,-0.1178072432341921,0.027772115345030317,0.027772114798067096,0.027772115552372533,7.171722700857852e-18,7.159517516825215e-18,7.597405280568307e-17
55.98,"[0.06062, 0.0456, 0.41014]",0.0456,0.41014,-0.047021133727329426,-0.04702113268236761,-0.04702113389677045,0.14003657245456796,0.14003656764087086,0.14003657218771512,0.004202179932974954,0.00420217645156177,0.0042021782118696815,-0.1178072405352152,-0.1178072427987137,-0.1178072434927041,0.02777211538442783,0.027772114798067096,0.027772115505296794,7.162615402608975e-18,7.159517516825215e-18,7.597441891404402e-17
56.0,"[0.06062, 0.0456, 0.41014]",0.0456,0.41014,-0.04702113375952319,-0.04702113268236761,-0.047021133803164486,0.1400365724039479,0.14003656764087086,0.1400365717658882,0.00420217960209241,0.00420217645156177,0.004202177919691046,-0.11780724110220929,-0.1178072427987137,-0.1178072436670874,0.02777211540739543,0.027772114798067096,0.02777211545257725,7.156977551312048e-18,7.159517516825215e-18,7.597463200913252e-17
56.02,"[0.06062, 0.0456, 0.41014]",0.0456,0.41014,-0.04702113377623954,-0.04702113268236761,-0.047021133803164486,0.14003657232076278,0.14003656764087086,0.1400365717658882,0.0042021793048596864,0.00420217645156177,0.004202177919691046,-0.11780724157891269,-0.1178072427987137,-0.1178072436670874,0.02777211542072723,0.027772114798067096,0.02777211545257725,7.159579636526012e-18,7.159517516825215e-18,7.597463200913252e-17
56.04,"[0.06062, 0.0456, 0.41014]",0.0456,0.41014,-0.047021133781355307,-0.04702113268236761,-0.0470211336076078,0.1400365722154187,0.14003656764087086,0.1400365709306985,0.004202179037805105,0.00420217645156177,0.004202177410526074,-0.1178072419807371,-0.1178072427987137,-0.11780724388430104,0.027772115426781242,0.027772114798067096,0.027772115341311153,7.170421658250871e-18,7.159517516825215e-18,7.597370854699204e-17
56.06,"[0.06062, 0.0456, 0.41014]",0.0456,0.41014,-0.047021133757228425,-0.04702113268236761,-0.047021133509849,0.14003657200877068,0.14003656764087086,0.1400365705302774,0.004202178746608768,0.00420217645156177,0.004202177193585164,-0.11780724233946847,-0.1178072427987137,-0.1178072439382601,0.027772115415613995,0.027772114798067096,0.027772115285269804,7.174758466940812e-18,7.159517516825215e-18,7.597242898653306e-17
