timestamp,target_x,target_y,target_z,actual_j1,target_j1,control_u_j1,actual_j2,target_j2,control_u_j2,actual_j3,target_j3,control_u_j3,actual_j4,target_j4,control_u_j4,actual_j5,target_j5,control_u_j5,actual_j6,target_j6,control_u_j6
393.291,"[0.0, 0.0, 0.0]",0.0,0.0,4.649070382934177e-05,0.0,-0.0010628969949504528,-4.64907038296142e-05,0.0,0.0027877869274486,-4.649070385826424e-05,0.0,0.00027906128587216843,4.649070384015294e-05,0.0,-0.0025456002419675856,-4.649070382963123e-05,0.0,0.0006295771808988654,4.6490703829325046e-05,0.0,-8.436464953650993e-17
393.3,"[0.0, 0.0, 0.0]",0.0,0.0,4.649070382998937e-05,0.0,-0.0010628969949504528,-4.649070382983649e-05,0.0,0.0027877869274486,-4.649070384921781e-05,0.0,0.00027906128587216843,4.649070383083739e-05,0.0,-0.0025456002419675856,-4.649070382982637e-05,0.0,0.0006295771808988654,4.649070383000076e-05,0.0,-8.436464953650993e-17
393.32,"[0.06062, 0.0456, 0.41014]",0.0456,0.41014,4.649070382519212e-05,-0.051255830502557435,-0.0009004015718051595,-4.649070382491574e-05,0.13448975235638416,0.0023615907695676472,-4.649070384154593e-05,0.013803920006904065,0.00023639847316821232,4.649070382361393e-05,-0.12227932319894667,-0.002156429517138697,-4.649070382489752e-05,0.030354586932298002,0.0005333275810687479,4.649070382521137e-05,3.060921627875055e-17,-7.505197578803321e-17
393.34,"[0.06062, 0.0456, 0.41014]",0.0456,0.41014,4.649070383467474e-05,-0.051255830502557435,-0.005658747218181012,-4.649070383451809e-05,0.13448975235638416,0.014846452550987458,-4.649070385356693e-05,0.013803920006904065,0.0015145928504796276,4.6490703834679446e-05,-0.12227932319894667,-0.013512784011624146,-4.649070383450802e-05,0.030354586932298002,0.0033513529232602397,4.6490703834686094e-05,3.060921627875055e-17,-7.930110204819673e-17
393.36,"[0.06062, 0.0456, 0.41014]",0.0456,0.41014,4.6490703369638795e-05,-0.051255830502557435,-0.005658747218181012,-4.64907033543105e-05,0.13448975235638416,0.014846452550987458,-4.649070304531132e-05,0.013803920006904065,0.0015145928504796276,4.649070306818505e-05,-0.12227932319894667,-0.013512784011624146,-4.649070335331461e-05,0.030354586932298002,0.0033513529232602397,4.6490703370633916e-05,3.060921627875055e-17,-7.930110204819673e-17
393.38,"[0.06062, 0.0456, 0.41014]",0.0456,0.41014,4.649070328399514e-05,-0.051255830502557435,-0.010100231929069446,-4.649070328379985e-05,0.13448975235638416,0.026499875937463068,-4.649070330306892e-05,0.013803920006904065,0.002707265379606066,4.649070334196397e-05,-0.12227932319894667,-0.02411347052090424,-4.6490703283786836e-05,0.030354586932298002,0.005981730642080804,4.649070328400907e-05,3.060921627875055e-17,-7.439410591450351e-17
393.4,"[0.06062, 0.0456, 0.41014]",0.0456,0.41014,4.64907030431934e-05,-0.051255830502557435,-0.010100231929069446,-4.64907030304744e-05,0.13448975235638416,0.026499875937463068,-4.649070278053313e-05,0.013803920006904065,0.002707265379606066,4.649070283749284e-05,-0.12227932319894667,-0.02411347052090424,-4.6490703029648755e-05,0.030354586932298002,0.005981730642080804,4.649070304401811e-05,3.060921627875055e-17,-7.439410591450351e-17
393.42,"[0.06062, 0.0456, 0.41014]",0.0456,0.41014,4.649070313395548e-05,-0.051255830502557435,-0.014192210330943606,-4.6490703135257765e-05,0.13448975235638416,0.037236253158965005,-4.6490703189840175e-05,0.013803920006904065,0.0038059406918151215,4.649070324462912e-05,-0.12227932319894667,-0.03388017317749599,-4.649070313534213e-05,0.030354586932298002,0.008405122688698953,4.649070313387125e-05,3.060921627875055e-17,-7.564437093981098e-17
393.44,"[0.06062, 0.0456, 0.41014]",0.0456,0.41014,4.649070303825513e-05,-0.051255830502557435,-0.014192210330943606,-4.649070302778074e-05,0.13448975235638416,0.037236253158965005,-4.649070283035683e-05,0.013803920006904065,0.0038059406918151215,4.6490702887211376e-05,-0.12227932319894667,-0.03388017317749599,-4.649070302710099e-05,0.030354586932298002,0.008405122688698953,4.649070303893463e-05,3.060921627875055e-17,-7.564437093981098e-17
393.46,"[0.06062, 0.0456, 0.41014]",0.0456,0.41014,4.649070321050818e-05,-0.051255830502557435,-0.01796411048022351,-4.649070321272003e-05,0.13448975235638416,0.04713281300371665,-4.649070329069104e-05,0.013803920006904065,0.004818624649725679,4.649070333761557e-05,-0.12227932319894667,-0.042882986938316374,-4.6490703212863635e-05,0.030354586932298002,0.01063895562098502,4.649070321036528e-05,3.060921627875055e-17,-8.761782936974226e-17
393.48,"[0.06062, 0.0456, 0.41014]",0.0456,0.41014,4.6490703082846057e-05,-0.051255830502557435,-0.01796411048022351,-4.649070308297267e-05,0.13448975235638416,0.04713281300371665,-4.6490703118771475e-05,0.013803920006904065,0.004818624649725679,4.6490703176814584e-05,-0.12227932319894667,-0.042882986938316374,-4.6490703082981284e-05,0.030354586932298002,0.01063895562098502,4.649070308283916e-05,3.060921627875055e-17,-8.761782936974226e-17
393.5,"[0.06062, 0.0456, 0.41014]",0.0456,0.41014,4.6490703452063314e-05,-0.051255830502557435,-0.021414186137418967,-4.649070345570577e-05,0.13448975235638416,0.05618501188037721,-4.649070356881459e-05,0.013803920006904065,0.005745088967955196,4.6490703591634035e-05,-0.12227932319894667,-0.0511174133249641,-4.6490703455943036e-05,0.030354586932298002,0.01268219154248983,4.649070345182765e-05,3.060921627875055e-17,-1.123125580270632e-16
393.52,"[0.06062, 0.0456, 0.41014]",0.0456,0.41014,4.6490703357472414e-05,-0.051255830502557435,-0.021414186137418967,-4.649070335814085e-05,0.13448975235638416,0.05618501188037721,-4.6490703410003886e-05,0.013803920006904065,0.005745088967955196,4.649070343980606e-05,-0.12227932319894667,-0.0511174133249641,-4.6490703358185134e-05,0.030354586932298002,0.01268219154248983,4.649070335742956e-05,3.060921627875055e-17,-1.123125580270632e-16
393.54,"[0.06062, 0.0456, 0.41014]",0.0456,0.41014,4.649070369225197e-05,-0.051255830502557435,-0.0245657707726007,-4.649070369593904e-05,0.13448975235638416,0.06445407998831455,-4.649070381417334e-05,0.013803920006904065,0.0065916536411612155,4.6490703812499645e-05,-0.12227932319894667,-0.05863906880370944,-4.6490703696179266e-05,0.030354586932298002,0.014548648380404037,4.649070369201325e-05,3.060921627875055e-17,-1.4269735537053486e-16
393.56,"[0.06062, 0.0456, 0.41014]",0.0456,0.41014,4.649070359655775e-05,-0.051255830502557435,-0.0245657707726007,-4.6490703597449526e-05,0.13448975235638416,0.06445407998831455,-4.649070365830766e-05,0.013803920006904065,0.0065916536411612155,4.649070366368509e-05,-0.12227932319894667,-0.05863906880370944,-4.649070359750712e-05,0.030354586932298002,0.014548648380404037,4.6490703596499765e-05,3.060921627875055e-17,-1.4269735537053486e-16
393.58,"[0.06062, 0.0456, 0.41014]",0.0456,0.41014,4.64907038924333e-05,-0.051255830502557435,-0.02743962476788239,-4.6490703896027644e-05,0.13448975235638416,0.07199449102615678,-4.649070401624676e-05,0.013803920006904065,0.007363914167676131,4.649070399430873e-05,-0.12227932319894667,-0.06549747463237239,-4.6490703896260286e-05,0.030354586932298002,0.01625062072251917,4.64907038921998e-05,3.060921627875055e-17,-1.7215652020827385e-16
393.6,"[0.06062, 0.0456, 0.41014]",0.0456,0.41014,4.649070379382535e-05,-0.051255830502557435,-0.02743962476788239,-4.649070379482709e-05,0.13448975235638416,0.07199449102615678,-4.649070386201274e-05,0.013803920006904065,0.007363914167676131,4.649070384742123e-05,-0.12227932319894667,-0.06549747463237239,-4.649070379489207e-05,0.030354586932298002,0.01625062072251917,4.649070379376089e-05,3.060921627875055e-17,-1.7215652020827385e-16
393.62,"[0.06062, 0.0456, 0.41014]",0.0456,0.41014,4.649070405317406e-05,-0.051255830502557435,-0.030054365989761318,-4.649070405660419e-05,0.13448975235638416,0.07885509360108789,-4.64907041770662e-05,0.013803920006904065,0.008066867819712222,4.6490704138972495e-05,-0.12227932319894667,-0.07173706989410795,-4.649070405682658e-05,0.030354586932298002,0.01779913465010307,4.649070405295182e-05,3.060921627875055e-17,-1.956953008146949e-16
393.64,"[0.06062, 0.0456, 0.41014]",0.0456,0.41014,4.649070395278057e-05,-0.051255830502557435,-0.030054365989761318,-4.649070395382226e-05,0.13448975235638416,0.07885509360108789,-4.649070402557831e-05,0.013803920006904065,0.008066867819712222,4.6490703995039846e-05,-0.12227932319894667,-0.07173706989410795,-4.649070395388946e-05,0.030354586932298002,0.01779913465010307,4.6490703952713027e-05,3.060921627875055e-17,-1.956953008146949e-16
393.66,"[0.06062, 0.0456, 0.41014]",0.0456,0.41014,4.6490704179369496e-05,-0.051255830502557435,-0.03242719238930726,-4.6490704182595654e-05,0.13448975235638416,0.08508100836397246,-4.649070430222058e-05,0.013803920006904065,0.008705115256623432,4.64907042515253e-05,-0.12227932319894667,-0.07739892575252323,-4.6490704182805136e-05,0.030354586932298002,0.019204375565813277,4.649070417916035e-05,3.060921627875055e-17,-2.1022787471450212e-16
393.68,"[0.06062, 0.0456, 0.41014]",0.0456,0.41014,4.6490704079160714e-05,-0.051255830502557435,-0.03459474281770209,-4.6490704080198756e-05,0.13448975235638416,0.09076834728078507,-4.64907041553298e-05,0.013803920006904065,0.009288369783648786,4.6490704112225445e-05,-0.12227932319894667,-0.0825706619782523,-4.6490704080265834e-05,0.030354586932298002,0.02048804401225579,4.649070407909319e-05,3.060921627875055e-17,-2.28454410416898e-16
393.7,"[0.06062, 0.0456, 0.41014]",0.0456,0.41014,4.649070406511655e-05,-0.051255830502557435,-0.03459474281770209,-4.6490704061268254e-05,0.13448975235638416,0.09076834728078507,-4.649070403477363e-05,0.013803920006904065,0.009288369783648786,4.649070398613238e-05,-0.12227932319894667,-0.0825706619782523,-4.64907040610187e-05,0.030354586932298002,0.02048804401225579,4.64907040653657e-05,3.060921627875055e-17,-2.28454410416898e-16
393.72,"[0.06062, 0.0456, 0.41014]",0.0456,0.41014,4.6490704197774214e-05,-0.051255830502557435,-0.036551761205083855,-4.649070420049213e-05,0.13448975235638416,0.0959033370107675,-4.649070431458213e-05,0.013803920006904065,0.009815329558874047,4.6490704262214834e-05,-0.12227932319894667,-0.08723958311730409,-4.649070420066819e-05,0.030354586932298002,0.021647025495593483,4.649070419759751e-05,3.060921627875055e-17,-2.296411150982661e-16
393.74,"[0.06062, 0.0456, 0.41014]",0.0456,0.41014,4.649070420293338e-05,-0.051255830502557435,-0.036551761205083855,-4.6490704199658964e-05,0.13448975235638416,0.0959033370107675,-4.649070418873147e-05,0.013803920006904065,0.009815329558874047,4.6490704126757155e-05,-0.12227932319894667,-0.08723958311730409,-4.6490704199446555e-05,0.030354586932298002,0.021647025495593483,4.649070420314544e-05,3.060921627875055e-17,-2.296411150982661e-16
393.76,"[0.06062, 0.0456, 0.41014]",0.0456,0.41014,4.649070430888724e-05,-0.051255830502557435,-0.036551761205083855,-4.649070431135171e-05,0.13448975235638416,0.0959033370107675,-4.6490704423043155e-05,0.013803920006904065,0.009815329558874047,4.649070435949036e-05,-0.12227932319894667,-0.08723958311730409,-4.649070431151199e-05,0.030354586932298002,0.021647025495593483,4.649070430872772e-05,3.060921627875055e-17,-2.296411150982661e-16
393.78,"[0.06062, 0.0456, 0.41014]",0.0456,0.41014,4.649070429952415e-05,-0.051255830502557435,-0.03831131692475494,-4.6490704296581515e-05,0.13448975235638416,0.10052026096266763,-4.649070429572005e-05,0.013803920006904065,0.010289456218847214,4.6490704224447024e-05,-0.12227932319894667,-0.09143694821394671,-4.649070429639062e-05,0.030354586932298002,0.022689060823300435,4.649070429971453e-05,3.060921627875055e-17,-2.167288740161235e-16
393.8,"[0.06062, 0.0456, 0.41014]",0.0456,0.41014,4.6490704383281666e-05,-0.051255830502557435,-0.03831131692475494,-4.649070438549658e-05,0.13448975235638416,0.10052026096266763,-4.64907044946002e-05,0.013803920006904065,0.010289456218847214,4.64907044235852e-05,-0.12227932319894667,-0.09143694821394671,-4.649070438564027e-05,0.030354586932298002,0.022689060823300435,4.649070438313834e-05,3.060921627875055e-17,-2.167288740161235e-16
393.82,"[0.06062, 0.0456, 0.41014]",0.0456,0.41014,4.649070452091078e-05,-0.051255830502557435,-0.03986737796210459,-4.649070452326372e-05,0.13448975235638416,0.10460329557543584,-4.649070463627218e-05,0.013803920006904065,0.010709149187500214,4.649070455154881e-05,-0.12227932319894667,-0.09514833400919984,-4.649070452341629e-05,0.030354586932298002,0.023610577362112264,4.6490704520758325e-05,3.060921627875055e-17,-1.8080788350784279e-16
393.84,"[0.06062, 0.0456, 0.41014]",0.0456,0.41014,4.649070442054022e-05,-0.051255830502557435,-0.04127683824368935,-4.6490704421291375e-05,0.13448975235638416,0.10830168567006498,-4.649070450187947e-05,0.013803920006904065,0.011089486699491752,4.6490704425019994e-05,-0.12227932319894667,-0.09850980586623709,-4.6490704421340205e-05,0.030354586932298002,0.024445272452548145,4.6490704420491796e-05,3.060921627875055e-17,-1.562360155380541e-16
393.86,"[0.06062, 0.0456, 0.41014]",0.0456,0.41014,4.649070438137545e-05,-0.051255830502557435,-0.04127683824368935,-4.649070437893278e-05,0.13448975235638416,0.10830168567006498,-4.649070439366986e-05,0.013803920006904065,0.011089486699491752,4.64907043152342e-05,-0.12227932319894667,-0.09850980586623709,-4.649070437877435e-05,0.030354586932298002,0.024445272452548145,4.649070438153399e-05,3.060921627875055e-17,-1.562360155380541e-16
393.88,"[0.06062, 0.0456, 0.41014]",0.0456,0.41014,4.6490704443251694e-05,-0.051255830502557435,-0.04253212429288957,-4.6490704445065774e-05,0.13448975235638416,0.11159556990695578,-4.649070455025287e-05,0.013803920006904065,0.011428496270661953,4.649070447342758e-05,-0.12227932319894667,-0.10150320371030352,-4.649070444518344e-05,0.030354586932298002,0.02518865991227706,4.6490704443133726e-05,3.060921627875055e-17,-1.23635267896532e-16
393.9,"[0.06062, 0.0456, 0.41014]",0.0456,0.41014,4.6490704427378655e-05,-0.051255830502557435,-0.04253212429288957,-4.649070442534263e-05,0.13448975235638416,0.11159556990695578,-4.649070445086995e-05,0.013803920006904065,0.011428496270661953,4.649070436861936e-05,-0.12227932319894667,-0.10150320371030352,-4.6490704425210786e-05,0.030354586932298002,0.02518865991227706,4.649070442751032e-05,3.060921627875055e-17,-1.23635267896532e-16
393.92,"[0.06062, 0.0456, 0.41014]",0.0456,0.41014,4.649070447958022e-05,-0.051255830502557435,-0.043646552410992086,-4.6490704481212986e-05,0.13448975235638416,0.11451988164263527,-4.6490704584600554e-05,0.013803920006904065,0.011729718882508107,4.649070450412161e-05,-0.12227932319894667,-0.10416035802498051,-4.649070448131907e-05,0.030354586932298002,0.025848626585118918,4.6490704479474156e-05,3.060921627875055e-17,-8.633527622598971e-17
393.94,"[0.06062, 0.0456, 0.41014]",0.0456,0.41014,4.64907044610962e-05,-0.051255830502557435,-0.043646552410992086,-4.649070445929657e-05,0.13448975235638416,0.11451988164263527,-4.649070449177451e-05,0.013803920006904065,0.011729718882508107,4.649070440669392e-05,-0.12227932319894667,-0.10416035802498051,-4.649070445918009e-05,0.030354586932298002,0.025848626585118918,4.6490704461212695e-05,3.060921627875055e-17,-8.633527622598971e-17
393.96,"[0.06062, 0.0456, 0.41014]",0.0456,0.41014,4.6490704503640034e-05,-0.051255830502557435,-0.04463303459086146,-4.649070450509463e-05,0.13448975235638416,0.11710849417249689,-4.6490704606544135e-05,0.013803920006904065,0.011996591681153211,4.6490704523624414e-05,-0.12227932319894667,-0.1065121278087428,-4.6490704505189345e-05,0.030354586932298002,0.02643281979834874,4.649070450354577e-05,3.060921627875055e-17,-4.696635277997056e-17
393.98,"[0.06062, 0.0456, 0.41014]",0.0456,0.41014,4.649070448426827e-05,-0.051255830502557435,-0.04463303459086146,-4.649070448268376e-05,0.13448975235638416,0.11710849417249689,-4.649070452144149e-05,0.013803920006904065,0.011996591681153211,4.649070443458896e-05,-0.12227932319894667,-0.1065121278087428,-4.64907044825815e-05,0.030354586932298002,0.02643281979834874,4.6490704484371186e-05,3.060921627875055e-17,-4.696635277997056e-17
394.0,"[0.06062, 0.0456, 0.41014]",0.0456,0.41014,4.649070451946146e-05,-0.051255830502557435,-0.045503859285265943,-4.649070452075587e-05,0.13448975235638416,0.11939364550426268,-4.6490704620462675e-05,0.013803920006904065,0.012232389021291654,4.649070453593191e-05,-0.12227932319894667,-0.10858787744291634,-4.649070452084021e-05,0.030354586932298002,0.026948517528585177,4.649070451937758e-05,3.060921627875055e-17,-7.547603869522116e-18
394.02,"[0.06062, 0.0456, 0.41014]",0.0456,0.41014,4.649070450040578e-05,-0.051255830502557435,-0.045503859285265943,-4.6490704499016386e-05,0.13448975235638416,0.11939364550426268,-4.64907045434342e-05,0.013803920006904065,0.012232389021291654,4.6490704455498265e-05,-0.12227932319894667,-0.10858787744291634,-4.649070449892682e-05,0.030354586932298002,0.026948517528585177,4.649070450049599e-05,3.060921627875055e-17,-7.547603869522116e-18
394.04,"[0.06062, 0.0456, 0.41014]",0.0456,0.41014,4.649070452983735e-05,-0.051255830502557435,-0.0462705736517667,-4.6490704530987685e-05,0.13448975235638416,0.12140562935930256,-4.649070462911912e-05,0.013803920006904065,0.012440190614171181,4.6490704543520655e-05,-0.12227932319894667,-0.1104151959581068,-4.649070453106259e-05,0.030354586932298002,0.027402558667331132,4.6490704529762957e-05,3.060921627875055e-17,3.0420142511251944e-17
394.06,"[0.06062, 0.0456, 0.41014]",0.0456,0.41014,4.649070451174762e-05,-0.051255830502557435,-0.0462705736517667,-4.649070451053366e-05,0.13448975235638416,0.12140562935930256,-4.649070456001921e-05,0.013803920006904065,0.012440190614171181,4.6490704471451196e-05,-0.12227932319894667,-0.1104151959581068,-4.649070451045538e-05,0.030354586932298002,0.027402558667331132,4.6490704511826424e-05,3.060921627875055e-17,3.0420142511251944e-17
394.08,"[0.06062, 0.0456, 0.41014]",0.0456,0.41014,4.649070453653226e-05,-0.051255830502557435,-0.046943926168365464,-4.649070453755275e-05,0.13448975235638416,0.12317264455760389,-4.649070463425378e-05,0.013803920006904065,0.012622865791119778,4.649070454795198e-05,-0.12227932319894667,-0.11201976052183757,-4.649070453761921e-05,0.030354586932298002,0.027801309041333298,4.649070453646643e-05,3.060921627875055e-17,6.586704907508901e-17
394.1,"[0.06062, 0.0456, 0.41014]",0.0456,0.41014,4.649070451972565e-05,-0.051255830502557435,-0.046943926168365464,-4.649070451866863e-05,0.13448975235638416,0.12317264455760389,-4.649070457266695e-05,0.013803920006904065,0.012622865791119778,4.6490704483767665e-05,-0.12227932319894667,-0.11201976052183757,-4.6490704518600316e-05,0.030354586932298002,0.027801309041333298,4.6490704519794375e-05,3.060921627875055e-17,6.586704907508901e-17
394.12,"[0.06062, 0.0456, 0.41014]",0.0456,0.41014,4.649070454067841e-05,-0.051255830502557435,-0.04753384697833075,-4.6490704541581905e-05,0.13448975235638416,0.12472074338645071,-4.6490704636982244e-05,0.013803920006904065,0.012783067842434995,4.649070455022802e-05,-0.12227932319894667,-0.11342529005310506,-4.649070454164093e-05,0.030354586932298002,0.02815064977813673,4.6490704540620374e-05,3.060921627875055e-17,9.808325931203962e-17
394.14,"[0.06062, 0.0456, 0.41014]",0.0456,0.41014,4.6490704525282023e-05,-0.051255830502557435,-0.04753384697833075,-4.6490704524364226e-05,0.13448975235638416,0.12472074338645071,-4.649070458236362e-05,0.013803920006904065,0.012783067842434995,4.649070449333702e-05,-0.12227932319894667,-0.11342529005310506,-4.6490704524305184e-05,0.030354586932298002,0.02815064977813673,4.649070452534214e-05,3.060921627875055e-17,9.808325931203962e-17
394.16,"[0.06062, 0.0456, 0.41014]",0.0456,0.41014,4.649070454302538e-05,-0.051255830502557435,-0.048060103424060065,-4.6490704543823615e-05,0.13448975235638416,0.12610178746562659,-4.649070463804115e-05,0.013803920006904065,0.012926084126441953,4.649070455101121e-05,-0.12227932319894667,-0.11467899267420119,-4.649070454387571e-05,0.030354586932298002,0.02846228799985395,4.6490704542974055e-05,3.060921627875055e-17,1.2142918837177313e-16
394.18,"[0.06062, 0.0456, 0.41014]",0.0456,0.41014,4.6490704527998296e-05,-0.051255830502557435,-0.048060103424060065,-4.6490704527169863e-05,0.13448975235638416,0.12610178746562659,-4.649070458800467e-05,0.013803920006904065,0.012926084126441953,4.649070449902637e-05,-0.12227932319894667,-0.11467899267420119,-4.6490704527116466e-05,0.030354586932298002,0.02846228799985395,4.649070452805243e-05,3.060921627875055e-17,1.2142918837177313e-16
394.2,"[0.06062, 0.0456, 0.41014]",0.0456,0.41014,4.649070454284536e-05,-0.051255830502557435,-0.04851029686563441,-4.649070454354924e-05,0.13448975235638416,0.1272832488682202,-4.649070463669838e-05,0.013803920006904065,0.013048605565235133,4.6490704549649596e-05,-0.12227932319894667,-0.11575124807075554,-4.649070454359499e-05,0.030354586932298002,0.0287288805532251,4.6490704542800095e-05,3.060921627875055e-17,1.4601240023854492e-16
394.22,"[0.06062, 0.0456, 0.41014]",0.0456,0.41014,4.649070453063206e-05,-0.051255830502557435,-0.04851029686563441,-4.649070452994718e-05,0.13448975235638416,0.1272832488682202,-4.649070459462707e-05,0.013803920006904065,0.013048605565235133,4.6490704505813364e-05,-0.12227932319894667,-0.11575124807075554,-4.6490704529903286e-05,0.030354586932298002,0.0287288805532251,4.64907045306772e-05,3.060921627875055e-17,1.4601240023854492e-16
394.24,"[0.06062, 0.0456, 0.41014]",0.0456,0.41014,4.6490704543715256e-05,-0.051255830502557435,-0.048901654596749736,-4.649070454433747e-05,0.13448975235638416,0.12831032460833636,-4.6490704636581116e-05,0.013803920006904065,0.013155236753733096,4.64907045494051e-05,-0.12227932319894667,-0.11668320285888754,-4.6490704544378164e-05,0.030354586932298002,0.02896063027948186,4.6490704543675486e-05,3.060921627875055e-17,1.67018003239024e-16
394.26,"[0.06062, 0.0456, 0.41014]",0.0456,0.41014,4.649070453270849e-05,-0.051255830502557435,-0.048901654596749736,-4.64907045321193e-05,0.13448975235638416,0.12831032460833636,-4.649070459954408e-05,0.013803920006904065,0.013155236753733096,4.649070451083603e-05,-0.12227932319894667,-0.11668320285888754,-4.6490704532081496e-05,0.030354586932298002,0.02896063027948186,4.6490704532747196e-05,3.060921627875055e-17,1.67018003239024e-16
394.28,"[0.06062, 0.0456, 0.41014]",0.0456,0.41014,4.649070454365312e-05,-0.051255830502557435,-0.04924112073685818,-4.649070454419883e-05,0.13448975235638416,0.12920123400646638,-4.64907046355478e-05,0.013803920006904065,0.013247839654494296,4.649070454833065e-05,-0.12227932319894667,-0.11749143464221012,-4.649070454423471e-05,0.030354586932298002,0.029161649732581525,4.649070454361852e-05,3.060921627875055e-17,1.844454702392538e-16
394.3,"[0.06062, 0.0456, 0.41014]",0.0456,0.41014,4.649070453373414e-05,-0.051255830502557435,-0.04924112073685818,-4.649070453322822e-05,0.13448975235638416,0.12920123400646638,-4.649070460304314e-05,0.013803920006904065,0.013247839654494296,4.649070451451134e-05,-0.12227932319894667,-0.11749143464221012,-4.649070453319534e-05,0.030354586932298002,0.029161649732581525,4.6490704533767234e-05,3.060921627875055e-17,1.844454702392538e-16
394.321,"[0.06062, 0.0456, 0.41014]",0.0456,0.41014,4.649070455379518e-05,-0.051255830502557435,-0.04954195836515244,-4.649070455431116e-05,0.13448975235638416,0.12999077621494265,-4.649070464578786e-05,0.013803920006904065,0.013329975272451186,4.649070455756808e-05,-0.12227932319894667,-0.11820759972450723,-4.649070455434463e-05,0.030354586932298002,0.029339793705861504,4.649070455376182e-05,3.060921627875055e-17,1.955897123289479e-16
394.34,"[0.06062, 0.0456, 0.41014]",0.0456,0.41014,4.649070453329557e-05,-0.051255830502557435,-0.04954195836515244,-4.649070453283969e-05,0.13448975235638416,0.12999077621494265,-4.649070460427952e-05,0.013803920006904065,0.013329975272451186,4.6490704515992755e-05,-0.12227932319894667,-0.11820759972450723,-4.649070453281016e-05,0.030354586932298002,0.029339793705861504,4.6490704533325055e-05,3.060921627875055e-17,1.955897123289479e-16
394.36,"[0.06062, 0.0456, 0.41014]",0.0456,0.41014,4.6490704540806755e-05,-0.051255830502557435,-0.049802374355155915,-4.649070454122359e-05,0.13448975235638416,0.13067424757134957,-4.6490704631046664e-05,0.013803920006904065,0.013401168943034832,4.6490704544032636e-05,-0.12227932319894667,-0.11882740896788241,-4.6490704541250736e-05,0.030354586932298002,0.02949400015128448,4.649070454077999e-05,3.060921627875055e-17,2.0380974119437308e-16
394.38,"[0.06062, 0.0456, 0.41014]",0.0456,0.41014,4.6490704525509225e-05,-0.051255830502557435,-0.049802374355155915,-4.649070452573788e-05,0.13448975235638416,0.13067424757134957,-4.6490704611919765e-05,0.013803920006904065,0.013401168943034832,4.649070452612006e-05,-0.12227932319894667,-0.11882740896788241,-4.649070452575293e-05,0.030354586932298002,0.02949400015128448,4.649070452549475e-05,3.060921627875055e-17,2.0380974119437308e-16
394.4,"[0.06062, 0.0456, 0.41014]",0.0456,0.41014,4.649070454425696e-05,-0.051255830502557435,-0.05001556328606619,-4.649070454468703e-05,0.13448975235638416,0.13123378616169887,-4.649070463528221e-05,0.013803920006904065,0.013459554892217316,4.6490704548017255e-05,-0.12227932319894667,-0.11933467222202439,-4.6490704544715073e-05,0.030354586932298002,0.029620239291377512,4.649070454422935e-05,3.060921627875055e-17,2.1254937148737102e-16
394.42,"[0.06062, 0.0456, 0.41014]",0.0456,0.41014,4.64907045380133e-05,-0.051255830502557435,-0.05001556328606619,-4.649070453771797e-05,0.13448975235638416,0.13123378616169887,-4.6490704613462626e-05,0.013803920006904065,0.013459554892217316,4.649070452518965e-05,-0.12227932319894667,-0.11933467222202439,-4.64907045376986e-05,0.030354586932298002,0.029620239291377512,4.649070453803229e-05,3.060921627875055e-17,2.1254937148737102e-16
394.44,"[0.06062, 0.0456, 0.41014]",0.0456,0.41014,4.6490704542440736e-05,-0.051255830502557435,-0.0501983337859463,-4.649070454275283e-05,0.13448975235638416,0.13171349972647006,-4.6490704631301824e-05,0.013803920006904065,0.013509683391149368,4.6490704544019185e-05,-0.12227932319894667,-0.11976945701972493,-4.64907045427729e-05,0.030354586932298002,0.029728465122571303,4.6490704542420475e-05,3.060921627875055e-17,2.186224846568403e-16
394.46,"[0.06062, 0.0456, 0.41014]",0.0456,0.41014,4.649070453567456e-05,-0.051255830502557435,-0.0501983337859463,-4.649070453541697e-05,0.13448975235638416,0.13171349972647006,-4.6490704612323014e-05,0.013803920006904065,0.013509683391149368,4.6490704524439775e-05,-0.12227932319894667,-0.11976945701972493,-4.6490704535400584e-05,0.030354586932298002,0.029728465122571303,4.649070453569152e-05,3.060921627875055e-17,2.186224846568403e-16
394.48,"[0.06062, 0.0456, 0.41014]",0.0456,0.41014,4.649070453927267e-05,-0.051255830502557435,-0.05036081878068737,-4.649070453954169e-05,0.13448975235638416,0.13213997852554046,-4.649070462754662e-05,0.013803920006904065,0.013554299526906736,4.649070454055291e-05,-0.12227932319894667,-0.12015591495662593,-4.649070453955879e-05,0.030354586932298002,0.02982467828859733,4.649070453925481e-05,3.060921627875055e-17,2.213011914390911e-16
394.5,"[0.06062, 0.0456, 0.41014]",0.0456,0.41014,4.64907045284427e-05,-0.051255830502557435,-0.05036081878068737,-4.64907045285911e-05,0.13448975235638416,0.13213997852554046,-4.649070461426151e-05,0.013803920006904065,0.013554299526906736,4.64907045281494e-05,-0.12227932319894667,-0.12015591495662593,-4.649070452860058e-05,0.030354586932298002,0.02982467828859733,4.649070452843289e-05,3.060921627875055e-17,2.213011914390911e-16
394.52,"[0.06062, 0.0456, 0.41014]",0.0456,0.41014,4.6490704539017164e-05,-0.051255830502557435,-0.050498441180095804,-4.6490704539289977e-05,0.13448975235638416,0.1325012098170358,-4.649070462769112e-05,0.013803920006904065,0.013592151993793636,4.649070454078261e-05,-0.12227932319894667,-0.12048315222167268,-4.6490704539307615e-05,0.030354586932298002,0.029906168445876128,4.649070453899926e-05,3.060921627875055e-17,2.2290562912471145e-16
394.54,"[0.06062, 0.0456, 0.41014]",0.0456,0.41014,4.6490704529967484e-05,-0.051255830502557435,-0.050498441180095804,-4.649070453009884e-05,0.13448975235638416,0.1325012098170358,-4.64907046157108e-05,0.013803920006904065,0.013592151993793636,4.649070452944264e-05,-0.12227932319894667,-0.12048315222167268,-4.6490704530107326e-05,0.030354586932298002,0.029906168445876128,4.6490704529958736e-05,3.060921627875055e-17,2.2290562912471145e-16
394.56,"[0.06062, 0.0456, 0.41014]",0.0456,0.41014,4.649070453830091e-05,-0.051255830502557435,-0.05061498241078725,-4.649070453853285e-05,0.13448975235638416,0.13280711629732583,-4.6490704626358716e-05,0.013803920006904065,0.013624263235482551,4.649070453947085e-05,-0.12227932319894667,-0.1207601844702218,-4.649070453854792e-05,0.030354586932298002,0.029975174957797564,4.6490704538285734e-05,3.060921627875055e-17,2.233012091455678e-16
394.58,"[0.06062, 0.0456, 0.41014]",0.0456,0.41014,4.649070453317842e-05,-0.051255830502557435,-0.05061498241078725,-4.6490704533013354e-05,0.13448975235638416,0.13280711629732583,-4.649070461271486e-05,0.013803920006904065,0.013624263235482551,4.649070452543749e-05,-0.12227932319894667,-0.1207601844702218,-4.649070453300274e-05,0.030354586932298002,0.029975174957797564,4.649070453318894e-05,3.060921627875055e-17,2.233012091455678e-16
394.6,"[0.06062, 0.0456, 0.41014]",0.0456,0.41014,4.649070453424581e-05,-0.051255830502557435,-0.050710829296950165,-4.6490704534413445e-05,0.13448975235638416,0.13305871218834797,-4.6490704621124066e-05,0.013803920006904065,0.013650732615466725,4.649070453454421e-05,-0.12227932319894667,-0.1209879411503431,-4.649070453442439e-05,0.030354586932298002,0.030031926982778366,4.649070453423485e-05,3.060921627875055e-17,2.2243779368108385e-16
394.62,"[0.06062, 0.0456, 0.41014]",0.0456,0.41014,4.6490704529883344e-05,-0.051255830502557435,-0.050710829296950165,-4.6490704529752934e-05,0.13448975235638416,0.13305871218834797,-4.649070461037659e-05,0.013803920006904065,0.013650732615466725,4.64907045235582e-05,-0.12227932319894667,-0.1209879411503431,-4.6490704529744423e-05,0.030354586932298002,0.030031926982778366,4.6490704529891604e-05,3.060921627875055e-17,2.2243779368108385e-16
394.64,"[0.06062, 0.0456, 0.41014]",0.0456,0.41014,4.6490704531090935e-05,-0.051255830502557435,-0.05079257810126647,-4.649070453123601e-05,0.13448975235638416,0.13327330786296482,-4.6490704617668856e-05,0.013803920006904065,0.013673352334160485,4.649070453139635e-05,-0.12227932319894667,-0.12118213712619993,-4.6490704531245285e-05,0.030354586932298002,0.030080330697986095,4.649070453108134e-05,3.060921627875055e-17,2.2022570936215406e-16
394.66,"[0.06062, 0.0456, 0.41014]",0.0456,0.41014,4.649070452744786e-05,-0.051255830502557435,-0.05079257810126647,-4.6490704527337576e-05,0.13448975235638416,0.13327330786296482,-4.6490704608555005e-05,0.013803920006904065,0.013673352334160485,4.649070452206644e-05,-0.12227932319894667,-0.12118213712619993,-4.6490704527330366e-05,0.030354586932298002,0.030080330697986095,4.6490704527454805e-05,3.060921627875055e-17,2.2022570936215406e-16
394.68,"[0.06062, 0.0456, 0.41014]",0.0456,0.41014,4.64907045285149e-05,-0.051255830502557435,-0.05086224930190316,-4.6490704528639256e-05,0.13448975235638416,0.13345620527719168,-4.6490704614807185e-05,0.013803920006904065,0.013692669311063981,4.649070452878114e-05,-0.12227932319894667,-0.12134758877038145,-4.649070452864762e-05,0.030354586932298002,0.03012158262250013,4.649070452850693e-05,3.060921627875055e-17,2.1695759008542268e-16
394.7,"[0.06062, 0.0456, 0.41014]",0.0456,0.41014,4.6490704525431745e-05,-0.051255830502557435,-0.05086224930190316,-4.6490704525338355e-05,0.13448975235638416,0.13345620527719168,-4.6490704607058325e-05,0.013803920006904065,0.013692669311063981,4.649070452084427e-05,-0.12227932319894667,-0.12134758877038145,-4.6490704525332446e-05,0.030354586932298002,0.03012158262250013,4.649070452543777e-05,3.060921627875055e-17,2.1695759008542268e-16
394.72,"[0.06062, 0.0456, 0.41014]",0.0456,0.41014,4.649070452635156e-05,-0.051255830502557435,-0.05092393588294155,-4.649070452645807e-05,0.13448975235638416,0.13361814618064174,-4.649070461239508e-05,0.013803920006904065,0.013709799741385654,4.6490704526574725e-05,-0.12227932319894667,-0.12149404148293194,-4.64907045264647e-05,0.030354586932298002,0.030158106477135103,4.6490704526344243e-05,3.060921627875055e-17,2.1243304030416675e-16
394.74,"[0.06062, 0.0456, 0.41014]",0.0456,0.41014,4.649070452182935e-05,-0.051255830502557435,-0.05092393588294155,-4.649070452188928e-05,0.13448975235638416,0.13361814618064174,-4.649070460692728e-05,0.013803920006904065,0.013709799741385654,4.649070452148161e-05,-0.12227932319894667,-0.12149404148293194,-4.6490704521893146e-05,0.030354586932298002,0.030158106477135103,4.649070452182529e-05,3.060921627875055e-17,2.1243304030416675e-16
394.76,"[0.06062, 0.0456, 0.41014]",0.0456,0.41014,4.649070452548404e-05,-0.051255830502557435,-0.05097591875765989,-4.649070452559059e-05,0.13448975235638416,0.13375461799051086,-4.6490704611654746e-05,0.013803920006904065,0.01372426875456919,4.649070452594398e-05,-0.12227932319894667,-0.12161741044255647,-4.6490704525597445e-05,0.030354586932298002,0.030188884373095547,4.649070452547708e-05,3.060921627875055e-17,2.0769327083933194e-16
394.78,"[0.06062, 0.0456, 0.41014]",0.0456,0.41014,4.649070452173955e-05,-0.051255830502557435,-0.05097591875765989,-4.649070452179194e-05,0.13448975235638416,0.13375461799051086,-4.649070460679121e-05,0.013803920006904065,0.01372426875456919,4.649070452135355e-05,-0.12227932319894667,-0.12161741044255647,-4.649070452179541e-05,0.030354586932298002,0.030188884373095547,4.649070452173597e-05,3.060921627875055e-17,2.0769327083933194e-16
394.8,"[0.06062, 0.0456, 0.41014]",0.0456,0.41014,4.649070452460082e-05,-0.051255830502557435,-0.0510180660837491,-4.649070452469068e-05,0.13448975235638416,0.13386527398921275,-4.649070461051785e-05,0.013803920006904065,0.013736035936721689,4.649070452487573e-05,-0.12227932319894667,-0.12171738785999749,-4.649070452469638e-05,0.030354586932298002,0.03021383830699306,4.6490704524594666e-05,3.060921627875055e-17,2.0303931592060984e-16
394.82,"[0.06062, 0.0456, 0.41014]",0.0456,0.41014,4.6490704522582414e-05,-0.051255830502557435,-0.0510180660837491,-4.6490704522527743e-05,0.13448975235638416,0.13386527398921275,-4.6490704605398926e-05,0.013803920006904065,0.013736035936721689,4.6490704519626784e-05,-0.12227932319894667,-0.12171738785999749,-4.649070452252441e-05,0.030354586932298002,0.03021383830699306,4.6490704522585836e-05,3.060921627875055e-17,2.0303931592060984e-16
394.84,"[0.06062, 0.0456, 0.41014]",0.0456,0.41014,4.649070452277944e-05,-0.051255830502557435,-0.05105394988761082,-4.6490704522844086e-05,0.13448975235638416,0.13395948936103555,-4.6490704608235504e-05,0.013803920006904065,0.013746079524369197,4.649070452273729e-05,-0.12227932319894667,-0.12180247308502264,-4.6490704522848084e-05,0.030354586932298002,0.030235083443282563,4.649070452277472e-05,3.060921627875055e-17,1.9793896988745724e-16
394.86,"[0.06062, 0.0456, 0.41014]",0.0456,0.41014,4.64907045208698e-05,-0.051255830502557435,-0.05105394988761082,-4.649070452082216e-05,0.13448975235638416,0.13395948936103555,-4.6490704603915704e-05,0.013803920006904065,0.013746079524369197,4.649070451835171e-05,-0.12227932319894667,-0.12180247308502264,-4.649070452081857e-05,0.030354586932298002,0.030235083443282563,4.649070452087229e-05,3.060921627875055e-17,1.9793896988745724e-16
394.88,"[0.06062, 0.0456, 0.41014]",0.0456,0.41014,4.649070452107822e-05,-0.051255830502557435,-0.05108448247446511,-4.649070452113332e-05,0.13448975235638416,0.13403965829366954,-4.649070460639985e-05,0.013803920006904065,0.01375464772258044,4.6490704521068245e-05,-0.12227932319894667,-0.12187483912699032,-4.649070452113693e-05,0.030354586932298002,0.030253160026051582,4.6490704521074404e-05,3.060921627875055e-17,1.9257814089428312e-16
394.9,"[0.06062, 0.0456, 0.41014]",0.0456,0.41014,4.649070451950851e-05,-0.051255830502557435,-0.05108448247446511,-4.649070451946802e-05,0.13448975235638416,0.13403965829366954,-4.6490704602781554e-05,0.013803920006904065,0.01375464772258044,4.649070451738843e-05,-0.12227932319894667,-0.12187483912699032,-4.649070451946557e-05,0.030354586932298002,0.030253160026051582,4.649070451951095e-05,3.060921627875055e-17,1.9257814089428312e-16
394.92,"[0.06062, 0.0456, 0.41014]",0.0456,0.41014,4.649070451973121e-05,-0.051255830502557435,-0.051111485469232554,-4.6490704519778274e-05,0.13448975235638416,0.13411056209426517,-4.649070460494051e-05,0.013803920006904065,0.013762240967457517,4.6490704519740504e-05,-0.12227932319894667,-0.12193881824527716,-4.6490704519781344e-05,0.030354586932298002,0.030269146700687116,4.649070451972788e-05,3.060921627875055e-17,1.8684533405034848e-16
394.94,"[0.06062, 0.0456, 0.41014]",0.0456,0.41014,4.649070451759743e-05,-0.051255830502557435,-0.051111485469232554,-4.649070451762405e-05,0.13448975235638416,0.13411056209426517,-4.649070460239086e-05,0.013803920006904065,0.013762240967457517,4.6490704517370566e-05,-0.12227932319894667,-0.12193881824527716,-4.6490704517625706e-05,0.030354586932298002,0.030269146700687116,4.6490704517595335e-05,3.060921627875055e-17,1.8684533405034848e-16
394.96,"[0.06062, 0.0456, 0.41014]",0.0456,0.41014,4.649070451907369e-05,-0.051255830502557435,-0.051134208673482326,-4.6490704519120665e-05,0.13448975235638416,0.13417023112145907,-4.6490704604336374e-05,0.013803920006904065,0.013768649636146648,4.6490704519213154e-05,-0.12227932319894667,-0.1219926311374062,-4.649070451912376e-05,0.030354586932298002,0.030282599304046694,4.6490704519070514e-05,3.060921627875055e-17,1.813031613925388e-16
394.98,"[0.06062, 0.0456, 0.41014]",0.0456,0.41014,4.6490704517328926e-05,-0.051255830502557435,-0.051134208673482326,-4.649070451735229e-05,0.13448975235638416,0.13417023112145907,-4.649070460210093e-05,0.013803920006904065,0.013768649636146648,4.6490704517107695e-05,-0.12227932319894667,-0.1219926311374062,-4.649070451735382e-05,0.030354586932298002,0.030282599304046694,4.6490704517327395e-05,3.060921627875055e-17,1.813031613925388e-16
395.0,"[0.06062, 0.0456, 0.41014]",0.0456,0.41014,4.6490704518493935e-05,-0.051255830502557435,-0.05115333542178207,-4.649070451853346e-05,0.13448975235638416,0.13422045886826672,-4.649070460364369e-05,0.013803920006904065,0.013774060896769889,4.649070451857038e-05,-0.12227932319894667,-0.12203790370204444,-4.6490704518536036e-05,0.030354586932298002,0.030293922470132514,4.649070451849115e-05,3.060921627875055e-17,1.7595309543787883e-16
395.02,"[0.06062, 0.0456, 0.41014]",0.0456,0.41014,4.649070451694719e-05,-0.051255830502557435,-0.05115333542178207,-4.649070451696669e-05,0.13448975235638416,0.13422045886826672,-4.649070460168187e-05,0.013803920006904065,0.013774060896769889,4.649070451672601e-05,-0.12227932319894667,-0.12203790370204444,-4.6490704516967914e-05,0.030354586932298002,0.030293922470132514,4.649070451694568e-05,3.060921627875055e-17,1.7595309543787883e-16
395.04,"[0.06062, 0.0456, 0.41014]",0.0456,0.41014,4.649070451786448e-05,-0.051255830502557435,-0.05116943890278354,-4.6490704517897705e-05,0.13448975235638416,0.13426274976422686,-4.6490704602917445e-05,0.013803920006904065,0.01377863192223561,4.64907045179007e-05,-0.12227932319894667,-0.12207599952174669,-4.6490704517899745e-05,0.030354586932298002,0.03030345560776106,4.649070451786206e-05,3.060921627875055e-17,1.7079733658583603e-16
395.06,"[0.06062, 0.0456, 0.41014]",0.0456,0.41014,4.649070451651058e-05,-0.051255830502557435,-0.051183575836410755,-4.649070451652689e-05,0.13448975235638416,0.13429987778547986,-4.649070460121439e-05,0.013803920006904065,0.013782655236493581,4.649070451630211e-05,-0.12227932319894667,-0.12210942867542784,-4.649070451652817e-05,0.030354586932298002,0.030311824401968338,4.649070451650944e-05,3.060921627875055e-17,1.6565237779524806e-16
395.08,"[0.06062, 0.0456, 0.41014]",0.0456,0.41014,4.6490704515824745e-05,-0.051255830502557435,-0.051183575836410755,-4.649070451580801e-05,0.13448975235638416,0.13429987778547986,-4.649070459982323e-05,0.013803920006904065,0.013782655236493581,4.649070451490479e-05,-0.12227932319894667,-0.12210942867542784,-4.649070451580678e-05,0.030354586932298002,0.030311824401968338,4.6490704515825504e-05,3.060921627875055e-17,1.6565237779524806e-16
395.1,"[0.06062, 0.0456, 0.41014]",0.0456,0.41014,4.649070451614024e-05,-0.051255830502557435,-0.05119536122239764,-4.64907045161648e-05,0.13448975235638416,0.13433083192288636,-4.649070460105525e-05,0.013803920006904065,0.013786022041742754,4.649070451620641e-05,-0.12227932319894667,-0.122137279704885,-4.649070451616627e-05,0.030354586932298002,0.0303188009280264,4.6490704516138364e-05,3.060921627875055e-17,1.6085586061152776e-16
395.12,"[0.06062, 0.0456, 0.41014]",0.0456,0.41014,4.649070451572258e-05,-0.051255830502557435,-0.05119536122239764,-4.649070451570978e-05,0.13448975235638416,0.13433083192288636,-4.6490704599838385e-05,0.013803920006904065,0.013786022041742754,4.649070451494469e-05,-0.12227932319894667,-0.122137279704885,-4.649070451570895e-05,0.030354586932298002,0.0303188009280264,4.6490704515723074e-05,3.060921627875055e-17,1.6085586061152776e-16
395.14,"[0.06062, 0.0456, 0.41014]",0.0456,0.41014,4.649070451593159e-05,-0.051255830502557435,-0.05120519391626389,-4.6490704515952064e-05,0.13448975235638416,0.13435665914760028,-4.6490704600786906e-05,0.013803920006904065,0.013788842389433436,4.64907045159542e-05,-0.12227932319894667,-0.12216050052702195,-4.6490704515953704e-05,0.030354586932298002,0.030324621354310164,4.6490704515930305e-05,3.060921627875055e-17,1.5636475815272639e-16
395.16,"[0.06062, 0.0456, 0.41014]",0.0456,0.41014,4.64907045155175e-05,-0.051255830502557435,-0.05120519391626389,-4.649070451550674e-05,0.13448975235638416,0.13435665914760028,-4.649070459970274e-05,0.013803920006904065,0.013788842389433436,4.649070451483897e-05,-0.12227932319894667,-0.12216050052702195,-4.6490704515506016e-05,0.030354586932298002,0.030324621354310164,4.649070451551787e-05,3.060921627875055e-17,1.5636475815272639e-16
395.18,"[0.06062, 0.0456, 0.41014]",0.0456,0.41014,4.649070451563726e-05,-0.051255830502557435,-0.0512134035883365,-4.649070451565427e-05,0.13448975235638416,0.1343782248402628,-4.649070460043951e-05,0.013803920006904065,0.013791207344761235,4.649070451563243e-05,-0.12227932319894667,-0.12217987449196123,-4.649070451565531e-05,0.030354586932298002,0.030329480882001256,4.649070451563583e-05,3.060921627875055e-17,1.5215310400917355e-16
395.2,"[0.06062, 0.0456, 0.41014]",0.0456,0.41014,4.64907045152475e-05,-0.051255830502557435,-0.0512134035883365,-4.649070451523851e-05,0.13448975235638416,0.1343782248402628,-4.649070459949086e-05,0.013803920006904065,0.013791207344761235,4.6490704514662406e-05,-0.12227932319894667,-0.12217987449196123,-4.649070451523809e-05,0.030354586932298002,0.030329480882001256,4.649070451524807e-05,3.060921627875055e-17,1.5215310400917355e-16
395.22,"[0.06062, 0.0456, 0.41014]",0.0456,0.41014,4.649070451531327e-05,-0.051255830502557435,-0.05122026302523037,-4.649070451532749e-05,0.13448975235638416,0.13439624507876655,-4.649070460007238e-05,0.013803920006904065,0.013793192362795914,4.649070451529485e-05,-0.12227932319894667,-0.12219604964347927,-4.649070451532844e-05,0.030354586932298002,0.030333541029259906,4.649070451531233e-05,3.060921627875055e-17,1.4820761486467592e-16
395.24,"[0.06062, 0.0456, 0.41014]",0.0456,0.41014,4.6490704514960175e-05,-0.051255830502557435,-0.05122026302523037,-4.649070451495258e-05,0.13448975235638416,0.13439624507876655,-4.649070459925202e-05,0.013803920006904065,0.013793192362795914,4.649070451445969e-05,-0.12227932319894667,-0.12219604964347927,-4.649070451495227e-05,0.030354586932298002,0.030333541029259906,4.649070451496064e-05,3.060921627875055e-17,1.4820761486467592e-16
395.26,"[0.06062, 0.0456, 0.41014]",0.0456,0.41014,4.649070451499428e-05,-0.051255830502557435,-0.051225998186306965,-4.649070451500602e-05,0.13448975235638416,0.134411313033016,-4.64907045997175e-05,0.013803920006904065,0.013794860045421369,4.649070451497036e-05,-0.12227932319894667,-0.12220956264359215,-4.649070451500713e-05,0.030354586932298002,0.03033693558608162,4.6490704514993494e-05,3.060921627875055e-17,1.4451622387789207e-16
395.28,"[0.06062, 0.0456, 0.41014]",0.0456,0.41014,4.6490704514682504e-05,-0.051255830502557435,-0.051225998186306965,-4.6490704514676e-05,0.13448975235638416,0.134411313033016,-4.649070459901472e-05,0.013803920006904065,0.013794860045421369,4.64907045142568e-05,-0.12227932319894667,-0.12220956264359215,-4.649070451467565e-05,0.030354586932298002,0.03033693558608162,4.649070451468261e-05,3.060921627875055e-17,1.4451622387789207e-16
395.3,"[0.06062, 0.0456, 0.41014]",0.0456,0.41014,4.649070451469785e-05,-0.051255830502557435,-0.05123079643566686,-4.6490704514707624e-05,0.13448975235638416,0.13442392057077968,-4.6490704599391335e-05,0.013803920006904065,0.013796262396154904,4.649070451467239e-05,-0.12227932319894667,-0.12222085835936691,-4.649070451470832e-05,0.030354586932298002,0.030339775488839996,4.649070451469704e-05,3.060921627875055e-17,1.410683910249809e-16
395.32,"[0.06062, 0.0456, 0.41014]",0.0456,0.41014,4.64907045144265e-05,-0.051255830502557435,-0.05123079643566686,-4.649070451442105e-05,0.13448975235638416,0.13442392057077968,-4.649070459879319e-05,0.013803920006904065,0.013796262396154904,4.649070451406637e-05,-0.12227932319894667,-0.12222085835936691,-4.6490704514420927e-05,0.030354586932298002,0.030339775488839996,4.6490704514426774e-05,3.060921627875055e-17,1.410683910249809e-16
395.34,"[0.06062, 0.0456, 0.41014]",0.0456,0.41014,4.6490704514431945e-05,-0.051255830502557435,-0.051234813289465705,-4.649070451444008e-05,0.13448975235638416,0.13443447596664615,-4.649070459910109e-05,0.013803920006904065,0.013797442667135031,4.649070451440768e-05,-0.12227932319894667,-0.12223030591876481,-4.649070451444069e-05,0.030354586932298002,0.030342152815702073,4.6490704514431274e-05,3.060921627875055e-17,1.378592404629882e-16
395.36,"[0.06062, 0.0456, 0.41014]",0.0456,0.41014,4.649070451419878e-05,-0.051255830502557435,-0.051234813289465705,-4.6490704514194166e-05,0.13448975235638416,0.13443447596664615,-4.649070459859437e-05,0.013803920006904065,0.013797442667135031,4.649070451389498e-05,-0.12227932319894667,-0.12223030591876481,-4.6490704514194186e-05,0.030354586932298002,0.030342152815702073,4.6490704514199085e-05,3.060921627875055e-17,1.378592404629882e-16
395.38,"[0.06062, 0.0456, 0.41014]",0.0456,0.41014,4.649070451419871e-05,-0.051255830502557435,-0.0512381779534425,-4.64907045142055e-05,0.13448975235638416,0.13444331843568358,-4.649070459884769e-05,0.013803920006904065,0.01379843687433748,4.649070451417682e-05,-0.12227932319894667,-0.12223821188852232,-4.649070451420597e-05,0.030354586932298002,0.03034414406567868,4.649070451419812e-05,3.060921627875055e-17,1.3488270819257818e-16
395.4,"[0.06062, 0.0456, 0.41014]",0.0456,0.41014,4.6490704514000154e-05,-0.051255830502557435,-0.0512381779534425,-4.649070451399624e-05,0.13448975235638416,0.13444331843568358,-4.649070459841979e-05,0.013803920006904065,0.01379843687433748,4.649070451374426e-05,-0.12227932319894667,-0.12223821188852232,-4.6490704513996116e-05,0.030354586932298002,0.03034414406567868,4.649070451400027e-05,3.060921627875055e-17,1.3488270819257818e-16
395.42,"[0.06062, 0.0456, 0.41014]",0.0456,0.41014,4.64907045139979e-05,-0.051255830502557435,-0.051240997873334755,-4.649070451400351e-05,0.13448975235638416,0.13445073007631164,-4.6490704598629934e-05,0.013803920006904065,0.01379927504246945,4.649070451397864e-05,-0.12227932319894667,-0.12224483110326298,-4.649070451400373e-05,0.030354586932298002,0.030345812853158644,4.6490704513997126e-05,3.060921627875055e-17,1.3212866258392606e-16
395.44,"[0.06062, 0.0456, 0.41014]",0.0456,0.41014,4.6490704513829305e-05,-0.051255830502557435,-0.051240997873334755,-4.649070451382605e-05,0.13448975235638416,0.13445073007631164,-4.649070459826962e-05,0.013803920006904065,0.01379927504246945,4.649070451361446e-05,-0.12227932319894667,-0.12224483110326298,-4.649070451382615e-05,0.030354586932298002,0.030345812853158644,4.649070451382961e-05,3.060921627875055e-17,1.3212866258392606e-16
395.46,"[0.06062, 0.0456, 0.41014]",0.0456,0.41014,4.649070451382652e-05,-0.051255830502557435,-0.051243465438197834,-4.649070451383125e-05,0.13448975235638416,0.13445721615529402,-4.649070459844518e-05,0.013803920006904065,0.013800011879047338,4.649070451381054e-05,-0.12227932319894667,-0.12225061856192071,-4.6490704513831805e-05,0.030354586932298002,0.03034727306948737,4.649070451382622e-05,3.060921627875055e-17,1.2951111546194181e-16
395.48,"[0.06062, 0.0456, 0.41014]",0.0456,0.41014,4.649070451360711e-05,-0.051255830502557435,-0.051243465438197834,-4.64907045136099e-05,0.13448975235638416,0.13445721615529402,-4.6490704598185885e-05,0.013803920006904065,0.013800011879047338,4.6490704513569916e-05,-0.12227932319894667,-0.12225061856192071,-4.6490704513609937e-05,0.030354586932298002,0.03034727306948737,4.649070451360666e-05,3.060921627875055e-17,1.2951111546194181e-16
395.5,"[0.06062, 0.0456, 0.41014]",0.0456,0.41014,4.649070451372035e-05,-0.051255830502557435,-0.051245514071790364,-4.649070451372483e-05,0.13448975235638416,0.13446260170614013,-4.649070459834115e-05,0.013803920006904065,0.013800627702245782,4.649070451371822e-05,-0.12227932319894667,-0.12225541784305863,-4.649070451372525e-05,0.030354586932298002,0.030348485314165233,4.649070451371984e-05,3.060921627875055e-17,1.2713322035110014e-16
395.52,"[0.06062, 0.0456, 0.41014]",0.0456,0.41014,4.649070451354121e-05,-0.051255830502557435,-0.051245514071790364,-4.6490704513543495e-05,0.13448975235638416,0.13446260170614013,-4.649070459811646e-05,0.013803920006904065,0.013800627702245782,4.6490704513507297e-05,-0.12227932319894667,-0.12225541784305863,-4.6490704513543956e-05,0.030354586932298002,0.030348485314165233,4.649070451354105e-05,3.060921627875055e-17,1.2713322035110014e-16
395.54,"[0.06062, 0.0456, 0.41014]",0.0456,0.41014,4.649070451362669e-05,-0.051255830502557435,-0.05124721655815299,-4.6490704513630394e-05,0.13448975235638416,0.13446707786245973,-4.649070459823501e-05,0.013803920006904065,0.01380114309923274,4.6490704513620663e-05,-0.12227932319894667,-0.12225940123110401,-4.649070451363062e-05,0.030354586932298002,0.03034949267591418,4.649070451362612e-05,3.060921627875055e-17,1.2496925214563108e-16
395.56,"[0.06062, 0.0456, 0.41014]",0.0456,0.41014,4.649070451346936e-05,-0.051255830502557435,-0.05124721655815299,-4.649070451347124e-05,0.13448975235638416,0.13446707786245973,-4.649070459803992e-05,0.013803920006904065,0.01380114309923274,4.6490704513437826e-05,-0.12227932319894667,-0.12225940123110401,-4.6490704513471565e-05,0.030354586932298002,0.03034949267591418,4.6490704513469255e-05,3.060921627875055e-17,1.2496925214563108e-16
395.58,"[0.06062, 0.0456, 0.41014]",0.0456,0.41014,4.649070451353478e-05,-0.051255830502557435,-0.051248632713201514,-4.649070451353775e-05,0.13448975235638416,0.13447080170937012,-4.649070459813297e-05,0.013803920006904065,0.013801575028782223,4.649070451352733e-05,-0.12227932319894667,-0.1222627102595937,-4.6490704513538196e-05,0.030354586932298002,0.030350330565611,4.649070451353441e-05,3.060921627875055e-17,1.2299825897404206e-16
395.6,"[0.06062, 0.0456, 0.41014]",0.0456,0.41014,4.6490704513398964e-05,-0.051255830502557435,-0.051248632713201514,-4.6490704513400496e-05,0.13448975235638416,0.13447080170937012,-4.649070459796567e-05,0.013803920006904065,0.013801575028782223,4.649070451337075e-05,-0.12227932319894667,-0.1222627102595937,-4.649070451340089e-05,0.030354586932298002,0.030350330565611,4.649070451339882e-05,3.060921627875055e-17,1.2299825897404206e-16
395.62,"[0.06062, 0.0456, 0.41014]",0.0456,0.41014,4.649070451344955e-05,-0.051255830502557435,-0.05124981175692257,-4.649070451345204e-05,0.13448975235638416,0.13447390251155764,-4.649070459803941e-05,0.013803920006904065,0.013801937483341199,4.649070451344181e-05,-0.12227932319894667,-0.12226546133856159,-4.6490704513452436e-05,0.030354586932298002,0.030351028120783614,4.649070451344927e-05,3.060921627875055e-17,1.212049718105691e-16
395.64,"[0.06062, 0.0456, 0.41014]",0.0456,0.41014,4.649070451333355e-05,-0.051255830502557435,-0.05124981175692257,-4.649070451333482e-05,0.13448975235638416,0.13447390251155764,-4.6490704597897135e-05,0.013803920006904065,0.013801937483341199,4.649070451330876e-05,-0.12227932319894667,-0.12226546133856159,-4.649070451333506e-05,0.030354586932298002,0.030351028120783614,4.649070451333339e-05,3.060921627875055e-17,1.212049718105691e-16
395.66,"[0.06062, 0.0456, 0.41014]",0.0456,0.41014,4.649070451337313e-05,-0.051255830502557435,-0.05125079424012715,-4.649070451337516e-05,0.13448975235638416,0.134476486771771,-4.6490704597955946e-05,0.013803920006904065,0.013802242026233633,4.6490704513365686e-05,-0.12227932319894667,-0.12226775032598147,-4.6490704513375376e-05,0.030354586932298002,0.030351609346384676,4.649070451337276e-05,3.060921627875055e-17,1.1957366562552022e-16
395.68,"[0.06062, 0.0456, 0.41014]",0.0456,0.41014,4.64907045132745e-05,-0.051255830502557435,-0.05125079424012715,-4.649070451327544e-05,0.13448975235638416,0.134476486771771,-4.649070459783535e-05,0.013803920006904065,0.013802242026233633,4.64907045132531e-05,-0.12227932319894667,-0.12226775032598147,-4.649070451327556e-05,0.030354586932298002,0.030351609346384676,4.6490704513274146e-05,3.060921627875055e-17,1.1957366562552022e-16
395.7,"[0.06062, 0.0456, 0.41014]",0.0456,0.41014,4.649070451330679e-05,-0.051255830502557435,-0.05125161361150303,-4.6490704513308434e-05,0.13448975235638416,0.13447864234490878,-4.649070459788415e-05,0.013803920006904065,0.01380249822827634,4.649070451330045e-05,-0.12227932319894667,-0.12226965624618852,-4.649070451330895e-05,0.030354586932298002,0.030352094042601415,4.649070451330665e-05,3.060921627875055e-17,1.1809130760790646e-16
395.72,"[0.06062, 0.0456, 0.41014]",0.0456,0.41014,4.649070451322339e-05,-0.051255830502557435,-0.05125161361150303,-4.649070451322421e-05,0.13448975235638416,0.13447864234490878,-4.649070459778223e-05,0.013803920006904065,0.01380249822827634,4.6490704513205095e-05,-0.12227932319894667,-0.12226965624618852,-4.64907045132242e-05,0.030354586932298002,0.030352094042601415,4.6490704513223e-05,3.060921627875055e-17,1.1809130760790646e-16
395.74,"[0.06062, 0.0456, 0.41014]",0.0456,0.41014,4.64907045132492e-05,-0.051255830502557435,-0.05125229749383001,-4.649070451325065e-05,0.13448975235638416,0.1344804417885326,-4.64907045978219e-05,0.013803920006904065,0.013802714023232965,4.649070451324352e-05,-0.12227932319894667,-0.12227124431835605,-4.649070451325081e-05,0.030354586932298002,0.030352498560470533,4.6490704513249006e-05,3.060921627875055e-17,1.1674658467075536e-16
395.76,"[0.06062, 0.0456, 0.41014]",0.0456,0.41014,4.649070451317893e-05,-0.051255830502557435,-0.05125229749383001,-4.6490704513179624e-05,0.13448975235638416,0.1344804417885326,-4.64907045977364e-05,0.013803920006904065,0.013802714023232965,4.649070451316382e-05,-0.12227932319894667,-0.12227124431835605,-4.649070451317982e-05,0.030354586932298002,0.030352498560470533,4.649070451317879e-05,3.060921627875055e-17,1.1674658467075536e-16
395.78,"[0.06062, 0.0456, 0.41014]",0.0456,0.41014,4.649070451320033e-05,-0.051255830502557435,-0.05125286872473193,-4.649070451320152e-05,0.13448975235638416,0.1344819450952045,-4.649070459776909e-05,0.013803920006904065,0.013802895997675176,4.6490704513195615e-05,-0.12227932319894667,-0.12227256842623017,-4.64907045132017e-05,0.030354586932298002,0.03035283641808145,4.6490704513200054e-05,3.060921627875055e-17,1.15527629307318e-16
395.8,"[0.06062, 0.0456, 0.41014]",0.0456,0.41014,4.6490704513141256e-05,-0.051255830502557435,-0.05125286872473193,-4.64907045131419e-05,0.13448975235638416,0.1344819450952045,-4.6490704597697215e-05,0.013803920006904065,0.013802895997675176,4.649070451312835e-05,-0.12227932319894667,-0.12227256842623017,-4.649070451314174e-05,0.030354586932298002,0.03035283641808145,4.649070451314082e-05,3.060921627875055e-17,1.15527629307318e-16
395.82,"[0.06062, 0.0456, 0.41014]",0.0456,0.41014,4.649070451315883e-05,-0.051255830502557435,-0.0512533462065455,-4.6490704513159864e-05,0.13448975235638416,0.13448320192370022,-4.649070459772435e-05,0.013803920006904065,0.013803049627747588,4.6490704513154694e-05,-0.12227932319894667,-0.1222736731348011,-4.649070451315974e-05,0.030354586932298002,0.030353118803761327,4.649070451315833e-05,3.060921627875055e-17,1.144245515851984e-16
395.84,"[0.06062, 0.0456, 0.41014]",0.0456,0.41014,4.6490704513109205e-05,-0.051255830502557435,-0.0512533462065455,-4.649070451310972e-05,0.13448975235638416,0.13448320192370022,-4.649070459766418e-05,0.013803920006904065,0.013803049627747588,4.6490704513098586e-05,-0.12227932319894667,-0.1222736731348011,-4.6490704513109604e-05,0.030354586932298002,0.030353118803761327,4.649070451310887e-05,3.060921627875055e-17,1.144245515851984e-16
395.86,"[0.06062, 0.0456, 0.41014]",0.0456,0.41014,4.6490704513124146e-05,-0.051255830502557435,-0.05125374560124004,-4.649070451312506e-05,0.13448975235638416,0.13448425342344336,-4.649070459768717e-05,0.013803920006904065,0.013803179472881852,4.649070451312082e-05,-0.12227932319894667,-0.12227459533913265,-4.6490704513124865e-05,0.030354586932298002,0.030353354987517036,4.649070451312381e-05,3.060921627875055e-17,1.13426477450308e-16
395.88,"[0.06062, 0.0456, 0.41014]",0.0456,0.41014,4.649070451308339e-05,-0.051255830502557435,-0.05125374560124004,-4.6490704513083766e-05,0.13448975235638416,0.13448425342344336,-4.649070459763759e-05,0.013803920006904065,0.013803179472881852,4.649070451307478e-05,-0.12227932319894667,-0.12227459533913265,-4.649070451308384e-05,0.030354586932298002,0.030353354987517036,4.649070451308317e-05,3.060921627875055e-17,1.13426477450308e-16
395.9,"[0.06062, 0.0456, 0.41014]",0.0456,0.41014,4.649070451309652e-05,-0.051255830502557435,-0.05125409461026698,-4.649070451309719e-05,0.13448975235638416,0.13448517241724472,-4.649070459765753e-05,0.013803920006904065,0.013803293859205916,4.6490704513094066e-05,-0.12227932319894667,-0.12227539993605029,-4.64907045130973e-05,0.030354586932298002,0.030353561361234516,4.6490704513096336e-05,3.060921627875055e-17,1.1249787999278485e-16
395.92,"[0.06062, 0.0456, 0.41014]",0.0456,0.41014,4.6490704513060964e-05,-0.051255830502557435,-0.05125409461026698,-4.649070451306121e-05,0.13448975235638416,0.13448517241724472,-4.6490704597614334e-05,0.013803920006904065,0.013803293859205916,4.64907045130539e-05,-0.12227932319894667,-0.12227539993605029,-4.64907045130615e-05,0.030354586932298002,0.030353561361234516,4.6490704513060876e-05,3.060921627875055e-17,1.1249787999278485e-16
395.94,"[0.06062, 0.0456, 0.41014]",0.0456,0.41014,4.649070451307274e-05,-0.051255830502557435,-0.05125438660236729,-4.6490704513073284e-05,0.13448975235638416,0.1344859414476873,-4.64907045976322e-05,0.013803920006904065,0.013803390636670873,4.649070451307117e-05,-0.12227932319894667,-0.12227607160596701,-4.649070451307358e-05,0.030354586932298002,0.03035373400340066,4.649070451307272e-05,3.060921627875055e-17,1.1165934211797068e-16
395.96,"[0.06062, 0.0456, 0.41014]",0.0456,0.41014,4.64907045130434e-05,-0.051255830502557435,-0.05125438660236729,-4.649070451304355e-05,0.13448975235638416,0.1344859414476873,-4.6490704597595964e-05,0.013803920006904065,0.013803390636670873,4.649070451303737e-05,-0.12227932319894667,-0.12227607160596701,-4.649070451304345e-05,0.030354586932298002,0.03035373400340066,4.649070451304291e-05,3.060921627875055e-17,1.1165934211797068e-16
395.98,"[0.06062, 0.0456, 0.41014]",0.0456,0.41014,4.6490704513053524e-05,-0.051255830502557435,-0.05125462018275325,-4.6490704513053903e-05,0.13448975235638416,0.13448655682054234,-4.649070459761146e-05,0.013803920006904065,0.013803469212217784,4.649070451305251e-05,-0.12227932319894667,-0.12227660732014396,-4.649070451305423e-05,0.030354586932298002,0.030353872091361284,4.649070451305338e-05,3.060921627875055e-17,1.1092387075700211e-16
396.0,"[0.06062, 0.0456, 0.41014]",0.0456,0.41014,4.649070451303077e-05,-0.051255830502557435,-0.05125462018275325,-4.6490704513031007e-05,0.13448975235638416,0.13448655682054234,-4.649070459758361e-05,0.013803920006904065,0.013803469212217784,4.649070451302622e-05,-0.12227932319894667,-0.12227660732014396,-4.6490704513031156e-05,0.030354586932298002,0.030353872091361284,4.6490704513030674e-05,3.060921627875055e-17,1.1092387075700211e-16
396.02,"[0.06062, 0.0456, 0.41014]",0.0456,0.41014,4.649070451303937e-05,-0.051255830502557435,-0.05125481537359596,-4.649070451303974e-05,0.13448975235638416,0.1344870711864342,-4.6490704597595896e-05,0.013803920006904065,0.013803535701318408,4.649070451303804e-05,-0.12227932319894667,-0.12227705385103628,-4.649070451303962e-05,0.030354586932298002,0.030353987471404546,4.6490704513039e-05,3.060921627875055e-17,1.1026311112848769e-16
396.04,"[0.06062, 0.0456, 0.41014]",0.0456,0.41014,4.6490704513019914e-05,-0.051255830502557435,-0.05125481537359596,-4.6490704513020036e-05,0.13448975235638416,0.1344870711864342,-4.649070459757224e-05,0.013803920006904065,0.013803535701318408,4.649070451301607e-05,-0.12227932319894667,-0.12227705385103628,-4.6490704513020144e-05,0.030354586932298002,0.030353987471404546,4.649070451301974e-05,3.060921627875055e-17,1.1026311112848769e-16
396.06,"[0.06062, 0.0456, 0.41014]",0.0456,0.41014,4.6490704513026846e-05,-0.051255830502557435,-0.05125497860282078,-4.649070451302707e-05,0.13448975235638416,0.13448750144271343,-4.6490704597582344e-05,0.013803920006904065,0.013803592031787737,4.6490704513025836e-05,-0.12227932319894667,-0.12227742626326872,-4.649070451302709e-05,0.030354586932298002,0.03035408394721636,4.649070451302652e-05,3.060921627875055e-17,1.0967014082984198e-16
396.08,"[0.06062, 0.0456, 0.41014]",0.0456,0.41014,4.6490704513010224e-05,-0.051255830502557435,-0.05125497860282078,-4.6490704513010386e-05,0.13448975235638416,0.13448750144271343,-4.649070459756222e-05,0.013803920006904065,0.013803592031787737,4.649070451300688e-05,-0.12227932319894667,-0.12227742626326872,-4.649070451301034e-05,0.030354586932298002,0.03035408394721636,4.649070451300997e-05,3.060921627875055e-17,1.0967014082984198e-16
396.1,"[0.06062, 0.0456, 0.41014]",0.0456,0.41014,4.64907045130161e-05,-0.051255830502557435,-0.05125511519869962,-4.6490704513016295e-05,0.13448975235638416,0.13448786159773543,-4.64907045975707e-05,0.013803920006904065,0.013803639812423668,4.6490704513015225e-05,-0.12227932319894667,-0.12227773702947806,-4.649070451301629e-05,0.030354586932298002,0.030354164671602585,4.649070451301571e-05,3.060921627875055e-17,1.0913799849201256e-16
396.12,"[0.06062, 0.0456, 0.41014]",0.0456,0.41014,4.64907045130026e-05,-0.051255830502557435,-0.05125511519869962,-4.649070451300269e-05,0.13448975235638416,0.13448786159773543,-4.649070459755434e-05,0.013803920006904065,0.013803639812423668,4.649070451299989e-05,-0.12227932319894667,-0.12227773702947806,-4.649070451300281e-05,0.030354586932298002,0.030354164671602585,4.6490704513002424e-05,3.060921627875055e-17,1.0913799849201256e-16
396.14,"[0.06062, 0.0456, 0.41014]",0.0456,0.41014,4.649070451300745e-05,-0.051255830502557435,-0.051255229582548946,-4.649070451300759e-05,0.13448975235638416,0.1344881632769367,-4.649070459756149e-05,0.013803920006904065,0.01380368038779135,4.649070451300686e-05,-0.12227932319894667,-0.12227799648605771,-4.649070451300775e-05,0.030354586932298002,0.03035423226056342,4.6490704513007215e-05,3.060921627875055e-17,1.0866011795616724e-16
396.16,"[0.06062, 0.0456, 0.41014]",0.0456,0.41014,4.6490704512996177e-05,-0.051255830502557435,-0.051255229582548946,-4.649070451299619e-05,0.13448975235638416,0.1344881632769367,-4.649070459754773e-05,0.013803920006904065,0.01380368038779135,4.649070451299407e-05,-0.12227932319894667,-0.12227799648605771,-4.6490704512996475e-05,0.030354586932298002,0.03035423226056342,4.649070451299603e-05,3.060921627875055e-17,1.0866011795616724e-16
396.18,"[0.06062, 0.0456, 0.41014]",0.0456,0.41014,4.649070451300038e-05,-0.051255830502557435,-0.05125532542677694,-4.649070451300051e-05,0.13448975235638416,0.13448841613792348,-4.6490704597553836e-05,0.013803920006904065,0.013803714883247655,4.649070451299991e-05,-0.12227932319894667,-0.12227821320682528,-4.649070451300063e-05,0.030354586932298002,0.030354288886853625,4.649070451300017e-05,3.060921627875055e-17,1.0823083464132508e-16
396.2,"[0.06062, 0.0456, 0.41014]",0.0456,0.41014,4.649070451299074e-05,-0.051255830502557435,-0.05125532542677694,-4.649070451299073e-05,0.13448975235638416,0.13448841613792348,-4.649070459754204e-05,0.013803920006904065,0.013803714883247655,4.6490704512988906e-05,-0.12227932319894667,-0.12227821320682528,-4.649070451299085e-05,0.030354586932298002,0.030354288886853625,4.649070451299052e-05,3.060921627875055e-17,1.0823083464132508e-16
396.22,"[0.06062, 0.0456, 0.41014]",0.0456,0.41014,4.649070451299434e-05,-0.051255830502557435,-0.051255405784678076,-4.6490704512994455e-05,0.13448975235638416,0.13448862821137314,-4.649070459754742e-05,0.013803920006904065,0.01380374424200727,4.6490704512994e-05,-0.12227932319894667,-0.12227839430976886,-4.649070451299459e-05,0.030354586932298002,0.03035433635681644,4.649070451299422e-05,3.060921627875055e-17,1.0784513289773609e-16
396.24,"[0.06062, 0.0456, 0.41014]",0.0456,0.41014,4.649070451298598e-05,-0.051255830502557435,-0.051255405784678076,-4.649070451298601e-05,0.13448975235638416,0.13448862821137314,-4.64907045975372e-05,0.013803920006904065,0.01380374424200727,4.6490704512984386e-05,-0.12227932319894667,-0.12227839430976886,-4.649070451298606e-05,0.030354586932298002,0.03035433635681644,4.649070451298575e-05,3.060921627875055e-17,1.0784513289773609e-16
396.26,"[0.06062, 0.0456, 0.41014]",0.0456,0.41014,4.649070451298877e-05,-0.051255830502557435,-0.05125547319716076,-4.649070451298887e-05,0.13448975235638416,0.13448880618136466,-4.649070459754128e-05,0.013803920006904065,0.013803769255708153,4.64907045129883e-05,-0.12227932319894667,-0.12227854570915983,-4.6490704512988716e-05,0.030354586932298002,0.030354376173561355,4.6490704512988445e-05,3.060921627875055e-17,1.0750218800848545e-16
396.28,"[0.06062, 0.0456, 0.41014]",0.0456,0.41014,4.649070451298208e-05,-0.051255830502557435,-0.05125547319716076,-4.6490704512982055e-05,0.13448975235638416,0.13448880618136466,-4.6490704597533195e-05,0.013803920006904065,0.013803769255708153,4.649070451298087e-05,-0.12227932319894667,-0.12227854570915983,-4.6490704512982184e-05,0.030354586932298002,0.030354376173561355,4.649070451298189e-05,3.060921627875055e-17,1.0750218800848545e-16
396.3,"[0.06062, 0.0456, 0.41014]",0.0456,0.41014,4.649070451298447e-05,-0.051255830502557435,-0.05125552978061684,-4.649070451298453e-05,0.13448975235638416,0.13448895561618945,-4.64907045975367e-05,0.013803920006904065,0.01380379058965797,4.6490704512984115e-05,-0.12227932319894667,-0.1222786723230064,-4.649070451298447e-05,0.030354586932298002,0.030354409588977487,4.6490704512984176e-05,3.060921627875055e-17,1.0719510263489189e-16
396.32,"[0.06062, 0.0456, 0.41013651805408496]",0.0456,0.41013651805408496,4.6490704512978924e-05,-0.051255830502557435,-0.05125552978061684,-4.649070451297882e-05,0.13448975235638416,0.13448895561618945,-4.649070459752961e-05,0.013803920006904065,0.01380379058965797,4.649070451297761e-05,-0.12227932319894667,-0.1222786723230064,-4.649070451297864e-05,0.030354586932298002,0.030354409588977487,4.6490704512978396e-05,3.060921627875055e-17,1.0719510263489189e-16
396.34,"[0.06062, 0.0456, 0.41013651805408496]",0.0456,0.41013651805408496,4.6490704512980706e-05,-0.051255830502557435,-0.05125557729935335,-4.649070451298078e-05,0.13448975235638416,0.13448908115862318,-4.64907045975329e-05,0.013803920006904065,0.013803808803720887,4.64907045129806e-05,-0.12227932319894667,-0.12227877824395558,-4.6490704512980815e-05,0.030354586932298002,0.030354437646607557,4.649070451298064e-05,3.060921627875055e-17,1.069201227212025e-16
396.36,"[0.06062, 0.0456, 0.4101002044598101]",0.0456,0.4101002044598101,4.649070451297632e-05,-0.05134221416246409,-0.05125557729935335,-4.6490704512976315e-05,0.13467611304254043,0.13448908115862318,-4.649070459752752e-05,0.013661208954497541,0.013803808803720887,4.6490704512975705e-05,-0.12271774389985324,-0.12227877824395558,-4.649070451297656e-05,0.03040740682398989,0.030354437646607557,4.649070451297632e-05,3.06529225006161e-17,1.069201227212025e-16
396.38,"[0.06062, 0.0456, 0.4101002044598101]",0.0456,0.4101002044598101,4.649070451297846e-05,-0.05134221416246409,-0.05126439825564116,-4.6490704512978396e-05,0.13467611304254043,0.13450886736780604,-4.649070459753039e-05,0.013661208954497541,0.013792349123830433,4.649070451297854e-05,-0.12271774389985324,-0.12231918911588933,-4.649070451297866e-05,0.03040740682398989,0.03035980013088479,4.6490704512978416e-05,3.06529225006161e-17,1.0670804901154179e-16
396.4,"[0.06062, 0.0456, 0.4101002044598101]",0.0456,0.4101002044598101,4.649070451278684e-05,-0.05134221416246409,-0.05126439825564116,-4.649070451278013e-05,0.13467611304254043,0.13450886736780604,-4.649070459729298e-05,0.013661208954497541,0.013792349123830433,4.649070451276665e-05,-0.12271774389985324,-0.12231918911588933,-4.649070451277976e-05,0.03040740682398989,0.03035980013088479,4.649070451278706e-05,3.06529225006161e-17,1.0670804901154179e-16
396.42,"[0.06062, 0.0456, 0.4100244549681874]",0.0456,0.4100244549681874,4.64907045128003e-05,-0.051534344480213594,-0.05129250405487213,-4.649070451280248e-05,0.13509073311653158,0.13457186854512312,-4.649070459734269e-05,0.013343615710237889,0.013755597702948909,4.6490704512805824e-05,-0.12369308073098867,-0.1224482785441924,-4.649070451280274e-05,0.030524892476894945,0.030376889172823145,4.6490704512799956e-05,3.06526891537953e-17,1.0698177460136789e-16
396.44,"[0.06062, 0.0456, 0.4100244549681874]",0.0456,0.4100244549681874,4.649070451221183e-05,-0.051534344480213594,-0.05129250405487213,-4.6490704512193216e-05,0.13509073311653158,0.13457186854512312,-4.649070459660255e-05,0.013343615710237889,0.013755597702948909,4.6490704512143716e-05,-0.12369308073098867,-0.1224482785441924,-4.649070451219207e-05,0.030524892476894945,0.030376889172823145,4.649070451221281e-05,3.06526891537953e-17,1.0698177460136789e-16
396.46,"[0.06062, 0.0456, 0.4099093443348197]",0.0456,0.4099093443348197,4.6490704512238224e-05,-0.05182567203001052,-0.051319615451402484,-4.649070451224748e-05,0.13571977483667247,0.13463257346801236,-4.6490704596730655e-05,0.012861281269426162,0.013719869107119352,4.649070451223906e-05,-0.12517296485015114,-0.12257318908233834,-4.6490704512247745e-05,0.030703087189577597,0.03039337637320204,4.649070451223692e-05,3.076519467895726e-17,1.0824324494765613e-16
396.48,"[0.06062, 0.0456, 0.4099093443348197]",0.0456,0.4099093443348197,4.649070451168277e-05,-0.05182567203001052,-0.051319615451402484,-4.649070451167281e-05,0.13571977483667247,0.13463257346801236,-4.649070459600395e-05,0.012861281269426162,0.013719869107119352,4.6490704511583136e-05,-0.12517296485015114,-0.12257318908233834,-4.6490704511672345e-05,0.030703087189577597,0.03039337637320204,4.6490704511683465e-05,3.076519467895726e-17,1.0824324494765613e-16
396.5,"[0.06062, 0.0456, 0.4099093443348197]",0.0456,0.4099093443348197,4.649070451163219e-05,-0.05182567203001052,-0.05137514853535834,-4.649070451164773e-05,0.13571977483667247,0.13475694677963249,-4.64907045960158e-05,0.012861281269426162,0.013646593778407991,4.6490704511569665e-05,-0.12517296485015114,-0.12282916572838189,-4.6490704511648927e-05,0.030703087189577597,0.030427152316672187,4.6490704511631024e-05,3.076519467895726e-17,1.103095294029987e-16
396.52,"[0.06062, 0.0456, 0.4097549861600046]",0.0456,0.4097549861600046,4.649070451036583e-05,-0.05221509526412007,-0.05146782672466492,-4.649070451033943e-05,0.13656135403506772,0.13496453736913824,-4.6490704594408165e-05,0.012215008883241393,0.0135238978957336,4.649070451012532e-05,-0.1271530960514154,-0.12325690942042689,-4.64907045103376e-05,0.0309413809092069,0.030483533797794313,4.6490704510367305e-05,3.072466746593224e-17,1.139965054710136e-16
396.54,"[0.06062, 0.0456, 0.4097549861600046]",0.0456,0.4097549861600046,4.649070450884514e-05,-0.05221509526412007,-0.05146782672466492,-4.649070450859e-05,0.13656135403506772,0.13496453736913824,-4.649070459151941e-05,0.012215008883241393,0.0135238978957336,4.649070450760104e-05,-0.1271530960514154,-0.12325690942042689,-4.649070450857356e-05,0.0309413809092069,0.030483533797794313,4.649070450886138e-05,3.072466746593224e-17,1.139965054710136e-16
396.56,"[0.06062, 0.0456, 0.4095615327766249]",0.0456,0.4095615327766249,4.649070450805405e-05,-0.05270114116039988,-0.051604932586294755,-4.64907045080824e-05,0.13761296370727416,0.13527163803324163,-4.649070459198589e-05,0.011405859357952792,0.013341356256838193,4.649070450786037e-05,-0.1296277373863165,-0.12389109841546792,-4.649070450808413e-05,0.031238956844677465,0.030566971420311336,4.649070450805173e-05,3.0895889595274205e-17,1.1901909411250057e-16
396.58,"[0.06062, 0.0456, 0.4095615327766249]",0.0456,0.4095615327766249,4.6490704505840097e-05,-0.05270114116039988,-0.051604932586294755,-4.6490704505474903e-05,0.13761296370727416,0.13527163803324163,-4.6490704587454974e-05,0.011405859357952792,0.013341356256838193,4.649070450391931e-05,-0.1296277373863165,-0.12389109841546792,-4.6490704505451254e-05,0.031238956844677465,0.030566971420311336,4.649070450586354e-05,3.0895889595274205e-17,1.1901909411250057e-16
396.6,"[0.06062, 0.0456, 0.4095615327766249]",0.0456,0.4095615327766249,4.649070450443845e-05,-0.05270114116039988,-0.05173432475849159,-4.6490704504485034e-05,0.13761296370727416,0.13556094663343954,-4.649070458783109e-05,0.011405859357952792,0.01316690955558177,4.6490704504014314e-05,-0.1296277373863165,-0.12449264965080188,-4.649070450448818e-05,0.031238956844677465,0.030645737535568058,4.649070450443531e-05,3.0895889595274205e-17,1.2573611073812444e-16
396.62,"[0.06062, 0.0456, 0.40932413263299233]",0.0456,0.40932413263299233,4.649070450206127e-05,-0.05329460946466235,-0.05173432475849159,-4.649070450174756e-05,0.13889886000488072,0.13556094663343954,-4.649070458326409e-05,0.010414054939679248,0.01316690955558177,4.649070450002592e-05,-0.13265414716862375,-0.12449264965080188,-4.649070450172715e-05,0.03160253384785633,0.030645737535568058,4.6490704502081425e-05,3.0739393404884046e-17,1.2573611073812444e-16
396.64,"[0.06062, 0.0456, 0.40932413263299233]",0.0456,0.40932413263299233,4.6490704500182696e-05,-0.05329460946466235,-0.051916825029365586,-4.649070450025334e-05,0.13889886000488072,0.13596930013413874,-4.64907045828624e-05,0.010414054939679248,0.0129203622285835,4.649070449939757e-05,-0.13265414716862375,-0.1253417271539729,-4.649070450025792e-05,0.03160253384785633,0.030756867644153297,4.649070450017793e-05,3.0739393404884046e-17,1.3480211761406076e-16
396.66,"[0.06062, 0.0456, 0.40905814243854594]",0.0456,0.40905814243854594,4.6490704495369455e-05,-0.05395541271214299,-0.051916825029365586,-4.649070449532834e-05,0.14033316186710604,0.13596930013413874,-4.649070457689441e-05,0.009304472189981865,0.0129203622285835,4.6490704493997566e-05,-0.13603058479371194,-0.1253417271539729,-4.649070449532597e-05,0.032007686298944446,0.030756867644153297,4.6490704495372274e-05,3.078586982417381e-17,1.3480211761406076e-16
396.68,"[0.06062, 0.0456, 0.40905814243854594]",0.0456,0.40905814243854594,4.6490704489515305e-05,-0.05395541271214299,-0.05215351306632498,-4.649070448892845e-05,0.14033316186710604,0.13649902424079818,-4.6490704567396766e-05,0.009304472189981865,0.012598427706860338,4.649070448558848e-05,-0.13603058479371194,-0.12644584805916667,-4.649070448889044e-05,0.032007686298944446,0.030901062846827736,4.649070448955317e-05,3.078586982417381e-17,1.4346676616205927e-16
396.7,"[0.06062, 0.0456, 0.40905814243854594]",0.0456,0.40905814243854594,4.6490704487024174e-05,-0.05395541271214299,-0.05215351306632498,-4.6490704486969476e-05,0.14033316186710604,0.13649902424079818,-4.649070456714463e-05,0.009304472189981865,0.012598427706860338,4.649070448502494e-05,-0.13603058479371194,-0.12644584805916667,-4.6490704486965926e-05,0.032007686298944446,0.030901062846827736,4.6490704487027725e-05,3.078586982417381e-17,1.4346676616205927e-16
396.72,"[0.06062, 0.0456, 0.4087487022693354]",0.0456,0.4087487022693354,4.649070448427826e-05,-0.054719147978703093,-0.05244592486217388,-4.6490704484440046e-05,0.14199416441620388,0.13715529088567135,-4.6490704564711516e-05,0.008015439346664587,0.012204360930169777,4.649070448259371e-05,-0.139941301807749,-0.12780461469110038,-4.6490704484450414e-05,0.03247633404732576,0.031079234143571027,4.649070448426758e-05,3.063449350201227e-17,1.5322248184917866e-16
396.74,"[0.06062, 0.0456, 0.4087487022693354]",0.0456,0.4087487022693354,4.649070447537328e-05,-0.054719147978703093,-0.05244592486217388,-4.6490704475308625e-05,0.14199416441620388,0.13715529088567135,-4.6490704553709696e-05,0.008015439346664587,0.012204360930169777,4.649070447267091e-05,-0.139941301807749,-0.12780461469110038,-4.649070447530423e-05,0.03247633404732576,0.031079234143571027,4.64907044753771e-05,3.063449350201227e-17,1.5322248184917866e-16
396.76,"[0.06062, 0.0456, 0.4084011599722701]",0.0456,0.4084011599722701,4.649070447164553e-05,-0.055570266639824326,-0.05271568953663021,-4.6490704471847783e-05,0.14384935806722884,0.13776117441367097,-4.6490704550408036e-05,0.006570262093502405,0.01184248992672777,4.6490704469417266e-05,-0.14431040221418495,-0.12905579333078437,-4.649070447186086e-05,0.03299912000793069,0.03124359202749781,4.649070447163217e-05,3.0586788824539874e-17,1.7131587165549632e-16
396.78,"[0.06062, 0.0456, 0.4084011599722701]",0.0456,0.4084011599722701,4.649070446206484e-05,-0.055570266639824326,-0.05304287832691794,-4.6490704462056056e-05,0.14384935806722884,0.13849767737839205,-4.649070453866805e-05,0.006570262093502405,0.011405043555511534,4.6490704458797926e-05,-0.14431040221418495,-0.13057102850867122,-4.649070446205556e-05,0.03299912000793069,0.03144301077849463,4.649070446206544e-05,3.0586788824539874e-17,1.8619632243909407e-16
396.8,"[0.06062, 0.0456, 0.4084011599722701]",0.0456,0.4084011599722701,4.649070445242732e-05,-0.055570266639824326,-0.05304287832691794,-4.649070445166365e-05,0.14384935806722884,0.13849767737839205,-4.649070452387905e-05,0.006570262093502405,0.011405043555511534,4.6490704445631226e-05,-0.14431040221418495,-0.13057102850867122,-4.649070445161401e-05,0.03299912000793069,0.03144301077849463,4.6490704452476696e-05,3.0586788824539874e-17,1.8619632243909407e-16
396.82,"[0.06062, 0.0456, 0.408015858529638]",0.0456,0.408015858529638,4.649070444508123e-05,-0.05650583772100171,-0.05342969223290661,-4.6490704445298484e-05,0.14589370349352443,0.13937016592095403,-4.649070452039041e-05,0.004971104801971421,0.010887905241088045,4.64907044418756e-05,-0.14912636528620857,-0.13236202222550772,-4.649070444531242e-05,0.03357440072831134,0.03167889069236021,4.649070444506693e-05,3.065600498728436e-17,1.9603830968615463e-16
396.84,"[0.06062, 0.0456, 0.408015858529638]",0.0456,0.408015858529638,4.6490704433718446e-05,-0.05650583772100171,-0.05342969223290661,-4.6490704432823505e-05,0.14589370349352443,0.13937016592095403,-4.6490704501827945e-05,0.004971104801971421,0.010887905241088045,4.649070442543297e-05,-0.14912636528620857,-0.13236202222550772,-4.649070443276522e-05,0.03357440072831134,0.03167889069236021,4.64907044337761e-05,3.065600498728436e-17,1.9603830968615463e-16
396.86,"[0.06062, 0.0456, 0.4075843461190406]",0.0456,0.4075843461190406,4.649070442458123e-05,-0.05754395867442509,-0.053880501011298376,-4.649070442482227e-05,0.14816828982689204,0.1403892901329867,-4.649070449725494e-05,0.003183755711927209,0.010285076991233674,4.6490704420634694e-05,-0.15448645167001038,-0.13444906178483762,-4.6490704424837794e-05,0.034213485128448066,0.031953953288129625,4.6490704424565354e-05,3.092471295913039e-17,2.0442483443784613e-16
396.88,"[0.06062, 0.0456, 0.4075843461190406]",0.0456,0.4075843461190406,4.649070441090472e-05,-0.05754395867442509,-0.053880501011298376,-4.6490704409852026e-05,0.14816828982689204,0.1403892901329867,-4.6490704475187716e-05,0.003183755711927209,0.010285076991233674,4.649070440106836e-05,-0.15448645167001038,-0.13444906178483762,-4.649070440978356e-05,0.034213485128448066,0.031953953288129625,4.6490704410972745e-05,3.092471295913039e-17,2.0442483443784613e-16
396.9,"[0.06062, 0.0456, 0.4075843461190406]",0.0456,0.4075843461190406,4.649070440006441e-05,-0.05754395867442509,-0.0542958757983139,-4.649070440033645e-05,0.14816828982689204,0.14132774754140986,-4.649070446976836e-05,0.003183755711927209,0.009726505950540417,4.649070439542508e-05,-0.15448645167001038,-0.13637639652673733,-4.649070440035398e-05,0.034213485128448066,0.032207440402462574,4.649070440004671e-05,3.092471295913039e-17,2.2520815469905746e-16
396.92,"[0.06062, 0.0456, 0.40713353608015795]",0.0456,0.40713353608015795,4.6490704383465615e-05,-0.0586171196548802,-0.0542958757983139,-4.649070438350983e-05,0.15052655608525659,0.14132774754140986,-4.64907044500725e-05,0.0013210162154198139,0.009726505950540417,4.649070437752377e-05,-0.16004642731984897,-0.13637639652673733,-4.6490704383512554e-05,0.034875029938063795,0.032207440402462574,4.6490704383462775e-05,3.115066866060319e-17,2.2520815469905746e-16
396.94,"[0.06062, 0.0456, 0.40713353608015795]",0.0456,0.40713353608015795,4.6490704374452323e-05,-0.0586171196548802,-0.05477322498516699,-4.649070437486157e-05,0.15052655608525659,0.14240779616730026,-4.6490704441180414e-05,0.0013210162154198139,0.00907960435449581,4.649070436907698e-05,-0.16004642731984897,-0.13859773705050782,-4.6490704374887875e-05,0.034875029938063795,0.032498988357665355,4.6490704374425754e-05,3.115066866060319e-17,2.342958754880494e-16
396.96,"[0.06062, 0.0456, 0.4066373858190435]",0.0456,0.4066373858190435,4.649070435479151e-05,-0.05978619127454022,-0.05477322498516699,-4.6490704354809345e-05,0.1531034818194692,0.14240779616730026,-4.6490704417470064e-05,-0.0007248126426895006,0.00907960435449581,4.6490704347627806e-05,-0.16612410897270888,-0.13859773705050782,-4.6490704354810144e-05,0.035596619811884826,0.032498988357665355,4.649070435479031e-05,3.07891201606835e-17,2.342958754880494e-16
396.98,"[0.06062, 0.0456, 0.4066373858190435]",0.0456,0.4066373858190435,4.6490704343750754e-05,-0.05978619127454022,-0.05531661902491746,-4.649070434418026e-05,0.1531034818194692,0.14363979012744899,-4.649070440666078e-05,-0.0007248126426895006,0.008339178967718837,4.649070433741923e-05,-0.16612410897270888,-0.14113135377236094,-4.649070434420777e-05,0.035596619811884826,0.03283114782755497,4.6490704343722924e-05,3.07891201606835e-17,2.3902544672715814e-16
397.0,"[0.06062, 0.0456, 0.4066373858190435]",0.0456,0.4066373858190435,4.649070432107874e-05,-0.05978619127454022,-0.05531661902491746,-4.649070432106862e-05,0.1531034818194692,0.14363979012744899,-4.6490704379531384e-05,-0.0007248126426895006,0.008339178967718837,4.649070431289766e-05,-0.16612410897270888,-0.14113135377236094,-4.6490704321068065e-05,0.035596619811884826,0.03283114782755497,4.649070432107949e-05,3.07891201606835e-17,2.3902544672715814e-16
397.02,"[0.06062, 0.0456, 0.40610521704450847]",0.0456,0.40610521704450847,4.649070430846911e-05,-0.061025662625326126,-0.05592712535551012,-4.649070430893263e-05,0.1558444351460316,0.14502704991437532,-4.649070436729476e-05,-0.002913487934331055,0.007502815888182576,4.649070430135191e-05,-0.17259242713692335,-0.14398332806045852,-4.6490704308962446e-05,0.036362787410430086,0.03320465793622366,4.649070430843877e-05,3.104412887574459e-17,2.43692831046077e-16
397.04,"[0.06062, 0.0456, 0.40610521704450847]",0.0456,0.40610521704450847,4.6490704283056615e-05,-0.061025662625326126,-0.05592712535551012,-4.649070428303128e-05,0.1558444351460316,0.14502704991437532,-4.649070433695509e-05,-0.002913487934331055,0.007502815888182576,4.649070427393281e-05,-0.17259242713692335,-0.14398332806045852,-4.6490704283029625e-05,0.036362787410430086,0.03320465793622366,4.649070428305844e-05,3.104412887574459e-17,2.43692831046077e-16
397.06,"[0.06062, 0.0456, 0.4055375549428838]",0.0456,0.4055375549428838,4.6490704268997785e-05,-0.06233190179442035,-0.05648719302503541,-4.649070426950658e-05,0.15874286149527123,0.14629636843180874,-4.649070432335827e-05,-0.005242022210404911,0.006718967794073364,4.6490704261101954e-05,-0.17943665809841336,-0.1466227571999184,-4.649070426953917e-05,0.03717146034043395,0.033547522862543894,4.6490704268964446e-05,3.1292441516874976e-17,2.5030335361775795e-16
397.08,"[0.06062, 0.0456, 0.4055375549428838]",0.0456,0.4055375549428838,4.6490704244210206e-05,-0.06233190179442035,-0.05648719302503541,-4.6490704244266734e-05,0.15874286149527123,0.14629636843180874,-4.6490704293822885e-05,-0.005242022210404911,0.006718967794073364,4.649070423439777e-05,-0.17943665809841336,-0.1466227571999184,-4.649070424427019e-05,0.03717146034043395,0.033547522862543894,4.6490704244206446e-05,3.1292441516874976e-17,2.5030335361775795e-16
397.1,"[0.06062, 0.0456, 0.4055375549428838]",0.0456,0.4055375549428838,4.649070422824101e-05,-0.06233190179442035,-0.05711780412207206,-4.6490704228773614e-05,0.15874286149527123,0.1477288581015519,-4.649070427775077e-05,-0.005242022210404911,0.005830396138819692,4.6490704219302796e-05,-0.17943665809841336,-0.14960205122025283,-4.649070422880793e-05,0.03717146034043395,0.03393395204950569,4.649070422820644e-05,3.1292441516874976e-17,2.5185626501961734e-16
397.12,"[0.06062, 0.0456, 0.4049349597281291]",0.0456,0.4049349597281291,4.649070420026023e-05,-0.06370103520510303,-0.057820640737547,-4.649070420027863e-05,0.1617915517654854,0.14933140935748673,-4.649070424457214e-05,-0.007707075387765001,0.0048428044429595285,4.649070418933646e-05,-0.18664091482532413,-0.1529176012811685,-4.649070420027978e-05,0.038020427486276834,0.034364969246330625,4.649070420025923e-05,3.103862926115112e-17,2.7520965078456e-16
397.14,"[0.06062, 0.0456, 0.4049349597281291]",0.0456,0.4049349597281291,4.6490704173281856e-05,-0.06370103520510303,-0.057820640737547,-4.6490704171728466e-05,0.1617915517654854,0.14933140935748673,-4.64907042068755e-05,-0.007707075387765001,0.0048428044429595285,4.6490704155731076e-05,-0.18664091482532413,-0.1529176012811685,-4.6490704171627736e-05,0.038020427486276834,0.034364969246330625,4.649070417338273e-05,3.103862926115112e-17,2.7520965078456e-16
397.16,"[0.06062, 0.0456, 0.40429802608896914]",0.0456,0.40429802608896914,4.6490704150823354e-05,-0.06512914359920771,-0.057820640737547,-4.649070415135048e-05,0.16498310105799813,0.14933140935748673,-4.649070419156034e-05,-0.010305163920900407,0.0048428044429595285,4.649070414045354e-05,-0.19418897896472426,-0.1529176012811685,-4.649070415138446e-05,0.03890744296367023,0.034364969246330625,4.649070415078907e-05,3.0788741978139405e-17,2.7520965078456e-16
397.18,"[0.06062, 0.0456, 0.40429802608896914]",0.0456,0.40429802608896914,4.649070413204029e-05,-0.06512914359920771,-0.05859350501256714,-4.6490704132684434e-05,0.16498310105799813,0.15109754149286336,-4.649070417063724e-05,-0.010305163920900407,0.0037456089734471823,4.649070412113731e-05,-0.19418897896472426,-0.15657776719374214,-4.6490704132726095e-05,0.03890744296367023,0.034839487849884714,4.6490704131998405e-05,3.0788741978139405e-17,2.8943652419638336e-16
397.2,"[0.06062, 0.0456, 0.40429802608896914]",0.0456,0.40429802608896914,4.649070409743084e-05,-0.06512914359920771,-0.05859350501256714,-4.649070409740178e-05,0.16498310105799813,0.15109754149286336,-4.649070412965486e-05,-0.010305163920900407,0.0037456089734471823,4.6490704084174614e-05,-0.19418897896472426,-0.15657776719374214,-4.6490704097399895e-05,0.03890744296367023,0.034839487849884714,4.649070409743264e-05,3.0788741978139405e-17,2.8943652419638336e-16
397.22,"[0.06062, 0.0456, 0.4036273826020078]",0.0456,0.4036273826020078,4.64907040758853e-05,-0.06661228612730885,-0.05943485482466241,-4.6490704076522945e-05,0.1683099434936301,0.15302356709834977,-4.6490704108388385e-05,-0.013032671241931151,0.0025330055296012,4.6490704064236725e-05,-0.20206438532633605,-0.1605860232621563,-4.649070407656457e-05,0.0398302386872475,0.035356760610954364,4.6490704075843794e-05,3.0435801594460606e-17,2.918775167479558e-16
397.24,"[0.06062, 0.0456, 0.4036273826020078]",0.0456,0.4036273826020078,4.6490704039609656e-05,-0.06661228612730885,-0.06021184111832556,-4.6490704039579684e-05,0.1683099434936301,0.15479907746904625,-4.64907040655277e-05,-0.013032671241931151,0.0013960607757184578,4.649070402554601e-05,-0.20206438532633605,-0.16431138834315476,-4.64907040395777e-05,0.0398302386872475,0.03583469923539381,4.6490704039611505e-05,3.0435801594460606e-17,3.3123781539408275e-16
397.26,"[0.06062, 0.0456, 0.40292369111139903]",0.0456,0.40292369111139903,4.649070400815558e-05,-0.06814652327605314,-0.06021184111832556,-4.64907040065294e-05,0.1717643880777934,0.15479907746904625,-4.649070402343384e-05,-0.015885859479415582,0.0013960607757184578,4.6490703988135524e-05,-0.2102505053274628,-0.16431138834315476,-4.649070400642401e-05,0.04078653690580199,0.03583469923539381,4.6490704008261075e-05,3.064141732193205e-17,3.3123781539408275e-16
397.28,"[0.06062, 0.0456, 0.40292369111139903]",0.0456,0.40292369111139903,4.649070398019177e-05,-0.06814652327605314,-0.061061690562289196,-4.6490703980854944e-05,0.1717643880777934,0.15674515776344752,-4.6490704001831654e-05,-0.015885859479415582,0.00013597286018576988,4.649070396667561e-05,-0.2102505053274628,-0.16840742989181184,-4.649070398089754e-05,0.04078653690580199,0.03635816539709481,4.64907039801486e-05,3.064141732193205e-17,3.484690020672828e-16
397.3,"[0.06062, 0.0456, 0.40292369111139903]",0.0456,0.40292369111139903,4.649070394647639e-05,-0.06814652327605314,-0.061061690562289196,-4.649070394471464e-05,0.1717643880777934,0.15674515776344752,-4.6490703953786095e-05,-0.015885859479415582,0.00013597286018576988,4.6490703924427954e-05,-0.2102505053274628,-0.16840742989181184,-4.649070394460018e-05,0.04078653690580199,0.03635816539709481,4.649070394659025e-05,3.064141732193205e-17,3.484690020672828e-16
397.32,"[0.06062, 0.0456, 0.40218764607568624]",0.0456,0.40218764607568624,4.649070391474793e-05,-0.06972793767488503,-0.061982879078789674,-4.64907039154155e-05,0.1753386527645435,0.15885991337221897,-4.6490703928594726e-05,-0.01886088103823719,-0.0012454034068698926,4.649070389955767e-05,-0.21873062413725716,-0.17286693893827623,-4.6490703915458796e-05,0.041774061679330954,0.0369263389381438,4.64907039147044e-05,3.069486974172265e-17,3.571471428066547e-16
397.34,"[0.06062, 0.0456, 0.40218764607568624]",0.0456,0.40218764607568624,4.64907038775336e-05,-0.06972793767488503,-0.061982879078789674,-4.64907038755819e-05,0.1753386527645435,0.15885991337221897,-4.64907038762903e-05,-0.01886088103823719,-0.0012454034068698926,4.649070385364468e-05,-0.21873062413725716,-0.17286693893827623,-4.649070387545524e-05,0.041774061679330954,0.0369263389381438,4.649070387765981e-05,3.069486974172265e-17,3.571471428066547e-16
397.36,"[0.06062, 0.0456, 0.401419973882456]",0.0456,0.401419973882456,4.6490703842695014e-05,-0.07135265272302767,-0.06283331981125653,-4.6490703843379125e-05,0.17902489656545986,0.1608076820335583,-4.649070384842941e-05,-0.021953789958883377,-0.002545185464962323,4.6490703826148686e-05,-0.22748801122888757,-0.17701795028955442,-4.6490703843423435e-05,0.04279054926240135,0.03745121465837368,4.6490703842650135e-05,3.067138435242965e-17,4.0296581113763326e-16
397.38,"[0.06062, 0.0456, 0.401419973882456]",0.0456,0.401419973882456,4.6490703804820566e-05,-0.07135265272302767,-0.06283331981125653,-4.6490703803116586e-05,0.17902489656545986,0.1608076820335583,-4.649070379705627e-05,-0.021953789958883377,-0.002545185464962323,4.649070378111814e-05,-0.22748801122888757,-0.17701795028955442,-4.6490703803006364e-05,0.04279054926240135,0.03745121465837368,4.649070380493133e-05,3.067138435242965e-17,4.0296581113763326e-16
397.4,"[0.06062, 0.0456, 0.401419973882456]",0.0456,0.401419973882456,4.6490703768093095e-05,-0.07135265272302767,-0.06375710495597355,-4.649070376880712e-05,0.17902489656545986,0.16292641239495914,-4.649070376553625e-05,-0.021953789958883377,-0.0039865313760017096,4.649070375023265e-05,-0.22748801122888757,-0.18156583171897503,-4.649070376885377e-05,0.04279054926240135,0.03802233532041947,4.649070376804734e-05,3.067138435242965e-17,3.987881048636009e-16
397.42,"[0.06062, 0.0456, 0.40062143213148077]",0.0456,0.40062143213148077,4.6490703727929246e-05,-0.07301684902489065,-0.06375710495597355,-4.649070372601747e-05,0.1828152495843792,0.16292641239495914,-4.6490703711456176e-05,-0.02516055297291446,-0.0039865313760017096,4.649070370311161e-05,-0.23650598418061478,-0.18156583171897503,-4.649070372589368e-05,0.043833757379378994,0.03802233532041947,4.649070372805369e-05,3.112834261983375e-17,3.987881048636009e-16
397.44,"[0.06062, 0.0456, 0.40062143213148077]",0.0456,0.40062143213148077,4.649070368853532e-05,-0.07301684902489065,-0.06475308471384869,-4.6490703689250096e-05,0.1828152495843792,0.16521792063973398,-4.649070367725201e-05,-0.02516055297291446,-0.005554103196821169,4.649070366943296e-05,-0.23650598418061478,-0.18648560430095767,-4.649070368929657e-05,0.043833757379378994,0.03863893437909417,4.649070368848915e-05,3.112834261983375e-17,3.943158349796393e-16
397.46,"[0.06062, 0.0456, 0.39979280888705965]",0.0456,0.39979280888705965,4.649070364553234e-05,-0.07471677866763272,-0.06475308471384869,-4.649070364343368e-05,0.18670184090761752,0.16521792063973398,-4.64907036195593e-05,-0.02847706018024392,-0.005554103196821169,4.6490703619207526e-05,-0.2457679657117926,-0.18648560430095767,-4.649070364329773e-05,0.04490147340062894,0.03863893437909417,4.6490703645668564e-05,3.138733849766301e-17,3.943158349796393e-16
397.48,"[0.06062, 0.0456, 0.39979280888705965]",0.0456,0.39979280888705965,4.649070360345566e-05,-0.07471677866763272,-0.06581903525812785,-4.6490703604190804e-05,0.18670184090761752,0.16767831098900035,-4.6490703583047194e-05,-0.02847706018024392,-0.007246388360675704,4.649070358320904e-05,-0.2457679657117926,-0.19176857439232167,-4.6490703604238624e-05,0.04490147340062894,0.039299772242190396,4.649070360340819e-05,3.138733849766301e-17,3.9453673615961675e-16
397.5,"[0.06062, 0.0456, 0.39979280888705965]",0.0456,0.39979280888705965,4.649070355791016e-05,-0.07471677866763272,-0.06581903525812785,-4.649070355564873e-05,0.18670184090761752,0.16767831098900035,-4.649070352206055e-05,-0.02847706018024392,-0.007246388360675704,4.6490703530166704e-05,-0.2457679657117926,-0.19176857439232167,-4.649070355550218e-05,0.04490147340062894,0.039299772242190396,4.6490703558056734e-05,3.138733849766301e-17,3.9453673615961675e-16
397.52,"[0.06062, 0.0456, 0.398934921900294]",0.0456,0.398934921900294,4.649070351325684e-05,-0.0764487774122149,-0.06695245023560732,-4.649070351402543e-05,0.19067682432248417,0.17030269018753297,-4.649070348323637e-05,-0.031899135283586545,-0.009062634600664704,4.649070349183809e-05,-0.25525753406330354,-0.1974063309080324,-4.64907035140756e-05,0.04599152144848243,0.0400034436502719,4.649070351320701e-05,3.1725871576866e-17,4.0126923218443113e-16
397.54,"[0.06062, 0.0456, 0.398934921900294]",0.0456,0.398934921900294,4.649070346522288e-05,-0.0764487774122149,-0.06695245023560732,-4.649070346281732e-05,0.19067682432248417,0.17030269018753297,-4.649070341904585e-05,-0.031899135283586545,-0.009062634600664704,4.6490703436060056e-05,-0.25525753406330354,-0.1974063309080324,-4.6490703462661675e-05,0.04599152144848243,0.0400034436502719,4.649070346537904e-05,3.1725871576866e-17,4.0126923218443113e-16
397.56,"[0.06062, 0.0456, 0.39804861780206585]",0.0456,0.39804861780206585,4.649070341785978e-05,-0.07820927489906514,-0.06799825757405593,-4.649070341866987e-05,0.19473240187427768,0.1727187848860115,-4.649070337764065e-05,-0.035422545325702014,-0.010769313109835803,4.64907033951425e-05,-0.26495846693370956,-0.20265097719759068,-4.6490703418722864e-05,0.04710176847761629,0.04065317250526573,4.649070341780746e-05,3.1198808887122637e-17,4.71919458181838e-16
397.58,"[0.06062, 0.0456, 0.39804861780206585]",0.0456,0.39804861780206585,4.6490703369315784e-05,-0.07820927489906514,-0.06799825757405593,-4.64907033672253e-05,0.19473240187427768,0.1727187848860115,-4.6490703314629846e-05,-0.035422545325702014,-0.010769313109835803,4.649070334043196e-05,-0.26495846693370956,-0.20265097719759068,-4.649070336709016e-05,0.04710176847761629,0.04065317250526573,4.649070336945146e-05,3.1198808887122637e-17,4.71919458181838e-16
397.6,"[0.06062, 0.0456, 0.39804861780206585]",0.0456,0.39804861780206585,4.6490703319935756e-05,-0.07820927489906514,-0.0691129925321859,-4.6490703320790114e-05,0.19473240187427768,0.17529850133965616,-4.649070326916172e-05,-0.035422545325702014,-0.012625850606496819,4.6490703295772196e-05,-0.26495846693370956,-0.20829008057626136,-4.649070332084592e-05,0.04710176847761629,0.04134701615771468,4.649070331988052e-05,3.1198808887122637e-17,4.71513387699093e-16
397.62,"[0.06062, 0.0456, 0.3971347712675153]",0.0456,0.3971347712675153,4.649070326935112e-05,-0.07999480299190737,-0.0691129925321859,-4.649070326707826e-05,0.19886084530356915,0.17529850133965616,-4.649070320402e-05,-0.03904300988561392,-0.012625850606496819,4.649070323956455e-05,-0.2748547792633676,-0.20829008057626136,-4.649070326693109e-05,0.048230129386720395,0.04134701615771468,4.649070326949846e-05,3.0775536019820015e-17,4.71513387699093e-16
397.64,"[0.06062, 0.0456, 0.3971347712675153]",0.0456,0.3971347712675153,4.6490703217049015e-05,-0.07999480299190737,-0.07029769875533877,-4.6490703217909316e-05,0.19886084530356915,0.17805247161591783,-4.649070315518078e-05,-0.03904300988561392,-0.014600261541579729,4.649070319140255e-05,-0.2748547792633676,-0.21428152513089482,-4.649070321796521e-05,0.048230129386720395,0.04208529264137864,4.649070321699317e-05,3.0775536019820015e-17,5.358858175588345e-16
397.66,"[0.06062, 0.0456, 0.39619428415284197]",0.0456,0.39619428415284197,4.649070316258556e-05,-0.08180200239898949,-0.07029769875533877,-4.64907031601385e-05,0.2030545154314389,0.17805247161591783,-4.649070308507432e-05,-0.04275620970042571,-0.014600261541579729,4.649070313075682e-05,-0.284930755220018,-0.21428152513089482,-4.6490703159979926e-05,0.049374571227171635,0.04208529264137864,4.649070316274414e-05,3.1473866565811955e-17,5.358858175588345e-16
397.68,"[0.06062, 0.0456, 0.39619428415284197]",0.0456,0.39619428415284197,4.649070310701364e-05,-0.08180200239898949,-0.07154733696168038,-4.649070310789608e-05,0.2030545154314389,0.18096676795973038,-4.649070303358388e-05,-0.04275620970042571,-0.016704660909122503,4.649070308007032e-05,-0.284930755220018,-0.22062769707269336,-4.6490703107953265e-05,0.049374571227171635,0.042865260706415144,4.649070310695648e-05,3.1473866565811955e-17,6.086567281654471e-16
397.7,"[0.06062, 0.0456, 0.39619428415284197]",0.0456,0.39619428415284197,4.649070304620696e-05,-0.08180200239898949,-0.07154733696168038,-4.6490703046362674e-05,0.2030545154314389,0.18096676795973038,-4.649070296378697e-05,-0.04275620970042571,-0.016704660909122503,4.649070301688228e-05,-0.284930755220018,-0.22062769707269336,-4.6490703046372845e-05,0.049374571227171635,0.042865260706415144,4.649070304619695e-05,3.1473866565811955e-17,6.086567281654471e-16
397.72,"[0.06062, 0.0456, 0.3952280846052816]",0.0456,0.3952280846052816,4.6490702989869025e-05,-0.08362762772066382,-0.07285747383995016,-4.649070299107313e-05,0.20730587958077387,0.18403022554850512,-4.6490702904221384e-05,-0.04655779468947503,-0.0189425509777394,4.6490702961136e-05,-0.2951709747828477,-0.22732078983232018,-4.649070299115145e-05,0.05053311658027809,0.043684394651936576,4.649070298979132e-05,3.208268919185596e-17,6.443065798786789e-16
397.74,"[0.06062, 0.0456, 0.3952280846052816]",0.0456,0.3952280846052816,4.649070292592035e-05,-0.08362762772066382,-0.07285747383995016,-4.649070292607868e-05,0.20730587958077387,0.18403022554850512,-4.6490702830288065e-05,-0.04655779468947503,-0.0189425509777394,4.6490702894559374e-05,-0.2951709747828477,-0.22732078983232018,-4.649070292608875e-05,0.05053311658027809,0.043684394651936576,4.649070292590972e-05,3.208268919185596e-17,6.443065798786789e-16
397.76,"[0.06062, 0.0456, 0.39423712614713696]",0.0456,0.39423712614713696,4.6490702865285536e-05,-0.08546855107685784,-0.07405987459542243,-4.6490702866511836e-05,0.21160752713714215,0.18683063923739263,-4.6490702766114166e-05,-0.05044339136710987,-0.021059752836739352,4.6490702834562804e-05,-0.30556033534973176,-0.23355107508109801,-4.649070286659112e-05,0.051703846177880076,0.0444370949878355,4.649070286520585e-05,3.245412448225141e-17,6.605586448605488e-16
397.78,"[0.06062, 0.0456, 0.39423712614713696]",0.0456,0.39423712614713696,4.6490702802120425e-05,-0.08546855107685784,-0.07405987459542243,-4.649070280237943e-05,0.21160752713714215,0.18683063923739263,-4.6490702693632927e-05,-0.05044339136710987,-0.021059752836739352,4.649070276933965e-05,-0.30556033534973176,-0.23355107508109801,-4.6490702802396246e-05,0.051703846177880076,0.0444370949878355,4.6490702802103485e-05,3.245412448225141e-17,6.605586448605488e-16
397.8,"[0.06062, 0.0456, 0.39423712614713696]",0.0456,0.39423712614713696,4.649070273733642e-05,-0.08546855107685784,-0.07532570309393533,-4.6490702738553144e-05,0.21160752713714215,0.189786989314979,-4.64907026243734e-05,-0.05044339136710987,-0.02331797056625242,4.6490702704693984e-05,-0.30556033534973176,-0.24014644862569626,-4.64907027386321e-05,0.051703846177880076,0.04523086136071097,4.6490702737257895e-05,3.245412448225141e-17,6.453216037187418e-16
397.821,"[0.06062, 0.0456, 0.39322238673476645]",0.0456,0.39322238673476645,4.649070263701021e-05,-0.08732176446827343,-0.07532570309393533,-4.649070263803268e-05,0.21595218336360095,0.189786989314979,-4.649070251283858e-05,-0.054408609639181316,-0.02331797056625242,4.649070260273683e-05,-0.3160840688064737,-0.24014644862569626,-4.649070263809886e-05,0.05288490084210248,0.04523086136071097,4.649070263694405e-05,3.238265904971666e-17,6.453216037187418e-16
397.84,"[0.06062, 0.0456, 0.39322238673476645]",0.0456,0.39322238673476645,4.649070260284497e-05,-0.08732176446827343,-0.07665113703982902,-4.649070260405928e-05,0.21595218336360095,0.1928918773405149,-4.649070247586318e-05,-0.054408609639181316,-0.02571035164289209,4.649070256867943e-05,-0.3160840688064737,-0.2470863065475599,-4.6490702604138034e-05,0.05288490084210248,0.04606340897520065,4.649070260276652e-05,3.238265904971666e-17,6.20842974466525e-16
397.86,"[0.06062, 0.0456, 0.392184867793459]",0.0456,0.392184867793459,4.649070253458261e-05,-0.08918438102199555,-0.07665113703982902,-4.649070253474492e-05,0.22033272159061668,0.1928918773405149,-4.649070239807547e-05,-0.05844904898630701,-0.02571035164289209,4.649070249880742e-05,-0.3267277544996053,-0.2470863065475599,-4.6490702534755594e-05,0.05407448281924587,0.04606340897520065,4.649070253457213e-05,3.2356034715153226e-17,6.20842974466525e-16
397.88,"[0.06062, 0.0456, 0.392184867793459]",0.0456,0.392184867793459,4.649070246294199e-05,-0.08918438102199555,-0.07803245685290078,-4.64907024641733e-05,0.22033272159061668,0.1961375140222869,-4.649070232160787e-05,-0.05844904898630701,-0.02823197570286491,4.649070242739428e-05,-0.3267277544996053,-0.2543530626167719,-4.6490702464253037e-05,0.05407448281924587,0.04693252187022946,4.649070246286226e-05,3.2356034715153226e-17,5.983910405736518e-16
397.9,"[0.06062, 0.0456, 0.392184867793459]",0.0456,0.392184867793459,4.6490702392727914e-05,-0.08918438102199555,-0.07803245685290078,-4.649070239287358e-05,0.22033272159061668,0.1961375140222869,-4.649070224168626e-05,-0.05844904898630701,-0.02823197570286491,4.6490702355630446e-05,-0.3267277544996053,-0.2543530626167719,-4.649070239288283e-05,0.05407448281924587,0.04693252187022946,4.649070239271845e-05,3.2356034715153226e-17,5.983910405736518e-16
397.92,"[0.06062, 0.0456, 0.3911255932291486]",0.0456,0.3911255932291486,4.6490702317904385e-05,-0.09105363526633228,-0.0793037144911955,-4.649070231916432e-05,0.2247421739055954,0.1991167353439828,-4.649070216173901e-05,-0.06256030404398105,-0.030598781860040693,4.6490702280932244e-05,-0.33747732854772755,-0.26110440201256135,-4.649070231924603e-05,0.05527085658055924,0.04773308160459009,4.64907023178231e-05,3.2431410166764126e-17,6.890730928541216e-16
397.94,"[0.06062, 0.0456, 0.3911255932291486]",0.0456,0.3911255932291486,4.6490702247644486e-05,-0.09105363526633228,-0.0793037144911955,-4.649070224789927e-05,0.2247421739055954,0.1991167353439828,-4.649070208222082e-05,-0.06256030404398105,-0.030598781860040693,4.6490702209512296e-05,-0.33747732854772755,-0.26110440201256135,-4.649070224791575e-05,0.05527085658055924,0.04773308160459009,4.649070224762813e-05,3.2431410166764126e-17,6.890730928541216e-16
397.96,"[0.06062, 0.0456, 0.39004560841794234]",0.0456,0.39004560841794234,4.6490702169794447e-05,-0.09292688257186452,-0.08063085575537177,-4.6490702171051e-05,0.2291737404669079,0.20223187135874182,-4.6490701998578866e-05,-0.06673796959569755,-0.03312200719267048,4.649070213149554e-05,-0.3483190899125325,-0.26821996923330843,-4.649070217113233e-05,0.05647234915928382,0.04857060865826401,4.6490702169713104e-05,3.2495022643690466e-17,6.502241951964216e-16
397.98,"[0.06062, 0.0456, 0.39004560841794234]",0.0456,0.39004560841794234,4.6490702099486965e-05,-0.09292688257186452,-0.08063085575537177,-4.649070209969305e-05,0.2291737404669079,0.20223187135874182,-4.649070191913682e-05,-0.06673796959569755,-0.03312200719267048,4.6490702060271494e-05,-0.3483190899125325,-0.26821996923330843,-4.649070209970662e-05,0.05647234915928382,0.04857060865826401,4.649070209947429e-05,3.2495022643690466e-17,6.502241951964216e-16
398.0,"[0.06062, 0.0456, 0.39004560841794234]",0.0456,0.39004560841794234,4.6490702018425085e-05,-0.09292688257186452,-0.08201294147413625,-4.649070201968137e-05,0.2291737404669079,0.20548631462687827,-4.6490701831832556e-05,-0.06673796959569755,-0.03577621671488098,4.649070197873604e-05,-0.3483190899125325,-0.27566133191885417,-4.649070201976248e-05,0.05647234915928382,0.04944427465383188,4.6490702018344156e-05,3.2495022643690466e-17,6.085896576237022e-16
398.02,"[0.06062, 0.0456, 0.38894597917446083]",0.0456,0.38894597917446083,4.649070194623237e-05,-0.09480159788642101,-0.08345160366286826,-4.649070194640814e-05,0.23362079756521525,0.20888889424138068,-4.6490701750385575e-05,-0.07097764500037221,-0.03854272538400745,4.649070190574436e-05,-0.3592397036311835,-0.2834064864539466,-4.649070194641909e-05,0.05767735008922401,0.05035488269379924,4.649070194622094e-05,3.2665713350381947e-17,6.983029637471731e-16
398.04,"[0.06062, 0.0456, 0.38894597917446083]",0.0456,0.38894597917446083,4.6490701870247465e-05,-0.09480159788642101,-0.08345160366286826,-4.649070186744546e-05,0.23362079756521525,0.20888889424138068,-4.649070166291209e-05,-0.07097764500037221,-0.03854272538400745,4.649070183033995e-05,-0.3592397036311835,-0.2834064864539466,-4.649070186726364e-05,0.05767735008922401,0.05035488269379924,4.6490701870429184e-05,3.2665713350381947e-17,6.983029637471731e-16
398.06,"[0.06062, 0.0456, 0.3878277907000075]",0.0456,0.3878277907000075,4.6490701782421384e-05,-0.09667537388157485,-0.08493701719648289,-4.649070178360592e-05,0.23807690455087216,0.21241089989132692,-4.649070157010994e-05,-0.07527493807957154,-0.04143837515505469,4.6490701738695165e-05,-0.37022620158832453,-0.29145129642871526,-4.649070178368256e-05,0.05888431100541412,0.05129680797746582,4.649070178234409e-05,3.3154248475558144e-17,7.239433766432912e-16
398.08,"[0.06062, 0.0456, 0.3878277907000075]",0.0456,0.3878277907000075,4.649070170293476e-05,-0.09667537388157485,-0.08493701719648289,-4.649070170012638e-05,0.23807690455087216,0.21241089989132692,-4.649070147903717e-05,-0.07527493807957154,-0.04143837515505469,4.649070166201151e-05,-0.37022620158832453,-0.29145129642871526,-4.6490701699944085e-05,0.05888431100541412,0.05129680797746582,4.649070170311665e-05,3.3154248475558144e-17,7.239433766432912e-16
398.1,"[0.06062, 0.0456, 0.3878277907000075]",0.0456,0.3878277907000075,4.6490701611598826e-05,-0.09667537388157485,-0.08630267143350602,-4.649070161278349e-05,0.23807690455087216,0.21563992049120195,-4.649070138181038e-05,-0.07527493807957154,-0.0441556312845055,4.6490701566086364e-05,-0.37022620158832453,-0.29892322191560283,-4.649070161286031e-05,0.05888431100541412,0.052163650338020416,4.649070161152208e-05,3.3154248475558144e-17,8.639335032776344e-16
398.12,"[0.06062, 0.0456, 0.3866921465116061]",0.0456,0.3866921465116061,4.649070153009843e-05,-0.09854591861767577,-0.08630267143350602,-4.6490701530527954e-05,0.24253580974061953,0.21563992049120195,-4.649070129026524e-05,-0.07962546849342364,-0.0441556312845055,4.64907014832718e-05,-0.3812659811799158,-0.29892322191560283,-4.649070153055581e-05,0.060091744962464486,0.052163650338020416,4.649070153007057e-05,3.344307658586252e-17,8.639335032776344e-16
398.14,"[0.06062, 0.0456, 0.3866921465116061]",0.0456,0.3866921465116061,4.649070143055965e-05,-0.09854591861767577,-0.08772385578003053,-4.649070143204549e-05,0.24253580974061953,0.2190121449255793,-4.6490701182176256e-05,-0.07962546849342364,-0.04700141369643637,4.649070138243844e-05,-0.3812659811799158,-0.30671762427853055,-4.649070143214198e-05,0.060091744962464486,0.05306711674247876,4.6490701430463426e-05,3.344307658586252e-17,1.030173918513922e-15
398.16,"[0.06062, 0.0456, 0.38554016735296265]",0.0456,0.38554016735296265,4.6490701345807545e-05,-0.10041105282374545,-0.08772385578003053,-4.649070134616526e-05,0.246991455410039,0.2190121449255793,-4.649070108741663e-05,-0.0840248706366509,-0.04700141369643637,4.649070129744667e-05,-0.39234680219344026,-0.30671762427853055,-4.649070134618822e-05,0.06129822552103424,0.05306711674247876,4.649070134578427e-05,3.4180842761668956e-17,1.030173918513922e-15
398.18,"[0.06062, 0.0456, 0.38554016735296265]",0.0456,0.38554016735296265,4.649070124327547e-05,-0.10041105282374545,-0.08918588868168686,-4.649070124470786e-05,0.246991455410039,0.22248438016099364,-4.6490700976471486e-05,-0.0840248706366509,-0.05000016252084291,4.6490701194032834e-05,-0.39234680219344026,-0.31482749008172634,-4.6490701244800465e-05,0.06129822552103424,0.05399876057655951,4.649070124318256e-05,3.4180842761668956e-17,9.687711383264775e-16
398.2,"[0.06062, 0.0456, 0.38554016735296265]",0.0456,0.38554016735296265,4.649070116057313e-05,-0.10041105282374545,-0.08918588868168686,-4.649070116086655e-05,0.246991455410039,0.22248438016099364,-4.6490700884300505e-05,-0.0840248706366509,-0.05000016252084291,4.6490701111540986e-05,-0.39234680219344026,-0.31482749008172634,-4.649070116088543e-05,0.06129822552103424,0.05399876057655951,4.649070116055388e-05,3.4180842761668956e-17,9.687711383264775e-16
398.22,"[0.06062, 0.0456, 0.38437299008842657]",0.0456,0.38437299008842657,4.6490701055352256e-05,-0.10226870687804722,-0.0906881022077831,-4.64907010567577e-05,0.2514379819707078,0.22606065895183466,-4.649070077009779e-05,-0.0884687960880432,-0.0531209548996838,4.649070100492905e-05,-0.4034567822008046,-0.3232078122495552,-4.649070105684875e-05,0.0625023856477643,0.054957765493435964,4.649070105526098e-05,3.438764457448151e-17,8.816816548997749e-16
398.24,"[0.06062, 0.0456, 0.38437299008842657]",0.0456,0.38437299008842657,4.649070097229973e-05,-0.10226870687804722,-0.09206583074926133,-4.649070097255327e-05,0.2514379819707078,0.229330969910335,-4.649070067771143e-05,-0.0884687960880432,-0.0560420776205342,4.64907009223075e-05,-0.4034567822008046,-0.3309745702447799,-4.649070097256945e-05,0.0625023856477643,0.05583822795347677,4.6490700972283254e-05,3.438764457448151e-17,9.609798106851866e-16
398.26,"[0.06062, 0.0456, 0.38319176658104287]",0.0456,0.38319176658104287,4.649070088391558e-05,-0.10411691756499698,-0.09206583074926133,-4.649070088152404e-05,0.2558697314229048,0.229330969910335,-4.649070058242187e-05,-0.0929529156479403,-0.0560420776205342,4.6490700840840484e-05,-0.41458439073211484,-0.3309745702447799,-4.6490700881368904e-05,0.06370291646899132,0.05583822795347677,4.649070088407057e-05,3.3727835057211814e-17,9.609798106851866e-16
398.28,"[0.06062, 0.0456, 0.38319176658104287]",0.0456,0.38319176658104287,4.64907007752789e-05,-0.10411691756499698,-0.09348768479137863,-4.6490700776575126e-05,0.2558697314229048,0.23271257166697884,-4.649070046023527e-05,-0.0929529156479403,-0.059102076413627615,4.649070072057054e-05,-0.41458439073211484,-0.3390455773239442,-4.649070077665843e-05,0.06370291646899132,0.056748665638192926,4.6490700775194144e-05,3.3727835057211814e-17,9.033438648310671e-16
398.3,"[0.06062, 0.0456, 0.38319176658104287]",0.0456,0.38319176658104287,4.6490700683564586e-05,-0.10411691756499698,-0.09348768479137863,-4.6490700681117284e-05,0.2558697314229048,0.23271257166697884,-4.649070036343844e-05,-0.0929529156479403,-0.059102076413627615,4.649070064048627e-05,-0.41458439073211484,-0.3390455773239442,-4.649070068095845e-05,0.06370291646899132,0.056748665638192926,4.649070068372321e-05,3.3727835057211814e-17,9.033438648310671e-16
398.32,"[0.06062, 0.0456, 0.3819976625558026]",0.0456,0.3819976625558026,4.649070057296612e-05,-0.10595382467444818,-0.09494912885582768,-4.6490700574198504e-05,0.2602812501663442,0.23619620608527161,-4.64907002383699e-05,-0.09747292099901188,-0.06228681826563251,4.6490700517290846e-05,-0.42571844247105434,-0.34738831330848974,-4.6490700574278335e-05,0.06489856591377159,0.057686182005150216,4.649070057288633e-05,3.421189387103634e-17,7.870884246942475e-16
398.34,"[0.06062, 0.0456, 0.3819976625558026]",0.0456,0.3819976625558026,4.649070048126138e-05,-0.10595382467444818,-0.09494912885582768,-4.649070047867743e-05,0.2602812501663442,0.23619620608527161,-4.649070014273855e-05,-0.09747292099901188,-0.06228681826563251,4.649070043876911e-05,-0.42571844247105434,-0.34738831330848974,-4.649070047850985e-05,0.06489856591377159,0.057686182005150216,4.6490700481428935e-05,3.421189387103634e-17,7.870884246942475e-16
398.36,"[0.06062, 0.0456, 0.3807918564492127]",0.0456,0.3807918564492127,4.649070036943152e-05,-0.10777766750037647,-0.0964462718716541,-4.649070037062076e-05,0.26466729124294136,0.2397732519590265,-4.6490700015454094e-05,-0.10202452602589523,-0.06558634680760826,4.649070031303595e-05,-0.43684808968623967,-0.355977911530408,-4.6490700370697375e-05,0.06608813727719211,0.05864830502060428,4.649070036935404e-05,3.4075468463102024e-17,6.554594998226839e-16
398.38,"[0.06062, 0.0456, 0.3807918564492127]",0.0456,0.3807918564492127,4.649070027781791e-05,-0.10777766750037647,-0.0964462718716541,-4.64907002751368e-05,0.26466729124294136,0.2397732519590265,-4.649069992086796e-05,-0.10202452602589523,-0.06558634680760826,4.649070023587897e-05,-0.43684808968623967,-0.355977911530408,-4.6490700274963e-05,0.06608813727719211,0.05864830502060428,4.649070027799182e-05,3.4075468463102024e-17,6.554594998226839e-16
398.4,"[0.06062, 0.0456, 0.3807918564492127]",0.0456,0.3807918564492127,4.649070016465996e-05,-0.10777766750037647,-0.09780664712583409,-4.649070016582931e-05,0.26466729124294136,0.24300903727877113,-4.649069979121606e-05,-0.10202452602589523,-0.06867255201617191,4.6490700107490445e-05,-0.43684808968623967,-0.36390357483030694,-4.649070016590469e-05,0.06608813727719211,0.059523921442998576,4.649070016458369e-05,3.4075468463102024e-17,5.306893986766332e-16
398.42,"[0.06062, 0.0456, 0.3795755382463216]",0.0456,0.3795755382463216,4.6490700073163005e-05,-0.10958678128764755,-0.09780664712583409,-4.6490700070864666e-05,0.2690228160771857,0.24300903727877113,-4.649069969886131e-05,-0.10660346782913405,-0.06867255201617191,4.649070003227152e-05,-0.44796281408793354,-0.36390357483030694,-4.6490700070715025e-05,0.06727048773069468,0.059523921442998576,4.649070007331114e-05,3.435346313175489e-17,5.306893986766332e-16
398.44,"[0.06062, 0.0456, 0.3795755382463216]",0.0456,0.3795755382463216,4.649069995918967e-05,-0.10958678128764755,-0.09920787014808075,-4.649069996035045e-05,0.2690228160771857,0.24635009381591294,-4.6490699566442735e-05,-0.10660346782913405,-0.0718826001679117,4.649069990144005e-05,-0.44796281408793354,-0.37210244379851454,-4.649069996042521e-05,0.06727048773069468,0.06042737141571285,4.649069995911381e-05,3.435346313175489e-17,3.71654221861854e-16
398.46,"[0.06062, 0.0456, 0.3783499083063478]",0.0456,0.3783499083063478,4.6490699868110585e-05,-0.11137959366792716,-0.09920787014808075,-4.6490699865682975e-05,0.2733429957714999,0.24635009381591294,-4.649069947544698e-05,-0.11120550746848204,-0.0718826001679117,4.649069982799078e-05,-0.45905241827619014,-0.37210244379851454,-4.6490699865524885e-05,0.06844452680222177,0.06042737141571285,4.649069986826743e-05,3.411980065173122e-17,3.71654221861854e-16
398.48,"[0.06062, 0.0456, 0.3783499083063478]",0.0456,0.3783499083063478,4.6490699753281615e-05,-0.11137959366792716,-0.10065488138999937,-4.6490699754401745e-05,0.2733429957714999,0.24981382761043028,-4.649069934125677e-05,-0.11120550746848204,-0.07519772924055959,4.6490699695042645e-05,-0.45905241827619014,-0.38056137398234496,-4.6490699754473824e-05,0.06844452680222177,0.06136143704389784,4.649069975320853e-05,3.411980065173122e-17,4.1725181400493617e-16
398.5,"[0.06062, 0.0456, 0.3783499083063478]",0.0456,0.3783499083063478,4.6490699665345386e-05,-0.11137959366792716,-0.10065488138999937,-4.649069966568215e-05,0.2733429957714999,0.24981382761043028,-4.6490699244304023e-05,-0.11120550746848204,-0.07519772924055959,4.649069960771015e-05,-0.45905241827619014,-0.38056137398234496,-4.649069966570387e-05,0.06844452680222177,0.06136143704389784,4.649069966532318e-05,3.411980065173122e-17,4.1725181400493617e-16
398.52,"[0.06062, 0.0456, 0.3771161761780698]",0.0456,0.3771161761780698,4.649069953429129e-05,-0.11315462111886437,-0.10213378595944557,-4.6490699535694165e-05,0.2776232120059944,0.25336049743926087,-4.6490699100635736e-05,-0.1158264304699736,-0.07862564709945849,4.649069947346564e-05,-0.4701070169247874,-0.38925277510824,-4.649069953578466e-05,0.06960921484536915,0.06231779240573196,4.6490699534199674e-05,3.441877397634397e-17,3.62070382061638e-16
398.54,"[0.06062, 0.0456, 0.3771161761780698]",0.0456,0.3771161761780698,4.64906994464826e-05,-0.11315462111886437,-0.10213378595944557,-4.6490699446798003e-05,0.2776232120059944,0.25336049743926087,-4.6490699005082566e-05,-0.1158264304699736,-0.07862564709945849,4.649069938839982e-05,-0.4701070169247874,-0.38925277510824,-4.6490699446817756e-05,0.06960921484536915,0.06231779240573196,4.649069944646153e-05,3.441877397634397e-17,3.62070382061638e-16
398.56,"[0.06062, 0.0456, 0.37587555940614803]",0.0456,0.37587555940614803,4.64906993139764e-05,-0.11491046547445641,-0.1034760688826754,-4.649069931534847e-05,0.2818590575844851,0.2565645125239092,-4.649069885977323e-05,-0.12046204713036868,-0.0818290374980191,4.649069925260293e-05,-0.48111702782546595,-0.39726719723792525,-4.649069931543682e-05,0.07076356151346967,0.06318727027051796,4.6490699313886784e-05,3.482308187682513e-17,2.641627813104443e-16
398.58,"[0.06062, 0.0456, 0.37587555940614803]",0.0456,0.37587555940614803,4.649069922749682e-05,-0.11491046547445641,-0.1034760688826754,-4.6490699227880665e-05,0.2818590575844851,0.2565645125239092,-4.6490698766290385e-05,-0.12046204713036868,-0.0818290374980191,4.649069916941232e-05,-0.48111702782546595,-0.39726719723792525,-4.649069922790568e-05,0.07076356151346967,0.06318727027051796,4.64906992274719e-05,3.482308187682513e-17,2.641627813104443e-16
398.6,"[0.06062, 0.0456, 0.37587555940614803]",0.0456,0.37587555940614803,4.649069909431784e-05,-0.11491046547445641,-0.10485489238574851,-4.649069909563558e-05,0.2818590575844851,0.259862349832681,-4.649069862000238e-05,-0.12046204713036868,-0.08515206688956743,4.649069903282249e-05,-0.48111702782546595,-0.4055360243833404,-4.649069909572032e-05,0.07076356151346967,0.06408192794904506,4.649069909423196e-05,3.482308187682513e-17,1.0078550719069124e-16
398.62,"[0.06062, 0.0456, 0.3746292823295549]",0.0456,0.3746292823295549,4.649069901027369e-05,-0.1166458105089359,-0.10485489238574851,-4.649069901058429e-05,0.2860463366614565,0.259862349832681,-4.649069852939049e-05,-0.12510819265161952,-0.08515206688956743,4.6490698952367505e-05,-0.4920731628988134,-0.4055360243833404,-4.649069901060417e-05,0.07190662425155818,0.06408192794904506,4.649069901025334e-05,3.5542074681264606e-17,1.0078550719069124e-16
398.64,"[0.06062, 0.0456, 0.3746292823295549]",0.0456,0.3746292823295549,4.6490698876452665e-05,-0.1166458105089359,-0.10626651213963391,-4.649069887772845e-05,0.2860463366614565,0.26324566998486704,-4.64906983822236e-05,-0.12510819265161952,-0.08858328635717129,4.649069881481112e-05,-0.4920731628988134,-0.41403278472436417,-4.6490698877810926e-05,0.07190662425155818,0.0649993350946647,4.64906988763698e-05,3.5542074681264606e-17,-7.265144293704466e-17
398.66,"[0.06062, 0.0456, 0.37337857487330006]",0.0456,0.37337857487330006,4.649069879428477e-05,-0.11835941861159667,-0.10626651213963391,-4.649069879455052e-05,0.2901810646779754,0.26324566998486704,-4.649069829377571e-05,-0.129760727136986,-0.08858328635717129,4.6490698736388394e-05,-0.5029664192617518,-0.41403278472436417,-4.649069879456732e-05,0.07303750681651659,0.0649993350946647,4.649069879426716e-05,3.6255294209539377e-17,-7.265144293704466e-17
398.68,"[0.06062, 0.0456, 0.37337857487330006]",0.0456,0.37337857487330006,4.649069865941422e-05,-0.11835941861159667,-0.10770711748371609,-4.649069866066967e-05,0.2901810646779754,0.2667052385113,-4.649069814524855e-05,-0.129760727136986,-0.09211370326126478,4.649069859742869e-05,-0.5029664192617518,-0.422734352283096,-4.6490698660750615e-05,0.07303750681651659,0.0659370354685925,4.6490698659332594e-05,3.6255294209539377e-17,-2.299494901210789e-16
398.7,"[0.06062, 0.0456, 0.37337857487330006]",0.0456,0.37337857487330006,4.649069857854974e-05,-0.11835941861159667,-0.10770711748371609,-4.649069857879093e-05,0.2901810646779754,0.2667052385113,-4.649069805830151e-05,-0.129760727136986,-0.09211370326126478,4.649069852042234e-05,-0.5029664192617518,-0.422734352283096,-4.6490698578806215e-05,0.07303750681651659,0.0659370354685925,4.649069857853387e-05,3.6255294209539377e-17,-2.299494901210789e-16
398.72,"[0.06062, 0.0456, 0.3721246713346432]",0.0456,0.3721246713346432,4.649069844212236e-05,-0.12005012756562088,-0.10917278771120341,-4.6490698443370275e-05,0.29425946802831543,0.2702310633020467,-4.649069790784821e-05,-0.13441553547932134,-0.09573578973305634,4.649069837954952e-05,-0.5137880704267699,-0.43161942118345165,-4.649069844345101e-05,0.07415535783332165,0.06689251205791694,4.6490698442041504e-05,3.551969009412228e-17,-3.6193320899048016e-16
398.74,"[0.06062, 0.0456, 0.3721246713346432]",0.0456,0.3721246713346432,4.64906983620768e-05,-0.12005012756562088,-0.10917278771120341,-4.64906983623064e-05,0.29425946802831543,0.2702310633020467,-4.6490697821875896e-05,-0.13441553547932134,-0.09573578973305634,4.64906983034778e-05,-0.5137880704267699,-0.43161942118345165,-4.6490698362321074e-05,0.07415535783332165,0.06689251205791694,4.649069836206157e-05,3.551969009412228e-17,-3.6193320899048016e-16
398.761,"[0.06062, 0.0456, 0.3708688091649913]",0.0456,0.3708688091649913,4.649069819945235e-05,-0.12171684744017373,-0.11050187749321423,-4.6490698197355376e-05,0.29827798347334505,0.27341413817930266,-4.6490697658122927e-05,-0.13906852717094592,-0.09910803330227322,4.6490698162444216e-05,-0.5245296576948669,-0.4397958650190026,-4.649069819721936e-05,0.0752593693932177,0.06776037430221343,4.649069819958871e-05,3.54272123336473e-17,-4.683642687690417e-16
398.78,"[0.06062, 0.0456, 0.3708688091649913]",0.0456,0.3708688091649913,4.649069814254684e-05,-0.12171684744017373,-0.11050187749321423,-4.649069814286937e-05,0.29827798347334505,0.27341413817930266,-4.649069758239131e-05,-0.13906852717094592,-0.09910803330227322,4.649069808353691e-05,-0.5245296576948669,-0.4397958650190026,-4.6490698142889904e-05,0.0752593693932177,0.06776037430221343,4.649069814252596e-05,3.54272123336473e-17,-4.683642687690417e-16
398.8,"[0.06062, 0.0456, 0.3708688091649913]",0.0456,0.3708688091649913,4.649069800286314e-05,-0.12171684744017373,-0.11186085963381136,-4.649069800407928e-05,0.29827798347334505,0.27667369249911156,-4.6490697428099746e-05,-0.13906852717094592,-0.1025855068674966,4.649069793917917e-05,-0.5245296576948669,-0.44818748497852035,-4.649069800415736e-05,0.0752593693932177,0.06864911174106544,4.649069800278395e-05,3.54272123336473e-17,-6.139638970489365e-16
398.82,"[0.06062, 0.0456, 0.3696122277486838]",0.0456,0.3696122277486838,4.6490697923864714e-05,-0.12335855760172315,-0.11186085963381136,-4.6490697924138625e-05,0.3022332573115003,0.27667369249911156,-4.6490697343972826e-05,-0.1437156360633871,-0.1025855068674966,4.649069786485202e-05,-0.535182981792393,-0.44818748497852035,-4.6490697924155735e-05,0.07634877569777636,0.06864911174106544,4.649069792384618e-05,3.5610399675328304e-17,-6.139638970489365e-16
398.84,"[0.06062, 0.0456, 0.3696122277486838]",0.0456,0.3696122277486838,4.649069778312534e-05,-0.12335855760172315,-0.11324600929962486,-4.649069778431286e-05,0.3022332573115003,0.28000082530363263,-4.6490697188317756e-05,-0.1437156360633871,-0.10615807930799354,4.6490697719090976e-05,-0.535182981792393,-0.45676982393384685,-4.649069778438903e-05,0.07634877569777636,0.06955629632425421,4.6490697783047506e-05,3.5610399675328304e-17,-7.58599200231009e-16
398.86,"[0.06062, 0.0456, 0.36835616717986963]",0.0456,0.36835616717986963,4.64906977056672e-05,-0.1249743038476763,-0.11324600929962486,-4.649069770591236e-05,0.30612214431343837,0.28000082530363263,-4.649069710599718e-05,-0.14835282010412856,-0.10615807930799354,4.649069764646977e-05,-0.5457400947915458,-0.45676982393384685,-4.6490697705927284e-05,0.07742285175118145,0.06955629632425421,4.6490697705650616e-05,3.5943815275257243e-17,-7.58599200231009e-16
398.88,"[0.06062, 0.0456, 0.36835616717986963]",0.0456,0.36835616717986963,4.649069756345313e-05,-0.1249743038476763,-0.11465348060955284,-4.6490697564626535e-05,0.30612214431343837,0.283385796360613,-4.649069694850475e-05,-0.14835282010412856,-0.10981731834478425,4.649069749887592e-05,-0.5457400947915458,-0.4655205756827463,-4.649069756470182e-05,0.07742285175118145,0.07047943400377846,4.6490697563376254e-05,3.5943815275257243e-17,-8.852149767032633e-16
398.9,"[0.06062, 0.0456, 0.36835616717986963]",0.0456,0.36835616717986963,4.649069748705287e-05,-0.1249743038476763,-0.11465348060955284,-4.649069748728286e-05,0.30612214431343837,0.283385796360613,-4.6490696867451775e-05,-0.14835282010412856,-0.10981731834478425,4.649069742746447e-05,-0.5457400947915458,-0.4655205756827463,-4.6490697487297496e-05,0.07742285175118145,0.07047943400377846,4.6490697487036976e-05,3.5943815275257243e-17,-8.852149767032633e-16
398.92,"[0.06062, 0.0456, 0.3671018670386841]",0.0456,0.3671018670386841,4.64906973429297e-05,-0.12656319566298616,-0.11593980812188595,-4.6490697344097117e-05,0.30994170642226776,0.28646972188183856,-4.6490696707646894e-05,-0.15297606107641043,-0.11322138731186043,4.649069727760939e-05,-0.5561932923451484,-0.47359919419654123,-4.649069734417187e-05,0.07848091210165237,0.07132409518796982,4.649069734285316e-05,3.662132587876986e-17,-7.212395253622716e-16
398.94,"[0.06062, 0.0456, 0.3671018670386841]",0.0456,0.3671018670386841,4.649069726360251e-05,-0.12656319566298616,-0.11593980812188595,-4.649069726390781e-05,0.30994170642226776,0.28646972188183856,-4.6490696623842545e-05,-0.15297606107641043,-0.11322138731186043,4.649069720360824e-05,-0.5561932923451484,-0.47359919419654123,-4.649069726392686e-05,0.07848091210165237,0.07132409518796982,4.649069726358181e-05,3.662132587876986e-17,-7.212395253622716e-16
398.96,"[0.06062, 0.0456, 0.36585056516793324]",0.0456,0.36585056516793324,4.649069711897075e-05,-0.1281244035982824,-0.11724432985833613,-4.649069712010663e-05,0.3136892112175171,0.2895952822152904,-4.649069646374747e-05,-0.15758136436699788,-0.11673349898183241,4.6490697053740524e-05,-0.5665351062582443,-0.4818644232730547,-4.649069712017979e-05,0.07952230963169404,0.07218245163529628,4.649069711889617e-05,3.6438762076149647e-17,-8.710898284869231e-16
398.98,"[0.06062, 0.0456, 0.36585056516793324]",0.0456,0.36585056516793324,4.6490697044157254e-05,-0.1281244035982824,-0.11724432985833613,-4.64906970444249e-05,0.3136892112175171,0.2895952822152904,-4.6490696385081826e-05,-0.15758136436699788,-0.11673349898183241,4.64906969845646e-05,-0.5665351062582443,-0.4818644232730547,-4.649069704444145e-05,0.07952230963169404,0.07218245163529628,4.649069704413907e-05,3.6438762076149647e-17,-8.710898284869231e-16
399.0,"[0.06062, 0.0456, 0.36585056516793324]",0.0456,0.36585056516793324,4.649069689880178e-05,-0.1281244035982824,-0.11857149707056885,-4.649069689990812e-05,0.3136892112175171,0.29277818776532216,-4.649069622368706e-05,-0.15758136436699788,-0.12033363433901531,4.649069683327434e-05,-0.5665351062582443,-0.49030036436775076,-4.6490696899979385e-05,0.07952230963169404,0.07305692206518881,4.649069689872962e-05,3.6438762076149647e-17,-1.0271637547193746e-15
399.02,"[0.06062, 0.0456, 0.3646034964514918]",0.0456,0.3646034964514918,4.649069682565154e-05,-0.12965715676632897,-0.1199274468616479,-4.6490696825891e-05,0.31736213013778214,0.2960374441246555,-4.6490696146948745e-05,-0.16216475878575312,-0.1240104189261282,4.6490696765911776e-05,-0.576758297412047,-0.4989075002703,-4.649069682590626e-05,0.08054643439580221,0.07395109218769426,4.6490696825635514e-05,3.6310820532646074e-17,-8.871287630196639e-16
399.04,"[0.06062, 0.0456, 0.3646034964514918]",0.0456,0.3646034964514918,4.649069673444486e-05,-0.12965715676632897,-0.1199274468616479,-4.649069673237548e-05,0.31736213013778214,0.2960374441246555,-4.649069606372065e-05,-0.16216475878575312,-0.1240104189261282,4.6490696699905135e-05,-0.576758297412047,-0.4989075002703,-4.6490696732240875e-05,0.08054643439580221,0.07395109218769426,4.6490696734578876e-05,3.6310820532646074e-17,-8.871287630196639e-16
399.06,"[0.06062, 0.0456, 0.36336189159562265]",0.0456,0.36336189159562265,4.649069659567362e-05,-0.13116074045214451,-0.12129672791392307,-4.649069659669049e-05,0.3209581364542537,0.29932856758811865,-4.649069588892418e-05,-0.16672229645976444,-0.12776445635961747,4.6490696524825606e-05,-0.5868558490496847,-0.5076449457557316,-4.649069659675604e-05,0.08155271250335801,0.07485545432016337,4.649069659560714e-05,3.645855664341129e-17,-8.984739380420232e-16
399.08,"[0.06062, 0.0456, 0.36336189159562265]",0.0456,0.36336189159562265,4.649069649766089e-05,-0.13116074045214451,-0.12129672791392307,-4.649069649565211e-05,0.3209581364542537,0.29932856758811865,-4.6490695806397326e-05,-0.16672229645976444,-0.12776445635961747,4.649069646364765e-05,-0.5868558490496847,-0.5076449457557316,-4.649069649552164e-05,0.08155271250335801,0.07485545432016337,4.649069649779121e-05,3.645855664341129e-17,-8.984739380420232e-16
399.1,"[0.06062, 0.0456, 0.36336189159562265]",0.0456,0.36336189159562265,4.649069635881092e-05,-0.13116074045214451,-0.12253518046176405,-4.649069635980045e-05,0.3209581364542537,0.30228979150285296,-4.649069563092364e-05,-0.16672229645976444,-0.1312548767843012,4.6490696287833404e-05,-0.5868558490496847,-0.5156758981073597,-4.6490696359864286e-05,0.08155271250335801,0.075674982602162,4.6490696358746406e-05,3.645855664341129e-17,-9.86955286325632e-16
399.12,"[0.06062, 0.0456, 0.3621269759144176]",0.0456,0.3621269759144176,4.649069625980296e-05,-0.13263449383091586,-0.12253518046176405,-4.6490696258101464e-05,0.3244751029850504,0.30228979150285296,-4.6490695547898313e-05,-0.17125005282369818,-0.1312548767843012,4.6490696225721495e-05,-0.596820960427899,-0.5156758981073597,-4.6490696257991126e-05,0.08254060504369058,0.075674982602162,4.649069625991321e-05,3.67521831541688e-17,-9.86955286325632e-16
399.14,"[0.06062, 0.0456, 0.3621269759144176]",0.0456,0.3621269759144176,4.649069612144281e-05,-0.13263449383091586,-0.12379178989754978,-4.6490696122402584e-05,0.3244751029850504,0.30529403589328896,-4.6490695372957414e-05,-0.17125005282369818,-0.13483253950687596,4.649069605098206e-05,-0.596820960427899,-0.5238639118276631,-4.649069612246487e-05,0.08254060504369058,0.07650776430858812,4.649069612138058e-05,3.67521831541688e-17,-1.177077643585991e-15
399.16,"[0.06062, 0.0456, 0.36089996812056097]",0.0456,0.36089996812056097,4.649069602629708e-05,-0.13407780778686879,-0.12379178989754978,-4.6490696024533185e-05,0.32791109953848585,0.30529403589328896,-4.6490695295532e-05,-0.17574412672695355,-0.13483253950687596,4.649069599459985e-05,-0.6066470408343296,-0.5238639118276631,-4.6490696024418314e-05,0.08350960704966238,0.07650776430858812,4.6490696026411254e-05,3.6965522466547883e-17,-1.177077643585991e-15
399.18,"[0.06062, 0.0456, 0.36089996812056097]",0.0456,0.36089996812056097,4.6490695889873595e-05,-0.13407780778686879,-0.12506335395561588,-4.649069589078341e-05,0.32791109953848585,0.3083337246605413,-4.649069512127013e-05,-0.17574412672695355,-0.138485814092976,4.649069581989763e-05,-0.6066470408343296,-0.532184193854068,-4.649069589084229e-05,0.08350960704966238,0.07735163123204525,4.649069588981458e-05,3.6965522466547883e-17,-1.3944833744554642e-15
399.2,"[0.06062, 0.0456, 0.36089996812056097]",0.0456,0.36089996812056097,4.649069579760876e-05,-0.13407780778686879,-0.12506335395561588,-4.6490695795808086e-05,0.32791109953848585,0.3083337246605413,-4.6490695048058744e-05,-0.17574412672695355,-0.138485814092976,4.649069576777715e-05,-0.6066470408343296,-0.532184193854068,-4.6490695795690714e-05,0.08350960704966238,0.07735163123204525,4.649069579772538e-05,3.6965522466547883e-17,-1.3944833744554642e-15
399.22,"[0.06062, 0.0456, 0.35968207912260675]",0.0456,0.35968207912260675,4.649069566212044e-05,-0.13549012282550496,-0.12634661077669415,-4.649069566299844e-05,0.3312643900720682,0.3114006536870667,-4.6490694873500974e-05,-0.1802006406771068,-0.1422051085237305,4.6490695592267966e-05,-0.6163277039661854,-0.5406147398413059,-4.649069566305515e-05,0.08445924649563832,0.07820439767869855,4.649069566206346e-05,3.7419938734179793e-17,-1.6027112200616019e-15
399.24,"[0.06062, 0.0456, 0.35968207912260675]",0.0456,0.35968207912260675,4.649069557175435e-05,-0.13549012282550496,-0.12634661077669415,-4.649069556993925e-05,0.3312643900720682,0.3114006536870667,-4.6490694803387774e-05,-0.1802006406771068,-0.1422051085237305,4.649069554336077e-05,-0.6163277039661854,-0.5406147398413059,-4.649069556982132e-05,0.08445924649563832,0.07820439767869855,4.649069557187216e-05,3.7419938734179793e-17,-1.6027112200616019e-15
399.26,"[0.06062, 0.0456, 0.3584745108299584]",0.0456,0.3584745108299584,4.6490695436416004e-05,-0.13687092707104123,-0.12763823074420044,-4.649069543727336e-05,0.33453342955312665,0.31448614883497494,-4.6490694627767514e-05,-0.18461574123797922,-0.1459820644578858,4.649069536638892e-05,-0.6258567626627871,-0.5491351673544751,-4.649069543732882e-05,0.08538908332530425,0.07906384717056207,4.649069543636035e-05,3.775063731207981e-17,-1.787420012521119e-15
399.28,"[0.06062, 0.0456, 0.3584745108299584]",0.0456,0.3584745108299584,4.649069534723119e-05,-0.13687092707104123,-0.12763823074420044,-4.649069534541865e-05,0.33453342955312665,0.31448614883497494,-4.6490694559970224e-05,-0.18461574123797922,-0.1459820644578858,4.649069531996491e-05,-0.6258567626627871,-0.5491351673544751,-4.649069534530064e-05,0.08538908332530425,0.07906384717056207,4.649069534734864e-05,3.775063731207981e-17,-1.787420012521119e-15
399.3,"[0.06062, 0.0456, 0.3584745108299584]",0.0456,0.3584745108299584,4.6490695211471606e-05,-0.13687092707104123,-0.1288166369254338,-4.6490695212314864e-05,0.33453342955312665,0.31729112606023413,-4.6490694382720706e-05,-0.18461574123797922,-0.14948916414541105,4.649069514104377e-05,-0.6258567626627871,-0.5569908942784305,-4.649069521236908e-05,0.08538908332530425,0.07984898439715493,4.6490695211416786e-05,3.775063731207981e-17,-1.6307509361087016e-15
399.32,"[0.06062, 0.0456, 0.35727845496672933]",0.0456,0.35727845496672933,4.649069513135073e-05,-0.13821975434050088,-0.1288166369254338,-4.649069513170309e-05,0.3377168605065382,0.31729112606023413,-4.649069429760665e-05,-0.18898559959951275,-0.14948916414541105,4.649069506486966e-05,-0.6352282239817845,-0.5569908942784305,-4.649069513172572e-05,0.08629870850452245,0.07984898439715493,4.6490695131327707e-05,3.797505122557173e-17,-1.6307509361087016e-15
399.34,"[0.06062, 0.0456, 0.35727845496672933]",0.0456,0.35727845496672933,4.6490694964033895e-05,-0.13821975434050088,-0.13000611388998692,-4.649069496505902e-05,0.3377168605065382,0.3201184663603917,-4.649069411153707e-05,-0.18898559959951275,-0.15307292652771698,4.649069489055651e-05,-0.6352282239817845,-0.5649697833146019,-4.6490694965125226e-05,0.08629870850452245,0.08064271893461715,4.649069496396705e-05,3.797505122557173e-17,-1.7157174834184477e-15
399.36,"[0.06062, 0.0456, 0.35609509189565497]",0.0456,0.35609509189565497,4.649069488748943e-05,-0.13953618228566042,-0.13000611388998692,-4.6490694887802997e-05,0.34081350923500453,0.3201184663603917,-4.6490694033499566e-05,-0.19330641233538853,-0.15307292652771698,4.649069482244422e-05,-0.6444362846065393,-0.5649697833146019,-4.649069488782269e-05,0.08718774309422123,0.08064271893461715,4.6490694887468825e-05,3.767856982267097e-17,-1.7157174834184477e-15
399.38,"[0.06062, 0.0456, 0.35609509189565497]",0.0456,0.35609509189565497,4.649069472293311e-05,-0.13953618228566042,-0.1311933939755108,-4.649069472389968e-05,0.34081350923500453,0.3229324159758353,-4.649069385027239e-05,-0.19330641233538853,-0.15671645835637285,4.649069465069215e-05,-0.6444362846065393,-0.5730134570050268,-4.649069472396193e-05,0.08718774309422123,0.08143656487367894,4.6490694722869825e-05,3.767856982267097e-17,-2.177800641721471e-15
399.4,"[0.06062, 0.0456, 0.35609509189565497]",0.0456,0.35609509189565497,4.6490694638376676e-05,-0.13953618228566042,-0.1311933939755108,-4.649069463679839e-05,0.34081350923500453,0.3229324159758353,-4.649069379301775e-05,-0.19330641233538853,-0.15671645835637285,4.6490694615727435e-05,-0.6444362846065393,-0.5730134570050268,-4.6490694636695634e-05,0.08718774309422123,0.08143656487367894,4.649069463847882e-05,3.767856982267097e-17,-2.177800641721471e-15
399.42,"[0.06062, 0.0456, 0.3549255894532172]",0.0456,0.3549255894532172,4.6490694508825663e-05,-0.14081983059396697,-0.13239826228884463,-4.649069450955632e-05,0.34382238169776475,0.32579090243327974,-4.649069362049776e-05,-0.19757440236304794,-0.1604110420027702,4.649069444092035e-05,-0.653475326570366,-0.5811623832037204,-4.6490694509603606e-05,0.08805583733822347,0.08224257933279946,4.6490694508777904e-05,3.7873836243746785e-17,-2.1959467537323777e-15
399.44,"[0.06062, 0.0456, 0.3549255894532172]",0.0456,0.3549255894532172,4.649069444216937e-05,-0.14081983059396697,-0.13239826228884463,-4.649069444241027e-05,0.34382238169776475,0.32579090243327974,-4.6490693550198965e-05,-0.19757440236304794,-0.1604110420027702,4.649069437844869e-05,-0.653475326570366,-0.5811623832037204,-4.649069444242497e-05,0.08805583733822347,0.08224257933279946,4.649069444215276e-05,3.7873836243746785e-17,-2.1959467537323777e-15
399.46,"[0.06062, 0.0456, 0.35377110179713117]",0.0456,0.35377110179713117,4.6490694277371884e-05,-0.1420703592395724,-0.13348447698861915,-4.649069427828661e-05,0.34674265903446044,0.3283522390977211,-4.6490693365751774e-05,-0.20178582011939208,-0.16383577161010318,4.6490694205117914e-05,-0.6623399132818331,-0.5886346629008329,-4.649069427834534e-05,0.08890266976091037,0.08297078160485824,4.649069427731229e-05,3.763154498152818e-17,-2.303137370356284e-15
399.48,"[0.06062, 0.0456, 0.35377110179713117]",0.0456,0.35377110179713117,4.6490694125151424e-05,-0.1420703592395724,-0.13348447698861915,-4.6490694125922976e-05,0.34674265903446044,0.3283522390977211,-4.6490693200350586e-05,-0.20178582011939208,-0.16383577161010318,4.649069405343157e-05,-0.6623399132818331,-0.5886346629008329,-4.649069412597254e-05,0.08890266976091037,0.08297078160485824,4.649069412510122e-05,3.763154498152818e-17,-2.303137370356284e-15
399.5,"[0.06062, 0.0456, 0.35377110179713117]",0.0456,0.35377110179713117,4.649069404286583e-05,-0.1420703592395724,-0.1345806217356082,-4.649069404373034e-05,0.34674265903446044,0.3309331732023568,-4.64906931119542e-05,-0.20178582011939208,-0.1673250591271544,4.649069397207045e-05,-0.6623399132818331,-0.5962104754944735,-4.649069404378607e-05,0.08890266976091037,0.08370658674494824,4.649069404280941e-05,3.763154498152818e-17,-2.517869607502238e-15
399.52,"[0.06062, 0.0456, 0.3526327682673303]",0.0456,0.3526327682673303,4.6490693976991646e-05,-0.1432874667757938,-0.1345806217356082,-4.649069397724465e-05,0.3495736927221197,0.3309331732023568,-4.649069304616386e-05,-0.20593694496397957,-0.1673250591271544,4.649069391523706e-05,-0.6710247858342273,-0.5962104754944735,-4.649069397726097e-05,0.08972794626968791,0.08370658674494824,4.64906939769754e-05,3.783360767982914e-17,-2.517869607502238e-15
399.54,"[0.06062, 0.0456, 0.3526327682673303]",0.0456,0.3526327682673303,4.649069381702559e-05,-0.1432874667757938,-0.13568403663469095,-4.649069381784551e-05,0.3495736927221197,0.33352760247655927,-4.649069286727199e-05,-0.20593694496397957,-0.17086713609988402,4.649069374727709e-05,-0.6710247858342273,-0.6038666279389393,-4.649069381789851e-05,0.08972794626968791,0.08444813929087476,4.649069381697238e-05,3.783360767982914e-17,-2.7577785038976157e-15
399.56,"[0.06062, 0.0456, 0.3515117122615759]",0.0456,0.3515117122615759,4.649069375562613e-05,-0.1444708886605779,-0.13680162261476875,-4.649069375584811e-05,0.352314999354865,0.3361562829356211,-4.649069280636641e-05,-0.21002408681998408,-0.17445463215266588,4.649069369493297e-05,-0.6795248595814687,-0.6116112675283847,-4.649069375586251e-05,0.09053139925738,0.0851995653741622,4.649069375561157e-05,3.8092684978466276e-17,-2.6606466047056166e-15
399.58,"[0.06062, 0.0456, 0.3515117122615759]",0.0456,0.3515117122615759,4.6490693670908254e-05,-0.1444708886605779,-0.13680162261476875,-4.649069366957031e-05,0.352314999354865,0.3361562829356211,-4.649069273938883e-05,-0.21002408681998408,-0.17445463215266588,4.649069364580364e-05,-0.6795248595814687,-0.6116112675283847,-4.649069366948293e-05,0.09053139925738,0.0851995653741622,4.64906936709946e-05,3.8092684978466276e-17,-2.6606466047056166e-15
399.6,"[0.06062, 0.0456, 0.3515117122615759]",0.0456,0.3515117122615759,4.64906935262361e-05,-0.1444708886605779,-0.13780761270994116,-4.649069352697326e-05,0.352314999354865,0.3385064912284341,-4.6490692547383336e-05,-0.21002408681998408,-0.177778738061213,4.649069345207316e-05,-0.6795248595814687,-0.6187090071608287,-4.649069352702065e-05,0.09053139925738,0.08587753872350516,4.6490693526187485e-05,3.8092684978466276e-17,-2.73722459044665e-15
399.62,"[0.06062, 0.0456, 0.35040904012679885]",0.0456,0.35040904012679885,4.649069342968939e-05,-0.1456203956069249,-0.13780761270994116,-4.6490693428621615e-05,0.35496625503796314,0.3385064912284341,-4.6490692476659365e-05,-0.21404358806150267,-0.177778738061213,4.649069340319535e-05,-0.6878352209622316,-0.6187090071608287,-4.6490693428552274e-05,0.09131278669989427,0.08587753872350516,4.649069342975858e-05,3.805078342283195e-17,-2.73722459044665e-15
399.64,"[0.06062, 0.0456, 0.35040904012679885]",0.0456,0.35040904012679885,4.649069328757236e-05,-0.1456203956069249,-0.1388206271024032,-4.6490693288272315e-05,0.35496625503796314,0.3408679315045577,-4.6490692289756456e-05,-0.21404358806150267,-0.1811594180115035,4.6490693215547564e-05,-0.6878352209622316,-0.6258917567300418,-4.649069328831767e-05,0.09131278669989427,0.08656109882228956,4.649069328752715e-05,3.805078342283195e-17,-2.963720848307486e-15
399.66,"[0.06062, 0.0456, 0.34932584006726897]",0.0456,0.34932584006726897,4.64906931985235e-05,-0.14673579195070313,-0.1388206271024032,-4.649069319741665e-05,0.3575272893902137,0.3408679315045577,-4.649069222843139e-05,-0.21799182565402642,-0.1811594180115035,4.6490693175832133e-05,-0.6959511245537516,-0.6258917567300418,-4.649069319734488e-05,0.09207189124480437,0.08656109882228956,4.649069319859516e-05,3.8452863778412585e-17,-2.963720848307486e-15
399.68,"[0.06062, 0.0456, 0.34932584006726897]",0.0456,0.34932584006726897,4.6490693061850515e-05,-0.14673579195070313,-0.13984780619661816,-4.649069306249817e-05,0.3575272893902137,0.34326246653077574,-4.6490692045979974e-05,-0.21799182565402642,-0.18458745448184086,4.6490692991726785e-05,-0.6959511245537516,-0.6331656889072491,-4.649069306253996e-05,0.09207189124480437,0.08725449990247507,4.6490693061808393e-05,3.8452863778412585e-17,-2.9090585019644974e-15
399.7,"[0.06062, 0.0456, 0.34932584006726897]",0.0456,0.34932584006726897,4.649069299387131e-05,-0.14673579195070313,-0.14078090392290013,-4.6490692994134533e-05,0.3575272893902137,0.3454263664232493,-4.6490691975688464e-05,-0.21799182565402642,-0.18776784311239195,4.649069292946206e-05,-0.6959511245537516,-0.6398615525239534,-4.6490692994152e-05,0.09207189124480437,0.08788549515205488,4.649069299385453e-05,3.8452863778412585e-17,-2.697724676526723e-15
399.72,"[0.06062, 0.0456, 0.3482631810706688]",0.0456,0.3482631810706688,4.649069289598317e-05,-0.14781691402884525,-0.14078090392290013,-4.649069289508807e-05,0.3599980791513801,0.3454263664232493,-4.649069189421573e-05,-0.22186521355298783,-0.18776784311239195,4.649069286607838e-05,-0.70386799033675,-0.6398615525239534,-4.649069289502993e-05,0.0928085192868595,0.08788549515205488,4.649069289604083e-05,3.847867333414641e-17,-2.697724676526723e-15
399.74,"[0.06062, 0.0456, 0.3482631810706688]",0.0456,0.3482631810706688,4.649069274346185e-05,-0.14781691402884525,-0.14078090392290013,-4.6490692744160054e-05,0.3599980791513801,0.3454263664232493,-4.649069169556013e-05,-0.22186521355298783,-0.18776784311239195,4.649069266759045e-05,-0.70386799033675,-0.6398615525239534,-4.649069274420559e-05,0.0928085192868595,0.08788549515205488,4.649069274341639e-05,3.847867333414641e-17,-2.697724676526723e-15
399.76,"[0.06062, 0.0456, 0.34722211185313145]",0.0456,0.34722211185313145,4.649069257176916e-05,-0.14886362856157784,-0.1417193941877908,-4.6490692572495525e-05,0.36237874139440607,0.3475954414853925,-4.649069151422088e-05,-0.22566020536329187,-0.19100808896795823,4.6490692501969875e-05,-0.7115814011530951,-0.6466425908717782,-4.649069257254239e-05,0.0935225000268524,0.08852106325058008,4.649069257172158e-05,3.8408252599960804e-17,-2.852826385975051e-15
399.78,"[0.06062, 0.0456, 0.34722211185313145]",0.0456,0.34722211185313145,4.6490692513231354e-05,-0.14886362856157784,-0.14266364653063526,-4.649069251344624e-05,0.36237874139440607,0.34977297840375693,-4.649069145858018e-05,-0.22566020536329187,-0.19429321188670762,4.649069245501507e-05,-0.7115814011530951,-0.6534893823880744,-4.649069251346014e-05,0.0935225000268524,0.08916117348751158,4.649069251321667e-05,3.8408252599960804e-17,-2.974718409387667e-15
399.8,"[0.06062, 0.0456, 0.34722211185313145]",0.0456,0.34722211185313145,4.6490692434440193e-05,-0.14886362856157784,-0.14266364653063526,-4.649069243346807e-05,0.36237874139440607,0.34977297840375693,-4.649069140003551e-05,-0.22566020536329187,-0.19429321188670762,4.649069241369042e-05,-0.7115814011530951,-0.6534893823880744,-4.649069243340419e-05,0.0935225000268524,0.08916117348751158,4.6490692434502095e-05,3.8408252599960804e-17,-2.974718409387667e-15
399.82,"[0.06062, 0.0456, 0.3462036598242849]",0.0456,0.3462036598242849,4.64906922963009e-05,-0.1498758310330462,-0.1436080267833289,-4.649069229688957e-05,0.3646695263454514,0.3519445638104901,-4.649069121390606e-05,-0.22937329726058567,-0.1976099692670452,4.6490692225581676e-05,-0.719087100338135,-0.6603695691408074,-4.649069229692732e-05,0.09421368451076545,0.08980208654270354,4.649069229626179e-05,3.8266717684663257e-17,-3.2326406478635886e-15
399.84,"[0.06062, 0.0456, 0.3462036598242849]",0.0456,0.3462036598242849,4.6490692211886766e-05,-0.1498758310330462,-0.1436080267833289,-4.6490692210948e-05,0.3646695263454514,0.3519445638104901,-4.649069115985149e-05,-0.22937329726058567,-0.1976099692670452,4.6490692192958154e-05,-0.719087100338135,-0.6603695691408074,-4.649069221088681e-05,0.09421368451076545,0.08980208654270354,4.649069221194711e-05,3.8266717684663257e-17,-3.2326406478635886e-15
399.86,"[0.06062, 0.0456, 0.3452088300733225]",0.0456,0.3452088300733225,4.64906920779061e-05,-0.15085344406550683,-0.14446477528053125,-4.6490692078458477e-05,0.36687080981837145,0.3539043579520246,-4.649069097821391e-05,-0.23300103117281137,-0.20067829148697267,4.6490692009061725e-05,-0.7263809895102424,-0.6666897472627549,-4.649069207849395e-05,0.09488194464665332,0.09038451645333996,4.6490692077869775e-05,3.8115816773689113e-17,-3.2057411926815655e-15
399.88,"[0.06062, 0.0456, 0.3452088300733225]",0.0456,0.3452088300733225,4.6490691993227175e-05,-0.15085344406550683,-0.14446477528053125,-4.649069199242994e-05,0.36687080981837145,0.3539043579520246,-4.649069092215724e-05,-0.23300103117281137,-0.20067829148697267,4.64906919735935e-05,-0.7263809895102424,-0.6666897472627549,-4.6490691992378076e-05,0.09488194464665332,0.09038451645333996,4.649069199327916e-05,3.8115816773689113e-17,-3.2057411926815655e-15
399.9,"[0.06062, 0.0456, 0.3452088300733225]",0.0456,0.3452088300733225,4.6490691862640784e-05,-0.15085344406550683,-0.14532695985281488,-4.6490691863159974e-05,0.36687080981837145,0.35587108595755307,-4.6490690746353545e-05,-0.23300103117281137,-0.20379137048053492,4.649069179616262e-05,-0.7263809895102424,-0.6730751981878389,-4.6490691863194154e-05,0.09488194464665332,0.0909712242796794,4.649069186260764e-05,3.8115816773689113e-17,-3.2612271942430454e-15
399.92,"[0.06062, 0.0456, 0.34423860437710097]",0.0456,0.34423860437710097,4.649069180201274e-05,-0.15179641578310604,-0.14532695985281488,-4.649069180224185e-05,0.3689830852740232,0.35587108595755307,-4.6490690684724377e-05,-0.23653999821820884,-0.20379137048053492,4.649069174185921e-05,-0.7334591265007474,-0.6730751981878389,-4.649069180225598e-05,0.09552717219729999,0.0909712242796794,4.64906918019971e-05,3.8185767077275944e-17,-3.2612271942430454e-15
399.94,"[0.06062, 0.0456, 0.34423860437710097]",0.0456,0.34423860437710097,4.6490691641219114e-05,-0.15179641578310604,-0.14618935347547665,-4.649069164180811e-05,0.3689830852740232,0.35783187102442515,-4.649069050478382e-05,-0.23653999821820884,-0.2069341848283481,4.649069157296284e-05,-0.7334591265007474,-0.6794922721314155,-4.649069164184636e-05,0.09552717219729999,0.09155869676508904,4.6490691641181065e-05,3.8185767077275944e-17,-3.507994917275264e-15
399.96,"[0.06062, 0.0456, 0.34329394023124593]",0.0456,0.34329394023124593,4.649069158556714e-05,-0.1527047181621785,-0.14618935347547665,-4.649069158576828e-05,0.37100695551876256,0.35783187102442515,-4.649069045178783e-05,-0.23998684239352602,-0.2069341848283481,4.649069152800713e-05,-0.7403177234083429,-0.6794922721314155,-4.6490691585781505e-05,0.09614927774732372,0.09155869676508904,4.6490691585554534e-05,3.8013815286353345e-17,-3.507994917275264e-15
399.98,"[0.06062, 0.0456, 0.34329394023124593]",0.0456,0.34329394023124593,4.6490691432905245e-05,-0.1527047181621785,-0.14704998771784716,-4.6490691432115377e-05,0.37100695551876256,0.35978272188705784,-4.6490690317658414e-05,-0.23998684239352602,-0.21009533017207463,4.649069141822255e-05,-0.7403177234083429,-0.6859207400118988,-4.649069143206411e-05,0.09614927774732372,0.09214550325542219,4.649069143295657e-05,3.8013815286353345e-17,-3.8217253007078985e-15
400.0,"[0.06062, 0.0456, 0.34329394023124593]",0.0456,0.34329394023124593,4.6490691381240924e-05,-0.1527047181621785,-0.14704998771784716,-4.6490691381414065e-05,0.37100695551876256,0.35978272188705784,-4.649069023167452e-05,-0.23998684239352602,-0.21009533017207463,4.6490691325850425e-05,-0.7403177234083429,-0.6859207400118988,-4.649069138142597e-05,0.09614927774732372,0.09214550325542219,4.649069138123069e-05,3.8013815286353345e-17,-3.8217253007078985e-15
400.02,"[0.06062, 0.0456, 0.34237576990521856]",0.0456,0.34237576990521856,4.6490691235170215e-05,-0.15357834536595066,-0.1479068004198342,-4.6490691234385774e-05,0.37294312406058105,0.36171908990279916,-4.6490690104679616e-05,-0.24333826450366797,-0.2132653161483868,4.649069122259577e-05,-0.7469531447629998,-0.6923428203666651,-4.649069123433427e-05,0.09674818964405965,0.09273018528781538,4.649069123522039e-05,3.7896479589669306e-17,-4.137406306354957e-15
400.04,"[0.06062, 0.0456, 0.34237576990521856]",0.0456,0.34237576990521856,4.649069118533967e-05,-0.15357834536595066,-0.1479068004198342,-4.649069118549478e-05,0.37294312406058105,0.36171908990279916,-4.649069002019143e-05,-0.24333826450366797,-0.2132653161483868,4.649069113143003e-05,-0.7469531447629998,-0.6923428203666651,-4.649069118550432e-05,0.09674818964405965,0.09273018528781538,4.6490691185329224e-05,3.7896479589669306e-17,-4.137406306354957e-15
400.06,"[0.06062, 0.0456, 0.3414849995222786]",0.0456,0.3414849995222786,4.6490691036826635e-05,-0.1544173120625199,-0.14867440641099214,-4.649069103731767e-05,0.3747923861455156,0.3634403336708917,-4.649068985272189e-05,-0.24659102632145175,-0.21618156803094227,4.649069097370883e-05,-0.7533619057855436,-0.6981966391426369,-4.649069103734924e-05,0.0973238529122406,0.09325525782720986,4.6490691036794326e-05,3.771951375220125e-17,-4.4245282025858226e-15
400.08,"[0.06062, 0.0456, 0.3414849995222786]",0.0456,0.3414849995222786,4.649069098885972e-05,-0.1544173120625199,-0.1494508416296769,-4.649069098903308e-05,0.3747923861455156,0.3651806363521126,-4.6490689807809435e-05,-0.24659102632145175,-0.21912492974908274,4.6490690935941636e-05,-0.7533619057855436,-0.704101970072958,-4.649069098904364e-05,0.0973238529122406,0.09378633907565484,4.649069098884805e-05,3.771951375220125e-17,-4.443824230591135e-15
400.1,"[0.06062, 0.0456, 0.3414849995222786]",0.0456,0.3414849995222786,4.649069091865012e-05,-0.1544173120625199,-0.1494508416296769,-4.6490690917999256e-05,0.3747923861455156,0.3651806363521126,-4.649068975884149e-05,-0.24659102632145175,-0.21912492974908274,4.649069090290859e-05,-0.7533619057855436,-0.704101970072958,-4.6490690917956674e-05,0.0973238529122406,0.09378633907565484,4.649069091869228e-05,3.771951375220125e-17,-4.443824230591135e-15
400.12,"[0.06062, 0.0456, 0.3406225081652501]",0.0456,0.3406225081652501,4.64906907909844e-05,-0.1552216517259896,-0.15022351132054504,-4.649069079141074e-05,0.3765556195011881,0.36690592815872397,-4.649068958419551e-05,-0.24974195496353188,-0.22207963932725422,4.649069072598258e-05,-0.759540670730257,-0.710005194627106,-4.649069079143792e-05,0.09787622814320837,0.09431532761899848,4.6490690790956227e-05,3.739553647942062e-17,-4.6270979227406726e-15
400.14,"[0.06062, 0.0456, 0.3406225081652501]",0.0456,0.3406225081652501,4.649069071601676e-05,-0.1552216517259896,-0.15022351132054504,-4.6490690715391116e-05,0.3765556195011881,0.36690592815872397,-4.649068954059556e-05,-0.24974195496353188,-0.22207963932725422,4.6490690702288005e-05,-0.759540670730257,-0.710005194627106,-4.6490690715350086e-05,0.09787622814320837,0.09431532761899848,4.6490690716057115e-05,3.739553647942062e-17,-4.6270979227406726e-15
400.16,"[0.06062, 0.0456, 0.3397891470089724]",0.0456,0.3397891470089724,4.64906905938392e-05,-0.15599141492166316,-0.15099043269163911,-4.649069059423418e-05,0.3782337748185365,0.3686121564333733,-4.649068937218674e-05,-0.25278794746595096,-0.2250352395201416,4.649069053129014e-05,-0.7654862512991728,-0.7158875095119069,-4.649069059426016e-05,0.09840529036010265,0.09484080361188778,4.6490690593814194e-05,3.7169610559808095e-17,-4.869310560062057e-15
400.18,"[0.06062, 0.0456, 0.3397891470089724]",0.0456,0.3397891470089724,4.64906905248238e-05,-0.15599141492166316,-0.15099043269163911,-4.649069052420091e-05,0.3782337748185365,0.3686121564333733,-4.649068933520734e-05,-0.25278794746595096,-0.2250352395201416,4.6490690513730854e-05,-0.7654862512991728,-0.7158875095119069,-4.649069052416061e-05,0.09840529036010265,0.09484080361188778,4.649069052486486e-05,3.7169610559808095e-17,-4.869310560062057e-15
400.2,"[0.06062, 0.0456, 0.3397891470089724]",0.0456,0.3397891470089724,4.649069040739981e-05,-0.15599141492166316,-0.15167648726959132,-4.649069040776851e-05,0.3782337748185365,0.37012528266435757,-4.6490689171315594e-05,-0.25278794746595096,-0.2277523960196433,4.6490690346677525e-05,-0.7654862512991728,-0.7212455710671669,-4.649069040779192e-05,0.09840529036010265,0.09531207648244273,4.649069040737554e-05,3.7169610559808095e-17,-5.116006447513268e-15
400.22,"[0.06062, 0.0456, 0.338985738480294]",0.0456,0.338985738480294,4.649069033754925e-05,-0.15672666757721238,-0.15167648726959132,-4.649069033704054e-05,0.37982786600692425,0.37012528266435757,-4.6490689131366735e-05,-0.25572597554016857,-0.2277523960196433,4.6490690325303835e-05,-0.7711956051180762,-0.7212455710671669,-4.649069033700783e-05,0.09891102786120085,0.09531207648244273,4.649069033758246e-05,3.7003581997660715e-17,-5.116006447513268e-15
400.24,"[0.06062, 0.0456, 0.338985738480294]",0.0456,0.338985738480294,4.6490690223030224e-05,-0.15672666757721238,-0.15236056964424216,-4.649069022337676e-05,0.37982786600692425,0.37162878619665485,-4.649068897299625e-05,-0.25572597554016857,-0.2304794674242227,4.649069016447643e-05,-0.7711956051180762,-0.7266051489754939,-4.649069022339951e-05,0.09891102786120085,0.09578231444928284,4.6490690223008086e-05,3.7003581997660715e-17,-5.403395892833444e-15
400.26,"[0.06062, 0.0456, 0.33821307544643603]",0.0456,0.33821307544643603,4.649069015914152e-05,-0.15742748924274982,-0.15236056964424216,-4.6490690158625715e-05,0.38133896026183417,0.37162878619665485,-4.649068893994288e-05,-0.2585530904878904,-0.2304794674242227,4.649069014963121e-05,-0.7766658342656857,-0.7266051489754939,-4.64906901585918e-05,0.09939344104429058,0.09578231444928284,4.6490690159174666e-05,3.676435096709281e-17,-5.403395892833444e-15
400.28,"[0.06062, 0.0456, 0.33821307544643603]",0.0456,0.33821307544643603,4.649069004956281e-05,-0.15742748924274982,-0.15304083356939735,-4.649069004988214e-05,0.38133896026183417,0.37311900114299223,-4.649068878627202e-05,-0.2585530904878904,-0.23320632689689372,4.6490689992899144e-05,-0.7766658342656857,-0.7319482285233558,-4.6490690049902436e-05,0.09939344104429058,0.09625019157830457,4.649069004954171e-05,3.676435096709281e-17,-5.673848185560397e-15
400.3,"[0.06062, 0.0456, 0.33821307544643603]",0.0456,0.33821307544643603,4.6490689989919737e-05,-0.15742748924274982,-0.15304083356939735,-4.6490689989405825e-05,0.38133896026183417,0.37311900114299223,-4.64906887578268e-05,-0.2585530904878904,-0.23320632689689372,4.649068998227893e-05,-0.7766658342656857,-0.7319482285233558,-4.649068998937213e-05,0.09939344104429058,0.09625019157830457,4.6490689989952974e-05,3.676435096709281e-17,-5.673848185560397e-15
400.32,"[0.06062, 0.0456, 0.33747192043252805]",0.0456,0.33747192043252805,4.649068988370618e-05,-0.1580939713437036,-0.15371523348962707,-4.649068988400571e-05,0.3827681679881515,0.3745915448050765,-4.6490688607384036e-05,-0.2612664282505481,-0.2359239576786808,4.649068982837457e-05,-0.781894183848912,-0.7372578775519996,-4.64906898840247e-05,0.09985254121565462,0.09671427684662705,4.6490689883686464e-05,3.66273186927728e-17,-5.904305322045669e-15
400.34,"[0.06062, 0.0456, 0.33747192043252805]",0.0456,0.33747192043252805,4.649068982687968e-05,-0.1580939713437036,-0.15371523348962707,-4.6490689826375245e-05,0.3827681679881515,0.3745915448050765,-4.649068858195966e-05,-0.2612664282505481,-0.2359239576786808,4.6490689820496674e-05,-0.781894183848912,-0.7372578775519996,-4.649068982634188e-05,0.09985254121565462,0.09671427684662705,4.649068982691186e-05,3.66273186927728e-17,-5.904305322045669e-15
400.36,"[0.06062, 0.0456, 0.33676300486908817]",0.0456,0.33676300486908817,4.6490689723037626e-05,-0.15872621543133905,-0.15432642956394588,-4.649068972332177e-05,0.3841166326256283,0.3759180787998914,-4.649068843387702e-05,-0.263863214566944,-0.2384305345533269,4.64906896687024e-05,-0.786878040618586,-0.7421269344784222,-4.649068972334017e-05,0.10028834938790966,0.09713558178186367,4.6490689723019404e-05,3.6738857641329105e-17,-5.823480390664522e-15
400.38,"[0.06062, 0.0456, 0.33676300486908817]",0.0456,0.33676300486908817,4.649068967924771e-05,-0.15872621543133905,-0.15432642956394588,-4.6490689679386725e-05,0.3841166326256283,0.3759180787998914,-4.649068839034778e-05,-0.263863214566944,-0.2384305345533269,4.64906896306149e-05,-0.786878040618586,-0.7421269344784222,-4.649068967939509e-05,0.10028834938790966,0.09713558178186367,4.6490689679238216e-05,3.6738857641329105e-17,-5.823480390664522e-15
400.4,"[0.06062, 0.0456, 0.33676300486908817]",0.0456,0.33676300486908817,4.649068954443395e-05,-0.15872621543133905,-0.15493270849801855,-4.64906895447605e-05,0.3841166326256283,0.3772281105449552,-4.649068823901852e-05,-0.263863214566944,-0.24093735239164538,4.649068948841776e-05,-0.786878040618586,-0.7469781034721237,-4.6490689544781304e-05,0.10028834938790966,0.09755382812533554,4.64906895444123e-05,3.6738857641329105e-17,-5.928100365551928e-15
400.42,"[0.06062, 0.0456, 0.336087028370189]",0.0456,0.336087028370189,4.649068950489294e-05,-0.15932433143665237,-0.15493270849801855,-4.649068950501464e-05,0.3853855204263824,0.3772281105449552,-4.6490688203383926e-05,-0.26634077021039093,-0.24093735239164538,4.649068945898093e-05,-0.7916149316215221,-0.7469781034721237,-4.6490689505022485e-05,0.1007008950715737,0.09755382812533554,4.649068950488499e-05,3.659307418230879e-17,-5.928100365551928e-15
400.44,"[0.06062, 0.0456, 0.336087028370189]",0.0456,0.336087028370189,4.649068937651714e-05,-0.15932433143665237,-0.1555394403026661,-4.649068937681594e-05,0.3853855204263824,0.37853777965259355,-4.6490688058967045e-05,-0.26634077021039093,-0.2434415878463204,4.649068932315414e-05,-0.7916149316215221,-0.7518217154666946,-4.649068937683509e-05,0.1007008950715737,0.09797230408779542,4.649068937649766e-05,3.659307418230879e-17,-5.834440137445041e-15
400.46,"[0.06062, 0.0456, 0.33544465804302337]",0.0456,0.33544465804302337,4.649068934264891e-05,-0.15988843593418034,-0.15613818987862607,-4.6490689342750386e-05,0.38657601023719673,0.379824886365589,-4.6490688029205336e-05,-0.26869651627467234,-0.24592995461976871,4.649068929902371e-05,-0.7961025228862113,-0.7566186750302655,-4.6490689342756404e-05,0.10109021506581062,0.09838553658090735,4.649068934264157e-05,3.674475275564868e-17,-5.764787043841181e-15
400.48,"[0.06062, 0.0456, 0.33544465804302337]",0.0456,0.33544465804302337,4.64906892875306e-05,-0.15988843593418034,-0.15613818987862607,-4.6490689287144415e-05,0.38657601023719673,0.379824886365589,-4.649068799486318e-05,-0.26869651627467234,-0.24592995461976871,4.649068927823688e-05,-0.7961025228862113,-0.7566186750302655,-4.64906892871184e-05,0.10109021506581062,0.09838553658090735,4.649068928755474e-05,3.674475275564868e-17,-5.764787043841181e-15
400.5,"[0.06062, 0.0456, 0.33544465804302337]",0.0456,0.33544465804302337,4.6490689180027144e-05,-0.15988843593418034,-0.1566716988696063,-4.649068918028748e-05,0.38657601023719673,0.3809592043723485,-4.649068784459321e-05,-0.26869651627467234,-0.24821456275849482,4.6490689125244645e-05,-0.7961025228862113,-0.7609807035382821,-4.6490689180304016e-05,0.10109021506581062,0.09875483814205274,4.649068918000963e-05,3.674475275564868e-17,-5.858483702181497e-15
400.52,"[0.06062, 0.0456, 0.33483652782954987]",0.0456,0.33483652782954987,4.649068911553409e-05,-0.16041865042301223,-0.1566716988696063,-4.649068911523817e-05,0.3876892833418866,0.3809592043723485,-4.6490687807598715e-05,-0.2709279794763896,-0.24821456275849482,4.649068910496176e-05,-0.8003386181408655,-0.7609807035382821,-4.649068911521851e-05,0.10145635225432663,0.09875483814205274,4.649068911555245e-05,3.6520419512614947e-17,-5.858483702181497e-15
400.54,"[0.06062, 0.0456, 0.33483652782954987]",0.0456,0.33483652782954987,4.649068901280718e-05,-0.16041865042301223,-0.15719768282928223,-4.649068901304577e-05,0.3876892833418866,0.3820720718111029,-4.6490687665736485e-05,-0.2709279794763896,-0.2504857930207516,4.649068896116951e-05,-0.8003386181408655,-0.7653012718061963,-4.6490689013061094e-05,0.10145635225432663,0.09911921677967958,4.6490689012791365e-05,3.6520419512614947e-17,-6.0723401943829786e-15
400.56,"[0.06062, 0.0456, 0.3342632378808688]",0.0456,0.3342632378808688,4.6490688955974746e-05,-0.16091509963293613,-0.15719768282928223,-4.6490688955674564e-05,0.3887265134210363,0.3820720718111029,-4.649068763706937e-05,-0.2730327974397469,-0.2504857930207516,4.6490688948575514e-05,-0.8043211575638446,-0.7653012718061963,-4.6490688955654635e-05,0.10179935441284386,0.09911921677967958,4.6490688955993604e-05,3.6549332266523075e-17,-6.0723401943829786e-15
400.58,"[0.06062, 0.0456, 0.3342632378808688]",0.0456,0.3342632378808688,4.64906888600691e-05,-0.16091509963293613,-0.1577213118663965,-4.6490688860283205e-05,0.3887265134210363,0.38317879253112486,-4.64906875021985e-05,-0.2730327974397469,-0.2527426686589186,4.6490688811107006e-05,-0.8043211575638446,-0.7695926695551877,-4.6490688860296866e-05,0.10179935441284386,0.09948187141259036,4.6490688860054635e-05,3.6549332266523075e-17,-6.0765037335734186e-15
400.6,"[0.06062, 0.0456, 0.3342632378808688]",0.0456,0.3342632378808688,4.649068882349482e-05,-0.16091509963293613,-0.1577213118663965,-4.6490688823596724e-05,0.3887265134210363,0.38317879253112486,-4.6490687466676946e-05,-0.2730327974397469,-0.2527426686589186,4.6490688780373825e-05,-0.8043211575638446,-0.7695926695551877,-4.649068882360304e-05,0.10179935441284386,0.09948187141259036,4.649068882348781e-05,3.6549332266523075e-17,-6.0765037335734186e-15
400.62,"[0.06062, 0.0456, 0.3337253539649453]",0.0456,0.3337253539649453,4.649068870203471e-05,-0.16137790986420253,-0.15822635079936165,-4.649068870227206e-05,0.38968885668794195,0.3842371116346409,-4.649068733012452e-05,-0.2750087239286226,-0.25495798304985134,4.649068865197857e-05,-0.8080482165677715,-0.7737777725427557,-4.649068870228676e-05,0.10211927303495831,0.09983224803874438,4.6490688702018175e-05,3.631255087487634e-17,-6.432857061813404e-15
400.64,"[0.06062, 0.0456, 0.3337253539649453]",0.0456,0.3337253539649453,4.64906886538569e-05,-0.16137790986420253,-0.15822635079936165,-4.649068865356911e-05,0.38968885668794195,0.3842371116346409,-4.649068731291663e-05,-0.2750087239286226,-0.25495798304985134,4.64906886507674e-05,-0.8080482165677715,-0.7737777725427557,-4.649068865354998e-05,0.10211927303495831,0.09983224803874438,4.649068865387426e-05,3.631255087487634e-17,-6.432857061813404e-15
400.66,"[0.06062, 0.0456, 0.3332234069082649]",0.0456,0.3332234069082649,4.649068856883498e-05,-0.1618072073698238,-0.1586826099167728,-4.649068856901183e-05,0.39057744226058794,0.38518618895818213,-4.649068718997545e-05,-0.2768536339898861,-0.25699654960167434,4.649068852442528e-05,-0.8115180046197721,-0.7776069742305788,-4.649068856902322e-05,0.10241616218348623,0.10014938499893497,4.6490688568822366e-05,3.634966496348412e-17,-6.4881172531040256e-15
400.68,"[0.06062, 0.0456, 0.3332234069082649]",0.0456,0.3332234069082649,4.649068853622381e-05,-0.1618072073698238,-0.1586826099167728,-4.649068853631351e-05,0.39057744226058794,0.38518618895818213,-4.6490687158264416e-05,-0.2768536339898861,-0.25699654960167434,4.6490688496945684e-05,-0.8115180046197721,-0.7776069742305788,-4.6490688536318825e-05,0.10241616218348623,0.10014938499893497,4.6490688536217046e-05,3.634966496348412e-17,-6.4881172531040256e-15
400.7,"[0.06062, 0.0456, 0.33275789207197176]",0.0456,0.33275789207197176,4.649068842498818e-05,-0.1618072073698238,-0.15912931661800434,-4.64906884251873e-05,0.39057744226058794,0.38611056541576994,-4.6490687033133594e-05,-0.2768536339898861,-0.2590093007071862,4.64906883792783e-05,-0.8115180046197721,-0.781374405024129,-4.649068842519956e-05,0.10241616218348623,0.10046012703336443,4.64906884249742e-05,3.634966496348412e-17,-6.657397522013979e-15
400.72,"[0.06062, 0.0456, 0.33275789207197176]",0.0456,0.33275789207197176,4.649068839531641e-05,-0.1622031167896441,-0.15912931661800434,-4.6490688395394837e-05,0.3913933628298835,0.38611056541576994,-4.649068700738836e-05,-0.27856552897139064,-0.2590093007071862,4.649068835843851e-05,-0.8147288641012974,-0.781374405024129,-4.649068839539951e-05,0.10269007737460906,0.10046012703336443,4.6490688395310445e-05,3.6255969621561947e-17,-6.657397522013979e-15
400.74,"[0.06062, 0.0456, 0.33275789207197176]",0.0456,0.33275789207197176,4.649068829011428e-05,-0.1622031167896441,-0.15956507684156798,-4.649068829029435e-05,0.3913933628298835,0.3870080270382482,-4.6490686888849636e-05,-0.27856552897139064,-0.26098683461920924,4.64906882468952e-05,-0.8147288641012974,-0.7850645017073274,-4.64906882903059e-05,0.10269007737460906,0.10076345261955065,4.649068829010211e-05,3.6255969621561947e-17,-6.859416377161453e-15
400.76,"[0.06062, 0.0456, 0.332329268863007]",0.0456,0.332329268863007,4.649068826495575e-05,-0.16256575964561118,-0.15956507684156798,-4.6490688265023035e-05,0.39213766568421116,0.3870080270382482,-4.649068686771613e-05,-0.28014254137792427,-0.26098683461920924,4.649068823019251e-05,-0.8176792692118896,-0.7850645017073274,-4.649068826502696e-05,0.10294107450224603,0.10076345261955065,4.649068826495069e-05,3.613960459134517e-17,-6.859416377161453e-15
400.78,"[0.06062, 0.0456, 0.332329268863007]",0.0456,0.332329268863007,4.649068816457236e-05,-0.16256575964561118,-0.15998839835948794,-4.649068816473725e-05,0.39213766568421116,0.3878758899762957,-4.649068675424732e-05,-0.28014254137792427,-0.2629209891756453,4.6490688123279986e-05,-0.8176792692118896,-0.7886631484642203,-4.6490688164748084e-05,0.10294107450224603,0.10105830059493374,4.6490688164561655e-05,3.613960459134517e-17,-7.053944242569504e-15
400.8,"[0.06062, 0.0456, 0.332329268863007]",0.0456,0.332329268863007,4.6490688142313975e-05,-0.16256575964561118,-0.15998839835948794,-4.6490688142373525e-05,0.39213766568421116,0.3878758899762957,-4.64906867360205e-05,-0.28014254137792427,-0.2629209891756453,4.649068810915446e-05,-0.8176792692118896,-0.7886631484642203,-4.649068814237671e-05,0.10294107450224603,0.10105830059493374,4.649068814230934e-05,3.613960459134517e-17,-7.053944242569504e-15
400.82,"[0.06062, 0.0456, 0.3319379602807296]",0.0456,0.3319379602807296,4.649068804576282e-05,-0.1628952529077361,-0.1603977089995504,-4.6490688045915344e-05,0.3928113441495081,0.3887111310624231,-4.6490686626667155e-05,-0.281582939528634,-0.26480434451208557,4.64906880060353e-05,-0.8203678249219548,-0.7921570423616536,-4.649068804592463e-05,0.10316920881009835,0.10134357322022948,4.6490688045752335e-05,3.6229449153044974e-17,-7.224628510428649e-15
400.84,"[0.06062, 0.0456, 0.3319379602807296]",0.0456,0.3319379602807296,4.649068802536197e-05,-0.1628952529077361,-0.1603977089995504,-4.649068802541621e-05,0.3928113441495081,0.3887111310624231,-4.649068661026949e-05,-0.281582939528634,-0.26480434451208557,4.6490687993509856e-05,-0.8203678249219548,-0.7921570423616536,-4.649068802541965e-05,0.10316920881009835,0.10134357322022948,4.649068802535845e-05,3.6229449153044974e-17,-7.224628510428649e-15
400.86,"[0.06062, 0.0456, 0.3315843524994669]",0.0456,0.3315843524994669,4.6490687932110817e-05,-0.1631917076401645,-0.16076126392398915,-4.64906879322525e-05,0.3934153295026737,0.38944394730952675,-4.649068650453481e-05,-0.2828851319800994,-0.2665244575743967,4.6490687893757897e-05,-0.8227932659802057,-0.7953215912836579,-4.649068793226123e-05,0.10337453391872606,0.10159771552672962,4.64906879321012e-05,3.622217752286024e-17,-7.368801701824533e-15
400.88,"[0.06062, 0.0456, 0.3315843524994669]",0.0456,0.3315843524994669,4.6490687909686704e-05,-0.1631917076401645,-0.16076126392398915,-4.649068790974366e-05,0.3934153295026737,0.38944394730952675,-4.6490686485764566e-05,-0.2828851319800994,-0.2665244575743967,4.6490687878920766e-05,-0.8227932659802057,-0.7953215912836579,-4.649068790974724e-05,0.10337453391872606,0.10159771552672962,4.6490687909683403e-05,3.622217752286024e-17,-7.368801701824533e-15
400.9,"[0.06062, 0.0456, 0.3315843524994669]",0.0456,0.3315843524994669,4.649068782048141e-05,-0.1631917076401645,-0.16111266613579364,-4.649068782061055e-05,0.3934153295026737,0.3901487237364957,-4.6490686384967225e-05,-0.2828851319800994,-0.2681996206775457,4.6490687783975874e-05,-0.8227932659802057,-0.7983943475015378,-4.6490687820618485e-05,0.10337453391872606,0.10184353821686977,4.6490687820472816e-05,3.622217752286024e-17,-7.51763954432474e-15
400.92,"[0.06062, 0.0456, 0.33126879448740754]",0.0456,0.33126879448740754,4.649068780083861e-05,-0.16345522773656784,-0.16111266613579364,-4.649068780088787e-05,0.3939504834140186,0.3901487237364957,-4.649068636904106e-05,-0.284047671680281,-0.2681996206775457,4.6490687771689634e-05,-0.8249544559818027,-0.7983943475015378,-4.6490687800890566e-05,0.10355710091484277,0.10184353821686977,4.649068780083533e-05,3.614798723519096e-17,-7.51763954432474e-15
400.94,"[0.06062, 0.0456, 0.33126879448740754]",0.0456,0.33126879448740754,4.6490687715587064e-05,-0.16345522773656784,-0.16145043186651456,-4.64906877157047e-05,0.3939504834140186,0.39082274422738583,-4.6490686272510286e-05,-0.284047671680281,-0.26982210706647486,4.649068768068683e-05,-0.8249544559818027,-0.8013617869548502,-4.649068771571246e-05,0.10355710091484277,0.10207999466510927,4.6490687715579414e-05,3.614798723519096e-17,-7.65019476048664e-15
400.96,"[0.06062, 0.0456, 0.33099159766221153]",0.0456,0.33099159766221153,4.6490687697747784e-05,-0.1636859087537341,-0.16145043186651456,-4.649068769779162e-05,0.3944175909717835,0.39082274422738583,-4.6490686258336545e-05,-0.28506925982006154,-0.26982210706647486,4.649068766992558e-05,-0.8268503865034709,-0.8013617869548502,-4.649068769779412e-05,0.10371695750972731,0.10207999466510927,4.649068769774485e-05,3.6130564687507905e-17,-7.65019476048664e-15
400.98,"[0.06062, 0.0456, 0.33099159766221153]",0.0456,0.33099159766221153,4.649068761591407e-05,-0.1636859087537341,-0.16177300933211014,-4.649068761602237e-05,0.3944175909717835,0.39146300089785147,-4.649068616556662e-05,-0.28506925982006154,-0.27138481765962913,4.6490687582426065e-05,-0.8268503865034709,-0.8042110666595969,-4.64906876160293e-05,0.10371695750972731,0.10230600695694249,4.649068761590753e-05,3.6130564687507905e-17,-7.760410435853249e-15
401.0,"[0.06062, 0.0456, 0.33099159766221153]",0.0456,0.33099159766221153,4.649068759920861e-05,-0.1636859087537341,-0.16177300933211014,-4.649068759924861e-05,0.3944175909717835,0.39146300089785147,-4.6490686152444484e-05,-0.28506925982006154,-0.27138481765962913,4.649068757255114e-05,-0.8268503865034709,-0.8042110666595969,-4.649068759925111e-05,0.10371695750972731,0.10230600695694249,4.649068759920613e-05,3.6130564687507905e-17,-7.760410435853249e-15
401.02,"[0.06062, 0.0456, 0.3307530355836791]",0.0456,0.3307530355836791,4.6490687520542386e-05,-0.16388383685176516,-0.16207883436822176,-4.649068752064212e-05,0.39481735433846854,0.39206637106283093,-4.649068606322116e-05,-0.2859487493509646,-0.2728811501181347,4.649068748838181e-05,-0.8284801763118866,-0.806929978301765,-4.6490687520648625e-05,0.10385414727327875,0.10252049818946538,4.649068752053623e-05,3.613882915807167e-17,-7.849706695410272e-15
401.04,"[0.06062, 0.0456, 0.3307530355836791]",0.0456,0.3307530355836791,4.649068750456491e-05,-0.16388383685176516,-0.16207883436822176,-4.649068750460181e-05,0.39481735433846854,0.39206637106283093,-4.649068605072162e-05,-0.2859487493509646,-0.2728811501181347,4.649068747899976e-05,-0.8284801763118866,-0.806929978301765,-4.649068750460451e-05,0.10385414727327875,0.10252049818946538,4.649068750456273e-05,3.613882915807167e-17,-7.849706695410272e-15
401.06,"[0.06062, 0.0456, 0.3305533436837797]",0.0456,0.3305533436837797,4.649068742899755e-05,-0.1640490878487013,-0.16235400687476267,-4.649068742908924e-05,0.3951503870848486,0.3926040711781474,-4.649068596501238e-05,-0.2866851481399255,-0.27425448354124,4.649068739814704e-05,-0.829843070651518,-0.8094112652370881,-4.6490687429095496e-05,0.10396870894977368,0.10271392291879902,4.649068742899204e-05,3.613371223538769e-17,-7.773021346004675e-15
401.08,"[0.06062, 0.0456, 0.3305533436837797]",0.0456,0.3305533436837797,4.649068741176799e-05,-0.1640490878487013,-0.16261373062487575,-4.649068741180495e-05,0.3951503870848486,0.3931076720954003,-4.6490685950971626e-05,-0.2866851481399255,-0.27556784225568015,4.649068738723727e-05,-0.829843070651518,-0.8117742466568265,-4.6490687411807046e-05,0.10396870894977368,0.10289674624931305,4.649068741176536e-05,3.613371223538769e-17,-7.711516903023123e-15
401.1,"[0.06062, 0.0456, 0.3305533436837797]",0.0456,0.3305533436837797,4.649068738046972e-05,-0.1640490878487013,-0.16261373062487575,-4.649068738038132e-05,0.3951503870848486,0.3931076720954003,-4.6490685932498054e-05,-0.2866851481399255,-0.27556784225568015,4.649068737653485e-05,-0.829843070651518,-0.8117742466568265,-4.649068738037648e-05,0.10396870894977368,0.10289674624931305,4.649068738047638e-05,3.613371223538769e-17,-7.711516903023123e-15
401.12,"[0.06062, 0.0456, 0.33039271903430945]",0.0456,0.33039271903430945,4.6490687319124626e-05,-0.1641817263966866,-0.16285520850212712,-4.649068731920124e-05,0.39541720924315116,0.3935711452240935,-4.649068584594828e-05,-0.287277621734623,-0.27681100379052914,4.649068728841047e-05,-0.8309384406177771,-0.813998848986774,-4.649068731920643e-05,0.10406067586082651,0.10306706542529186,4.6490687319119564e-05,3.6180764730602264e-17,-7.742698516504659e-15
401.14,"[0.06062, 0.0456, 0.33039271903430945]",0.0456,0.33039271903430945,4.649068728466061e-05,-0.1641817263966866,-0.16285520850212712,-4.6490687284585455e-05,0.39541720924315116,0.3935711452240935,-4.649068582899638e-05,-0.287277621734623,-0.27681100379052914,4.649068728107371e-05,-0.8309384406177771,-0.813998848986774,-4.6490687284581674e-05,0.10406067586082651,0.10306706542529186,4.6490687284665794e-05,3.6180764730602264e-17,-7.742698516504659e-15
401.16,"[0.06062, 0.0456, 0.330271320152405]",0.0456,0.330271320152405,4.6490687227775104e-05,-0.1642818052859797,-0.1630710139335483,-4.6490687227842806e-05,0.3956182431159933,0.39398001801046506,-4.64906857487248e-05,-0.28772549571588213,-0.27794965708320407,4.649068719935386e-05,-0.8317657826209089,-0.8160227272981279,-4.649068722784804e-05,0.10413007540042743,0.10321971962459657,4.6490687227771486e-05,3.6183741223590214e-17,-7.685289796077568e-15
401.18,"[0.06062, 0.0456, 0.330271320152405]",0.0456,0.330271320152405,4.649068719578472e-05,-0.1642818052859797,-0.1630710139335483,-4.649068719572326e-05,0.3956182431159933,0.39398001801046506,-4.649068573297479e-05,-0.28772549571588213,-0.27794965708320407,4.649068719250244e-05,-0.8317657826209089,-0.8160227272981279,-4.649068719571943e-05,0.10413007540042743,0.10321971962459657,4.649068719578918e-05,3.6183741223590214e-17,-7.685289796077568e-15
401.2,"[0.06062, 0.0456, 0.330271320152405]",0.0456,0.330271320152405,4.649068714314186e-05,-0.1642818052859797,-0.16326611641119473,-4.6490687143201446e-05,0.3956182431159933,0.394342743998428,-4.649068565868991e-05,-0.28772549571588213,-0.27901311635135084,4.6490687116898546e-05,-0.8317657826209089,-0.817895844349995,-4.649068714320548e-05,0.10413007540042743,0.10335826295434845,4.64906871431384e-05,3.6183741223590214e-17,-7.788632218527463e-15
401.22,"[0.06062, 0.0456, 0.33018926684410604]",0.0456,0.33018926684410604,4.649068711434164e-05,-0.16434936488220825,-0.16326611641119473,-4.649068711429026e-05,0.3957538098723402,0.394342743998428,-4.6490685645374966e-05,-0.2880282576169542,-0.27901311635135084,4.6490687111861295e-05,-0.8323247179454195,-0.817895844349995,-4.649068711428752e-05,0.10417692862622421,0.10335826295434845,4.6490687114345114e-05,3.6165095305711365e-17,-7.788632218527463e-15
401.24,"[0.06062, 0.0456, 0.33018926684410604]",0.0456,0.33018926684410604,4.649068706584415e-05,-0.16434936488220825,-0.16344652787838332,-4.6490687065895995e-05,0.3957538098723402,0.39467538657427625,-4.649068557641972e-05,-0.2880282576169542,-0.2800097081699052,4.649068704154729e-05,-0.8323247179454195,-0.8196445766075195,-4.6490687065900284e-05,0.10417692862622421,0.10348657926006993,4.649068706584133e-05,3.6165095305711365e-17,-7.791777457225159e-15
401.26,"[0.06062, 0.0456, 0.3301466400861215]",0.0456,0.3301466400861215,4.6490687047298296e-05,-0.1643844327012792,-0.16344652787838332,-4.6490687047327806e-05,0.39582412695605046,0.39467538657427625,-4.649068555880483e-05,-0.2881855583930369,-0.2800097081699052,4.649068702639587e-05,-0.8326149924090971,-0.8196445766075195,-4.649068704732973e-05,0.10420124995044938,0.10348657926006993,4.649068704729632e-05,3.6172864870506294e-17,-7.791777457225159e-15
401.28,"[0.06062, 0.0456, 0.3301466400861215]",0.0456,0.3301466400861215,4.649068698721715e-05,-0.1643844327012792,-0.16360644912171524,-4.649068698726974e-05,0.39582412695605046,0.39496419493536045,-4.6490685491426924e-05,-0.2881855583930369,-0.2809238154825921,4.6490686963159443e-05,-0.8326149924090971,-0.8212341931021658,-4.649068698727337e-05,0.10420124995044938,0.10360080854236339,4.649068698721322e-05,3.6172864870506294e-17,-7.863063416201551e-15
401.3,"[0.06062, 0.0456, 0.3301466400861215]",0.0456,0.3301466400861215,4.6490686969766124e-05,-0.1643844327012792,-0.16360644912171524,-4.649068696979256e-05,0.39582412695605046,0.39496419493536045,-4.649068547630651e-05,-0.2881855583930369,-0.2809238154825921,4.649068695081885e-05,-0.8326149924090971,-0.8212341931021658,-4.649068696979508e-05,0.10420124995044938,0.10360080854236339,4.649068696976507e-05,3.6172864870506294e-17,-7.863063416201551e-15
401.32,"[0.06062, 0.0456, 0.3301434819459151]",0.0456,0.3301434819459151,4.6490686915263755e-05,-0.1643844327012792,-0.16374445248011937,-4.649068691530862e-05,0.39582412695605046,0.39520653162068126,-4.649068541522291e-05,-0.2881855583930369,-0.28174832457341914,4.649068689351122e-05,-0.8326149924090971,-0.8226521251500204,-4.6490686915311555e-05,0.10420124995044938,0.10369995173037809,4.649068691526129e-05,3.6172864870506294e-17,-7.964046057425636e-15
401.34,"[0.06062, 0.0456, 0.3301434819459151]",0.0456,0.3301434819459151,4.6490686899852154e-05,-0.1643844327012792,-0.16374445248011937,-4.6490686899875416e-05,0.39582412695605046,0.39520653162068126,-4.6490685401989664e-05,-0.2881855583930369,-0.28174832457341914,4.6490686882772886e-05,-0.8326149924090971,-0.8226521251500204,-4.649068689987748e-05,0.10420124995044938,0.10369995173037809,4.6490686899851225e-05,3.6172864870506294e-17,-7.964046057425636e-15
401.36,"[0.06062, 0.0456, 0.33017979554018995]",0.0456,0.33017979554018995,4.6490686850466426e-05,-0.16435713619812253,-0.16386280570773587,-4.649068685050375e-05,0.39576934954727805,0.3954076619886431,-4.649068534659267e-05,-0.2880632035900047,-0.2824902110020932,4.649068683079199e-05,-0.8323891600399729,-0.8239131963777633,-4.6490686850506155e-05,0.10418231949659287,0.10378553343693869,4.649068685046382e-05,3.616163267617804e-17,-8.074245174463244e-15
401.38,"[0.06062, 0.0456, 0.33017979554018995]",0.0456,0.33017979554018995,4.64906868367737e-05,-0.16435713619812253,-0.16386280570773587,-4.6490686836793796e-05,0.39576934954727805,0.3954076619886431,-4.6490685334920775e-05,-0.2880632035900047,-0.2824902110020932,4.649068682136355e-05,-0.8323891600399729,-0.8239131963777633,-4.649068683679493e-05,0.10418231949659287,0.10378553343693869,4.649068683677195e-05,3.616163267617804e-17,-8.074245174463244e-15
401.4,"[0.06062, 0.0456, 0.33017979554018995]",0.0456,0.33017979554018995,4.6490686792017555e-05,-0.16435713619812253,-0.16396081982021016,-4.649068679204812e-05,0.39576934954727805,0.39556642958921373,-4.649068528468727e-05,-0.2880632035900047,-0.28314557951707364,4.649068677422478e-05,-0.8323891600399729,-0.8250108005723166,-4.649068679205076e-05,0.10418231949659287,0.10385706489506334,4.6490686792015576e-05,3.616163267617804e-17,-8.17993977384042e-15
401.42,"[0.06062, 0.0456, 0.33025554503181265]",0.0456,0.33025554503181265,4.64906867794589e-05,-0.16429476294652295,-0.16396081982021016,-4.649068677947661e-05,0.39564416794055063,0.39556642958921373,-4.649068527396644e-05,-0.2877836731638906,-0.28314557951707364,4.649068676555039e-05,-0.8318731722399156,-0.8250108005723166,-4.649068677947807e-05,0.10413906333888698,0.10385706489506334,4.649068677945767e-05,3.6147822638746887e-17,-8.17993977384042e-15
401.44,"[0.06062, 0.0456, 0.33025554503181265]",0.0456,0.33025554503181265,4.6490686739031124e-05,-0.16429476294652295,-0.16403955667480555,-4.649068673905599e-05,0.39564416794055063,0.3956857553270896,-4.6490685228616785e-05,-0.2877836731638906,-0.2837159303775075,4.649068672301293e-05,-0.8318731722399156,-0.825949790398403,-4.649068673905863e-05,0.10413906333888698,0.10391523541243804,4.649068673903035e-05,3.6147822638746887e-17,-8.216693382121726e-15
401.46,"[0.06062, 0.0456, 0.33037065566518037]",0.0456,0.33037065566518037,4.649068672737723e-05,-0.1641998748940653,-0.16409490454255532,-4.649068672739253e-05,0.39545354249037024,0.3957561525278539,-4.649068521861255e-05,-0.2873589327445468,-0.2841888810032484,4.64906867148841e-05,-0.8310887459857677,-0.8267038890451701,-4.649068672739326e-05,0.10407326322091578,0.10395728727657055,4.649068672737541e-05,3.6178379269975847e-17,-8.25234739026893e-15
401.48,"[0.06062, 0.0456, 0.33037065566518037]",0.0456,0.33037065566518037,4.649068670824937e-05,-0.1641998748940653,-0.16409490454255532,-4.649068670825984e-05,0.39545354249037024,0.3957561525278539,-4.6490685204675264e-05,-0.2873589327445468,-0.2841888810032484,4.649068670469759e-05,-0.8310887459857677,-0.8267038890451701,-4.64906867082607e-05,0.10407326322091578,0.10395728727657055,4.649068670824852e-05,3.6178379269975847e-17,-8.25234739026893e-15
401.5,"[0.06062, 0.0456, 0.33037065566518037]",0.0456,0.33037065566518037,4.64906866777627e-05,-0.1641998748940653,-0.1641379110162408,-4.649068667777941e-05,0.39545354249037024,0.3958029577160441,-4.649068516346641e-05,-0.2873589327445468,-0.2845978592721641,4.6490686663447745e-05,-0.8310887459857677,-0.8273438015928607,-4.649068667778034e-05,0.10407326322091578,0.10399062680935585,4.6490686677761145e-05,3.6178379269975847e-17,-8.312101362401985e-15
401.52,"[0.06062, 0.0456, 0.33052501383999544]",0.0456,0.33052501383999544,4.6490686658706834e-05,-0.1640724349860324,-0.1641379110162408,-4.649068665871904e-05,0.3951971668254296,0.3958029577160441,-4.649068515137038e-05,-0.2867894559770478,-0.2845978592721641,4.649068665563645e-05,-0.8300362513260054,-0.8273438015928607,-4.649068665871978e-05,0.10398489999312445,0.10399062680935585,4.649068665870586e-05,3.6199413263692307e-17,-8.312101362401985e-15
401.54,"[0.06062, 0.0456, 0.33052501383999544]",0.0456,0.33052501383999544,4.64906866324558e-05,-0.1640724349860324,-0.1641576034151842,-4.649068663246753e-05,0.3951971668254296,0.39580243618117866,-4.649068511594826e-05,-0.2867894559770478,-0.2849024266495264,4.6490686620217236e-05,-0.8300362513260054,-0.8277900366547559,-4.649068663246854e-05,0.10398489999312445,0.10400778271364701,4.6490686632454945e-05,3.6199413263692307e-17,-8.372818421945273e-15
401.56,"[0.06062, 0.0456, 0.33071846722337517]",0.0456,0.33071846722337517,4.649068661520182e-05,-0.16391239270354277,-0.1641576034151842,-4.6490686615223245e-05,0.3948746287892587,0.39580243618117866,-4.6490685104209926e-05,-0.28607587891409225,-0.2849024266495264,4.649068661207545e-05,-0.8287161799823142,-0.8277900366547559,-4.649068661522495e-05,0.1038739475030898,0.10400778271364701,4.649068661520037e-05,3.622393756943099e-17,-8.372818421945273e-15
401.58,"[0.06062, 0.0456, 0.33071846722337517]",0.0456,0.33071846722337517,4.649068659266846e-05,-0.16391239270354277,-0.1641528974774896,-4.649068659267617e-05,0.3948746287892587,0.3957521942277936,-4.649068507433423e-05,-0.28607587891409225,-0.2850989675023333,4.6490686582407265e-05,-0.8287161799823142,-0.8280352876471327,-4.6490686592677505e-05,0.1038739475030898,0.10400802345156553,4.6490686592668344e-05,3.622393756943099e-17,-8.432632205814706e-15
401.6,"[0.06062, 0.0456, 0.33071846722337517]",0.0456,0.33071846722337517,4.649068657700291e-05,-0.16391239270354277,-0.1641528974774896,-4.6490686577034284e-05,0.3948746287892587,0.3957521942277936,-4.6490685062725965e-05,-0.28607587891409225,-0.2850989675023333,4.6490686573725116e-05,-0.8287161799823142,-0.8280352876471327,-4.649068657703652e-05,0.1038739475030898,0.10400802345156553,4.6490686577000816e-05,3.622393756943099e-17,-8.432632205814706e-15
401.62,"[0.06062, 0.0456, 0.33095082490018607]",0.0456,0.33095082490018607,4.6490686558112964e-05,-0.16371968569750572,-0.16412277412572907,-4.6490686558116616e-05,0.3944854179549258,0.395649965764698,-4.649068503837673e-05,-0.28521899815710916,-0.2851840739033395,4.649068654981557e-05,-0.8271291487619571,-0.8280726460755085,-4.6490686558116786e-05,0.10374037368759725,0.10399066072982273,4.6490686558112334e-05,3.617543797550586e-17,-8.490814018014823e-15
401.64,"[0.06062, 0.0456, 0.33095082490018607]",0.0456,0.33095082490018607,4.6490686543950925e-05,-0.16371968569750572,-0.16412277412572907,-4.649068654399263e-05,0.3944854179549258,0.395649965764698,-4.649068502677717e-05,-0.28521899815710916,-0.2851840739033395,4.649068654046835e-05,-0.8271291487619571,-0.8280726460755085,-4.649068654399564e-05,0.10374037368759725,0.10399066072982273,4.649068654394813e-05,3.617543797550586e-17,-8.490814018014823e-15
401.66,"[0.06062, 0.0456, 0.3312218575614541]",0.0456,0.3312218575614541,4.649068652870319e-05,-0.1634942404904732,-0.16409044503066503,-4.6490686528702835e-05,0.39402892970266296,0.3955453594309521,-4.649068500800349e-05,-0.2842197686076585,-0.2852478145579484,4.64906865223847e-05,-0.8252759000477823,-0.8280766037635272,-4.649068652870318e-05,0.1035841410813424,0.10397157994334004,4.6490686528703045e-05,3.620737960298288e-17,-8.548699059211915e-15
401.68,"[0.06062, 0.0456, 0.3312218575614541]",0.0456,0.3312218575614541,4.6490686518542925e-05,-0.1634942404904732,-0.16409044503066503,-4.649068651857981e-05,0.39402892970266296,0.3955453594309521,-4.649068500024214e-05,-0.2842197686076585,-0.2852478145579484,4.64906865163964e-05,-0.8252759000477823,-0.8280766037635272,-4.649068651858225e-05,0.1035841410813424,0.10397157994334004,4.649068651854007e-05,3.620737960298288e-17,-8.548699059211915e-15
401.7,"[0.06062, 0.0456, 0.3312218575614541]",0.0456,0.3312218575614541,4.6490686507255425e-05,-0.1634942404904732,-0.1640332436871122,-4.6490686507251136e-05,0.39402892970266296,0.39538985431206725,-4.64906849859639e-05,-0.2842197686076585,-0.28520271030850813,4.649068650254781e-05,-0.8252759000477823,-0.8278774248893632,-4.649068650725088e-05,0.1035841410813424,0.10393527664244016,4.649068650725506e-05,3.620737960298288e-17,-8.588452733444495e-15
401.72,"[0.06062, 0.0456, 0.33153129773066464]",0.0456,0.33153129773066464,4.649068649804866e-05,-0.1632359733063727,-0.1640332436871122,-4.649068649805491e-05,0.3935044700579894,0.39538985431206725,-4.649068497669657e-05,-0.2830793007997295,-0.28520271030850813,4.649068649425734e-05,-0.8231573023822809,-0.8278774248893632,-4.649068649805559e-05,0.10340520741706931,0.10393527664244016,4.649068649804803e-05,3.613407334613026e-17,-8.588452733444495e-15
401.74,"[0.06062, 0.0456, 0.33153129773066464]",0.0456,0.33153129773066464,4.649068648857806e-05,-0.1632359733063727,-0.1639500764385485,-4.649068648856687e-05,0.3935044700579894,0.3951811693651377,-4.6490684966841355e-05,-0.2830793007997295,-0.28504403296652314,4.6490686485380345e-05,-0.8231573023822809,-0.8274662153736181,-4.6490686488566084e-05,0.10340520741706931,0.1038809933319616,4.6490686488578315e-05,3.613407334613026e-17,-8.618858921878548e-15
401.76,"[0.06062, 0.0456, 0.33187884002772994]",0.0456,0.33187884002772994,4.6490686479197574e-05,-0.16294479102132434,-0.1639500764385485,-4.649068647920389e-05,0.39291126125397147,0.3951811693651377,-4.6490684957348094e-05,-0.2817988578355427,-0.28504403296652314,4.649068647683647e-05,-0.8207743511403205,-0.8274662153736181,-4.649068647920426e-05,0.10320352631260112,0.1038809933319616,4.6490686479196395e-05,3.6044922111492485e-17,-8.618858921878548e-15
401.78,"[0.06062, 0.0456, 0.33187884002772994]",0.0456,0.33187884002772994,4.64906864743341e-05,-0.16294479102132434,-0.16383973496541107,-4.6490686474319064e-05,0.39291126125397147,0.3949164232683932,-4.649068495284581e-05,-0.2817988578355427,-0.2847683908205052,4.6490686473061e-05,-0.8207743511403205,-0.826835508372515,-4.6490686474318224e-05,0.10320352631260112,0.10380792210231238,4.6490686474335015e-05,3.6044922111492485e-17,-8.645797779213303e-15
401.8,"[0.06062, 0.0456, 0.33187884002772994]",0.0456,0.33187884002772994,4.649068646470166e-05,-0.16294479102132434,-0.16383973496541107,-4.6490686464688055e-05,0.39291126125397147,0.3949164232683932,-4.649068494359336e-05,-0.2817988578355427,-0.2847683908205052,4.649068646499131e-05,-0.8207743511403205,-0.826835508372515,-4.649068646468777e-05,0.10320352631260112,0.10380792210231238,4.649068646470302e-05,3.6044922111492485e-17,-8.645797779213303e-15
401.82,"[0.06062, 0.0456, 0.332272230093303]",0.0456,0.332272230093303,4.649068646504141e-05,-0.16261379860252845,-0.1637004930904165,-4.649068646502211e-05,0.3922345822381622,0.39459160334934495,-4.649068494425518e-05,-0.2803500627419484,-0.2843703705535942,4.6490686465748974e-05,-0.8180726536071815,-0.8259738845761224,-4.6490686465021515e-05,0.10297434346716133,0.10371489958602828,4.6490686465042854e-05,3.6163805104081165e-17,-8.672298739624354e-15
401.84,"[0.06062, 0.0456, 0.332272230093303]",0.0456,0.332272230093303,4.649068645797618e-05,-0.16261379860252845,-0.1637004930904165,-4.64906864580623e-05,0.3922345822381622,0.39459160334934495,-4.649068493302329e-05,-0.2803500627419484,-0.2843703705535942,4.649068645369016e-05,-0.8180726536071815,-0.8259738845761224,-4.6490686458067605e-05,0.10297434346716133,0.10371489958602828,4.649068645796996e-05,3.6163805104081165e-17,-8.672298739624354e-15
401.861,"[0.06062, 0.0456, 0.33268682181255504]",0.0456,0.33268682181255504,4.649068645353052e-05,-0.16226323552751468,-0.16357363437656006,-4.6490686453602833e-05,0.3915149747233864,0.39429745004060057,-4.649068492970353e-05,-0.2788238413317156,-0.2839983331788986,4.649068645126191e-05,-0.815219911750655,-0.8251764889942719,-4.6490686453607645e-05,0.10273169937660077,0.10363000158545368,4.6490686453525394e-05,3.6033693058770576e-17,-8.72944173959164e-15
401.88,"[0.06062, 0.0456, 0.33268682181255504]",0.0456,0.33268682181255504,4.649068645467036e-05,-0.16226323552751468,-0.16357363437656006,-4.649068645467104e-05,0.3915149747233864,0.39429745004060057,-4.649068493443584e-05,-0.2788238413317156,-0.2839983331788986,4.6490686457206606e-05,-0.815219911750655,-0.8251764889942719,-4.649068645467123e-05,0.10273169937660077,0.10363000158545368,4.649068645467003e-05,3.6033693058770576e-17,-8.72944173959164e-15
401.9,"[0.06062, 0.0456, 0.33268682181255504]",0.0456,0.33268682181255504,4.649068646347099e-05,-0.16226323552751468,-0.16342176583043902,-4.6490686463443445e-05,0.3915149747233864,0.3939516213195788,-4.649068494513531e-05,-0.2788238413317156,-0.2835182159548965,4.649068646766536e-05,-0.815219911750655,-0.8241762510690838,-4.649068646344148e-05,0.10273169937660077,0.1035278008192242,4.6490686463472265e-05,3.6033693058770576e-17,-8.739531379927087e-15
401.92,"[0.06062, 0.0456, 0.3331464639198421]",0.0456,0.3331464639198421,4.649068645876292e-05,-0.16187270520512417,-0.16342176583043902,-4.6490686458764774e-05,0.3907102414733537,0.3939516213195788,-4.649068493955985e-05,-0.2771325240416906,-0.2835182159548965,4.64906864622445e-05,-0.8120512480061374,-0.8241762510690838,-4.6490686458765296e-05,0.10246148934621457,0.1035278008192242,4.649068645876249e-05,3.603374319792803e-17,-8.739531379927087e-15
401.94,"[0.06062, 0.0456, 0.3331464639198421]",0.0456,0.3331464639198421,4.649068647087772e-05,-0.16187270520512417,-0.1632464692737762,-4.649068647084744e-05,0.3907102414733537,0.39355746518656637,-4.649068495418558e-05,-0.2771325240416906,-0.2829357699201008,4.649068647647359e-05,-0.8120512480061374,-0.8229842336189345,-4.6490686470846026e-05,0.10246148934621457,0.10340937330109763,4.649068647087926e-05,3.603374319792803e-17,-8.722851977165587e-15
401.96,"[0.06062, 0.0456, 0.33364261418095653]",0.0456,0.33364261418095653,4.649068646569745e-05,-0.16144878367506654,-0.1632464692737762,-4.6490686465700666e-05,0.38983281408311277,0.39355746518656637,-4.649068494787801e-05,-0.27530773564679106,-0.2829357699201008,4.649068647027049e-05,-0.8086234008353778,-0.8229842336189345,-4.6490686465701385e-05,0.10216830086118082,0.10340937330109763,4.649068646569719e-05,3.60161449949005e-17,-8.722851977165587e-15
401.98,"[0.06062, 0.0456, 0.33364261418095653]",0.0456,0.33364261418095653,4.649068648149773e-05,-0.16144878367506654,-0.16304708810810717,-4.649068648146449e-05,0.38983281408311277,0.3931129873479824,-4.649068496683198e-05,-0.27530773564679106,-0.28225077842231877,4.64906864886433e-05,-0.8086234008353778,-0.821598296952162,-4.649068648146238e-05,0.10216830086118082,0.10327430273920477,4.649068648149942e-05,3.60161449949005e-17,-8.695161388418459e-15
402.0,"[0.06062, 0.0456, 0.33364261418095653]",0.0456,0.33364261418095653,4.6490686476221425e-05,-0.16144878367506654,-0.16304708810810717,-4.6490686476225735e-05,0.38983281408311277,0.3931129873479824,-4.649068496018261e-05,-0.27530773564679106,-0.28225077842231877,4.649068648201345e-05,-0.8086234008353778,-0.821598296952162,-4.649068647622632e-05,0.10216830086118082,0.10327430273920477,4.6490686476220904e-05,3.60161449949005e-17,-8.695161388418459e-15
402.02,"[0.06062, 0.0456, 0.3341747829554916]",0.0456,0.3341747829554916,4.6490686495971e-05,-0.16099138208020775,-0.16282295894934826,-4.649068649593398e-05,0.38888173175522656,0.3926161812480526,-4.649068498372807e-05,-0.2733514445865162,-0.2814628986264703,4.649068650476512e-05,-0.8049381085254337,-0.8200160949966308,-4.6490686495931814e-05,0.10185210061344621,0.10312216598233673,4.6490686495973285e-05,3.6289747542388463e-17,-8.66455998989877e-15
402.04,"[0.06062, 0.0456, 0.3341747829554916]",0.0456,0.3341747829554916,4.649068649085058e-05,-0.16099138208020775,-0.16282295894934826,-4.649068649085576e-05,0.38888173175522656,0.3926161812480526,-4.649068497699772e-05,-0.2733514445865162,-0.2814628986264703,4.6490686497944365e-05,-0.8049381085254337,-0.8200160949966308,-4.649068649085671e-05,0.10185210061344621,0.10312216598233673,4.6490686490850274e-05,3.6289747542388463e-17,-8.66455998989877e-15
402.06,"[0.06062, 0.0456, 0.33474244505711626]",0.0456,0.33474244505711626,4.649068651471512e-05,-0.16050037689605598,-0.1626186301258723,-4.6490686514674045e-05,0.38785586559202595,0.3921653741768282,-4.649068500529751e-05,-0.27126574638071976,-0.2807334292230762,4.649068652522043e-05,-0.8009971457516273,-0.8185590800010005,-4.649068651467146e-05,0.1015128361372694,0.10298329016921691,4.649068651471751e-05,3.640050321341159e-17,-8.632272920672847e-15
402.08,"[0.06062, 0.0456, 0.33474244505711626]",0.0456,0.33474244505711626,4.649068651507531e-05,-0.16050037689605598,-0.1626186301258723,-4.649068651507297e-05,0.38785586559202595,0.3921653741768282,-4.649068500431392e-05,-0.27126574638071976,-0.2807334292230762,4.649068652365359e-05,-0.8009971457516273,-0.8185590800010005,-4.649068651507289e-05,0.1015128361372694,0.10298329016921691,4.649068651507524e-05,3.640050321341159e-17,-8.632272920672847e-15
402.1,"[0.06062, 0.0456, 0.33474244505711626]",0.0456,0.33474244505711626,4.649068654164838e-05,-0.16050037689605598,-0.16238774608273387,-4.6490686541604915e-05,0.38785586559202595,0.39165770360696495,-4.6490685035109344e-05,-0.27126574638071976,-0.279896699449855,4.649068655305179e-05,-0.8009971457516273,-0.8168954153231012,-4.649068654160202e-05,0.1015128361372694,0.1028261479778204,4.649068654165088e-05,3.640050321341159e-17,-8.555596737694227e-15
402.12,"[0.06062, 0.0456, 0.33534504027187095]",0.0456,0.33534504027187095,4.649068654023341e-05,-0.15997564469753944,-0.16238774608273387,-4.649068654023467e-05,0.3867540582684316,0.39165770360696495,-4.649068503198105e-05,-0.26905285902610904,-0.279896699449855,4.649068654939114e-05,-0.7968024207711576,-0.8168954153231012,-4.649068654023451e-05,0.10115045749572671,0.1028261479778204,4.6490686540232864e-05,3.6486649618312907e-17,-8.555596737694227e-15
402.14,"[0.06062, 0.0456, 0.33534504027187095]",0.0456,0.33534504027187095,4.6490686569356154e-05,-0.15997564469753944,-0.1621293496827346,-4.6490686569310116e-05,0.3867540582684316,0.3910903912497131,-4.6490685065945693e-05,-0.26905285902610904,-0.27895168392598435,4.6490686581891076e-05,-0.7968024207711576,-0.815021031794603,-4.649068656930654e-05,0.10115045749572671,0.10265012136955484,4.649068656935822e-05,3.6486649618312907e-17,-8.469623223020862e-15
402.16,"[0.06062, 0.0456, 0.3359819739110309]",0.0456,0.3359819739110309,4.649068656692049e-05,-0.15941706369800399,-0.16184195281140853,-4.6490686566924376e-05,0.385575133539509,0.3904586291719172,-4.649068506154609e-05,-0.2667151178724186,-0.27789992849293754,4.6490686576969306e-05,-0.7923559765425745,-0.8129338070658281,-4.649068656692491e-05,0.10076491850200317,0.1024543039273619,4.6490686566920114e-05,3.632615703290871e-17,-8.50947813033571e-15
402.18,"[0.06062, 0.0456, 0.3359819739110309]",0.0456,0.3359819739110309,4.6490686571861637e-05,-0.15941706369800399,-0.16184195281140853,-4.649068657201866e-05,0.385575133539509,0.3904586291719172,-4.649068505718879e-05,-0.2667151178724186,-0.27789992849293754,4.649068656873986e-05,-0.7923559765425745,-0.8129338070658281,-4.649068657202867e-05,0.10076491850200317,0.1024543039273619,4.6490686571851086e-05,3.632615703290871e-17,-8.50947813033571e-15
402.2,"[0.06062, 0.0456, 0.3359819739110309]",0.0456,0.3359819739110309,4.649068660010292e-05,-0.15941706369800399,-0.16184195281140853,-4.649068660005746e-05,0.385575133539509,0.3904586291719172,-4.649068510213032e-05,-0.2667151178724186,-0.27789992849293754,4.64906866164099e-05,-0.7923559765425745,-0.8129338070658281,-4.649068660005507e-05,0.10076491850200317,0.1024543039273619,4.6490686600106336e-05,3.632615703290871e-17,-8.50947813033571e-15
402.22,"[0.06062, 0.0456, 0.33665261739799224]",0.0456,0.33665261739799224,4.649068663957762e-05,-0.1588245154078079,-0.1615264108195007,-4.6490686639518956e-05,0.38431790606740607,0.389765816655169,-4.649068514420499e-05,-0.2642549703986731,-0.2767352096367551,4.649068665511697e-05,-0.7876599919362519,-0.8106274985408816,-4.649068663951559e-05,0.10035617789146765,0.10223911943065019,4.649068663958178e-05,3.630118316474292e-17,-8.379124469371437e-15
402.24,"[0.06062, 0.0456, 0.33665261739799224]",0.0456,0.33665261739799224,4.649068663578669e-05,-0.1588245154078079,-0.1615264108195007,-4.6490686635795257e-05,0.38431790606740607,0.389765816655169,-4.649068513753643e-05,-0.2642549703986731,-0.2767352096367551,4.6490686647728365e-05,-0.7876599919362519,-0.8106274985408816,-4.6490686635795744e-05,0.10035617789146765,0.10223911943065019,4.649068663578611e-05,3.630118316474292e-17,-8.379124469371437e-15
402.26,"[0.06062, 0.0456, 0.337356308888601]",0.0456,0.337356308888601,4.6490686646223865e-05,-0.15819788632532938,-0.16123538386901384,-4.649068664637917e-05,0.3829811914330854,0.389128458223896,-4.64906851393027e-05,-0.26167497092798625,-0.27565207703271505,4.649068664524943e-05,-0.7827167829812494,-0.8084887325828622,-4.649068664638925e-05,0.09992420051141923,0.10204050819015596,4.649068664621365e-05,3.63627399172978e-17,-8.428143802926489e-15
402.28,"[0.06062, 0.0456, 0.337356308888601]",0.0456,0.337356308888601,4.6490686680796796e-05,-0.15819788632532938,-0.1609130309161419,-4.649068668074258e-05,0.3829811914330854,0.3884217781408885,-4.649068519144401e-05,-0.26167497092798625,-0.2744500933875833,4.649068669971225e-05,-0.7827167829812494,-0.8061149139808377,-4.649068668073942e-05,0.09992420051141923,0.10182045095483697,4.6490686680800624e-05,3.63627399172978e-17,-8.376131044512654e-15
402.3,"[0.06062, 0.0456, 0.337356308888601]",0.0456,0.337356308888601,4.6490686694509974e-05,-0.15819788632532938,-0.1609130309161419,-4.649068669468346e-05,0.3829811914330854,0.3884217781408885,-4.649068519086748e-05,-0.26167497092798625,-0.2744500933875833,4.6490686692576856e-05,-0.7827167829812494,-0.8061149139808377,-4.649068669469492e-05,0.09992420051141923,0.10182045095483697,4.6490686694498746e-05,3.63627399172978e-17,-8.376131044512654e-15
402.32,"[0.06062, 0.0456, 0.3380923539243138]",0.0456,0.3380923539243138,4.649068672981744e-05,-0.15753706965186687,-0.16055865988704116,-4.649068672976176e-05,0.3815638162740428,0.3876433096275875,-4.649068524505133e-05,-0.2589777753165749,-0.27313021267908105,4.649068674945148e-05,-0.7775288041468328,-0.8035050363782064,-4.649068672975887e-05,0.09946895852159776,0.10157852589021972,4.6490686729821416e-05,3.6473921004350077e-17,-8.28858798975927e-15
402.34,"[0.06062, 0.0456, 0.3380923539243138]",0.0456,0.3380923539243138,4.649068674240466e-05,-0.15753706965186687,-0.16055865988704116,-4.6490686742603794e-05,0.3815638162740428,0.3876433096275875,-4.649068524190797e-05,-0.2589777753165749,-0.27313021267908105,4.64906867393505e-05,-0.7775288041468328,-0.8035050363782064,-4.649068674261724e-05,0.09946895852159776,0.10157852589021972,4.649068674239224e-05,3.6473921004350077e-17,-8.28858798975927e-15
402.36,"[0.06062, 0.0456, 0.33886002611754407]",0.0456,0.33886002611754407,4.649068677907482e-05,-0.15684196702240746,-0.16023287192345934,-4.649068677901678e-05,0.3800646284906266,0.3869308865607793,-4.6490685299224666e-05,-0.2561661356515402,-0.2718990544429795,4.649068679982402e-05,-0.7720986496580762,-0.8010826002946546,-4.649068677901314e-05,0.09899043259897138,0.10135582399900679,4.6490686779078754e-05,3.670061039665465e-17,-8.19703856099461e-15
402.38,"[0.06062, 0.0456, 0.33886002611754407]",0.0456,0.33886002611754407,4.649068679659545e-05,-0.15684196702240746,-0.16023287192345934,-4.6490686796770345e-05,0.3800646284906266,0.3869308865607793,-4.649068530236392e-05,-0.2561661356515402,-0.2718990544429795,4.649068679596338e-05,-0.7720986496580762,-0.8010826002946546,-4.6490686796781105e-05,0.09899043259897138,0.10135582399900679,4.649068679658327e-05,3.670061039665465e-17,-8.19703856099461e-15
402.4,"[0.06062, 0.0456, 0.33886002611754407]",0.0456,0.33886002611754407,4.6490686836055326e-05,-0.15684196702240746,-0.1598720289880157,-4.6490686835992686e-05,0.3800646284906266,0.38613814513882233,-4.64906853613913e-05,-0.2561661356515402,-0.2705474097069625,4.649068685745031e-05,-0.7720986496580762,-0.7984126331576773,-4.64906868359888e-05,0.09899043259897138,0.10110931824966242,4.6490686836059426e-05,3.670061039665465e-17,-8.216932976749076e-15
402.42,"[0.06062, 0.0456, 0.3396585678685193]",0.0456,0.3396585678685193,4.649068685173832e-05,-0.1561124902448803,-0.1598720289880157,-4.64906868519445e-05,0.37848250746554885,0.38613814513882233,-4.649068536100965e-05,-0.2532428949905706,-0.2705474097069625,4.6490686849648646e-05,-0.7664290548463084,-0.7984126331576773,-4.649068685195811e-05,0.09848861314077724,0.10110931824966242,4.649068685172507e-05,3.673669494547164e-17,-8.216932976749076e-15
402.44,"[0.06062, 0.0456, 0.3396585678685193]",0.0456,0.3396585678685193,4.6490686891622625e-05,-0.1561124902448803,-0.15947592698101323,-4.649068689155911e-05,0.37848250746554885,0.38526479328117164,-4.649068542211574e-05,-0.2532428949905706,-0.2690719418318774,4.64906869137539e-05,-0.7664290548463084,-0.7954897332095374,-4.64906868915552e-05,0.09848861314077724,0.10083882047188689,4.649068689162732e-05,3.673669494547164e-17,-8.24504635889484e-15
402.46,"[0.06062, 0.0456, 0.3404871911129404]",0.0456,0.3404871911129404,4.649068689695434e-05,-0.15534856304125033,-0.15947592698101323,-4.64906868969564e-05,0.37681637424361775,0.38526479328117164,-4.649068542616729e-05,-0.25021098217500487,-0.2690719418318774,4.6490686916592344e-05,-0.7605228975365192,-0.7954897332095374,-4.64906868969566e-05,0.09796350146030139,0.10083882047188689,4.649068689695446e-05,3.6439376901726985e-17,-8.24504635889484e-15
402.48,"[0.06062, 0.0456, 0.3404871911129404]",0.0456,0.3404871911129404,4.649068695674099e-05,-0.15534856304125033,-0.15904429355363411,-4.649068695664862e-05,0.37681637424361775,0.38430984967947085,-4.6490685494925604e-05,-0.25021098217500487,-0.2674721197119158,4.649068698196439e-05,-0.7605228975365192,-0.7923119905947396,-4.649068695664293e-05,0.09796350146030139,0.10054414739427178,4.649068695674702e-05,3.6439376901726985e-17,-8.195844922265957e-15
402.5,"[0.06062, 0.0456, 0.3404871911129404]",0.0456,0.3404871911129404,4.6490686961686995e-05,-0.15534856304125033,-0.15904429355363411,-4.6490686961691786e-05,0.37681637424361775,0.38430984967947085,-4.6490685496770604e-05,-0.25021098217500487,-0.2674721197119158,4.649068698198611e-05,-0.7605228975365192,-0.7923119905947396,-4.649068696169282e-05,0.09796350146030139,0.10054414739427178,4.649068696168723e-05,3.6439376901726985e-17,-8.195844922265957e-15
402.52,"[0.06062, 0.0456, 0.34134507809970605]",0.0456,0.34134507809970605,4.6490687023816625e-05,-0.1545501227846184,-0.15857679636207628,-4.6490687023718376e-05,0.3750652016215718,0.38327167368197285,-4.649068556834441e-05,-0.24707340674576375,-0.26574999648304376,4.649068705008403e-05,-0.7543831994752768,-0.7888806561207069,-4.649068702371208e-05,0.09741511097046388,0.10022512138462805,4.64906870238229e-05,3.619910907936791e-17,-8.12163614822503e-15
402.54,"[0.06062, 0.0456, 0.34134507809970605]",0.0456,0.34134507809970605,4.6490687027506436e-05,-0.1545501227846184,-0.15857679636207628,-4.649068702751571e-05,0.3750652016215718,0.38327167368197285,-4.649068556869564e-05,-0.24707340674576375,-0.26574999648304376,4.6490687048642246e-05,-0.7543831994752768,-0.7888806561207069,-4.64906870275164e-05,0.09741511097046388,0.10022512138462805,4.649068702750612e-05,3.619910907936791e-17,-8.12163614822503e-15
402.56,"[0.06062, 0.0456, 0.3422313821979342]",0.0456,0.3422313821979342,4.649068709272081e-05,-0.15371712222737435,-0.15814457870755264,-4.649068709261518e-05,0.3732280241011186,0.38231438812601476,-4.649068564401092e-05,-0.24383325398951097,-0.2641435341585837,4.649068712037663e-05,-0.7480131278041727,-0.7856895291649302,-4.649068709260836e-05,0.09684346835090339,0.09992993535948831,4.649068709272797e-05,3.613275169484226e-17,-8.245923407545708e-15
402.58,"[0.06062, 0.0456, 0.3422313821979342]",0.0456,0.3422313821979342,4.649068710302022e-05,-0.15371712222737435,-0.15814457870755264,-4.6490687103015635e-05,0.3732280241011186,0.38231438812601476,-4.6490685651444845e-05,-0.24383325398951097,-0.2641435341585837,4.649068712547739e-05,-0.7480131278041727,-0.7856895291649302,-4.649068710301539e-05,0.09684346835090339,0.09992993535948831,4.649068710302092e-05,3.613275169484226e-17,-8.245923407545708e-15
402.6,"[0.06062, 0.0456, 0.3422313821979342]",0.0456,0.3422313821979342,4.6490687169898136e-05,-0.15371712222737435,-0.1576741635699338,-4.649068716978745e-05,0.3732280241011186,0.3812699150669096,-4.649068572792376e-05,-0.24383325398951097,-0.2623985066133114,4.649068719801186e-05,-0.7480131278041727,-0.7822173644775187,-4.649068716978035e-05,0.09684346835090339,0.09960867702834633,4.6490687169905244e-05,3.613275169484226e-17,-8.109633749654862e-15
402.62,"[0.06062, 0.0456, 0.3431452287324847]",0.0456,0.3431452287324847,4.6490687176718106e-05,-0.15284953121638492,-0.15716447513493118,-4.649068717672116e-05,0.3713039476618056,0.38013159885680375,-4.649068573142644e-05,-0.24049368014009537,-0.26053233495076045,4.64906871993758e-05,-0.7414159965852924,-0.7784833362562958,-4.649068717672129e-05,0.09624861469491612,0.09926095925686283,4.6490687176718066e-05,3.5815312641218584e-17,-8.177882444771467e-15
402.64,"[0.06062, 0.0456, 0.3431452287324847]",0.0456,0.3431452287324847,4.64906871975397e-05,-0.15284953121638492,-0.15716447513493118,-4.649068719787785e-05,0.3713039476618056,0.38013159885680375,-4.649068573681904e-05,-0.24049368014009537,-0.26053233495076045,4.649068719684299e-05,-0.7414159965852924,-0.7784833362562958,-4.6490687197899914e-05,0.09624861469491612,0.09926095925686283,4.6490687197517956e-05,3.5815312641218584e-17,-8.177882444771467e-15
402.66,"[0.06062, 0.0456, 0.3440857158471581]",0.0456,0.3440857158471581,4.6490687257405564e-05,-0.15194733839216973,-0.15661586633313057,-4.6490687257301494e-05,0.369292159314126,0.37890139039637843,-4.649068582612548e-05,-0.23705790775788008,-0.2585383021030153,4.64906872898935e-05,-0.7345952683866638,-0.7744789853518057,-4.6490687257294555e-05,0.09563060663330104,0.09888688992893828,4.649068725741208e-05,3.5745277027889146e-17,-8.138363952766073e-15
402.68,"[0.06062, 0.0456, 0.3440857158471581]",0.0456,0.3440857158471581,4.649068730716031e-05,-0.15194733839216973,-0.15661586633313057,-4.649068730716653e-05,0.369292159314126,0.37890139039637843,-4.649068587558578e-05,-0.23705790775788008,-0.2585383021030153,4.649068733353459e-05,-0.7345952683866638,-0.7744789853518057,-4.649068730716693e-05,0.09563060663330104,0.09888688992893828,4.649068730715996e-05,3.5745277027889146e-17,-8.138363952766073e-15
402.7,"[0.06062, 0.0456, 0.3440857158471581]",0.0456,0.3440857158471581,4.649068734553808e-05,-0.15194733839216973,-0.1561106119970128,-4.649068734542844e-05,0.369292159314126,0.37777325145736285,-4.64906859222483e-05,-0.23705790775788008,-0.2566747573188852,4.649068737890996e-05,-0.7345952683866638,-0.7707556474404141,-4.649068734542131e-05,0.09563060663330104,0.09854193729092413,4.6490687345545095e-05,3.5745277027889146e-17,-8.050973781029026e-15
402.72,"[0.06062, 0.0456, 0.34505191539471847]",0.0456,0.34505191539471847,4.649068737751266e-05,-0.15101055287002565,-0.1561106119970128,-4.649068737784048e-05,0.3671919363972456,0.37777325145736285,-4.6490685933491997e-05,-0.23352922130703488,-0.2566747573188852,4.649068737916608e-05,-0.7275545559371077,-0.7707556474404141,-4.649068737786102e-05,0.0949895174328757,0.09854193729092413,4.6490687377491275e-05,3.5511396151105874e-17,-8.050973781029026e-15
402.742,"[0.06062, 0.0456, 0.34505191539471847]",0.0456,0.34505191539471847,4.649068748200174e-05,-0.15101055287002565,-0.15556386511807696,-4.649068748185679e-05,0.3671919363972456,0.37654696292251705,-4.6490686070128975e-05,-0.23352922130703488,-0.25467583104372404,4.649068751561151e-05,-0.7275545559371077,-0.7667451942118162,-4.6490687481847224e-05,0.0949895174328757,0.09816891142943716,4.6490687482010885e-05,3.5511396151105874e-17,-7.88168365064309e-15
402.76,"[0.06062, 0.0456, 0.3460428738528631]",0.0456,0.3460428738528631,4.649068749389036e-05,-0.1500392059020714,-0.15556386511807696,-4.649068749389099e-05,0.36500265558982603,0.37654696292251705,-4.649068607848926e-05,-0.22991096294825444,-0.25467583104372404,4.64906875211341e-05,-0.7202976238612696,-0.7667451942118162,-4.649068749389069e-05,0.09432543806814389,0.09816891142943716,4.6490687493890325e-05,3.557633643754397e-17,-7.88168365064309e-15
402.78,"[0.06062, 0.0456, 0.3460428738528631]",0.0456,0.3460428738528631,4.649068753322656e-05,-0.1500392059020714,-0.15497561220036177,-4.649068753310757e-05,0.36500265558982603,0.3752211823018379,-4.64906861261684e-05,-0.22991096294825444,-0.25254692910437093,4.649068756743536e-05,-0.7202976238612696,-0.76245388313281,-4.649068753309917e-05,0.09432543806814389,0.0977678934099785,4.6490687533234064e-05,3.557633643754397e-17,-7.703140145593156e-15
402.8,"[0.06062, 0.0456, 0.3460428738528631]",0.0456,0.3460428738528631,4.649068756109979e-05,-0.1500392059020714,-0.15497561220036177,-4.649068756152392e-05,0.36500265558982603,0.3752211823018379,-4.649068613033954e-05,-0.22991096294825444,-0.25254692910437093,4.649068755989655e-05,-0.7202976238612696,-0.76245388313281,-4.64906875615513e-05,0.09432543806814389,0.0977678934099785,4.6490687561072235e-05,3.557633643754397e-17,-7.703140145593156e-15
402.82,"[0.06062, 0.0456, 0.3470576132652336]",0.0456,0.3470576132652336,4.6490687625469914e-05,-0.14903335252020702,-0.15434585953082958,-4.649068762534539e-05,0.3627238016066293,0.37379490992140024,-4.649068622691738e-05,-0.2262065285617544,-0.2502921611585189,4.6490687660753986e-05,-0.7128283905069877,-0.7578863869301342,-4.649068762533677e-05,0.09363847826532744,0.09733895770726188,4.649068762547757e-05,3.557428111653538e-17,-7.548207283409254e-15
402.84,"[0.06062, 0.0456, 0.3470576132652336]",0.0456,0.3470576132652336,4.649068765348097e-05,-0.14903335252020702,-0.15434585953082958,-4.649068765395263e-05,0.3627238016066293,0.37379490992140024,-4.64906862301701e-05,-0.2262065285617544,-0.2502921611585189,4.649068765183673e-05,-0.7128283905069877,-0.7578863869301342,-4.649068765398248e-05,0.09363847826532744,0.09733895770726188,4.6490687653449994e-05,3.557428111653538e-17,-7.548207283409254e-15
402.86,"[0.06062, 0.0456, 0.34809513220654104]",0.0456,0.34809513220654104,4.649068772010187e-05,-0.14799307316099164,-0.15376443687913505,-4.6490687719969294e-05,0.36035497555778245,0.3724814429169606,-4.649068633053092e-05,-0.22241936401275583,-0.2481915334646561,4.64906877568156e-05,-0.705150929878366,-0.7536445671661831,-4.649068771996072e-05,0.09292876751867457,0.09694263209516052,4.649068772011068e-05,3.588883787953365e-17,-7.674449412622233e-15
402.88,"[0.06062, 0.0456, 0.34809513220654104]",0.0456,0.34809513220654104,4.649068778895365e-05,-0.14799307316099164,-0.15376443687913505,-4.649068778879739e-05,0.36035497555778245,0.3724814429169606,-4.649068640780995e-05,-0.22241936401275583,-0.2481915334646561,4.64906878291841e-05,-0.705150929878366,-0.7536445671661831,-4.649068778878699e-05,0.09292876751867457,0.09694263209516052,4.649068778896318e-05,3.588883787953365e-17,-7.674449412622233e-15
402.9,"[0.06062, 0.0456, 0.34809513220654104]",0.0456,0.34809513220654104,4.649068783771845e-05,-0.14799307316099164,-0.1531384526788159,-4.649068783752647e-05,0.36035497555778245,0.37106109833194195,-4.6490686460382756e-05,-0.22241936401275583,-0.2459505595081668,4.649068787775463e-05,-0.705150929878366,-0.7490994025029851,-4.649068783751363e-05,0.09292876751867457,0.0965162526131575,4.6490687837730184e-05,3.588883787953365e-17,-7.599537877674657e-15
402.92,"[0.06062, 0.0456, 0.34915440677085147]",0.0456,0.34915440677085147,4.649068785778286e-05,-0.14691847527442747,-0.1524670775211516,-4.649068785777524e-05,0.357895902951767,0.36952836844544823,-4.649068647693364e-05,-0.21855296166907534,-0.24358463894509308,4.649068789048931e-05,-0.6972694736890915,-0.7442679676963484,-4.64906878577744e-05,0.0921964560796592,0.09605956143709922,4.649068785778243e-05,3.6199573943985887e-17,-7.723025857771718e-15
402.94,"[0.06062, 0.0456, 0.34915440677085147]",0.0456,0.34915440677085147,4.6490687894576476e-05,-0.14691847527442747,-0.1524670775211516,-4.649068789510228e-05,0.357895902951767,0.36952836844544823,-4.649068649590339e-05,-0.21855296166907534,-0.24358463894509308,4.649068789864445e-05,-0.6972694736890915,-0.7442679676963484,-4.6490687895136094e-05,0.0921964560796592,0.09605956143709922,4.649068789454186e-05,3.6199573943985887e-17,-7.723025857771718e-15
402.96,"[0.06062, 0.0456, 0.3502343915820577]",0.0456,0.3502343915820577,4.649068797752095e-05,-0.14580969491959866,-0.15175156021371497,-4.649068797734503e-05,0.3553464413273051,0.36788779834431407,-4.649068661479816e-05,-0.21461085717788791,-0.24108755918128347,4.649068802123149e-05,-0.6891884135515686,-0.7391446513305786,-4.649068797733316e-05,0.09144171592034801,0.09557324388829051,4.649068797753131e-05,3.5632282319478076e-17,-7.668829454678892e-15
402.98,"[0.06062, 0.0456, 0.3502343915820577]",0.0456,0.3502343915820577,4.6490688020283145e-05,-0.14580969491959866,-0.15175156021371497,-4.649068802085289e-05,0.3553464413273051,0.36788779834431407,-4.6490686631636535e-05,-0.21461085717788791,-0.24108755918128347,4.649068802364381e-05,-0.6891884135515686,-0.7391446513305786,-4.64906880208899e-05,0.09144171592034801,0.09557324388829051,4.6490688020245753e-05,3.5632282319478076e-17,-7.668829454678892e-15
403.0,"[0.06062, 0.0456, 0.3502343915820577]",0.0456,0.3502343915820577,4.6490688102884355e-05,-0.14580969491959866,-0.15175156021371497,-4.6490688102702676e-05,0.3553464413273051,0.36788779834431407,-4.6490686750774355e-05,-0.21461085717788791,-0.24108755918128347,4.649068814677734e-05,-0.6891884135515686,-0.7391446513305786,-4.649068810269071e-05,0.09144171592034801,0.09557324388829051,4.64906881028957e-05,3.5632282319478076e-17,-7.668829454678892e-15
403.02,"[0.06062, 0.0456, 0.3513340208255392]",0.0456,0.3513340208255392,4.6490688206854146e-05,-0.14466689835102206,-0.1509944339488206,-4.6490688206622384e-05,0.3527065875032751,0.3661461423482369,-4.649068686121172e-05,-0.21059662650623961,-0.23846191135283998,4.649068824808965e-05,-0.68091230331833,-0.7337387079848163,-4.649068820660737e-05,0.09066474167284311,0.09505893155587304,4.649068820686879e-05,3.5839664288311255e-17,-7.29851429164968e-15
403.04,"[0.06062, 0.0456, 0.3513340208255392]",0.0456,0.3513340208255392,4.649068821835515e-05,-0.14466689835102206,-0.15029622593167033,-4.649068821838019e-05,0.3527065875032751,0.36454368442719676,-4.649068686772668e-05,-0.21059662650623961,-0.23601981239570705,4.649068825107241e-05,-0.68091230331833,-0.7287259923542126,-4.6490688218382e-05,0.09066474167284311,0.09458430735488864,4.6490688218353505e-05,3.5839664288311255e-17,-7.33897102927534e-15
403.06,"[0.06062, 0.0456, 0.35245220929999255]",0.0456,0.35245220929999255,4.649068825685936e-05,-0.1434902836004313,-0.15029622593167033,-4.649068825744063e-05,0.3499764844396035,0.36454368442719676,-4.649068688947456e-05,-0.20651388324751213,-0.23601981239570705,4.649068826212832e-05,-0.6724458615929808,-0.7287259923542126,-4.6490688257478174e-05,0.08986575154730721,0.09458430735488864,4.649068825682168e-05,3.582360104580936e-17,-7.33897102927534e-15
403.08,"[0.06062, 0.0456, 0.35245220929999255]",0.0456,0.35245220929999255,4.649068834383799e-05,-0.1434902836004313,-0.14955136736265265,-4.6490688343631305e-05,0.3499764844396035,0.36282676852657775,-4.649068701332836e-05,-0.20651388324751213,-0.23344191779220289,4.6490688389622185e-05,-0.6724458615929808,-0.7234078466301418,-4.649068834361778e-05,0.08986575154730721,0.09407844503958834,4.649068834385146e-05,3.582360104580936e-17,-7.216322899186979e-15
403.101,"[0.06062, 0.0456, 0.35245220929999255]",0.0456,0.35245220929999255,4.649068839002932e-05,-0.1434902836004313,-0.14955136736265265,-4.6490688390657734e-05,0.3499764844396035,0.36282676852657775,-4.64906870334962e-05,-0.20651388324751213,-0.23344191779220289,4.649068839480441e-05,-0.6724458615929808,-0.7234078466301418,-4.6490688390697734e-05,0.08986575154730721,0.09407844503958834,4.6490688389987615e-05,3.582360104580936e-17,-7.216322899186979e-15
403.12,"[0.06062, 0.0456, 0.35358785348839394]",0.0456,0.35358785348839394,4.64906884767387e-05,-0.1422800820595169,-0.1487604147204072,-4.649068847652771e-05,0.3471564277056592,0.36099528847976864,-4.6490687157483845e-05,-0.20236627619372557,-0.23073696733036067,4.6490688522670116e-05,-0.6637939744284879,-0.7177963159094365,-4.649068847651398e-05,0.08904498823161326,0.09354185087816363,4.6490688476752344e-05,3.5882234303584713e-17,-7.0420678579462e-15
403.14,"[0.06062, 0.0456, 0.35358785348839394]",0.0456,0.35358785348839394,4.6490688521069684e-05,-0.1422800820595169,-0.1487604147204072,-4.649068852176961e-05,0.3471564277056592,0.36099528847976864,-4.6490687174828206e-05,-0.20236627619372557,-0.23073696733036067,4.6490688524770466e-05,-0.6637939744284879,-0.7177963159094365,-4.6490688521815e-05,0.08904498823161326,0.09354185087816363,4.6490688521024425e-05,3.5882234303584713e-17,-7.0420678579462e-15
403.16,"[0.06062, 0.0456, 0.3547398326470374]",0.0456,0.3547398326470374,4.6490688608033635e-05,-0.14103656006988102,-0.14792385341607275,-4.649068860781574e-05,0.3442468715560319,0.3590494040732788,-4.6490687300286295e-05,-0.19815748717140422,-0.2279115130021203,4.6490688654597415e-05,-0.6549616982311021,-0.7119005056437082,-4.6490688607801806e-05,0.08820271977616292,0.092974953710588,4.649068860804777e-05,3.638862495961936e-17,-6.87117502130868e-15
403.18,"[0.06062, 0.0456, 0.3547398326470374]",0.0456,0.3547398326470374,4.649068865208325e-05,-0.14103656006988102,-0.14792385341607275,-4.6490688652852215e-05,0.3442468715560319,0.3590494040732788,-4.649068731669038e-05,-0.19815748717140422,-0.2279115130021203,4.6490688655422445e-05,-0.6549616982311021,-0.7119005056437082,-4.649068865290208e-05,0.08820271977616292,0.092974953710588,4.649068865203337e-05,3.638862495961936e-17,-6.87117502130868e-15
403.2,"[0.06062, 0.0456, 0.3547398326470374]",0.0456,0.3547398326470374,4.649068874054186e-05,-0.14103656006988102,-0.14715660372373474,-4.649068874031271e-05,0.3442468715560319,0.35727160128881486,-4.649068744474489e-05,-0.19815748717140422,-0.22528181610237022,4.6490688788169517e-05,-0.6549616982311021,-0.7064426652769439,-4.6490688740297654e-05,0.08820271977616292,0.09245441111584893,4.649068874055667e-05,3.638862495961936e-17,-6.717772741334583e-15
403.22,"[0.06062, 0.0456, 0.3559070099115735]",0.0456,0.3559070099115735,4.649068879102458e-05,-0.13976002052712083,-0.14715660372373474,-4.649068879170586e-05,0.3412484346166238,0.35727160128881486,-4.6490687469837395e-05,-0.193891229136634,-0.22528181610237022,4.6490688797884984e-05,-0.6459542628883825,-0.7064426652769439,-4.6490688791749864e-05,0.08733924046784595,0.09245441111584893,4.649068879097986e-05,3.6773433228154277e-17,-6.717772741334583e-15
403.24,"[0.06062, 0.0456, 0.3559070099115735]",0.0456,0.3559070099115735,4.6490688882282744e-05,-0.13976002052712083,-0.14634026151100457,-4.649068888203675e-05,0.3412484346166238,0.35537136348362436,-4.649068759868616e-05,-0.193891229136634,-0.22252012545408556,4.649068893030448e-05,-0.6459542628883825,-0.7006761099571474,-4.649068888202065e-05,0.08733924046784595,0.09190122804925803,4.6490688882298506e-05,3.6773433228154277e-17,-6.507401558901511e-15
403.26,"[0.06062, 0.0456, 0.3570882334189572]",0.0456,0.3570882334189572,4.6490688930755966e-05,-0.1384508045065329,-0.14634026151100457,-4.649068893151949e-05,0.3381619051867479,0.35537136348362436,-4.649068762052454e-05,-0.1895712445230096,-0.22252012545408556,4.6490688936384805e-05,-0.6367770751398586,-0.7006761099571474,-4.649068893156917e-05,0.08645487169749422,0.09190122804925803,4.6490688930706405e-05,3.696951133350603e-17,-6.507401558901511e-15
403.28,"[0.06062, 0.0456, 0.3570882334189572]",0.0456,0.3570882334189572,4.6490689021767976e-05,-0.1384508045065329,-0.14547534381185687,-4.649068902151792e-05,0.3381619051867479,0.3533486792777693,-4.649068775024427e-05,-0.1895712445230096,-0.21963474456320978,4.6490689070202154e-05,-0.6367770751398586,-0.694612250261382,-4.649068902150126e-05,0.08645487169749422,0.09131588767080129,4.6490689021783894e-05,3.696951133350603e-17,-6.307782181712001e-15
403.3,"[0.06062, 0.0456, 0.3570882334189572]",0.0456,0.3570882334189572,4.64906890695735e-05,-0.1384508045065329,-0.14547534381185687,-4.6490689070417524e-05,0.3381619051867479,0.3533486792777693,-4.6490687770816025e-05,-0.1895712445230096,-0.21963474456320978,4.6490689074722335e-05,-0.6367770751398586,-0.694612250261382,-4.649068907047194e-05,0.08645487169749422,0.09131588767080129,4.6490689069518686e-05,3.696951133350603e-17,-6.307782181712001e-15
403.32,"[0.06062, 0.0456, 0.35828233744419746]",0.0456,0.35828233744419746,4.649068916167264e-05,-0.13710929291842328,-0.14455973039658124,-4.649068916141256e-05,0.3349882461653434,0.35119523436961253,-4.649068790262797e-05,-0.18520130383431757,-0.21663745959863262,4.649068921098851e-05,-0.6274357222086375,-0.688260215939057,-4.6490689161395476e-05,0.08554996282548367,0.09069728845295869,4.649068916168974e-05,3.724197267587434e-17,-6.460510714799079e-15
403.34,"[0.06062, 0.0456, 0.35828233744419746]",0.0456,0.35828233744419746,4.649068919462344e-05,-0.13710929291842328,-0.14455973039658124,-4.649068919462174e-05,0.3349882461653434,0.35119523436961253,-4.649068793543472e-05,-0.18520130383431757,-0.21663745959863262,4.6490689239375944e-05,-0.6274357222086375,-0.688260215939057,-4.649068919462161e-05,0.08554996282548367,0.09069728845295869,4.649068919462418e-05,3.724197267587434e-17,-6.460510714799079e-15
403.36,"[0.06062, 0.0456, 0.35948814355078734]",0.0456,0.35948814355078734,4.649068932072397e-05,-0.13573590820139228,-0.14360000923158564,-4.6490689320348506e-05,0.3317285996114801,0.3489319307792788,-4.649068807847762e-05,-0.18078520447208418,-0.21352031172724953,4.649068937466872e-05,-0.6179359757118196,-0.6816262348160881,-4.649068932032429e-05,0.08462489205038713,0.09004943858608008,4.6490689320748536e-05,3.7763342988255983e-17,-6.1695059638518124e-15
403.38,"[0.06062, 0.0456, 0.35948814355078734]",0.0456,0.35948814355078734,4.649068937121217e-05,-0.13573590820139228,-0.14360000923158564,-4.649068937220831e-05,0.3317285996114801,0.3489319307792788,-4.649068809798939e-05,-0.18078520447208418,-0.21352031172724953,4.649068937610804e-05,-0.6179359757118196,-0.6816262348160881,-4.649068937227232e-05,0.08462489205038713,0.09004943858608008,4.649068937114712e-05,3.7763342988255983e-17,-6.1695059638518124e-15
403.4,"[0.06062, 0.0456, 0.35948814355078734]",0.0456,0.35948814355078734,4.6490689465312286e-05,-0.13573590820139228,-0.14271606179598614,-4.6490689465026836e-05,0.3317285996114801,0.34685198293045605,-4.649068823309054e-05,-0.18078520447208418,-0.21062352747606877,4.649068951616318e-05,-0.6179359757118196,-0.675481859345984,-4.649068946500831e-05,0.08462489205038713,0.08945233905891746,4.6490689465330684e-05,3.7763342988255983e-17,-6.309204597538236e-15
403.42,"[0.06062, 0.0456, 0.3607044617536784]",0.0456,0.3607044617536784,4.6490689520211405e-05,-0.13433111606226125,-0.14271606179598614,-4.649068952110756e-05,0.32838429095101224,0.34685198293045605,-4.649068826243533e-05,-0.17632676978649642,-0.21062352747606877,4.649068952905395e-05,-0.6082837958668469,-0.675481859345984,-4.649068952116493e-05,0.08368006728573797,0.08945233905891746,4.649068952015236e-05,3.7417923774532906e-17,-6.309204597538236e-15
403.44,"[0.06062, 0.0456, 0.3607044617536784]",0.0456,0.3607044617536784,4.649068961813123e-05,-0.13433111606226125,-0.141780421632879,-4.64906896178216e-05,0.32838429095101224,0.34464137479709683,-4.6490688399440395e-05,-0.17632676978649642,-0.20759991783692644,4.649068966979927e-05,-0.6082837958668469,-0.669026172850091,-4.649068961780058e-05,0.08368006728573797,0.08882117812893538,4.649068961815104e-05,3.7417923774532906e-17,-6.432505622054569e-15
403.46,"[0.06062, 0.0456, 0.36193009169365226]",0.0456,0.36193009169365226,4.649068965686468e-05,-0.13289542727148657,-0.1407921083553594,-4.6490689656839656e-05,0.3249568328425448,0.34229493218840495,-4.649068843845959e-05,-0.17182984833769574,-0.20446315476220644,4.649068970382511e-05,-0.5984853360098965,-0.6622737817377986,-4.649068965683796e-05,0.08271592705006146,0.08815560375151205,4.64906896568663e-05,3.7797919794131886e-17,-6.7367362929832374e-15
403.48,"[0.06062, 0.0456, 0.36193009169365226]",0.0456,0.36193009169365226,4.649068971981191e-05,-0.13289542727148657,-0.1407921083553594,-4.6490689720864397e-05,0.3249568328425448,0.34229493218840495,-4.6490688483906974e-05,-0.17182984833769574,-0.20446315476220644,4.6490689734571694e-05,-0.5984853360098965,-0.6622737817377986,-4.6490689720932024e-05,0.08271592705006146,0.08815560375151205,4.649068971974298e-05,3.7797919794131886e-17,-6.7367362929832374e-15
403.5,"[0.06062, 0.0456, 0.36193009169365226]",0.0456,0.36193009169365226,4.64906898360622e-05,-0.13289542727148657,-0.13988127834896022,-4.6490689835676785e-05,0.3249568328425448,0.3401389525934247,-4.649068864219341e-05,-0.17182984833769574,-0.20153671288391356,4.649068989594419e-05,-0.5984853360098965,-0.6560036195290445,-4.6490689835651225e-05,0.08271592705006146,0.08754165881329691,4.649068983608676e-05,3.7797919794131886e-17,-7.115362752867457e-15
403.52,"[0.06062, 0.0456, 0.36316382382193024]",0.0456,0.36316382382193024,4.649068989678685e-05,-0.13142939952296417,-0.13988127834896022,-4.6490689896678025e-05,0.32144792871675476,0.3401389525934247,-4.649068870456013e-05,-0.16729831335299483,-0.20153671288391356,4.649068995134672e-05,-0.5885469474410189,-0.6560036195290445,-4.6490689896670225e-05,0.08173294137533631,0.08754165881329691,4.6490689896793384e-05,3.767766675290778e-17,-7.115362752867457e-15
403.54,"[0.06062, 0.0456, 0.36316382382193024]",0.0456,0.36316382382193024,4.649069004204456e-05,-0.13142939952296417,-0.1389172119742141,-4.6490690041539524e-05,0.32144792871675476,0.33785050211153517,-4.6490688866944977e-05,-0.16729831335299483,-0.19847104337761148,4.6490690103880186e-05,-0.5885469474410189,-0.6494007104262229,-4.649069004150644e-05,0.08173294137533631,0.08689256576170953,4.6490690042077376e-05,3.767766675290778e-17,-7.0325932795862996e-15
403.56,"[0.06062, 0.0456, 0.364404440593852]",0.0456,0.364404440593852,4.6490690097120436e-05,-0.12993363936707458,-0.1378981482790041,-4.6490690097044624e-05,0.3178594760036082,0.3354203481299511,-4.649068892026554e-05,-0.1627360623642489,-0.19528989545868664,4.649069014948552e-05,-0.5784751846090487,-0.6424907051135597,-4.649069009703911e-05,0.08073161273898015,0.0862076556891265,4.649069009712494e-05,3.7842822038804174e-17,-7.11339136306015e-15
403.58,"[0.06062, 0.0456, 0.364404440593852]",0.0456,0.364404440593852,4.649069017102874e-05,-0.12993363936707458,-0.1378981482790041,-4.6490690172151096e-05,0.3178594760036082,0.3354203481299511,-4.649068897739253e-05,-0.1627360623642489,-0.19528989545868664,4.649069019068921e-05,-0.5784751846090487,-0.6424907051135597,-4.6490690172223324e-05,0.08073161273898015,0.0862076556891265,4.6490690170955296e-05,3.7842822038804174e-17,-7.11339136306015e-15
403.601,"[0.06062, 0.0456, 0.364404440593852]",0.0456,0.364404440593852,4.6490690370511325e-05,-0.12993363936707458,-0.13696631941429036,-4.649069036997214e-05,0.3178594760036082,0.3332085679226189,-4.649068922424677e-05,-0.1627360623642489,-0.19232468928355897,4.649069043349175e-05,-0.5784751846090487,-0.6360975374395978,-4.649069036993574e-05,0.08073161273898015,0.0855805070880993,4.649069037054525e-05,3.7842822038804174e-17,-6.897535595930086e-15
403.62,"[0.06062, 0.0456, 0.36565071767044516]",0.0456,0.36565071767044516,4.6490690379076766e-05,-0.12840880422560322,-0.13696631941429036,-4.649069038004309e-05,0.31419356906202867,0.3332085679226189,-4.6490689204035446e-05,-0.15814701700828995,-0.19232468928355897,4.6490690400303195e-05,-0.5682768106470791,-0.6360975374395978,-4.649069038010495e-05,0.0797124770242821,0.0855805070880993,4.649069037901342e-05,3.827976832197923e-17,-6.897535595930086e-15
403.64,"[0.06062, 0.0456, 0.36565071767044516]",0.0456,0.36565071767044516,4.649069050074365e-05,-0.12840880422560322,-0.13597551878614883,-4.6490690500295475e-05,0.31419356906202867,0.330845591259784,-4.6490689364575295e-05,-0.15814701700828995,-0.18923371611952713,4.6490690562141064e-05,-0.5682768106470791,-0.6293728326640554,-4.6490690500266344e-05,0.0797124770242821,0.08491494005345085,4.649069050077286e-05,3.827976832197923e-17,-6.828254874599679e-15
403.66,"[0.06062, 0.0456, 0.36690142512669993]",0.0456,0.36690142512669993,4.6490690562453626e-05,-0.12685560449682906,-0.13597551878614883,-4.6490690562357504e-05,0.3104525018262143,0.330845591259784,-4.649068942788652e-05,-0.15353512297212815,-0.18923371611952713,4.649069061815419e-05,-0.5579588032667427,-0.6293728326640554,-4.6490690562350945e-05,0.07867610451395823,0.08491494005345085,4.649069056245987e-05,3.821570379978444e-17,-6.828254874599679e-15
403.68,"[0.06062, 0.0456, 0.36690142512669993]",0.0456,0.36690142512669993,4.649069070951647e-05,-0.12685560449682906,-0.13493134750332994,-4.6490690708951965e-05,0.3104525018262143,0.32834787410370314,-4.6490689592336796e-05,-0.15353512297212815,-0.18601980238920196,4.649069077269319e-05,-0.5579588032667427,-0.6223345074557978,-4.649069070891524e-05,0.07867610451395823,0.0842145444496684,4.6490690709552843e-05,3.821570379978444e-17,-6.504172293544986e-15
403.7,"[0.06062, 0.0456, 0.36690142512669993]",0.0456,0.36690142512669993,4.649069083756746e-05,-0.12685560449682906,-0.1339727985834955,-4.649069083710199e-05,0.3104525018262143,0.32606171740975776,-4.649068973077098e-05,-0.15353512297212815,-0.1830333501340318,4.64906908996958e-05,-0.5579588032667427,-0.6158253312448421,-4.6490690837071235e-05,0.07867610451395823,0.08357104126393808,4.649069083759735e-05,3.821570379978444e-17,-6.438785958860508e-15
403.72,"[0.06062, 0.0456, 0.36815532866535683]",0.0456,0.36815532866535683,4.64906908489378e-05,-0.12527480575855038,-0.1339727985834955,-4.649069085000703e-05,0.30663877018193153,0.32606171740975776,-4.649068971675138e-05,-0.1489043500634019,-0.1830333501340318,4.6490690873387596e-05,-0.5475283610163424,-0.6158253312448421,-4.649069085007578e-05,0.07762310092113736,0.08357104126393808,4.649069084886817e-05,3.770898604508248e-17,-6.438785958860508e-15
403.74,"[0.06062, 0.0456, 0.36815532866535683]",0.0456,0.36815532866535683,4.649069097739367e-05,-0.12527480575855038,-0.13295762351383358,-4.649069097688242e-05,0.30663877018193153,0.3236334245984956,-4.649068988434281e-05,-0.1489043500634019,-0.1799143639744473,4.6490691041841294e-05,-0.5475283610163424,-0.6089810448358203,-4.649069097684915e-05,0.07762310092113736,0.08289056924099357,4.6490690977426674e-05,3.770898604508248e-17,-6.0786686315967035e-15
403.76,"[0.06062, 0.0456, 0.36941119083500873]",0.0456,0.36941119083500873,4.64906910615735e-05,-0.12366723107612296,-0.13295762351383358,-4.649069106274704e-05,0.30275507408484637,0.3236334245984956,-4.649068994610352e-05,-0.14425869238540515,-0.1799143639744473,4.6490691083899644e-05,-0.5369929099042106,-0.6089810448358203,-4.649069106282337e-05,0.07655410846163174,0.08289056924099357,4.649069106149734e-05,3.845735526347324e-17,-6.0786686315967035e-15
403.78,"[0.06062, 0.0456, 0.36941119083500873]",0.0456,0.36941119083500873,4.649069118444243e-05,-0.12366723107612296,-0.13188211254757845,-4.64906911839489e-05,0.30275507408484637,0.32104919455994435,-4.6490690107515096e-05,-0.14425869238540515,-0.17668121730690348,4.649069124676255e-05,-0.5369929099042106,-0.6018151478757722,-4.649069118391666e-05,0.07655410846163174,0.08217116951684127,4.6490691184474046e-05,3.845735526347324e-17,-5.971547021461125e-15
403.8,"[0.06062, 0.0456, 0.36941119083500873]",0.0456,0.36941119083500873,4.649069131392141e-05,-0.12366723107612296,-0.13188211254757845,-4.649069131386798e-05,0.30275507408484637,0.32104919455994435,-4.6490690241733396e-05,-0.14425869238540515,-0.17668121730690348,4.6490691366949974e-05,-0.5369929099042106,-0.6018151478757722,-4.649069131386414e-05,0.07655410846163174,0.08217116951684127,4.6490691313924106e-05,3.845735526347324e-17,-5.971547021461125e-15
403.82,"[0.06062, 0.0456, 0.37066777225131625]",0.0456,0.37066777225131625,4.649069138246331e-05,-0.12203376342168029,-0.13075145551725212,-4.649069138197509e-05,0.29880431943116736,0.31832405512602446,-4.64906903215104e-05,-0.13960216859483,-0.17333911362543847,4.649069144344425e-05,-0.5263601103842421,-0.5943476889224432,-4.649069138194249e-05,0.07546980697075283,0.08141622405958386,4.64906913824938e-05,3.7942718886948506e-17,-5.879037801071604e-15
403.84,"[0.06062, 0.0456, 0.37066777225131625]",0.0456,0.37066777225131625,4.649069144363869e-05,-0.12203376342168029,-0.129713461404064,-4.649069144357495e-05,0.29880431943116736,0.3158292355655845,-4.649069038499806e-05,-0.13960216859483,-0.17023468215859983,4.64906914996757e-05,-0.5263601103842421,-0.5874438431151752,-4.649069144357026e-05,0.07546980697075283,0.08072262840659934,4.649069144364221e-05,3.7942718886948506e-17,-5.981800351832939e-15
403.86,"[0.06062, 0.0456, 0.3719238328201304]",0.0456,0.3719238328201304,4.6490691531127565e-05,-0.12037534820958956,-0.129713461404064,-4.649069153236789e-05,0.2947896196886625,0.3158292355655845,-4.649069046055743e-05,-0.13493882221922332,-0.17023468215859983,4.64906915590768e-05,-0.5156378646955113,-0.5874438431151752,-4.649069153244775e-05,0.07437091506723405,0.08072262840659934,4.649069153104616e-05,3.82205547859125e-17,-5.981800351832939e-15
403.88,"[0.06062, 0.0456, 0.3719238328201304]",0.0456,0.3719238328201304,4.64906916647103e-05,-0.12037534820958956,-0.12861901856161492,-4.649069166410994e-05,0.2947896196886625,0.3131930743011425,-4.6490690632484385e-05,-0.13493882221922332,-0.1670057363345588,4.649069173146319e-05,-0.5156378646955113,-0.5802145720692804,-4.649069166407005e-05,0.07437091506723405,0.0799924660651581,4.649069166474834e-05,3.82205547859125e-17,-5.729990663842067e-15
403.9,"[0.06062, 0.0456, 0.3719238328201304]",0.0456,0.3719238328201304,4.649069175532306e-05,-0.12037534820958956,-0.12861901856161492,-4.649069175667211e-05,0.2947896196886625,0.3131930743011425,-4.64906907028539e-05,-0.13493882221922332,-0.1670057363345588,4.649069178150416e-05,-0.5156378646955113,-0.5802145720692804,-4.649069175675927e-05,0.07437091506723405,0.0799924660651581,4.649069175523516e-05,3.82205547859125e-17,-5.729990663842067e-15
403.92,"[0.06062, 0.0456, 0.3731781329613159]",0.0456,0.3731781329613159,4.6490691883395124e-05,-0.11869299595181494,-0.12747006499642344,-4.649069188281633e-05,0.2907142972933775,0.31041898426214126,-4.6490690868393456e-05,-0.1302727220099497,-0.16366882891737203,4.649069194800833e-05,-0.5048343245419127,-0.5726863159383399,-4.6490691882777664e-05,0.0732581913659721,0.07922727094369778,4.6490691883431546e-05,3.810073067573691e-17,-5.35416767526555e-15
403.94,"[0.06062, 0.0456, 0.3731781329613159]",0.0456,0.3731781329613159,4.6490691968479014e-05,-0.11869299595181494,-0.12747006499642344,-4.649069196998111e-05,0.2907142972933775,0.31041898426214126,-4.649069093311463e-05,-0.1302727220099497,-0.16366882891737203,4.64906919926872e-05,-0.5048343245419127,-0.5726863159383399,-4.6490691970078544e-05,0.0732581913659721,0.07922727094369778,4.649069196838129e-05,3.810073067573691e-17,-5.35416767526555e-15
403.96,"[0.06062, 0.0456, 0.3744294348320668]",0.0456,0.3744294348320668,4.649069209239276e-05,-0.11698778503521716,-0.12626819752037724,-4.6490692091821905e-05,0.28658188481418545,0.3075103482209693,-4.64906910943751e-05,-0.12560796230527288,-0.1602352921462396,4.649069215561413e-05,-0.49395789909099946,-0.5648779034666817,-4.649069209178468e-05,0.0721324357403023,0.07842827731871257,4.649069209242947e-05,3.8228690732207426e-17,-4.973648303674718e-15
403.98,"[0.06062, 0.0456, 0.3744294348320668]",0.0456,0.3744294348320668,4.649069217436993e-05,-0.11698778503521716,-0.12626819752037724,-4.6490692176008e-05,0.28658188481418545,0.3075103482209693,-4.6490691156314625e-05,-0.12560796230527288,-0.1602352921462396,4.6490692197663144e-05,-0.49395789909099946,-0.5648779034666817,-4.6490692176114084e-05,0.0721324357403023,0.07842827731871257,4.649069217426307e-05,3.8228690732207426e-17,-4.973648303674718e-15
404.0,"[0.06062, 0.0456, 0.3744294348320668]",0.0456,0.3744294348320668,4.649069229609146e-05,-0.11698778503521716,-0.1251742873877555,-4.6490692295513204e-05,0.28658188481418545,0.3048730364727849,-4.649069131515444e-05,-0.12560796230527288,-0.15705906360372845,4.649069235861964e-05,-0.49395789909099946,-0.5577026875432382,-4.649069229547537e-05,0.0721324357403023,0.07770032884144344,4.649069229612815e-05,3.8228690732207426e-17,-4.630487868076935e-15
404.02,"[0.06062, 0.0456, 0.37567650354850823]",0.0456,0.37567650354850823,4.6490692379862655e-05,-0.11526086462084631,-0.1251742873877555,-4.649069238129508e-05,0.2823961258835742,0.3048730364727849,-4.649069138039103e-05,-0.12094866337691336,-0.15705906360372845,4.649069240468987e-05,-0.4830172632633218,-0.5577026875432382,-4.649069238138738e-05,0.07099449063335964,0.07770032884144344,4.649069237976875e-05,3.809802993286995e-17,-4.630487868076935e-15
404.04,"[0.06062, 0.0456, 0.37567650354850823]",0.0456,0.37567650354850823,4.6490692500779936e-05,-0.11526086462084631,-0.12402280563451494,-4.649069250018206e-05,0.2823961258835742,0.3020904292578838,-4.649069153688605e-05,-0.12094866337691336,-0.1537731129913592,4.6490692562459296e-05,-0.4830172632633218,-0.5502175580910107,-4.64906925001433e-05,0.07099449063335964,0.07693551754565947,4.6490692500818845e-05,3.809802993286995e-17,-4.264912392854326e-15
404.06,"[0.06062, 0.0456, 0.3769181084043774]",0.0456,0.3769181084043774,4.649069258178701e-05,-0.1135134576629819,-0.12402280563451494,-4.6490692583373936e-05,0.27816097588886934,0.3020904292578838,-4.649069159931939e-05,-0.11629897173220195,-0.1537731129913592,4.649069260562943e-05,-0.47202136627468844,-0.5502175580910107,-4.649069258347612e-05,0.06984524241673615,0.07693551754565947,4.649069258168334e-05,3.7435896048373646e-17,-4.264912392854326e-15
404.08,"[0.06062, 0.0456, 0.3769181084043774]",0.0456,0.3769181084043774,4.649069270053827e-05,-0.1135134576629819,-0.12280883033798484,-4.649069269994497e-05,0.27816097588886934,0.2991467224309009,-4.6490691753444074e-05,-0.11629897173220195,-0.15038876665978493,4.649069276150158e-05,-0.47202136627468844,-0.5424235899226212,-4.649069269990591e-05,0.06984524241673615,0.07613103238315594,4.649069270057648e-05,3.7435896048373646e-17,-4.256017165774517e-15
404.1,"[0.06062, 0.0456, 0.3769181084043774]",0.0456,0.3769181084043774,4.649069276796644e-05,-0.1135134576629819,-0.12280883033798484,-4.649069276788078e-05,0.27816097588886934,0.2991467224309009,-4.6490691824546615e-05,-0.11629897173220195,-0.15038876665978493,4.649069282478726e-05,-0.47202136627468844,-0.5424235899226212,-4.649069276787485e-05,0.06984524241673615,0.07613103238315594,4.6490692767971505e-05,3.7435896048373646e-17,-4.256017165774517e-15
404.12,"[0.06062, 0.0456, 0.37815302408558243]",0.0456,0.37815302408558243,4.6490692913187904e-05,-0.11174686404297089,-0.12154197327247286,-4.649069291238891e-05,0.2738806024133443,0.2960700716031947,-4.64906919865719e-05,-0.1116630603426417,-0.14691279392300938,4.649069297712985e-05,-0.46097944038359845,-0.5343553798313915,-4.6490692912336474e-05,0.0686856227930992,0.07529303147174111,4.6490692913239296e-05,3.753720726500142e-17,-4.122932041458244e-15
404.14,"[0.06062, 0.0456, 0.37815302408558243]",0.0456,0.37815302408558243,4.649069298165091e-05,-0.11174686404297089,-0.12037971962624452,-4.649069298157679e-05,0.2738806024133443,0.2932547573820697,-4.64906920565808e-05,-0.1116630603426417,-0.1436886162651959,4.649069303811463e-05,-0.46097944038359845,-0.5269062342417712,-4.649069298157156e-05,0.0686856227930992,0.07452375368219967,4.649069298165547e-05,3.753720726500142e-17,-4.270578536852379e-15
404.16,"[0.06062, 0.0456, 0.3793800318794391]",0.0456,0.3793800318794391,4.6490693071300665e-05,-0.10996246380979055,-0.12037971962624452,-4.649069307290109e-05,0.26955938541141805,0.2932547573820697,-4.6490692137572086e-05,-0.1070451287683763,-0.1436886162651959,4.649069310282362e-05,-0.4499010097846234,-0.5269062342417712,-4.649069307300518e-05,0.06751661023767339,0.07452375368219967,4.649069307119718e-05,3.703984481809141e-17,-4.270578536852379e-15
404.18,"[0.06062, 0.0456, 0.3793800318794391]",0.0456,0.3793800318794391,4.649069320346993e-05,-0.10996246380979055,-0.11916127063824829,-4.649069320272457e-05,0.26955938541141805,0.290300419694064,-4.6490692304328486e-05,-0.1070451287683763,-0.14035670272003636,4.649069326984064e-05,-0.4499010097846234,-0.5191526078010836,-4.6490693202675814e-05,0.06751661023767339,0.07371869743622111,4.6490693203517785e-05,3.703984481809141e-17,-4.137751262475866e-15
404.2,"[0.06062, 0.0456, 0.3793800318794391]",0.0456,0.3793800318794391,4.649069329795433e-05,-0.10996246380979055,-0.11916127063824829,-4.649069329966327e-05,0.26955938541141805,0.290300419694064,-4.649069238382237e-05,-0.1070451287683763,-0.14035670272003636,4.649069332901774e-05,-0.4499010097846234,-0.5191526078010836,-4.649069329977358e-05,0.06751661023767339,0.07371869743622111,4.649069329784312e-05,3.703984481809141e-17,-4.137751262475866e-15
404.22,"[0.06062, 0.0456, 0.3805979208773933]",0.0456,0.3805979208773933,4.649069342677224e-05,-0.1081617205156645,-0.1178889598230521,-4.649069342604757e-05,0.2652019170963658,0.2872120912092227,-4.649069254606686e-05,-0.10244940314674003,-0.13693255726033365,4.649069349172698e-05,-0.4387958995756244,-0.5111209011584438,-4.649069342599963e-05,0.0663392314714889,0.07287963059860221,4.6490693426818526e-05,3.7500124018396785e-17,-3.906126422733945e-15
404.24,"[0.06062, 0.0456, 0.3805979208773933]",0.0456,0.3805979208773933,4.649069351784746e-05,-0.1081617205156645,-0.1178889598230521,-4.649069351972169e-05,0.2652019170963658,0.2872120912092227,-4.6490692622431614e-05,-0.10244940314674003,-0.13693255726033365,4.6490693547912436e-05,-0.4387958995756244,-0.5111209011584438,-4.6490693519842564e-05,0.0663392314714889,0.07287963059860221,4.649069351772553e-05,3.7500124018396785e-17,-3.906126422733945e-15
404.26,"[0.06062, 0.0456, 0.38180548917004165]",0.0456,0.38180548917004165,4.6490693643742566e-05,-0.10634618463093444,-0.11672308701652517,-4.649069364302471e-05,0.2608130015126676,0.2843899599846025,-4.649069278121462e-05,-0.09788013601173201,-0.13375768779966551,4.6490693707644615e-05,-0.4276742447122216,-0.5037113826786879,-4.649069364297796e-05,0.06515456295704505,0.07211026839875109,4.649069364378917e-05,3.7497502761778683e-17,-3.962186521106139e-15
404.28,"[0.06062, 0.0456, 0.38180548917004165]",0.0456,0.38180548917004165,4.649069372426504e-05,-0.10634618463093444,-0.11672308701652517,-4.649069372404789e-05,0.2608130015126676,0.2843899599846025,-4.649069286674326e-05,-0.09788013601173201,-0.13375768779966551,4.649069378425305e-05,-0.4276742447122216,-0.5037113826786879,-4.6490693724033564e-05,0.06515456295704505,0.07211026839875109,4.649069372427902e-05,3.7497502761778683e-17,-3.962186521106139e-15
404.3,"[0.06062, 0.0456, 0.38180548917004165]",0.0456,0.38180548917004165,4.6490693872606755e-05,-0.10634618463093444,-0.11549985616183803,-4.6490693871677675e-05,0.2608130015126676,0.281426916509171,-4.649069303121498e-05,-0.09788013601173201,-0.13047662942142582,4.6490693938342915e-05,-0.4276742447122216,-0.4959957861257741,-4.649069387161644e-05,0.06515456295704505,0.07130456169334747,4.649069387266656e-05,3.7497502761778683e-17,-3.7728970559978065e-15
404.32,"[0.06062, 0.0456, 0.3830015450332707]",0.0456,0.3830015450332707,4.649069395136182e-05,-0.10451749701771894,-0.11549985616183803,-4.6490693951195394e-05,0.25639765375835083,0.281426916509171,-4.649069311278713e-05,-0.09334160590997469,-0.13047662942142582,4.649069400999416e-05,-0.4165464988468902,-0.4959957861257741,-4.649069395118416e-05,0.06396373240450065,0.07130456169334747,4.649069395137255e-05,3.707397446157082e-17,-3.7728970559978065e-15
404.34,"[0.06062, 0.0456, 0.3830015450332707]",0.0456,0.3830015450332707,4.649069409572551e-05,-0.10451749701771894,-0.11422162040573988,-4.649069409481411e-05,0.25639765375835083,0.2783280128738434,-4.64906932727466e-05,-0.09334160590997469,-0.12710540671439546,4.6490694159918305e-05,-0.4165464988468902,-0.48800132835373494,-4.649069409475453e-05,0.06396373240450065,0.07046429852246285,4.6490694095784284e-05,3.707397446157082e-17,-3.5102487567184704e-15
404.36,"[0.06062, 0.0456, 0.3841849081043451]",0.0456,0.3841849081043451,4.649069417145576e-05,-0.10267739243658215,-0.11422162040573988,-4.649069417134159e-05,0.2519610988153771,0.2783280128738434,-4.64906933513255e-05,-0.08883811677745716,-0.12710540671439546,4.6490694228830297e-05,-0.4054234429322045,-0.48800132835373494,-4.6490694171333144e-05,0.06276792027367291,0.07046429852246285,4.649069417146183e-05,3.708087374275559e-17,-3.5102487567184704e-15
404.38,"[0.06062, 0.0456, 0.3841849081043451]",0.0456,0.3841849081043451,4.6490694312741385e-05,-0.10267739243658215,-0.11289080292051648,-4.649069431182673e-05,0.2519610988153771,0.2750991927873157,-4.6490693507980105e-05,-0.08883811677745716,-0.12365592431747138,4.6490694375822754e-05,-0.4054234429322045,-0.47975014770871166,-4.649069431176746e-05,0.06276792027367291,0.0695912350653067,4.6490694312800515e-05,3.708087374275559e-17,-3.2590386114637054e-15
404.4,"[0.06062, 0.0456, 0.3841849081043451]",0.0456,0.3841849081043451,4.649069438703663e-05,-0.10267739243658215,-0.11289080292051648,-4.6490694386954434e-05,0.2519610988153771,0.2750991927873157,-4.649069358535428e-05,-0.08883811677745716,-0.12365592431747138,4.6490694443656405e-05,-0.4054234429322045,-0.47975014770871166,-4.649069438694853e-05,0.06276792027367291,0.0695912350653067,4.6490694387041245e-05,3.708087374275559e-17,-3.2590386114637054e-15
404.42,"[0.06062, 0.0456, 0.3853544105467828]",0.0456,0.3853544105467828,4.649069454585819e-05,-0.10082770305451676,-0.11151015358985802,-4.649069454808803e-05,0.2475087699384566,0.27174769087678174,-4.649069374285341e-05,-0.08437399704026767,-0.12013802458342893,4.6490694577777046e-05,-0.3943161934482957,-0.4712626700684887,-4.649069454823193e-05,0.061568361253994064,0.06868729005025681,4.649069454571323e-05,3.740853886547521e-17,-3.0538988201999238e-15
404.44,"[0.06062, 0.0456, 0.3853544105467828]",0.0456,0.3853544105467828,4.64906946685427e-05,-0.10082770305451676,-0.11151015358985802,-4.649069466775715e-05,0.2475087699384566,0.27174769087678174,-4.6490693894931826e-05,-0.08437399704026767,-0.12013802458342893,4.6490694730901866e-05,-0.3943161934482957,-0.4712626700684887,-4.649069466770546e-05,0.061568361253994064,0.06868729005025681,4.649069466859262e-05,3.740853886547521e-17,-3.0538988201999238e-15
404.46,"[0.06062, 0.0456, 0.3865088982028689]",0.0456,0.3865088982028689,4.649069473848489e-05,-0.09897036191591442,-0.11025392774392613,-4.649069473752033e-05,0.24304630654454024,0.2687097881821381,-4.6490693970440063e-05,-0.0799535984015153,-0.11688492417641522,4.6490694800562554e-05,-0.38323621009321196,-0.46347002029677725,-4.649069473745735e-05,0.06036634570111182,0.06786416166803402,4.649069473854696e-05,3.729068973007027e-17,-2.8853012471645897e-15
404.48,"[0.06062, 0.0456, 0.3865088982028689]",0.0456,0.3865088982028689,4.649069481427968e-05,-0.09897036191591442,-0.11025392774392613,-4.6490694814117466e-05,0.24304630654454024,0.2687097881821381,-4.649069404980871e-05,-0.0799535984015153,-0.11688492417641522,4.6490694870409656e-05,-0.38323621009321196,-0.46347002029677725,-4.649069481410712e-05,0.06036634570111182,0.06786416166803402,4.649069481429009e-05,3.729068973007027e-17,-2.8853012471645897e-15
404.501,"[0.06062, 0.0456, 0.38764723173266974]",0.0456,0.38764723173266974,4.6490694950933955e-05,-0.09897036191591442,-0.1089435187797025,-4.6490694949963926e-05,0.24304630654454024,0.2655397887034612,-4.6490694201215145e-05,-0.0799535984015153,-0.11354866310252042,4.649069501241112e-05,-0.38323621009321196,-0.45540982854212075,-4.64906949499007e-05,0.06036634570111182,0.06700726117240251,4.64906949509966e-05,3.729068973007027e-17,-2.692739661903383e-15
404.52,"[0.06062, 0.0456, 0.38764723173266974]",0.0456,0.38764723173266974,4.649069502602301e-05,-0.09710740633089342,-0.1089435187797025,-4.6490695025906345e-05,0.23857955153684637,0.2655397887034612,-4.6490694280014295e-05,-0.07558129427589011,-0.11354866310252042,4.649069508167658e-05,-0.3721953027518574,-0.45540982854212075,-4.6490695025898654e-05,0.05916322100503689,0.06700726117240251,4.649069502603015e-05,3.6429425201725113e-17,-2.692739661903383e-15
404.54,"[0.06062, 0.0456, 0.38764723173266974]",0.0456,0.38764723173266974,4.649069516121631e-05,-0.09710740633089342,-0.10758164886349712,-4.649069516023838e-05,0.23857955153684637,0.2622445523356951,-4.649069442973337e-05,-0.07558129427589011,-0.11014135681524494,4.64906952221821e-05,-0.3721953027518574,-0.4471053954826022,-4.6490695160175196e-05,0.05916322100503689,0.06611853416423948,4.649069516128018e-05,3.6429425201725113e-17,-2.5284960256095397e-15
404.56,"[0.06062, 0.0456, 0.3887682877384242]",0.0456,0.3887682877384242,4.649069523640008e-05,-0.09524098112733467,-0.10758164886349712,-4.6490695236311714e-05,0.23411454798864778,0.2622445523356951,-4.649069450891045e-05,-0.07126147783283511,-0.11014135681524494,4.649069529179499e-05,-0.3612056375345168,-0.4471053954826022,-4.649069523630555e-05,0.057960392860643195,0.06611853416423948,4.649069523640501e-05,3.5702541103429796e-17,-2.5284960256095397e-15
404.58,"[0.06062, 0.0456, 0.3887682877384242]",0.0456,0.3887682877384242,4.6490695392661155e-05,-0.09524098112733467,-0.10617147184608611,-4.6490695395040634e-05,0.23411454798864778,0.25883244063843075,-4.6490694666320096e-05,-0.07126147783283511,-0.1066732771845624,4.649069542637243e-05,-0.3612056375345168,-0.43857889617128276,-4.649069539519466e-05,0.057960392860643195,0.06520015324578121,4.649069539250631e-05,3.5702541103429796e-17,-2.409620196679296e-15
404.6,"[0.06062, 0.0456, 0.3887682877384242]",0.0456,0.3887682877384242,4.64906954465462e-05,-0.09524098112733467,-0.10617147184608611,-4.649069544647275e-05,0.23411454798864778,0.25883244063843075,-4.649069473775538e-05,-0.07126147783283511,-0.1066732771845624,4.6490695501913884e-05,-0.3612056375345168,-0.43857889617128276,-4.6490695446467805e-05,0.057960392860643195,0.06520015324578121,4.6490695446550964e-05,3.5702541103429796e-17,-2.409620196679296e-15
404.62,"[0.06062, 0.0456, 0.3898709598732012]",0.0456,0.3898709598732012,4.6490695580114656e-05,-0.09337334170428438,-0.10471644445902632,-4.649069557908118e-05,0.2296575351033297,0.2553128454686476,-4.64906948854786e-05,-0.06699855960919125,-0.10315347659512604,4.649069564065695e-05,-0.35027974164983955,-0.4298518164185326,-4.649069557901369e-05,0.05675932640691367,0.06425445060705055,4.6490695580181246e-05,3.646339039879039e-17,-2.335074401633762e-15
404.64,"[0.06062, 0.0456, 0.3898709598732012]",0.0456,0.3898709598732012,4.649069565742041e-05,-0.09337334170428438,-0.10471644445902632,-4.649069565735221e-05,0.2296575351033297,0.2553128454686476,-4.6490694967576377e-05,-0.06699855960919125,-0.10315347659512604,4.6490695712961975e-05,-0.35027974164983955,-0.4298518164185326,-4.6490695657346944e-05,0.05675932640691367,0.06425445060705055,4.649069565742413e-05,3.646339039879039e-17,-2.335074401633762e-15
404.66,"[0.06062, 0.0456, 0.390954159932731]",0.0456,0.390954159932731,4.649069579074008e-05,-0.09150685681504689,-0.10339171824745785,-4.6490695789667985e-05,0.2252149433585928,0.25212075546060214,-4.64906951148916e-05,-0.06279696465252531,-0.09989606696640702,4.649069585134309e-05,-0.3394305068498616,-0.42183533446728444,-4.6490695789598474e-05,0.05556154719664962,0.06339282427842652,4.649069579080967e-05,3.561825307448137e-17,-2.2768593081483835e-15
404.68,"[0.06062, 0.0456, 0.390954159932731]",0.0456,0.390954159932731,4.6490695869665795e-05,-0.09150685681504689,-0.10339171824745785,-4.6490695869485255e-05,0.2252149433585928,0.25212075546060214,-4.649069519867988e-05,-0.06279696465252531,-0.09989606696640702,4.649069592533921e-05,-0.3394305068498616,-0.42183533446728444,-4.6490695869473735e-05,0.05556154719664962,0.06339282427842652,4.649069586967701e-05,3.561825307448137e-17,-2.2768593081483835e-15
404.7,"[0.06062, 0.0456, 0.390954159932731]",0.0456,0.390954159932731,4.649069600240666e-05,-0.09150685681504689,-0.1020180862534526,-4.64906960013266e-05,0.2252149433585928,0.24881274858844554,-4.649069534530981e-05,-0.06279696465252531,-0.09657178127688071,4.6490696062804845e-05,-0.3394305068498616,-0.4135872005423087,-4.6490696001255995e-05,0.05556154719664962,0.06250116692848376,4.6490696002475695e-05,3.561825307448137e-17,-2.1805057190390053e-15
404.72,"[0.06062, 0.0456, 0.39201681892933127]",0.0456,0.39201681892933127,4.6490696081737976e-05,-0.08964401099841002,-0.1020180862534526,-4.649069608160047e-05,0.22079338873431706,0.24881274858844554,-4.649069542969496e-05,-0.058661129157258414,-0.09657178127688071,4.6490696137278184e-05,-0.3286711911565672,-0.4135872005423087,-4.649069608159157e-05,0.05436864195345577,0.06250116692848376,4.6490696081746575e-05,3.56034551300241e-17,-2.1805057190390053e-15
404.74,"[0.06062, 0.0456, 0.39201681892933127]",0.0456,0.39201681892933127,4.6490696213610916e-05,-0.08964401099841002,-0.1005988235741701,-4.6490696212523095e-05,0.22079338873431706,0.24539720406093382,-4.649069557518744e-05,-0.058661129157258414,-0.09319273809905246,4.6490696273717546e-05,-0.3286711911565672,-0.40513241709158987,-4.6490696212451605e-05,0.05436864195345577,0.061581751526925355,4.649069621368068e-05,3.56034551300241e-17,-2.0912254440756963e-15
404.76,"[0.06062, 0.0456, 0.3930578881468686]",0.0456,0.3930578881468686,4.649069629366892e-05,-0.08778740656612959,-0.1005988235741701,-4.649069629355725e-05,0.2163996659157601,0.24539720406093382,-4.649069566059087e-05,-0.054595496557278,-0.09319273809905246,4.649069634911503e-05,-0.31801541855115933,-0.40513241709158987,-4.6490696293549115e-05,0.05318225906775898,0.061581751526925355,4.64906962936752e-05,3.5228283453876933e-17,-2.0912254440756963e-15
404.78,"[0.06062, 0.0456, 0.3930578881468686]",0.0456,0.3930578881468686,4.6490696424762135e-05,-0.08778740656612959,-0.09912956765326222,-4.6490696423652285e-05,0.2163996659157601,0.24186018313957997,-4.649069580506653e-05,-0.054595496557278,-0.08976921781681915,4.649069648463642e-05,-0.31801541855115933,-0.3964725461908044,-4.649069642357936e-05,0.05318225906775898,0.0606320815044831,4.649069642483342e-05,3.5228283453876933e-17,-2.282272485422682e-15
404.8,"[0.06062, 0.0456, 0.3930578881468686]",0.0456,0.3930578881468686,4.6490696506851025e-05,-0.08778740656612959,-0.09912956765326222,-4.6490696506757296e-05,0.2163996659157601,0.24186018313957997,-4.649069589299167e-05,-0.054595496557278,-0.08976921781681915,4.649069656235403e-05,-0.31801541855115933,-0.3964725461908044,-4.6490696506750506e-05,0.05318225906775898,0.0606320815044831,4.649069650685646e-05,3.5228283453876933e-17,-2.282272485422682e-15
404.82,"[0.06062, 0.0456, 0.39407634017571513]",0.0456,0.39407634017571513,4.6490696637129524e-05,-0.08593976504424872,-0.09762863146246074,-4.6490696635986904e-05,0.2120407403567477,0.238255541415252,-4.6490696036273475e-05,-0.050604513041058674,-0.08630745973113575,4.649069669675268e-05,-0.3074771762793364,-0.3876663943639651,-4.6490696635912554e-05,0.05200410877850381,0.05966365110432599,4.649069663720326e-05,3.471705186265355e-17,-2.2417995426481693e-15
404.84,"[0.06062, 0.0456, 0.39407634017571513]",0.0456,0.39407634017571513,4.6490696783642256e-05,-0.08593976504424872,-0.09762863146246074,-4.649069678267644e-05,0.2120407403567477,0.238255541415252,-4.6490696196601884e-05,-0.050604513041058674,-0.08630745973113575,4.649069684354139e-05,-0.3074771762793364,-0.3876663943639651,-4.649069678261331e-05,0.05200410877850381,0.05966365110432599,4.649069678370436e-05,3.471705186265355e-17,-2.2417995426481693e-15
404.86,"[0.06062, 0.0456, 0.3950711699266776]",0.0456,0.3950711699266776,4.6490696849222176e-05,-0.0841039279552613,-0.09626254671651656,-4.6490696848043316e-05,0.20772373908165698,0.23498821582900614,-4.6490696267454706e-05,-0.04669262245854416,-0.08310208400018321,4.649069690888376e-05,-0.29707080939933267,-0.3795779211557303,-4.6490696847966365e-05,0.05083596298214198,0.058781640295142275,4.6490696849298145e-05,3.535197075237842e-17,-2.1947383612744613e-15
404.88,"[0.06062, 0.0456, 0.3950711699266776]",0.0456,0.3950711699266776,4.649069699625927e-05,-0.0841039279552613,-0.0948463686733052,-4.649069699526195e-05,0.20772373908165698,0.2316013010167453,-4.649069642830532e-05,-0.04669262245854416,-0.07984806002461489,4.649069705609681e-05,-0.29707080939933267,-0.3712787274722823,-4.649069699519648e-05,0.05083596298214198,0.05786932185797235,4.6490696996323244e-05,3.535197075237842e-17,-2.3442247559412925e-15
404.9,"[0.06062, 0.0456, 0.3950711699266776]",0.0456,0.3950711699266776,4.6490697027756576e-05,-0.0841039279552613,-0.0948463686733052,-4.649069703022486e-05,0.20772373908165698,0.2316013010167453,-4.64906964542159e-05,-0.04669262245854416,-0.07984806002461489,4.64906970690975e-05,-0.29707080939933267,-0.3712787274722823,-4.649069703038425e-05,0.05083596298214198,0.05786932185797235,4.649069702759596e-05,3.535197075237842e-17,-2.3442247559412925e-15
404.92,"[0.06062, 0.0456, 0.3960413956228991]",0.0456,0.3960413956228991,4.649069715208816e-05,-0.08228285681788512,-0.0948463686733052,-4.649069715100737e-05,0.20345594010068452,0.2316013010167453,-4.6490696600032395e-05,-0.04286426059325165,-0.07984806002461489,4.64906972142633e-05,-0.28681101217533195,-0.3712787274722823,-4.6490697150936837e-05,0.04967965460572092,0.05786932185797235,4.649069715215835e-05,3.476778992691103e-17,-2.3442247559412925e-15
404.94,"[0.06062, 0.0456, 0.3960413956228991]",0.0456,0.3960413956228991,4.6490697253149515e-05,-0.08228285681788512,-0.0933933221969846,-4.649069725567071e-05,0.20345594010068452,0.22813320349612076,-4.649069670095749e-05,-0.04286426059325165,-0.07655241695747116,4.6490697295572015e-05,-0.28681101217533195,-0.3628147885080943,-4.649069725583403e-05,0.04967965460572092,0.05693502577930594,4.6490697252985957e-05,3.476778992691103e-17,-2.3344838373295423e-15
404.96,"[0.06062, 0.0456, 0.3969860597687541]",0.0456,0.3969860597687541,4.649069737688815e-05,-0.0804796322316573,-0.0933933221969846,-4.649069737582032e-05,0.199244760310602,0.22813320349612076,-4.649069684482955e-05,-0.039123848778352455,-0.07655241695747116,4.649069743858099e-05,-0.27671281589842933,-0.3628147885080943,-4.649069737575111e-05,0.048537076476531514,0.05693502577930594,4.649069737695715e-05,3.51853942015039e-17,-2.3344838373295423e-15
404.98,"[0.06062, 0.0456, 0.3969860597687541]",0.0456,0.3969860597687541,4.649069750913919e-05,-0.0804796322316573,-0.09191656733749053,-4.649069750788851e-05,0.199244760310602,0.2246199311386535,-4.6490696986684666e-05,-0.039123848778352455,-0.07323043091115558,4.6490697568453376e-05,-0.27671281589842933,-0.3542430988480134,-4.64906975078071e-05,0.048537076476531514,0.05598711574563736,4.649069750922013e-05,3.51853942015039e-17,-2.0611450333555765e-15
405.0,"[0.06062, 0.0456, 0.3969860597687541]",0.0456,0.3969860597687541,4.649069759301972e-05,-0.0804796322316573,-0.09191656733749053,-4.649069759293183e-05,0.199244760310602,0.2246199311386535,-4.649069707665122e-05,-0.039123848778352455,-0.07323043091115558,4.649069764770733e-05,-0.27671281589842933,-0.3542430988480134,-4.649069759292556e-05,0.048537076476531514,0.05598711574563736,4.6490697593025016e-05,3.51853942015039e-17,-2.0611450333555765e-15
405.02,"[0.06062, 0.0456, 0.3979042300947815]",0.0456,0.3979042300947815,4.649069771829069e-05,-0.07869745190520257,-0.0904097345100912,-4.649069771711222e-05,0.19509774175339828,0.22104092882818765,-4.6490697213823713e-05,-0.03547578684193789,-0.06989274894789949,4.6490697776228423e-05,-0.2667915727020978,-0.34556037300436426,-4.649069771703498e-05,0.04741017961709359,0.055021811209769275,4.649069771836675e-05,3.5672539774905364e-17,-1.9025878947432167e-15
405.04,"[0.06062, 0.0456, 0.3979042300947815]",0.0456,0.3979042300947815,4.649069786420754e-05,-0.07869745190520257,-0.0904097345100912,-4.649069786320812e-05,0.19509774175339828,0.22104092882818765,-4.6490697373414235e-05,-0.03547578684193789,-0.06989274894789949,4.649069792216793e-05,-0.2667915727020978,-0.34556037300436426,-4.6490697863143037e-05,0.04741017961709359,0.055021811209769275,4.6490697864271996e-05,3.5672539774905364e-17,-1.9025878947432167e-15
405.06,"[0.06062, 0.0456, 0.39879500047772143]",0.0456,0.39879500047772143,4.649069792687161e-05,-0.07693962748040793,-0.08903924066449279,-4.649069792564924e-05,0.19102253610844747,0.2177994681142195,-4.6490697441059844e-05,-0.03192444537433456,-0.06680431157200739,4.649069798451211e-05,-0.25706293493084115,-0.337592193461604,-4.6490697925569704e-05,0.046300970891554875,0.05414332376777273,4.6490697926950916e-05,3.629859871059172e-17,-1.7966998905308673e-15
405.08,"[0.06062, 0.0456, 0.39879500047772143]",0.0456,0.39879500047772143,4.649069801070765e-05,-0.07693962748040793,-0.0876263116139567,-4.6490698010489595e-05,0.19102253610844747,0.2144593368684736,-4.649069753165306e-05,-0.03192444537433456,-0.06368578368698526,4.64906980648697e-05,-0.25706293493084115,-0.32945967189295255,-4.649069801047552e-05,0.046300970891554875,0.0532396220063191,4.6490698010721905e-05,3.629859871059172e-17,-1.8924659335146823e-15
405.1,"[0.06062, 0.0456, 0.39879500047772143]",0.0456,0.39879500047772143,4.649069810567156e-05,-0.07693962748040793,-0.0876263116139567,-4.649069810822611e-05,0.19102253610844747,0.2144593368684736,-4.6490697630963364e-05,-0.03192444537433456,-0.06368578368698526,4.649069814817803e-05,-0.25706293493084115,-0.32945967189295255,-4.649069810839198e-05,0.046300970891554875,0.0532396220063191,4.649069810550601e-05,3.629859871059172e-17,-1.8924659335146823e-15
405.12,"[0.06062, 0.0456, 0.39965749183474997]",0.0456,0.39965749183474997,4.6490698225482515e-05,-0.07520958000052308,-0.0876263116139567,-4.649069822435518e-05,0.18702688730066006,0.2144593368684736,-4.649069776893791e-05,-0.02847415731920613,-0.06368578368698526,4.649069828523593e-05,-0.2475428296213023,-0.32945967189295255,-4.6490698224282215e-05,0.04521150992816,0.0532396220063191,4.649069822555574e-05,3.626061789710958e-17,-1.8924659335146823e-15
405.14,"[0.06062, 0.0456, 0.39965749183474997]",0.0456,0.39965749183474997,4.6490698353056126e-05,-0.07520958000052308,-0.08618529475087452,-4.649069835174763e-05,0.18702688730066006,0.21106141495834566,-4.649069790605176e-05,-0.02847415731920613,-0.06054481658829172,4.6490698410752365e-05,-0.2475428296213023,-0.3212130327342997,-4.649069835166255e-05,0.04521150992816,0.05231968313371736,4.649069835314082e-05,3.626061789710958e-17,-1.870660833429187e-15
405.16,"[0.06062, 0.0456, 0.40049085299102766]",0.0456,0.40049085299102766,4.649069849936534e-05,-0.0735108338691233,-0.08471775732878481,-4.649069849835644e-05,0.18311861211805183,0.20760819425196902,-4.6490698065486834e-05,-0.025129208900237662,-0.05739365013022878,4.6490698556025284e-05,-0.23824742766664395,-0.31287306374206864,-4.6490698498291e-05,0.04414390524269059,0.051384659271208735,4.64906984994307e-05,3.650420235508245e-17,-1.9265369677450913e-15
405.18,"[0.06062, 0.0456, 0.40049085299102766]",0.0456,0.40049085299102766,4.649069853369532e-05,-0.0735108338691233,-0.08471775732878481,-4.6490698536464814e-05,0.18311861211805183,0.20760819425196902,-4.64906980988114e-05,-0.025129208900237662,-0.05739365013022878,4.6490698576640284e-05,-0.23824742766664395,-0.31287306374206864,-4.649069853664442e-05,0.04414390524269059,0.051384659271208735,4.6490698533515736e-05,3.650420235508245e-17,-1.9265369677450913e-15
405.2,"[0.06062, 0.0456, 0.40049085299102766]",0.0456,0.40049085299102766,4.649069865104314e-05,-0.0735108338691233,-0.08471775732878481,-4.649069864991508e-05,0.18311861211805183,0.20760819425196902,-4.649069823234761e-05,-0.025129208900237662,-0.05739365013022878,4.649069870945391e-05,-0.23824742766664395,-0.31287306374206864,-4.649069864984207e-05,0.04414390524269059,0.051384659271208735,4.649069865111676e-05,3.650420235508245e-17,-1.9265369677450913e-15
405.22,"[0.06062, 0.0456, 0.40129426151970604]",0.0456,0.40129426151970604,4.6490698748378044e-05,-0.07184700914974071,-0.08338444022085618,-4.649069875068326e-05,0.17930557874787234,0.20448638213866685,-4.6490698332149076e-05,-0.021893829906369216,-0.054472757378153984,4.649069879107781e-05,-0.22919310725975928,-0.30521774719710837,-4.649069875083244e-05,0.04310030949005598,0.05053460780159447,4.649069874822891e-05,3.638575764045848e-17,-1.88478480700429e-15
405.24,"[0.06062, 0.0456, 0.40129426151970604]",0.0456,0.40129426151970604,4.649069886470172e-05,-0.07184700914974071,-0.08202485603310773,-4.64906988635685e-05,0.17930557874787234,0.2013115563739579,-4.649069846530601e-05,-0.021893829906369216,-0.051531519999215014,4.649069892271832e-05,-0.22919310725975928,-0.2974567010026699,-4.649069886349529e-05,0.04310030949005598,0.04966943687587944,4.649069886477534e-05,3.638575764045848e-17,-1.7703880671407663e-15
405.26,"[0.06062, 0.0456, 0.402066924553564]",0.0456,0.402066924553564,4.64906989615368e-05,-0.07022181206357761,-0.08202485603310773,-4.6490698963980245e-05,0.17559568316128538,0.2013115563739579,-4.6490698565140294e-05,-0.018772183370618076,-0.051531519999215014,4.6490699004258735e-05,-0.22039641125082662,-0.2974567010026699,-4.6490698964138606e-05,0.04208291377593365,0.04966943687587944,4.6490698961377916e-05,3.656448965622315e-17,-1.7703880671407663e-15
405.28,"[0.06062, 0.0456, 0.402066924553564]",0.0456,0.402066924553564,4.64906990764705e-05,-0.07022181206357761,-0.08064358065318113,-4.6490699075376245e-05,0.17559568316128538,0.1980943237740553,-4.6490698695951455e-05,-0.018772183370618076,-0.04858318412992318,4.6490699133676086e-05,-0.22039641125082662,-0.28962055408365117,-4.649069907530491e-05,0.04208291377593365,0.04879213507720428,4.6490699076541044e-05,3.656448965622315e-17,-1.639835086158649e-15
405.3,"[0.06062, 0.0456, 0.402066924553564]",0.0456,0.402066924553564,4.649069917236073e-05,-0.07022181206357761,-0.08064358065318113,-4.649069917491192e-05,0.17559568316128538,0.1980943237740553,-4.649069879542563e-05,-0.018772183370618076,-0.04858318412992318,4.649069921495568e-05,-0.22039641125082662,-0.28962055408365117,-4.6490699175077464e-05,0.04208291377593365,0.04879213507720428,4.649069917219533e-05,3.656448965622315e-17,-1.639835086158649e-15
405.32,"[0.06062, 0.0456, 0.402808079567472]",0.0456,0.402808079567472,4.649069928556754e-05,-0.06863902355598081,-0.07924546898181242,-4.6490699284490594e-05,0.17199682330315896,0.19484622556486703,-4.649069892354524e-05,-0.015768354690394833,-0.04563862607588125,4.649069934181128e-05,-0.21187399811232427,-0.2817376460025569,-4.6490699284420744e-05,0.04109394096793545,0.047905805307472495,4.649069928563729e-05,3.607155453429682e-17,-1.5188547876536334e-15
405.34,"[0.06062, 0.0456, 0.402808079567472]",0.0456,0.402808079567472,4.649069938042143e-05,-0.06863902355598081,-0.07924546898181242,-4.649069938304931e-05,0.17199682330315896,0.19484622556486703,-4.649069902267437e-05,-0.015768354690394833,-0.04563862607588125,4.6490699422892586e-05,-0.21187399811232427,-0.2817376460025569,-4.6490699383219514e-05,0.04109394096793545,0.047905805307472495,4.649069938025084e-05,3.607155453429682e-17,-1.5188547876536334e-15
405.36,"[0.06062, 0.0456, 0.4035169951309119]",0.0456,0.4035169951309119,4.649069949189699e-05,-0.06710248582198475,-0.07783564314509836,-4.64906994908234e-05,0.16851687107589466,0.19157958103718503,-4.649069914814324e-05,-0.012886340250436158,-0.04270724459319519,4.64906995471962e-05,-0.20364258628129916,-0.2738351585438657,-4.649069949075354e-05,0.04013563795654699,0.04701367443828798,4.649069949196674e-05,3.5828985945101296e-17,-1.4162942447347536e-15
405.38,"[0.06062, 0.0456, 0.4035169951309119]",0.0456,0.4035169951309119,4.6490699585796476e-05,-0.06710248582198475,-0.07783564314509836,-4.64906995884761e-05,0.16851687107589466,0.19157958103718503,-4.6490699247031876e-05,-0.012886340250436158,-0.04270724459319519,4.6490699628199975e-05,-0.20364258628129916,-0.2738351585438657,-4.649069958864956e-05,0.04013563795654699,0.04701367443828798,4.6490699585622685e-05,3.5828985945101296e-17,-1.4162942447347536e-15
405.4,"[0.06062, 0.0456, 0.4035169951309119]",0.0456,0.4035169951309119,4.649069969567678e-05,-0.06710248582198475,-0.07655651902026846,-4.6490699694598224e-05,0.16851687107589466,0.188630285817735,-4.64906993700517e-05,-0.012886340250436158,-0.03999679859246444,4.649069975011685e-05,-0.20364258628129916,-0.26659664595237403,-4.649069969452803e-05,0.04013563795654699,0.04620382394551648,4.6490699695746564e-05,3.5828985945101296e-17,-1.3175591622054127e-15
405.42,"[0.06062, 0.0456, 0.4042061505442605]",0.0456,0.4042061505442605,4.649069981018745e-05,-0.06558727257875055,-0.07655651902026846,-4.649069980891488e-05,0.16509869437495753,0.188630285817735,-4.6490699493053e-05,-0.010076492355281168,-0.03999679859246444,4.6490699862618864e-05,-0.1955651309260115,-0.26659664595237403,-4.649069980883232e-05,0.03919231239421536,0.04620382394551648,4.649069981027015e-05,3.628742465243535e-17,-1.3175591622054127e-15
405.44,"[0.06062, 0.0456, 0.4042061505442605]",0.0456,0.4042061505442605,4.649069989034966e-05,-0.06558727257875055,-0.0752569722890093,-4.6490699890164986e-05,0.16509869437495753,0.18564064259682544,-4.649069957996255e-05,-0.010076492355281168,-0.03728411415453773,4.649069993945583e-05,-0.1955651309260115,-0.259293757492539,-4.649069989015308e-05,0.03919231239421536,0.045382615155452784,4.649069989036157e-05,3.628742465243535e-17,-1.298400751442901e-15
405.46,"[0.06062, 0.0456, 0.4048353419569767]",0.0456,0.4048353419569767,4.6490699977269226e-05,-0.06418345487497105,-0.0752569722890093,-4.649069997975723e-05,0.16194410712219415,0.18564064259682544,-4.649069967266007e-05,-0.007502869397116852,-0.03728411415453773,4.6490700017604847e-05,-0.18811828694471885,-0.259293757492539,-4.6490699979917925e-05,0.038319947241646585,0.045382615155452784,4.649069997710776e-05,3.6469652524602074e-17,-1.298400751442901e-15
405.48,"[0.06062, 0.0456, 0.4048353419569767]",0.0456,0.4048353419569767,4.649070008310309e-05,-0.06418345487497105,-0.07395133566180585,-4.649070008202064e-05,0.16194410712219415,0.18264579805591397,-4.6490699791924295e-05,-0.007502869397116852,-0.03458862284639852,4.649070013577746e-05,-0.18811828694471885,-0.25199321007842657,-4.649070008195026e-05,0.038319947241646585,0.04455895946052842,4.6490700083173396e-05,3.6469652524602074e-17,-1.2423701106269619e-15
405.5,"[0.06062, 0.0456, 0.4048353419569767]",0.0456,0.4048353419569767,4.649070017313275e-05,-0.06418345487497105,-0.07395133566180585,-4.649070017557287e-05,0.16194410712219415,0.18264579805591397,-4.6490699887072014e-05,-0.007502869397116852,-0.03458862284639852,4.649070021401184e-05,-0.18811828694471885,-0.25199321007842657,-4.649070017573077e-05,0.038319947241646585,0.04455895946052842,4.649070017297416e-05,3.6469652524602074e-17,-1.2423701106269619e-15
405.52,"[0.06062, 0.0456, 0.4054434721704502]",0.0456,0.4054434721704502,4.649070027814943e-05,-0.06280937902028644,-0.07264223273444245,-4.649070027707667e-05,0.15886812845582,0.17965170044014792,-4.6490700004590714e-05,-0.005009547890476349,-0.031916363671035904,4.6490700330164395e-05,-0.18086108012165864,-0.2447106199313702,-4.64907002770074e-05,0.03746738526415181,0.04373450968207213,4.649070027821866e-05,3.6001300036810937e-17,-1.1757742386281973e-15
405.54,"[0.06062, 0.0456, 0.4054434721704502]",0.0456,0.4054434721704502,4.649070036740413e-05,-0.06280937902028644,-0.07264223273444245,-4.649070036988658e-05,0.15886812845582,0.17965170044014792,-4.649070009938562e-05,-0.005009547890476349,-0.031916363671035904,4.649070040816556e-05,-0.18086108012165864,-0.2447106199313702,-4.649070037004753e-05,0.03746738526415181,0.04373450968207213,4.649070036724293e-05,3.6001300036810937e-17,-1.1757742386281973e-15
405.56,"[0.06062, 0.0456, 0.40601676211913124]",0.0456,0.40601676211913124,4.6490700470869456e-05,-0.06149690126809193,-0.07133519468176007,-4.64907004698089e-05,0.1559409098965961,0.1766711678292512,-4.649070021458664e-05,-0.0026525572792220798,-0.029276255464896712,4.64907005220347e-05,-0.17395974076410176,-0.23747378309681128,-4.649070046974034e-05,0.03665438077969267,0.042912691185914814,4.6490700470938025e-05,3.587733914533221e-17,-1.1107250402984303e-15
405.58,"[0.06062, 0.0456, 0.40601676211913124]",0.0456,0.40601676211913124,4.649070055908356e-05,-0.06149690126809193,-0.07133519468176007,-4.649070056158444e-05,0.1559409098965961,0.1766711678292512,-4.6490700308765815e-05,-0.0026525572792220798,-0.029276255464896712,4.649070059962225e-05,-0.17395974076410176,-0.23747378309681128,-4.649070056174668e-05,0.03665438077969267,0.042912691185914814,4.649070055892112e-05,3.587733914533221e-17,-1.1107250402984303e-15
405.6,"[0.06062, 0.0456, 0.40601676211913124]",0.0456,0.40601676211913124,4.649070066089535e-05,-0.06149690126809193,-0.07015121263045483,-4.649070065984007e-05,0.1559409098965961,0.173985338481399,-4.649070042163714e-05,-0.0026525572792220798,-0.026837111312679074,4.649070071118892e-05,-0.17395974076410176,-0.2308539620906674,-4.6490700659771674e-05,0.03665438077969267,0.042167874024113206,4.649070066096338e-05,3.587733914533221e-17,-1.0385718323668364e-15
405.62,"[0.06062, 0.0456, 0.40655464603505476]",0.0456,0.40655464603505476,4.649070074645083e-05,-0.06025018076949091,-0.07015121263045483,-4.649070074860657e-05,0.15317043514620976,0.173985338481399,-4.649070051173587e-05,-0.000435602499017394,-0.026837111312679074,4.649070078544529e-05,-0.16743146769869804,-0.2308539620906674,-4.6490700748746075e-05,0.03588329175031205,0.042167874024113206,4.649070074631069e-05,3.643043761526257e-17,-1.0385718323668364e-15
405.64,"[0.06062, 0.0456, 0.40655464603505476]",0.0456,0.40655464603505476,4.649070084601279e-05,-0.06025018076949091,-0.06895770699582397,-4.649070084496062e-05,0.15317043514620976,0.1712815975539758,-4.64907006234028e-05,-0.000435602499017394,-0.02441841160173852,4.6490700895498016e-05,-0.16743146769869804,-0.22423199100262525,-4.649070084489261e-05,0.03588329175031205,0.04141838200326984,4.649070084608115e-05,3.643043761526257e-17,-1.0693200673404858e-15
405.66,"[0.06062, 0.0456, 0.40705659309173514]",0.0456,0.40705659309173514,4.649070093130571e-05,-0.059073025975145625,-0.06895770699582397,-4.649070093354087e-05,0.15056372248847394,0.1712815975539758,-4.6490700714112395e-05,0.0016381074440761033,-0.02441841160173852,4.649070097044377e-05,-0.1612918085609517,-0.22423199100262525,-4.649070093368559e-05,0.03515628792980868,0.04141838200326984,4.649070093116053e-05,3.6704211420635135e-17,-1.0693200673404858e-15
405.68,"[0.06062, 0.0456, 0.40705659309173514]",0.0456,0.40705659309173514,4.649070102933214e-05,-0.059073025975145625,-0.06776795884172288,-4.649070102831402e-05,0.15056372248847394,0.16859483881623705,-4.649070082305741e-05,0.0016381074440761033,-0.022029503749306806,4.6490701077759245e-05,-0.1612918085609517,-0.21765796601999438,-4.649070102824776e-05,0.03515628792980868,0.04067238776862154,4.649070102939791e-05,3.6704211420635135e-17,-1.0966507109303317e-15
405.7,"[0.06062, 0.0456, 0.40705659309173514]",0.0456,0.40705659309173514,4.6490701110802976e-05,-0.059073025975145625,-0.06776795884172288,-4.64907011104893e-05,0.15056372248847394,0.16859483881623705,-4.64907009127149e-05,0.0016381074440761033,-0.022029503749306806,4.6490701158247745e-05,-0.1612918085609517,-0.21765796601999438,-4.6490701110468554e-05,0.03515628792980868,0.04067238776862154,4.6490701110823177e-05,3.6704211420635135e-17,-1.0966507109303317e-15
405.72,"[0.06062, 0.0456, 0.4075221079280283]",0.0456,0.4075221079280283,4.6490701214855445e-05,-0.05796915198491775,-0.06659123228440539,-4.649070121358543e-05,0.1481275097824935,0.16594729216658416,-4.649070102584753e-05,0.003565540911881098,-0.019681194249928265,4.6490701263635686e-05,-0.15555579336615316,-0.21117281043718286,-4.6490701213503255e-05,0.03447547736452562,0.039935569662845775,4.649070121493821e-05,3.6814573780337936e-17,-1.0581942101571969e-15
405.74,"[0.06062, 0.0456, 0.4075221079280283]",0.0456,0.4075221079280283,4.649070129584607e-05,-0.05796915198491775,-0.06659123228440539,-4.649070129554204e-05,0.1481275097824935,0.16594729216658416,-4.649070111454811e-05,0.003565540911881098,-0.019681194249928265,4.649070134255731e-05,-0.15555579336615316,-0.21117281043718286,-4.6490701295522695e-05,0.03447547736452562,0.039935569662845775,4.649070129586598e-05,3.6814573780337936e-17,-1.0581942101571969e-15
405.76,"[0.06062, 0.0456, 0.40795073113699304]",0.0456,0.40795073113699304,4.649070139766085e-05,-0.05694215304574959,-0.0655285551686384,-4.649070139643287e-05,0.1458682190498887,0.16357074426292792,-4.649070122502908e-05,0.00534385288233573,-0.01751264780149088,4.6490701445381655e-05,-0.15023784248805988,-0.20525154613089244,-4.6490701396353084e-05,0.03384289285485317,0.039269803199175564,4.6490701397740415e-05,3.679861373833289e-17,-9.807686149647549e-16
405.78,"[0.06062, 0.0456, 0.40795073113699304]",0.0456,0.40795073113699304,4.6490701474882776e-05,-0.05694215304574959,-0.0655285551686384,-4.6490701474534794e-05,0.1458682190498887,0.16357074426292792,-4.649070130927424e-05,0.00534385288233573,-0.01751264780149088,4.649070152030799e-05,-0.15023784248805988,-0.20525154613089244,-4.649070147451237e-05,0.03384289285485317,0.039269803199175564,4.64907014749055e-05,3.679861373833289e-17,-9.807686149647549e-16
405.8,"[0.06062, 0.0456, 0.40795073113699304]",0.0456,0.40795073113699304,4.649070157418582e-05,-0.05694215304574959,-0.06446764013883312,-4.649070157301633e-05,0.1458682190498887,0.1612020254019947,-4.649070141729421e-05,0.00534385288233573,-0.015376662477402055,4.649070162074532e-05,-0.15023784248805988,-0.1993770027103193,-4.649070157294032e-05,0.03384289285485317,0.03860615703441134,4.649070157426189e-05,3.679861373833289e-17,-9.742855864250767e-16
405.82,"[0.06062, 0.0456, 0.40834203971927047]",0.0456,0.40834203971927047,4.6490701650333406e-05,-0.055995472647286736,-0.06446764013883312,-4.6490701650045476e-05,0.14379191608828687,0.1612020254019947,-4.6490701500330146e-05,0.006970396182714811,-0.015376662477402055,4.6490701694566835e-05,-0.14535166376029535,-0.1993770027103193,-4.64907016500265e-05,0.03326047608721322,0.03860615703441134,4.64907016503519e-05,3.71131225469973e-17,-9.742855864250767e-16
405.84,"[0.06062, 0.0456, 0.40834203971927047]",0.0456,0.40834203971927047,4.64907017466244e-05,-0.055995472647286736,-0.06343158410140917,-4.649070174550339e-05,0.14379191608828687,0.15890116590425193,-4.6490701604789074e-05,0.006970396182714811,-0.013288599684834142,4.649070179168002e-05,-0.14535166376029535,-0.19363518263399826,-4.6490701745430655e-05,0.03326047608721322,0.03795878324916045,4.649070174669723e-05,3.71131225469973e-17,-8.758693605894092e-16
405.86,"[0.06062, 0.0456, 0.40869564750053317]",0.0456,0.40869564750053317,4.649070181935193e-05,-0.05513237309002823,-0.06240887717403417,-4.649070181908721e-05,0.14190427053004245,0.15663342200121375,-4.649070168404638e-05,0.008442732111958012,-0.011251748108617217,4.649070186207786e-05,-0.14091014895093731,-0.18799837148901744,-4.6490701819069965e-05,0.032730061547174116,0.037320609299506265,4.6490701819369185e-05,3.737756673631493e-17,-8.645801686828126e-16
405.88,"[0.06062, 0.0456, 0.40869564750053317]",0.0456,0.40869564750053317,4.649070189680152e-05,-0.05513237309002823,-0.06240887717403417,-4.649070189870484e-05,0.14190427053004245,0.15663342200121375,-4.649070176742145e-05,0.008442732111958012,-0.011251748108617217,4.649070193310633e-05,-0.14091014895093731,-0.18799837148901744,-4.6490701898828004e-05,0.032730061547174116,0.037320609299506265,4.649070189667745e-05,3.737756673631493e-17,-8.645801686828126e-16
405.9,"[0.06062, 0.0456, 0.40869564750053317]",0.0456,0.40869564750053317,4.6490701987393416e-05,-0.05513237309002823,-0.06148853815778546,-4.649070198640048e-05,0.14190427053004245,0.15460639121673103,-4.6490701868204754e-05,0.008442732111958012,-0.009373744738018372,4.649070203198286e-05,-0.14091014895093731,-0.1828649161958346,-4.649070198633608e-05,0.032730061547174116,0.036745981589394405,4.649070198745726e-05,3.737756673631493e-17,-8.015768986049656e-16
405.92,"[0.06062, 0.0456, 0.4090112055125925]",0.0456,0.4090112055125925,4.649070206387078e-05,-0.054355905039503986,-0.06148853815778546,-4.6490702065445524e-05,0.1402105169385187,0.15460639121673103,-4.649070194831402e-05,0.009758640321662215,-0.009373744738018372,4.6490702098515885e-05,-0.1369252712900741,-0.1828649161958346,-4.649070206554747e-05,0.032253360484054576,0.036745981589394405,4.649070206376861e-05,3.719066258154111e-17,-8.015768986049656e-16
405.94,"[0.06062, 0.0456, 0.4090112055125925]",0.0456,0.4090112055125925,4.649070215145653e-05,-0.054355905039503986,-0.06059125521158449,-4.6490702150508916e-05,0.1402105169385187,0.15263795530470378,-4.649070204677494e-05,0.009758640321662215,-0.007546429680180672,4.649070219474557e-05,-0.1369252712900741,-0.17786351202229694,-4.649070215044768e-05,0.032253360484054576,0.036186331066859694,4.64907021515179e-05,3.719066258154111e-17,-7.133028862721339e-16
405.96,"[0.06062, 0.0456, 0.4092884023377885]",0.0456,0.4092884023377885,4.6490702225316975e-05,-0.05366887761902992,-0.06059125521158449,-4.6490702226904884e-05,0.13871541752648522,0.15263795530470378,-4.6490702123948206e-05,0.010916127853962255,-0.007546429680180672,4.649070225866848e-05,-0.13340798579490665,-0.17786351202229694,-4.6490702227007985e-05,0.03183194520943396,0.036186331066859694,4.649070222521418e-05,3.708827397160794e-17,-7.133028862721339e-16
405.98,"[0.06062, 0.0456, 0.4092884023377885]",0.0456,0.4092884023377885,4.649070230980815e-05,-0.05366887761902992,-0.05972245588770692,-4.64907023089258e-05,0.13871541752648522,0.15073921644773886,-4.649070221889602e-05,0.010916127853962255,-0.00577993049289596,4.649070235152666e-05,-0.13340798579490665,-0.17302337289140196,-4.649070230886865e-05,0.03183194520943396,0.03564496580708702,4.649070230986521e-05,3.708827397160794e-17,-6.224418764790484e-16
406.0,"[0.06062, 0.0456, 0.4092884023377885]",0.0456,0.4092884023377885,4.6490702380692565e-05,-0.05366887761902992,-0.05972245588770692,-4.64907023822618e-05,0.13871541752648522,0.15073921644773886,-4.6490702292751735e-05,0.010916127853962255,-0.00577993049289596,4.6490702412593656e-05,-0.13340798579490665,-0.17302337289140196,-4.6490702382363836e-05,0.03183194520943396,0.03564496580708702,4.6490702380591254e-05,3.708827397160794e-17,-6.224418764790484e-16
406.02,"[0.06062, 0.0456, 0.40952696441632097]",0.0456,0.40952696441632097,4.6490702461832826e-05,-0.053073829629290116,-0.058887569603206125,-4.649070246099966e-05,0.13742322709341628,0.14892150953897784,-4.649070238398301e-05,0.011913437248197005,-0.0040827016728789195,4.6490702501875374e-05,-0.1303681342189368,-0.16837149095986162,-4.6490702460945895e-05,0.031467234028783084,0.03512516596402764,4.649070246188687e-05,3.7079991277640366e-17,-5.386982701899109e-16
406.04,"[0.06062, 0.0456, 0.40952696441632097]",0.0456,0.40952696441632097,4.6490702529631024e-05,-0.053073829629290116,-0.058887569603206125,-4.649070253115261e-05,0.13742322709341628,0.14892150953897784,-4.64907024544353e-05,0.011913437248197005,-0.0040827016728789195,4.649070256003999e-05,-0.1303681342189368,-0.16837149095986162,-4.6490702531251384e-05,0.031467234028783084,0.03512516596402764,4.649070252953227e-05,3.7079991277640366e-17,-5.386982701899109e-16
406.06,"[0.06062, 0.0456, 0.40972665631622035]",0.0456,0.40972665631622035,4.6490702607405725e-05,-0.05257300250119044,-0.05813000170852215,-4.64907026066126e-05,0.13633766077459036,0.14727985235078175,-4.6490702542016096e-05,0.012749053643309131,-0.002517373797184841,4.649070264578534e-05,-0.12781435648118034,-0.16411627703515055,-4.6490702606561524e-05,0.03116047711347916,0.034653316977864355,4.649070260745738e-05,3.7204429431956204e-17,-5.126172488101796e-16
406.08,"[0.06062, 0.0456, 0.40972665631622035]",0.0456,0.40972665631622035,4.649070267190383e-05,-0.05257300250119044,-0.05813000170852215,-4.6490702673239626e-05,0.13633766077459036,0.14727985235078175,-4.649070260838702e-05,0.012749053643309131,-0.002517373797184841,4.6490702700570465e-05,-0.12781435648118034,-0.16411627703515055,-4.6490702673326416e-05,0.03116047711347916,0.034653316977864355,4.649070267181745e-05,3.7204429431956204e-17,-5.126172488101796e-16
406.1,"[0.06062, 0.0456, 0.40972665631622035]",0.0456,0.40972665631622035,4.649070274622697e-05,-0.05257300250119044,-0.057404570006909024,-4.6490702745469595e-05,0.13633766077459036,0.14571441725766204,-4.6490702692687306e-05,0.012749053643309131,-0.0010146644986953651,4.6490702782972703e-05,-0.12781435648118034,-0.16003562602162721,-4.649070274542091e-05,0.03116047711347916,0.034201787756432865,4.649070274627606e-05,3.7204429431956204e-17,-4.860907500709596e-16
406.12,"[0.06062, 0.0456, 0.4098872809656906]",0.0456,0.4098872809656906,4.64907028052949e-05,-0.05216831558636513,-0.057404570006909024,-4.649070280498844e-05,0.13546186517351047,0.14571441725766204,-4.649070275707093e-05,0.013421710818638815,-0.0010146644986953651,4.649070284062867e-05,-0.1257540104014449,-0.16003562602162721,-4.649070280496857e-05,0.03091274361848092,0.034201787756432865,4.649070280531479e-05,3.730840639105182e-17,-4.860907500709596e-16
406.14,"[0.06062, 0.0456, 0.4098872809656906]",0.0456,0.4098872809656906,4.649070288351396e-05,-0.05216831558636513,-0.056719657590568705,-4.6490702882633495e-05,0.13546186517351047,0.14424384837922277,-4.6490702842361544e-05,0.013421710818638815,0.000414261063439658,4.649070291974207e-05,-0.1257540104014449,-0.1561685395464627,-4.649070288257641e-05,0.03091274361848092,0.033775666966105636,4.649070288357114e-05,3.730840639105182e-17,-4.333402435138674e-16
406.16,"[0.06062, 0.0456, 0.41000867984759504]",0.0456,0.41000867984759504,4.649070294021273e-05,-0.051861344365573665,-0.056719657590568705,-4.649070293992392e-05,0.13479839340965566,0.14424384837922277,-4.64907029035771e-05,0.013930396131455233,0.000414261063439658,4.649070297404853e-05,-0.12419310147431233,-0.1561685395464627,-4.649070293990539e-05,0.030724910337996812,0.033775666966105636,4.649070294023155e-05,3.72898577989862e-17,-4.333402435138674e-16
406.18,"[0.06062, 0.0456, 0.41000867984759504]",0.0456,0.41000867984759504,4.6490703015011437e-05,-0.051861344365573665,-0.0560804903751856,-4.649070301419633e-05,0.13479839340965566,0.1428788452726712,-4.6490702985061964e-05,0.013930396131455233,0.001761139381284519,4.6490703049568965e-05,-0.12419310147431233,-0.15254116962946362,-4.649070301414344e-05,0.030724910337996812,0.033378104513933284,4.649070301506395e-05,3.72898577989862e-17,-3.714669230856565e-16
406.2,"[0.06062, 0.0456, 0.41000867984759504]",0.0456,0.41000867984759504,4.6490703068293346e-05,-0.051861344365573665,-0.0560804903751856,-4.649070306803061e-05,0.13479839340965566,0.1428788452726712,-4.6490703042416835e-05,0.013930396131455233,0.001761139381284519,4.649070310040288e-05,-0.12419310147431233,-0.15254116962946362,-4.6490703068013466e-05,0.030724910337996812,0.033378104513933284,4.649070306831036e-05,3.72898577989862e-17,-3.714669230856565e-16
406.22,"[0.06062, 0.0456, 0.410090733155894]",0.0456,0.410090733155894,4.6490703139465005e-05,-0.05165330210829746,-0.05549209170644816,-4.6490703138709885e-05,0.1343491845562516,0.1416298349199157,-4.6490703119984704e-05,0.014274354324530452,0.003018895567591884,4.649070317228664e-05,-0.12313622425672638,-0.14917749518657766,-4.649070313866062e-05,0.030597652167320917,0.03301211501272007,4.6490703139513794e-05,3.728237822353294e-17,-3.085416683353786e-16
406.24,"[0.06062, 0.0456, 0.410090733155894]",0.0456,0.410090733155894,4.649070318926505e-05,-0.05165330210829746,-0.05549209170644816,-4.649070318901837e-05,0.1343491845562516,0.1416298349199157,-4.649070317343905e-05,0.014274354324530452,0.003018895567591884,4.6490703219627695e-05,-0.12313622425672638,-0.14917749518657766,-4.649070318900213e-05,0.030597652167320917,0.03301211501272007,4.6490703189281045e-05,3.728237822353294e-17,-3.085416683353786e-16
406.26,"[0.06062, 0.0456, 0.41013335991387856]",0.0456,0.41013335991387856,4.649070325684295e-05,-0.05154502544782348,-0.05496970302859471,-4.649070325614365e-05,0.1341155478689546,0.140530420270018,-4.6490703247163584e-05,0.014453090190647118,0.0041673114417410334,4.649070328793964e-05,-0.12258651672498094,-0.14614832879714607,-4.6490703256098264e-05,0.030531434603985556,0.032686934731885754,4.649070325688832e-05,3.7254850155622434e-17,-2.466092429971575e-16
406.28,"[0.06062, 0.0456, 0.41013335991387856]",0.0456,0.41013335991387856,4.649070330295419e-05,-0.05154502544782348,-0.05496970302859471,-4.6490703302709125e-05,0.1341155478689546,0.140530420270018,-4.649070329645837e-05,0.014453090190647118,0.0041673114417410334,4.6490703331561696e-05,-0.12258651672498094,-0.14614832879714607,-4.649070330269321e-05,0.030531434603985556,0.032686934731885754,4.649070330297013e-05,3.7254850155622434e-17,-2.466092429971575e-16
406.3,"[0.06062, 0.0456, 0.41013335991387856]",0.0456,0.41013335991387856,4.6490703367024e-05,-0.05154502544782348,-0.05449737046193846,-4.6490703366382435e-05,0.1341155478689546,0.13954404432551532,-4.649070336649254e-05,0.014453090190647118,0.005228549368066679,4.6490703396427195e-05,-0.12258651672498094,-0.14337845665996823,-4.649070336634074e-05,0.030531434603985556,0.032392785981829535,4.649070336706573e-05,3.7254850155622434e-17,-1.8743392370547615e-16
406.32,"[0.06062, 0.0456, 0.41014]",0.0456,0.41014,4.649070340982338e-05,-0.05154502544782348,-0.05449737046193846,-4.6490703409595054e-05,0.1341155478689546,0.13954404432551532,-4.6490703412074136e-05,0.014453090190647118,0.005228549368066679,4.64907034367232e-05,-0.12258651672498094,-0.14337845665996823,-4.649070340958022e-05,0.030531434603985556,0.032392785981829535,4.649070340983836e-05,3.7254850155622434e-17,-1.8743392370547615e-16
406.34,"[0.06062, 0.0456, 0.41014]",0.0456,0.41014,4.649070347041594e-05,-0.05154502544782348,-0.054073466150791505,-4.6490703469830806e-05,0.1341155478689546,0.13866494514063524,-4.649070347838084e-05,0.014453090190647118,0.0062023583405249995,4.649070349812202e-05,-0.12258651672498094,-0.14086377978337447,-4.649070346979266e-05,0.030531434603985556,0.032128613717148695,4.6490703470453924e-05,3.7254850155622434e-17,-1.5794259636798488e-16
406.36,"[0.06062, 0.0456, 0.41014]",0.0456,0.41014,4.649070351018118e-05,-0.05154502544782348,-0.053699877288195516,-4.6490703509968146e-05,0.1341155478689546,0.13789877748612575,-4.649070352056795e-05,0.014453090190647118,0.0070905271257660964,4.649070353538917e-05,-0.12258651672498094,-0.1386072521021515,-4.649070350995397e-05,0.030531434603985556,0.03189554080541868,4.649070351019523e-05,3.7254850155622434e-17,-1.2908382623428574e-16
406.38,"[0.06062, 0.0456, 0.41014]",0.0456,0.41014,4.649070355290482e-05,-0.05154502544782348,-0.053699877288195516,-4.64907035534683e-05,0.1341155478689546,0.13789877748612575,-4.649070356272335e-05,0.014453090190647118,0.0070905271257660964,4.649070357084622e-05,-0.12258651672498094,-0.1386072521021515,-4.64907035535045e-05,0.030531434603985556,0.03189554080541868,4.6490703552868095e-05,3.7254850155622434e-17,-1.2908382623428574e-16
406.4,"[0.06062, 0.0456, 0.41014]",0.0456,0.41014,4.649070360591574e-05,-0.05154502544782348,-0.053699877288195516,-4.649070360543789e-05,0.1341155478689546,0.13789877748612575,-4.649070362577641e-05,0.014453090190647118,0.0070905271257660964,4.6490703632135606e-05,-0.12258651672498094,-0.1386072521021515,-4.649070360540677e-05,0.030531434603985556,0.03189554080541868,4.649070360594656e-05,3.7254850155622434e-17,-1.2908382623428574e-16
406.42,"[0.06062, 0.0456, 0.41014]",0.0456,0.41014,4.649070366160991e-05,-0.05154502544782348,-0.053380445092337844,-4.649070366110927e-05,0.1341155478689546,0.13725464451154448,-4.6490703685213666e-05,0.014453090190647118,0.007888449573142668,4.649070368613152e-05,-0.12258651672498094,-0.1366260039699457,-4.649070366107684e-05,0.030531434603985556,0.03169592046602659,4.6490703661642216e-05,3.7254850155622434e-17,-6.918451130462574e-17
406.44,"[0.06062, 0.0456, 0.41014]",0.0456,0.41014,4.649070369436566e-05,-0.05154502544782348,-0.053096305285809026,-4.649070369417858e-05,0.1341155478689546,0.13668706036576814,-4.649070371934887e-05,0.014453090190647118,0.008617503119968742,4.649070371606753e-05,-0.12258651672498094,-0.13483770510146004,-4.649070369416598e-05,0.030531434603985556,0.03151818054906377,4.649070369437744e-05,3.7254850155622434e-17,-3.5857682694646045e-17
406.46,"[0.06062, 0.0456, 0.41014]",0.0456,0.41014,4.6490703730461915e-05,-0.05154502544782348,-0.053096305285809026,-4.649070373087324e-05,0.1341155478689546,0.13668706036576814,-4.649070375406744e-05,0.014453090190647118,0.008617503119968742,4.649070374507366e-05,-0.12258651672498094,-0.13483770510146004,-4.6490703730899526e-05,0.030531434603985556,0.03151818054906377,4.6490703730435034e-05,3.7254850155622434e-17,-3.5857682694646045e-17
406.48,"[0.06062, 0.0456, 0.41014]",0.0456,0.41014,4.649070377630379e-05,-0.05154502544782348,-0.05285049709940586,-4.6490703775930034e-05,0.1341155478689546,0.13620375882115068,-4.649070380955907e-05,0.014453090190647118,0.009275646148443931,4.649070379900138e-05,-0.12258651672498094,-0.1332537464863862,-4.649070377590541e-05,0.030531434603985556,0.03136417347888238,4.6490703776327584e-05,3.7254850155622434e-17,2.3040522953719703e-18
406.5,"[0.06062, 0.0456, 0.41014]",0.0456,0.41014,4.6490703811373064e-05,-0.05154502544782348,-0.05285049709940586,-4.649070381170004e-05,0.1341155478689546,0.13620375882115068,-4.649070384137451e-05,0.014453090190647118,0.009275646148443931,4.649070382464382e-05,-0.12258651672498094,-0.1332537464863862,-4.649070381172128e-05,0.030531434603985556,0.03136417347888238,4.6490703811351996e-05,3.7254850155622434e-17,2.3040522953719703e-18
406.52,"[0.06062, 0.0456, 0.41014]",0.0456,0.41014,4.649070385371229e-05,-0.05154502544782348,-0.05263876636997366,-4.64907038533847e-05,0.1341155478689546,0.1357946317176106,-4.6490703892881486e-05,0.014453090190647118,0.009868120004974773,4.64907038746153e-05,-0.12258651672498094,-0.13185499636540335,-4.6490703853363346e-05,0.030531434603985556,0.031231287689695464,4.64907038537334e-05,3.7254850155622434e-17,4.0260872677308e-17
406.54,"[0.06062, 0.0456, 0.41014]",0.0456,0.41014,4.6490703885508464e-05,-0.05154502544782348,-0.05263876636997366,-4.649070388578582e-05,0.1341155478689546,0.1357946317176106,-4.6490703921145776e-05,0.014453090190647118,0.009868120004974773,4.649070389723215e-05,-0.12258651672498094,-0.13185499636540335,-4.649070388580362e-05,0.030531434603985556,0.031231287689695464,4.649070388549038e-05,3.7254850155622434e-17,4.0260872677308e-17
406.56,"[0.06062, 0.0456, 0.41014]",0.0456,0.41014,4.649070392424478e-05,-0.05154502544782348,-0.05245713056312845,-4.64907039239608e-05,0.1341155478689546,0.13545030401426136,-4.64907039686926e-05,0.014453090190647118,0.01040010116724142,4.649070394338462e-05,-0.12258651672498094,-0.1306231788588847,-4.649070392394254e-05,0.030531434603985556,0.03111707669219824,4.649070392426327e-05,3.7254850155622434e-17,7.534011346778987e-17
406.58,"[0.06062, 0.0456, 0.41014]",0.0456,0.41014,4.64907039529767e-05,-0.05154502544782348,-0.05245713056312845,-4.649070395321061e-05,0.1341155478689546,0.13545030401426136,-4.649070399373968e-05,0.014453090190647118,0.01040010116724142,4.6490703963290774e-05,-0.12258651672498094,-0.1306231788588847,-4.6490703953225814e-05,0.030531434603985556,0.03111707669219824,4.6490703952961756e-05,3.7254850155622434e-17,7.534011346778987e-17
406.6,"[0.06062, 0.0456, 0.41014]",0.0456,0.41014,4.649070398831348e-05,-0.05154502544782348,-0.05230192593670645,-4.6490703988067965e-05,0.1341155478689546,0.135162228340666,-4.649070403748639e-05,0.014453090190647118,0.010876601762930016,4.649070400577537e-05,-0.12258651672498094,-0.1295411425605127,-4.649070398805197e-05,0.030531434603985556,0.031019288040296383,4.649070398832951e-05,3.7254850155622434e-17,1.0629672517429529e-16
406.62,"[0.06062, 0.0456, 0.41014]",0.0456,0.41014,4.649070401421567e-05,-0.05154502544782348,-0.05230192593670645,-4.649070401441167e-05,0.1341155478689546,0.135162228340666,-4.649070405963612e-05,0.014453090190647118,0.010876601762930016,4.649070402325743e-05,-0.12258651672498094,-0.1295411425605127,-4.649070401442408e-05,0.030531434603985556,0.031019288040296383,4.6490704014203004e-05,3.7254850155622434e-17,1.0629672517429529e-16
406.64,"[0.06062, 0.0456, 0.41014]",0.0456,0.41014,4.6490704046361945e-05,-0.05154502544782348,-0.052169822657815036,-4.649070404615019e-05,0.1341155478689546,0.13492270670968934,-4.649070409975813e-05,0.014453090190647118,0.011302414230410613,4.64907040622398e-05,-0.12258651672498094,-0.12859297853121573,-4.649070404613651e-05,0.030531434603985556,0.03093587270315119,4.649070404637603e-05,3.7254850155622434e-17,1.3272194138139078e-16
406.66,"[0.06062, 0.0456, 0.41014]",0.0456,0.41014,4.64907040696594e-05,-0.05154502544782348,-0.052169822657815036,-4.64907040698226e-05,0.1341155478689546,0.13492270670968934,-4.649070411930543e-05,0.014453090190647118,0.011302414230410613,4.649070407755998e-05,-0.12258651672498094,-0.12859297853121573,-4.6490704069833214e-05,0.030531434603985556,0.03093587270315119,4.6490704069649225e-05,3.7254850155622434e-17,1.3272194138139078e-16
406.68,"[0.06062, 0.0456, 0.41014]",0.0456,0.41014,4.649070409882292e-05,-0.05154502544782348,-0.05205782186650416,-4.649070409864084e-05,0.1341155478689546,0.1347248711917835,-4.6490704155985714e-05,0.014453090190647118,0.01168207970479554,4.649070411321374e-05,-0.12258651672498094,-0.12776405495927812,-4.6490704098628675e-05,0.030531434603985556,0.03086498342746101,4.649070409883472e-05,3.7254850155622434e-17,1.5468275291709125e-16
406.7,"[0.06062, 0.0456, 0.41014]",0.0456,0.41014,4.649070411972636e-05,-0.05154502544782348,-0.05205782186650416,-4.6490704119861406e-05,0.1341155478689546,0.1347248711917835,-4.649070417319698e-05,0.014453090190647118,0.01168207970479554,4.649070412660645e-05,-0.12258651672498094,-0.12776405495927812,-4.649070411986966e-05,0.030531434603985556,0.03086498342746101,4.6490704119717444e-05,3.7254850155622434e-17,1.5468275291709125e-16
406.72,"[0.06062, 0.0456, 0.41014]",0.0456,0.41014,4.6490704146110605e-05,-0.05154502544782348,-0.051963668265047745,-4.649070414595453e-05,0.1341155478689546,0.13456317321943168,-4.6490704206626663e-05,0.014453090190647118,0.01201754465496045,4.649070415911431e-05,-0.12258651672498094,-0.12704533892285308,-4.649070414594407e-05,0.030531434603985556,0.03080524592088603,4.6490704146120715e-05,3.7254850155622434e-17,1.7273501098992995e-16
406.74,"[0.06062, 0.0456, 0.41014]",0.0456,0.41014,4.649070416490925e-05,-0.05154502544782348,-0.051963668265047745,-4.649070416501904e-05,0.1341155478689546,0.13456317321943168,-4.649070422188483e-05,0.014453090190647118,0.01201754465496045,4.64907041709353e-05,-0.12258651672498094,-0.12704533892285308,-4.649070416502596e-05,0.030531434603985556,0.03080524592088603,4.6490704164902044e-05,3.7254850155622434e-17,1.7273501098992995e-16
406.76,"[0.06062, 0.0456, 0.41014]",0.0456,0.41014,4.6490704188724764e-05,-0.05154502544782348,-0.051884813060282156,-4.6490704188591475e-05,0.1341155478689546,0.1344320170426045,-4.64907042522165e-05,0.014453090190647118,0.012313563160094314,4.649070420042713e-05,-0.12258651672498094,-0.12642318994788532,-4.6490704188582625e-05,0.030531434603985556,0.030755081611943604,4.6490704188733445e-05,3.7254850155622434e-17,1.8735913996308117e-16
406.78,"[0.06062, 0.0456, 0.41014]",0.0456,0.41014,4.649070420553939e-05,-0.05154502544782348,-0.051884813060282156,-4.6490704205628296e-05,0.1341155478689546,0.1344320170426045,-4.649070426565387e-05,0.014453090190647118,0.012313563160094314,4.649070421078039e-05,-0.12258651672498094,-0.12642318994788532,-4.649070420563374e-05,0.030531434603985556,0.030755081611943604,4.649070420553345e-05,3.7254850155622434e-17,1.8735913996308117e-16
406.8,"[0.06062, 0.0456, 0.41014]",0.0456,0.41014,4.649070422693846e-05,-0.05154502544782348,-0.05181901972316581,-4.649070422682519e-05,0.1341155478689546,0.13432654040777972,-4.6490704293056686e-05,0.014453090190647118,0.012574480169691206,4.649070423742629e-05,-0.12258651672498094,-0.12588540467527806,-4.649070422681778e-05,0.030531434603985556,0.030713103751538205,4.649070422694607e-05,3.7254850155622434e-17,1.989482934557074e-16
406.82,"[0.06062, 0.0456, 0.41014]",0.0456,0.41014,4.6490704241905924e-05,-0.05154502544782348,-0.05181901972316581,-4.649070424197754e-05,0.1341155478689546,0.13432654040777972,-4.6490704304823755e-05,0.014453090190647118,0.012574480169691206,4.649070424643556e-05,-0.12258651672498094,-0.12588540467527806,-4.649070424198218e-05,0.030531434603985556,0.030713103751538205,4.6490704241901405e-05,3.7254850155622434e-17,1.989482934557074e-16
406.84,"[0.06062, 0.0456, 0.41014]",0.0456,0.41014,4.649070426106012e-05,-0.05154502544782348,-0.051764337101324165,-4.64907042609641e-05,0.1341155478689546,0.13424254339798303,-4.6490704329490676e-05,0.014453090190647118,0.012804237884722814,4.649070427042666e-05,-0.12258651672498094,-0.1254211321131941,-4.649070426095776e-05,0.030531434603985556,0.030678101156766637,4.649070426106627e-05,3.7254850155622434e-17,2.0785289187621444e-16
406.86,"[0.06062, 0.0456, 0.41014]",0.0456,0.41014,4.6490704274328584e-05,-0.05154502544782348,-0.051764337101324165,-4.649070427438576e-05,0.1341155478689546,0.13424254339798303,-4.649070433974369e-05,0.014453090190647118,0.012804237884722814,4.6490704278220693e-05,-0.12258651672498094,-0.1254211321131941,-4.6490704274389414e-05,0.030531434603985556,0.030678101156766637,4.6490704274324715e-05,3.7254850155622434e-17,2.0785289187621444e-16
406.88,"[0.06062, 0.0456, 0.41014]",0.0456,0.41014,4.649070429141849e-05,-0.05154502544782348,-0.051716935565460566,-4.649070429133756e-05,0.1341155478689546,0.13417238267939938,-4.64907043618818e-05,0.014453090190647118,0.013012720232671329,4.649070429975929e-05,-0.12258651672498094,-0.1250061855945801,-4.6490704291332235e-05,0.030531434603985556,0.03064767728002981,4.64907042914237e-05,3.7254850155622434e-17,2.110504200433609e-16
406.9,"[0.06062, 0.0456, 0.41014]",0.0456,0.41014,4.6490704301350493e-05,-0.05154502544782348,-0.051716935565460566,-4.649070430130244e-05,0.1341155478689546,0.13417238267939938,-4.649070437201036e-05,0.014453090190647118,0.013012720232671329,4.649070430869397e-05,-0.12258651672498094,-0.1250061855945801,-4.649070430129887e-05,0.030531434603985556,0.03064767728002981,4.649070430135317e-05,3.7254850155622434e-17,2.110504200433609e-16
406.92,"[0.06062, 0.0456, 0.41014]",0.0456,0.41014,4.64907043198548e-05,-0.05154502544782348,-0.051678283727150255,-4.649070431977652e-05,0.1341155478689546,0.13411852047878317,-4.6490704392531185e-05,0.014453090190647118,0.01319446407040627,4.649070432763105e-05,-0.12258651672498094,-0.12465209037381902,-4.64907043197709e-05,0.030531434603985556,0.030622766158235448,4.6490704319859566e-05,3.7254850155622434e-17,2.146705410997546e-16
406.94,"[0.06062, 0.0456, 0.41014]",0.0456,0.41014,4.6490704328726354e-05,-0.05154502544782348,-0.051678283727150255,-4.6490704328684714e-05,0.1341155478689546,0.13411852047878317,-4.649070440122562e-05,0.014453090190647118,0.01319446407040627,4.649070433517388e-05,-0.12258651672498094,-0.12465209037381902,-4.6490704328681665e-05,0.030531434603985556,0.030622766158235448,4.649070432872861e-05,3.7254850155622434e-17,2.146705410997546e-16
406.96,"[0.06062, 0.0456, 0.41014]",0.0456,0.41014,4.6490704345024596e-05,-0.05154502544782348,-0.05164690405137249,-4.649070434495984e-05,0.1341155478689546,0.1340779246274805,-4.649070441928701e-05,0.014453090190647118,0.013352988077589705,4.649070435183167e-05,-0.12258651672498094,-0.12434991051745384,-4.649070434495574e-05,0.030531434603985556,0.030602445780696545,4.6490704345028865e-05,3.7254850155622434e-17,2.1783703340206215e-16
406.98,"[0.06062, 0.0456, 0.41014]",0.0456,0.41014,4.649070435258171e-05,-0.05154502544782348,-0.05164690405137249,-4.6490704352547096e-05,0.1341155478689546,0.1340779246274805,-4.649070442663854e-05,0.014453090190647118,0.013352988077589705,4.649070435819162e-05,-0.12258651672498094,-0.12434991051745384,-4.64907043525448e-05,0.030531434603985556,0.030602445780696545,4.649070435258396e-05,3.7254850155622434e-17,2.1783703340206215e-16
407.0,"[0.06062, 0.0456, 0.41014]",0.0456,0.41014,4.649070436689486e-05,-0.05154502544782348,-0.051621552033011275,-4.6490704366841875e-05,0.1341155478689546,0.13404806068615877,-4.6490704442524086e-05,0.014453090190647118,0.013491326931213408,4.6490704372846566e-05,-0.12258651672498094,-0.12409202360114098,-4.6490704366838324e-05,0.030531434603985556,0.03058593890162116,4.64907043668982e-05,3.7254850155622434e-17,2.2009468031624572e-16
407.02,"[0.06062, 0.0456, 0.41014]",0.0456,0.41014,4.64907043733227e-05,-0.05154502544782348,-0.051621552033011275,-4.649070437329397e-05,0.1341155478689546,0.13404806068615877,-4.6490704448731394e-05,0.014453090190647118,0.013491326931213408,4.649070437820207e-05,-0.12258651672498094,-0.12409202360114098,-4.6490704373291834e-05,0.030531434603985556,0.03058593890162116,4.6490704373324414e-05,3.7254850155622434e-17,2.2009468031624572e-16
407.04,"[0.06062, 0.0456, 0.41014]",0.0456,0.41014,4.649070438589342e-05,-0.05154502544782348,-0.05160118197853653,-4.6490704385850216e-05,0.1341155478689546,0.13402681902053923,-4.6490704462705086e-05,0.014453090190647118,0.013612102687708192,4.649070439109684e-05,-0.12258651672498094,-0.1238719275061003,-4.6490704385847024e-05,0.030531434603985556,0.030572591782696768,4.6490704385896064e-05,3.7254850155622434e-17,2.2124857845014826e-16
407.06,"[0.06062, 0.0456, 0.41014]",0.0456,0.41014,4.649070439135816e-05,-0.05154502544782348,-0.05160118197853653,-4.649070439133439e-05,0.1341155478689546,0.13402681902053923,-4.649070446794168e-05,0.014453090190647118,0.013612102687708192,4.649070439560187e-05,-0.12258651672498094,-0.1238719275061003,-4.649070439133268e-05,0.030531434603985556,0.030572591782696768,4.6490704391359664e-05,3.7254850155622434e-17,2.2124857845014826e-16
407.08,"[0.06062, 0.0456, 0.41014]",0.0456,0.41014,4.649070440240049e-05,-0.05154502544782348,-0.051584917318614545,-4.649070440236528e-05,0.1341155478689546,0.1340124509232145,-4.649070448023548e-05,0.014453090190647118,0.013717584580397365,4.649070440694969e-05,-0.12258651672498094,-0.12368407564864506,-4.649070440236291e-05,0.030531434603985556,0.030561855769125647,4.649070440240276e-05,3.7254850155622434e-17,2.2127601433537334e-16
407.1,"[0.06062, 0.0456, 0.41014]",0.0456,0.41014,4.649070440704341e-05,-0.05154502544782348,-0.051584917318614545,-4.649070440702386e-05,0.1341155478689546,0.1340124509232145,-4.649070448464799e-05,0.014453090190647118,0.013717584580397365,4.6490704410733564e-05,-0.12258651672498094,-0.12368407564864506,-4.6490704407022285e-05,0.030531434603985556,0.030561855769125647,4.649070440704461e-05,3.7254850155622434e-17,2.2127601433537334e-16
407.12,"[0.06062, 0.0456, 0.41014]",0.0456,0.41014,4.649070441674331e-05,-0.05154502544782348,-0.05157202496822616,-4.6490704416714924e-05,0.1341155478689546,0.13400351306044989,-4.649070449546407e-05,0.014453090190647118,0.013809739329554333,4.649070442072016e-05,-0.12258651672498094,-0.12352373645538832,-4.6490704416713054e-05,0.030531434603985556,0.03055327138916261,4.649070441674537e-05,3.7254850155622434e-17,2.2024471900462889e-16
407.14,"[0.06062, 0.0456, 0.41014]",0.0456,0.41014,4.649070442068552e-05,-0.05154502544782348,-0.05157202496822616,-4.6490704420669585e-05,0.1341155478689546,0.13400351306044989,-4.649070449917823e-05,0.014453090190647118,0.013809739329554333,4.649070442389445e-05,-0.12258651672498094,-0.12352373645538832,-4.649070442066855e-05,0.030531434603985556,0.03055327138916261,4.649070442068691e-05,3.7254850155622434e-17,2.2024471900462889e-16
407.16,"[0.06062, 0.0456, 0.41014]",0.0456,0.41014,4.6490704429206444e-05,-0.05154502544782348,-0.05156189327001644,-4.64907044291837e-05,0.1341155478689546,0.1339988194558831,-4.649070450869353e-05,0.014453090190647118,0.013890273642035551,4.64907044326825e-05,-0.12258651672498094,-0.12338687351438929,-4.649070442918211e-05,0.030531434603985556,0.030546454682472385,4.649070442920799e-05,3.7254850155622434e-17,2.1827790031295643e-16
407.18,"[0.06062, 0.0456, 0.41014]",0.0456,0.41014,4.649070443255187e-05,-0.05154502544782348,-0.05156189327001644,-4.6490704432538645e-05,0.1341155478689546,0.1339988194558831,-4.649070451181579e-05,0.014453090190647118,0.013890273642035551,4.6490704435341483e-05,-0.12258651672498094,-0.12338687351438929,-4.6490704432537655e-05,0.030531434603985556,0.030546454682472385,4.649070443255251e-05,3.7254850155622434e-17,2.1827790031295643e-16
407.2,"[0.06062, 0.0456, 0.41014]",0.0456,0.41014,4.649070444003711e-05,-0.05154502544782348,-0.05155401308644025,-4.649070444001875e-05,0.1341155478689546,0.1339974002110059,-4.6490704520186734e-05,0.014453090190647118,0.013960670248210717,4.6490704443074786e-05,-0.12258651672498094,-0.12327004335872078,-4.649070444001709e-05,0.030531434603985556,0.030541085483530756,4.6490704440037556e-05,3.7254850155622434e-17,2.155187522508347e-16
407.22,"[0.06062, 0.0456, 0.41014]",0.0456,0.41014,4.6490704442874e-05,-0.05154502544782348,-0.05155401308644025,-4.649070444286311e-05,0.1341155478689546,0.1339974002110059,-4.649070452280908e-05,0.014453090190647118,0.013960670248210717,4.649070444529907e-05,-0.12258651672498094,-0.12327004335872078,-4.6490704442862275e-05,0.030531434603985556,0.030541085483530756,4.649070444287435e-05,3.7254850155622434e-17,2.155187522508347e-16
407.24,"[0.06062, 0.0456, 0.41014]",0.0456,0.41014,4.649070444944915e-05,-0.05154502544782348,-0.051547961641851325,-4.6490704449434655e-05,0.1341155478689546,0.13399846618582725,-4.649070453017381e-05,0.014453090190647118,0.014022218564947649,4.649070445210449e-05,-0.12258651672498094,-0.1231703082873568,-4.649070444943376e-05,0.030531434603985556,0.03053689741003842,4.649070444945e-05,3.7254850155622434e-17,2.1211758717480193e-16
407.26,"[0.06062, 0.0456, 0.41014]",0.0456,0.41014,4.649070445185395e-05,-0.05154502544782348,-0.051543057249493346,-4.6490704451845114e-05,0.1341155478689546,0.13400097428566993,-4.6490704532373336e-05,0.014453090190647118,0.014077806283125936,4.6490704453962195e-05,-0.12258651672498094,-0.12308184658955049,-4.649070445184456e-05,0.030531434603985556,0.030533453800317994,4.649070445185435e-05,3.7254850155622434e-17,2.0727666845193827e-16
407.28,"[0.06062, 0.0456, 0.41014]",0.0456,0.41014,4.649070445504216e-05,-0.05154502544782348,-0.051543057249493346,-4.649070445504225e-05,0.1341155478689546,0.13400097428566993,-4.649070453471842e-05,0.014453090190647118,0.014077806283125936,4.6490704455746216e-05,-0.12258651672498094,-0.12308184658955049,-4.649070445504203e-05,0.030531434603985556,0.030533453800317994,4.64907044550417e-05,3.7254850155622434e-17,2.0727666845193827e-16
407.3,"[0.06062, 0.0456, 0.41014]",0.0456,0.41014,4.6490704459900994e-05,-0.05154502544782348,-0.0515394661956664,-4.649070445989121e-05,0.1341155478689546,0.13400497054140312,-4.6490704541342276e-05,0.014453090190647118,0.014125996267877618,4.649070446220963e-05,-0.12258651672498094,-0.12300706090226633,-4.6490704459890565e-05,0.030531434603985556,0.03053086762068143,4.649070445990158e-05,3.7254850155622434e-17,2.027643740859163e-16
407.32,"[0.06062, 0.0456, 0.41014]",0.0456,0.41014,4.6490704463005214e-05,-0.05154502544782348,-0.0515394661956664,-4.6490704463004034e-05,0.1341155478689546,0.13400497054140312,-4.649070454333845e-05,0.014453090190647118,0.014125996267877618,4.6490704463604045e-05,-0.12258651672498094,-0.12300706090226633,-4.6490704463003994e-05,0.030531434603985556,0.03053086762068143,4.64907044630051e-05,3.7254850155622434e-17,2.027643740859163e-16
407.34,"[0.06062, 0.0456, 0.41014]",0.0456,0.41014,4.649070446720816e-05,-0.05154502544782348,-0.051536916505675226,-4.649070446720059e-05,0.1341155478689546,0.13401000584118164,-4.6490704549068545e-05,0.014453090190647118,0.01416782586266254,4.6490704469191346e-05,-0.12258651672498094,-0.12294378212995187,-4.649070446720002e-05,0.030531434603985556,0.030528965653215414,4.6490704467208435e-05,3.7254850155622434e-17,1.9838208084310133e-16
407.36,"[0.06062, 0.0456, 0.41014]",0.0456,0.41014,4.649070446982118e-05,-0.05154502544782348,-0.051536916505675226,-4.649070446981938e-05,0.1341155478689546,0.13401000584118164,-4.6490704550678585e-05,0.014453090190647118,0.01416782586266254,4.6490704470282744e-05,-0.12258651672498094,-0.12294378212995187,-4.6490704469819445e-05,0.030531434603985556,0.030528965653215414,4.649070446982123e-05,3.7254850155622434e-17,1.9838208084310133e-16
407.38,"[0.06062, 0.0456, 0.41014]",0.0456,0.41014,4.6490704473425115e-05,-0.05154502544782348,-0.05153500406927763,-4.649070447341919e-05,0.1341155478689546,0.13401558002107103,-4.649070455563979e-05,0.014453090190647118,0.014205423469430774,4.64907044751284e-05,-0.12258651672498094,-0.12288800027703456,-4.649070447341869e-05,0.030531434603985556,0.030527485362663066,4.649070447342491e-05,3.7254850155622434e-17,1.933068852254082e-16
407.4,"[0.06062, 0.0456, 0.41014]",0.0456,0.41014,4.649070447511562e-05,-0.05154502544782348,-0.05153500406927763,-4.649070447511113e-05,0.1341155478689546,0.13401558002107103,-4.649070455727439e-05,0.014453090190647118,0.014205423469430774,4.649070447654721e-05,-0.12258651672498094,-0.12288800027703456,-4.649070447511063e-05,0.030531434603985556,0.030527485362663066,4.649070447511535e-05,3.7254850155622434e-17,1.933068852254082e-16
407.42,"[0.06062, 0.0456, 0.41014]",0.0456,0.41014,4.649070447909476e-05,-0.05154502544782348,-0.05153380007810069,-4.6490704479090085e-05,0.1341155478689546,0.134021614486498,-4.649070456172549e-05,0.014453090190647118,0.01423783035821872,4.649070448065546e-05,-0.12258651672498094,-0.12284120394685487,-4.6490704479089603e-05,0.030531434603985556,0.030526478112056672,4.64907044790947e-05,3.7254850155622434e-17,1.887395620968217e-16
407.44,"[0.06062, 0.0456, 0.41014]",0.0456,0.41014,4.649070448054737e-05,-0.05154502544782348,-0.05153380007810069,-4.649070448054385e-05,0.1341155478689546,0.134021614486498,-4.649070456303468e-05,0.014453090190647118,0.01423783035821872,4.649070448175992e-05,-0.12258651672498094,-0.12284120394685487,-4.6490704480543464e-05,0.030531434603985556,0.030526478112056672,4.649070448054726e-05,3.7254850155622434e-17,1.887395620968217e-16
407.46,"[0.06062, 0.0456, 0.41014]",0.0456,0.41014,4.649070448394218e-05,-0.05154502544782348,-0.05153314061527408,-4.6490704483938806e-05,0.1341155478689546,0.13402787962244392,-4.649070456683249e-05,0.014453090190647118,0.014265817057462219,4.6490704485264826e-05,-0.12258651672498094,-0.12280189071183235,-4.649070448393885e-05,0.030531434603985556,0.03052583821421246,4.649070448394234e-05,3.7254850155622434e-17,1.8445113128248193e-16
407.48,"[0.06062, 0.0456, 0.41014]",0.0456,0.41014,4.6490704485107745e-05,-0.05154502544782348,-0.05153314061527408,-4.649070448510508e-05,0.1341155478689546,0.13402787962244392,-4.649070456786441e-05,0.014453090190647118,0.014265817057462219,4.649070448612814e-05,-0.12258651672498094,-0.12280189071183235,-4.6490704485104574e-05,0.030531434603985556,0.03052583821421246,4.649070448510745e-05,3.7254850155622434e-17,1.8445113128248193e-16
407.5,"[0.06062, 0.0456, 0.41014]",0.0456,0.41014,4.649070448800756e-05,-0.05154502544782348,-0.05153280317082312,-4.64907044880053e-05,0.1341155478689546,0.13403419428835778,-4.649070457111771e-05,0.014453090190647118,0.014290886358372416,4.6490704489132595e-05,-0.12258651672498094,-0.12276740909249388,-4.64907044880052e-05,0.030531434603985556,0.03052541820631546,4.6490704488007505e-05,3.7254850155622434e-17,1.7980325771326878e-16
407.52,"[0.06062, 0.0456, 0.41014]",0.0456,0.41014,4.6490704488899695e-05,-0.05154502544782348,-0.05153280317082312,-4.649070448889763e-05,0.1341155478689546,0.13403419428835778,-4.649070457188226e-05,0.014453090190647118,0.014290886358372416,4.649070448976189e-05,-0.12258651672498094,-0.12276740909249388,-4.649070448889749e-05,0.030531434603985556,0.03052541820631546,4.649070448889951e-05,3.7254850155622434e-17,1.7980325771326878e-16
407.54,"[0.06062, 0.0456, 0.41014]",0.0456,0.41014,4.6490704491401614e-05,-0.05154502544782348,-0.051532868051242145,-4.649070449140016e-05,0.1341155478689546,0.13404043655761141,-4.649070457470285e-05,0.014453090190647118,0.014311842139851172,4.649070449237014e-05,-0.12258651672498094,-0.1227395913926549,-4.649070449139978e-05,0.030531434603985556,0.03052527701054408,4.649070449140125e-05,3.7254850155622434e-17,1.7574424754358846e-16
407.56,"[0.06062, 0.0456, 0.41014]",0.0456,0.41014,4.649070449218243e-05,-0.05154502544782348,-0.051532868051242145,-4.649070449218083e-05,0.1341155478689546,0.13404043655761141,-4.64907045753732e-05,0.014453090190647118,0.014311842139851172,4.6490704492923244e-05,-0.12258651672498094,-0.1227395913926549,-4.6490704492180626e-05,0.030531434603985556,0.03052527701054408,4.649070449218222e-05,3.7254850155622434e-17,1.7574424754358846e-16
407.58,"[0.06062, 0.0456, 0.41014]",0.0456,0.41014,4.649070449434061e-05,-0.05154502544782348,-0.051533160647763,-4.6490704494339734e-05,0.1341155478689546,0.13404650351197517,-4.6490704577804544e-05,0.014453090190647118,0.014330001398429321,4.649070449517047e-05,-0.12258651672498094,-0.12271617231446579,-4.649070449433969e-05,0.030531434603985556,0.030525297699218662,4.649070449434057e-05,3.7254850155622434e-17,1.7179996977980477e-16
407.6,"[0.06062, 0.0456, 0.41014]",0.0456,0.41014,4.649070449497479e-05,-0.05154502544782348,-0.051533160647763,-4.6490704494973606e-05,0.1341155478689546,0.13404650351197517,-4.64907045783369e-05,0.014453090190647118,0.014330001398429321,4.649070449560513e-05,-0.12258651672498094,-0.12271617231446579,-4.6490704494973646e-05,0.030531434603985556,0.030525297699218662,4.649070449497477e-05,3.7254850155622434e-17,1.7179996977980477e-16
407.62,"[0.06062, 0.0456, 0.41014]",0.0456,0.41014,4.649070449683501e-05,-0.05154502544782348,-0.05153361418921063,-4.6490704496834686e-05,0.1341155478689546,0.13405232422476546,-4.649070458043711e-05,0.014453090190647118,0.014345758131580219,4.64907044975473e-05,-0.12258651672498094,-0.12269643223845826,-4.649070449683478e-05,0.030531434603985556,0.030525436508313315,4.6490704496835066e-05,3.7254850155622434e-17,1.6795739301440453e-16
407.64,"[0.06062, 0.0456, 0.41014]",0.0456,0.41014,4.6490704497351044e-05,-0.05154502544782348,-0.05153415332979035,-4.6490704497350204e-05,0.1341155478689546,0.1340579220878104,-4.649070458086045e-05,0.014453090190647118,0.014359917324301932,4.649070449788907e-05,-0.12258651672498094,-0.12267907673577304,-4.649070449735041e-05,0.030531434603985556,0.030525640917691898,4.6490704497351166e-05,3.7254850155622434e-17,1.6391775863909936e-16
407.66,"[0.06062, 0.0456, 0.41014]",0.0456,0.41014,4.649070449813325e-05,-0.05154502544782348,-0.05153415332979035,-4.6490704498130694e-05,0.1341155478689546,0.1340579220878104,-4.649070458134483e-05,0.014453090190647118,0.014359917324301932,4.649070449822445e-05,-0.12258651672498094,-0.12267907673577304,-4.649070449813061e-05,0.030531434603985556,0.030525640917691898,4.6490704498133256e-05,3.7254850155622434e-17,1.6391775863909936e-16
407.68,"[0.06062, 0.0456, 0.41014]",0.0456,0.41014,4.649070449944759e-05,-0.05154502544782348,-0.051534769746044574,-4.6490704499447674e-05,0.1341155478689546,0.13406317040110607,-4.649070458321659e-05,0.014453090190647118,0.014372118259860409,4.649070450005896e-05,-0.12258651672498094,-0.12266456445103445,-4.6490704499447634e-05,0.030531434603985556,0.030525909028480826,4.649070449944731e-05,3.7254850155622434e-17,1.602013665225096e-16
407.7,"[0.06062, 0.0456, 0.41014]",0.0456,0.41014,4.649070450021999e-05,-0.05154502544782348,-0.051534769746044574,-4.649070450021757e-05,0.1341155478689546,0.13406317040110607,-4.6490704583612236e-05,0.014453090190647118,0.014372118259860409,4.64907045002929e-05,-0.12258651672498094,-0.12266456445103445,-4.6490704500217715e-05,0.030531434603985556,0.030525909028480826,4.6490704500220094e-05,3.7254850155622434e-17,1.602013665225096e-16
407.72,"[0.06062, 0.0456, 0.41014]",0.0456,0.41014,4.6490704501337974e-05,-0.05154502544782348,-0.051535430241076666,-4.6490704501338286e-05,0.1341155478689546,0.13406806119469475,-4.649070458520553e-05,0.014453090190647118,0.014382652454628926,4.649070450185391e-05,-0.12258651672498094,-0.12265240946229539,-4.649070450133787e-05,0.030531434603985556,0.030526218244174383,4.649070450133733e-05,3.7254850155622434e-17,1.5673011565284532e-16
407.74,"[0.06062, 0.0456, 0.41014]",0.0456,0.41014,4.64907045019715e-05,-0.05154502544782348,-0.051535430241076666,-4.6490704501969264e-05,0.1341155478689546,0.13406806119469475,-4.649070458550378e-05,0.014453090190647118,0.014382652454628926,4.6490704502015004e-05,-0.12258651672498094,-0.12265240946229539,-4.6490704501969075e-05,0.030531434603985556,0.030526218244174383,4.64907045019713e-05,3.7254850155622434e-17,1.5673011565284532e-16
407.76,"[0.06062, 0.0456, 0.41014]",0.0456,0.41014,4.649070450347934e-05,-0.05154502544782348,-0.051536109537194646,-4.649070450347988e-05,0.1341155478689546,0.13407259454707982,-4.649070458746769e-05,0.014453090190647118,0.014391763509419668,4.6490704503899524e-05,-0.12258651672498094,-0.12264221276313608,-4.649070450347975e-05,0.030531434603985556,0.030526551168185437,4.649070450347888e-05,3.7254850155622434e-17,1.534581739389352e-16
407.78,"[0.06062, 0.0456, 0.41014]",0.0456,0.41014,4.6490704503437484e-05,-0.05154502544782348,-0.051536109537194646,-4.649070450343544e-05,0.1341155478689546,0.13407259454707982,-4.649070458709042e-05,0.014453090190647118,0.014391763509419668,4.649070450346012e-05,-0.12258651672498094,-0.12264221276313608,-4.6490704503434984e-05,0.030531434603985556,0.030526551168185437,4.649070450343708e-05,3.7254850155622434e-17,1.534581739389352e-16
407.8,"[0.06062, 0.0456, 0.41014]",0.0456,0.41014,4.649070450423812e-05,-0.05154502544782348,-0.051536788707683995,-4.649070450423856e-05,0.1341155478689546,0.13407677680631785,-4.649070458825928e-05,0.014453090190647118,0.014399655903080013,4.649070450461028e-05,-0.12258651672498094,-0.12263364599455172,-4.6490704504238744e-05,0.030531434603985556,0.030526894580732034,4.6490704504237876e-05,3.7254850155622434e-17,1.5036331501741402e-16
407.82,"[0.06062, 0.0456, 0.41014]",0.0456,0.41014,4.6490704504672634e-05,-0.05154502544782348,-0.051536788707683995,-4.649070450467076e-05,0.1341155478689546,0.13407677680631785,-4.649070458843043e-05,0.014453090190647118,0.014399655903080013,4.6490704504681315e-05,-0.12258651672498094,-0.12263364599455172,-4.64907045046707e-05,0.030531434603985556,0.030526894580732034,4.6490704504672594e-05,3.7254850155622434e-17,1.5036331501741402e-16
407.84,"[0.06062, 0.0456, 0.41014]",0.0456,0.41014,4.649070450535562e-05,-0.05154502544782348,-0.05153745388454644,-4.649070450535613e-05,0.1341155478689546,0.13408061905355828,-4.6490704589437464e-05,0.014453090190647118,0.01440650200330021,4.649070450567388e-05,-0.12258651672498094,-0.12262643835179506,-4.649070450535638e-05,0.030531434603985556,0.030527238597691714,4.64907045053555e-05,3.7254850155622434e-17,1.474333362281473e-16
407.86,"[0.06062, 0.0456, 0.41014]",0.0456,0.41014,4.6490704505719e-05,-0.05154502544782348,-0.05153745388454644,-4.6490704505717195e-05,0.1341155478689546,0.13408061905355828,-4.64907045895671e-05,0.014453090190647118,0.01440650200330021,4.6490704505717704e-05,-0.12258651672498094,-0.12262643835179506,-4.6490704505717094e-05,0.030531434603985556,0.030527238597691714,4.649070450571885e-05,3.7254850155622434e-17,1.474333362281473e-16
407.88,"[0.06062, 0.0456, 0.41014]",0.0456,0.41014,4.649070450630383e-05,-0.05154502544782348,-0.051538101272474574,-4.6490704506304406e-05,0.1341155478689546,0.13408421171188528,-4.64907045904374e-05,0.014453090190647118,0.014412652748167637,4.649070450657665e-05,-0.12258651672498094,-0.12262010931886304,-4.6490704506304345e-05,0.030531434603985556,0.03052757787925233,4.649070450630346e-05,3.7254850155622434e-17,1.4450109623407998e-16
407.9,"[0.06062, 0.0456, 0.41014]",0.0456,0.41014,4.649070450649708e-05,-0.05154502544782348,-0.051538101272474574,-4.649070450649719e-05,0.1341155478689546,0.13408421171188528,-4.649070459060684e-05,0.014453090190647118,0.014412652748167637,4.649070450671798e-05,-0.12258651672498094,-0.12262010931886304,-4.649070450649744e-05,0.030531434603985556,0.03052757787925233,4.6490704506497076e-05,3.7254850155622434e-17,1.4450109623407998e-16
407.92,"[0.06062, 0.0456, 0.41014]",0.0456,0.41014,4.649070450718564e-05,-0.05154502544782348,-0.05153871598986327,-4.64907045071864e-05,0.1341155478689546,0.13408746827820375,-4.6490704591386995e-05,0.014453090190647118,0.014417951563718435,4.649070450743978e-05,-0.12258651672498094,-0.12261482511403146,-4.649070450718652e-05,0.030531434603985556,0.030527904775889965,4.6490704507185375e-05,3.7254850155622434e-17,1.4182771462364585e-16
407.94,"[0.06062, 0.0456, 0.41014]",0.0456,0.41014,4.64907045073533e-05,-0.05154502544782348,-0.05153871598986327,-4.649070450735343e-05,0.1341155478689546,0.13408746827820375,-4.649070459151415e-05,0.014453090190647118,0.014417951563718435,4.649070450753883e-05,-0.12258651672498094,-0.12261482511403146,-4.649070450735378e-05,0.030531434603985556,0.030527904775889965,4.6490704507353426e-05,3.7254850155622434e-17,1.4182771462364585e-16
407.96,"[0.06062, 0.0456, 0.41014]",0.0456,0.41014,4.649070450793636e-05,-0.05154502544782348,-0.05153929446249687,-4.649070450793709e-05,0.1341155478689546,0.1340904153163665,-4.649070459217482e-05,0.014453090190647118,0.014422525572477394,4.649070450815002e-05,-0.12258651672498094,-0.12261040522500727,-4.6490704507937425e-05,0.030531434603985556,0.03052821601954387,4.649070450793636e-05,3.7254850155622434e-17,1.393657847247394e-16
407.98,"[0.06062, 0.0456, 0.41014]",0.0456,0.41014,4.649070450806452e-05,-0.05154502544782348,-0.05153929446249687,-4.64907045080647e-05,0.1341155478689546,0.1340904153163665,-4.649070459226631e-05,0.014453090190647118,0.014422525572477394,4.6490704508218924e-05,-0.12258651672498094,-0.12261040522500727,-4.649070450806485e-05,0.030531434603985556,0.03052821601954387,4.649070450806448e-05,3.7254850155622434e-17,1.393657847247394e-16
408.0,"[0.06062, 0.0456, 0.41014]",0.0456,0.41014,4.649070450855948e-05,-0.05154502544782348,-0.05153983472940122,-4.649070450856012e-05,0.1341155478689546,0.13409307782825475,-4.649070459282884e-05,0.014453090190647118,0.014426480937588516,4.6490704508739755e-05,-0.12258651672498094,-0.12260670184601621,-4.6490704508560245e-05,0.030531434603985556,0.030528509499371533,4.649070450855924e-05,3.7254850155622434e-17,1.3708660319410848e-16
408.02,"[0.06062, 0.0456, 0.41014]",0.0456,0.41014,4.6490704508657484e-05,-0.05154502544782348,-0.05153983472940122,-4.6490704508657586e-05,0.1341155478689546,0.13409307782825475,-4.649070459289426e-05,0.014453090190647118,0.014426480937588516,4.649070450878696e-05,-0.12258651672498094,-0.12260670184601621,-4.649070450865762e-05,0.030531434603985556,0.030528509499371533,4.649070450865723e-05,3.7254850155622434e-17,1.3708660319410848e-16
408.04,"[0.06062, 0.0456, 0.41014]",0.0456,0.41014,4.649070450908e-05,-0.05154502544782348,-0.051540336080054976,-4.649070450908067e-05,0.1341155478689546,0.134095479367086,-4.64907045933761e-05,0.014453090190647118,0.014429906721854801,4.6490704509233324e-05,-0.12258651672498094,-0.12260359367293527,-4.649070450908077e-05,0.030531434603985556,0.030528784009232347,4.649070450907977e-05,3.7254850155622434e-17,1.3496876045440134e-16
408.06,"[0.06062, 0.0456, 0.41014]",0.0456,0.41014,4.649070450915645e-05,-0.05154502544782348,-0.051540336080054976,-4.649070450915662e-05,0.1341155478689546,0.134095479367086,-4.64907045934239e-05,0.014453090190647118,0.014429906721854801,4.649070450926617e-05,-0.12258651672498094,-0.12260359367293527,-4.64907045091569e-05,0.030531434603985556,0.030528784009232347,4.649070450915651e-05,3.7254850155622434e-17,1.3496876045440134e-16
408.08,"[0.06062, 0.0456, 0.41014]",0.0456,0.41014,4.649070450951936e-05,-0.05154502544782348,-0.05154079875378999,-4.649070450952002e-05,0.1341155478689546,0.134097642094041,-4.649070459383855e-05,0.014453090190647118,0.01443287796224095,4.649070450965044e-05,-0.12258651672498094,-0.12260098092493098,-4.64907045095202e-05,0.030531434603985556,0.03052903903945069,4.649070450951931e-05,3.7254850155622434e-17,1.3300193642195017e-16
408.1,"[0.06062, 0.0456, 0.41014]",0.0456,0.41014,4.649070450957838e-05,-0.05154502544782348,-0.05154079875378999,-4.649070450957854e-05,0.1341155478689546,0.134097642094041,-4.649070459387171e-05,0.014453090190647118,0.01443287796224095,4.6490704509671294e-05,-0.12258651672498094,-0.12260098092493098,-4.6490704509578514e-05,0.030531434603985556,0.03052903903945069,4.649070450957819e-05,3.7254850155622434e-17,1.3300193642195017e-16
408.12,"[0.06062, 0.0456, 0.41014]",0.0456,0.41014,4.649070450989097e-05,-0.05154502544782348,-0.051541223693734727,-4.649070450989143e-05,0.1341155478689546,0.1340995868073998,-4.649070459422963e-05,0.014453090190647118,0.014435458131501747,4.649070451000351e-05,-0.12258651672498094,-0.12259878134173043,-4.6490704509891706e-05,0.030531434603985556,0.030529274606785114,4.6490704509890784e-05,3.7254850155622434e-17,1.3117579143268504e-16
408.14,"[0.06062, 0.0456, 0.41014]",0.0456,0.41014,4.649070450993763e-05,-0.05154502544782348,-0.051541223693734727,-4.6490704509937696e-05,0.1341155478689546,0.1340995868073998,-4.649070459425342e-05,0.014453090190647118,0.014435458131501747,4.649070451001706e-05,-0.12258651672498094,-0.12259878134173043,-4.649070450993785e-05,0.030531434603985556,0.030529274606785114,4.649070450993742e-05,3.7254850155622434e-17,1.3117579143268504e-16
408.16,"[0.06062, 0.0456, 0.41014]",0.0456,0.41014,4.649070451020711e-05,-0.05154502544782348,-0.05154161234775405,-4.6490704510207554e-05,0.1341155478689546,0.1341013329620493,-4.6490704594562475e-05,0.014453090190647118,0.014437701119224863,4.64907045103038e-05,-0.12258651672498094,-0.1225969269583631,-4.649070451020759e-05,0.030531434603985556,0.030529491116921225,4.6490704510206734e-05,3.7254850155622434e-17,1.2948296856922327e-16
408.18,"[0.06062, 0.0456, 0.41014]",0.0456,0.41014,4.649070451024365e-05,-0.05154502544782348,-0.05154161234775405,-4.6490704510243685e-05,0.1341155478689546,0.1341013329620493,-4.649070459457867e-05,0.014453090190647118,0.014437701119224863,4.649070451031153e-05,-0.12258651672498094,-0.1225969269583631,-4.649070451024363e-05,0.030531434603985556,0.030529491116921225,4.649070451024314e-05,3.7254850155622434e-17,1.2948296856922327e-16
408.201,"[0.06062, 0.0456, 0.41014]",0.0456,0.41014,4.6490704510586144e-05,-0.05154502544782348,-0.05154196650930008,-4.6490704510586395e-05,0.1341155478689546,0.1341028986896455,-4.649070459495862e-05,0.014453090190647118,0.014439652834485167,4.649070451066087e-05,-0.12258651672498094,-0.1225953615006215,-4.649070451058676e-05,0.030531434603985556,0.030529689254337827,4.649070451058589e-05,3.7254850155622434e-17,1.2791405014299763e-16
408.22,"[0.06062, 0.0456, 0.41014]",0.0456,0.41014,4.649070451054214e-05,-0.05154502544782348,-0.05154196650930008,-4.6490704510541204e-05,0.1341155478689546,0.1341028986896455,-4.649070459482667e-05,0.014453090190647118,0.014439652834485167,4.6490704510517345e-05,-0.12258651672498094,-0.1225953615006215,-4.649070451054161e-05,0.030531434603985556,0.030529689254337827,4.6490704510542146e-05,3.7254850155622434e-17,1.2791405014299763e-16
408.24,"[0.06062, 0.0456, 0.41014]",0.0456,0.41014,4.649070451067899e-05,-0.05154502544782348,-0.05154229046975829,-4.649070451067916e-05,0.1341155478689546,0.134104311232181,-4.649070459505382e-05,0.014453090190647118,0.014441366421703194,4.649070451074548e-05,-0.12258651672498094,-0.12259402633989698,-4.6490704510679636e-05,0.030531434603985556,0.030529871155487807,4.649070451067896e-05,3.7254850155622434e-17,1.2642924616819323e-16
408.26,"[0.06062, 0.0456, 0.41014]",0.0456,0.41014,4.649070451070135e-05,-0.05154502544782348,-0.05154229046975829,-4.649070451070142e-05,0.1341155478689546,0.134104311232181,-4.649070459506739e-05,0.014453090190647118,0.014441366421703194,4.649070451075403e-05,-0.12258651672498094,-0.12259402633989698,-4.6490704510701605e-05,0.030531434603985556,0.030529871155487807,4.649070451070131e-05,3.7254850155622434e-17,1.2642924616819323e-16
408.28,"[0.06062, 0.0456, 0.41014]",0.0456,0.41014,4.649070451088451e-05,-0.05154502544782348,-0.05154258325525301,-4.649070451088489e-05,0.1341155478689546,0.13410557194612174,-4.649070459527836e-05,0.014453090190647118,0.014442856472791471,4.6490704510950084e-05,-0.12258651672498094,-0.12259289900467914,-4.649070451088517e-05,0.030531434603985556,0.0305300360992406,4.649070451088445e-05,3.7254850155622434e-17,1.2507245192891475e-16
408.3,"[0.06062, 0.0456, 0.41014]",0.0456,0.41014,4.6490704510907874e-05,-0.05154502544782348,-0.05154258325525301,-4.649070451090794e-05,0.1341155478689546,0.13410557194612174,-4.64907045952872e-05,0.014453090190647118,0.014442856472791471,4.6490704510953316e-05,-0.12258651672498094,-0.12259289900467914,-4.649070451090784e-05,0.030531434603985556,0.0305300360992406,4.649070451090747e-05,3.7254850155622434e-17,1.2507245192891475e-16
408.32,"[0.06062, 0.0456, 0.41014]",0.0456,0.41014,4.649070451106596e-05,-0.05154502544782348,-0.051542847290710125,-4.64907045110663e-05,0.1341155478689546,0.13410669628594707,-4.649070459546907e-05,0.014453090190647118,0.01444415333343063,4.649070451112204e-05,-0.12258651672498094,-0.12259194591627774,-4.649070451106618e-05,0.030531434603985556,0.03053018528891759,4.649070451106563e-05,3.7254850155622434e-17,1.2383246249267632e-16
408.34,"[0.06062, 0.0456, 0.41014]",0.0456,0.41014,4.649070451108369e-05,-0.05154502544782348,-0.051542847290710125,-4.649070451108368e-05,0.1341155478689546,0.13410669628594707,-4.649070459547415e-05,0.014453090190647118,0.01444415333343063,4.64907045111227e-05,-0.12258651672498094,-0.12259194591627774,-4.6490704511083834e-05,0.030531434603985556,0.03053018528891759,4.649070451108337e-05,3.7254850155622434e-17,1.2383246249267632e-16
408.36,"[0.06062, 0.0456, 0.41014]",0.0456,0.41014,4.649070451122114e-05,-0.05154502544782348,-0.05154308492508317,-4.649070451122139e-05,0.1341155478689546,0.13410769823876612,-4.64907045956325e-05,0.014453090190647118,0.01444528295538299,4.649070451126964e-05,-0.12258651672498094,-0.12259113916142374,-4.649070451122162e-05,0.030531434603985556,0.03053031992029884,4.649070451122097e-05,3.7254850155622434e-17,1.2269895407854303e-16
408.38,"[0.06062, 0.0456, 0.41014]",0.0456,0.41014,4.6490704511234944e-05,-0.05154502544782348,-0.05154308492508317,-4.64907045112349e-05,0.1341155478689546,0.13410769823876612,-4.6490704595634764e-05,0.014453090190647118,0.01444528295538299,4.6490704511268114e-05,-0.12258651672498094,-0.12259113916142374,-4.649070451123487e-05,0.030531434603985556,0.03053031992029884,4.649070451123447e-05,3.7254850155622434e-17,1.2269895407854303e-16
408.4,"[0.06062, 0.0456, 0.41014]",0.0456,0.41014,4.6490704511353346e-05,-0.05154502544782348,-0.05154329840759498,-4.6490704511353576e-05,0.1341155478689546,0.13410859045872447,-4.6490704595771624e-05,0.014453090190647118,0.014446267593788946,4.649070451139505e-05,-0.12258651672498094,-0.12259045549029056,-4.649070451135363e-05,0.030531434603985556,0.030530441161193925,4.6490704511353116e-05,3.7254850155622434e-17,1.2166224560179768e-16
408.42,"[0.06062, 0.0456, 0.41014]",0.0456,0.41014,4.649070451136379e-05,-0.05154502544782348,-0.05154329840759498,-4.649070451136381e-05,0.1341155478689546,0.13410859045872447,-4.64907045957723e-05,0.014453090190647118,0.014446267593788946,4.649070451139257e-05,-0.12258651672498094,-0.12259045549029056,-4.649070451136405e-05,0.030531434603985556,0.030530441161193925,4.649070451136373e-05,3.7254850155622434e-17,1.2166224560179768e-16
408.44,"[0.06062, 0.0456, 0.41014]",0.0456,0.41014,4.649070451146728e-05,-0.05154502544782348,-0.051543489871237254,-4.6490704511467526e-05,0.1341155478689546,0.134109384385709,-4.649070459589178e-05,0.014453090190647118,0.014447126381052427,4.649070451150352e-05,-0.12258651672498094,-0.1225898755003397,-4.649070451146772e-05,0.030531434603985556,0.030530550136459743,4.649070451146721e-05,3.7254850155622434e-17,1.2071606385343474e-16
408.46,"[0.06062, 0.0456, 0.41014]",0.0456,0.41014,4.649070451147562e-05,-0.05154502544782348,-0.051543489871237254,-4.649070451147557e-05,0.1341155478689546,0.134109384385709,-4.649070459589127e-05,0.014453090190647118,0.014447126381052427,4.649070451150037e-05,-0.12258651672498094,-0.1225898755003397,-4.649070451147581e-05,0.030531434603985556,0.030530550136459743,4.6490704511475434e-05,3.7254850155622434e-17,1.2071606385343474e-16
408.48,"[0.06062, 0.0456, 0.41014]",0.0456,0.41014,4.649070451156511e-05,-0.05154502544782348,-0.05154366132225675,-4.649070451156538e-05,0.1341155478689546,0.13411009035195684,-4.649070459599499e-05,0.014453090190647118,0.014447875801588132,4.6490704511596465e-05,-0.12258651672498094,-0.12258938296997235,-4.6490704511565484e-05,0.030531434603985556,0.030530647917491823,4.649070451156513e-05,3.7254850155622434e-17,1.1985387897852867e-16
408.5,"[0.06062, 0.0456, 0.41014]",0.0456,0.41014,4.649070451157152e-05,-0.05154502544782348,-0.05154366132225675,-4.649070451157151e-05,0.1341155478689546,0.13411009035195684,-4.649070459599348e-05,0.014453090190647118,0.014447875801588132,4.649070451159288e-05,-0.12258651672498094,-0.12258938296997235,-4.649070451157167e-05,0.030531434603985556,0.030530647917491823,4.649070451157137e-05,3.7254850155622434e-17,1.1985387897852867e-16
408.52,"[0.06062, 0.0456, 0.41014]",0.0456,0.41014,4.649070451164919e-05,-0.05154502544782348,-0.05154381463447847,-4.649070451164936e-05,0.1341155478689546,0.13411071767897204,-4.649070459608315e-05,0.014453090190647118,0.014448530086513546,4.64907045116761e-05,-0.12258651672498094,-0.12258896431322096,-4.649070451164917e-05,0.030531434603985556,0.03053073551533236,4.649070451164873e-05,3.7254850155622434e-17,1.190687842928737e-16
408.54,"[0.06062, 0.0456, 0.41014]",0.0456,0.41014,4.649070451165402e-05,-0.05154502544782348,-0.05154381463447847,-4.6490704511654077e-05,0.1341155478689546,0.13411071767897204,-4.649070459608162e-05,0.014453090190647118,0.014448530086513546,4.6490704511672555e-05,-0.12258651672498094,-0.12258896431322096,-4.64907045116543e-05,0.030531434603985556,0.03053073551533236,4.649070451165403e-05,3.7254850155622434e-17,1.190687842928737e-16
408.56,"[0.06062, 0.0456, 0.41014]",0.0456,0.41014,4.64907045117221e-05,-0.05154502544782348,-0.05154395154745611,-4.649070451172232e-05,0.1341155478689546,0.13411127476635115,-4.6490704596160345e-05,0.014453090190647118,0.014449101543352707,4.649070451174578e-05,-0.12258651672498094,-0.12258860813246143,-4.649070451172241e-05,0.030531434603985556,0.03053081387665625,4.6490704511722e-05,3.7254850155622434e-17,1.1835406487555847e-16
408.58,"[0.06062, 0.0456, 0.41014]",0.0456,0.41014,4.649070451172547e-05,-0.05154502544782348,-0.05154395154745611,-4.649070451172552e-05,0.1341155478689546,0.13411127476635115,-4.649070459615736e-05,0.014453090190647118,0.014449101543352707,4.649070451174107e-05,-0.12258651672498094,-0.12258860813246143,-4.64907045117253e-05,0.030531434603985556,0.03053081387665625,4.6490704511725024e-05,3.7254850155622434e-17,1.1835406487555847e-16
408.6,"[0.06062, 0.0456, 0.41014]",0.0456,0.41014,4.649070451178449e-05,-0.05154502544782348,-0.05154407060270957,-4.6490704511784614e-05,0.1341155478689546,0.1341117562184958,-4.649070459622622e-05,0.014453090190647118,0.014449585998510393,4.649070451180529e-05,-0.12258651672498094,-0.12258831565050943,-4.649070451178483e-05,0.030531434603985556,0.030530882149643224,4.649070451178446e-05,3.7254850155622434e-17,1.177262270003375e-16
408.62,"[0.06062, 0.0456, 0.41014]",0.0456,0.41014,4.6490704511798485e-05,-0.05154502544782348,-0.05154407060270957,-4.6490704511798174e-05,0.1341155478689546,0.1341117562184958,-4.6490704596216276e-05,0.014453090190647118,0.014449585998510393,4.6490704511789615e-05,-0.12258651672498094,-0.12258831565050943,-4.649070451179804e-05,0.030531434603985556,0.030530882149643224,4.649070451179814e-05,3.7254850155622434e-17,1.177262270003375e-16
408.64,"[0.06062, 0.0456, 0.41014]",0.0456,0.41014,4.6490704511831953e-05,-0.05154502544782348,-0.051544177463341605,-4.6490704511832055e-05,0.1341155478689546,0.134112186532625,-4.649070459627413e-05,0.014453090190647118,0.014450012988236597,4.6490704511847986e-05,-0.12258651672498094,-0.12258806401900899,-4.649070451183199e-05,0.030531434603985556,0.030530943514745734,4.6490704511831635e-05,3.7254850155622434e-17,1.171450959925753e-16
408.66,"[0.06062, 0.0456, 0.41014]",0.0456,0.41014,4.649070451184327e-05,-0.05154502544782348,-0.051544177463341605,-4.6490704511843e-05,0.1341155478689546,0.134112186532625,-4.6490704596266495e-05,0.014453090190647118,0.014450012988236597,4.6490704511835735e-05,-0.12258651672498094,-0.12258806401900899,-4.6490704511842985e-05,0.030531434603985556,0.030530943514745734,4.6490704511843046e-05,3.7254850155622434e-17,1.171450959925753e-16
408.68,"[0.06062, 0.0456, 0.41014]",0.0456,0.41014,4.6490704511873445e-05,-0.05154502544782348,-0.05154427573563108,-4.649070451187347e-05,0.1341155478689546,0.1341125811363772,-4.6490704596318536e-05,0.014453090190647118,0.014450400679899332,4.649070451188815e-05,-0.12258651672498094,-0.12258783955746919,-4.649070451187353e-05,0.030531434603985556,0.03053100000333417,4.6490704511873275e-05,3.7254850155622434e-17,1.1659125864045481e-16
408.7,"[0.06062, 0.0456, 0.41014]",0.0456,0.41014,4.649070451187587e-05,-0.05154502544782348,-0.05154427573563108,-4.6490704511875837e-05,0.1341155478689546,0.1341125811363772,-4.649070459631859e-05,0.014453090190647118,0.014450400679899332,4.6490704511887465e-05,-0.12258651672498094,-0.12258783955746919,-4.64907045118761e-05,0.030531434603985556,0.03053100000333417,4.649070451187582e-05,3.7254850155622434e-17,1.1659125864045481e-16
408.72,"[0.06062, 0.0456, 0.41014]",0.0456,0.41014,4.6490704511917985e-05,-0.05154502544782348,-0.0515443628915397,-4.649070451191806e-05,0.1341155478689546,0.13411292987893708,-4.649070459636731e-05,0.014453090190647118,0.014450738910312046,4.6490704511932696e-05,-0.12258651672498094,-0.12258764834471231,-4.6490704511918154e-05,0.030531434603985556,0.030531050166074544,4.649070451191784e-05,3.7254850155622434e-17,1.1609126449286307e-16
408.74,"[0.06062, 0.0456, 0.41014]",0.0456,0.41014,4.649070451192791e-05,-0.05154502544782348,-0.0515443628915397,-4.649070451192766e-05,0.1341155478689546,0.13411292987893708,-4.649070459636019e-05,0.014453090190647118,0.014450738910312046,4.649070451192161e-05,-0.12258651672498094,-0.12258764834471231,-4.6490704511927526e-05,0.030531434603985556,0.030531050166074544,4.649070451192749e-05,3.7254850155622434e-17,1.1609126449286307e-16
408.76,"[0.06062, 0.0456, 0.41014]",0.0456,0.41014,4.649070451195164e-05,-0.05154502544782348,-0.05154443864545616,-4.64907045119516e-05,0.1341155478689546,0.1341132318504206,-4.649070459640107e-05,0.014453090190647118,0.014451027471672371,4.649070451196294e-05,-0.12258651672498094,-0.12258748977841141,-4.649070451195154e-05,0.030531434603985556,0.030531093829734627,4.649070451195116e-05,3.7254850155622434e-17,1.156505215809823e-16
408.78,"[0.06062, 0.0456, 0.41014]",0.0456,0.41014,4.649070451196016e-05,-0.05154502544782348,-0.05154443864545616,-4.6490704511959964e-05,0.1341155478689546,0.1341132318504206,-4.6490704596396816e-05,0.014453090190647118,0.014451027471672371,4.6490704511955254e-05,-0.12258651672498094,-0.12258748977841141,-4.64907045119599e-05,0.030531434603985556,0.030531093829734627,4.649070451195995e-05,3.7254850155622434e-17,1.156505215809823e-16
408.8,"[0.06062, 0.0456, 0.41014]",0.0456,0.41014,4.6490704511981993e-05,-0.05154502544782348,-0.051544506146906734,-4.649070451198206e-05,0.1341155478689546,0.13411350021200033,-4.6490704596433794e-05,0.014453090190647118,0.01445128106059439,4.649070451199236e-05,-0.12258651672498094,-0.1225873534979281,-4.649070451198217e-05,0.030531434603985556,0.03053113277950211,4.649070451198189e-05,3.7254850155622434e-17,1.1524903777930552e-16
408.82,"[0.06062, 0.0456, 0.41014]",0.0456,0.41014,4.649070451199001e-05,-0.05154502544782348,-0.051544506146906734,-4.64907045119898e-05,0.1341155478689546,0.13411350021200033,-4.649070459643022e-05,0.014453090190647118,0.01445128106059439,4.649070451198597e-05,-0.12258651672498094,-0.1225873534979281,-4.6490704511989976e-05,0.030531434603985556,0.03053113277950211,4.649070451198995e-05,3.7254850155622434e-17,1.1524903777930552e-16
408.84,"[0.06062, 0.0456, 0.41014]",0.0456,0.41014,4.6490704512009546e-05,-0.05154502544782348,-0.051544566210934284,-4.6490704512009566e-05,0.1341155478689546,0.13411373844637853,-4.649070459646269e-05,0.014453090190647118,0.014451503806487066,4.649070451201847e-05,-0.12258651672498094,-0.12258723637005445,-4.649070451200938e-05,0.030531434603985556,0.030531167473848403,4.649070451200915e-05,3.7254850155622434e-17,1.1488566130006422e-16
408.86,"[0.06062, 0.0456, 0.41014]",0.0456,0.41014,4.649070451201615e-05,-0.05154502544782348,-0.051544566210934284,-4.649070451201602e-05,0.1341155478689546,0.13411373844637853,-4.649070459645924e-05,0.014453090190647118,0.014451503806487066,4.64907045120124e-05,-0.12258651672498094,-0.12258723637005445,-4.6490704512015915e-05,0.030531434603985556,0.030531167473848403,4.6490704512015936e-05,3.7254850155622434e-17,1.1488566130006422e-16
408.88,"[0.06062, 0.0456, 0.41014]",0.0456,0.41014,4.6490704512033364e-05,-0.05154502544782348,-0.051544621128361785,-4.649070451203345e-05,0.1341155478689546,0.13411395592554204,-4.6490704596488485e-05,0.014453090190647118,0.014451705600416353,4.6490704512041706e-05,-0.12258651672498094,-0.12258713195393584,-4.649070451203368e-05,0.030531434603985556,0.03053119921931088,4.649070451203355e-05,3.7254850155622434e-17,1.145452550570822e-16
408.9,"[0.06062, 0.0456, 0.41014]",0.0456,0.41014,4.649070451203519e-05,-0.05154502544782348,-0.05154467098992887,-4.649070451203526e-05,0.1341155478689546,0.1341141530959749,-4.649070459648886e-05,0.014453090190647118,0.014451887159434334,4.6490704512041564e-05,-0.12258651672498094,-0.12258703954242423,-4.649070451203538e-05,0.030531434603985556,0.03053122806409381,4.6490704512035235e-05,3.7254850155622434e-17,1.1423008062575996e-16
408.92,"[0.06062, 0.0456, 0.41014]",0.0456,0.41014,4.6490704512042756e-05,-0.05154502544782348,-0.05154467098992887,-4.6490704512042716e-05,0.1341155478689546,0.1341141530959749,-4.649070459649031e-05,0.014453090190647118,0.014451887159434334,4.6490704512041035e-05,-0.12258651672498094,-0.12258703954242423,-4.649070451204254e-05,0.030531434603985556,0.03053122806409381,4.6490704512042566e-05,3.7254850155622434e-17,1.1423008062575996e-16
408.94,"[0.06062, 0.0456, 0.41014]",0.0456,0.41014,4.649070451206028e-05,-0.05154502544782348,-0.051544714539213304,-4.649070451206037e-05,0.1341155478689546,0.13411432499895284,-4.649070459651741e-05,0.014453090190647118,0.01445204384495029,4.649070451206798e-05,-0.12258651672498094,-0.12258696157494639,-4.6490704512060076e-05,0.030531434603985556,0.030531253283019668,4.64907045120599e-05,3.7254850155622434e-17,1.139521891557779e-16
408.96,"[0.06062, 0.0456, 0.41014]",0.0456,0.41014,4.649070451206858e-05,-0.05154502544782348,-0.051544714539213304,-4.649070451206848e-05,0.1341155478689546,0.13411432499895284,-4.649070459651847e-05,0.014453090190647118,0.01445204384495029,4.649070451206703e-05,-0.12258651672498094,-0.12258696157494639,-4.649070451206835e-05,0.030531434603985556,0.030531253283019668,4.649070451206826e-05,3.7254850155622434e-17,1.139521891557779e-16
408.98,"[0.06062, 0.0456, 0.41014]",0.0456,0.41014,4.6490704512083644e-05,-0.05154502544782348,-0.05154475262713896,-4.649070451208356e-05,0.1341155478689546,0.1341144751060978,-4.649070459654173e-05,0.014453090190647118,0.014452179310445215,4.649070451209028e-05,-0.12258651672498094,-0.12258689568315245,-4.649070451208371e-05,0.030531434603985556,0.03053127536143259,4.649070451208336e-05,3.7254850155622434e-17,1.1370466293932083e-16
409.0,"[0.06062, 0.0456, 0.41014]",0.0456,0.41014,4.6490704512090366e-05,-0.05154502544782348,-0.05154475262713896,-4.649070451209025e-05,0.1341155478689546,0.1341144751060978,-4.649070459654205e-05,0.014453090190647118,0.014452179310445215,4.649070451208863e-05,-0.12258651672498094,-0.12258689568315245,-4.649070451209016e-05,0.030531434603985556,0.03053127536143259,4.6490704512089994e-05,3.7254850155622434e-17,1.1370466293932083e-16
409.02,"[0.06062, 0.0456, 0.41014]",0.0456,0.41014,4.649070451210249e-05,-0.05154502544782348,-0.05154475262713896,-4.649070451210257e-05,0.1341155478689546,0.1341144751060978,-4.64907045965617e-05,0.014453090190647118,0.014452179310445215,4.6490704512108e-05,-0.12258651672498094,-0.12258689568315245,-4.649070451210264e-05,0.030531434603985556,0.03053127536143259,4.6490704512102374e-05,3.7254850155622434e-17,1.1370466293932083e-16
409.04,"[0.06062, 0.0456, 0.41014]",0.0456,0.41014,4.649070451211751e-05,-0.05154502544782348,-0.05154478597587484,-4.6490704512117546e-05,0.1341155478689546,0.13411460635333255,-4.649070459657717e-05,0.014453090190647118,0.014452296618509271,4.649070451212196e-05,-0.12258651672498094,-0.12258683990850165,-4.649070451211745e-05,0.030531434603985556,0.03053129471159057,4.649070451211721e-05,3.7254850155622434e-17,1.1348630324083882e-16
409.06,"[0.06062, 0.0456, 0.41014]",0.0456,0.41014,4.64907045121168e-05,-0.05154502544782348,-0.05154481543349025,-4.6490704512116794e-05,0.1341155478689546,0.13411472214896888,-4.649070459657498e-05,0.014453090190647118,0.014452399183592497,4.649070451211953e-05,-0.12258651672498094,-0.12258679220648194,-4.649070451211679e-05,0.030531434603985556,0.030531311819715044,4.649070451211656e-05,3.7254850155622434e-17,1.132885368905903e-16
409.08,"[0.06062, 0.0456, 0.41014]",0.0456,0.41014,4.649070451211962e-05,-0.05154502544782348,-0.05154481543349025,-4.649070451211959e-05,0.1341155478689546,0.13411472214896888,-4.649070459657442e-05,0.014453090190647118,0.014452399183592497,4.6490704512117986e-05,-0.12258651672498094,-0.12258679220648194,-4.649070451211949e-05,0.030531434603985556,0.030531311819715044,4.649070451211943e-05,3.7254850155622434e-17,1.132885368905903e-16
409.1,"[0.06062, 0.0456, 0.41014]",0.0456,0.41014,4.649070451212858e-05,-0.05154502544782348,-0.05154484121143823,-4.6490704512128605e-05,0.1341155478689546,0.13411482337848796,-4.649070459658922e-05,0.014453090190647118,0.014452488041902994,4.6490704512132806e-05,-0.12258651672498094,-0.12258675180387771,-4.6490704512128794e-05,0.030531434603985556,0.030531326804739738,4.649070451212857e-05,3.7254850155622434e-17,1.1311438297845457e-16
409.12,"[0.06062, 0.0456, 0.41014]",0.0456,0.41014,4.6490704512132745e-05,-0.05154502544782348,-0.05154484121143823,-4.649070451213264e-05,0.1341155478689546,0.13411482337848796,-4.649070459658916e-05,0.014453090190647118,0.014452488041902994,4.649070451213168e-05,-0.12258651672498094,-0.12258675180387771,-4.649070451213295e-05,0.030531434603985556,0.030531326804739738,4.649070451213274e-05,3.7254850155622434e-17,1.1311438297845457e-16
409.14,"[0.06062, 0.0456, 0.41014]",0.0456,0.41014,4.649070451214065e-05,-0.05154502544782348,-0.051544863789169434,-4.649070451214062e-05,0.1341155478689546,0.13411491196773798,-4.649070459660189e-05,0.014453090190647118,0.014452565130702932,4.6490704512144346e-05,-0.12258651672498094,-0.12258671753280186,-4.649070451214097e-05,0.030531434603985556,0.030531339941367384,4.649070451214073e-05,3.7254850155622434e-17,1.129616479026334e-16
409.16,"[0.06062, 0.0456, 0.41014]",0.0456,0.41014,4.649070451214397e-05,-0.05154502544782348,-0.051544863789169434,-4.649070451214394e-05,0.1341155478689546,0.13411491196773798,-4.649070459660131e-05,0.014453090190647118,0.014452565130702932,4.649070451214271e-05,-0.12258651672498094,-0.12258671753280186,-4.649070451214401e-05,0.030531434603985556,0.030531339941367384,4.649070451214383e-05,3.7254850155622434e-17,1.129616479026334e-16
409.18,"[0.06062, 0.0456, 0.41014]",0.0456,0.41014,4.6490704512150445e-05,-0.05154502544782348,-0.05154488357796903,-4.649070451215044e-05,0.1341155478689546,0.13411498956345522,-4.6490704596611955e-05,0.014453090190647118,0.014452632089582659,4.649070451215338e-05,-0.12258651672498094,-0.12258668842217543,-4.6490704512150567e-05,0.030531434603985556,0.030531351465481374,4.6490704512150316e-05,3.7254850155622434e-17,1.1282521496118933e-16
409.2,"[0.06062, 0.0456, 0.41014]",0.0456,0.41014,4.649070451215302e-05,-0.05154502544782348,-0.05154488357796903,-4.6490704512152925e-05,0.1341155478689546,0.13411498956345522,-4.6490704596611285e-05,0.014453090190647118,0.014452632089582659,4.649070451215185e-05,-0.12258651672498094,-0.12258668842217543,-4.6490704512153053e-05,0.030531434603985556,0.030531351465481374,4.649070451215287e-05,3.7254850155622434e-17,1.1282521496118933e-16
409.22,"[0.06062, 0.0456, 0.41014]",0.0456,0.41014,4.6490704512158535e-05,-0.05154502544782348,-0.0515449009320864,-4.6490704512158434e-05,0.1341155478689546,0.13411505757955247,-4.6490704596620094e-05,0.014453090190647118,0.014452690311306702,4.649070451216086e-05,-0.12258651672498094,-0.1225866636626573,-4.649070451215847e-05,0.030531434603985556,0.030531361580467327,4.649070451215814e-05,3.7254850155622434e-17,1.1270094672327778e-16
409.24,"[0.06062, 0.0456, 0.41014]",0.0456,0.41014,4.649070451216056e-05,-0.05154502544782348,-0.0515449009320864,-4.649070451216051e-05,0.1341155478689546,0.13411505757955247,-4.6490704596619735e-05,0.014453090190647118,0.014452690311306702,4.649070451215961e-05,-0.12258651672498094,-0.1225866636626573,-4.649070451216071e-05,0.030531434603985556,0.030531361580467327,4.6490704512160514e-05,3.7254850155622434e-17,1.1270094672327778e-16
409.26,"[0.06062, 0.0456, 0.41014]",0.0456,0.41014,4.6490704512165305e-05,-0.05154502544782348,-0.05154491615773252,-4.649070451216516e-05,0.1341155478689546,0.1341151172345013,-4.6490704596627155e-05,0.014453090190647118,0.014452740982969243,4.649070451216723e-05,-0.12258651672498094,-0.12258664257817654,-4.64907045121651e-05,0.030531434603985556,0.030531370462321017,4.6490704512164864e-05,3.7254850155622434e-17,1.1258720229805923e-16
409.28,"[0.06062, 0.0456, 0.41014]",0.0456,0.41014,4.649070451216833e-05,-0.05154502544782348,-0.05154491615773252,-4.649070451216828e-05,0.1341155478689546,0.1341151172345013,-4.649070459662995e-05,0.014453090190647118,0.014452740982969243,4.649070451216954e-05,-0.12258651672498094,-0.12258664257817654,-4.6490704512168246e-05,0.030531434603985556,0.030531370462321017,4.649070451216799e-05,3.7254850155622434e-17,1.1258720229805923e-16
409.3,"[0.06062, 0.0456, 0.41014]",0.0456,0.41014,4.649070451217087e-05,-0.05154502544782348,-0.05154492952041097,-4.649070451217084e-05,0.1341155478689546,0.134115169581742,-4.649070459663342e-05,0.014453090190647118,0.01445278511948407,4.649070451217273e-05,-0.12258651672498094,-0.12258662460276125,-4.649070451217092e-05,0.030531434603985556,0.030531378263809163,4.6490704512170773e-05,3.7254850155622434e-17,1.1248349965216245e-16
409.32,"[0.06062, 0.0456, 0.41014]",0.0456,0.41014,4.649070451217244e-05,-0.05154502544782348,-0.05154492952041097,-4.6490704512172244e-05,0.1341155478689546,0.134115169581742,-4.64907045966326e-05,0.014453090190647118,0.01445278511948407,4.649070451217159e-05,-0.12258651672498094,-0.12258662460276125,-4.64907045121724e-05,0.030531434603985556,0.030531378263809163,4.6490704512172176e-05,3.7254850155622434e-17,1.1248349965216245e-16
409.34,"[0.06062, 0.0456, 0.41014]",0.0456,0.41014,4.649070451217563e-05,-0.05154502544782348,-0.05154494125093814,-4.6490704512175605e-05,0.1341155478689546,0.13411521553460146,-4.649070459663822e-05,0.014453090190647118,0.014452823590982496,4.6490704512177075e-05,-0.12258651672498094,-0.12258660926162698,-4.649070451217552e-05,0.030531434603985556,0.030531385117886226,4.64907045121753e-05,3.7254850155622434e-17,1.1238957555984343e-16
409.36,"[0.06062, 0.0456, 0.41014]",0.0456,0.41014,4.649070451217691e-05,-0.05154502544782348,-0.05154494125093814,-4.649070451217684e-05,0.1341155478689546,0.13411521553460146,-4.6490704596637475e-05,0.014453090190647118,0.014452823590982496,4.649070451217587e-05,-0.12258651672498094,-0.12258660926162698,-4.649070451217662e-05,0.030531434603985556,0.030531385117886226,4.6490704512176425e-05,3.7254850155622434e-17,1.1238957555984343e-16
409.38,"[0.06062, 0.0456, 0.41014]",0.0456,0.41014,4.6490704512179454e-05,-0.05154502544782348,-0.051544951550425225,-4.649070451217938e-05,0.1341155478689546,0.13411525588685808,-4.6490704596642096e-05,0.014453090190647118,0.01445285714534612,4.649070451218055e-05,-0.12258651672498094,-0.1225865961556999,-4.649070451217917e-05,0.030531434603985556,0.03053139114052253,4.649070451217895e-05,3.7254850155622434e-17,1.1230520456876043e-16
