timestamp,target_x,target_y,target_z,actual_j1,target_j1,control_u_j1,actual_j2,target_j2,control_u_j2,actual_j3,target_j3,control_u_j3,actual_j4,target_j4,control_u_j4,actual_j5,target_j5,control_u_j5,actual_j6,target_j6,control_u_j6
193.053,"[0.0, 0.0, 0.0]",0.0,0.0,0.00010061875414054537,0.0,0.00010336327119173748,-0.00028237202898626616,0.0,-0.0002900741139048556,-1.759250138342586e-05,0.0,-1.8072321496347694e-05,0.0002465220275395983,0.0,0.00025324629371911494,-5.9504570253817174e-05,0.0,-6.112764051808943e-05,-1.9025071735350885e-17,0.0,4.202711878122631e-18
193.144,"[0.0, 0.0, 0.0]",0.0,0.0,0.00010187641645359909,0.0,9.339374182249779e-05,-0.0002859014769580105,0.0,-0.0002620960668771114,-1.78123950102982e-05,0.0,-1.63292174426271e-05,0.00024960337620641437,0.0,0.00022882034435614903,-6.024833473477188e-05,0.0,-5.523179569543011e-05,-1.6916620382386538e-17,0.0,5.435895907963616e-18
193.16,"[0.0, 0.0, 0.0]",0.0,0.0,9.238654683127864e-05,0.0,6.495408935904314e-05,-0.00025926952578879934,0.0,-0.00018228428193729096,-1.6153156028560263e-05,0.0,-1.1356738660941906e-05,0.0002263526222255837,0.0,0.000159141477351975,-5.4636154196230766e-05,0.0,-3.841296989897652e-05,-3.788507554868971e-18,0.0,7.101229836393066e-18
193.18,"[0.0, 0.0, 0.0]",0.0,0.0,8.798687148343927e-05,0.0,6.495408935904314e-05,-0.00024692247114776024,0.0,-0.00018228428193729096,-1.5383902854769884e-05,0.0,-1.1356738660941906e-05,0.00021557315177599893,0.0,0.000159141477351975,-5.203424570470643e-05,0.0,-3.841296989897652e-05,-1.9729987350642573e-18,0.0,7.101229836393066e-18
193.2,"[0.0, 0.0, 0.0]",0.0,0.0,8.361064287841568e-05,0.0,5.658139397924382e-05,-0.00023464121641703922,0.0,-0.00015878751931599217,-1.4618749176113756e-05,0.0,-9.892830126991738e-06,0.0002048511272733879,0.0,0.00013862786774874818,-4.9446203301681385e-05,0.0,-3.346147109902398e-05,-5.0284343257357384e-20,0.0,7.146980120761839e-18
193.22,"[0.0, 0.0, 0.0]",0.0,0.0,7.847508558846688e-05,0.0,4.8913088280808334e-05,-0.0002202290151897689,0.0,-0.0001372675247949637,-1.3720832083793017e-05,0.0,-8.55207931472664e-06,0.00019226870159904077,0.0,0.00011984005542684629,-4.640910418313654e-05,0.0,-2.892653882905721e-05,1.1911974479731674e-18,0.0,7.016711470269015e-18
193.24,"[0.0, 0.0, 0.0]",0.0,0.0,7.354845361386187e-05,0.0,4.8913088280808334e-05,-0.00020640313274356803,0.0,-0.0001372675247949637,-1.2859444157826825e-05,0.0,-8.55207931472664e-06,0.0001801981555706186,0.0,0.00011984005542684629,-4.34955606701143e-05,0.0,-2.892653882905721e-05,2.1702417506064713e-18,0.0,7.016711470269015e-18
193.26,"[0.0, 0.0, 0.0]",0.0,0.0,6.886773419909658e-05,0.0,4.196692351235126e-05,-0.0001932673684520972,0.0,-0.00011777411469429153,-1.2041052354359521e-05,0.0,-7.337589907948966e-06,0.00016873011018168953,0.0,0.00010282153201815002,-4.0727446520381045e-05,0.0,-2.4818670937413736e-05,3.3030085571228007e-18,0.0,6.757566684045856e-18
193.28,"[0.0, 0.0, 0.0]",0.0,0.0,6.093095006226082e-05,0.0,3.550027908864048e-05,-0.00017099392788863087,0.0,-9.962640931630975e-05,-1.0653359911811176e-05,0.0,-6.206941355177803e-06,0.00014928450946249895,0.0,8.697786242903017e-05,-3.6033739732753844e-05,0.0,-2.0994384891719586e-05,3.976943968858582e-18,0.0,6.444172161470661e-18
193.301,"[0.0, 0.0, 0.0]",0.0,0.0,5.550372704776674e-05,0.0,2.954632379096867e-05,-0.00015576320885523224,0.0,-8.291749206416678e-05,-9.704447072439355e-06,0.0,-5.165932990886265e-06,0.00013598748513760618,0.0,7.239031217785028e-05,-3.2824153449832454e-05,0.0,-1.7473296260582456e-05,4.374754686602458e-18,0.0,6.0886889155627906e-18
193.32,"[0.0, 0.0, 0.0]",0.0,0.0,5.2907986721217605e-05,-0.048978233237614834,-0.0047616668053518454,-0.00014847863781723857,0.13747312641385126,0.013364829417005565,-9.250599619455684e-06,0.008644266330291715,0.0008392746827618667,0.00012962776449371223,-0.1198862499703155,-0.011656922948466531,-3.128906773094714e-05,0.0289639679816126,0.002815893952575849,4.6697593214721845e-18,-1.6719921341643331e-18,-1.3781179477574306e-17
193.34,"[0.0, 0.0, 0.0]",0.0,0.0,-0.0008618612226195376,-0.048978233237614834,-0.009250245491548209,0.0024190498899821595,0.13747312641385126,0.02596313191211267,0.00015196919190020076,0.008644266330291715,0.0016302894498822348,-0.0021098168786973866,-0.1198862499703155,-0.022645482773474605,0.0005096757061778717,0.0289639679816126,0.005470294242018508,-1.3101024253363512e-16,-1.6719921341643331e-18,-1.3332430679892694e-17
193.36,"[0.0, 0.0, 0.0]",0.0,0.0,-0.0020516821508440343,-0.048978233237614834,-0.009250245491548209,0.005758578247080161,0.13747312641385126,0.02596313191211267,0.00036165869996593943,0.008644266330291715,0.0016302894498822348,-0.005022623022109307,-0.1198862499703155,-0.022645482773474605,0.001213297201982522,0.0289639679816126,0.005470294242018508,-1.5552401299595094e-16,-1.6719921341643331e-18,-1.3332430679892694e-17
193.38,"[0.0, 0.0, 0.0]",0.0,0.0,-0.003419409186013114,-0.048978233237614834,-0.013398534454230001,0.00959744344282071,0.13747312641385126,0.037606317638530076,0.0006026985368826537,0.008644266330291715,0.0023613008468031603,-0.008370966380650366,-0.1198862499703155,-0.03280102267975022,0.0020221266395673817,0.0289639679816126,0.00792345866369035,-2.2042896211267043e-17,-1.6719921341643331e-18,-1.3832927246283506e-17
193.4,"[0.0, 0.0, 0.0]",0.0,0.0,-0.005315442986332874,-0.048978233237614834,-0.017208538598775542,0.014919129538112677,0.13747312641385126,0.048300026117781704,0.0009368329659797227,0.008644266330291715,0.0030327056672763667,-0.013012677084495695,-0.1198862499703155,-0.04212838987307473,0.0031433797241695646,0.0289639679816126,0.010176572263477323,9.47301772044376e-17,-1.6719921341643331e-18,-2.782475035224738e-17
193.42,"[0.0, 0.0, 0.0]",0.0,0.0,-0.007232230779040511,-0.048978233237614834,-0.017208538598775542,0.020299066123258155,0.13747312641385126,0.048300026117781704,0.0012746223356945906,0.008644266330291715,0.0030327056672763667,-0.017705199473900746,-0.1198862499703155,-0.04212838987307473,0.004276906082672719,0.0289639679816126,0.010176572263477323,2.6851046532415844e-16,-1.6719921341643331e-18,-2.782475035224738e-17
193.44,"[0.06062, 0.0456, 0.41014]",0.0456,0.41014,-0.009479462554547798,-0.048978233237614834,-0.02072587150077101,0.026606473947253927,0.13747312641385126,0.05817228038370267,0.0016706408641197195,0.008644266330291715,0.0036525327086326482,-0.023206693184228855,-0.1198862499703155,-0.050739265151159556,0.00560584638722602,0.0289639679816126,0.012256609565439433,4.844455367971256e-16,-1.6719921341643331e-18,-5.5249995475101623e-17
193.46,"[0.06062, 0.0456, 0.41014]",0.0456,0.41014,-0.011616280254994943,-0.048978233237614834,-0.023970727282455362,0.032603977170067716,0.13747312641385126,0.06727976763499932,0.0020472003105580297,0.008644266330291715,0.004224367046151295,-0.028437881863263646,-0.1198862499703155,-0.05868304913845078,0.0068694913910575025,0.0289639679816126,0.014175512363344486,4.537542127489491e-16,-1.6719921341643331e-18,-1.0067590727548842e-16
193.48,"[0.06062, 0.0456, 0.41014]",0.0456,0.41014,-0.01396362518999141,-0.048978233237614834,-0.026950885644907156,0.039192377357243756,0.13747312641385126,0.07564433958956354,0.0024608619828555907,0.008644266330291715,0.0047496366613525055,-0.034184463651845486,-0.1198862499703155,-0.06597870744773737,0.008257635375788908,0.0289639679816126,0.01593788054712699,6.116978578907715e-16,-1.6719921341643331e-18,-1.6393990542596199e-16
193.5,"[0.06062, 0.0456, 0.41014]",0.0456,0.41014,-0.016431204676319342,-0.048978233237614834,-0.02967501395098629,0.04611825018043122,0.13747312641385126,0.08329032771275734,0.0028957291649609708,0.008644266330291715,0.005229884502171829,-0.04022536997915888,-0.1198862499703155,-0.0726474370060198,0.009716881958335779,0.0289639679816126,0.017548839504250305,7.32022398152778e-16,-1.6719921341643331e-18,-2.3219488208805584e-16
193.52,"[0.06062, 0.0456, 0.41014]",0.0456,0.41014,-0.01870235689079306,-0.048978233237614834,-0.032179893267489545,0.052492805979506445,0.13747312641385126,0.09032095212921717,0.0032959963664523175,0.008644266330291715,0.005671539228161616,-0.045785377060120695,-0.1198862499703155,-0.07877935682035196,0.011059967585912872,0.0289639679816126,0.019030141090743056,8.556354320241509e-16,-1.6719921341643331e-18,-3.102305795071071e-16
193.54,"[0.06062, 0.0456, 0.41014]",0.0456,0.41014,-0.02103764966380293,-0.048978233237614834,-0.032179893267489545,0.059047397549665585,0.13747312641385126,0.09032095212921717,0.003707600578480738,0.008644266330291715,0.005671539228161616,-0.05150236043720831,-0.1198862499703155,-0.07877935682035196,0.012440983409038476,0.0289639679816126,0.019030141090743056,9.228729886923605e-16,-1.6719921341643331e-18,-3.102305795071071e-16
193.56,"[0.06062, 0.0456, 0.41014]",0.0456,0.41014,-0.02315467594911135,-0.048978233237614834,-0.0344565731225711,0.06498937291996362,0.13747312641385126,0.09671110712234035,0.004080748918705996,0.008644266330291715,0.006073080205652545,-0.05668498975505585,-0.1198862499703155,-0.08435247550456162,0.013692923368545502,0.0289639679816126,0.020376491517131032,5.109243017243273e-16,-1.6719921341643331e-18,-3.757420153062787e-16
193.581,"[0.06062, 0.0456, 0.41014]",0.0456,0.41014,-0.026217490083383765,-0.048978233237614834,-0.03651017466015982,0.07358596288837399,0.13747312641385126,0.10247516271063187,0.004620670690617856,0.008644266330291715,0.006435396684496584,-0.06418287840098064,-0.1198862499703155,-0.08937934880116576,0.015504170336800993,0.0289639679816126,0.021590919442129618,3.0111578567753293e-16,-1.6719921341643331e-18,-4.2325952565750825e-16
193.6,"[0.06062, 0.0456, 0.41014]",0.0456,0.41014,-0.02724675854076791,-0.048978233237614834,-0.03838195282596905,0.0764748828699161,0.13747312641385126,0.10772889551916645,0.004802143285809414,0.008644266330291715,0.006765703821064813,-0.06670252544432735,-0.1198862499703155,-0.09396105099636937,0.016112845247334303,0.0289639679816126,0.02269782245527398,5.529037424812282e-16,-1.6719921341643331e-18,-4.730202121806286e-16
193.62,"[0.06062, 0.0456, 0.41014]",0.0456,0.41014,-0.029193985420033767,-0.048978233237614834,-0.03838195282596905,0.08194030932002778,0.13747312641385126,0.10772889551916645,0.00514549213984072,0.008644266330291715,0.006765703821064813,-0.07146929210725136,-0.1198862499703155,-0.09396105099636937,0.01726436964565489,0.0289639679816126,0.02269782245527398,5.284703791625294e-16,-1.6719921341643331e-18,-4.730202121806286e-16
193.64,"[0.06062, 0.0456, 0.41014]",0.0456,0.41014,-0.030939699227623914,-0.048978233237614834,-0.040052674244638695,0.08684014069811223,0.13747312641385126,0.1124183343173167,0.005453332356168502,0.008644266330291715,0.007060654621914715,-0.0757427263011637,-0.1198862499703155,-0.09805043693236255,0.018296725679475545,0.0289639679816126,0.023685825983570576,2.060471123948304e-17,-1.6719921341643331e-18,-4.954128047059282e-16
193.66,"[0.06062, 0.0456, 0.41014]",0.0456,0.41014,-0.03267116448089409,-0.048978233237614834,-0.041530437619272234,0.09169999748544076,0.13747312641385126,0.11656620517966658,0.005758723581749287,0.008644266330291715,0.007321658820338581,-0.07998119132654552,-0.1198862499703155,-0.10166735772343717,0.019320654737250576,0.0289639679816126,0.02455971957562157,-5.420044027990032e-18,-1.6719921341643331e-18,-4.923979046595044e-16
193.68,"[0.06062, 0.0456, 0.41014]",0.0456,0.41014,-0.034221427673471735,-0.048978233237614834,-0.04289276124825281,0.09605126856939812,0.13747312641385126,0.12039005894267624,0.006032190894259721,0.008644266330291715,0.007562294451020547,-0.08377604007621349,-0.1198862499703155,-0.10500170350094422,0.02023742663325437,0.0289639679816126,0.02536534617198604,1.3384386344156646e-18,-1.6719921341643331e-18,-4.674913776215035e-16
193.7,"[0.06062, 0.0456, 0.41014]",0.0456,0.41014,-0.03574637192609832,-0.048978233237614834,-0.044091429267834555,0.1003314919013933,0.13747312641385126,0.12375458775380394,0.006301253358549532,0.008644266330291715,0.0077741420030586015,-0.087508825012319,-0.1198862499703155,-0.10793532745839272,0.02113922495193872,0.0289639679816126,0.026074191417655147,-2.3658709813975573e-17,-1.6719921341643331e-18,-4.625313163767504e-16
193.72,"[0.06062, 0.0456, 0.41014]",0.0456,0.41014,-0.03722405269932203,-0.048978233237614834,-0.044091429267834555,0.10447907252018021,0.13747312641385126,0.12375458775380394,0.006562035916849094,0.008644266330291715,0.0077741420030586015,-0.09112583432620512,-0.1198862499703155,-0.10793532745839272,0.022013072508313147,0.0289639679816126,0.026074191417655147,-8.923732873806489e-17,-1.6719921341643331e-18,-4.625313163767504e-16
193.74,"[0.06062, 0.0456, 0.41014]",0.0456,0.41014,-0.03918863205639621,-0.048978233237614834,-0.04512663233601042,0.10999331058230083,0.13747312641385126,0.12666032209186895,0.00690882431906148,0.008644266330291715,0.00795721858801314,-0.09593454617623258,-0.1198862499703155,-0.1104687194969154,0.023174853419530645,0.0289639679816126,0.026686368285520796,-3.509095230674414e-16,-1.6719921341643331e-18,-4.282613976830395e-16
193.76,"[0.06062, 0.0456, 0.41014]",0.0456,0.41014,-0.03978243208450579,-0.048978233237614834,-0.04600913654062493,0.11166001173340502,0.13747312641385126,0.129137474563263,0.007013663744319473,0.008644266330291715,0.008113403508073455,-0.09738796351089336,-0.1198862499703155,-0.11262826149901864,0.023526004906129928,0.0289639679816126,0.027208243736058308,-5.501459837303297e-16,-1.6719921341643331e-18,-3.7213969237333406e-16
193.78,"[0.06062, 0.0456, 0.41014]",0.0456,0.41014,-0.040886080552795696,-0.048978233237614834,-0.04600913654062493,0.11475778594856763,0.13747312641385126,0.129137474563263,0.007208557652383224,0.008644266330291715,0.008113403508073455,-0.10008926135366324,-0.1198862499703155,-0.11262826149901864,0.02417866149326838,0.0289639679816126,0.027208243736058308,-5.404714309048069e-16,-1.6719921341643331e-18,-3.7213969237333406e-16
193.8,"[0.06062, 0.0456, 0.41014]",0.0456,0.41014,-0.04185946119070755,-0.048978233237614834,-0.046752406262385936,0.11748992678560652,0.13747312641385126,0.13122383203938184,0.007380478361730774,0.008644266330291715,0.008245054562982489,-0.1024716713862269,-0.1198862499703155,-0.11444693689376294,0.0247542821194001,0.0289639679816126,0.02764778037239709,-8.362235689623547e-16,-1.6719921341643331e-18,-3.010638078773607e-16
193.82,"[0.06062, 0.0456, 0.41014]",0.0456,0.41014,-0.04278912075437713,-0.048978233237614834,-0.04740138945362672,0.12009936878380924,0.13747312641385126,0.13304554582159023,0.007544747835922884,0.008644266330291715,0.008360070849379512,-0.10474697183780897,-0.1198862499703155,-0.1160348143640505,0.02530404678747083,0.0289639679816126,0.02803155925892,-7.947242129274304e-16,-1.6719921341643331e-18,-2.3501680718401526e-16
193.84,"[0.06062, 0.0456, 0.41014]",0.0456,0.41014,-0.043607043320054155,-0.048978233237614834,-0.04740138945362672,0.12239518818056347,0.13747312641385126,0.13304554582159023,0.007689307738618433,0.008644266330291715,0.008360070849379512,-0.10674875295062332,-0.1198862499703155,-0.1160348143640505,0.025787734057260592,0.0289639679816126,0.02803155925892,-7.282335631358465e-16,-1.6719921341643331e-18,-2.3501680718401526e-16
193.86,"[0.06062, 0.0456, 0.41014]",0.0456,0.41014,-0.04432796908559333,-0.048978233237614834,-0.04793851383265125,0.12441875613257657,0.13747312641385126,0.13455329729180257,0.007816752726314845,0.008644266330291715,0.008455363866505885,-0.10851310462413397,-0.1198862499703155,-0.11734886337236553,0.026214060845578455,0.0289639679816126,0.0283491886046562,-9.079400732253192e-16,-1.6719921341643331e-18,-1.6258497627177415e-16
193.88,"[0.06062, 0.0456, 0.41014]",0.0456,0.41014,-0.0450139725875729,-0.048978233237614834,-0.04837574823367658,0.12634431895285803,0.13747312641385126,0.1357806772704855,0.007938088839017286,0.008644266330291715,0.008533033419562977,-0.11019189879140326,-0.1198862499703155,-0.11841839826646439,0.02661973511980522,0.0289639679816126,0.028607746519357793,-8.293852890200545e-16,-1.6719921341643331e-18,-8.753309261434867e-17
193.9,"[0.06062, 0.0456, 0.41014]",0.0456,0.41014,-0.04565270996038125,-0.048978233237614834,-0.04872155995017481,0.1281372270332712,0.13747312641385126,0.13675144838042533,0.008051128305489678,0.008644266330291715,0.008594561319455917,-0.11175493369673936,-0.1198862499703155,-0.11926416251401771,0.026997457285722417,0.0289639679816126,0.028812240427351515,-7.748087200614792e-16,-1.6719921341643331e-18,-1.030802132775087e-17
193.92,"[0.06062, 0.0456, 0.41014]",0.0456,0.41014,-0.04620466840399827,-0.048978233237614834,-0.04901049152455809,0.12968655968940204,0.13747312641385126,0.13756256212317547,0.008148843063323273,0.008644266330291715,0.00864603260687625,-0.11310556839481252,-0.1198862499703155,-0.11997072353160013,0.027323861630914843,0.0289639679816126,0.028983097702928656,-7.132845835816166e-16,-1.6719921341643331e-18,5.964461076916296e-17
193.94,"[0.06062, 0.0456, 0.41014]",0.0456,0.41014,-0.04671177095525405,-0.048978233237614834,-0.04901049152455809,0.13110999991505715,0.13747312641385126,0.13756256212317547,0.008238676656955699,0.008644266330291715,0.00864603260687625,-0.11434635738427223,-0.1198862499703155,-0.11997072353160013,0.027623739329798017,0.0289639679816126,0.028983097702928656,-6.591629458546162e-16,-1.6719921341643331e-18,5.964461076916296e-17
193.96,"[0.06062, 0.0456, 0.41014]",0.0456,0.41014,-0.04714852786351516,-0.048978233237614834,-0.049227289440855804,0.13233598673478664,0.13747312641385126,0.13817120426650176,0.008316074283969263,0.008644266330291715,0.008684753933127216,-0.11541498695723658,-0.1198862499703155,-0.12050074631423362,0.02788201742069589,0.0289639679816126,0.02911129798124384,-7.126956449615223e-16,-1.6719921341643331e-18,1.2788010836817377e-16
193.98,"[0.06062, 0.0456, 0.41014]",0.0456,0.41014,-0.04754349256324999,-0.048978233237614834,-0.0493800154485317,0.13344467806591606,0.13747312641385126,0.13859999593438638,0.008386123413580424,0.008644266330291715,0.008712124153829236,-0.11638128124010096,-0.1198862499703155,-0.12087399763832175,0.02811558072720268,0.0289639679816126,0.029201609017000855,-6.403633138645863e-16,-1.6719921341643331e-18,1.8864824029524647e-16
194.0,"[0.06062, 0.0456, 0.41014]",0.0456,0.41014,-0.04787868657079961,-0.048978233237614834,-0.0493800154485317,0.13438559721092333,0.13747312641385126,0.13859999593438638,0.008445600230644765,0.008644266330291715,0.008712124153829236,-0.11720130474162521,-0.1198862499703155,-0.12087399763832175,0.02831379810904894,0.0289639679816126,0.029201609017000855,-5.719085234173273e-16,-1.6719921341643331e-18,1.8864824029524647e-16
194.02,"[0.06062, 0.0456, 0.41014]",0.0456,0.41014,-0.048163939057628724,-0.048978233237614834,-0.049497057425627634,0.13518633296853907,0.13747312641385126,0.1389286211183671,0.008496239772479706,0.008644266330291715,0.008733168761613504,-0.11789911639698773,-0.1198862499703155,-0.12115994238094621,0.028482482181562845,0.0289639679816126,0.029270818174447745,-5.616094701404532e-16,-1.6719921341643331e-18,2.4194864799860606e-16
194.04,"[0.06062, 0.0456, 0.41014]",0.0456,0.41014,-0.04841723154757829,-0.048978233237614834,-0.04956954018270967,0.13589736771711675,0.13747312641385126,0.13913216534456427,0.008541256276698666,0.008644266330291715,0.00874630927562027,-0.11851867333896539,-0.1198862499703155,-0.12133687329843247,0.028632266020213758,0.0289639679816126,0.02931367714938014,-4.818165270542101e-16,-1.6719921341643331e-18,2.865503679817344e-16
194.06,"[0.06062, 0.0456, 0.41014]",0.0456,0.41014,-0.04863617018828457,-0.048978233237614834,-0.049616983178802844,0.13651197926645134,0.13747312641385126,0.13926541978696555,0.008580216342803136,0.008644266330291715,0.008755003309512609,-0.11905413133628162,-0.1198862499703155,-0.12145255138930156,0.02876173413475821,0.0289639679816126,0.029341728877879187,-4.133634713304272e-16,-1.6719921341643331e-18,3.2462951491750793e-16
194.08,"[0.06062, 0.0456, 0.41014]",0.0456,0.41014,-0.048898127626073755,-0.048978233237614834,-0.049634001977386266,0.13724736803785179,0.13747312641385126,0.1393132682897355,0.008626879388784574,0.008644266330291715,0.008758289890624979,-0.11969473325244062,-0.1198862499703155,-0.12149381189344986,0.028916640520139664,0.0289639679816126,0.029351789342376405,-3.240985043844816e-16,-1.6719921341643331e-18,3.5425772321896e-16
194.1,"[0.06062, 0.0456, 0.41014]",0.0456,0.41014,-0.048971715061217384,-0.048978233237614834,-0.04963468427898363,0.1374539580631013,0.13747312641385126,0.13931525614387982,0.008640020437018872,0.008644266330291715,0.008758668290005621,-0.11987464111918276,-0.1198862499703155,-0.121495119798678,0.028960155402364837,0.0289639679816126,0.029352189327731794,-2.893823508214959e-16,-1.6719921341643331e-18,3.782652340741206e-16
194.121,"[0.06062, 0.0456, 0.41014]",0.0456,0.41014,-0.04915132445283774,-0.048978233237614834,-0.04963468427898363,0.1379582088269802,0.13747312641385126,0.13931525614387982,0.008672143349567254,0.008644266330291715,0.008758668290005621,-0.1203136849081532,-0.1198862499703155,-0.121495119798678,0.029066364197329577,0.0289639679816126,0.029352189327731794,-2.0471136532080594e-16,-1.6719921341643331e-18,3.782652340741206e-16
194.14,"[0.06062, 0.0456, 0.41014]",0.0456,0.41014,-0.04919966043546287,-0.048978233237614834,-0.049616246703261466,0.13809391355873135,0.13747312641385126,0.13926356780009777,0.00868079584166047,0.008644266330291715,0.008755636273624584,-0.12043182839984626,-0.1198862499703155,-0.12144967752751984,0.029094946710371293,0.0289639679816126,0.029341282992024122,-1.7634516704163324e-16,-1.6719921341643331e-18,3.942722798976681e-16
194.16,"[0.06062, 0.0456, 0.41014]",0.0456,0.41014,-0.049278811826364594,-0.048978233237614834,-0.049584238039454824,0.1383161478647088,0.13747312641385126,0.13917377898103042,0.008695015520031704,0.008644266330291715,0.008750177644919038,-0.12062521973911984,-0.1198862499703155,-0.12137106080487749,0.02914175060388819,0.0289639679816126,0.02932235162898499,-1.2475622558955896e-16,-1.6719921341643331e-18,4.0294601365177834e-16
194.18,"[0.06062, 0.0456, 0.41014]",0.0456,0.41014,-0.04933972358661381,-0.048978233237614834,-0.049584238039454824,0.13848717877064487,0.13747312641385126,0.13917377898103042,0.008705987596644359,0.008644266330291715,0.008750177644919038,-0.1207740050516661,-0.1198862499703155,-0.12137106080487749,0.029177768621332936,0.0289639679816126,0.02932235162898499,-8.13651536040821e-17,-1.6719921341643331e-18,4.0294601365177834e-16
194.2,"[0.06062, 0.0456, 0.41014]",0.0456,0.41014,-0.04938618133266315,-0.048978233237614834,-0.04954314271084372,0.13861763281072015,0.13747312641385126,0.13905847779466513,0.00871438370206571,0.008644266330291715,0.008743087893956655,-0.1208874456498034,-0.1198862499703155,-0.12127024070632172,0.029205239392789573,0.0289639679816126,0.02929804711081334,-2.4090655959493848e-17,-1.6719921341643331e-18,4.050935851931061e-16
194.22,"[0.06062, 0.0456, 0.41014]",0.0456,0.41014,-0.049416003994531596,-0.048978233237614834,-0.049496530663463524,0.13870139335778114,0.13747312641385126,0.13892768545253437,0.008719837494802488,0.008644266330291715,0.008735000677977283,-0.12096017671556163,-0.1198862499703155,-0.12115595051046665,0.029222872859216882,0.0289639679816126,0.02927048052661694,1.2667700815585694e-17,-1.6719921341643331e-18,4.015940875670131e-16
194.24,"[0.06062, 0.0456, 0.41014]",0.0456,0.41014,-0.049435499145906926,-0.048978233237614834,-0.049496530663463524,0.1387561601666881,0.13747312641385126,0.13892768545253437,0.008723446345322674,0.008644266330291715,0.008735000677977283,-0.12100765985923974,-0.1198862499703155,-0.12115595051046665,0.02923439930860336,0.0289639679816126,0.02927048052661694,4.2249506570549197e-17,-1.6719921341643331e-18,4.015940875670131e-16
194.26,"[0.06062, 0.0456, 0.41014]",0.0456,0.41014,-0.049447095134245056,-0.048978233237614834,-0.04944784376664848,0.13878874997108961,0.13747312641385126,0.13879106540933395,0.008725641664741672,0.008644266330291715,0.008726533189346698,-0.12103583508800818,-0.1198862499703155,-0.1210366013768583,0.0292412547400286,0.0289639679816126,0.029241687142167874,9.136169657979756e-17,-1.6719921341643331e-18,3.955270205689675e-16
194.28,"[0.06062, 0.0456, 0.41014]",0.0456,0.41014,-0.04944723737441123,-0.048978233237614834,-0.04939791521883454,0.1387891899044601,0.13747312641385126,0.13865095498270308,0.008725811050671575,0.008644266330291715,0.008717827796529548,-0.12103598068791492,-0.1198862499703155,-0.12091423933998936,0.029241336896437795,0.0289639679816126,0.029212159744708116,1.1440489587293543e-16,-1.6719921341643331e-18,3.8530790665599745e-16
194.3,"[0.06062, 0.0456, 0.41014]",0.0456,0.41014,-0.04943786616485954,-0.048978233237614834,-0.04934897794223024,0.13876292526942727,0.13747312641385126,0.13851362205727766,0.008724294228629652,0.008644266330291715,0.008709280266111445,-0.1210128498368367,-0.1198862499703155,-0.1207943276753416,0.02923579323761188,0.0289639679816126,0.029183218781503786,1.3487072976164087e-16,-1.6719921341643331e-18,3.7151031907543045e-16
194.32,"[0.06062, 0.0456, 0.41014]",0.0456,0.41014,-0.04942538175746238,-0.048978233237614834,-0.04934897794223024,0.1387279176225081,0.13747312641385126,0.13851362205727766,0.008722210849734168,0.008644266330291715,0.008709280266111445,-0.12098212268099857,-0.1198862499703155,-0.1207943276753416,0.02922840877764246,0.0289639679816126,0.029183218781503786,1.4971952903513334e-16,-1.6719921341643331e-18,3.7151031907543045e-16
194.34,"[0.06062, 0.0456, 0.41014]",0.0456,0.41014,-0.04941086503256526,-0.048978233237614834,-0.049302183838145636,0.13868720146519456,0.13747312641385126,0.1383823005304901,0.008719754035028834,0.008644266330291715,0.008701096441144602,-0.1209464416349672,-0.1198862499703155,-0.12067968237569816,0.0292198226783787,0.0289639679816126,0.029155545411101352,1.8452155141018006e-16,-1.6719921341643331e-18,3.5503893420171846e-16
194.36,"[0.06062, 0.0456, 0.41014]",0.0456,0.41014,-0.04939021560563044,-0.048978233237614834,-0.04925832072756537,0.1386292702876951,0.13747312641385126,0.13825920229426958,0.008716209088416563,0.008644266330291715,0.008693417562574067,-0.1208957573807389,-0.1198862499703155,-0.12057222874201456,0.029207609997598666,0.0289639679816126,0.029129605492702385,1.923707414581061e-16,-1.6719921341643331e-18,3.367006423162142e-16
194.38,"[0.06062, 0.0456, 0.41014]",0.0456,0.41014,-0.04936910325875549,-0.048978233237614834,-0.0492167055935119,0.13857003621029834,0.13747312641385126,0.1381424117050438,0.008712569793803488,0.008644266330291715,0.008686128269910888,-0.12084395777144577,-0.1198862499703155,-0.12047028764078138,0.029195123734326957,0.0289639679816126,0.029104995044166252,1.9643042807276083e-16,-1.6719921341643331e-18,3.1813518783350545e-16
194.4,"[0.06062, 0.0456, 0.41014]",0.0456,0.41014,-0.04934389306442779,-0.048978233237614834,-0.0492167055935119,0.13849929870742156,0.13747312641385126,0.1381424117050438,0.008708201936820183,0.008644266330291715,0.008686128269910888,-0.12078213515076593,-0.1198862499703155,-0.12047028764078138,0.02918021422356732,0.0289639679816126,0.029104995044166252,1.9913919878049863e-16,-1.6719921341643331e-18,3.1813518783350545e-16
194.42,"[0.06062, 0.0456, 0.41014]",0.0456,0.41014,-0.04931972744494884,-0.048978233237614834,-0.049179128874744286,0.1384314901770442,0.13747312641385126,0.1380369534669171,0.008704007936273211,0.008644266330291715,0.008679541948922684,-0.12072288412891724,-0.1198862499703155,-0.12037824527808609,0.0291659225794837,0.0289639679816126,0.029082772902143016,2.188504279571541e-16,-1.6719921341643331e-18,2.986525756443281e-16
194.44,"[0.06062, 0.0456, 0.41014]",0.0456,0.41014,-0.049278139134517486,-0.048978233237614834,-0.049144267895624476,0.1383147870059428,0.13747312641385126,0.1379391162390579,0.008696766385032874,0.008644266330291715,0.008673429316229216,-0.12062094830396235,-0.1198862499703155,-0.12029285824245647,0.029141327409443692,0.0289639679816126,0.029062156827298253,2.0589030886813138e-16,-1.6719921341643331e-18,2.7941830510524334e-16
194.46,"[0.06062, 0.0456, 0.41014]",0.0456,0.41014,-0.04926475201062528,-0.048978233237614834,-0.04911233787331656,0.13827721992929212,0.13747312641385126,0.13784950421466588,0.008694432676130662,0.008644266330291715,0.008667828771419951,-0.12058813930047,-0.1198862499703155,-0.12021465274741147,0.02913341035123048,0.0289639679816126,0.029043274085690716,2.1237123577438073e-16,-1.6719921341643331e-18,2.6054329686578456e-16
194.48,"[0.06062, 0.0456, 0.41014]",0.0456,0.41014,-0.0492357933245369,-0.048978233237614834,-0.04908345590555949,0.13819595394359502,0.13747312641385126,0.13776844618460146,0.008689377930424992,0.008644266330291715,0.00866276140143412,-0.12051717686043185,-0.1198862499703155,-0.1201439148285696,0.029116284460780545,0.0289639679816126,0.029026193919012216,2.072290817107165e-16,-1.6719921341643331e-18,2.421362610439012e-16
194.5,"[0.06062, 0.0456, 0.41014]",0.0456,0.41014,-0.049209448592030136,-0.048978233237614834,-0.049058839277646295,0.1381220226921743,0.13747312641385126,0.13769935847231424,0.00868477684940591,0.008644266330291715,0.008658440706019364,-0.1204526234921167,-0.1198862499703155,-0.12008362597377531,0.02910070447284827,0.0289639679816126,0.02901163620427938,2.0007725050013315e-16,-1.6719921341643331e-18,2.241071642499237e-16
194.52,"[0.06062, 0.0456, 0.41014]",0.0456,0.41014,-0.04918304831880929,-0.048978233237614834,-0.049037033426847704,0.13804793438458662,0.13747312641385126,0.13763815909007873,0.008680161840933169,0.008644266330291715,0.008654612481452847,-0.12038793996560819,-0.1198862499703155,-0.12003022225271133,0.02908509169614873,0.0289639679816126,0.02899874073118493,1.9287641335135343e-16,-1.6719921341643331e-18,2.0681706496334741e-16
194.54,"[0.06062, 0.0456, 0.41014]",0.0456,0.41014,-0.049157268015907904,-0.048978233237614834,-0.049017972334269654,0.13797558502310953,0.13747312641385126,0.13758466283402548,0.008675651999021747,0.008644266330291715,0.008651265428165843,-0.12032477994009973,-0.1198862499703155,-0.11998354157339385,0.029069845605386734,0.0289639679816126,0.028987468453742813,1.8474402969597415e-16,-1.6719921341643331e-18,1.9034032681091984e-16
194.56,"[0.06062, 0.0456, 0.41014]",0.0456,0.41014,-0.04913251733472771,-0.048978233237614834,-0.049017972334269654,0.13790612447030517,0.13747312641385126,0.13758466283402548,0.008671319781529884,0.008644266330291715,0.008651265428165843,-0.12026414591661153,-0.1198862499703155,-0.11998354157339385,0.0290552084515468,0.0289639679816126,0.028987468453742813,1.7580109649644475e-16,-1.6719921341643331e-18,1.9034032681091984e-16
194.58,"[0.06062, 0.0456, 0.41014]",0.0456,0.41014,-0.04911075378463615,-0.048978233237614834,-0.04900386346324731,0.13784504675948173,0.13747312641385126,0.13754506505229902,0.008667509450544399,0.008644266330291715,0.008648786997085978,-0.12021083109645304,-0.1198862499703155,-0.11994899026097405,0.02904233785196661,0.0289639679816126,0.028979124815662973,1.7465704636403798e-16,-1.6719921341643331e-18,1.7494893546995243e-16
194.6,"[0.06062, 0.0456, 0.41014]",0.0456,0.41014,-0.04909171442196342,-0.048978233237614834,-0.04900386346324731,0.13779161403554835,0.13747312641385126,0.13754506505229902,0.008664175239356904,0.008644266330291715,0.008648786997085978,-0.12016419096087809,-0.1198862499703155,-0.11994899026097405,0.0290310783024987,0.0289639679816126,0.028979124815662973,1.6437187087497154e-16,-1.6719921341643331e-18,1.7494893546995243e-16
194.62,"[0.06062, 0.0456, 0.41014]",0.0456,0.41014,-0.049075022739803936,-0.048978233237614834,-0.048992716965037465,0.13774476972880165,0.13747312641385126,0.1375137812608092,0.00866125146948223,0.008644266330291715,0.00864682835329461,-0.12012330283294868,-0.1198862499703155,-0.11992169436232482,0.02902120714000248,0.0289639679816126,0.028972533059854068,1.6023975955519475e-16,-1.6719921341643331e-18,1.6072426522880935e-16
194.64,"[0.06062, 0.0456, 0.41014]",0.0456,0.41014,-0.049059384642597244,-0.048978233237614834,-0.04898407718003754,0.13770088191995775,0.13747312641385126,0.13748953268015005,0.008658511073575624,0.008644266330291715,0.008645309698696979,-0.12008499722857952,-0.1198862499703155,-0.11990053766518019,0.029011959064776847,0.0289639679816126,0.028967423717143975,1.489848736430572e-16,-1.6719921341643331e-18,1.4774252866698728e-16
194.66,"[0.06062, 0.0456, 0.41014]",0.0456,0.41014,-0.04904585380535997,-0.048978233237614834,-0.04897687796896811,0.13766290793672817,0.13747312641385126,0.13746932715822044,0.00865613948743117,0.008644266330291715,0.008644043966953091,-0.12005185401932618,-0.1198862499703155,-0.11988290898935161,0.029003957189573104,0.0289639679816126,0.028963166296134917,1.383128548188479e-16,-1.6719921341643331e-18,1.3572132578793098e-16
194.68,"[0.06062, 0.0456, 0.41014]",0.0456,0.41014,-0.04903339632544077,-0.048978233237614834,-0.048971005052849056,0.13762794608585924,0.13747312641385126,0.13745284398243507,0.00865395525056456,0.008644266330291715,0.008643011159075275,-0.12002134104950557,-0.1198862499703155,-0.11986852836982959,0.02899659008771325,0.0289639679816126,0.028959693214029452,1.2751810430871317e-16,-1.6719921341643331e-18,1.2466523559735115e-16
194.7,"[0.06062, 0.0456, 0.41014]",0.0456,0.41014,-0.04902207054609798,-0.048978233237614834,-0.04896633794200371,0.1375961601721029,0.13747312641385126,0.13743974500403122,0.008651968822056731,0.008644266330291715,0.008642190166234121,-0.11999360090117446,-0.1198862499703155,-0.1198571006586394,0.02898989225910542,0.0289639679816126,0.028956933215433352,1.1670947601077066e-16,-1.6719921341643331e-18,1.1456945914174848e-16
194.72,"[0.06062, 0.0456, 0.41014]",0.0456,0.41014,-0.049011901391295014,-0.048978233237614834,-0.04896633794200371,0.13756762019829893,0.13747312641385126,0.13743974500403122,0.008650184762971386,0.008644266330291715,0.008642190166234121,-0.11996869435415054,-0.1198862499703155,-0.1198571006586394,0.028983878440683966,0.0289639679816126,0.028956933215433352,1.0599842590835187e-16,-1.6719921341643331e-18,1.1456945914174848e-16
194.74,"[0.06062, 0.0456, 0.41014]",0.0456,0.41014,-0.04900324433592784,-0.048978233237614834,-0.0489632385864535,0.1375433239114597,0.13747312641385126,0.13743104608638662,0.008648665785751982,0.008644266330291715,0.00864164463749366,-0.11994749155705528,-0.1198862499703155,-0.11984951214334655,0.02897875884788893,0.0289639679816126,0.02895510034774274,9.792458917028683e-17,-1.6719921341643331e-18,1.0578856550557536e-16
194.76,"[0.06062, 0.0456, 0.41014]",0.0456,0.41014,-0.048995643243526774,-0.048978233237614834,-0.048961001735858975,0.13752199112476882,0.13747312641385126,0.13742476788149674,0.008647331763747598,0.008644266330291715,0.00864125068104163,-0.11992887547350155,-0.1198862499703155,-0.1198440357373821,0.02897426373286375,0.0289639679816126,0.028953777543371344,8.794732709820623e-17,-1.6719921341643331e-18,9.787252187975247e-17
194.78,"[0.06062, 0.0456, 0.41014]",0.0456,0.41014,-0.04898906135706893,-0.048978233237614834,-0.04895951702547429,0.13750351870862007,0.13747312641385126,0.13742060064569434,0.00864617635419789,0.008644266330291715,0.008640988926186732,-0.1199127559286899,-0.1198862499703155,-0.11984040114458294,0.02897037135686278,0.0289639679816126,0.02895289953510849,7.828361629440845e-17,-1.6719921341643331e-18,9.079346671400894e-17
194.8,"[0.06062, 0.0456, 0.41014]",0.0456,0.41014,-0.048983447934065075,-0.048978233237614834,-0.04895896187681218,0.13748776427673715,0.13747312641385126,0.13741904234229788,0.008645190739040055,0.008644266330291715,0.008640890590372194,-0.1198990085247607,-0.1198862499703155,-0.119839042782488,0.028967051710732047,0.0289639679816126,0.028952571244968583,6.900327937880152e-17,-1.6719921341643331e-18,8.487643010447097e-17
194.82,"[0.06062, 0.0456, 0.41014]",0.0456,0.41014,-0.04897884554656579,-0.048978233237614834,-0.04895896187681218,0.13747484735657206,0.13747312641385126,0.13741904234229788,0.00864438255718061,0.008644266330291715,0.008640890590372194,-0.11988773729136852,-0.1198862499703155,-0.119839042782488,0.02896432996835216,0.0289639679816126,0.028952571244968583,6.081928770001194e-17,-1.6719921341643331e-18,8.487643010447097e-17
194.84,"[0.06062, 0.0456, 0.41014]",0.0456,0.41014,-0.04897506764931182,-0.048978233237614834,-0.04895923377620803,0.13746424440393298,0.13747312641385126,0.13741980505686863,0.008643719079651129,0.008644266330291715,0.008640936953361296,-0.11987848533973249,-0.1198862499703155,-0.1198397106045857,0.028962095810911852,0.0289639679816126,0.0289527320585707,5.3550796335669106e-17,-1.6719921341643331e-18,7.508037376708643e-17
194.86,"[0.06062, 0.0456, 0.41014]",0.0456,0.41014,-0.04897202887838094,-0.048978233237614834,-0.04895923377620803,0.1374557158069749,0.13747312641385126,0.13741980505686863,0.00864318520279637,0.008644266330291715,0.008640936953361296,-0.11987104377349446,-0.1198862499703155,-0.1198397106045857,0.028960298757763885,0.0289639679816126,0.0289527320585707,4.600388185343199e-17,-1.6719921341643331e-18,7.508037376708643e-17
194.88,"[0.06062, 0.0456, 0.41014]",0.0456,0.41014,-0.04896959780896761,-0.048978233237614834,-0.04896003057540801,0.1374488927645279,0.13747312641385126,0.13742204118704276,0.008642758031568937,0.008644266330291715,0.00864107636784789,-0.11986509047645279,-0.1198862499703155,-0.119841662670946,0.028958861084919775,0.0289639679816126,0.02895320327348637,3.9067590034738724e-17,-1.6719921341643331e-18,7.144839408815834e-17
194.9,"[0.06062, 0.0456, 0.41014]",0.0456,0.41014,-0.04896778003459074,-0.048978233237614834,-0.04896105183127507,0.13744379096487883,0.13747312641385126,0.1374249072917902,0.008642438511626853,0.008644266330291715,0.008641255272748135,-0.11986063919845753,-0.1198862499703155,-0.11984416432474641,0.028957786100750033,0.0289639679816126,0.028953807225702535,3.282605496817418e-17,-1.6719921341643331e-18,6.835930843792672e-17
194.92,"[0.06062, 0.0456, 0.41014]",0.0456,0.41014,-0.04896650167596025,-0.048978233237614834,-0.048962236389142884,0.13744020306706492,0.13747312641385126,0.13742823173312402,0.008642213692405074,0.008644266330291715,0.008641462918032618,-0.11985750897750345,-0.1198862499703155,-0.11984706581416374,0.028957030114493586,0.0289639679816126,0.028954507749958273,2.704161953752951e-17,-1.6719921341643331e-18,6.577467714803625e-17
194.94,"[0.06062, 0.0456, 0.41014]",0.0456,0.41014,-0.04896558466125638,-0.048978233237614834,-0.048962236389142884,0.13743762931396925,0.13747312641385126,0.13742823173312402,0.008642052353363908,0.008644266330291715,0.008641462918032618,-0.11985526364747233,-0.1198862499703155,-0.11984706581416374,0.028956487818051456,0.0289639679816126,0.028954507749958273,2.2063396842345072e-17,-1.6719921341643331e-18,6.577467714803625e-17
194.96,"[0.06062, 0.0456, 0.41014]",0.0456,0.41014,-0.048964948489554676,-0.048978233237614834,-0.04896358304347095,0.1374358437736823,0.13747312641385126,0.13743201113088085,0.008641940356817864,0.008644266330291715,0.008641699103600936,-0.11985370606419421,-0.1198862499703155,-0.11985036417055617,0.028956111605116346,0.0289639679816126,0.028955304133168252,1.7122470701894125e-17,-1.6719921341643331e-18,6.386328696159833e-17
194.981,"[0.06062, 0.0456, 0.41014]",0.0456,0.41014,-0.04896457845366564,-0.048978233237614834,-0.0489650250461802,0.13743480512758777,0.13747312641385126,0.13743605814997917,0.008641874971728126,0.008644266330291715,0.00864195210149509,-0.11985280041822222,-0.1198862499703155,-0.11985389593784318,0.028955892780222127,0.0289639679816126,0.028956156902202393,1.1128567411525266e-17,-1.6719921341643331e-18,6.269975699610644e-17
195.0,"[0.06062, 0.0456, 0.41014]",0.0456,0.41014,-0.04896462311291677,-0.048978233237614834,-0.0489650250461802,0.1374349304298652,0.13747312641385126,0.13743605814997917,0.008641882682686062,0.008644266330291715,0.00864195210149509,-0.11985290997284288,-0.1198862499703155,-0.11985389593784318,0.02895591919242153,0.0289639679816126,0.028956156902202393,9.814514378472835e-18,-1.6719921341643331e-18,6.269975699610644e-17
195.02,"[0.06062, 0.0456, 0.41014]",0.0456,0.41014,-0.04896469948023689,-0.048978233237614834,-0.04896646978880941,0.13743514469676085,0.13747312641385126,0.13744011286774477,0.008641895868427455,0.008644266330291715,0.008642205612046592,-0.11985309731124334,-0.1198862499703155,-0.11985743437092436,0.02895596435728248,0.0289639679816126,0.02895701129113197,6.296928850060866e-18,-1.6719921341643331e-18,6.196906728165409e-17
195.04,"[0.06062, 0.0456, 0.41014]",0.0456,0.41014,-0.048965035838865446,-0.048978233237614834,-0.048967874868628546,0.1374360886493213,0.13747312641385126,0.13744405627414621,0.008641954715881507,0.008644266330291715,0.00864245217575062,-0.11985392135763343,-0.1198862499703155,-0.11986087564467891,0.028956163274716493,0.0289639679816126,0.028957842224176255,3.8058659385581705e-18,-1.6719921341643331e-18,6.1582024654335e-17
195.06,"[0.06062, 0.0456, 0.41014]",0.0456,0.41014,-0.04896544879733653,-0.048978233237614834,-0.048967874868628546,0.13743724759153558,0.13747312641385126,0.13744405627414621,0.008642027038689678,0.008644266330291715,0.00864245217575062,-0.11985493296258479,-0.1198862499703155,-0.11986087564467891,0.02895640749114246,0.0289639679816126,0.028957842224176255,1.7476165343116883e-18,-1.6719921341643331e-18,6.1582024654335e-17
195.08,"[0.06062, 0.0456, 0.41014]",0.0456,0.41014,-0.04896590975088211,-0.048978233237614834,-0.04896921015275309,0.13743854124130583,0.13747312641385126,0.13744780379627175,0.008642107810899451,0.008644266330291715,0.008642686491048839,-0.11985606207723296,-0.1198862499703155,-0.11986414597809163,0.028956680090421495,0.0289639679816126,0.028958631881603435,-6.315567129905029e-19,-1.6719921341643331e-18,6.146742571885396e-17
195.1,"[0.06062, 0.0456, 0.41014]",0.0456,0.41014,-0.04896653682723751,-0.048978233237614834,-0.04897048705239215,0.13744030112682312,0.13747312641385126,0.13745138745855365,0.008642217756294798,0.008644266330291715,0.008642910554953588,-0.11985759802344671,-0.1198862499703155,-0.11986727332673051,0.028957050930748657,0.0289639679816126,0.0289593870118232,-2.078749772824154e-18,-1.6719921341643331e-18,6.148047914225001e-17
195.12,"[0.06062, 0.0456, 0.41014]",0.0456,0.41014,-0.04896728737001678,-0.048978233237614834,-0.048971690271539914,0.1374424075299257,0.13747312641385126,0.1374547643306671,0.008642349384207184,0.008644266330291715,0.008643121677853445,-0.11985943633612117,-0.1198862499703155,-0.11987022023581062,0.028957494786155422,0.0289639679816126,0.028960098569191125,-3.3368579737763338e-18,-1.6719921341643331e-18,6.160326243458563e-17
195.14,"[0.06062, 0.0456, 0.41014]",0.0456,0.41014,-0.04896812392130612,-0.048978233237614834,-0.04897276657615696,0.13744475532214037,0.13747312641385126,0.1374577850060037,0.008642496116167428,0.008644266330291715,0.008643310506219066,-0.11986148528211263,-0.1198862499703155,-0.11987285634319135,0.028957989504934802,0.0289639679816126,0.02896073507243998,-4.3989424219431346e-18,-1.6719921341643331e-18,6.188370458097781e-17
195.16,"[0.06062, 0.0456, 0.41014]",0.0456,0.41014,-0.04896890915831217,-0.048978233237614834,-0.04897276657615696,0.13744695910136798,0.13747312641385126,0.1374577850060037,0.008642633851891799,0.008644266330291715,0.008643310506219066,-0.11986340853910375,-0.1198862499703155,-0.11987285634319135,0.02895845387747099,0.0289639679816126,0.02896073507243998,-5.2086246043553074e-18,-1.6719921341643331e-18,6.188370458097781e-17
195.18,"[0.06062, 0.0456, 0.41014]",0.0456,0.41014,-0.048969642067702865,-0.048978233237614834,-0.048973718211958076,0.137449016023323,0.13747312641385126,0.1374604557869676,0.00864276241238274,0.008644266330291715,0.00864347743315758,-0.11986520362693052,-0.1198862499703155,-0.11987518715036485,0.02895888730451768,0.0289639679816126,0.02896129784964885,-6.332725416788279e-18,-1.6719921341643331e-18,6.227529588941516e-17
195.2,"[0.06062, 0.0456, 0.41014]",0.0456,0.41014,-0.048970416535111354,-0.048978233237614834,-0.04897455043236449,0.1374511895784893,0.13747312641385126,0.13746279141768483,0.008642898262497782,0.008644266330291715,0.008643623381294752,-0.11986710050143333,-0.1198862499703155,-0.11987722552277297,0.02895934530809521,0.0289639679816126,0.028961790007564308,-6.785054563149231e-18,-1.6719921341643331e-18,6.274251733053844e-17
195.221,"[0.06062, 0.0456, 0.41014]",0.0456,0.41014,-0.048971127075752796,-0.048978233237614834,-0.04897455043236449,0.13745318372124576,0.13747312641385126,0.13746279141768483,0.008643022895904698,0.008644266330291715,0.008643623381294752,-0.11986884080702147,-0.1198862499703155,-0.11987722552277297,0.028959765506784557,0.0289639679816126,0.028961790007564308,-7.0864627671002e-18,-1.6719921341643331e-18,6.274251733053844e-17
195.24,"[0.06062, 0.0456, 0.41014]",0.0456,0.41014,-0.0489717775135091,-0.048978233237614834,-0.04897527055778114,0.13745500918364364,0.13747312641385126,0.13746481244368866,0.008643136984297627,0.008644266330291715,0.00864374963719192,-0.11987043390806443,-0.1198862499703155,-0.11987898938652969,0.02896015016193531,0.0289639679816126,0.028962215875284643,-7.65328366287562e-18,-1.6719921341643331e-18,6.325479479479584e-17
195.26,"[0.06062, 0.0456, 0.41014]",0.0456,0.41014,-0.04897244119192076,-0.048978233237614834,-0.048975887222061865,0.13745687180312618,0.13747312641385126,0.1374665430969804,0.008643253384515636,0.008644266330291715,0.008643857718699383,-0.11987205945402311,-0.1198862499703155,-0.11988049988347374,0.028960542647474274,0.0289639679816126,0.028962580558641787,-7.711396899320848e-18,-1.6719921341643331e-18,6.378855797680714e-17
195.28,"[0.06062, 0.0456, 0.41014]",0.0456,0.41014,-0.048973040437862304,-0.048978233237614834,-0.048975887222061865,0.13745855359023632,0.13747312641385126,0.1374665430969804,0.008643358476842984,0.008644266330291715,0.008643857718699383,-0.11987352719594403,-0.1198862499703155,-0.11988049988347374,0.02896089702909655,0.0289639679816126,0.028962580558641787,-7.677569791539303e-18,-1.6719921341643331e-18,6.378855797680714e-17
195.3,"[0.06062, 0.0456, 0.41014]",0.0456,0.41014,-0.04897358132686032,-0.048978233237614834,-0.04897644008726125,0.13746007159659188,0.13747312641385126,0.1374680946928226,0.00864345332896452,0.008644266330291715,0.008643954593871683,-0.11987485201162476,-0.1198862499703155,-0.11988185414112099,0.028961216899712726,0.0289639679816126,0.028962907512784568,-7.882267161704561e-18,-1.6719921341643331e-18,6.431634907449969e-17
195.32,"[0.06062, 0.0456, 0.41014]",0.0456,0.41014,-0.04897412449133649,-0.048978233237614834,-0.048976904930358306,0.1374615959849499,0.13747312641385126,0.13746939924767723,0.008643548565465141,0.008644266330291715,0.008644036009319263,-0.11987618242127916,-0.1198862499703155,-0.11988299283710244,0.02896153811619898,0.0289639679816126,0.028963182412792624,-7.715300027141797e-18,-1.6719921341643331e-18,6.48394284209179e-17
195.34,"[0.06062, 0.0456, 0.41014]",0.0456,0.41014,-0.048974652774750674,-0.048978233237614834,-0.048976904930358306,0.1374630786049425,0.13747312641385126,0.13746939924767723,0.008643641175965801,0.008644266330291715,0.008644036009319263,-0.11987747640533572,-0.1198862499703155,-0.11988299283710244,0.02896185053255437,0.0289639679816126,0.028963182412792624,-7.524046763915355e-18,-1.6719921341643331e-18,6.48394284209179e-17
195.36,"[0.06062, 0.0456, 0.41014]",0.0456,0.41014,-0.048975080684316254,-0.048978233237614834,-0.04897726215912871,0.13746427952713658,0.13747312641385126,0.13747040177540085,0.00864371619047176,0.008644266330291715,0.00864409852745464,-0.11987852453242154,-0.1198862499703155,-0.1198838679861619,0.028962103589802234,0.0289639679816126,0.028963393672252744,-7.512337380452515e-18,-1.6719921341643331e-18,6.534439548908777e-17
195.38,"[0.06062, 0.0456, 0.41014]",0.0456,0.41014,-0.04897549516453065,-0.048978233237614834,-0.048977574582606,0.13746544275438113,0.13747312641385126,0.1374712785542655,0.00864378883066694,0.008644266330291715,0.008644153178846953,-0.11987953979368242,-0.1198862499703155,-0.11988463340565789,0.028962348705470414,0.0289639679816126,0.028963578434914566,-7.250394135580018e-18,-1.6719921341643331e-18,6.582900579052001e-17
195.4,"[0.06062, 0.0456, 0.41014]",0.0456,0.41014,-0.04897589025396496,-0.048978233237614834,-0.04897782403962882,0.1374665515564333,0.13747312641385126,0.13747197861461843,0.008643858052989627,0.008644266330291715,0.008644196777605204,-0.11988050758500794,-0.1198862499703155,-0.11988524461444013,0.02896258235406741,0.0289639679816126,0.028963725960655985,-6.969802613340768e-18,-1.6719921341643331e-18,6.628282072918801e-17
195.42,"[0.06062, 0.0456, 0.41014]",0.0456,0.41014,-0.048976235222109074,-0.048978233237614834,-0.04897782403962882,0.13746751969213106,0.13747312641385126,0.13747197861461843,0.008643918482946836,0.008644266330291715,0.008644196777605204,-0.11988135261685977,-0.1198862499703155,-0.11988524461444013,0.028962786362005107,0.0289639679816126,0.028963725960655985,-6.6757669841626985e-18,-1.6719921341643331e-18,6.628282072918801e-17
195.44,"[0.06062, 0.0456, 0.41014]",0.0456,0.41014,-0.048976537097437906,-0.048978233237614834,-0.04897801985357368,0.1374683668874781,0.13747312641385126,0.13747252812365887,0.008643971355100697,0.008644266330291715,0.008644230962676426,-0.11988209210145005,-0.1198862499703155,-0.11988572444296369,0.02896296488575138,0.0289639679816126,0.028963841763076016,-6.493621019185134e-18,-1.6719921341643331e-18,6.6701386036554e-17
195.46,"[0.06062, 0.0456, 0.41014]",0.0456,0.41014,-0.04897681882110371,-0.048978233237614834,-0.048978184657076235,0.13746915752242675,0.13747312641385126,0.13747299060112883,0.008644020676708634,0.008644266330291715,0.008644259707223613,-0.11988278225138778,-0.1198862499703155,-0.11988612832008791,0.028963131492445688,0.0289639679816126,0.02896393922659195,-6.182238155247298e-18,-1.6719921341643331e-18,6.709445778679065e-17
195.48,"[0.06062, 0.0456, 0.41014]",0.0456,0.41014,-0.04897706349762326,-0.048978233237614834,-0.04897830920284609,0.13746984418448208,0.13747312641385126,0.13747334009485948,0.008644063501665784,0.008644266330291715,0.008644281390941302,-0.11988338166054965,-0.1198862499703155,-0.11988643359427834,0.02896327619021966,0.0289639679816126,0.02896401288252859,-5.887335164331243e-18,-1.6719921341643331e-18,6.745189337727646e-17
195.5,"[0.06062, 0.0456, 0.41014]",0.0456,0.41014,-0.0489772889724963,-0.048978233237614834,-0.04897830920284609,0.1374704769530924,0.13747312641385126,0.13747334009485948,0.008644102945262125,0.008644266330291715,0.008644281390941302,-0.11988393405833103,-0.1198862499703155,-0.11988643359427834,0.02896340953272666,0.0289639679816126,0.02896401288252859,-5.571615491703465e-18,-1.6719921341643331e-18,6.745189337727646e-17
195.52,"[0.06062, 0.0456, 0.41014]",0.0456,0.41014,-0.0489774828162628,-0.048978233237614834,-0.04897839888079495,0.1374710209501024,0.13747312641385126,0.13747359173263005,0.008644136846109872,0.008644266330291715,0.008644296962491433,-0.1198844089752111,-0.1198862499703155,-0.11988665346233755,0.028963524169191634,0.0289639679816126,0.028964065918321617,-5.330055247673695e-18,-1.6719921341643331e-18,6.777088727345538e-17
195.54,"[0.06062, 0.0456, 0.41014]",0.0456,0.41014,-0.04897773106975102,-0.048978233237614834,-0.04897846902968008,0.1374717176322733,0.13747312641385126,0.13747378856281406,0.008644180232184537,0.008644266330291715,0.008644309112127452,-0.1198850172384253,-0.1198862499703155,-0.11988682549338717,0.02896367098320959,0.0289639679816126,0.028964107404990867,-4.901578549107423e-18,-1.6719921341643331e-18,6.806419610291004e-17
195.56,"[0.06062, 0.0456, 0.41014]",0.0456,0.41014,-0.04897780486574395,-0.048978233237614834,-0.0489785146437402,0.13747192472536654,0.13747312641385126,0.1374739165375196,0.008644193118162261,0.008644266330291715,0.008644316964823193,-0.11988519806657942,-0.1198862499703155,-0.11988693742273303,0.02896371462538908,0.0289639679816126,0.02896413438219415,-4.746320798007499e-18,-1.6719921341643331e-18,6.832264583271186e-17
195.58,"[0.06062, 0.0456, 0.41014]",0.0456,0.41014,-0.048977935618297885,-0.048978233237614834,-0.0489785146437402,0.13747229165202643,0.13747312641385126,0.1374739165375196,0.008644215938453837,0.008644266330291715,0.008644316964823193,-0.11988551847565755,-0.1198862499703155,-0.11988693742273303,0.028963791951236332,0.0289639679816126,0.02896413438219415,-4.460958786209312e-18,-1.6719921341643331e-18,6.832264583271186e-17
195.6,"[0.06062, 0.0456, 0.41014]",0.0456,0.41014,-0.048978045633131954,-0.048978233237614834,-0.048978540171903694,0.1374726003803444,0.13747312641385126,0.13747398814334105,0.008644235129632673,0.008644266330291715,0.008644321303117273,-0.11988578808065196,-0.1198862499703155,-0.11988700014395647,0.028963857013120927,0.0289639679816126,0.028964149480904065,-4.21723013783457e-18,-1.6719921341643331e-18,6.8546022653859e-17
195.62,"[0.06062, 0.0456, 0.41014]",0.0456,0.41014,-0.048978139595498606,-0.048978233237614834,-0.04897855014754666,0.13747286405538814,0.13747312641385126,0.13747401610342913,0.008644251498763373,0.008644266330291715,0.008644322922774821,-0.11988601837772987,-0.1198862499703155,-0.11988702475970094,0.028963912582002333,0.0289639679816126,0.02896415538205534,-3.970465723376868e-18,-1.6719921341643331e-18,6.873805621181302e-17
195.64,"[0.06062, 0.0456, 0.41014]",0.0456,0.41014,-0.048978216702579895,-0.048978233237614834,-0.048978551913555664,0.1374730804281823,0.13747312641385126,0.13747402102488246,0.008644264919724984,0.008644266330291715,0.008644323108876162,-0.11988620737993737,-0.1198862499703155,-0.11988702925875981,0.02896395818291139,0.0289639679816126,0.028964156428115114,-3.741915905416925e-18,-1.6719921341643331e-18,6.891063813678296e-17
195.66,"[0.06062, 0.0456, 0.41014]",0.0456,0.41014,-0.04897828023372449,-0.048978233237614834,-0.04897854691528323,0.13747325869869872,0.13747312641385126,0.13747400696431483,0.008644275955083207,0.008644266330291715,0.008644322115692485,-0.11988636313704833,-0.1198862499703155,-0.11988701718014223,0.028963995755357307,0.0289639679816126,0.028964153473824118,-3.536784854382667e-18,-1.6719921341643331e-18,6.906579142355077e-17
195.68,"[0.06062, 0.0456, 0.41014]",0.0456,0.41014,-0.04897833135306521,-0.048978233237614834,-0.04897854691528323,0.13747340213469103,0.13747312641385126,0.13747400696431483,0.008644284811154118,0.008644266330291715,0.008644322115692485,-0.11988648849736183,-0.1198862499703155,-0.11988701718014223,0.028964025987754796,0.0289639679816126,0.028964153473824118,-3.3134392068506537e-18,-1.6719921341643331e-18,6.906579142355077e-17
195.7,"[0.06062, 0.0456, 0.41014]",0.0456,0.41014,-0.04897837230988663,-0.048978233237614834,-0.048978534178958394,0.13747351705239366,0.13747312641385126,0.13747397119003862,0.008644291895185011,0.008644266330291715,0.00864431977672579,-0.1198865889521402,-0.1198862499703155,-0.1198869861327727,0.028964050210110583,0.0289639679816126,0.028964145943256324,-3.123486986231194e-18,-1.6719921341643331e-18,6.919327640829924e-17
195.72,"[0.06062, 0.0456, 0.41014]",0.0456,0.41014,-0.048978403065010244,-0.048978233237614834,-0.04897851765341459,0.13747360333862046,0.13747312641385126,0.13747392478333897,0.008644297188846371,0.008644266330291715,0.008644316780464366,-0.1198866644215104,-0.1198862499703155,-0.11988694579425294,0.028964068399410885,0.0289639679816126,0.028964136171724733,-2.9478462342885435e-18,-1.6719921341643331e-18,6.930568434121074e-17
195.74,"[0.06062, 0.0456, 0.41014]",0.0456,0.41014,-0.04897842483680705,-0.048978233237614834,-0.04897849725835688,0.13747366441319117,0.13747312641385126,0.13747386751998006,0.008644300907422393,0.008644266330291715,0.008644313116770996,-0.11988671788738156,-0.1198862499703155,-0.11988689596237746,0.028964081276153127,0.0289639679816126,0.02896412411169102,-2.7752412484288506e-18,-1.6719921341643331e-18,6.939661442921203e-17
195.76,"[0.06062, 0.0456, 0.41014]",0.0456,0.41014,-0.048978440432456756,-0.048978233237614834,-0.04897849725835688,0.13747370815725762,0.13747312641385126,0.13747386751998006,0.008644303553099638,0.008644266330291715,0.008644313116770996,-0.11988675621154968,-0.1198862499703155,-0.11988689596237746,0.028964090500310954,0.0289639679816126,0.02896412411169102,-2.6295244764467987e-18,-1.6719921341643331e-18,6.939661442921203e-17
195.781,"[0.06062, 0.0456, 0.41014]",0.0456,0.41014,-0.04897845356618045,-0.048978233237614834,-0.04897847459740387,0.1374737449826923,0.13747312641385126,0.1374738039002901,0.008644305734316748,0.008644266330291715,0.0086443090660407,-0.11988678855159836,-0.1198862499703155,-0.11988684056609014,0.028964098268980897,0.0289639679816126,0.028964110711513356,-2.4291639149714783e-18,-1.6719921341643331e-18,6.94685673234939e-17
195.8,"[0.06062, 0.0456, 0.41014]",0.0456,0.41014,-0.04897845566930278,-0.048978233237614834,-0.048978451142861264,0.1374737508744913,0.13747312641385126,0.1374737380552017,0.0086443060654726,0.008644266330291715,0.008644304882571655,-0.1198867937557055,-0.1198862499703155,-0.1198867832170155,0.028964099513235527,0.0289639679816126,0.02896409684193586,-2.3706169976572616e-18,-1.6719921341643331e-18,6.953050628261617e-17
195.82,"[0.06062, 0.0456, 0.41014]",0.0456,0.41014,-0.04897845480927886,-0.048978233237614834,-0.048978427555537635,0.1374737484389004,0.13747312641385126,0.13747367184016504,0.008644305836890014,0.008644266330291715,0.008644300685398657,-0.11988679175840442,-0.1198862499703155,-0.11988672552926487,0.028964099005691173,0.0289639679816126,0.028964082893704286,-2.2634978230156945e-18,-1.6719921341643331e-18,6.957863309444611e-17
195.841,"[0.06062, 0.0456, 0.41014]",0.0456,0.41014,-0.048978449334088146,-0.048978233237614834,-0.048978427555537635,0.13747373304416685,0.13747312641385126,0.13747367184016504,0.008644304775342051,0.008644266330291715,0.008644300685398657,-0.1198867784902184,-0.1198862499703155,-0.11988672552926487,0.02896409576915319,0.0289639679816126,0.028964082893704286,-2.1411998179593308e-18,-1.6719921341643331e-18,6.957863309444611e-17
195.86,"[0.06062, 0.0456, 0.41014]",0.0456,0.41014,-0.0489784471562331,-0.048978233237614834,-0.048978381777725094,0.1374737269238057,0.13747312641385126,0.13747354333587133,0.00864430436433117,0.008644266330291715,0.008644292555719042,-0.11988677319678105,-0.1198862499703155,-0.11988661354739669,0.028964094481609682,0.0289639679816126,0.028964055823032724,-2.1069390293087893e-18,-1.6719921341643331e-18,6.965171753276298e-17
195.88,"[0.06062, 0.0456, 0.41014]",0.0456,0.41014,-0.04897843678388908,-0.048978233237614834,-0.048978381777725094,0.13747369779556476,0.13747312641385126,0.13747354333587133,0.008644302480758174,0.008644266330291715,0.008644292555719042,-0.11988674788224515,-0.1198862499703155,-0.11988661354739669,0.028964088348496845,0.0289639679816126,0.028964055823032724,-2.0440553033046303e-18,-1.6719921341643331e-18,6.965171753276298e-17
195.9,"[0.06062, 0.0456, 0.41014]",0.0456,0.41014,-0.0489784263327179,-0.048978233237614834,-0.04897836069426716,0.1374736684482971,0.13747312641385126,0.13747348415342572,0.008644300591169293,0.008644266330291715,0.008644288817083243,-0.11988672236367402,-0.1198862499703155,-0.11988656196513106,0.028964082168661278,0.0289639679816126,0.028964043355271623,-1.9746663642655587e-18,-1.6719921341643331e-18,6.967889828132592e-17
195.92,"[0.06062, 0.0456, 0.41014]",0.0456,0.41014,-0.04897841386141225,-0.048978233237614834,-0.04897834083648947,0.13747363343234584,0.13747312641385126,0.1374734284122504,0.008644298350261514,0.008644266330291715,0.008644285298335476,-0.11988669189300094,-0.1198862499703155,-0.11988651337801316,0.028964074794119814,0.0289639679816126,0.028964031612285373,-1.903976382619504e-18,-1.6719921341643331e-18,6.970039329861674e-17
195.94,"[0.06062, 0.0456, 0.41014]",0.0456,0.41014,-0.04897839998667693,-0.048978233237614834,-0.048978323084550024,0.137473594478602,0.13747312641385126,0.1374733785830695,0.008644295866564141,0.008644266330291715,0.008644282155803089,-0.11988665798020337,-0.1198862499703155,-0.11988646993906078,0.028964066589573883,0.0289639679816126,0.02896402111455441,-1.8397916140083627e-18,-1.6719921341643331e-18,6.97134994255566e-17
195.96,"[0.06062, 0.0456, 0.41014]",0.0456,0.41014,-0.048978386972947395,-0.048978233237614834,-0.048978323084550024,0.13747355794315125,0.13747312641385126,0.1374733785830695,0.00864429354051602,0.008644266330291715,0.008644282155803089,-0.11988662616694204,-0.1198862499703155,-0.11988646993906078,0.028964058894118568,0.0289639679816126,0.02896402111455441,-1.8024950592748613e-18,-1.6719921341643331e-18,6.97134994255566e-17
195.98,"[0.06062, 0.0456, 0.41014]",0.0456,0.41014,-0.04897837483415187,-0.048978233237614834,-0.048978307398076994,0.13747352386481,0.13747312641385126,0.1374733345522925,0.008644291373589108,0.008644266330291715,0.00864427938138919,-0.11988659648869468,-0.1198862499703155,-0.11988643155081805,0.028964051716004007,0.0289639679816126,0.028964011838217483,-1.7786426114801803e-18,-1.6719921341643331e-18,6.972320200489769e-17
196.0,"[0.06062, 0.0456, 0.41014]",0.0456,0.41014,-0.04897836202129762,-0.048978233237614834,-0.04897829368770427,0.13747348789550579,0.13747312641385126,0.13747329606885975,0.00864428909123968,0.008644266330291715,0.008644276958523682,-0.11988656515554819,-0.1198862499703155,-0.11988639799565938,0.028964044139227162,0.0289639679816126,0.02896400373043751,-1.7300703541528306e-18,-1.6719921341643331e-18,6.972736436260433e-17
196.02,"[0.06062, 0.0456, 0.41014]",0.0456,0.41014,-0.04897835027184843,-0.048978233237614834,-0.04897829368770427,0.13747345491202623,0.13747312641385126,0.13747329606885975,0.008644287000250097,0.008644266330291715,0.008644276958523682,-0.11988653642018368,-0.1198862499703155,-0.11988639799565938,0.028964037191259926,0.0289639679816126,0.02896400373043751,-1.6906053950743582e-18,-1.6719921341643331e-18,6.972736436260433e-17
196.04,"[0.06062, 0.0456, 0.41014]",0.0456,0.41014,-0.04897833952086104,-0.048978233237614834,-0.04897828183050384,0.13747342473189894,0.13747312641385126,0.13747326278755057,0.008644285088490617,0.008644266330291715,0.008644274864859091,-0.11988651012457424,-0.1198862499703155,-0.11988636897360322,0.028964030833706276,0.0289639679816126,0.028963996718528135,-1.6728244794455957e-18,-1.6719921341643331e-18,6.972793199314065e-17
196.06,"[0.06062, 0.0456, 0.41014]",0.0456,0.41014,-0.04897832855969316,-0.048978233237614834,-0.048978271682337544,0.13747339396254687,0.13747312641385126,0.1374732343036457,0.008644283142169194,0.008644266330291715,0.008644273074426789,-0.11988648331093987,-0.1198862499703155,-0.1198863441325793,0.02896402435182503,0.0289639679816126,0.028963990717258418,-1.6389973716640482e-18,-1.6719921341643331e-18,6.972468093751414e-17
196.08,"[0.06062, 0.0456, 0.41014]",0.0456,0.41014,-0.048978318666330574,-0.048978233237614834,-0.048978271682337544,0.13747336619098155,0.13747312641385126,0.1374732343036457,0.0086442813866056,0.008644266330291715,0.008644273074426789,-0.1198864591077937,-0.1198862499703155,-0.1198863441325793,0.028964018501374245,0.0289639679816126,0.028963990717258418,-1.6233848603802566e-18,-1.6719921341643331e-18,6.972468093751414e-17
196.1,"[0.06062, 0.0456, 0.41014]",0.0456,0.41014,-0.04897830973937189,-0.048978233237614834,-0.0489782630875801,0.13747334113246185,0.13747312641385126,0.13747321018021225,0.00864427980346017,0.008644266330291715,0.008644271559332806,-0.11988643726755298,-0.1198862499703155,-0.11988632309225651,0.02896401322239484,0.0289639679816126,0.028963985634602955,-1.6108081151794246e-18,-1.6719921341643331e-18,6.972071155492141e-17
196.12,"[0.06062, 0.0456, 0.41014]",0.0456,0.41014,-0.04897830087553146,-0.048978233237614834,-0.0489782558866225,0.13747331625160888,0.13747312641385126,0.13747318996915983,0.008644278233244528,0.008644266330291715,0.008644270291064958,-0.11988641557929679,-0.1198862499703155,-0.11988630546243348,0.028964007980716983,0.0289639679816126,0.028963981376179372,-1.5930271995506621e-18,-1.6719921341643331e-18,6.97137752763005e-17
196.14,"[0.06062, 0.0456, 0.41014]",0.0456,0.41014,-0.04897829297572496,-0.048978233237614834,-0.0489782558866225,0.13747329407701256,0.13747312641385126,0.13747318996915983,0.008644276834543073,0.008644266330291715,0.008644270291064958,-0.11988639624882692,-0.1198862499703155,-0.11988630546243348,0.02896400330911557,0.0289639679816126,0.028963981376179372,-1.5752462839218999e-18,-1.6719921341643331e-18,6.97137752763005e-17
196.16,"[0.06062, 0.0456, 0.41014]",0.0456,0.41014,-0.04897828592879546,-0.048978233237614834,-0.04897825027688604,0.1374732742965947,0.13747312641385126,0.13747317422457866,0.008644275587450786,0.008644266330291715,0.008644269304339057,-0.11988637900446225,-0.1198862499703155,-0.11988629172652622,0.028963999141860278,0.0289639679816126,0.028963978058737256,-1.5631032195900622e-18,-1.6719921341643331e-18,6.970442395963098e-17
196.18,"[0.06062, 0.0456, 0.41014]",0.0456,0.41014,-0.04897827965980895,-0.048978233237614834,-0.04897825027688604,0.13747325669999802,0.13747312641385126,0.13747317422457866,0.008644274478633442,0.008644266330291715,0.008644269304339057,-0.11988636366293615,-0.1198862499703155,-0.11988629172652622,0.028963995434639324,0.0289639679816126,0.028963978058737256,-1.5574653682931377e-18,-1.6719921341643331e-18,6.970442395963098e-17
196.2,"[0.06062, 0.0456, 0.41014]",0.0456,0.41014,-0.04897827407705358,-0.048978233237614834,-0.0489782456473572,0.13747324102974237,0.13747312641385126,0.1374731612313503,0.008644273491686054,0.008644266330291715,0.008644268490915598,-0.11988635000006836,-0.1198862499703155,-0.11988628038949142,0.028963992133220533,0.0289639679816126,0.028963975320950585,-1.5518275169962133e-18,-1.6719921341643331e-18,6.969421757715549e-17
196.22,"[0.06062, 0.0456, 0.41014]",0.0456,0.41014,-0.04897826867541132,-0.048978233237614834,-0.04897824187442274,0.13747322586812208,0.13747312641385126,0.13747315064247007,0.008644272537708218,0.008644266330291715,0.008644267828819868,-0.1198863367791089,-0.1198862499703155,-0.11988627114897717,0.028963988938891842,0.0289639679816126,0.028963973089721096,-1.5448886230923062e-18,-1.6719921341643331e-18,6.968343914218642e-17
196.24,"[0.06062, 0.0456, 0.41014]",0.0456,0.41014,-0.04897826392278754,-0.048978233237614834,-0.04897824187442274,0.13747321252832168,0.13747312641385126,0.13747315064247007,0.008644271698776598,0.008644266330291715,0.008644267828819868,-0.11988632514608029,-0.1198862499703155,-0.11988627114897717,0.028963986128362637,0.0289639679816126,0.028963973089721096,-1.5483580700442595e-18,-1.6719921341643331e-18,6.968343914218642e-17
196.26,"[0.06062, 0.0456, 0.41014]",0.0456,0.41014,-0.04897825973359827,-0.048978233237614834,-0.048978238842189235,0.13747320077008424,0.13747312641385126,0.1374731421326118,0.008644270959653366,0.008644266330291715,0.008644267297477226,-0.11988631489168074,-0.1198862499703155,-0.11988626372147482,0.02896398365102333,0.0289639679816126,0.028963971296515203,-1.5531285596031957e-18,-1.6719921341643331e-18,6.967280573008817e-17
196.28,"[0.06062, 0.0456, 0.41014]",0.0456,0.41014,-0.04897825576423059,-0.048978233237614834,-0.04897823624362782,0.13747318962903865,0.13747312641385126,0.13747313483998352,0.008644270260008453,0.008644266330291715,0.00864426684263918,-0.11988630517439168,-0.1198862499703155,-0.11988625735554062,0.028963981303669388,0.0289639679816126,0.02896396975976789,-1.5552969639481667e-18,-1.6719921341643331e-18,6.966335023115007e-17
196.3,"[0.06062, 0.0456, 0.41014]",0.0456,0.41014,-0.048978252289186584,-0.048978233237614834,-0.04897823624362782,0.13747317987552898,0.13747312641385126,0.13747313483998352,0.008644269647812272,0.008644266330291715,0.00864426684263918,-0.11988629666679414,-0.1198862499703155,-0.11988625735554062,0.028963979248637965,0.0289639679816126,0.02896396975976789,-1.5440212613543172e-18,-1.6719921341643331e-18,6.966335023115007e-17
196.32,"[0.06062, 0.0456, 0.4101328940952324]",0.0456,0.4101328940952324,-0.04897824924053046,-0.048978233237614834,-0.04897823438602764,0.13747317131884973,0.13747312641385126,0.13747312962705563,0.008644269110997943,0.008644266330291715,0.00864426651841511,-0.11988628920270604,-0.1198862499703155,-0.11988625280351524,0.02896397744575526,0.0289639679816126,0.028963968661200604,-1.5557306448171605e-18,-1.6719921341643331e-18,6.965349766834317e-17
196.341,"[0.06062, 0.0456, 0.4101328940952324]",0.0456,0.4101328940952324,-0.048978245214960164,-0.048978233237614834,-0.04897823298264896,0.13747316002047943,0.13747312641385126,0.13747312568899647,0.008644268402943127,0.008644266330291715,0.008644266274181562,-0.1198862793457283,-0.1198862499703155,-0.11988624936355549,0.028963975065144643,0.0289639679816126,0.028963967831245985,-1.5605011343760967e-18,-1.6719921341643331e-18,6.964453491472678e-17
196.36,"[0.06062, 0.0456, 0.41008947826424075]",0.0456,0.41008947826424075,-0.048978243991729065,-0.04909913554204869,-0.04897823298264896,0.13747315658737036,0.13773470374991467,0.13747312568899647,0.008644268188050423,0.008442863687123126,0.008644266274181562,-0.11988627635016895,-0.12049860644980608,-0.11988624936355549,0.02896397434175614,0.029037687134778903,0.028963967831245985,-1.5626695387210677e-18,-1.696495342993258e-18,6.964453491472678e-17
196.38,"[0.06062, 0.0456, 0.41008947826424075]",0.0456,0.41008947826424075,-0.048978241900003834,-0.04909913554204869,-0.04899188977753902,0.1374731507167536,0.13773470374991467,0.13750497687310803,0.008644267820583893,0.008442863687123126,0.008628115395120352,-0.11988627122776242,-0.12049860644980608,-0.11994604514984877,0.028963973104761814,0.029037687134778903,0.028972229117824336,-1.560501134376097e-18,-1.696495342993258e-18,7.044851477561055e-17
196.4,"[0.06062, 0.0456, 0.41008947826424075]",0.0456,0.41008947826424075,-0.04898083499673459,-0.04909913554204869,-0.04900525816236242,0.13747919768653383,0.13773470374991467,0.1375361211543744,0.0086411988559114,0.008442863687123126,0.008612207488318003,-0.11989762827800862,-0.12049860644980608,-0.12000471751320974,0.0289655417472463,0.029037687134778903,0.02898031691768138,-8.845906052609689e-18,-1.696495342993258e-18,7.184256684034881e-17
196.42,"[0.06062, 0.0456, 0.4100066371213612]",0.0456,0.4100066371213612,-0.04898427224356889,-0.049308983311570305,-0.04900525816236242,0.13748721016018253,0.13818888542269106,0.1375361211543744,0.008637122203846425,0.008092967104176797,0.008612207488318003,-0.11991269472504414,-0.12156187186846086,-0.12000471751320974,0.028967621127644415,0.029165659362840213,0.02898031691768138,-1.485151872644139e-17,-1.7267360994776487e-18,7.184256684034881e-17
196.44,"[0.06062, 0.0456, 0.4100066371213612]",0.0456,0.4100066371213612,-0.048988259568140055,-0.049308983311570305,-0.04904171833623304,0.1374965032491537,0.13818888542269106,0.13762106447119377,0.008632388404065631,0.008092967104176797,0.008568760367180253,-0.11993017905984586,-0.12156187186846086,-0.12016481915568238,0.028970033327754035,0.029165659362840213,0.02900237707053643,-9.040195081919087e-18,-1.7267360994776487e-18,7.485214453746897e-17
196.46,"[0.06062, 0.0456, 0.40988445242080035]",0.0456,0.40988445242080035,-0.04899841673407556,-0.04961778300275901,-0.04911173060096268,0.13752016988141244,0.13885764144014373,0.13778416226476103,0.008620299073219,0.0075772101859892926,0.008485086274476953,-0.11997476068310438,-0.12312761357972563,-0.12047258757576525,0.028976178638885294,0.02935403229029408,0.029044744994941602,-2.438165582258897e-17,-1.5821625589861318e-18,8.093638322118563e-17
196.48,"[0.06062, 0.0456, 0.40988445242080035]",0.0456,0.40988445242080035,-0.049013645264953394,-0.04961778300275901,-0.04911173060096268,0.13755564963289452,0.13885764144014373,0.13778416226476103,0.008602139305953469,0.0075772101859892926,0.008485086274476953,-0.12004164863995113,-0.12312761357972563,-0.12047258757576525,0.028985393133342138,0.02935403229029408,0.029044744994941602,-6.0805644647674e-17,-1.5821625589861318e-18,8.093638322118563e-17
196.5,"[0.06062, 0.0456, 0.40988445242080035]",0.0456,0.40988445242080035,-0.049032281478796805,-0.04961778300275901,-0.049178956245640275,0.13759906703302632,0.13885764144014373,0.13794043377988113,0.008579899226146288,0.0075772101859892926,0.00840377725147484,-0.12012352704280686,-0.12312761357972563,-0.1207694770851004,0.028996669987048595,0.02935403229029408,0.029085436375459482,-3.390962451439157e-17,-1.5821625589861318e-18,8.86850722842107e-17
196.52,"[0.06062, 0.0456, 0.40972304474410604]",0.0456,0.40972304474410604,-0.049060149684493966,-0.05002435781536653,-0.049288048392942915,0.13766392671499914,0.1397389407262372,0.13819402500836914,0.008546436047117148,0.006896474143127232,0.008271357453967695,-0.12024625755589227,-0.12519123654682307,-0.12125190430963806,0.029013535600849256,0.029602156792846255,0.029151484754756273,-5.1058667117029284e-17,-1.5979034546248727e-18,9.934335370898827e-17
196.54,"[0.06062, 0.0456, 0.40972304474410604]",0.0456,0.40972304474410604,-0.04909363214583514,-0.05002435781536653,-0.049288048392942915,0.1377418221802402,0.1397389407262372,0.13819402500836914,0.008506088892340651,0.006896474143127232,0.008271357453967695,-0.12039391199394398,-0.12519123654682307,-0.12125190430963806,0.029033801585957475,0.029602156792846255,0.029151484754756273,-9.775612204771796e-17,-1.5979034546248727e-18,9.934335370898827e-17
196.56,"[0.06062, 0.0456, 0.40952257338116826]",0.0456,0.40952257338116826,-0.04913057123278876,-0.05052717652253767,-0.04939124746287884,0.13782774071766526,0.14083016184496724,0.1384331947505445,0.008461489915227098,0.006051887845356815,0.008143994097100954,-0.12055693053897855,-0.12774677893646189,-0.12171124801708028,0.029056161388031788,0.029909186469648966,0.029213986774638972,-4.658524895335413e-17,-1.566051359945751e-18,1.1124806633118144e-16
196.58,"[0.06062, 0.0456, 0.40952257338116826]",0.0456,0.40952257338116826,-0.0491800997165019,-0.05052717652253767,-0.049543827757371366,0.13794277698398233,0.14083016184496724,0.1387869938384644,0.008401165705938223,0.006051887845356815,0.007955343943296094,-0.12077625086486789,-0.12774677893646189,-0.12239081934265689,0.029086148211489703,0.029909186469648966,0.029306419315138364,-6.820987812401201e-17,-1.566051359945751e-18,1.2597238953490678e-16
196.6,"[0.06062, 0.0456, 0.40952257338116826]",0.0456,0.40952257338116826,-0.0492354758177541,-0.05052717652253767,-0.049543827757371366,0.13807133626848458,0.14083016184496724,0.1387869938384644,0.008333438081018938,0.006051887845356815,0.007955343943296094,-0.12102185746139435,-0.12774677893646189,-0.12239081934265689,0.029119680792540573,0.029909186469648966,0.029306419315138364,-1.2799321959573176e-16,-1.566051359945751e-18,1.2597238953490678e-16
196.62,"[0.06062, 0.0456, 0.4092832361730189]",0.0456,0.4092832361730189,-0.04929406268628633,-0.05112436200335161,-0.049754343929582834,0.13820731120686555,0.14212809286044795,0.13927537529845815,0.008261600191032519,0.005044832769008146,0.007694279611733407,-0.12128196022388957,-0.1307869313099817,-0.12332944256274422,0.02915516111183666,0.03027408211025935,0.029433989473218795,-4.883822106777904e-17,-1.5066989655816855e-18,1.456020433995435e-16
196.64,"[0.06062, 0.0456, 0.4092832361730189]",0.0456,0.4092832361730189,-0.0493815161225034,-0.05112436200335161,-0.049949234049421774,0.138410243384332,0.14212809286044795,0.13972908600416764,0.008153809277102627,0.005044832769008146,0.007457109365256409,-0.12167098187332158,-0.1307869313099817,-0.12419197832244747,0.02920813850050178,0.03027408211025935,0.02955204562098311,-1.145959501907629e-16,-1.5066989655816855e-18,1.6656032022839363e-16
196.661,"[0.06062, 0.0456, 0.409005269316587]",0.0456,0.409005269316587,-0.04951958158098677,-0.051813712339041945,-0.049949234049421774,0.1387308991672507,0.14362895716680474,0.13972908600416764,0.007984214385470227,0.003876936547471724,0.007457109365256409,-0.1222843065217079,-0.1343031062238642,-0.12419197832244747,0.029291774782186836,0.03069562259862056,0.02955204562098311,-9.99431746700558e-17,-1.365256493462434e-18,1.6656032022839363e-16
196.681,"[0.06062, 0.0456, 0.409005269316587]",0.0456,0.409005269316587,-0.049626562266562264,-0.051813712339041945,-0.05020270121529343,0.13897993118196167,0.14362895716680474,0.14032285116055732,0.007854064094584452,0.003876936547471724,0.007157106033663964,-0.12275772781317043,-0.1343031062238642,-0.12530161476513152,0.029356576322686352,0.03069562259862056,0.02970554643224071,-1.7762929609472517e-16,-1.365256493462434e-18,1.8860622116222652e-16
196.7,"[0.06062, 0.0456, 0.409005269316587]",0.0456,0.409005269316587,-0.04968417616144057,-0.051813712339041945,-0.05043882992907482,0.13911422317987204,0.14362895716680474,0.14087791003839795,0.00778436828648875,0.003876936547471724,0.006883114192347545,-0.12301211651103035,-0.1343031062238642,-0.12632754904245766,0.029391473333643038,0.03069562259862056,0.029848491800334446,-1.023149753425851e-16,-1.365256493462434e-18,2.165314242762038e-16
196.72,"[0.06062, 0.0456, 0.4086889471316004]",0.0456,0.4086889471316004,-0.04982756037728335,-0.05259272491583433,-0.050734807292206786,0.1394493236830619,0.14532844308333903,0.14157645996103527,0.007613130004734901,0.0025500655838477052,0.006544609075752394,-0.12364204869705982,-0.13828551780812337,-0.12760629847598737,0.029478306842316785,0.03117241739265242,0.03002768504206565,-1.1302862753021787e-16,-1.5027125637308068e-18,2.4027431385684876e-16
196.74,"[0.06062, 0.0456, 0.4086889471316004]",0.0456,0.4086889471316004,-0.04997329932842127,-0.05259272491583433,-0.050734807292206786,0.13979061008289817,0.14532844308333903,0.14157645996103527,0.007440576484825214,0.0025500655838477052,0.006544609075752394,-0.12428016871109741,-0.13828551780812337,-0.12760629847598737,0.02956656130851559,0.03117241739265242,0.03002768504206565,-1.7939220882718658e-16,-1.5027125637308068e-18,2.4027431385684876e-16
196.76,"[0.06062, 0.0456, 0.40833458178986576]",0.0456,0.40833458178986576,-0.05011798584155333,-0.053458622974310914,-0.051003720487648625,0.14012992155984974,0.1472217366948871,0.14220990934996416,0.007270342673302339,0.001066316780010517,0.006233199990918828,-0.12491213337149155,-0.14272326965072496,-0.12877357473333817,0.029654174817892377,0.031702920303608106,0.03019053886760181,-5.961928273798306e-18,-1.4906026698930301e-18,2.594212154286856e-16
196.782,"[0.06062, 0.0456, 0.40833458178986576]",0.0456,0.40833458178986576,-0.050358019930644586,-0.053458622974310914,-0.05133657811521231,0.14069359825109476,0.1472217366948871,0.14299723838553483,0.0069892770008921435,0.001066316780010517,0.005852853175623906,-0.125958583987775,-0.14272326965072496,-0.1302108677702585,0.029799529475366786,0.031702920303608106,0.030392155481408476,4.338531676644494e-17,-1.4906026698930301e-18,2.758830806870921e-16
196.8,"[0.06062, 0.0456, 0.40833458178986576]",0.0456,0.40833458178986576,-0.050455875749078324,-0.053458622974310914,-0.05133657811521231,0.14092396226454917,0.1472217366948871,0.14299723838553483,0.00687563461626157,0.001066316780010517,0.005852853175623906,-0.1263838123686861,-0.14272326965072496,-0.1302108677702585,0.029858792075972113,0.031702920303608106,0.030392155481408476,-1.2693200250930297e-16,-1.4906026698930301e-18,2.758830806870921e-16
196.82,"[0.06062, 0.0456, 0.40794252300719225]",0.0456,0.40794252300719225,-0.05062320919865878,-0.05440838400768797,-0.05173695975869502,0.1413178847276511,0.14930355735878034,0.14394845441003343,0.006681306138746513,-0.0005719915435674259,0.00540168233884259,-0.12711095290005456,-0.14760444917565557,-0.13193034872689502,0.029960131123007144,0.032285444275101285,0.030634726943713907,6.172134390751978e-17,-1.095427651487908e-18,2.9348988270520534e-16
196.84,"[0.06062, 0.0456, 0.40794252300719225]",0.0456,0.40794252300719225,-0.05079878745712885,-0.05440838400768797,-0.052103926995166035,0.14173208352515393,0.14930355735878034,0.14481858878431367,0.006478782988144503,-0.0005719915435674259,0.004982572061872346,-0.12787188482612358,-0.14760444917565557,-0.13351422271434402,0.03006647289733601,0.032285444275101285,0.0308571256846206,-9.242531680604127e-17,-1.095427651487908e-18,3.1613577564380755e-16
196.86,"[0.06062, 0.0456, 0.4075131576982645]",0.0456,0.4075131576982645,-0.051013736918057676,-0.05543876940451239,-0.052103926995166035,0.14224020743077853,0.15156819528415322,0.14481858878431367,0.006232222833177065,-0.002362329455432451,0.004982572061872346,-0.12880138037108277,-0.15291622667076776,-0.13351422271434402,0.030196681040240515,0.03291817685719577,0.0308571256846206,-1.6791007413969607e-16,-9.763747169337335e-19,3.1613577564380755e-16
196.881,"[0.06062, 0.0456, 0.4075131576982645]",0.0456,0.4075131576982645,-0.05130917842897957,-0.05543876940451239,-0.052536713256247994,0.1429389487777671,0.15156819528415322,0.14584512229521965,0.0058935674687529875,-0.002362329455432451,0.004481670763419664,-0.1300785606533454,-0.15291622667076776,-0.13539105614132335,0.030375661538870315,0.03291817685719577,0.031119638302852408,1.578258918383729e-16,-9.763747169337335e-19,3.249250276654371e-16
196.9,"[0.06062, 0.0456, 0.4075131576982645]",0.0456,0.4075131576982645,-0.051431931911676596,-0.05543876940451239,-0.052536713256247994,0.14322956612951762,0.15156819528415322,0.14584512229521965,0.005752377796090743,-0.002362329455432451,0.004481670763419664,-0.13060981020480802,-0.15291622667076776,-0.13539105614132335,0.03045005921526953,0.03291817685719577,0.031119638302852408,-1.0113492969805184e-16,-9.763747169337335e-19,3.249250276654371e-16
196.92,"[0.06062, 0.0456, 0.4070469095948046]",0.0456,0.4070469095948046,-0.05178227046751627,-0.05654635474506632,-0.05304614137105542,0.1440601478323879,0.15400955059080437,0.14706278211372933,0.0053509297398839735,-0.004301965859224315,0.0039108063155670475,-0.13212372877619274,-0.15864495714923962,-0.13757306529480604,0.03066241311668635,0.033599196076649025,0.03142861798964546,-1.6364742487835198e-16,-8.200645057948658e-19,3.536715377151673e-16
196.94,"[0.06062, 0.0456, 0.4070469095948046]",0.0456,0.4070469095948046,-0.05190865755788245,-0.05654635474506632,-0.05350831180917763,0.14436041126059745,0.15400955059080437,0.14815967307910788,0.005206917395468325,-0.004301965859224315,0.0033681611850671627,-0.1326686624307285,-0.15864495714923962,-0.13958763637842403,0.030739033603983192,0.033599196076649025,0.0317092317610826,-1.5120400865217737e-17,-8.200645057948658e-19,3.7188414038794077e-16
196.96,"[0.06062, 0.0456, 0.4065442388273999]",0.0456,0.4065442388273999,-0.05217099652617799,-0.05772756019268582,-0.05350831180917763,0.14498355081930725,0.15662117327180813,0.14815967307910788,0.004906391773319577,-0.006387979482676835,0.0033681611850671627,-0.13380195608833878,-0.1647762833088282,-0.13958763637842403,0.03089811601440444,0.03432648641913361,0.0317092317610826,-1.638386781415784e-16,-9.655181229116225e-19,3.7188414038794077e-16
196.98,"[0.06062, 0.0456, 0.4065442388273999]",0.0456,0.4065442388273999,-0.052425086429971075,-0.05772756019268582,-0.054045163928059074,0.14558701404881758,0.15662117327180813,0.1494388304719958,0.004614127957778655,-0.006387979482676835,0.002741699198131953,-0.134901235348541,-0.1647762833088282,-0.14192148959831993,0.031052228006274923,0.03432648641913361,0.03203536870947374,1.3101010266585452e-16,-9.655181229116225e-19,3.9141683218965594e-16
197.0,"[0.06062, 0.0456, 0.4065442388273999]",0.0456,0.4065442388273999,-0.05273290115458949,-0.05772756019268582,-0.054535453758415335,0.14631885916930626,0.15662117327180813,0.15059985776801071,0.004258366489527371,-0.006387979482676835,0.002146806618015348,-0.1362350836610795,-0.1647762833088282,-0.14408511028430643,0.03123902473988421,0.03432648641913361,0.032333492372102486,-2.299734648875944e-17,-9.655181229116225e-19,4.1102794958293483e-16
197.02,"[0.06062, 0.0456, 0.40600564147140944]",0.0456,0.40600564147140944,-0.053031260064566606,-0.0589786804680746,-0.054535453758415335,0.14702775644650856,0.15939630351459608,0.15059985776801071,0.00391071044223938,-0.008617270308509322,0.002146806618015348,-0.13753186286283178,-0.171295237977729,-0.14408511028430643,0.03142014246037057,0.035097954661523614,0.032333492372102486,-1.8363404140681872e-16,-7.414146278916142e-19,4.1102794958293483e-16
197.04,"[0.06062, 0.0456, 0.40600564147140944]",0.0456,0.40600564147140944,-0.0533170568664234,-0.0589786804680746,-0.0551001115486657,0.14770645569775598,0.15939630351459608,0.15193798472229025,0.0035755687118660686,-0.008617270308509322,0.0014511540596576131,-0.13877697987800758,-0.171295237977729,-0.14659089318647064,0.03159367894360102,0.035097954661523614,0.03267721758040616,1.6481075591439364e-16,-7.414146278916142e-19,4.1404246215865004e-16
197.06,"[0.06062, 0.0456, 0.40543164905739815]",0.0456,0.40543164905739815,-0.05360501805490174,-0.060295913952936216,-0.05574770967379957,0.14839001478661673,0.16232791187682355,0.15348638871059242,0.0032345386542602006,-0.010986571342066005,0.0006796340980753955,-0.14003610295050076,-0.1781863445951069,-0.1494263863132077,0.03176861601584792,0.03591144532037728,0.033071435335759014,-1.2277603874173135e-16,-2.541210515554755e-19,4.495486855875599e-16
197.08,"[0.06062, 0.0456, 0.40543164905739815]",0.0456,0.40543164905739815,-0.05395384563120033,-0.060295913952936216,-0.05634583095858212,0.14921896947330382,0.16232791187682355,0.15491245601281406,0.0028185435811604307,-0.010986571342066005,-4.646769898336621e-05,-0.14156506241309766,-0.1781863445951069,-0.15206432070464687,0.031980672088650346,0.03591144532037728,0.03343571059694309,-3.641020951022449e-16,-2.541210515554755e-19,5.064014858175443e-16
197.1,"[0.06062, 0.0456, 0.40543164905739815]",0.0456,0.40543164905739815,-0.05435449192775289,-0.060295913952936216,-0.05634583095858212,0.15017238585871118,0.16232791187682355,0.15491245601281406,0.002339540595739017,-0.010986571342066005,-4.646769898336621e-05,-0.1433225073983541,-0.1781863445951069,-0.15206432070464687,0.03222434463172039,0.03591144532037728,0.03343571059694309,-4.768860092546151e-16,-2.541210515554755e-19,5.064014858175443e-16
197.12,"[0.06062, 0.0456, 0.40482282804657965]",0.0456,0.40482282804657965,-0.05473284634364359,-0.06167539053515883,-0.057023658872436565,0.15107299918818046,0.16540873886344126,0.15653257927747552,0.001886199015986704,-0.013492460608204419,-0.0008754942895421729,-0.14498345193166182,-0.18543371445830636,-0.15506121470249826,0.03245450416511366,0.036764755514808595,0.03384895507707426,5.238332743633675e-17,-1.7902819339192635e-19,5.494042593153602e-16
197.14,"[0.06062, 0.0456, 0.40482282804657965]",0.0456,0.40482282804657965,-0.05516810072409626,-0.06167539053515883,-0.05764444695298466,0.15211031940525838,0.16540873886344126,0.15800348290158273,0.0013614772840065147,-0.013492460608204419,-0.0016765113875369764,-0.1468982268632205,-0.18543371445830636,-0.1578648835790387,0.032719449838386885,0.036764755514808595,0.034227942943062147,-1.1504741197538582e-16,-1.7902819339192635e-19,5.827254152409788e-16
197.16,"[0.06062, 0.0456, 0.4041797792717877]",0.0456,0.4041797792717877,-0.05558273558031853,-0.06311319787776021,-0.05764444695298466,0.1530976391435095,0.16863133350732387,0.15800348290158273,0.0008563509713157085,-0.016131373269488814,-0.0016765113875369764,-0.14872956144543145,-0.1930211396673721,-0.1578648835790387,0.03297195462033693,0.03765564907625193,0.034227942943062147,-3.2282304894876986e-16,-1.9034715364863064e-19,5.827254152409788e-16
197.18,"[0.06062, 0.0456, 0.4041797792717877]",0.0456,0.4041797792717877,-0.05597446074115848,-0.06311319787776021,-0.058347828338768115,0.15402974945774725,0.16863133350732387,0.1596763999819405,0.0003751071193676008,-0.016131373269488814,-0.002585430435432439,-0.15046527265594364,-0.1930211396673721,-0.16104196334252102,0.03321059240165524,0.03765564907625193,0.03465776609218646,2.4037444316620535e-16,-1.9034715364863064e-19,6.092514955366602e-16
197.2,"[0.06062, 0.0456, 0.4041797792717877]",0.0456,0.4041797792717877,-0.056425400584687715,-0.06311319787776021,-0.058990857565896795,0.15510261305747267,0.16863133350732387,0.16119161393356385,-0.0001873950199709363,-0.016131373269488814,-0.003462538000958499,-0.1524748438914994,-0.1930211396673721,-0.1640116296046998,0.0334855554028565,0.03765564907625193,0.035051287430882934,-2.333754123792671e-18,-1.9034715364863064e-19,6.321827114923438e-16
197.22,"[0.06062, 0.0456, 0.40350313734452686]",0.0456,0.40350313734452686,-0.05685496478066035,-0.06460540586460115,-0.058990857565896795,0.15612315396842041,0.1719880906150993,0.16119161393356385,-0.0007307325093739243,-0.01889961375936526,-0.003462538000958499,-0.15439956321851156,-0.20093218090181741,-0.1640116296046998,0.03374762756769907,0.038581869772592446,0.035051287430882934,-2.7965532261082495e-16,5.645295805628264e-20,6.321827114923438e-16
197.24,"[0.06062, 0.0456, 0.40350313734452686]",0.0456,0.40350313734452686,-0.057260784409888195,-0.06460540586460115,-0.05971940710103239,0.1570861613620142,0.1719880906150993,0.16291724958302825,-0.0012497755565600592,-0.01889961375936526,-0.004451769291789959,-0.15622585583703233,-0.20093218090181741,-0.16736816405109117,0.033995322941704056,0.038581869772592446,0.035497531037464856,3.4599221463931526e-16,5.645295805628264e-20,6.51714410991245e-16
197.26,"[0.06062, 0.0456, 0.4027935700286874]",0.0456,0.4027935700286874,-0.05772792272118988,-0.06614808904466896,-0.0603906005328433,0.1581940681241512,0.17547128640010876,0.16449926101871626,-0.0018581543701844895,-0.021793367827630077,-0.0053891046647214745,-0.158342894402819,-0.20915024936641408,-0.17049708446912643,0.03428074247989843,0.03954115354836243,0.035908980427845565,4.422622397142494e-17,-1.2656847935533115e-19,7.074311193583329e-16
197.28,"[0.06062, 0.0456, 0.4027935700286874]",0.0456,0.4027935700286874,-0.058173424096524436,-0.06614808904466896,-0.06115004726482953,0.15924967374505483,0.17547128640010876,0.16629984800444353,-0.002444674746513512,-0.021793367827630077,-0.006442451150530255,-0.16037058768290824,-0.20915024936641408,-0.17402528139135875,0.03455307724487381,0.03954115354836243,0.03637493028810376,-2.7129048600966453e-16,-1.2656847935533115e-19,7.618386088378993e-16
197.3,"[0.06062, 0.0456, 0.4027935700286874]",0.0456,0.4027935700286874,-0.05867063229260252,-0.06614808904466896,-0.06115004726482953,0.16042715402576802,0.17547128640010876,0.16629984800444353,-0.003109451083510351,-0.021793367827630077,-0.006442451150530255,-0.16264744176963372,-0.20915024936641408,-0.17402528139135875,0.03485729383566371,0.03954115354836243,0.03637493028810376,-5.765241889060326e-16,-1.2656847935533115e-19,7.618386088378993e-16
197.32,"[0.06062, 0.0456, 0.40205177758154287]",0.0456,0.40205177758154287,-0.05914172113736168,-0.0677373469612776,-0.06185005798395281,0.1615429658819561,0.17907311228374673,0.16794993302415015,-0.0037427211000506814,-0.024808714401050196,-0.0074455696285290075,-0.16480923130293695,-0.2176586824355598,-0.17732275146702925,0.0351456447616266,0.0405312397150577,0.03680483446048009,2.754080511252952e-16,-4.0646110247624065e-19,8.433992776839477e-16
197.34,"[0.06062, 0.0456, 0.40205177758154287]",0.0456,0.40205177758154287,-0.05965630513820541,-0.0677373469612776,-0.06263696816110974,0.16276028963914835,0.17907311228374673,0.1698062939867896,-0.004446262324389892,-0.024808714401050196,-0.00859773417801386,-0.16718680013925283,-0.2176586824355598,-0.1810620685916198,0.03546089080440785,0.0405312397150577,0.037288940992358965,7.471875955127642e-17,-4.0646110247624065e-19,8.658111914576847e-16
197.36,"[0.06062, 0.0456, 0.40127849206268096]",0.0456,0.40127849206268096,-0.06015180919659268,-0.06936932231112937,-0.06263696816110974,0.16393195797872462,0.1827857067030935,0.1698062939867896,-0.00513134717108568,-0.027941637169235034,-0.00859773417801386,-0.1694865626091181,-0.22644081270429675,-0.1810620685916198,0.03576465075224834,0.04154988105524578,0.037288940992358965,-3.847839020637092e-16,-2.757109044122868e-19,8.658111914576847e-16
197.38,"[0.06062, 0.0456, 0.40127849206268096]",0.0456,0.40127849206268096,-0.06062398939988531,-0.06936932231112937,-0.06351500832074874,0.16504808182050804,0.1827857067030935,0.17189978862028205,-0.005789960706242456,-0.027941637169235034,-0.009843863480366028,-0.17168590875099257,-0.22644081270429675,-0.18517629538960448,0.03605426589786799,0.04154988105524578,0.03782920826728246,5.182658683150963e-16,-2.757109044122868e-19,9.385662975712312e-16
197.4,"[0.06062, 0.0456, 0.4004744766115489]",0.0456,0.4004744766115489,-0.06140745552743826,-0.06936932231112937,-0.06431393269546402,0.16690489436353487,0.1827857067030935,0.17377994209607822,-0.006888568363657027,-0.027941637169235034,-0.011062057116393438,-0.175341803537439,-0.22644081270429675,-0.18903858356788716,0.03653527527997685,0.04154988105524578,0.038321919346099104,5.417037171990188e-16,-2.757109044122868e-19,9.61787148677902e-16
197.42,"[0.06062, 0.0456, 0.4004744766115489]",0.0456,0.4004744766115489,-0.06169810324420781,-0.07104021692970457,-0.06431393269546402,0.1675923991368496,0.1866011848154653,0.17377994209607822,-0.007305917241068658,-0.031188035814503454,-0.011062057116393438,-0.17671148154315855,-0.23548003031460388,-0.18903858356788716,0.036713939686588135,0.04259485283042486,0.038321919346099104,-3.9668193670456524e-16,-9.622046613956644e-19,9.61787148677902e-16
197.44,"[0.06062, 0.0456, 0.4004744766115489]",0.0456,0.4004744766115489,-0.06219511083998128,-0.07104021692970457,-0.06520198761180496,0.16876803229936937,0.1866011848154653,0.1758839899830228,-0.008019583821250403,-0.031188035814503454,-0.012404235774692518,-0.17905363093308224,-0.23548003031460388,-0.19331233623235705,0.037019455821893116,0.04259485283042486,0.03887006754692051,6.273552551445046e-16,-9.622046613956644e-19,9.815395963467209e-16
197.46,"[0.06062, 0.0456, 0.399640524694327]",0.0456,0.399640524694327,-0.06276641742661107,-0.0727463056432795,-0.06601941823940076,0.17012006425945522,0.19051166603832356,0.17781082903431222,-0.008852667696400694,-0.034543736814208116,-0.013674055899416542,-0.18176278494511258,-0.24475983856585715,-0.1972945697548861,0.03737107204964594,0.04366396070519796,0.03937509282612107,1.294024476844931e-16,-8.500560799327007e-19,1.0615693230858546e-15
197.48,"[0.06062, 0.0456, 0.399640524694327]",0.0456,0.399640524694327,-0.06338448758103349,-0.0727463056432795,-0.06692730230940633,0.17158130956689036,0.19051166603832356,0.17996322268327627,-0.009768731458951494,-0.034543736814208116,-0.01508011471402343,-0.18471382406415118,-0.24475983856585715,-0.20170861559171557,0.03775183599717358,0.04366396070519796,0.03993659962752972,-1.0331200766040258e-16,-8.500560799327007e-19,1.1097545510611634e-15
197.5,"[0.06062, 0.0456, 0.399640524694327]",0.0456,0.399640524694327,-0.06397591281310212,-0.0727463056432795,-0.06776277148106928,0.17298015763079147,0.19051166603832356,0.1819321759409035,-0.010651348988126036,-0.034543736814208116,-0.016414951072677677,-0.18754557033424823,-0.24475983856585715,-0.20582814657876733,0.03811640547481149,0.04366396070519796,0.0404538786108798,-6.643280850043367e-16,-8.500560799327007e-19,1.210288584517251e-15
197.52,"[0.06062, 0.0456, 0.3987774593208733]",0.0456,0.3987774593208733,-0.06462022373455517,-0.0744839480638372,-0.06776277148106928,0.1745038353167446,0.19450929940529202,0.1819321759409035,-0.011626298115912707,-0.03800450375441967,-0.016414951072677677,-0.19064850203706032,-0.254263902937264,-0.20582814657876733,0.03851397026215972,0.044755047619131134,0.0404538786108798,-9.286062676754993e-16,-9.864534755927244e-19,1.210288584517251e-15
197.54,"[0.06062, 0.0456, 0.3987774593208733]",0.0456,0.3987774593208733,-0.06521730780643127,-0.0744839480638372,-0.06868963452479936,0.17591522003563226,0.19450929940529202,0.18412843132182402,-0.012536142181632428,-0.03800450375441967,-0.017894965972839873,-0.19353263450527017,-0.254263902937264,-0.21039407491335177,0.03888255284841285,0.044755047619131134,0.04102842272920443,5.490459343110908e-16,-9.864534755927244e-19,1.2629290185356292e-15
197.564,"[0.06062, 0.0456, 0.39788613223251224]",0.0456,0.39788613223251224,-0.06615830834711693,-0.07624959843142654,-0.06970398103351724,0.17814100029455301,0.19858628675554102,0.1865466417845046,-0.013988383434773558,-0.04156604710469144,-0.019508622358402394,-0.19810208486334233,-0.2639760937476181,-0.21537897227548536,0.039464083586101505,0.045865999652719,0.04165787894307565,7.974622391987905e-16,-1.5096484425942665e-18,1.2949601024671903e-15
197.58,"[0.06062, 0.0456, 0.39788613223251224]",0.0456,0.39788613223251224,-0.06683198615751523,-0.07624959843142654,-0.06970398103351724,0.17973807217786833,0.19858628675554102,0.1865466417845046,-0.01503722883434261,-0.04156604710469144,-0.019508622358402394,-0.20138469347687396,-0.2639760937476181,-0.21537897227548536,0.039880904703922,0.045865999652719,0.04165787894307565,1.8335364882997927e-16,-1.5096484425942665e-18,1.2949601024671903e-15
197.6,"[0.06062, 0.0456, 0.39788613223251224]",0.0456,0.39788613223251224,-0.06711918564513446,-0.07624959843142654,-0.07062885563589695,0.18041892913869575,0.19858628675554102,0.18872938798931366,-0.015484368188847587,-0.04156604710469144,-0.021058212161258968,-0.2027841213595341,-0.2639760937476181,-0.2200341294530241,0.04005860212783482,0.045865999652719,0.04223290234266944,8.94519150317955e-16,-1.5096484425942665e-18,1.317262520202813e-15
197.62,"[0.06062, 0.0456, 0.3969674230614688]",0.0456,0.3969674230614688,-0.06807030621264132,-0.07803981362959327,-0.07164237945315928,0.182671063487604,0.20273490380441017,0.1911376652999581,-0.016994879911139325,-0.04522403341447944,-0.02274521254470843,-0.2074588735603902,-0.27388052275461705,-0.22511620035600777,0.04064783748604763,0.0469947509453672,0.042863669142416454,1.0750002144394509e-15,-1.66020397859743e-18,1.3258598141657652e-15
197.641,"[0.06062, 0.0456, 0.3969674230614688]",0.0456,0.3969674230614688,-0.06874900012832466,-0.07803981362959327,-0.07257381901695845,0.1842797178321974,0.20273490380441017,0.1933383641949505,-0.018087443115620883,-0.04522403341447944,-0.024340589565911227,-0.21081376565680562,-0.27388052275461705,-0.22984983636048398,0.04106884550075204,0.0469947509453672,0.04344398973712381,3.4926997464717403e-16,-1.66020397859743e-18,1.4228752182730214e-15
197.661,"[0.06062, 0.0456, 0.3960222384627778]",0.0456,0.3960222384627778,-0.06947571571715938,-0.07985125951402917,-0.0736001438892346,0.1860008606413877,0.20694751916807475,0.1957903355255846,-0.01927554094526956,-0.04897409390241907,-0.026051835166950116,-0.21443061909577218,-0.28396157405374545,-0.2349961692009203,0.0415201229056566,0.04813928773152871,0.04408360447290038,8.528650601905807e-18,-1.6216933414500095e-18,1.572021611318237e-15
197.68,"[0.06062, 0.0456, 0.3960222384627778]",0.0456,0.3960222384627778,-0.06988815853432911,-0.07985125951402917,-0.0736001438892346,0.18697980812989615,0.20694751916807475,0.1957903355255846,-0.01995317036966353,-0.04897409390241907,-0.026051835166950116,-0.21648717410900573,-0.28396157405374545,-0.2349961692009203,0.04177647106237754,0.04813928773152871,0.04408360447290038,-1.4672817087340661e-15,-1.6216933414500095e-18,1.572021611318237e-15
197.7,"[0.06062, 0.0456, 0.3960222384627778]",0.0456,0.3960222384627778,-0.0705934357518019,-0.07985125951402917,-0.07453616466318201,0.18865380833542048,0.20694751916807475,0.19799798410014982,-0.02111191668522529,-0.04897409390241907,-0.027713457850244337,-0.2200038831818638,-0.28396157405374545,-0.23983145557247318,0.04221482641036993,0.04813928773152871,0.04466834691740097,7.013854468435531e-16,-1.6216933414500095e-18,1.645253402336931e-15
197.72,"[0.06062, 0.0456, 0.39505151121952453]",0.0456,0.39505151121952453,-0.07134255424496103,-0.08168071570330908,-0.07556142963319937,0.19042920173100622,0.21121661143454404,0.2004309528483876,-0.022366209510703734,-0.05281183241976632,-0.029529913692289852,-0.2237711219413749,-0.29420392967703196,-0.24511860399724297,0.04268099530669859,0.04929765156643812,0.045309616696495233,3.214081472186414e-16,-1.643518875014476e-18,1.6618589331119937e-15
197.74,"[0.06062, 0.0456, 0.39505151121952453]",0.0456,0.39505151121952453,-0.07205186672140834,-0.08168071570330908,-0.07650160445190521,0.19211056725623904,0.21121661143454404,0.20264661228531486,-0.02356383228358492,-0.05281183241976632,-0.031251273986427096,-0.22735130017904184,-0.29420392967703196,-0.250044995866699,0.04312271909063375,0.04929765156643812,0.04589846285846196,-5.784770538591129e-16,-1.643518875014476e-18,1.7648867799433233e-15
197.76,"[0.06062, 0.0456, 0.3940561993223008]",0.0456,0.3940561993223008,-0.0728127011565132,-0.08352507898438075,-0.07650160445190521,0.1939130064627347,0.2155347843878232,0.20264661228531486,-0.024869523784806807,-0.056732832778769324,-0.031251273986427096,-0.23121972709674946,-0.30459259031709884,-0.250044995866699,0.04359711425193593,0.05046794181568546,0.04589846285846196,-1.0113606005756689e-15,-1.8813663236763057e-18,1.7648867799433233e-15
197.78,"[0.06062, 0.0456, 0.3940561993223008]",0.0456,0.3940561993223008,-0.07351359278267454,-0.08352507898438075,-0.07753129388259411,0.19557239156938272,0.2155347843878232,0.20508818797833256,-0.026082056327299916,-0.056732832778769324,-0.03313350535935794,-0.2347965281684956,-0.30459259031709884,-0.2554318476663997,0.0440343704871668,0.05046794181568546,0.0465441770825994,1.3219888419064222e-15,-1.8813663236763057e-18,1.7900186896671473e-15
197.8,"[0.06062, 0.0456, 0.39303728502378366]",0.0456,0.39303728502378366,-0.0746023897807629,-0.08352507898438075,-0.0784628281352055,0.19815117239666835,0.2155347843878232,0.20726817607702688,-0.027992999021010444,-0.056732832778769324,-0.03493981799311701,-0.2403886997601147,-0.30459259031709884,-0.26045037002217314,0.04471452807451535,0.05046794181568546,0.04712980866927056,1.6766649827937777e-15,-1.8813663236763057e-18,1.7750451347705687e-15
197.82,"[0.06062, 0.0456, 0.39303728502378366]",0.0456,0.39303728502378366,-0.07498843361618693,-0.08538136548514312,-0.0784628281352055,0.19906287276484905,0.2198947805020864,0.20726817607702688,-0.028687680920404524,-0.06073266544532009,-0.03493981799311701,-0.24239486678905348,-0.31511289161380585,-0.26045037002217314,0.044956056133985976,0.051648317483535315,0.04712980866927056,-2.2904129575224867e-16,-1.6603868365886859e-18,1.7750451347705687e-15
197.84,"[0.06062, 0.0456, 0.39303728502378366]",0.0456,0.39303728502378366,-0.07564856857483244,-0.08538136548514312,-0.07948454974135578,0.20062188039452689,0.2198947805020864,0.20967982588039402,-0.02987558696849286,-0.06073266544532009,-0.03689907209518236,-0.24582541240884478,-0.31511289161380585,-0.26591937201365085,0.04536906911567928,0.051648317483535315,0.04777269904785391,2.03138579281064e-15,-1.6603868365886859e-18,1.7241384912152831e-15
197.86,"[0.06062, 0.0456, 0.3919957738693708]",0.0456,0.3919957738693708,-0.07668811947096862,-0.0872467117628336,-0.08059266416448978,0.20307658362167513,0.2242894928288148,0.21231808290372375,-0.031778951443940356,-0.0648068936029426,-0.03899756910634234,-0.25127087546948457,-0.32575051644184105,-0.2718086963059827,0.04602045282728259,0.0528369984538503,0.04847049976670824,2.0997909267983993e-15,-1.6953586547263973e-18,1.6715464116250207e-15
197.88,"[0.06062, 0.0456, 0.3919957738693708]",0.0456,0.3919957738693708,-0.07707857394028649,-0.0872467117628336,-0.08059266416448978,0.204000733550007,0.2242894928288148,0.21231808290372375,-0.03250081321244204,-0.0648068936029426,-0.03899756910634234,-0.2533246575558751,-0.32575051644184105,-0.2718086963059827,0.04626545752121923,0.0528369984538503,0.04847049976670824,-4.392284151976744e-16,-1.6953586547263973e-18,1.6715464116250207e-15
197.9,"[0.06062, 0.0456, 0.3919957738693708]",0.0456,0.3919957738693708,-0.07774625108291601,-0.0872467117628336,-0.08159593606406691,0.20558102992758842,0.2242894928288148,0.21468176677513506,-0.03373519683663582,-0.0648068936029426,-0.04099008930535504,-0.25683662492394077,-0.32575051644184105,-0.2772703243334988,0.046684415547849606,0.0528369984538503,0.04910364539490895,2.0139032496197462e-15,-1.6953586547263973e-18,1.6307984582467293e-15
197.92,"[0.06062, 0.0456, 0.3909326937048284]",0.0456,0.3909326937048284,-0.07847769122932942,-0.0891183749507685,-0.08268689740470153,0.2073101699289573,0.22871197540252097,0.217275452175918,-0.035113626410015246,-0.06895107860186404,-0.043126229936049726,-0.2607190278171644,-0.33649150362967983,-0.2831613845323165,0.04714406921877827,0.054032266215045366,0.049792600046828846,1.0085748336186518e-15,-1.8623233291296e-18,1.5817089823512096e-15
197.94,"[0.06062, 0.0456, 0.3909326937048284]",0.0456,0.3909326937048284,-0.07917925388197533,-0.0891183749507685,-0.08268689740470153,0.20897014187012924,0.22871197540252097,0.217275452175918,-0.03644376842755973,-0.06895107860186404,-0.043126229936049726,-0.2644528801805421,-0.33649150362967983,-0.2831613845323165,0.04758528415742187,0.054032266215045366,0.049792600046828846,-5.454240664287192e-16,-1.8623233291296e-18,1.5817089823512096e-15
197.96,"[0.06062, 0.0456, 0.3898490936619317]",0.0456,0.3898490936619317,-0.07984570615132233,-0.09099373209793273,-0.08367311336264135,0.21054815082861342,0.23315545229051488,0.21959426065735196,-0.0377134361186124,-0.07316078481265621,-0.045152731585798335,-0.2680074960129722,-0.3473222535255255,-0.2886203821168688,0.048004674176394764,0.0552324641370516,0.05041680948246956,2.0722352780633772e-15,-1.0630645695817529e-18,1.5420064563751871e-15
197.98,"[0.06062, 0.0456, 0.3898490936619317]",0.0456,0.3898490936619317,-0.08057291352146934,-0.09099373209793273,-0.08367311336264135,0.2122669116964248,0.23315545229051488,0.21959426065735196,-0.03912690226176281,-0.07316078481265621,-0.045152731585798335,-0.2719239443781598,-0.3473222535255255,-0.2886203821168688,0.04846297988453454,0.0552324641370516,0.05041680948246956,1.0201267909260506e-15,-1.0630645695817529e-18,1.5420064563751871e-15
198.0,"[0.06062, 0.0456, 0.3898490936619317]",0.0456,0.3898490936619317,-0.08116195149131658,-0.09099373209793273,-0.08473731522709785,0.21365910799938612,0.23315545229051488,0.2221093322655159,-0.04027180983782543,-0.07316078481265621,-0.047345347251181606,-0.275096267554127,-0.3473222535255255,-0.29451406190855733,0.0488342075081265,0.0552324641370516,0.05109134846963602,3.202178856003873e-15,-1.0630645695817529e-18,1.3670117351721655e-15
198.021,"[0.06062, 0.0456, 0.38874604312309835]",0.0456,0.38874604312309835,-0.08213087506371654,-0.09287027882657008,-0.08588865476493553,0.21594911877602588,0.23761332540962818,0.22485965291989887,-0.04218873848322864,-0.07743158390870149,-0.04966638374867791,-0.2803584898320555,-0.3582295308057669,-0.30081306102601096,0.04944589270867269,0.05643599736407131,0.051821315293072046,2.5952548397512533e-15,-1.6146423825318251e-18,1.2705115133388845e-15
198.04,"[0.06062, 0.0456, 0.38874604312309835]",0.0456,0.38874604312309835,-0.08250665303380515,-0.09287027882657008,-0.08588865476493553,0.2168401721905614,0.23761332540962818,0.22485965291989887,-0.042936503012098164,-0.07743158390870149,-0.04966638374867791,-0.2824039469542238,-0.3582295308057669,-0.30081306102601096,0.0496834349671043,0.05643599736407131,0.051821315293072046,-6.905015928098735e-16,-1.6146423825318251e-18,1.2705115133388845e-15
198.06,"[0.06062, 0.0456, 0.38762463066603736]",0.0456,0.38762463066603736,-0.08314923336274552,-0.09474562742277996,-0.08693139540242122,0.2183638735295322,0.24207918122838012,0.2273281444841271,-0.0442151803566291,-0.08175905860558133,-0.05185311559882418,-0.28590167863352983,-0.3692004648976529,-0.306636055123827,0.05008963222902049,0.057641332382214826,0.05248370483548491,2.0826271390462157e-15,-1.284266305595616e-18,1.2378551620576514e-15
198.08,"[0.06062, 0.0456, 0.38762463066603736]",0.0456,0.38762463066603736,-0.08386784415027645,-0.09474562742277996,-0.08806071873564847,0.22006708501126862,0.24207918122838012,0.2300280866383155,-0.04566638805715744,-0.08175905860558133,-0.05417824992236459,-0.28984121017219355,-0.3692004648976529,-0.3128764150957109,0.05054450602423112,0.057641332382214826,0.05320137109783122,7.016220197575902e-16,-1.284266305595616e-18,1.2213699056772134e-15
198.1,"[0.06062, 0.0456, 0.38762463066603736]",0.0456,0.38762463066603736,-0.08456285122148754,-0.09474562742277996,-0.08806071873564847,0.22171668052687915,0.24207918122838012,0.2300280866383155,-0.04707437972697496,-0.08175905860558133,-0.05417824992236459,-0.29365626671568285,-0.3692004648976529,-0.3128764150957109,0.050984720424585676,0.057641332382214826,0.05320137109783122,-1.2616833665634667e-15,-1.284266305595616e-18,1.2213699056772134e-15
198.12,"[0.06062, 0.0456, 0.386485962989454]",0.0456,0.386485962989454,-0.08522744604920367,-0.0966175044646082,-0.08927121083223437,0.223295847688459,0.246546796467207,0.2329475716226451,-0.04842411506876891,-0.08613880588851713,-0.05663252462351829,-0.2973080949136063,-0.3802225483616977,-0.3195060180708092,0.051405884052482476,0.05884699631615191,0.05397100125991351,1.845264058466571e-15,-1.4044829015479272e-18,1.2355501722949663e-15
198.14,"[0.06062, 0.0456, 0.386485962989454]",0.0456,0.386485962989454,-0.08588681706925971,-0.0966175044646082,-0.08927121083223437,0.22486692158770663,0.246546796467207,0.2329475716226451,-0.049762828165682664,-0.08613880588851713,-0.05663252462351829,-0.30092903605122145,-0.3802225483616977,-0.3195060180708092,0.05182398960728722,0.05884699631615191,0.05397100125991351,-7.964062441778234e-16,-1.4044829015479272e-18,1.2355501722949663e-15
198.16,"[0.06062, 0.0456, 0.38533116382087207]",0.0456,0.38533116382087207,-0.08652985188425014,-0.09848374808152754,-0.09035910161879739,0.22640224509475967,0.25101014290238394,0.2355402835758917,-0.05106807049738441,-0.09056643976121041,-0.05895756912011993,-0.3044586626406839,-0.3912836335516663,-0.32563046857008504,0.05223192182126502,0.06005157600382758,0.05466451525653631,2.224810496148137e-15,-1.4395480530073155e-18,1.2035159765230248e-15
198.18,"[0.06062, 0.0456, 0.38533116382087207]",0.0456,0.38533116382087207,-0.08725740933380555,-0.09848374808152754,-0.09152953625815993,0.2281384724065554,0.25101014290238394,0.23835524225524793,-0.05256707524033599,-0.09056643976121041,-0.061418067666280454,-0.30848130577283933,-0.3912836335516663,-0.33215620712227195,0.05269411457394547,0.06005157600382758,0.05541094590518988,5.81243052546524e-16,-1.4395480530073155e-18,1.2030781728128707e-15
198.2,"[0.06062, 0.0456, 0.38533116382087207]",0.0456,0.38533116382087207,-0.08796377433187028,-0.09848374808152754,-0.09152953625815993,0.2298263123970314,0.25101014290238394,0.23835524225524793,-0.05402731893677565,-0.09056643976121041,-0.061418067666280454,-0.3123922205650859,-0.3912836335516663,-0.33215620712227195,0.05314313376848127,0.06005157600382758,0.05541094590518988,-1.6640878218071105e-15,-1.4395480530073155e-18,1.2030781728128707e-15
198.22,"[0.06062, 0.0456, 0.3841613728076504]",0.0456,0.3841613728076504,-0.08864126909789083,-0.10034230492882974,-0.09277666895926533,0.23144680907051796,0.25546339137155466,0.24137872803704086,-0.05543156120018679,-0.09503759355101127,-0.06400551736834134,-0.31614737801674636,-0.4023719278419516,-0.3390550802254623,0.053574018074432336,0.06125371689325085,0.056206711105355675,1.8135227388244508e-15,-9.259098934786278e-19,1.2414147073889394e-15
198.24,"[0.06062, 0.0456, 0.3841613728076504]",0.0456,0.3841613728076504,-0.08942699507153416,-0.10034230492882974,-0.09390740875745433,0.23333387367453098,0.25546339137155466,0.2440953703364015,-0.05706061287688895,-0.09503759355101127,-0.0664468439394277,-0.32049984144201416,-0.4023719278419516,-0.34544279298302183,0.054074229750284114,0.06125371689325085,0.056929686672312275,-1.0751220687661e-16,-9.259098934786278e-19,1.3092782429073218e-15
198.261,"[0.06062, 0.0456, 0.3829777443922884]",0.0456,0.3829777443922884,-0.09054959725676756,-0.10219122695046245,-0.09390740875745433,0.2360301912442315,0.25990091507056756,0.2440953703364015,-0.059406534049407954,-0.09954792180630556,-0.0664468439394277,-0.32674197658438703,-0.4134759876842702,-0.34544279298302183,0.05478949755519482,0.06245212180044585,0.056929686672312275,9.023499368215301e-17,-7.698027790891844e-19,1.3092782429073218e-15
198.28,"[0.06062, 0.0456, 0.3829777443922884]",0.0456,0.3829777443922884,-0.09088537840684953,-0.10219122695046245,-0.09511415781633821,0.23683670915367913,0.25990091507056756,0.2470154239131975,-0.06011056504098775,-0.09954792180630556,-0.06902772421450278,-0.3286120582273273,-0.4134759876842702,-0.35221897218691034,0.05500351646689271,0.06245212180044585,0.05770179197479174,1.840458440757247e-15,-7.698027790891844e-19,1.3614723728000805e-15
198.3,"[0.06062, 0.0456, 0.3829777443922884]",0.0456,0.3829777443922884,-0.09168884649463932,-0.10219122695046245,-0.0962054084271005,0.23877066495838234,0.25990091507056756,0.2496282677480674,-0.0618048252887743,-0.09954792180630556,-0.07146823412385057,-0.3330973718853077,-0.4134759876842702,-0.3584950188440827,0.05551618881336736,0.06245212180044585,0.05840164355203698,5.035912198030854e-17,-7.698027790891844e-19,1.4127794866231e-15
198.32,"[0.06062, 0.0456, 0.3817814466731309]",0.0456,0.3817814466731309,-0.09244878070682953,-0.10402866799438243,-0.0962054084271005,0.24059845354369563,0.2643172922228404,0.2496282677480674,-0.06342122708038687,-0.10409310182246273,-0.07146823412385057,-0.33735808061397743,-0.42458471172845236,-0.3584950188440827,0.05600143857173583,0.06364554956294492,0.05840164355203698,-1.7937940718878494e-15,-1.211439207753696e-18,1.4127794866231e-15
198.34,"[0.06062, 0.0456, 0.3817814466731309]",0.0456,0.3817814466731309,-0.09316253997370652,-0.10402866799438243,-0.09737293146327797,0.24231411824297455,0.2643172922228404,0.2524440105622797,-0.06495015842363944,-0.10409310182246273,-0.0740552359723478,-0.34137409888359993,-0.42458471172845236,-0.3651693312956214,0.0564574775179641,0.06364554956294492,0.059150929476992055,2.264135593146361e-15,-1.211439207753696e-18,1.4302999180246556e-15
198.36,"[0.06062, 0.0456, 0.3805736602515959]",0.0456,0.3805736602515959,-0.09396251435671554,-0.10585288033567405,-0.0986112805893282,0.24423879778405608,0.2687073081939775,0.2554508181850484,-0.06668012316278257,-0.10866883483275605,-0.07677647763219027,-0.34589519304758953,-0.43568733321619846,-0.3722095848026024,0.056969233390150614,0.06483281361876476,0.05994623697356554,4.479476595939895e-16,-1.844850744487142e-18,1.4489715114773764e-15
198.381,"[0.06062, 0.0456, 0.3805736602515959]",0.0456,0.3805736602515959,-0.09512202372654023,-0.10585288033567405,-0.0986112805893282,0.24703370389588583,0.2687073081939775,0.2554508181850484,-0.06919581465664178,-0.10866883483275605,-0.07677647763219027,-0.3524561326873842,-0.43568733321619846,-0.3722095848026024,0.057711581453990274,0.06483281361876476,0.05994623697356554,2.888432676063037e-16,-1.844850744487142e-18,1.4489715114773764e-15
198.4,"[0.06062, 0.0456, 0.3805736602515959]",0.0456,0.3805736602515959,-0.09547094941283196,-0.10585288033567405,-0.0997309601068452,0.247875415325044,0.2687073081939775,0.2581417276328381,-0.0699538809568779,-0.10866883483275605,-0.07934624211439288,-0.35443147790204,-0.43568733321619846,-0.3787268593470235,0.05793504700593091,0.06483281361876476,0.06066706051006073,2.2945883385064816e-15,-1.844850744487142e-18,1.47886546626275e-15
198.42,"[0.06062, 0.0456, 0.37935557706706363]",0.0456,0.37935557706706363,-0.09628035144468944,-0.10766221115451381,-0.10092161393131197,0.2498260146639589,0.2730659571159019,0.26102200104157924,-0.07173842958176606,-0.11327084690033115,-0.08205904156115139,-0.3590476003823425,-0.446773411832047,-0.3856222657118596,0.05845412957168396,0.06601278053664637,0.06143414700154717,6.264402969311468e-16,-1.444692405766284e-18,1.478232667291409e-15
198.44,"[0.06062, 0.0456, 0.37935557706706363]",0.0456,0.37935557706706363,-0.09744169061878283,-0.10766221115451381,-0.10092161393131197,0.2526268248268148,0.2730659571159019,0.26102200104157924,-0.07431557868020502,-0.11327084690033115,-0.08205904156115139,-0.3656908067794133,-0.446773411832047,-0.3856222657118596,0.05919958028931897,0.06601278053664637,0.06143414700154717,6.160315223944169e-16,-1.444692405766284e-18,1.478232667291409e-15
198.46,"[0.06062, 0.0456, 0.37812839922057634]",0.0456,0.37812839922057634,-0.09778968295004792,-0.10945509900861328,-0.1019951695306312,0.25346634244853744,0.27738844307657756,0.26358924857905397,-0.0750899249710369,-0.11789488954675267,-0.08462196727100066,-0.36768395267582066,-0.45783282517293244,-0.3920017577172805,0.05942303696052326,0.06718436851951665,0.06212763963350326,2.7025937821731853e-15,-1.8050460039121106e-18,1.4742583367897865e-15
198.48,"[0.06062, 0.0456, 0.37812839922057634]",0.0456,0.37812839922057634,-0.09858872540035697,-0.10945509900861328,-0.10314049727902028,0.2553896946137873,0.27738844307657756,0.2663474671665389,-0.07690101301306704,-0.11789488954675267,-0.08733220241300325,-0.37230433563950194,-0.45783282517293244,-0.39876687248376025,0.059936911468354885,0.06718436851951665,0.06286797403964552,1.02889440863429e-15,-1.8050460039121106e-18,1.431460581660953e-15
198.5,"[0.06062, 0.0456, 0.37812839922057634]",0.0456,0.37812839922057634,-0.09935048255993735,-0.10945509900861328,-0.10314049727902028,0.2572234317263798,0.27738844307657756,0.2663474671665389,-0.07863901784132234,-0.11789488954675267,-0.08733220241300325,-0.3767233573167036,-0.45783282517293244,-0.39876687248376025,0.060427183260311906,0.06718436851951665,0.06286797403964552,-1.5647373894122688e-15,-1.8050460039121106e-18,1.431460581660953e-15
198.52,"[0.06062, 0.0456, 0.37686856450653056]",0.0456,0.37686856450653056,-0.10007058535658489,-0.11126591502395795,-0.10435605278998139,0.25895699846048276,0.28175682553035925,0.269295356752888,-0.0802907229152543,-0.12263010394437117,-0.09018153106915025,-0.38091162520451216,-0.46907787040237375,-0.40590106122811176,0.06089093350834696,0.06836998930169226,0.06365416598722826,3.1455363398056263e-15,-2.601104107674795e-18,1.392863642142937e-15
198.54,"[0.06062, 0.0456, 0.37686856450653056]",0.0456,0.37686856450653056,-0.10088482416891967,-0.11126591502395795,-0.10435605278998139,0.2609212865364849,0.28175682553035925,0.269295356752888,-0.08216997646965118,-0.12263010394437117,-0.09018153106915025,-0.3856596180548367,-0.46907787040237375,-0.40590106122811176,0.06141594767929652,0.06836998930169226,0.06365416598722826,7.682502548048636e-16,-2.601104107674795e-18,1.392863642142937e-15
198.56,"[0.06062, 0.0456, 0.37565161162738553]",0.0456,0.37565161162738553,-0.10154435760694137,-0.11298526944082835,-0.10545255966241786,0.2625123598780792,0.28590529286275945,0.271926007010966,-0.08369217184892243,-0.12719170667642044,-0.09286651445437823,-0.3895054922638469,-0.4798307579105901,-0.4124952047576514,0.06184120915776312,0.06949806643716455,0.06436521772075289,4.834992315097037e-15,-2.059586876095986e-18,1.3749005021357386e-15
198.58,"[0.06062, 0.0456, 0.37565161162738553]",0.0456,0.37565161162738553,-0.10228691599747719,-0.11298526944082835,-0.10660180269289515,0.264300952833792,0.28590529286275945,0.2746905617391239,-0.08543529694914045,-0.12719170667642044,-0.09570004744674265,-0.3938735376435362,-0.4798307579105901,-0.4194255891370872,0.06232077078469145,0.06949806643716455,0.06511159348926332,2.2407154167578494e-15,-2.059586876095986e-18,1.2090740148987477e-15
198.6,"[0.06062, 0.0456, 0.37565161162738553]",0.0456,0.37565161162738553,-0.10300331259685364,-0.11298526944082835,-0.10660180269289515,0.2660261686007339,0.28590529286275945,0.2746905617391239,-0.08713058157954175,-0.12719170667642044,-0.09570004744674265,-0.3981046928389958,-0.4798307579105901,-0.4194255891370872,0.06278385327935375,0.06949806643716455,0.06511159348926332,-1.1182473222714544e-15,-2.059586876095986e-18,1.2090740148987477e-15
198.62,"[0.06062, 0.0456, 0.3743794558264182]",0.0456,0.3743794558264182,-0.10368702571512031,-0.1147557938690253,-0.10781852333376658,0.26767240329751013,0.29017878571588274,0.277639794530656,-0.08875878009979274,-0.13195081501004718,-0.09866173091297997,-0.40215566314178147,-0.49097426708830844,-0.4267014702175052,0.06322612391919277,0.07066177290116887,0.06590202341096028,3.638601509661964e-15,-2.2522998712821947e-18,1.122116778646695e-15
198.64,"[0.06062, 0.0456, 0.3743794558264182]",0.0456,0.3743794558264182,-0.10447201026265271,-0.1147557938690253,-0.10891599539568403,0.2695662076322698,0.29017878571588274,0.2802729520970664,-0.09064034075959006,-0.13195081501004718,-0.10144296947573263,-0.4068193664920752,-0.49097426708830844,-0.43341581835682197,0.06373454482258552,0.07066177290116887,0.06661678481727464,7.927106147576565e-16,-2.2522998712821947e-18,1.1018912737781067e-15
198.66,"[0.06062, 0.0456, 0.3731530722211173]",0.0456,0.3731530722211173,-0.10521759495235014,-0.11643354844398762,-0.10891599539568403,0.2713635049000821,0.29422673931799953,0.2802729520970664,-0.09244252875027406,-0.1365268327217092,-0.10144296947573263,-0.4112684010197341,-0.5016101538302602,-0.43341581835682197,0.0642178418949644,0.07176676444762937,0.06661678481727464,-1.972924328522648e-15,-2.144265405442792e-18,1.1018912737781067e-15
198.68,"[0.06062, 0.0456, 0.3731530722211173]",0.0456,0.3731530722211173,-0.10592029103660167,-0.11643354844398762,-0.11007322667172108,0.27305629986799734,0.29422673931799953,0.28306691109052917,-0.09415261249370854,-0.1365268327217092,-0.10435105629185203,-0.41547641031998855,-0.5016101538302602,-0.44045369363065584,0.06467364105015593,0.07176676444762937,0.06737083301712005,3.2646060786833055e-15,-2.144265405442792e-18,1.0738217657572174e-15
198.7,"[0.06062, 0.0456, 0.3731530722211173]",0.0456,0.3731530722211173,-0.10670934880726757,-0.11643354844398762,-0.1111141446673204,0.2749583160007548,0.29422673931799953,0.28555051962430256,-0.09609031682073978,-0.1365268327217092,-0.10708619456478166,-0.42022209415497846,-0.5016101538302602,-0.4469489059186864,0.06518610752383254,0.07176676444762937,0.06805103924575397,7.339125420101819e-16,-2.144265405442792e-18,1.0580055094752647e-15
198.72,"[0.06062, 0.0456, 0.3718987247327146]",0.0456,0.3718987247327146,-0.10745257740107148,-0.11812421217606156,-0.1111141446673204,0.27674730992168234,0.29830533834340994,0.28555051962430256,-0.09793337115289732,-0.14119866787039997,-0.10708619456478166,-0.42471561929011065,-0.5123967906903574,-0.4469489059186864,0.06566922599037328,0.07288219727521844,0.06805103924575397,-1.818879474393085e-15,-1.7481475934175854e-18,1.0580055094752647e-15
198.74,"[0.06062, 0.0456, 0.3718987247327146]",0.0456,0.3718987247327146,-0.10814827518167508,-0.11812421217606156,-0.11221941788925402,0.2784199197656718,0.29830533834340994,0.28820597704035705,-0.09967240760687003,-0.14119866787039997,-0.10996060920318053,-0.4289399437558035,-0.5123967906903574,-0.4537962470949031,0.06612177050884438,0.07288219727521844,0.06877355180415093,3.593799999070299e-15,-1.7481475934175854e-18,1.0029251387860926e-15
198.76,"[0.06062, 0.0456, 0.3706426415953341]",0.0456,0.3706426415953341,-0.10925155485543289,-0.11979033646114867,-0.11338382348984126,0.28107194128781116,0.30232194345901603,0.29102145267413276,-0.10246051024743653,-0.14586712681056968,-0.11295997277719493,-0.4356760019694219,-0.5231003222314841,-0.4609614164938964,0.06684040323979921,0.07398349299644186,0.06953499047782574,3.61346612543658e-15,-1.5690272942830914e-18,9.545443782586045e-16
198.78,"[0.06062, 0.0456, 0.3706426415953341]",0.0456,0.3706426415953341,-0.10966478171885527,-0.11979033646114867,-0.11338382348984126,0.28206689242669236,0.30232194345901603,0.29102145267413276,-0.10351045650315444,-0.14586712681056968,-0.11295997277719493,-0.4382045434248749,-0.5231003222314841,-0.4609614164938964,0.0671098619635761,0.07398349299644186,0.06953499047782574,-2.3359812979932084e-15,-1.5690272942830914e-18,9.545443782586045e-16
198.8,"[0.06062, 0.0456, 0.3706426415953341]",0.0456,0.3706426415953341,-0.11037139965535867,-0.11979033646114867,-0.11443172597737594,0.28376825887420326,0.30232194345901603,0.2935266674707318,-0.10530586460105071,-0.14586712681056968,-0.11577666112164556,-0.44252834931430984,-0.5231003222314841,-0.46757120102808636,0.06757063638122834,0.07398349299644186,0.07022219606409746,3.454081548502469e-15,-1.5690272942830914e-18,9.292276703107005e-16
198.82,"[0.06062, 0.0456, 0.3693860624113837]",0.0456,0.3693860624113837,-0.11114286165654079,-0.12143136142678412,-0.11443172597737594,0.28562235650804507,0.30627472737585193,0.2935266674707318,-0.10729531594553555,-0.15052860618665603,-0.11577666112164556,-0.44728649114599894,-0.5337145034229344,-0.46757120102808636,0.06807443272091954,0.0750701634262604,0.07022219606409746,1.227086403134311e-15,-1.9584163157272636e-18,9.292276703107005e-16
198.84,"[0.06062, 0.0456, 0.3693860624113837]",0.0456,0.3693860624113837,-0.11214487231547089,-0.12143136142678412,-0.11553901025724098,0.2880307955226322,0.30627472737585193,0.2961903749006215,-0.10988871892733827,-0.15052860618665603,-0.11872624543171367,-0.4534775406732298,-0.5337145034229344,-0.47451013243263773,0.06872911661351164,0.0750701634262604,0.0709485963308028,-3.981239798040791e-16,-1.9584163157272636e-18,8.66944221459371e-16
198.86,"[0.06062, 0.0456, 0.36813022727280925]",0.0456,0.36813022727280925,-0.11248428610965534,-0.1230463372678462,-0.1165373318218218,0.2888467534606944,0.3101605703526773,0.29856564695813886,-0.11077247158090438,-0.1551790598661028,-0.12149429929500649,-0.4555807998525246,-0.5442314297047781,-0.4809155815314392,0.06895106458520951,0.07614148282814001,0.07160533269583251,2.4952912368177632e-15,-1.5689862092780736e-18,9.62490356336966e-16
198.88,"[0.06062, 0.0456, 0.36813022727280925]",0.0456,0.36813022727280925,-0.11325436479496785,-0.1230463372678462,-0.11760918323682751,0.2906933432257192,0.3101605703526773,0.30114665116970823,-0.11280961885225664,-0.1551790598661028,-0.12437900030002573,-0.460394408377646,-0.5442314297047781,-0.4876640442702869,0.06945537552617012,0.07614148282814001,0.07230966191901551,7.164897112539379e-16,-1.5689862092780736e-18,1.2899622538698336e-15
198.9,"[0.06062, 0.0456, 0.36813022727280925]",0.0456,0.36813022727280925,-0.1139853136715628,-0.1230463372678462,-0.11857412740359131,0.29244718135653575,0.3101605703526773,0.3034399125340214,-0.11474817824256507,-0.1551790598661028,-0.1271012225624982,-0.46496827755684794,-0.5442314297047781,-0.4939113267581025,0.06993430031066546,0.07614148282814001,0.07294583641607505,-2.2370951751787347e-15,-1.5689862092780736e-18,1.5683883446068958e-15
198.92,"[0.06062, 0.0456, 0.3668763755372737]",0.0456,0.3668763755372737,-0.11477034330564029,-0.12463437733220449,-0.11857412740359131,0.29432940675798663,0.3139765662821833,0.3034399125340214,-0.11685025666544681,-0.1598144697074731,-0.1271012225624982,-0.4699052014873252,-0.5546434486424634,-0.4939113267581025,0.07044923646589762,0.07719676924679322,0.07294583641607505,-3.54922400687302e-15,-1.5739014392278855e-18,1.5683883446068958e-15
198.94,"[0.06062, 0.0456, 0.3668763755372737]",0.0456,0.3668763755372737,-0.11549306228426374,-0.12463437733220449,-0.11959662363310215,0.29606040285593466,0.3139765662821833,0.305881725922115,-0.118797940192006,-0.1598144697074731,-0.12997274125711658,-0.4744663652952328,-0.5546434486424634,-0.5005046942158725,0.07092359045636626,0.07719676924679322,0.07362034961591561,3.33808009499666e-15,-1.5739014392278855e-18,1.6087993808692608e-15
198.96,"[0.06062, 0.0456, 0.3656007733218329]",0.0456,0.3656007733218329,-0.11627273894054177,-0.12622601412282528,-0.1205090359959576,0.29792645423902175,0.3177954484680205,0.3080272411688039,-0.12092115240020766,-0.16452319680630922,-0.1326729356438024,-0.4794136477963518,-0.5651496033332284,-0.5065773219834312,0.0714359746966171,0.07825623197567146,0.07422454776330033,1.4247818127105477e-15,-8.573841727438998e-19,1.5250919692564926e-15
198.98,"[0.06062, 0.0456, 0.3656007733218329]",0.0456,0.3656007733218329,-0.11699551826841773,-0.12622601412282528,-0.1205090359959576,0.29965250738400867,0.3177954484680205,0.3080272411688039,-0.12291097372748136,-0.16452319680630922,-0.1326729356438024,-0.4840282093989973,-0.5651496033332284,-0.5065773219834312,0.07191142574595792,0.07825623197567146,0.07422454776330033,-7.551815131650592e-16,-8.573841727438998e-19,1.5250919692564926e-15
199.0,"[0.06062, 0.0456, 0.3656007733218329]",0.0456,0.3656007733218329,-0.11766308663666024,-0.12622601412282528,-0.12148366218129618,0.3012437068036206,0.3177954484680205,0.31033582265254733,-0.12476574649781519,-0.16452319680630922,-0.13552217579523954,-0.48831254079654374,-0.5651496033332284,-0.5130070382441091,0.0723509189291835,0.07825623197567146,0.07486995353816817,5.480432495683742e-15,-8.573841727438998e-19,1.316355335783878e-15
199.02,"[0.06062, 0.0456, 0.36437956869790994]",0.0456,0.36437956869790994,-0.11838899599014127,-0.1277260159093841,-0.12250943540144445,0.3029712088154376,0.32138708036991676,0.31278096408335726,-0.12680946807024487,-0.1690238691731324,-0.13848911557672122,-0.49300449531782015,-0.5751217957433844,-0.5197216045597834,0.0728295355048229,0.07925647740292079,0.07554926564740666,2.9661987980091306e-15,-8.72479896835596e-19,1.077882410041278e-15
199.04,"[0.06062, 0.0456, 0.36437956869790994]",0.0456,0.36437956869790994,-0.11907955988847099,-0.1277260159093841,-0.12250943540144445,0.30461499958808874,0.32138708036991676,0.31278096408335726,-0.12876157652204398,-0.1690238691731324,-0.13848911557672122,-0.4974764351115844,-0.5751217957433844,-0.5197216045597834,0.07328514614201381,0.07925647740292079,0.07554926564740666,-6.740279057755871e-16,-8.72479896835596e-19,1.077882410041278e-15
199.06,"[0.06062, 0.0456, 0.36313907764098896]",0.0456,0.36313907764098896,-0.11973123623594475,-0.12922891176480392,-0.12342656760708282,0.3061665328426917,0.32497947626145224,0.31493835394371106,-0.13060980894877855,-0.17359061325573819,-0.14126253393167493,-0.5017030173132959,-0.5851770175089613,-0.5258899156492335,0.07371532884796451,0.08026017845300074,0.07615868662849072,5.5858427406966434e-15,-8.46058593603938e-19,8.58334688536464e-16
199.08,"[0.06062, 0.0456, 0.36313907764098896]",0.0456,0.36313907764098896,-0.12043334919646319,-0.12922891176480392,-0.1243993371609084,0.307833178852413,0.32497947626145224,0.3172432636396989,-0.1326338267015485,-0.17359061325573819,-0.14416445116328108,-0.506298528003415,-0.5851770175089613,-0.5323691677338395,0.07417956682619255,0.08026017845300074,0.07680493226993432,3.1460650314074008e-15,-8.46058593603938e-19,5.998523427346092e-16
199.1,"[0.06062, 0.0456, 0.36313907764098896]",0.0456,0.36313907764098896,-0.12109933764986117,-0.12922891176480392,-0.1243993371609084,0.3094136530898849,0.32497947626145224,0.3172432636396989,-0.13456347280443282,-0.17359061325573819,-0.14416445116328108,-0.5106688168708335,-0.5851770175089613,-0.5323691677338395,0.0746202241527008,0.08026017845300074,0.07680493226993432,-4.856641497590354e-16,-8.46058593603938e-19,5.998523427346092e-16
199.12,"[0.06062, 0.0456, 0.36190549564920477]",0.0456,0.36190549564920477,-0.1217263375569672,-0.13070151660825496,-0.12542297931138097,0.3109012790948502,0.32849109337146287,0.3196847588776011,-0.13638765869907224,-0.17812614892977127,-0.14717932468395387,-0.5147918835414051,-0.5950974565135373,-0.5391250401311452,0.07503531869489675,0.08124525086228176,0.0774848276578656,5.70679407178709e-15,-1.0786209932758457e-18,3.646972928405741e-16
199.14,"[0.06062, 0.0456, 0.36190549564920477]",0.0456,0.36190549564920477,-0.12242869949030183,-0.13070151660825496,-0.12633963410395466,0.3125701402540917,0.32849109337146287,0.3218441236665018,-0.13843807524233018,-0.17812614892977127,-0.14999280147228575,-0.5194151832997764,-0.5950974565135373,-0.5453296491044989,0.07550072539778456,0.08124525086228176,0.07809561441214655,2.4014043235279287e-15,-1.0786209932758457e-18,1.8080093885981735e-16
199.16,"[0.06062, 0.0456, 0.360680040119051]",0.0456,0.360680040119051,-0.12308927813556457,-0.13214361168893377,-0.12633963410395466,0.31413785427198176,0.3319213739212273,0.3218441236665018,-0.1403802603211738,-0.18262691463698072,-0.14999280147228575,-0.5237805170013798,-0.6048781101016734,-0.5453296491044989,0.0759387835025509,0.08221143058558258,0.07809561441214655,-8.457045570776177e-16,-1.0786209932758457e-18,1.8080093885981735e-16
199.18,"[0.06062, 0.0456, 0.360680040119051]",0.0456,0.360680040119051,-0.12370684576956527,-0.13214361168893377,-0.12730727462153496,0.31560204545744236,0.3319213739212273,0.3241382265968243,-0.14220664314645165,-0.18262691463698072,-0.15292617734279135,-0.5278748521076209,-0.6048781101016734,-0.5518205992778422,0.07634858137529112,0.08221143058558258,0.07874020694290323,5.4824881328383776e-15,-1.0786209932758457e-18,-2.663253309434451e-17
199.2,"[0.06062, 0.0456, 0.360680040119051]",0.0456,0.360680040119051,-0.12439092725143747,-0.13214361168893377,-0.12730727462153496,0.3172239198744496,0.3319213739212273,0.3241382265968243,-0.14424335464998556,-0.18262691463698072,-0.15292617734279135,-0.5324245440763343,-0.6048781101016734,-0.5518205992778422,0.07680299023305676,0.08221143058558258,0.07874020694290323,2.361046767905902e-15,-1.0786209932758457e-18,-2.663253309434451e-17
199.22,"[0.06062, 0.0456, 0.359463920427185]",0.0456,0.359463920427185,-0.12503144799536225,-0.13355463921998983,-0.12817142205757237,0.31873970206029695,0.33526860630458966,0.3261588656773939,-0.14616685440132302,-0.1870890351807846,-0.15566381167783924,-0.5367055337662712,-0.6145126273112826,-0.5577779912307655,0.07722882822319477,0.08315824320855852,0.07931787509639042,-7.470238634697764e-16,-6.903307020431631e-19,-2.080720018692415e-16
199.24,"[0.06062, 0.0456, 0.359463920427185]",0.0456,0.359463920427185,-0.12597396525612975,-0.13355463921998983,-0.12908726495664663,0.32096592838489074,0.33526860630458966,0.3283151955135394,-0.1490266469890788,-0.1870890351807846,-0.15852498324506076,-0.5430411990919463,-0.6145126273112826,-0.5640282846665047,0.0778561550987906,0.08315824320855852,0.07992982682719764,-1.0350966246446637e-15,-6.903307020431631e-19,-4.259635040554966e-16
199.26,"[0.06062, 0.0456, 0.3582583367369186]",0.0456,0.3582583367369186,-0.1262852952261842,-0.13493408803893983,-0.13005012265595547,0.3217008550980183,0.33853127306937897,0.33059641010542046,-0.14997648061822072,-0.19150866208505182,-0.1614940246894033,-0.5451399076529404,-0.6239948611639166,-0.570537376693107,0.07806352227158414,0.08408524968416607,0.08057292253123655,2.474283526200665e-15,-2.1430113726753907e-19,-6.183486629679287e-16
199.28,"[0.06062, 0.0456, 0.3582583367369186]",0.0456,0.3582583367369186,-0.12691395524489874,-0.13493408803893983,-0.13005012265595547,0.32318570123668383,0.33853127306937897,0.33059641010542046,-0.15189760026805665,-0.19150866208505182,-0.1614940246894033,-0.5493796084945571,-0.6239948611639166,-0.570537376693107,0.07848242970746873,0.08408524968416607,0.08057292253123655,-1.6858460984831663e-15,-2.1430113726753907e-19,-6.183486629679287e-16
199.3,"[0.06062, 0.0456, 0.3582583367369186]",0.0456,0.3582583367369186,-0.1275098270530047,-0.13493408803893983,-0.13091141809044313,0.324593735922245,0.33853127306937897,0.33261069144254285,-0.15372092091489012,-0.19150866208505182,-0.1642608930470443,-0.5533995844590202,-0.6239948611639166,-0.5765104907531703,0.07887962334389247,0.08408524968416607,0.08115009606397453,4.907303755714512e-15,-2.1430113726753907e-19,-7.590261718622189e-16
199.32,"[0.06062, 0.0456, 0.3570644788138023]",0.0456,0.3570644788138023,-0.12815612935011936,-0.13628149234993844,-0.13181961715922502,0.32611695747163405,0.3417080434345405,0.3347475325435177,-0.15572351562642583,-0.19588197214616496,-0.16714202304835257,-0.557790656661378,-0.6333188576300671,-0.5827507623119375,0.07931101316061845,0.08499204171070454,0.08175842667792876,2.2020407401603155e-15,-3.274491755425272e-19,-9.254264573217592e-16
199.34,"[0.06062, 0.0456, 0.3570644788138023]",0.0456,0.3570644788138023,-0.1287704541176573,-0.13628149234993844,-0.13181961715922502,0.32756445103673737,0.3417080434345405,0.3347475325435177,-0.15763373034287187,-0.19588197214616496,-0.16714202304835257,-0.5619714523011239,-0.6333188576300671,-0.5827507623119375,0.07972127197356116,0.08499204171070454,0.08175842667792876,-1.6921396481489548e-15,-3.274491755425272e-19,-9.254264573217592e-16
199.36,"[0.06062, 0.0456, 0.35588352485147]",0.0456,0.35588352485147,-0.12934979509555927,-0.13759642989348886,-0.13262975084189996,0.32892923652352546,0.344797769472671,0.33662626389773814,-0.15944030596379222,-0.2002051682005597,-0.16982719530091236,-0.5659195212099585,-0.642478851161793,-0.5884734034657556,0.08010833136729419,0.08587824083316911,0.08230304896388484,4.915644766972931e-15,-5.822818605041555e-19,-1.068234717013288e-15
199.38,"[0.06062, 0.0456, 0.35588352485147]",0.0456,0.35588352485147,-0.12997298668736695,-0.13759642989348886,-0.13348728415678998,0.3303916717251616,0.344797769472671,0.3386279908064551,-0.16141381494436666,-0.2002051682005597,-0.17262984799170472,-0.5702047588450748,-0.642478851161793,-0.5944686417237521,0.08052532771055229,0.08587824083316911,0.08287916945331182,2.34296024278977e-15,-5.822818605041555e-19,-1.251143421980785e-15
199.4,"[0.06062, 0.0456, 0.35588352485147]",0.0456,0.35588352485147,-0.13056352520821707,-0.13759642989348886,-0.13348728415678998,0.33177641692935966,0.344797769472671,0.3386279908064551,-0.1632926224876799,-0.2002051682005597,-0.17262984799170472,-0.5742753251552773,-0.642478851161793,-0.5944686417237521,0.08092070679753334,0.08587824083316911,0.08287916945331182,-1.458168819326584e-15,-5.822818605041555e-19,-1.251143421980785e-15
199.42,"[0.06062, 0.0456, 0.35471664030890415]",0.0456,0.35471664030890415,-0.13119694438202045,-0.1388785201697411,-0.13426633389251136,0.33325856404404225,0.3477994819255525,0.34043147158143533,-0.16532764002765354,-0.2044744800909403,-0.17523929486812614,-0.5786652784109987,-0.6514692605066444,-0.6000008727355924,0.08134526291171733,0.08674349754730724,0.08340365155014189,-3.3124248800885053e-15,-2.8321794278756494e-19,-1.053884404610134e-15
199.44,"[0.06062, 0.0456, 0.35471664030890415]",0.0456,0.35471664030890415,-0.131780128389016,-0.1388785201697411,-0.1350765681416461,0.334621416476641,0.3477994819255525,0.3423039438644484,-0.16721085445437875,-0.2044744800909403,-0.17797947580353787,-0.5827190413395178,-0.6514692605066444,-0.6057820625950504,0.08173635675291462,0.08674349754730724,0.08394985213321313,3.9708655186480926e-15,-2.8321794278756494e-19,-1.3934572943062811e-15
199.46,"[0.06062, 0.0456, 0.35356497676026866]",0.0456,0.35356497676026866,-0.1323335308595955,-0.14012742270970827,-0.1350765681416461,0.33591257417539494,0.35071238566451823,0.3423039438644484,-0.16901027623310236,-0.20868616585151237,-0.17797947580353787,-0.5865807082972281,-0.6602846848174339,-0.6057820625950504,0.08210776282259565,0.08758749041220909,0.08394985213321313,-1.6336530795565218e-16,-2.579239229577959e-19,-1.3934572943062811e-15
199.48,"[0.06062, 0.0456, 0.35356497676026866]",0.0456,0.35356497676026866,-0.13285470794318682,-0.14012742270970827,-0.13593059768019147,0.3371269344168101,0.35071238566451823,0.34429173753774633,-0.17071442415855534,-0.20868616585151237,-0.1808205499703374,-0.5902289656206656,-0.6602846848174339,-0.6118032214157771,0.08245775979150691,0.08758749041220909,0.08452502973850363,5.948260979562339e-15,-2.579239229577959e-19,-1.6545876711979689e-15
199.5,"[0.06062, 0.0456, 0.35356497676026866]",0.0456,0.35356497676026866,-0.13343912699321697,-0.14012742270970827,-0.1367078555255366,0.33848824701031777,0.35071238566451823,0.3460878542627908,-0.17263458806949286,-0.20868616585151237,-0.1834610865334482,-0.5943280742283097,-0.6602846848174339,-0.6173570005011518,0.08285054108133333,0.08758749041220909,0.0850494537151003,2.302068419442201e-15,-2.579239229577959e-19,-1.4677881634195904e-15
199.52,"[0.06062, 0.0456, 0.35242967075844395]",0.0456,0.35242967075844395,-0.1340601854143586,-0.14134283538580752,-0.1367078555255366,0.339932172388816,0.35353585478383637,0.3460878542627908,-0.17469162278441908,-0.21283651312362556,-0.1834610865334482,-0.5987035702267727,-0.6689199000407628,-0.6173570005011518,0.08326833448164393,0.0884099251663928,0.0850494537151003,5.264768641454002e-16,-3.5175837965151865e-19,-1.4677881634195904e-15
199.541,"[0.06062, 0.0456, 0.35242967075844395]",0.0456,0.35242967075844395,-0.1345632427354838,-0.14134283538580752,-0.13751178634702602,0.3411017519453648,0.35353585478383637,0.3479422132384985,-0.17635782090389418,-0.21283651312362556,-0.18621623264567252,-0.6022477219857906,-0.6689199000407628,-0.6231256814982989,0.08360674713588993,0.0884099251663928,0.08559251236969416,6.4857462918961684e-15,-3.5175837965151865e-19,-1.7803342728287648e-15
199.56,"[0.06062, 0.0456, 0.3513118427133867]",0.0456,0.3513118427133867,-0.13512346602167785,-0.14252449275340237,-0.13835455407819694,0.3424014395915924,0.35626942731705374,0.3498984755069682,-0.17823091914161704,-0.21692184081163945,-0.1890613492859218,-0.6062145342997799,-0.6773698555664857,-0.6291064015148473,0.08398404253020521,0.08921053384256333,0.0861612732145095,2.8716741427077603e-15,-1.6711018067199878e-19,-1.993699011204951e-15
199.58,"[0.06062, 0.0456, 0.3513118427133867]",0.0456,0.3513118427133867,-0.1356615236566097,-0.14252449275340237,-0.13835455407819694,0.3436498128118846,0.35626942731705374,0.3498984755069682,-0.18003264037816705,-0.21692184081163945,-0.1890613492859218,-0.6100257242757272,-0.6773698555664857,-0.6291064015148473,0.08434652788408145,0.08921053384256333,0.0861612732145095,-1.701771591829096e-15,-1.6711018067199878e-19,-1.993699011204951e-15
199.6,"[0.06062, 0.0456, 0.3513118427133867]",0.0456,0.3513118427133867,-0.13617319943671233,-0.14252449275340237,-0.1391070931034048,0.34483705872444176,0.35626942731705374,0.35162153794538914,-0.1817480950778966,-0.21692184081163945,-0.19170200592027958,-0.6136510529580868,-0.6773698555664857,-0.6345814640062192,0.08469132949674742,0.08921053384256333,0.0866708765566607,4.855176914459616e-15,-1.6711018067199878e-19,-2.112188423857266e-15
199.62,"[0.06062, 0.0456, 0.3502125957864204]",0.0456,0.3502125957864204,-0.13673063923338602,-0.14367216441542377,-0.13991083717908573,0.3461261097769532,0.358912799568351,0.35348475531715723,-0.18363933814483455,-0.22093850098717938,-0.19443289027980937,-0.6176278310638932,-0.6856296711198875,-0.6403004256813976,0.08506744343801881,0.0899890738764723,0.08721379072383045,1.952233837566188e-15,-2.690162601566333e-19,-1.863132465225314e-15
199.64,"[0.06062, 0.0456, 0.3502125957864204]",0.0456,0.3502125957864204,-0.1373348768430675,-0.14367216441542377,-0.14062638319674808,0.3475242524301128,0.358912799568351,0.3551160592921971,-0.1856901130574316,-0.22093850098717938,-0.1969795235515158,-0.6219356240479041,-0.6856296711198875,-0.6455469814509324,0.0854752494222089,0.0899890738764723,0.08769912433686954,-2.1210155086159065e-16,-2.690162601566333e-19,-1.763353818745858e-15
199.66,"[0.06062, 0.0456, 0.3491330148015482]",0.0456,0.3491330148015482,-0.13789586390868014,-0.14478565340262964,-0.1413904178656803,0.34881987837668965,0.3614658200533675,0.35687785714566317,-0.18760590406377128,-0.2248828810481325,-0.1996202873767538,-0.6259495919418891,-0.6936946338780677,-0.6510356284107631,0.08585410563070588,0.0907453272056025,0.08821614586839596,-2.605487333392351e-15,-6.557786925129344e-19,-1.4174885978817287e-15
199.68,"[0.06062, 0.0456, 0.3491330148015482]",0.0456,0.3491330148015482,-0.13849106604030514,-0.14478565340262964,-0.1413904178656803,0.3501923325365069,0.3614658200533675,0.35687785714566317,-0.18965096815594482,-0.2248828810481325,-0.1996202873767538,-0.6302219606512771,-0.6936946338780677,-0.6510356284107631,0.08625636133791267,0.0907453272056025,0.08821614586839596,-4.52432433023924e-15,-6.557786925129344e-19,-1.4174885978817287e-15
199.7,"[0.06062, 0.0456, 0.3491330148015482]",0.0456,0.3491330148015482,-0.1390419428871265,-0.14478565340262964,-0.142068496025555,0.35146258221273025,0.3614658200533675,0.35841173450536457,-0.19154513881534257,-0.2248828810481325,-0.20208873828737847,-0.6341765575325887,-0.6936946338780677,-0.6560743308364566,0.08662872039858045,0.0907453272056025,0.0886771579136308,3.4867846985142757e-15,-6.557786925129344e-19,-1.3235656423787086e-15
199.72,"[0.06062, 0.0456, 0.34807416517486284]",0.0456,0.34807416517486284,-0.13961698798343092,-0.14586479456264234,-0.1427802651554616,0.3527829211488568,0.3639284830467371,0.36002675921724614,-0.1935484227221081,-0.22875140613683792,-0.20466309628650906,-0.6383371344670765,-0.7015601957920495,-0.6613333126940956,0.08701792352631915,0.09147909935378312,0.08916091559452309,2.0027727292142116e-15,-8.743722634877129e-19,-1.439480678739282e-15
199.74,"[0.06062, 0.0456, 0.34807416517486284]",0.0456,0.34807416517486284,-0.1401539514244274,-0.14586479456264234,-0.1427802651554616,0.35401389815831275,0.3639284830467371,0.36002675921724614,-0.19542851848645312,-0.22875140613683792,-0.20466309628650906,-0.6422330999697301,-0.7015601957920495,-0.6613333126940956,0.08738155382787614,0.09147909935378312,0.08916091559452309,-9.82979215948662e-16,-8.743722634877129e-19,-1.439480678739282e-15
199.76,"[0.06062, 0.0456, 0.3470370918631093]",0.0456,0.3470370918631093,-0.14065295103332326,-0.14690945295156269,-0.14340909880383476,0.3551563417599917,0.36630092173663276,0.3614251360839701,-0.19718308827597786,-0.23254054181988407,-0.2070569867631405,-0.6458621403943868,-0.70922197109631,-0.666139730472527,0.08771963256341034,0.09219021849826692,0.0895903727182135,5.967184644280902e-15,-4.969584821766578e-19,-1.644497394279807e-15
199.781,"[0.06062, 0.0456, 0.3470370918631093]",0.0456,0.3470370918631093,-0.1413998670791353,-0.14690945295156269,-0.14407290173165616,0.35685518502251856,0.36630092173663276,0.36290945864815,-0.1998589147763972,-0.23254054181988407,-0.2095525464983888,-0.6513573673153615,-0.70922197109631,-0.6711638257555909,0.08822660314518016,0.09219021849826692,0.09004327747222608,6.72682309017723e-15,-4.969584821766578e-19,-1.9497261126488468e-15
199.8,"[0.06062, 0.0456, 0.3470370918631093]",0.0456,0.3470370918631093,-0.1416671705443921,-0.14690945295156269,-0.14467267029281805,0.3574606123853868,0.36630092173663276,0.36423545074185554,-0.2008282779521232,-0.23254054181988407,-0.21187098252578457,-0.6533380131627898,-0.70922197109631,-0.6757883422570922,0.08840827057782097,0.09219021849826692,0.09045359469877352,3.683594756054393e-16,-4.969584821766578e-19,-1.905281587421541e-15
199.82,"[0.06062, 0.0456, 0.34602281833243903]",0.0456,0.34602281833243903,-0.14218423632609326,-0.1479195222226962,-0.1453187076137644,0.3586284923852114,0.3685834009899826,0.3656837201852909,-0.20271773258582607,-0.23624679702979848,-0.21428637140817494,-0.6571873692123525,-0.716675733987852,-0.6806525882467176,0.08875995361028463,0.09287853451630029,0.09089424149891216,-1.3128977628576343e-15,-7.343474504043557e-19,-1.6857728848429418e-15
199.841,"[0.06062, 0.0456, 0.34602281833243903]",0.0456,0.34602281833243903,-0.1429813490220545,-0.1479195222226962,-0.1459018012071753,0.360423149294828,0.3685834009899826,0.36697364559626033,-0.20565718721776063,-0.23624679702979848,-0.21653864040152654,-0.6631524396553555,-0.716675733987852,-0.6851393184647198,0.08930265323710249,0.09287853451630029,0.09129320576157801,1.3764918010549077e-15,-7.343474504043557e-19,-1.3284056512927845e-15
199.86,"[0.06062, 0.0456, 0.34503234554837203]",0.0456,0.34503234554837203,-0.14327339424057117,-0.14889492300772794,-0.1464247430712628,0.36107819892526805,0.37077630973560227,0.36810983981274487,-0.20674533253977545,-0.23986672726665278,-0.21864508496295176,-0.6653511275397598,-0.7239174164574864,-0.6892789997829722,0.08950170848948286,0.09354391800875786,0.09165250738575992,-3.0334546737779858e-15,-4.801398945282575e-19,-9.598275424665435e-16
199.88,"[0.06062, 0.0456, 0.34503234554837203]",0.0456,0.34503234554837203,-0.14382508575063943,-0.14889492300772794,-0.14699325487002463,0.3623119532149235,0.37077630973560227,0.3693620621246124,-0.20881670549698308,-0.23986672726665278,-0.22086462695153478,-0.6695248519541891,-0.7239174164574864,-0.6936782639975771,0.089878023133465,0.09354391800875786,0.0920419715646888,-2.410035768303498e-15,-4.801398945282575e-19,-6.444867192621135e-16
199.9,"[0.06062, 0.0456, 0.34503234554837203]",0.0456,0.34503234554837203,-0.14437587182143577,-0.14889492300772794,-0.1475027922674435,0.3635387739002076,0.37077630973560227,0.37046388845552786,-0.21090605180174093,-0.23986672726665278,-0.2229396527052806,-0.6737180664699814,-0.7239174164574864,-0.6977355280402957,0.09025412155915809,0.09354391800875786,0.09239251721744583,-2.30667031842351e-15,-4.801398945282575e-19,-3.4849558618557807e-16
199.92,"[0.06062, 0.0456, 0.3440666509879649]",0.0456,0.3440666509879649,-0.14492412834041338,-0.14983560128655338,-0.1480554446545937,0.3647553812964479,0.37288015297631205,0.3716748039771269,-0.21300568366298814,-0.24339693805526758,-0.22512387180214896,-0.6779162304113888,-0.7309431062567533,-0.7020406362196723,0.0906288676253467,0.09418625929900318,0.09277163210401758,-1.4761120942306704e-15,-3.3622053424786387e-19,-1.2748385560134216e-16
199.94,"[0.06062, 0.0456, 0.3440666509879649]",0.0456,0.3440666509879649,-0.14546933972526513,-0.14983560128655338,-0.1480554446545937,0.36596108920933856,0.37288015297631205,0.3716748039771269,-0.21511155969815177,-0.24339693805526758,-0.22512387180214896,-0.6821124077857108,-0.7309431062567533,-0.7020406362196723,0.09100187253636308,0.09418625929900318,0.09277163210401758,-1.241425258293589e-15,-3.3622053424786387e-19,-1.2748385560134216e-16
199.96,"[0.06062, 0.0456, 0.3431266876751591]",0.0456,0.3431266876751591,-0.14596069966183176,-0.1507415267428766,-0.148535617615656,0.36704669501567255,0.37489554344506215,0.372693513951983,-0.21701389900577947,-0.24683408865124726,-0.22716100828947536,-0.6858987711953206,-0.7377490449847576,-0.7059666561585286,0.09133812685407076,0.09480546740577259,0.09310343566003385,6.8130640546337875e-15,-2.815473241932013e-19,-3.7025634345506216e-16
199.98,"[0.06062, 0.0456, 0.3431266876751591]",0.0456,0.3431266876751591,-0.14644993407306242,-0.1507415267428766,-0.14905859156079482,0.36811959061407756,0.37489554344506215,0.3738220232989532,-0.21894184977719425,-0.24683408865124726,-0.22929966050810333,-0.6897116693452624,-0.7377490449847576,-0.710129255254002,0.09167353552706037,0.09480546740577259,0.09346347302528671,6.297737639196162e-15,-2.815473241932013e-19,-5.488265333766864e-16
200.0,"[0.06062, 0.0456, 0.3431266876751591]",0.0456,0.3431266876751591,-0.1469455789957329,-0.1507415267428766,-0.14951120874713014,0.3692030528247026,0.37489554344506215,0.37476790377461455,-0.2209098338236154,-0.24683408865124726,-0.23127894294369594,-0.6935910106748602,-0.7377490449847576,-0.7139022734297211,0.0920136236515783,0.09480546740577259,0.09377729178662209,5.546538297749809e-15,-2.815473241932013e-19,-1.0288886781100773e-15
200.02,"[0.06062, 0.0456, 0.3422133832402611]",0.0456,0.3422133832402611,-0.14739231310173428,-0.15161269110365688,-0.15000665059100393,0.370175245262888,0.3768231929242105,0.37582443100298263,-0.22270182914473552,-0.25017489598658177,-0.2333559242491694,-0.6971105789693857,-0.7443316262802409,-0.7179067474877048,0.09232047690857054,0.09540146898953897,0.09411928318806391,4.203774940648657e-15,-4.0911285879024083e-19,-1.3691122475297052e-15
200.041,"[0.06062, 0.0456, 0.3422133832402611]",0.0456,0.3422133832402611,-0.14806066777197105,-0.15161269110365688,-0.15044906349757572,0.3716205958936413,0.3768231929242105,0.376751047051496,-0.22542085344328913,-0.25017489598658177,-0.23528059248919783,-0.7024219782491649,-0.7443316262802409,-0.7215752496939346,0.09278025210658244,0.09540146898953897,0.09442587978595113,6.217503669771202e-15,-4.0911285879024083e-19,-1.5579176752703889e-15
200.06,"[0.06062, 0.0456, 0.34132763900448376]",0.0456,0.34132763900448376,-0.14825526605387082,-0.15244910646146287,-0.1509337140734634,0.37204097940481096,0.3786639032512624,0.377787225782674,-0.22621436052806865,-0.2534161388429768,-0.23729916005550253,-0.7039704551767921,-0.7506873941053153,-0.7254685354796854,0.0929141552146492,0.09597420727250947,0.09476021057769815,9.053089223026033e-15,-4.530751870406518e-19,-2.383086956787284e-15
200.08,"[0.06062, 0.0456, 0.34132763900448376]",0.0456,0.34132763900448376,-0.14872055262577458,-0.15244910646146287,-0.1513666737293494,0.37303951013134373,0.3786639032512624,0.37869579819611565,-0.2281388013645754,-0.2534161388429768,-0.23917324318230762,-0.7077046947203561,-0.7506873941053153,-0.7290401312801895,0.09323481596222516,0.09597420727250947,0.09506010356450195,1.7458948098105396e-16,-4.530751870406518e-19,-2.323178068608793e-15
200.1,"[0.06062, 0.0456, 0.34132763900448376]",0.0456,0.34132763900448376,-0.14918434926642593,-0.15244910646146287,-0.15175005357945476,0.37403243334693004,0.3786639032512624,0.37948045581067447,-0.23006667783621482,-0.2534161388429768,-0.24091515234384303,-0.7114369840516631,-0.7506873941053153,-0.7323119331789149,0.09355463023769228,0.09597420727250947,0.0953270752170589,3.941624031084158e-16,-4.530751870406518e-19,-2.29116716982572e-15
200.12,"[0.06062, 0.0456, 0.34047032909045044]",0.0456,0.34047032909045044,-0.14963732889939524,-0.1532508035798104,-0.1521727917312116,0.37499693843021975,0.3804185570385952,0.38036334763258517,-0.23197111617584726,-0.2565546622384921,-0.24275992334320795,-0.7151087622219614,-0.7568130411085362,-0.7358134542328016,0.09386736733488679,0.09652364093311568,0.0956201443383594,1.1034417180769188e-15,-3.171223597973531e-19,-2.325974469082764e-15
200.14,"[0.06062, 0.0456, 0.34047032909045044]",0.0456,0.34047032909045044,-0.15008102040378324,-0.1532508035798104,-0.15254727314941186,0.3759370959151804,0.3804185570385952,0.38112709390003696,-0.23385496015544305,-0.2565546622384921,-0.24446998943314519,-0.7187275168161718,-0.7568130411085362,-0.7390154803509539,0.09417401874447305,0.09652364093311568,0.09588106395969356,1.1028845194754245e-15,-3.171223597973531e-19,-2.3656718497284174e-15
200.161,"[0.06062, 0.0456, 0.3396422995595421]",0.0456,0.3396422995595421,-0.15071904190297167,-0.15401783018257298,-0.15295902651709906,0.3772817219220706,0.3820881081388639,0.38198406998267787,-0.23659311774771016,-0.2595873820104561,-0.24627596020026912,-0.723966190828657,-0.7627054070562804,-0.742432645116716,0.09461549350824057,0.09704974297657513,0.09616666296893038,5.205636105207193e-15,-2.8521505048333315e-19,-2.4562723764104836e-15
200.18,"[0.06062, 0.0456, 0.3396422995595421]",0.0456,0.3396422995595421,-0.15094304036438924,-0.15401783018257298,-0.15332385620962938,0.3777519567284065,0.3820881081388639,0.38272618891968657,-0.23756140199689937,-0.2595873820104561,-0.24794689103052503,-0.7258128362610521,-0.7627054070562804,-0.7455536034648096,0.09477061045422765,0.09704974297657513,0.09642092911776282,1.5190281608316561e-15,-2.8521505048333315e-19,-2.539072598703736e-15
200.2,"[0.06062, 0.0456, 0.3396422995595421]",0.0456,0.3396422995595421,-0.15136256070265888,-0.15401783018257298,-0.1536437320052206,0.37863027014089434,0.3820881081388639,0.38335719864832357,-0.23938426114640116,-0.2595873820104561,-0.2494930234489796,-0.729282695785477,-0.7627054070562804,-0.748397058023478,0.09506128704674267,0.09704974297657513,0.09664525681155775,1.9534538496133003e-15,-2.8521505048333315e-19,-2.669744967856529e-15
200.22,"[0.06062, 0.0456, 0.3388443675769365]",0.0456,0.3388443675769365,-0.15176719442854528,-0.15475024922957487,-0.15400102552725523,0.3794715956822029,0.38367357189189033,0.3840807712007312,-0.24116577407409942,-0.2625112895750731,-0.2511393930291166,-0.7326585137074741,-0.7683614773228161,-0.7514618574787417,0.0953420518094525,0.09755249958382019,0.09689442128531833,2.7090788907752113e-15,-8.710885982406654e-20,-2.876702255900678e-15
200.241,"[0.06062, 0.0456, 0.3388443675769365]",0.0456,0.3388443675769365,-0.15215946592031795,-0.15475024922957487,-0.15431502500481623,0.3802822175014761,0.38367357189189033,0.3846993432792343,-0.24291258842122238,-0.2625112895750731,-0.2526573671799177,-0.7359553170800902,-0.7683614773228161,-0.7542488464999177,0.09561457720706373,0.09755249958382019,0.09711461098656853,2.6653762732954706e-15,-8.710885982406654e-20,-3.081766015889567e-15
200.26,"[0.06062, 0.0456, 0.33807732060516493]",0.0456,0.33807732060516493,-0.15254076219339394,-0.15544813718146952,-0.15466465573483504,0.38106579991265266,0.38517601519278527,0.3854067001046718,-0.24462747871972004,-0.2653234568416038,-0.2542675925747685,-0.7391802586650197,-0.7737783814308534,-0.7572420740600383,0.09587976655189054,0.09803190894180129,0.09735838880900237,3.061724097376804e-15,-1.240472164949123e-19,-3.3278990589072147e-15
200.28,"[0.06062, 0.0456, 0.33807732060516493]",0.0456,0.33807732060516493,-0.15291283520056612,-0.15544813718146952,-0.15466465573483504,0.3818269088353099,0.38517601519278527,0.3854067001046718,-0.24631418007457376,-0.2653234568416038,-0.2542675925747685,-0.7423426131167233,-0.7737783814308534,-0.7572420740600383,0.09613876477655486,0.09803190894180129,0.09735838880900237,2.7742457161616648e-15,-1.240472164949123e-19,-3.3278990589072147e-15
200.3,"[0.06062, 0.0456, 0.33807732060516493]",0.0456,0.33807732060516493,-0.15324568110206735,-0.15544813718146952,-0.15497259268689909,0.3825070691769023,0.38517601519278527,0.38601417154191425,-0.24782532845788036,-0.2653234568416038,-0.25574922253467613,-0.7451735107032077,-0.7737783814308534,-0.7599615819826069,0.09637049334254602,0.09803190894180129,0.09757417783563138,8.363214301243108e-15,-1.240472164949123e-19,-3.5466664717384017e-15
200.32,"[0.06062, 0.0456, 0.3373419156269819]",0.0456,0.3373419156269819,-0.1535737943031863,-0.1561115822579843,-0.15531596374112014,0.38317341862671284,0.38659654642482577,0.3867111240989527,-0.2493308683404589,-0.2680210412565876,-0.2573173587764484,-0.7479832442533789,-0.7789533916358556,-0.7628791719357966,0.09659919339606132,0.09848798005885404,0.09781332878485335,7.490851330062474e-15,-7.066399746668836e-20,-4.329677433329842e-15
200.34,"[0.06062, 0.0456, 0.3373419156269819]",0.0456,0.3373419156269819,-0.15390480649639277,-0.1561115822579843,-0.15559713963429778,0.38384558266689156,0.38659654642482577,0.3872511482986522,-0.25084830153130305,-0.2680210412565876,-0.2587262056924828,-0.7508134705201219,-0.7789533916358556,-0.7654317109083607,0.09682987911975961,0.09848798005885404,0.09801128281644611,6.2893146866718664e-15,-7.066399746668836e-20,-4.945857073058148e-15
200.36,"[0.06062, 0.0456, 0.33663887839831436]",0.0456,0.33663887839831436,-0.15420104396221235,-0.1567406826945328,-0.15559713963429778,0.3844440379594167,0.38793630530410506,0.3872511482986522,-0.25221830710745957,-0.2706012909512663,-0.2587262056924828,-0.753361207693427,-0.7838839215488598,-0.7654317109083607,0.09703652995911387,0.09892073156948447,0.09801128281644611,4.8781952366730165e-15,-2.298668978690021e-19,-4.945857073058148e-15
200.38,"[0.06062, 0.0456, 0.33663887839831436]",0.0456,0.33663887839831436,-0.1544663021399001,-0.1567406826945328,-0.15590265884703133,0.3849773889242836,0.38793630530410506,0.38784971727366646,-0.2534548078469073,-0.2706012909512663,-0.2602051487788092,-0.7556546033115074,-0.7838839215488598,-0.7681332591090956,0.0972217330018287,0.09892073156948447,0.09822545317858028,8.781260197611754e-15,-2.298668978690021e-19,-5.662057894108656e-15
200.4,"[0.06062, 0.0456, 0.33663887839831436]",0.0456,0.33663887839831436,-0.15473920991425671,-0.1567406826945328,-0.15617331418806124,0.38552313131112154,0.38793630530410506,0.38836952880414566,-0.25473737263198837,-0.2706012909512663,-0.2615577060981907,-0.7580255479201286,-0.7838839215488598,-0.7705819251185246,0.09741243983523626,0.09892073156948447,0.0984159027195001,6.59832913595138e-15,-2.298668978690021e-19,-6.112237721806801e-15
200.42,"[0.06062, 0.0456, 0.33596890273202823]",0.0456,0.33596890273202823,-0.15501168972628082,-0.15733554500307553,-0.15646794088910823,0.3860639468352463,0.3891964526861766,0.38894775509166996,-0.2560332359986283,-0.2730615499632317,-0.26297605983018363,-0.7604112595949242,-0.7885675247940351,-0.7731732226821939,0.09760309778306961,0.09933019053354067,0.09862226210896743,5.2901540101093884e-15,-3.12851025722075e-19,-6.644677455451127e-15
200.44,"[0.06062, 0.0456, 0.33596890273202823]",0.0456,0.33596890273202823,-0.15526186104412595,-0.15733554500307553,-0.15646794088910823,0.3865598300385446,0.3891964526861766,0.38894775509166996,-0.2572247206987648,-0.2730615499632317,-0.26297605983018363,-0.7626028158078424,-0.7885675247940351,-0.7731732226821939,0.09777816665976116,0.09933019053354067,0.09862226210896743,2.9345082955395745e-15,-3.12851025722075e-19,-6.644677455451127e-15
200.46,"[0.06062, 0.0456, 0.335332649813219]",0.0456,0.335332649813219,-0.15561490669698633,-0.15789628224390745,-0.15672992103781666,0.38725747865738924,0.3903781603877287,0.38945296437988886,-0.2589130639137621,-0.27539926350136984,-0.2642733628179704,-0.7657025287979782,-0.7930018936986387,-0.775524549852364,0.09802532687250629,0.09971639123530895,0.0988063655716333,2.7514107669727997e-15,-1.220174612719573e-19,-6.92645614976408e-15
200.48,"[0.06062, 0.0456, 0.335332649813219]",0.0456,0.335332649813219,-0.15572640813106528,-0.15789628224390745,-0.15701652777629074,0.3874770272298527,0.3903781603877287,0.3900190048684479,-0.25944909380857584,-0.27539926350136984,-0.26563497873608816,-0.7666847309072302,-0.7930018936986387,-0.7780183230461631,0.09810343074232235,0.09971639123530895,0.09900675661877711,4.524065218584339e-15,-1.220174612719573e-19,-7.196551463578422e-15
200.5,"[0.06062, 0.0456, 0.335332649813219]",0.0456,0.335332649813219,-0.1559715308636583,-0.15789628224390745,-0.15726271248188628,0.38796000298162764,0.3903781603877287,0.39049055579094544,-0.2606244119529112,-0.27539926350136984,-0.26686351734214764,-0.768838113420729,-0.7930018936986387,-0.7802373720225929,0.09827506265866809,0.09971639123530895,0.09917987794420734,2.848008084791048e-15,-1.220174612719573e-19,-7.47427941865677e-15
200.52,"[0.06062, 0.0456, 0.3347307475467018]",0.0456,0.3347307475467018,-0.15619469874762063,-0.15842301231578093,-0.15754011583721378,0.38839836843282016,0.3914826010787439,0.3910419697787884,-0.26169927351041306,-0.27761198322146946,-0.26816356302357663,-0.7708042581542972,-0.797184858014438,-0.7826248919344363,0.09843139664345059,0.10007937398857991,0.0993734887738454,1.1572641992914708e-15,-2.8788182679079745e-19,-7.578632204461462e-15
200.54,"[0.06062, 0.0456, 0.3347307475467018]",0.0456,0.3347307475467018,-0.1564253616926642,-0.15842301231578093,-0.15754011583721378,0.3888510254300892,0.3914826010787439,0.3910419697787884,-0.2628104844146976,-0.27761198322146946,-0.26816356302357663,-0.7728353017875503,-0.797184858014438,-0.7826248919344363,0.09859296917337594,0.10007937398857991,0.0993734887738454,-4.954925353483135e-16,-2.8788182679079745e-19,-7.578632204461462e-15
200.56,"[0.06062, 0.0456, 0.3341637899373452]",0.0456,0.3341637899373452,-0.15663716498012134,-0.1589158562723982,-0.15777926326859787,0.38926730485674355,0.3925109383025333,0.3915038045204928,-0.26382756935877094,-0.2796973724784193,-0.26933858522893805,-0.7746953239227108,-0.8011143836709926,-0.7847539624323888,0.09874126789727797,0.10041918395417639,0.0995413098688357,3.200240095168444e-15,-4.882910148381001e-19,-7.72374537854666e-15
200.58,"[0.06062, 0.0456, 0.3341637899373452]",0.0456,0.3341637899373452,-0.15683264038610983,-0.1589158562723982,-0.15777926326859787,0.3896506746665453,0.3925109383025333,0.3915038045204928,-0.26476891038373956,-0.2796973724784193,-0.26933858522893805,-0.7764148489018275,-0.8011143836709926,-0.7847539624323888,0.09887817197314096,0.10041918395417639,0.0995413098688357,1.0753264332575081e-15,-4.882910148381001e-19,-7.72374537854666e-15
200.6,"[0.06062, 0.0456, 0.3341637899373452]",0.0456,0.3341637899373452,-0.15703866294670485,-0.1589158562723982,-0.1580409053978115,0.39005454218467606,0.3925109383025333,0.39202153297491826,-0.2657603750444618,-0.2796973724784193,-0.2705708495489003,-0.7782250103371232,-0.8011143836709926,-0.7870112610063185,0.09902243500748646,0.10041918395417639,0.09972397821231826,-7.711328857365819e-16,-4.882910148381001e-19,-7.822119316481419e-15
200.62,"[0.06062, 0.0456, 0.3336323365038599]",0.0456,0.3336323365038599,-0.15722908901240878,-0.15937493667383865,-0.1583198926362129,0.3904282704352226,0.39346431668245885,0.3925831294377539,-0.2666743652087049,-0.2816532115197645,-0.27184339737117,-0.7798943979715186,-0.8047885715624021,-0.7893619246796398,0.09915572821621503,0.10073586997678925,0.09991801913199994,2.569729694334271e-15,-5.471930010260586e-19,-7.923191415276623e-15
200.643,"[0.06062, 0.0456, 0.3336323365038599]",0.0456,0.3336323365038599,-0.15754983823254654,-0.15937493667383865,-0.15857130701704752,0.39106233046481675,0.39346431668245885,0.3930840618305243,-0.2681918951980801,-0.2816532115197645,-0.2730106199890282,-0.7826745951717302,-0.8047885715624021,-0.7915068992019814,0.09937982929114435,0.10073586997678925,0.10009322150216564,-2.2742226119889724e-15,-5.471930010260586e-19,-7.80090825832134e-15
200.66,"[0.06062, 0.0456, 0.3331369117266217]",0.0456,0.3331369117266217,-0.15776636112716966,-0.15980037598190128,-0.15879574527272178,0.39149045227634877,0.39434385237504566,0.39352399034671176,-0.2692145504164696,-0.28347740258459764,-0.27408159498796,-0.7845480020276173,-0.8082056563702846,-0.7934595900320722,0.09953106261606685,0.10102948344825945,0.10025010955233452,-2.6200487900130886e-15,-4.871078660307958e-19,-7.572727985800435e-15
200.68,"[0.06062, 0.0456, 0.3331369117266217]",0.0456,0.3331369117266217,-0.1579865491903563,-0.15980037598190128,-0.1592686096353749,0.391926263150279,0.39434385237504566,0.3944728507521493,-0.2702515996262869,-0.28347740258459764,-0.27624494363856844,-0.7864484420943058,-0.8082056563702846,-0.7974488231808463,0.09968479208495927,0.10102948344825945,0.10057902360351054,-3.0718547004056003e-15,-4.871078660307958e-19,-7.273402391494143e-15
200.7,"[0.06062, 0.0456, 0.3331369117266217]",0.0456,0.3331369117266217,-0.1581147552348599,-0.15980037598190128,-0.1594693564218762,0.39218092191070025,0.39434385237504566,0.39486495544635375,-0.270850934031772,-0.28347740258459764,-0.2772061487882658,-0.787548480206665,-0.8082056563702846,-0.7991982683438,0.09977421523671562,0.10102948344825945,0.10071937295675208,-4.823260795210442e-15,-4.871078660307958e-19,-6.810397220273484e-15
200.72,"[0.06062, 0.0456, 0.33267800453007235]",0.0456,0.33267800453007235,-0.15835406224960763,-0.16019229500863635,-0.15990121988702852,0.3926555988604152,0.3951506238294761,0.39573642115680335,-0.2719719163803229,-0.28516797487128376,-0.2791577617949808,-0.7896044898952185,-0.8113640054267172,-0.8028071856374583,0.0999411637615393,0.10130007720462837,0.10101929558996874,-3.686142726233958e-15,-3.913148540169534e-19,-6.305953051965939e-15
200.74,"[0.06062, 0.0456, 0.33267800453007235]",0.0456,0.33267800453007235,-0.15862942871347752,-0.16019229500863635,-0.1600833610043941,0.3932035823657801,0.3951506238294761,0.39608984874928416,-0.273252619143604,-0.28516797487128376,-0.2800371345354965,-0.7919568628738027,-0.8113640054267172,-0.8044026305041656,0.10013308627868162,0.10130007720462837,0.10114672803359985,-5.903836203008765e-15,-3.913148540169534e-19,-5.7553005899710206e-15
200.76,"[0.06062, 0.0456, 0.3322560678002102]",0.0456,0.3322560678002102,-0.1588892831481879,-0.16055081142751182,-0.16024849922242737,0.3937201644957343,0.395885662913161,0.396404884817141,-0.2744625335297679,-0.2867230893374611,-0.2808560399394902,-0.7941779686927588,-0.8142621176217558,-0.8058773702404987,0.10031420929199504,0.10154770446438198,0.10126262658576209,-3.6380815076006084e-15,-3.7627953253021186e-19,-5.524377034332093e-15
200.78,"[0.06062, 0.0456, 0.3322560678002102]",0.0456,0.3322560678002102,-0.15914753420229183,-0.16055081142751182,-0.1604289503502935,0.39423026135720757,0.395885662913161,0.39675284260668947,-0.275677299756009,-0.2867230893374611,-0.28173409009797995,-0.7964008549940412,-0.8142621176217558,-0.8074655683305054,0.10049440857761496,0.10154770446438198,0.101388963443045,-1.0825966040514317e-15,-3.7627953253021186e-19,-5.164764194195072e-15
200.8,"[0.06062, 0.0456, 0.3322560678002102]",0.0456,0.3322560678002102,-0.15939100327041067,-0.16055081142751182,-0.1604289503502935,0.39470955179501577,0.395885662913161,0.39675284260668947,-0.2768280899293688,-0.2867230893374611,-0.28173409009797995,-0.7985031505351695,-0.8142621176217558,-0.8074655683305054,0.10066437400185017,0.10154770446438198,0.101388963443045,5.627846013645322e-16,-3.7627953253021186e-19,-5.164764194195072e-15
200.82,"[0.06062, 0.0456, 0.3318715179376468]",0.0456,0.3318715179376468,-0.1595882132155828,-0.1608760383566959,-0.16060547407559136,0.39509777704961985,0.39654994646215,0.3970825831238866,-0.27776022996992933,-0.2881410432960557,-0.28263340264320275,-0.8002060099235615,-0.816898622360819,-0.8090703453564333,0.10080204599547776,0.101772417815307,0.10151319475308211,4.385627576700448e-15,-3.2836219426989416e-19,-5.426987597022209e-15
200.84,"[0.06062, 0.0456, 0.3318715179376468]",0.0456,0.3318715179376468,-0.15978149277898515,-0.1608760383566959,-0.16075844505751336,0.39547489020414345,0.39654994646215,0.3973583378240348,-0.2786861327862037,-0.2881410432960557,-0.2834523578659318,-0.8018902336629811,-0.816898622360819,-0.8105124500151796,0.10093716425922519,0.101772417815307,0.10162150890680254,4.009946970285096e-15,-3.2836219426989416e-19,-5.645697472006708e-15
200.86,"[0.06062, 0.0456, 0.3315247344466691]",0.0456,0.3315247344466691,-0.15996711371190664,-0.1611680830238437,-0.16088918679452116,0.3958327452523337,0.39714438831360593,0.3975827192975462,-0.2795917155597236,-0.28942027477179905,-0.28419724579355504,-0.8035284547770815,-0.8192722785778007,-0.8118033830869306,0.10106718974206652,0.10197426825728982,0.10171483140014125,3.9162277213438196e-15,-3.5828532403415196e-19,-5.858200043954627e-15
200.88,"[0.06062, 0.0456, 0.3315247344466691]",0.0456,0.3315247344466691,-0.16013054084127543,-0.1611680830238437,-0.16102636939147588,0.39614504598872263,0.39714438831360593,0.3978203705462854,-0.28039972639902017,-0.28942027477179905,-0.2849684254453036,-0.8049845071866674,-0.8192722785778007,-0.8131431973031701,0.10118184263250149,0.10197426825728982,0.10181255506687975,3.4568777153947195e-15,-3.5828532403415196e-19,-6.199199734470766e-15
200.9,"[0.06062, 0.0456, 0.3315247344466691]",0.0456,0.3315247344466691,-0.16028840183208984,-0.1611680830238437,-0.16114411723339922,0.3964419690426862,0.39714438831360593,0.3980149836147221,-0.28119837305751644,-0.28942027477179905,-0.28566753128917205,-0.8064140750365113,-0.8192722785778007,-0.8143414127501952,0.10129288286482752,0.10197426825728982,0.10189705204119769,2.859324892199761e-15,-3.5828532403415196e-19,-6.4726961710101375e-15
200.92,"[0.06062, 0.0456, 0.331216059560715]",0.0456,0.331216059560715,-0.1604403904525676,-0.16142704552154438,-0.16114411723339922,0.39672332663562393,0.3976698318753746,0.3980149836147221,-0.28198459360396355,-0.290559366583844,-0.28566753128917205,-0.8078124298190585,-0.8213819738100803,-0.8143414127501952,0.10140007028044896,0.1021533043081768,0.10189705204119769,2.5884248363399255e-15,-3.8098011561040677e-19,-6.4726961710101375e-15
200.94,"[0.06062, 0.0456, 0.331216059560715]",0.0456,0.331216059560715,-0.16057409854091964,-0.16142704552154438,-0.1612733750819361,0.3969687414620335,0.3976698318753746,0.398238391741532,-0.2826843517726966,-0.290559366583844,-0.28639494770742835,-0.8090529365832358,-0.8213819738100803,-0.815603761282113,0.10149449681478794,0.1021533043081768,0.10198912524378669,4.81670804099405e-15,-3.8098011561040677e-19,-6.7201127091378655e-15
200.96,"[0.06062, 0.0456, 0.33094579790463013]",0.0456,0.33094579790463013,-0.16070696108371368,-0.1616530176622259,-0.16140011728749074,0.3972099750155436,0.39812704328490806,0.3984556185461656,-0.2833893650086934,-0.29155705012164884,-0.2871140854631547,-0.8102975932832013,-0.8232267233418303,-0.8168481719993873,0.10158847621609615,0.10230957117952955,0.10207948365393962,3.897951759003099e-15,-3.4659032044433503e-19,-7.110802878238642e-15
200.98,"[0.06062, 0.0456, 0.33094579790463013]",0.0456,0.33094579790463013,-0.1608272539639333,-0.1616530176622259,-0.16151107759993097,0.39742709687435374,0.39812704328490806,0.39864004045118967,-0.2840323395054031,-0.29155705012164884,-0.2877663903481227,-0.8114302062818866,-0.8232267233418303,-0.8179669746408088,0.10167363537217097,0.10230957117952955,0.10215896631741332,2.6244754259368063e-15,-3.4659032044433503e-19,-7.361520409766556e-15
201.0,"[0.06062, 0.0456, 0.33094579790463013]",0.0456,0.33094579790463013,-0.16094719402665472,-0.1616530176622259,-0.16151107759993097,0.39764095818290573,0.39812704328490806,0.39864004045118967,-0.2846831017342735,-0.29155705012164884,-0.2877663903481227,-0.8125715000395292,-0.8232267233418303,-0.8179669746408088,0.10175869481185187,0.10230957117952955,0.10215896631741332,1.85420832930317e-15,-3.4659032044433503e-19,-7.361520409766556e-15
201.02,"[0.06062, 0.0456, 0.3307142161940401]",0.0456,0.3307142161940401,-0.1610543319055717,-0.16184608194082725,-0.1616192367662106,0.39783078381425824,0.3985167052064115,0.39881871663832735,-0.28526892657945774,-0.2924122087832314,-0.28840548053460296,-0.813596640221026,-0.8248056694220023,-0.819060990142912,0.10183474639770324,0.10244311002870875,0.10223648061156827,3.600097569773535e-15,-3.7854017760994093e-19,-7.720548506738978e-15
201.04,"[0.06062, 0.0456, 0.3307142161940401]",0.0456,0.3307142161940401,-0.1611519295041301,-0.16184608194082725,-0.1616192367662106,0.3980024101943952,0.3985167052064115,0.39881871663832735,-0.28580735372254623,-0.2924122087832314,-0.28840548053460296,-0.8145364053181611,-0.8248056694220023,-0.819060990142912,0.1019040996116604,0.10244311002870875,0.10223648061156827,2.199200864276861e-15,-3.7854017760994093e-19,-7.720548506738978e-15
201.06,"[0.06062, 0.0456, 0.330521542972134]",0.0456,0.330521542972134,-0.1612407178839207,-0.16200631061293372,-0.16170965708032048,0.3981575084191217,0.3988394113111353,0.39895965117629545,-0.28630099782538315,-0.293123881047238,-0.2889729677028991,-0.8153960764421092,-0.8261180805632005,-0.8200184865303071,0.10196725200143691,0.10255395729324214,0.10230183003643917,3.450826891490292e-15,-3.430108835728854e-19,-8.005193430115036e-15
201.08,"[0.06062, 0.0456, 0.330521542972134]",0.0456,0.330521542972134,-0.16132981633123808,-0.16200631061293372,-0.16180697583682407,0.39830991554338513,0.3988394113111353,0.39912000232514694,-0.2868086721105396,-0.293123881047238,-0.2895489817589946,-0.8162743343660475,-0.8261180805632005,-0.8210035071874789,0.1020308218278828,0.10255395729324214,0.10237158152805588,2.4029141583402677e-15,-3.430108835728854e-19,-8.1681596304011e-15
201.1,"[0.06062, 0.0456, 0.330521542972134]",0.0456,0.330521542972134,-0.16142047663729991,-0.16200631061293372,-0.16189242092461162,0.3984638320323172,0.3988394113111353,0.3992565481651747,-0.2873293309521863,-0.293123881047238,-0.2900714338791678,-0.8171728772093024,-0.8261180805632005,-0.8218899381058794,0.10209556617071064,0.10255395729324214,0.1024330989292037,1.5083555341157168e-15,-3.430108835728854e-19,-8.227888003730323e-15
201.12,"[0.06062, 0.0456, 0.3303679683841201]",0.0456,0.3303679683841201,-0.16150245599398957,-0.16213376489535006,-0.16197798231049862,0.39860215897235657,0.3990956614812686,0.3993956237465296,-0.28780330982593066,-0.29369126315297006,-0.29058481311526757,-0.8179893400041742,-0.8271633509273212,-0.8227645130423797,0.10215416082851572,0.10264214411286077,0.1024945301372565,6.07784900424517e-16,-3.656359098689614e-19,-8.274755448268775e-15
201.14,"[0.06062, 0.0456, 0.3303679683841201]",0.0456,0.3303679683841201,-0.16158510546939747,-0.16213376489535006,-0.16205279985465681,0.3987404004775237,0.3990956614812686,0.39951310909113746,-0.28828559132810105,-0.29369126315297006,-0.2910499694253103,-0.8188179111443301,-0.8271633509273212,-0.8235502472069012,0.10221330218824592,0.10264214411286077,0.10254851543448468,-7.569517332838966e-17,-3.656359098689614e-19,-8.254469007420538e-15
201.16,"[0.06062, 0.0456, 0.33025364398957546]",0.0456,0.33025364398957546,-0.16166723382362325,-0.1622284942952552,-0.16205279985465681,0.39887664143348944,0.39928585777293796,0.39951310909113746,-0.2887689591071287,-0.2941137113655508,-0.2910499694253103,-0.8196463389286008,-0.8279409998033367,-0.8235502472069012,0.10227213402807432,0.10270769584394747,0.10254851543448468,-4.1616956679879224e-16,-3.657502756586164e-19,-8.254469007420538e-15
201.181,"[0.06062, 0.0456, 0.33025364398957546]",0.0456,0.33025364398957546,-0.16177883612336602,-0.1622284942952552,-0.16212393890799648,0.3990603356294251,0.39928585777293796,0.3996252236927502,-0.2894311376406198,-0.2941137113655508,-0.2914902166767308,-0.8207787168905873,-0.8279409998033367,-0.8242944352897952,0.10235216244844966,0.10270769584394747,0.10259980602982473,-1.4635620677643917e-16,-3.657502756586164e-19,-8.272266891440007e-15
201.2,"[0.06062, 0.0456, 0.33017868261287503]",0.0456,0.33017868261287503,-0.16181334640182654,-0.1622284942952552,-0.16212393890799648,0.3991168244359539,0.39928585777293796,0.3996252236927502,-0.2896370455487435,-0.2941137113655508,-0.2914902166767308,-0.8211302887343206,-0.8279409998033367,-0.8242944352897952,0.10237692680647723,0.10270769584394747,0.10259980602982473,5.238242841872395e-16,-3.657502756586164e-19,-8.272266891440007e-15
201.22,"[0.06062, 0.0456, 0.33017868261287503]",0.0456,0.33017868261287503,-0.16187235897799473,-0.1622905360731638,-0.16218540781895116,0.39921342029512025,0.3994103011684406,0.3997187199395147,-0.28998914807162446,-0.29439074380674307,-0.29188355588738435,-0.8217314765870967,-0.8284506711819498,-0.8249539846885576,0.10241927385870431,0.10275063167042248,0.10264433238233665,1.437067398131102e-15,-3.5476687343482064e-19,-8.347556692197255e-15
201.24,"[0.06062, 0.0456, 0.33017868261287503]",0.0456,0.33017868261287503,-0.16193183825777688,-0.1622905360731638,-0.16223965749894226,0.3993094272279453,0.3994103011684406,0.39979718699538747,-0.29034908556509964,-0.29439074380674307,-0.2922465373875023,-0.8223437531335666,-0.8284506711819498,-0.8255565138707706,0.10246203497798648,0.10275063167042248,0.10268388913202753,7.650717358902478e-16,-3.5476687343482064e-19,-8.361082542914402e-15
201.26,"[0.06062, 0.0456, 0.33014315823184737]",0.0456,0.33014315823184737,-0.16199032391359874,-0.16231991484392272,-0.16223965749894226,0.3994021015841474,0.39946918914211343,0.39979718699538747,-0.29070960141984764,-0.2945220418355469,-0.2922465373875023,-0.822954177680832,-0.8286921334311186,-0.8255565138707706,0.10250418726704594,0.10277096431432549,0.10268388913202753,3.401759402592616e-16,-3.513768188219186e-19,-8.361082542914402e-15
201.28,"[0.06062, 0.0456, 0.33014315823184737]",0.0456,0.33014315823184737,-0.16203769729481043,-0.16231991484392272,-0.1622836651611846,0.3994771678126571,0.39946918914211343,0.3998553839830135,-0.29100161926226575,-0.2945220418355469,-0.2925622321621016,-0.8234486215641522,-0.8286921334311186,-0.8260726473328207,0.10253833062118271,0.10277096431432549,0.10271632465054074,1.0368465260628444e-15,-3.513768188219186e-19,-8.413605405889983e-15
201.3,"[0.06062, 0.0456, 0.33014315823184737]",0.0456,0.33014315823184737,-0.1620844311894224,-0.16231991484392272,-0.16232492640385346,0.3995490288854122,0.39946918914211343,0.39990792869686265,-0.2912981357217286,-0.2945220418355469,-0.29286613151115554,-0.8239471864673946,-0.8286921334311186,-0.8265667772742646,0.1025721494865519,0.10277096431432549,0.10274686567615918,4.877607925845061e-16,-3.513768188219186e-19,-8.491325354227558e-15
201.32,"[0.06062, 0.0456, 0.33014710590476765]",0.0456,0.33014710590476765,-0.162130125280165,-0.16231991484392272,-0.16235746107742147,0.3996172198499742,0.39946918914211343,0.3999428289445643,-0.29159605493022095,-0.2945220418355469,-0.2931313393944703,-0.8244449087278977,-0.8286921334311186,-0.8269894427523861,0.10260534556236815,0.10277096431432549,0.10277136752465382,7.521709546421265e-17,-3.513768188219186e-19,-8.457255462422254e-15
201.34,"[0.06062, 0.0456, 0.33014710590476765]",0.0456,0.33014710590476765,-0.16217331908164395,-0.16231991484392272,-0.16235746107742147,0.3996790855783308,0.39946918914211343,0.3999428289445643,-0.29188775898693986,-0.2945220418355469,-0.2931313393944703,-0.8249283701997527,-0.8286921334311186,-0.8269894427523861,0.10263688973499287,0.10277096431432549,0.10277136752465382,-1.275922450378846e-16,-3.513768188219186e-19,-8.457255462422254e-15
201.36,"[0.06062, 0.0456, 0.3301905217357593]",0.0456,0.3301905217357593,-0.1622083060608382,-0.16228071892500065,-0.16237964187065007,0.39972919681828756,0.3993905689587699,0.39995723284091017,-0.2921240392729387,-0.2943469805594929,-0.29334894249019056,-0.8253199739919805,-0.8283701300571256,-0.8273251369739985,0.10266244051481788,0.10274383872791498,0.10278867644437926,4.1200292472360173e-16,-3.4505160503050664e-19,-8.46664748555845e-15
201.38,"[0.06062, 0.0456, 0.3301905217357593]",0.0456,0.3301905217357593,-0.16224085986470313,-0.16228071892500065,-0.16239305623899808,0.3997725236629699,0.3993905689587699,0.39995292230994567,-0.29235677089273066,-0.2943469805594929,-0.29353170937119216,-0.8257009549657653,-0.8283701300571256,-0.8275943447718639,0.1026864253412246,0.10274383872791498,0.10279998737304614,1.0270454788258551e-16,-3.4505160503050664e-19,-8.449807463405288e-15
201.4,"[0.06062, 0.0456, 0.3301905217357593]",0.0456,0.3301905217357593,-0.16226856988266905,-0.16228071892500065,-0.16239305623899808,0.3998071873540669,0.3993905689587699,0.39995292230994567,-0.29256356019285984,-0.2943469805594929,-0.29353170937119216,-0.8260364703343172,-0.8283701300571256,-0.8275943447718639,0.1027069841434806,0.10274383872791498,0.10279998737304614,-1.6350763462385675e-16,-3.4505160503050664e-19,-8.449807463405288e-15
201.42,"[0.06062, 0.0456, 0.33027336287863884]",0.0456,0.33027336287863884,-0.16229222229036852,-0.16221212516597824,-0.16239145374548614,0.39983487699605585,0.3992529145912449,0.3999169707554781,-0.29274750854530984,-0.2940408068919764,-0.29365316885155973,-0.826332466484674,-0.8278068113099307,-0.8277475511208149,0.10272465475688708,0.10269637023732583,0.10280099695100245,1.6874362746932933e-16,-3.6014017402469216e-19,-8.44994461530388e-15
201.44,"[0.06062, 0.0456, 0.33027336287863884]",0.0456,0.33027336287863884,-0.1623110762668417,-0.16221212516597824,-0.16238589365992467,0.399850474810728,0.3992529145912449,0.3998742199450541,-0.2929195840120243,-0.2940408068919764,-0.2937523709679336,-0.8266013325727479,-0.8278068113099307,-0.8278622628624354,0.10273915977355837,0.10269637023732583,0.10279919039099544,5.545360774284305e-17,-3.6014017402469216e-19,-8.452826229623403e-15
201.46,"[0.06062, 0.0456, 0.3303955475791997]",0.0456,0.3303955475791997,-0.16232579197922928,-0.16211083913426014,-0.16238589365992467,0.39985883395957056,0.39904944714763096,0.3998742199450541,-0.29306888535169867,-0.29358926784411266,-0.2937523709679336,-0.8268305852782487,-0.8269756027834909,-0.8278622628624354,0.10275072818106142,0.10262628376008158,0.10279919039099544,-6.729976222596579e-17,-3.5758299866973067e-19,-8.452826229623403e-15
201.48,"[0.06062, 0.0456, 0.3303955475791997]",0.0456,0.3303955475791997,-0.16233721129855858,-0.16211083913426014,-0.16236572472480726,0.3998617572971837,0.39904944714763096,0.3998000060339194,-0.2931987476273477,-0.29358926784411266,-0.2937946774185118,-0.8270266040264623,-0.8269756027834909,-0.827867716901515,0.10275993600073757,0.10262628376008158,0.10278740879033425,1.809004931508205e-17,-3.5758299866973067e-19,-8.452311794778317e-15
201.5,"[0.06062, 0.0456, 0.330556955255894]",0.0456,0.330556955255894,-0.1623449384370713,-0.16211083913426014,-0.16234382199126857,0.3998450227053765,0.39904944714763096,0.39972417748461414,-0.2933602446129423,-0.29358926784411266,-0.29382185902814156,-0.8272545456258886,-0.8269756027834909,-0.8278493428870629,0.10276738112641716,0.10262628376008158,0.10277430475841731,-2.5364123236833468e-17,-3.5758299866973067e-19,-8.453733278338507e-15
201.52,"[0.06062, 0.0456, 0.330556955255894]",0.0456,0.330556955255894,-0.16234482679249357,-0.16197681948544032,-0.16234382199126857,0.39983293818350457,0.3987798325772676,0.39972417748461414,-0.29340640605894264,-0.2929928653587574,-0.29382185902814156,-0.8273140253557985,-0.8258768886381542,-0.8278493428870629,0.10276807348950617,0.10253355786644941,0.10277430475841731,-1.5106269642513605e-17,-3.8413611256496255e-19,-8.453733278338507e-15
201.54,"[0.06062, 0.0456, 0.330556955255894]",0.0456,0.330556955255894,-0.16234463588025796,-0.16197681948544032,-0.16230567506140545,0.3998122736510862,0.3987798325772676,0.39961310119100807,-0.2934853421316517,-0.2929928653587574,-0.29378680539983987,-0.8274157356939521,-0.8258768886381542,-0.8277108111892758,0.10276925743038785,0.10253355786644941,0.10275012612122493,-1.5622396442909917e-16,-3.8413611256496255e-19,-8.449752401499483e-15
201.56,"[0.06062, 0.0456, 0.3307574266188318]",0.0456,0.3307574266188318,-0.162337233324677,-0.1618100145686252,-0.16230567506140545,0.39977443088404935,0.3984436432705483,0.39961310119100807,-0.2935426201611532,-0.2922522629854774,-0.29378680539983987,-0.8274718000452782,-0.8245111826076498,-0.8277108111892758,0.10276562248143563,0.10241816620950425,0.10275012612122493,-5.3970472297211786e-17,-4.1837620173966974e-19,-8.449752401499483e-15
201.58,"[0.06062, 0.0456, 0.3307574266188318]",0.0456,0.3307574266188318,-0.16233123725465282,-0.1618100145686252,-0.16224881724212878,0.39974377824274243,0.3984436432705483,0.39946177060764126,-0.29358901536506116,-0.2922522629854774,-0.2936786524163683,-0.8275172121698477,-0.8245111826076498,-0.8274320141939562,0.10276267817278416,0.10241816620950425,0.10271316721246654,-3.1592380024991377e-16,-4.1837620173966974e-19,-8.43951118498913e-15
201.601,"[0.06062, 0.0456, 0.3307574266188318]",0.0456,0.3307574266188318,-0.16230890143125865,-0.1618100145686252,-0.162193642506912,0.39966735417416477,0.3984436432705483,0.39931665440034175,-0.2936133070181644,-0.2922522629854774,-0.2935668561535648,-0.827494123528671,-0.8245111826076498,-0.8271525895456368,0.10274926070223633,0.10241816620950425,0.10267718928300902,-2.4880236163437764e-16,-4.1837620173966974e-19,-8.441836735407752e-15
201.62,"[0.06062, 0.0456, 0.3310019454448805]",0.0456,0.3310019454448805,-0.16228700223563375,-0.1616060430280226,-0.162193642506912,0.39960072121751444,0.3980316401408807,0.39931665440034175,-0.2936044813624425,-0.29134914593670813,-0.2935668561535648,-0.8274292320791111,-0.8228438016479703,-0.8271525895456368,0.10273556713237163,0.102277089930111,0.10267718928300902,-9.733302976555223e-17,-4.590255272258753e-19,-8.441836735407752e-15
201.64,"[0.06062, 0.0456, 0.3310019454448805]",0.0456,0.3310019454448805,-0.16227766626276022,-0.1616060430280226,-0.16211769185186983,0.399572314535992,0.3980316401408807,0.39912563903720333,-0.29360071884605593,-0.29134914593670813,-0.2933785502250451,-0.8274015678295554,-0.8228438016479703,-0.8267234065974246,0.10272972934732412,0.102277089930111,0.10262709642663688,-3.532427979683855e-16,-4.590255272258753e-19,-8.442002871982167e-15
201.66,"[0.06062, 0.0456, 0.33127473068341307]",0.0456,0.33127473068341307,-0.16224727112469214,-0.16137777195801753,-0.16201943470838553,0.3994874461915976,0.39756929470106983,0.39888516195235996,-0.293558506816623,-0.29034191032786605,-0.29310868815702684,-0.8272727172026721,-0.8209814355853842,-0.8261341261393647,0.10271022909218196,0.10211924389250446,0.10256185686882117,3.453460388809386e-19,-4.3175243157075494e-19,-8.453279196364813e-15
201.68,"[0.06062, 0.0456, 0.33127473068341307]",0.0456,0.33127473068341307,-0.16221282534850928,-0.16137777195801753,-0.16201943470838553,0.39939465512415373,0.39756929470106983,0.39888516195235996,-0.2934973288659916,-0.29034191032786605,-0.29310868815702684,-0.8271094201491012,-0.8209814355853842,-0.8261341261393647,0.10268790992973495,0.10211924389250446,0.10256185686882117,6.984037106232451e-16,-4.3175243157075494e-19,-8.453279196364813e-15
201.702,"[0.06062, 0.0456, 0.3315910528683996]",0.0456,0.3315910528683996,-0.16216041648503218,-0.1611122044127539,-0.16192687963958782,0.39925658247512535,0.3970299218218561,0.39866056576863057,-0.29339200724604964,-0.2891742753083735,-0.2928468781105386,-0.8268451154827301,-0.8188191292428831,-0.8255691579946127,0.10265374954992622,0.1019356523713491,0.1025002775971679,-6.135889046205948e-16,-4.91244959230317e-19,-8.47979105479842e-15
201.72,"[0.06062, 0.0456, 0.3315910528683996]",0.0456,0.3315910528683996,-0.16211604448439867,-0.1611122044127539,-0.16192687963958782,0.39914333930126467,0.3970299218218561,0.39866056576863057,-0.29328843271886607,-0.2891742753083735,-0.2928468781105386,-0.8266026835672118,-0.8188191292428831,-0.8255691579946127,0.10262458987869062,0.1019356523713491,0.1025002775971679,-1.8480114845103738e-16,-4.91244959230317e-19,-8.47979105479842e-15
201.74,"[0.06062, 0.0456, 0.3315910528683996]",0.0456,0.3315910528683996,-0.16209712799991643,-0.1611122044127539,-0.16181191661850663,0.399095061948196,0.3970299218218561,0.3983869554137297,-0.2932442772625287,-0.2891742753083735,-0.2925003337740499,-0.8264993310137398,-0.8188191292428831,-0.824839624294616,0.10261215865042739,0.1019356523713491,0.10242343423495488,-6.222843144641459e-16,-4.91244959230317e-19,-8.478200073497175e-15
201.76,"[0.06062, 0.0456, 0.3319603793018416]",0.0456,0.3319603793018416,-0.16204293783744977,-0.1608009348633172,-0.1616689055246961,0.39896052170702007,0.39639566913299046,0.39805036090434026,-0.2931029280082887,-0.2878114610288245,-0.2920539991175474,-0.8261839867443362,-0.8162907360392685,-0.8239121342703986,0.10257630101127607,0.10172052869597656,0.10232758596886979,3.5998276820939333e-19,-5.88058743021953e-19,-8.495730545443251e-15
201.78,"[0.06062, 0.0456, 0.3319603793018416]",0.0456,0.3319603793018416,-0.16198474269647153,-0.1608009348633172,-0.1616689055246961,0.39881788466072815,0.39639566913299046,0.39805036090434026,-0.29294380164671985,-0.2878114610288245,-0.2920539991175474,-0.8258358088837122,-0.8162907360392685,-0.8239121342703986,0.10253767149695485,0.10172052869597656,0.10232758596886979,1.0798692945703282e-15,-5.88058743021953e-19,-8.495730545443251e-15
201.8,"[0.06062, 0.0456, 0.3319603793018416]",0.0456,0.3319603793018416,-0.16192473363383172,-0.1608009348633172,-0.1615412574098127,0.3986720551473837,0.39639566913299046,0.3977528575472665,-0.2927747391747074,-0.2878114610288245,-0.2916443339108244,-0.8254703107143712,-0.8162907360392685,-0.8230694708667984,0.10249775524640833,0.10172052869597656,0.1022418531107987,-3.6539377697608174e-16,-5.88058743021953e-19,-8.474717416740381e-15
201.82,"[0.06062, 0.0456, 0.3323374769928078]",0.0456,0.3323374769928078,-0.16186336148160896,-0.16048158975758353,-0.1615412574098127,0.3985241829058688,0.39574235438341454,0.3977528575472665,-0.29259683205175563,-0.28642052291923403,-0.2916443339108244,-0.8250899908568944,-0.8137043774948648,-0.8230694708667984,0.10245684979765755,0.10149990342908476,0.1022418531107987,4.964694296945613e-16,-5.694148291734802e-19,-8.474717416740381e-15
201.84,"[0.06062, 0.0456, 0.3323374769928078]",0.0456,0.3323374769928078,-0.16180216170796544,-0.16048158975758353,-0.16138753516555931,0.39837763108810376,0.39574235438341454,0.39739672764092404,-0.2924158574135051,-0.28642052291923403,-0.291141995684341,-0.8247060920659631,-0.8137043774948648,-0.8220427214149097,0.10241600042694436,0.10149990342908476,0.10213845202193748,-8.7723922581367085e-16,-5.694148291734802e-19,-8.465114795267683e-15
201.86,"[0.06062, 0.0456, 0.33276684230173553]",0.0456,0.33276684230173553,-0.16172338266490968,-0.16011646079556158,-0.1612081452990479,0.39819125943350964,0.39499285932140443,0.39698187522829886,-0.2921738236935423,-0.2848374201900047,-0.29055255759276305,-0.8242000516495,-0.8107547149565643,-0.8208397670276449,0.10236326622978198,0.1012477271823791,0.10201772905457082,-6.9960801496005495e-19,-6.279226958167979e-19,-8.483647601477806e-15
201.88,"[0.06062, 0.0456, 0.33276684230173553]",0.0456,0.33276684230173553,-0.16164163265338446,-0.16011646079556158,-0.1612081452990479,0.39799881315202584,0.39499285932140443,0.39698187522829886,-0.2919188325712307,-0.2848374201900047,-0.29055255759276305,-0.8236698634734533,-0.8107547149565643,-0.8208397670276449,0.10230847923334371,0.1012477271823791,0.10201772905457082,1.3173579257615462e-15,-6.279226958167979e-19,-8.483647601477806e-15
201.9,"[0.06062, 0.0456, 0.33323309040519544]",0.0456,0.33323309040519544,-0.16150791526066643,-0.15971785734737623,-0.16104572210211926,0.39768591964241995,0.39417114463707614,0.3966088419002793,-0.29149420639493384,-0.2831190787897253,-0.29000890089931003,-0.822792675689682,-0.8075450314038337,-0.8197374504550434,0.10221873938600574,0.10097254392723516,0.10190826356866454,1.1419277258807908e-15,-5.900117665996177e-19,-8.528065641019113e-15
201.92,"[0.06062, 0.0456, 0.33323309040519544]",0.0456,0.33323309040519544,-0.16146169594481016,-0.15971785734737623,-0.16085500033164102,0.39757821186840037,0.39417114463707614,0.3961691714912324,-0.2913456758498485,-0.2831190787897253,-0.28937648345997796,-0.8224871531699943,-0.8075450314038337,-0.8184501467016674,0.10218769180416166,0.10097254392723516,0.1017798179928739,6.694604235097204e-17,-5.900117665996177e-19,-8.661813691756815e-15
201.94,"[0.06062, 0.0456, 0.33323309040519544]",0.0456,0.33323309040519544,-0.16134642377830924,-0.15971785734737623,-0.16085500033164102,0.39731049419710734,0.39417114463707614,0.3961691714912324,-0.29097152930434683,-0.2831190787897253,-0.28937648345997796,-0.821720121948249,-0.8075450314038337,-0.8184501467016674,0.10211019577980689,0.10097254392723516,0.1017798179928739,6.818051174635775e-16,-5.900117665996177e-19,-8.661813691756815e-15
201.961,"[0.06062, 0.0456, 0.3337357611726002]",0.0456,0.3337357611726002,-0.16119630123740802,-0.15928571915448927,-0.16068553246310166,0.3969626931096243,0.39327638427717854,0.39578414514408505,-0.29048083775401023,-0.281267355026588,-0.28879214207276754,-0.8207166447996117,-0.8040770222713277,-0.8172770080305162,0.10200921315926927,0.10067433701066592,0.10166531559307365,5.178714721592075e-16,-6.060170879356541e-19,-8.638585901414922e-15
201.98,"[0.06062, 0.0456, 0.3337357611726002]",0.0456,0.3337357611726002,-0.16114522435997602,-0.15928571915448927,-0.16048790664269816,0.39684483831326445,0.39327638427717854,0.3953342589516925,-0.29031196819035754,-0.281267355026588,-0.28811322885716734,-0.8203726811264755,-0.8040770222713277,-0.8159114466602544,0.10197482340254023,0.10067433701066592,0.10153181662605822,-6.007034870612567e-16,-6.060170879356541e-19,-8.597749616975696e-15
202.0,"[0.06062, 0.0456, 0.3337357611726002]",0.0456,0.3337357611726002,-0.16103812031753104,-0.15928571915448927,-0.16048790664269816,0.39659831799224776,0.39327638427717854,0.3953342589516925,-0.28995530991504664,-0.281267355026588,-0.28811322885716734,-0.8196479471084701,-0.8040770222713277,-0.8159114466602544,0.10190266702183032,0.10067433701066592,0.10153181662605822,7.231714418919379e-16,-6.060170879356541e-19,-8.597749616975696e-15
202.02,"[0.06062, 0.0456, 0.3342743585285906]",0.0456,0.3342743585285906,-0.1609335797193103,-0.1588199271339633,-0.1602608868612382,0.396358146774911,0.39230748650889397,0.3948158405116906,-0.2896053145225407,-0.2792842357895186,-0.2873385027627614,-0.818938012030478,-0.8003523523247628,-0.8143485319069689,0.10183220544642621,0.10035305550954243,0.10137853080457161,-1.4800934723714318e-15,-5.908262592457818e-19,-8.570594915604221e-15
202.04,"[0.06062, 0.0456, 0.3342743585285906]",0.0456,0.3342743585285906,-0.1608057680762782,-0.1588199271339633,-0.15985863711058793,0.3960651085852657,0.39230748650889397,0.3939010986220539,-0.2891746202967621,-0.2792842357895186,-0.285950895793004,-0.818066010814258,-0.8003523523247628,-0.8115594176026645,0.10174600726426493,0.10035305550954243,0.10110668712295866,-2.103667440984632e-16,-5.908262592457818e-19,-8.693757990120793e-15
202.06,"[0.06062, 0.0456, 0.3348483509426019]",0.0456,0.3348483509426019,-0.16056477319934184,-0.15832036129906382,-0.15963319855529923,0.3955143074678857,0.39126332394039703,0.39338573043504405,-0.2883550906972731,-0.27717183432135767,-0.2851825349876589,-0.8164114579551304,-0.7963728189550408,-0.8100072732968608,0.10158334674171439,0.1000086502563918,0.10095446998184542,1.3412250102855558e-15,-3.606556288882242e-19,-9.036379950120035e-15
202.08,"[0.06062, 0.0456, 0.3348483509426019]",0.0456,0.3348483509426019,-0.16047161573494068,-0.15832036129906382,-0.15942604658854295,0.3953014497647934,0.39126332394039703,0.39291644583192986,-0.2880378351308676,-0.27717183432135767,-0.28445929308092155,-0.8157710394931549,-0.7963728189550408,-0.8085584811177393,0.10152045906561714,0.1000086502563918,0.10081431186797118,3.1404835605954352e-15,-3.606556288882242e-19,-9.362067473179016e-15
202.1,"[0.06062, 0.0456, 0.3348483509426019]",0.0456,0.3348483509426019,-0.16029160127413325,-0.15832036129906382,-0.15942604658854295,0.3948905346321944,0.39126332394039703,0.39291644583192986,-0.28742300392153763,-0.27717183432135767,-0.28445929308092155,-0.814531044705175,-0.7963728189550408,-0.8085584811177393,0.10139890532810589,0.1000086502563918,0.10081431186797118,2.620416606683889e-15,-3.606556288882242e-19,-9.362067473179016e-15
202.12,"[0.06062, 0.0456, 0.3354571719534204]",0.0456,0.3354571719534204,-0.16012714588386745,-0.1577869022071167,-0.15896403745607074,0.39451545776051267,0.39014274270561905,0.3918707864080697,-0.2868598988702695,-0.2749323852273076,-0.2828382675904581,-0.8133962576307059,-0.7921403532351087,-0.8053143268281234,0.1012878325704756,0.09964107507157483,0.10050153213114177,-1.0745741042862362e-15,-2.857139013743991e-19,-9.365618023060216e-15
202.14,"[0.06062, 0.0456, 0.3354571719534204]",0.0456,0.3354571719534204,-0.15992615128342982,-0.1577869022071167,-0.15896403745607074,0.3940581961505381,0.39014274270561905,0.3918707864080697,-0.28616607068925054,-0.2749323852273076,-0.2828382675904581,-0.8120012657902956,-0.7921403532351087,-0.8053143268281234,0.10115197479211017,0.09964107507157483,0.10050153213114177,2.727124001340347e-15,-2.857139013743991e-19,-9.365618023060216e-15
202.16,"[0.06062, 0.0456, 0.33610022072821233]",0.0456,0.33610022072821233,-0.15974334965622783,-0.15721943258046184,-0.1587624597864808,0.39364258829983706,0.3889445720626305,0.39142462453399407,-0.28553378810891183,-0.27256823935338353,-0.28209024933390725,-0.8107307473946185,-0.7876570211026842,-0.8038455894929457,0.10102839068632274,0.09925028790900135,0.10036437731024078,-1.3001738081348473e-15,-3.7702487914213166e-19,-9.43410107830716e-15
202.182,"[0.06062, 0.0456, 0.33610022072821233]",0.0456,0.33610022072821233,-0.15947752850152355,-0.15721943258046184,-0.15852558607616296,0.39304152011981236,0.3889445720626305,0.3908982074534125,-0.28460058911300595,-0.27256823935338353,-0.28121746336312003,-0.8088648696135203,-0.7876570211026842,-0.8021264005965696,0.1008484430611134,0.09925028790900135,0.10020328024020651,-3.0032631920643926e-15,-3.7702487914213166e-19,-9.302386434741786e-15
202.2,"[0.06062, 0.0456, 0.33610022072821233]",0.0456,0.33610022072821233,-0.15938233425898865,-0.15721943258046184,-0.1583093626953674,0.3928271888533576,0.3889445720626305,0.3904225345525387,-0.28426227654258873,-0.27256823935338353,-0.28040096900734,-0.8081910227156888,-0.7876570211026842,-0.8005311438587317,0.10078392677891364,0.09925028790900135,0.10005589161432706,-5.195330651148687e-16,-3.7702487914213166e-19,-9.2689460980811e-15
202.22,"[0.06062, 0.0456, 0.3367768626554732]",0.0456,0.3367768626554732,-0.15919792976617111,-0.15661783896689468,-0.1583093626953674,0.3924131150976402,0.38766763422534617,0.3904225345525387,-0.2836021126114621,-0.27008185857416905,-0.28040096900734,-0.8068792188465072,-0.7829250245811616,-0.8005311438587317,0.10065886507376702,0.09883625202505177,0.10005589161432706,-2.0934688932491286e-16,-5.055015476076917e-19,-9.2689460980811e-15
202.24,"[0.06062, 0.0456, 0.3367768626554732]",0.0456,0.3367768626554732,-0.15902910202271606,-0.15661783896689468,-0.1580555687810574,0.39203490479444025,0.38766763422534617,0.3898598209681623,-0.282993895335095,-0.27008185857416905,-0.2794576670939706,-0.805673084605967,-0.7829250245811616,-0.7986767813419212,0.10054430011627209,0.09883625202505177,0.0998831127646604,-3.5030675999945758e-15,-5.055015476076917e-19,-9.080793318011935e-15
202.26,"[0.06062, 0.0456, 0.3374864299713127]",0.0456,0.3374864299713127,-0.15884413070680076,-0.15598201343073867,-0.15782355836300527,0.3916216388678078,0.3863107543692135,0.389349942399839,-0.2823220119778238,-0.2674758105260773,-0.2785767205008003,-0.8043437869930353,-0.7779467030359455,-0.7969571566490138,0.10041867451926259,0.09839893716353976,0.09972484682197717,-2.4355951007113917e-15,-2.634122962886675e-19,-9.029071994097207e-15
202.28,"[0.06062, 0.0456, 0.3374864299713127]",0.0456,0.3374864299713127,-0.15865022196147893,-0.15598201343073867,-0.15754975624771098,0.3911900165392541,0.3863107543692135,0.38873811524958274,-0.28161040660571446,-0.2674758105260773,-0.2775751845027947,-0.8029403272348969,-0.7779467030359455,-0.794975758460567,0.10028684725657594,0.09839893716353976,0.09953868013576349,-2.0258961332512657e-15,-2.634122962886675e-19,-9.035141618705359e-15
202.3,"[0.06062, 0.0456, 0.3374864299713127]",0.0456,0.3374864299713127,-0.15844113347586364,-0.15598201343073867,-0.15729866601482168,0.3907241552945786,0.3863107543692135,0.3881819926041153,-0.28084371441468314,-0.2674758105260773,-0.2766363640224698,-0.8014270591750061,-0.7779467030359455,-0.7931319632472068,0.10014469550341965,0.09839893716353976,0.09936760876536156,-1.3877014495196022e-15,-2.634122962886675e-19,-9.124059488751283e-15
202.32,"[0.06062, 0.0456, 0.3382282224184572]",0.0456,0.3382282224184572,-0.15822406465826538,-0.15531185526607338,-0.15700591344351075,0.390241144383752,0.3848727707524865,0.387527932964287,-0.2800443178486703,-0.2647527633214959,-0.2755616137790435,-0.7998509909559447,-0.7727245344645324,-0.7910061802920375,0.09999704902298757,0.09793832074992923,0.09916844966444024,-1.3322936227553822e-15,-4.805008467428337e-19,-9.013544471896494e-15
202.34,"[0.06062, 0.0456, 0.3382282224184572]",0.0456,0.3382282224184572,-0.158018963658881,-0.15531185526607338,-0.15700591344351075,0.38978449958199823,0.3848727707524865,0.387527932964287,-0.27928933160589275,-0.2647527633214959,-0.2755616137790435,-0.7983617974030205,-0.7727245344645324,-0.7910061802920375,0.09985753946374533,0.09793832074992923,0.09916844966444024,-1.1209104933512824e-17,-4.805008467428337e-19,-9.013544471896494e-15
202.36,"[0.06062, 0.0456, 0.3390015079373191]",0.0456,0.3390015079373191,-0.1578264841179585,-0.1546072727242084,-0.156737585025467,0.38935575192500393,0.3833525448962572,0.38693325914552135,-0.27858106522716125,-0.26191548027805106,-0.274556660512862,-0.7969642301590558,-0.7672611368199305,-0.7890316087618232,0.09972661240167995,0.0974543890884166,0.09898556677569044,-3.718210553360324e-15,-4.315943188159076e-19,-9.036714096809403e-15
202.38,"[0.06062, 0.0456, 0.3390015079373191]",0.0456,0.3390015079373191,-0.15761959329038522,-0.1546072727242084,-0.15642764178072469,0.38889547829726256,0.3833525448962572,0.38624261270163057,-0.2778164283399525,-0.26191548027805106,-0.2734076724276902,-0.7954570321008116,-0.7672611368199305,-0.7867640392434737,0.09958581373254251,0.0974543890884166,0.09877448080969943,-2.784934310614795e-15,-4.315943188159076e-19,-8.779432375814116e-15
202.4,"[0.06062, 0.0456, 0.3390015079373191]",0.0456,0.3390015079373191,-0.15742101739557765,-0.1546072727242084,-0.15642764178072469,0.38845359201440116,0.3833525448962572,0.38624261270163057,-0.27708217365283394,-0.26191548027805106,-0.2734076724276902,-0.7940094447218324,-0.7672611368199305,-0.7867640392434737,0.0994506582139419,0.0974543890884166,0.09877448080969943,-7.546984678908848e-16,-4.315943188159076e-19,-8.779432375814116e-15
202.42,"[0.06062, 0.0456, 0.33980552338845116]",0.0456,0.33980552338845116,-0.15723227602875348,-0.1538681847481485,-0.15607578293143567,0.3880335059453458,0.38174897176844846,0.3854525557772972,-0.2763840184284119,-0.2589668146957441,-0.27212411408259485,-0.7926328176880658,-0.7615592693682799,-0.7842145268847717,0.09932218450694025,0.09694713855594753,0.09853515945192381,-4.221746622537876e-15,-3.7451959166478523e-19,-8.365706253877265e-15
202.44,"[0.06062, 0.0456, 0.33980552338845116]",0.0456,0.33980552338845116,-0.15704420963670135,-0.1538681847481485,-0.15575237530631708,0.38761423053696403,0.38174897176844846,0.38472947967238474,-0.275690156862326,-0.2589668146957441,-0.2709314737597836,-0.7912627985550063,-0.7615592693682799,-0.7818541327501455,0.09919418866848802,0.09694713855594753,0.0983149688154235,-1.037126194929456e-15,-3.7451959166478523e-19,-8.289039166588727e-15
202.46,"[0.06062, 0.0456, 0.34063947530567307]",0.0456,0.34063947530567307,-0.15686020856269875,-0.15309452270754637,-0.15575237530631708,0.3872035123329975,0.38006098991948334,0.38472947967238474,-0.27501260874252653,-0.25590970471299024,-0.2709314737597836,-0.7899236269447841,-0.7556218340829459,-0.7818541327501455,0.09906897311714631,0.09641657678776878,0.0983149688154235,-4.2839218224223166e-15,-4.595683053149904e-19,-8.289039166588727e-15
202.48,"[0.06062, 0.0456, 0.34063947530567307]",0.0456,0.34063947530567307,-0.15664972024398707,-0.15309452270754637,-0.15538445994947725,0.3867334461278406,0.38006098991948334,0.3838999836954088,-0.274237193104313,-0.25590970471299024,-0.2695992246904273,-0.7883904230550488,-0.7556218340829459,-0.7791983554373565,0.09892571229962209,0.09641657678776878,0.09806485148652153,-2.3757222041402255e-15,-4.595683053149904e-19,-8.075591368615012e-15
202.5,"[0.06062, 0.0456, 0.34063947530567307]",0.0456,0.34063947530567307,-0.1564424331701484,-0.15309452270754637,-0.15504642450119047,0.38626974290396415,0.38006098991948334,0.38314155154712826,-0.2734758815304586,-0.25590970471299024,-0.2683598931064954,-0.786882950173118,-0.7556218340829459,-0.7767380833521471,0.09878465930453714,0.09641657678776878,0.09783478627253041,4.4117864255486074e-16,-4.595683053149904e-19,-8.152163804716093e-15
202.52,"[0.06062, 0.0456, 0.3415025406791268]",0.0456,0.3415025406791268,-0.15620761471339323,-0.1522862321284659,-0.15504642450119047,0.3857436454398691,0.3782875915202559,0.38314155154712826,-0.2726153835809691,-0.2527471682706297,-0.2683598931064954,-0.7851768499720576,-0.7494518770788056,-0.7767380833521471,0.09862488929751924,0.09586272384970128,0.09783478627253041,1.8266584268396594e-15,-2.213956548537279e-19,-8.152163804716093e-15
202.54,"[0.06062, 0.0456, 0.3415025406791268]",0.0456,0.3415025406791268,-0.1559869885730721,-0.1522862321284659,-0.15466301602924046,0.38524924760061957,0.3782875915202559,0.38227565831529453,-0.27180684039912606,-0.2527471682706297,-0.26697362147874504,-0.7835734843213783,-0.7494518770788056,-0.7739701922482655,0.09847476972257987,0.09586272384970128,0.09757413164695462,-2.504873451128871e-15,-2.213956548537279e-19,-7.936019227667901e-15
202.561,"[0.06062, 0.0456, 0.3423938677674878]",0.0456,0.3423938677674878,-0.15565924809992254,-0.1514432744131667,-0.15466301602924046,0.3845135422565913,0.37642783225629006,0.38227565831529453,-0.2706093260855935,-0.24948229821081164,-0.26697362147874504,-0.7811951913592675,-0.7430525900919073,-0.7739701922482655,0.09825180982848139,0.09528561339295173,0.09757413164695462,-1.6874469752289572e-15,-3.899009415334475e-19,-7.936019227667901e-15
202.58,"[0.06062, 0.0456, 0.3423938677674878]",0.0456,0.3423938677674878,-0.15542667136709545,-0.1514432744131667,-0.1542300896352219,0.38398935774905013,0.37642783225629006,0.38128579272475066,-0.2697665936942643,-0.24948229821081164,-0.26545413623320996,-0.7795155990423165,-0.7430525900919073,-0.7709017673167812,0.09809369323054905,0.09528561339295173,0.09728055421447365,1.5752971035908385e-15,-3.899009415334475e-19,-7.808188488637552e-15
202.6,"[0.06062, 0.0456, 0.3423938677674878]",0.0456,0.3423938677674878,-0.15530701319390647,-0.1514432744131667,-0.1542300896352219,0.383719001246815,0.37642783225629006,0.38128579272475066,-0.2693353479525177,-0.24948229821081164,-0.26545413623320996,-0.7786542158734964,-0.7430525900919073,-0.7709017673167812,0.09801237932884195,0.09528561339295173,0.09728055421447365,-7.847547205165292e-16,-3.899009415334475e-19,-7.808188488637552e-15
202.62,"[0.06062, 0.0456, 0.34331257693853123]",0.0456,0.34331257693853123,-0.15510239771775378,-0.15056562854606134,-0.15383576917729522,0.38325669162799186,0.37448084103553136,0.38039195306832574,-0.2685979177341459,-0.24611825753533176,-0.2640380961831912,-0.7771812506548286,-0.7364273120111706,-0.7680646131767734,0.09787333255692299,0.0946852937879502,0.09701260946108418,-4.254198799334386e-15,-4.649114164883541e-19,-7.773223986868971e-15
202.64,"[0.06062, 0.0456, 0.34331257693853123]",0.0456,0.34331257693853123,-0.15486173829506839,-0.15056562854606134,-0.1533928005973079,0.3827123913020132,0.37448084103553136,0.3793793791994044,-0.26773155164794255,-0.24611825753533176,-0.26247803888150056,-0.7754490895412509,-0.7364273120111706,-0.7649143144881437,0.09770979516852189,0.0946852937879502,0.09671209334142815,-1.770617641763361e-15,-4.649114164883541e-19,-7.642042776577141e-15
202.66,"[0.06062, 0.0456, 0.34425776153722226]",0.0456,0.34425776153722226,-0.15462250730469657,-0.1496532927829746,-0.15289524541813704,0.3821702506510776,0.372445829471018,0.3782246505612588,-0.2668737893879832,-0.24265827484555305,-0.2607931729316754,-0.773731009170425,-0.7295795304702546,-0.7614607534852091,0.09754727827195131,0.09406182923439621,0.09637566059559863,1.5963515237339322e-15,-4.154193918760836e-19,-7.866328849638476e-15
202.68,"[0.06062, 0.0456, 0.34425776153722226]",0.0456,0.34425776153722226,-0.1543391075123818,-0.1496532927829746,-0.15289524541813704,0.38152451221180744,0.372445829471018,0.3782246505612588,-0.2658701102052593,-0.24265827484555305,-0.2607931729316754,-0.7717104810877825,-0.7295795304702546,-0.7614607534852091,0.09735494986037808,0.09406182923439621,0.09637566059559863,4.324816953670294e-15,-4.154193918760836e-19,-7.866328849638476e-15
202.7,"[0.06062, 0.0456, 0.34425776153722226]",0.0456,0.34425776153722226,-0.1540647737144709,-0.1496532927829746,-0.1524408378776249,0.3808975384985716,0.372445829471018,0.3771794565566826,-0.26490549213151887,-0.24265827484555305,-0.2592155496366783,-0.7697630328503694,-0.7295795304702546,-0.7582552129775477,0.09716888489988461,0.09406182923439621,0.09606774070162721,-1.1579297086062142e-15,-4.154193918760836e-19,-8.057813282625821e-15
202.72,"[0.06062, 0.0456, 0.3452284887804755]",0.0456,0.3452284887804755,-0.15375622590547236,-0.148706286321844,-0.15193156502533262,0.3801911029299716,0.37032210110366925,0.37599223208500016,-0.26382440306593646,-0.23910563998351744,-0.2575085906908505,-0.7675765470817738,-0.7225128835091925,-0.7547391391405033,0.09695966750202739,0.09341530084541007,0.09572365460709238,3.9866008226769174e-16,-4.559523855795729e-19,-8.464296075858265e-15
202.74,"[0.06062, 0.0456, 0.3452284887804755]",0.0456,0.3452284887804755,-0.1534095403382498,-0.148706286321844,-0.1514663924426639,0.3793933174697894,0.37032210110366925,0.37491977133507864,-0.2626243987230902,-0.23910563998351744,-0.25589996671824383,-0.7651374395801712,-0.7225128835091925,-0.7514620358335565,0.09672482505180245,0.09341530084541007,0.09540852107628872,1.6517904399954474e-15,-4.559523855795729e-19,-8.698063214227547e-15
202.76,"[0.06062, 0.0456, 0.34622380067769926]",0.0456,0.34622380067769926,-0.1530822077705309,-0.14772465095400722,-0.1514663924426639,0.3786398651720435,0.3681090603345239,0.37491977133507864,-0.2614915328081479,-0.23546369989123878,-0.25589996671824383,-0.7628340521731939,-0.7152311613167307,-0.7514620358335565,0.09650308931404039,0.0927458077044034,0.09540852107628872,3.1263108426916498e-15,-7.743724055625444e-19,-8.698063214227547e-15
202.78,"[0.06062, 0.0456, 0.34622380067769926]",0.0456,0.34622380067769926,-0.15277520285823096,-0.14772465095400722,-0.1509512037637629,0.3779330473433864,0.3681090603345239,0.3737281903512327,-0.26042913525926326,-0.23546369989123878,-0.25412981368034204,-0.7606733690757209,-0.7152311613167307,-0.7478433327810369,0.09629512134868613,0.0927458077044034,0.09505967036012215,-2.7256729040689113e-15,-7.743724055625444e-19,-8.50489932129344e-15
202.8,"[0.06062, 0.0456, 0.34622380067769926]",0.0456,0.34622380067769926,-0.15247501001138714,-0.14772465095400722,-0.1509512037637629,0.3772413668037778,0.3681090603345239,0.3737281903512327,-0.25939157794114454,-0.23546369989123878,-0.25412981368034204,-0.75856134546174,-0.7152311613167307,-0.7478433327810369,0.0960917822251283,0.0927458077044034,0.09505967036012215,7.286580740908561e-16,-7.743724055625444e-19,-8.50489932129344e-15
202.82,"[0.06062, 0.0456, 0.3472427149762164]",0.0456,0.3472427149762164,-0.1521854868243338,-0.14670845269624697,-0.1503819249219713,0.37657386327815945,0.3658062210399598,0.3723989175274698,-0.25839184273978294,-0.23173585470258273,-0.2522215268362785,-0.7565249230594694,-0.7077383080656903,-0.7439029094147133,0.09589568097059724,0.09205346789400773,0.09467498404204706,-4.34618087179227e-15,-5.911451125704266e-19,-8.385661230905443e-15
202.84,"[0.06062, 0.0456, 0.3472427149762164]",0.0456,0.3472427149762164,-0.1518428100628895,-0.14670845269624697,-0.14986324514782445,0.3757806235858856,0.3658062210399598,0.37119878352825586,-0.2572194827265324,-0.23173585470258273,-0.25043725140887535,-0.7541267404742222,-0.7077383080656903,-0.7402521311042299,0.09566374855398942,0.09205346789400773,0.094323712722851,-1.2994170350184513e-15,-5.911451125704266e-19,-8.342798473184172e-15
202.86,"[0.06062, 0.0456, 0.34828422613062926]",0.0456,0.34828422613062926,-0.15151337390870337,-0.14565778340476165,-0.14928495527667796,0.37501808603521736,0.3634132148476012,0.36984211000974987,-0.2560914435730776,-0.2279255540795003,-0.24852088864023333,-0.7518191347491354,-0.7000384238548512,-0.7362732895936352,0.09544075616461803,0.09133841949709687,0.09393329974567502,1.525227915428995e-15,-6.59590571624335e-19,-8.59973737304039e-15
202.88,"[0.06062, 0.0456, 0.34828422613062926]",0.0456,0.34828422613062926,-0.1511420204570277,-0.14565778340476165,-0.14928495527667796,0.3741567512074017,0.3634132148476012,0.36984211000974987,-0.25482551079342397,-0.2279255540795003,-0.24852088864023333,-0.7492235199128096,-0.7000384238548512,-0.7362732895936352,0.0951894766127831,0.09133841949709687,0.09393329974567502,3.879232547709216e-15,-6.59590571624335e-19,-8.59973737304039e-15
202.9,"[0.06062, 0.0456, 0.34828422613062926]",0.0456,0.34828422613062926,-0.15078917807275452,-0.14565778340476165,-0.14875773052581917,0.3733369693802104,0.3634132148476012,0.36861894552854507,-0.2536276325924484,-0.2279255540795003,-0.24671686181754923,-0.7467629761591975,-0.7000384238548512,-0.732570242111898,0.09495080300785706,0.09133841949709687,0.09357639260162058,-2.6899999691937573e-15,-6.59590571624335e-19,-8.725573165973149e-15
202.92,"[0.06062, 0.0456, 0.34934730629517163]",0.0456,0.34934730629517163,-0.15040320303883814,-0.14457276237321448,-0.1481730251470346,0.37244054484874567,0.3609297990547887,0.3672512607482806,-0.25231458615357294,-0.22403629380182336,-0.2447584932852617,-0.7440663566974312,-0.6921357667720365,-0.7285143110265978,0.09468966503049346,0.09060082157063269,0.09318128637703312,-1.1994336521715757e-15,-6.842168080363795e-19,-8.71451817564437e-15
202.94,"[0.06062, 0.0456, 0.34934730629517163]",0.0456,0.34934730629517163,-0.1498461859658415,-0.14457276237321448,-0.1481730251470346,0.37114503132522847,0.3609297990547887,0.3672512607482806,-0.250425512849191,-0.22403629380182336,-0.2447584932852617,-0.7401802827487763,-0.6921357667720365,-0.7285143110265978,0.09431289801934582,0.09060082157063269,0.09318128637703312,-1.6482342625621727e-15,-6.842168080363795e-19,-8.71451817564437e-15
202.96,"[0.06062, 0.0456, 0.35043090633806834]",0.0456,0.35043090633806834,-0.1494751533334969,-0.1434535379179565,-0.1476417043793075,0.370282349098728,0.35835586417555043,0.366022602576015,-0.24916494488544083,-0.22007161261729186,-0.24292015073546064,-0.7375873742699677,-0.684034755094065,-0.7247505724381793,0.09406188846771149,0.08984085509372013,0.09282125298285161,7.172396023996862e-16,-8.370673049940993e-19,-8.653844461787438e-15
202.98,"[0.06062, 0.0456, 0.35043090633806834]",0.0456,0.35043090633806834,-0.14929180843807457,-0.1434535379179565,-0.14705054286438918,0.36985637444664676,0.35835586417555043,0.3646423716047284,-0.24854046547469438,-0.22007161261729186,-0.24092582135834872,-0.7363036940904806,-0.684034755094065,-0.7206251545532567,0.09393782491913559,0.08984085509372013,0.0924215398647363,-2.529285963884535e-15,-8.370673049940993e-19,-8.510910977409687e-15
203.0,"[0.06062, 0.0456, 0.35043090633806834]",0.0456,0.35043090633806834,-0.14891917251542153,-0.1434535379179565,-0.14705054286438918,0.36898993469444713,0.35835586417555043,0.3646423716047284,-0.247273172744901,-0.22007161261729186,-0.24092582135834872,-0.7336960591953118,-0.684034755094065,-0.7206251545532567,0.09368570493925464,0.08984085509372013,0.0924215398647363,7.464822091522397e-16,-8.370673049940993e-19,-8.510910977409687e-15
203.02,"[0.06062, 0.0456, 0.3515339568769017]",0.0456,0.3515339568769017,-0.1485641328817194,-0.14230028895442212,-0.1463997523088529,0.3681638977077607,0.3556914411059389,0.3631086440368723,-0.24606717598952227,-0.21603508935603424,-0.23878620428800085,-0.731212587320336,-0.675739969640132,-0.7161517910713976,0.09344551357492707,0.08905872389187884,0.0919824712850145,-5.1870336104359335e-15,-6.486032937555825e-19,-8.375306094724258e-15
203.04,"[0.06062, 0.0456, 0.3515339568769017]",0.0456,0.3515339568769017,-0.14815290057287972,-0.14230028895442212,-0.14580763263432836,0.367203399510644,0.3556914411059389,0.3617266063239759,-0.24468379137454896,-0.21603508935603424,-0.23678371322647115,-0.728351036040271,-0.675739969640132,-0.7120072729760035,0.09316753553967094,0.08905872389187884,0.09158203942151914,-2.0880665130947158e-15,-6.486032937555825e-19,-8.280395095131878e-15
203.06,"[0.06062, 0.0456, 0.3526553693339627]",0.0456,0.3526553693339627,-0.14776059043526524,-0.14111322656954406,-0.14580763263432836,0.36628719219968287,0.3529367079013633,0.3617266063239759,-0.2433630007302904,-0.2119303403113548,-0.23678371322647115,-0.7256187276938929,-0.6672561562959124,-0.7120072729760035,0.09290233014476464,0.08825465554012295,0.09158203942151914,8.690063194894781e-16,-5.576075881794196e-19,-8.280395095131878e-15
203.08,"[0.06062, 0.0456, 0.3526553693339627]",0.0456,0.3526553693339627,-0.14716595198986357,-0.14111322656954406,-0.145153763820817,0.3648972065227789,0.3529367079013633,0.36018593727309184,-0.24136462352620378,-0.2119303403113548,-0.2346298102034735,-0.7214793735877487,-0.6672561562959124,-0.7075007740976488,0.09250041225754088,0.08825465554012295,0.09114084841168976,1.2026145080353743e-15,-5.576075881794196e-19,-8.151818347393677e-15
203.1,"[0.06062, 0.0456, 0.3526553693339627]",0.0456,0.3526553693339627,-0.14696473317295505,-0.14111322656954406,-0.14455307034735815,0.36442607959799816,0.3529367079013633,0.35877815967730786,-0.24069114219814147,-0.2119303403113548,-0.2326196152453428,-0.7200815136424147,-0.6672561562959124,-0.7033186762697594,0.09236445587286944,0.08825465554012295,0.09073500590626905,-2.2499511721471524e-15,-5.576075881794196e-19,-8.39181457453531e-15
203.12,"[0.06062, 0.0456, 0.35379403701054607]",0.0456,0.35379403701054607,-0.14650651723609306,-0.13989259559582334,-0.14388465928369465,0.36335297481341333,0.3500919961630783,0.35719076492225976,-0.23915755208535108,-0.20776101688642024,-0.23046749552150633,-0.7168965745487983,-0.6585882287262532,-0.6987714855016562,0.0920548603790479,0.08742890224797117,0.09028488898726668,-1.0124136067761767e-15,-8.202278550427194e-19,-8.81302622253979e-15
203.14,"[0.06062, 0.0456, 0.35379403701054607]",0.0456,0.35379403701054607,-0.14600836422514166,-0.13989259559582334,-0.14388465928369465,0.3621821549344451,0.3500919961630783,0.35719076492225976,-0.23750644134643503,-0.20776101688642024,-0.23046749552150633,-0.713452807637026,-0.6585882287262532,-0.6987714855016562,0.09171856581444345,0.08742890224797117,0.09028488898726668,5.3721569784828884e-17,-8.202278550427194e-19,-8.81302622253979e-15
203.16,"[0.06062, 0.0456, 0.354948836179128]",0.0456,0.354948836179128,-0.14560486028625902,-0.13863867619340436,-0.14328324946239984,0.36123379083248347,0.3471577970342774,0.3557874467389927,-0.23616904164766525,-0.20353080350428504,-0.22842743884079894,-0.7106633564382814,-0.6497412712947229,-0.6945417655785399,0.09144616721711936,0.08658174172999496,0.08987813328023914,-6.337121647800553e-15,-8.838295851800114e-19,-8.607077254069369e-15
203.18,"[0.06062, 0.0456, 0.354948836179128]",0.0456,0.354948836179128,-0.14516375422972613,-0.13863867619340436,-0.14261606202291913,0.3601989854550602,0.3471577970342774,0.3542148114067451,-0.23469813712258353,-0.20353080350428504,-0.22622844002630194,-0.7076002541821185,-0.6497412712947229,-0.6899284526867947,0.09114824076894822,0.08658174172999496,0.0894280300573497,-4.07405992085347e-15,-8.838295851800114e-19,-8.346428340676374e-15
203.2,"[0.06062, 0.0456, 0.354948836179128]",0.0456,0.354948836179128,-0.14473973957999106,-0.13863867619340436,-0.14261606202291913,0.3592035295661243,0.3471577970342774,0.3542148114067451,-0.2332868045758537,-0.20353080350428504,-0.22622844002630194,-0.7046578100654982,-0.6497412712947229,-0.6899284526867947,0.09086191002364087,0.08658174172999496,0.0894280300573497,-3.803430661208517e-16,-8.838295851800114e-19,-8.346428340676374e-15
203.22,"[0.06062, 0.0456, 0.35611862719234966]",0.0456,0.35611862719234966,-0.14433624084413998,-0.1373517854471505,-0.1418835342154601,0.35825567311619466,0.3441347668092381,0.3524713868093352,-0.23194571531936323,-0.19924341577663943,-0.22388297177118063,-0.7018592321705074,-0.6407205422084546,-0.6849482425205561,0.09058947282988866,0.08571347806592466,0.08893508485427902,-6.568196681040433e-15,-9.356695575888377e-19,-8.120968250418084e-15
203.24,"[0.06062, 0.0456, 0.35611862719234966]",0.0456,0.35611862719234966,-0.14387022658469684,-0.1373517854471505,-0.1412104351289692,0.3571566587182373,0.3441347668092381,0.3508769525029046,-0.2304137940533999,-0.19924341577663943,-0.22169673046953042,-0.6986461441442173,-0.6407205422084546,-0.6803302543177395,0.09027513911436222,0.08571347806592466,0.08848161375106879,-3.1243829247396983e-15,-9.356695575888377e-19,-8.322681605968856e-15
203.26,"[0.06062, 0.0456, 0.3573022556077116]",0.0456,0.3573022556077116,-0.14336486620811115,-0.13603227898626993,-0.14047088112540548,0.3559635145376664,0.3410237321616581,0.3491112921526274,-0.22875755198061226,-0.19490259892476203,-0.2193521400851905,-0.6951661250843505,-0.631531476906747,-0.6753261389536271,0.08993436929517779,0.08482444255470681,0.08798443191405439,-1.6020110965305223e-15,-9.25271535408168e-19,-8.332517298963503e-15
203.28,"[0.06062, 0.0456, 0.3573022556077116]",0.0456,0.3573022556077116,-0.14288156890272533,-0.13603227898626993,-0.14047088112540548,0.354820501716378,0.3410237321616581,0.3491112921526274,-0.22718153686325798,-0.19490259892476203,-0.2193521400851905,-0.6918468981094965,-0.631531476906747,-0.6753261389536271,0.08960862755793728,0.08482444255470681,0.08798443191405439,1.5851188254263336e-15,-9.25271535408168e-19,-8.332517298963503e-15
203.3,"[0.06062, 0.0456, 0.3573022556077116]",0.0456,0.3573022556077116,-0.14235564475725665,-0.13603227898626993,-0.1397919464475946,0.35357458934945746,0.3410237321616581,0.3474996666511602,-0.22547488437821092,-0.19490259892476203,-0.21716146903161979,-0.6882434165389061,-0.631531476906747,-0.670680765572128,0.08925432367721951,0.08482444255470681,0.08752736483181772,2.8137690636167e-15,-9.25271535408168e-19,-8.652949873391896e-15
203.32,"[0.06062, 0.0456, 0.35849855332686914]",0.0456,0.35849855332686914,-0.14186854207841118,-0.1346805526345121,-0.1390450400456551,0.3524203540371278,0.33782569500067305,0.34571413919983085,-0.2238953354701797,-0.19051212644433274,-0.21480472817730623,-0.684906512862129,-0.6221796917116101,-0.6656344164237578,0.08892620149644351,0.08391499456719102,0.08702554375606186,-5.013179173052012e-15,-1.3162226613244088e-18,-8.681941451679777e-15
203.34,"[0.06062, 0.0456, 0.35849855332686914]",0.0456,0.35849855332686914,-0.1413320766921918,-0.1346805526345121,-0.1383687296383783,0.35114617321838193,0.33782569500067305,0.3441162923307635,-0.22216812009262252,-0.19051212644433274,-0.2125927297832851,-0.6812448145459916,-0.6221796917116101,-0.6609603593211274,0.08856507652561776,0.08391499456719102,0.08656984721989841,-2.8571478516936263e-15,-1.3162226613244088e-18,-8.565979686044244e-15
203.36,"[0.06062, 0.0456, 0.35970633974840416]",0.0456,0.35970633974840416,-0.14082990868862388,-0.13329704409932552,-0.1383687296383783,0.34995430206828104,0.33454183696503265,0.3441162923307635,-0.22054787579743124,-0.18607579900406504,-0.2125927297832851,-0.6778114331996765,-0.6126709877579396,-0.6609603593211274,0.08822699564563337,0.08298552240234755,0.08656984721989841,-4.824987090066733e-16,-7.7135274263405015e-19,-8.565979686044244e-15
203.38,"[0.06062, 0.0456, 0.35970633974840416]",0.0456,0.35970633974840416,-0.14036228466906792,-0.13329704409932552,-0.1376222788798521,0.34884508021849625,0.33454183696503265,0.3423370048082018,-0.21903639806252415,-0.18607579900406504,-0.2102187072453396,-0.6746097291696546,-0.6126709877579396,-0.6558845030095555,0.08791213744459804,0.08298552240234755,0.08606815165853553,-7.327652493080807e-15,-7.7135274263405015e-19,-8.314545000488722e-15
203.4,"[0.06062, 0.0456, 0.35970633974840416]",0.0456,0.35970633974840416,-0.13984168356912074,-0.13329704409932552,-0.1369481187482543,0.34760854589087536,0.33454183696503265,0.34074841728990196,-0.217361036815314,-0.18607579900406504,-0.20799894658949483,-0.6710519362063806,-0.6126709877579396,-0.6511986189788286,0.08756178014509688,0.08298552240234755,0.08561378025738647,-4.46746200151348e-15,-7.7135274263405015e-19,-8.035779457563697e-15
203.42,"[0.06062, 0.0456, 0.3609244229329364]",0.0456,0.3609244229329364,-0.1393525806650012,-0.13188223470863333,-0.1369481187482543,0.3464480943336627,0.3311735235675401,0.34074841728990196,-0.21578201813951786,-0.1815974435665317,-0.20799894658949483,-0.6677015355030728,-0.6030113552202437,-0.6511986189788286,0.08723255359238684,0.0820364441520797,0.08561378025738647,-1.5857008740436834e-15,-1.3268870463427047e-18,-8.035779457563697e-15
203.44,"[0.06062, 0.0456, 0.3609244229329364]",0.0456,0.3609244229329364,-0.13889573290081092,-0.13188223470863333,-0.136208689617268,0.34536515569569026,0.3311735235675401,0.33899582673491396,-0.21430323455274597,-0.1815974435665317,-0.20560990992213668,-0.6645659813703553,-0.6030113552202437,-0.646112968669018,0.08692498665859506,0.0820364441520797,0.08511633177417793,-7.923945581771553e-15,-1.3268870463427047e-18,-7.39832650723381e-15
203.46,"[0.06062, 0.0456, 0.36215160077942377]",0.0456,0.36215160077942377,-0.13845174329873153,-0.1304366512040444,-0.136208689617268,0.3443127163434183,0.32772230800307417,0.33899582673491396,-0.2128665161810773,-0.17708091271805354,-0.20560990992213668,-0.6615176174921712,-0.5932069778517352,-0.646112968669018,0.08662611259389802,0.08106820857975396,0.08511633177417793,-2.990230090499052e-15,-1.7670462103814148e-18,-7.39832650723381e-15
203.48,"[0.06062, 0.0456, 0.36215160077942377]",0.0456,0.36215160077942377,-0.13802556309924585,-0.1304366512040444,-0.13539481788816737,0.3433025073181431,0.32772230800307417,0.3370446421036367,-0.2114877609995925,-0.17708091271805354,-0.20307669569457118,-0.6585907342226616,-0.5932069778517352,-0.640636811836898,0.0863392542380117,0.08106820857975396,0.08457059344824093,-8.502376114409947e-15,-1.7670462103814148e-18,-6.961530261179621e-15
203.5,"[0.06062, 0.0456, 0.36215160077942377]",0.0456,0.36215160077942377,-0.1372379252237789,-0.1304366512040444,-0.13464775865536255,0.3414282548736798,0.32772230800307417,0.3352609323856269,-0.20897289453426443,-0.17708091271805354,-0.2007220179023608,-0.65321857759564,-0.5932069778517352,-0.6355703751289645,0.08580980567483694,0.08106820857975396,0.08406917855883494,1.7029712492098029e-15,-1.7670462103814148e-18,-7.050144478413045e-15
203.52,"[0.06062, 0.0456, 0.3634114354934695]",0.0456,0.3634114354934695,-0.13674579357577032,-0.12893144521044694,-0.13382369266125724,0.34025646360128725,0.3241197115130727,0.3332749787537968,-0.20740522798185018,-0.1724389385623266,-0.1982067888863651,-0.649865419133823,-0.5830654909725074,-0.6300842740438491,0.08547908652266081,0.0800616072586643,0.08351765199003205,-5.385181677807313e-15,-1.727160438582013e-18,-7.023174144836984e-15
203.54,"[0.06062, 0.0456, 0.3634114354934695]",0.0456,0.3634114354934695,-0.13653599008372524,-0.12893144521044694,-0.13382369266125724,0.33975691047989803,0.3241197115130727,0.3332749787537968,-0.20673690697793606,-0.1724389385623266,-0.1982067888863651,-0.648435914736955,-0.5830654909725074,-0.6300842740438491,0.085338095726207,0.0800616072586643,0.08351765199003205,-7.918384166727786e-15,-1.727160438582013e-18,-7.023174144836984e-15
203.56,"[0.06062, 0.0456, 0.36462838837261446]",0.0456,0.36462838837261446,-0.13602065357346388,-0.12745513571039468,-0.1330747121630434,0.33852534345227103,0.32057705406401216,0.33148513984007355,-0.20511618454846875,-0.16794856428864263,-0.19585927941976752,-0.6449491030123817,-0.5731882824179061,-0.6250150144673469,0.08499221141619476,0.0790760049737545,0.08301537365211521,-4.026110022678179e-15,-1.5126415269624639e-18,-7.148551512010862e-15
203.58,"[0.06062, 0.0456, 0.36462838837261446]",0.0456,0.36462838837261446,-0.13546092470548615,-0.12745513571039468,-0.1330747121630434,0.33718770476627835,0.32057705406401216,0.33148513984007355,-0.2033573725819058,-0.16794856428864263,-0.19585927941976752,-0.6411616261959016,-0.5731882824179061,-0.6250150144673469,0.0846166122408826,0.0790760049737545,0.08301537365211521,-2.1908512439623307e-15,-1.5126415269624639e-18,-7.148551512010862e-15
203.6,"[0.06062, 0.0456, 0.36462838837261446]",0.0456,0.36462838837261446,-0.1350075443224129,-0.12745513571039468,-0.1322612635772884,0.33610421743063185,0.32057705406401216,0.3295328806781825,-0.20193273488870667,-0.16794856428864263,-0.19335158641355885,-0.6380937699743218,-0.5731882824179061,-0.6195583220902774,0.0843123769088854,0.0790760049737545,0.08247077823631897,-7.94378892098292e-15,-1.5126415269624639e-18,-6.80056055387517e-15
203.62,"[0.06062, 0.0456, 0.3660255208042544]",0.0456,0.3660255208042544,-0.13448575098084484,-0.12573789289357112,-0.131352869929956,0.3348556634479914,0.3164500611261168,0.32732734456034895,-0.20030231668631343,-0.16278803371547532,-0.19066633653935608,-0.6345720348834483,-0.5617682036569511,-0.6136107656394304,0.08396247316096285,0.07793121934056212,0.0818648086646689,-4.1948677171288026e-15,-1.5645460367650758e-18,-6.5906437176174936e-15
203.64,"[0.06062, 0.0456, 0.3660255208042544]",0.0456,0.3660255208042544,-0.13397225900944973,-0.12573789289357112,-0.131352869929956,0.3336237811102775,0.3164500611261168,0.32732734456034895,-0.19871315295497213,-0.16278803371547532,-0.19066633653935608,-0.6311246738148022,-0.5617682036569511,-0.6136107656394304,0.08361845416798108,0.07793121934056212,0.0818648086646689,8.049872508516127e-16,-1.5645460367650758e-18,-6.5906437176174936e-15
203.66,"[0.06062, 0.0456, 0.36712692777888273]",0.0456,0.36712692777888273,-0.13347457508433475,-0.1243566134836323,-0.13052873629495076,0.3324274581661175,0.3131185499148766,0.3253418709248098,-0.19718425784355095,-0.15870894977486064,-0.18816817118015475,-0.6277970312682951,-0.5526640382879163,-0.6081309237186574,0.08328526152222447,0.0770125396905263,0.08131404835475627,-5.81712055917098e-15,-1.5551269498064024e-18,-6.508396099966101e-15
203.68,"[0.06062, 0.0456, 0.36712692777888273]",0.0456,0.36712692777888273,-0.1329148657143565,-0.1243566134836323,-0.1296463461342429,0.33108119659059027,0.3131185499148766,0.32320136745055844,-0.19547120138532195,-0.15870894977486064,-0.18556287111116698,-0.6240604708409264,-0.5526640382879163,-0.602350256864402,0.08291073102027485,0.0770125396905263,0.08072577103475143,-2.8413739569164547e-15,-1.5551269498064024e-18,-6.439957725676691e-15
203.7,"[0.06062, 0.0456, 0.36712692777888273]",0.0456,0.36712692777888273,-0.13237326210860964,-0.1243566134836323,-0.12883715721622968,0.32977667436699265,0.3131185499148766,0.32124773041338556,-0.1938230956472775,-0.15870894977486064,-0.18313681463585946,-0.6204557902093727,-0.5526640382879163,-0.5969991781613895,0.0825485335816958,0.0770125396905263,0.0801857085218483,1.2473545850214422e-15,-1.5551269498064024e-18,-6.774271133943834e-15
203.72,"[0.06062, 0.0456, 0.3683812752672854]",0.0456,0.3683812752672854,-0.1317742291816839,-0.12276901411423481,-0.12883715721622968,0.32833200234947124,0.30929052384028277,0.32124773041338556,-0.19201104734567204,-0.15406208411331437,-0.18313681463585946,-0.6164806310105824,-0.5422445725467262,-0.5969991781613895,0.0821482024463581,0.07595763921652535,0.0801857085218483,3.058957861267242e-15,-1.6165355544473534e-18,-6.774271133943834e-15
203.74,"[0.06062, 0.0456, 0.3683812752672854]",0.0456,0.3683812752672854,-0.13121618550823444,-0.12276901411423481,-0.12795026994273037,0.3269859906819341,0.30929052384028277,0.3190914210103037,-0.1903249431382577,-0.15406208411331437,-0.18055239045258806,-0.6127791549760002,-0.5422445725467262,-0.5912270904515018,0.08177532860057994,0.07595763921652535,0.07959530709867763,-4.585779141453122e-15,-1.6165355544473534e-18,-6.887078996440866e-15
203.76,"[0.06062, 0.0456, 0.3696373584046659]",0.0456,0.3696373584046659,-0.13059566155079572,-0.12115263104055163,-0.12698739056752345,0.325486022444645,0.3053854480641946,0.31673430698848454,-0.1884681581356912,-0.1493988142482154,-0.17782698583901155,-0.6086842627233662,-0.5317131201744459,-0.5850607450898959,0.08136112451509396,0.07488574007675548,0.07895598962462748,-2.1824850521084514e-15,-1.6801960928143552e-18,-6.913537614008873e-15
203.78,"[0.06062, 0.0456, 0.3696373584046659]",0.0456,0.3696373584046659,-0.12999674920775744,-0.12115263104055163,-0.12698739056752345,0.3240353367702653,0.3053854480641946,0.31673430698848454,-0.18669162182227356,-0.1493988142482154,-0.17782698583901155,-0.6047507654626173,-0.5317131201744459,-0.5850607450898959,0.08096168745844595,0.07488574007675548,0.07895598962462748,1.6489512012263678e-15,-1.6801960928143552e-18,-6.913537614008873e-15
203.8,"[0.06062, 0.0456, 0.3696373584046659]",0.0456,0.3696373584046659,-0.12942497106609818,-0.12115263104055163,-0.12611445468813465,0.32264814111203755,0.3053854480641946,0.3146163135731399,-0.18500734099285032,-0.1493988142482154,-0.17528141689289722,-0.6010096615985409,-0.5317131201744459,-0.5793688919181895,0.08058060486990347,0.07488574007675548,0.07837520854306415,-5.725008531530195e-15,-1.6801960928143552e-18,-6.902050142052599e-15
203.82,"[0.06062, 0.0456, 0.37089393758861633]",0.0456,0.37089393758861633,-0.12879597295428977,-0.11951060302283131,-0.12516369326989812,0.3211220938799577,0.30141382986455256,0.31229373714090175,-0.18315941542151473,-0.14472502210512717,-0.17258939611312632,-0.5968979153662668,-0.5210860436399293,-0.5732702237609375,0.08016157956768391,0.07379874054631438,0.07774433406915897,-3.3367212097155483e-15,-9.556566078773386e-19,-6.813173150198425e-15
203.84,"[0.06062, 0.0456, 0.37089393758861633]",0.0456,0.37089393758861633,-0.1281914083419092,-0.11951060302283131,-0.12516369326989812,0.31965373797875574,0.30141382986455256,0.31229373714090175,-0.18139339363077372,-0.14472502210512717,-0.17258939611312632,-0.5929575341024449,-0.5210860436399293,-0.5732702237609375,0.0797590816254962,0.07379874054631438,0.07774433406915897,4.818538579784864e-16,-9.556566078773386e-19,-6.813173150198425e-15
203.86,"[0.06062, 0.0456, 0.3721497727271908]",0.0456,0.3721497727271908,-0.1276161424782118,-0.11784389030519554,-0.12430369207887187,0.3182553378198673,0.2973788486067183,0.3102130364327507,-0.17972063410975814,-0.140044773512304,-0.1700748935900563,-0.5892169451442748,-0.5103713180348395,-0.5676458670282637,0.07937627958967948,0.07269739175622789,0.07717242687952834,-6.549456788590104e-15,-1.291448588071503e-18,-6.704083964654261e-15
203.881,"[0.06062, 0.0456, 0.3721497727271908]",0.0456,0.3721497727271908,-0.12671846841998616,-0.11784389030519554,-0.1233634740121704,0.31607587414438915,0.2973788486067183,0.3079217032918998,-0.17710663843960373,-0.140044773512304,-0.1674109391638588,-0.5833711829846375,-0.5103713180348395,-0.5616039390262475,0.07877903550506633,0.07269739175622789,0.07654895342994919,-7.105169924688193e-15,-1.291448588071503e-18,-6.5363093567398075e-15
203.9,"[0.06062, 0.0456, 0.3721497727271908]",0.0456,0.3721497727271908,-0.12638296897922255,-0.11784389030519554,-0.1233634740121704,0.315260457059306,0.2973788486067183,0.3079217032918998,-0.1761370685161796,-0.140044773512304,-0.1674109391638588,-0.5811944585926283,-0.5103713180348395,-0.5616039390262475,0.07855602729749184,0.07269739175622789,0.07654895342994919,-2.814852951931841e-16,-1.291448588071503e-18,-6.5363093567398075e-15
203.92,"[0.06062, 0.0456, 0.37340362446272635]",0.0456,0.37340362446272635,-0.12580926493546732,-0.11615352255446512,-0.1223451096502624,0.3138660938437971,0.29328386955868063,0.3054232634438295,-0.17447910394651206,-0.13536214785524164,-0.16461371699785635,-0.5774722598817068,-0.4995771305967662,-0.5551707536383623,0.07817468326255038,0.07158246275629378,0.07587553181733417,-6.983478205486681e-15,-6.173546880452419e-19,-6.3947577265419e-15
203.94,"[0.06062, 0.0456, 0.37340362446272635]",0.0456,0.37340362446272635,-0.1251510754312901,-0.11615352255446512,-0.12142240875455386,0.31226195606811324,0.29328386955868063,0.30317899108695684,-0.17260468043378818,-0.13536214785524164,-0.16200398413432102,-0.5732349737024295,-0.4995771305967662,-0.5492393260128087,0.07773784448784779,0.07158246275629378,0.07526420843940342,-3.493231593795454e-15,-6.173546880452419e-19,-6.291311679316462e-15
203.96,"[0.06062, 0.0456, 0.3746542553949393]",0.0456,0.3746542553949393,-0.1245256718433324,-0.11444059763783863,-0.12142240875455386,0.3107381772341102,0.2891324680361477,0.30317899108695684,-0.17082542410215448,-0.13068125105755818,-0.16200398413432102,-0.5692096291346738,-0.48871192637425775,-0.5492393260128087,0.07732287274254658,0.07045476374633787,0.07526420843940342,-1.8231863506658092e-16,-5.252453083896413e-19,-6.291311679316462e-15
203.98,"[0.06062, 0.0456, 0.3746542553949393]",0.0456,0.3746542553949393,-0.12358443311745207,-0.11444059763783863,-0.12041986446627301,0.3084442111207629,0.2891324680361477,0.30072472440799086,-0.16815983428681813,-0.13068125105755818,-0.15925418818802228,-0.5631640141045545,-0.48871192637425775,-0.5429026970738023,0.07669873691821857,0.07045476374633787,0.07460183045916972,8.590842875720993e-17,-5.252453083896413e-19,-6.161068795349831e-15
204.0,"[0.06062, 0.0456, 0.3746542553949393]",0.0456,0.3746542553949393,-0.12326797625232469,-0.11444059763783863,-0.1195132064034094,0.307672262449636,0.2891324680361477,0.2985260993569675,-0.16726926968071318,-0.13068125105755818,-0.15668659859504153,-0.5611378824049723,-0.48871192637425775,-0.5370621155460035,0.07648904627225998,0.07045476374633787,0.07400155700769305,-3.657747455666447e-15,-5.252453083896413e-19,-6.0407361392992804e-15
204.02,"[0.06062, 0.0456, 0.3759004313020901]",0.0456,0.3759004313020901,-0.12263616920669493,-0.11270628454675279,-0.1195132064034094,0.30613236771690916,0.2849284304809881,0.2985260993569675,-0.16548964524528523,-0.12600621603232043,-0.15668659859504153,-0.5570891390462084,-0.4777844167184702,-0.5370621155460035,0.07607044792251909,0.06931514744132661,0.07400155700769305,-5.548854128425523e-16,-1.205805816704794e-18,-6.0407361392992804e-15
204.04,"[0.06062, 0.0456, 0.3759004313020901]",0.0456,0.3759004313020901,-0.12204280627405432,-0.11270628454675279,-0.11853498236670457,0.3046871767288038,0.2849284304809881,0.29614737759079107,-0.16381706638888005,-0.12600621603232043,-0.1539669663786355,-0.5532840045878011,-0.4777844167184702,-0.5308211741604588,0.07567735864860249,0.06931514744132661,0.07335520587239669,-7.037644620763403e-15,-1.205805816704794e-18,-5.580393789673511e-15
204.06,"[0.06062, 0.0456, 0.37714092235901103]",0.0456,0.37714092235901103,-0.12146435989497338,-0.11095182641122679,-0.11746442554016762,0.30327869985182715,0.280675755130761,0.29351480216123105,-0.16219031429386868,-0.12134120302998075,-0.15113338907394752,-0.5495777515382573,-0.46680358779819053,-0.5241767777367247,0.07529432122319629,0.06816451041615103,0.07265064439141569,-2.1106844137569025e-15,-6.529344000734061e-19,-5.656458982795233e-15
204.08,"[0.06062, 0.0456, 0.37714092235901103]",0.0456,0.37714092235901103,-0.12090777816458698,-0.11095182641122679,-0.11746442554016762,0.3019237486225104,0.280675755130761,0.29351480216123105,-0.1606278781970845,-0.12134120302998075,-0.15113338907394752,-0.5460140018431011,-0.46680358779819053,-0.5241767777367247,0.07492588930644715,0.06816451041615103,0.07265064439141569,-7.759573322478299e-15,-6.529344000734061e-19,-5.656458982795233e-15
204.1,"[0.06062, 0.0456, 0.37714092235901103]",0.0456,0.37714092235901103,-0.12025354116596179,-0.11095182641122679,-0.11649009354967234,0.30032604879516434,0.280675755130761,0.29113655056876364,-0.15882392527102804,-0.12134120302998075,-0.14848831159206535,-0.5418649292697785,-0.46680358779819053,-0.5180389892560415,0.07449359277249097,0.06816451041615103,0.07200843098616337,-3.777903944591723e-15,-6.529344000734061e-19,-5.893208395071134e-15
204.12,"[0.06062, 0.0456, 0.3783745043507953]",0.0456,0.3783745043507953,-0.11953848611887286,-0.10917854362634319,-0.11543564693440617,0.2985800441324309,0.27637865243645576,0.2885495732228847,-0.1568601586793292,-0.11669039990944234,-0.14570648220504356,-0.5373380006740114,-0.4557787093066295,-0.5114981992497137,0.0740214120329905,0.0670037944922964,0.07131524934560597,-1.9408759105607034e-15,-9.317994024375048e-19,-5.9859940204526185e-15
204.14,"[0.06062, 0.0456, 0.3783745043507953]",0.0456,0.3783745043507953,-0.11885384686921362,-0.10917854362634319,-0.11543564693440617,0.29690708262103727,0.27637865243645576,0.2885495732228847,-0.15499132480135813,-0.11669039990944234,-0.14570648220504356,-0.5330171095108492,-0.4557787093066295,-0.5114981992497137,0.07356962746994011,0.0670037944922964,0.07131524934560597,1.3181914760618669e-15,-9.317994024375048e-19,-5.9859940204526185e-15
204.16,"[0.06062, 0.0456, 0.379599959880949]",0.0456,0.379599959880949,-0.11820438888158039,-0.10738783708214664,-0.11448207692623641,0.295319155835653,0.2720415452123711,0.2862328064285401,-0.15322720471506096,-0.11205802230179304,-0.14310497100616631,-0.5289285165677948,-0.4447193432998628,-0.505465986943704,0.0731412956262255,0.06583398816148875,0.07068709365849672,-5.733250961706086e-15,-9.648963647151998e-19,-5.996452792155761e-15
204.18,"[0.06062, 0.0456, 0.379599959880949]",0.0456,0.379599959880949,-0.11749714961006892,-0.10738783708214664,-0.11344631454716056,0.29359274944857194,0.2720415452123711,0.2837022368801941,-0.15130398031761094,-0.11205802230179304,-0.1403650410625442,-0.5244706359460277,-0.4447193432998628,-0.49902264159761306,0.07267499725226323,0.06583398816148875,0.07000672889694129,-3.654390277849459e-15,-9.648963647151998e-19,-5.91388336921185e-15
204.2,"[0.06062, 0.0456, 0.379599959880949]",0.0456,0.379599959880949,-0.11682070956224666,-0.10738783708214664,-0.11344631454716056,0.2919413033202104,0.2720415452123711,0.2837022368801941,-0.14947217556131887,-0.11205802230179304,-0.1403650410625442,-0.520215418107828,-0.4447193432998628,-0.49902264159761306,0.07222925909319902,0.06583398816148875,0.07000672889694129,-2.345380942920672e-16,-9.648963647151998e-19,-5.91388336921185e-15
204.22,"[0.06062, 0.0456, 0.38081607957281505]",0.0456,0.38081607957281505,-0.11617957450936094,-0.10558119148456031,-0.11233120598623124,0.29037588069686493,0.26766906849542155,0.2809636905900665,-0.14774182001348116,-0.10744831363450809,-0.13750431991561685,-0.5161887905774181,-0.433635353092518,-0.49219877055697414,0.07180697835582325,0.06465612803887145,0.0692762813064244,-6.758836285837248e-15,-7.875732292631397e-20,-5.826319281499636e-15
204.24,"[0.06062, 0.0456, 0.38081607957281505]",0.0456,0.38081607957281505,-0.11544838448997968,-0.10558119148456031,-0.11130828351974849,0.2885875645768517,0.26766906849542155,0.2784629472505853,-0.1457966950020329,-0.10744831363450809,-0.13483913349991386,-0.5116306867803281,-0.433635353092518,-0.4858827713156028,0.07132614591634794,0.06465612803887145,0.06860564297941574,-3.6211584512707154e-15,-7.875732292631397e-20,-6.11948791617216e-15
204.26,"[0.06062, 0.0456, 0.3820216632630814]",0.0456,0.3820216632630814,-0.11466176530564169,-0.10376017875073094,-0.1103862193117214,0.28666388728512693,0.2632660690847914,0.2762364250360447,-0.1437147583237344,-0.10286554498256621,-0.13233266949395245,-0.5067385828487782,-0.42253691212170413,-0.4800474750550681,0.07080925035824333,0.06347130033598608,0.06799956996739448,-2.343177800278832e-15,1.243454804914348e-19,-6.155675176563236e-15
204.28,"[0.06062, 0.0456, 0.3820216632630814]",0.0456,0.3820216632630814,-0.11357777954212989,-0.10376017875073094,-0.10936897803710822,0.2840183933153579,0.2632660690847914,0.2737551624406673,-0.14083323584535828,-0.10286554498256621,-0.12969724185063222,-0.49997795164328057,-0.42253691212170413,-0.47377901297897207,0.07009691888617653,0.06347130033598608,0.06733357281179046,-4.3242592775289854e-15,1.243454804914348e-19,-6.3845233233364936e-15
204.3,"[0.06062, 0.0456, 0.3820216632630814]",0.0456,0.3820216632630814,-0.11315689939164811,-0.10376017875073094,-0.10936897803710822,0.28299207022803613,0.2632660690847914,0.2737551624406673,-0.13971963644972754,-0.10286554498256621,-0.12969724185063222,-0.49735805778053604,-0.42253691212170413,-0.47377901297897207,0.06982058427869148,0.06347130033598608,0.06733357281179046,8.032464016333567e-16,1.243454804914348e-19,-6.3845233233364936e-15
204.32,"[0.06062, 0.0456, 0.3832155211861977]",0.0456,0.3832155211861977,-0.1124371943342631,-0.1019264614574322,-0.10827144359570728,0.28123705774867686,0.25883760472592404,0.27106875186206836,-0.1378153814826748,-0.09831401471153091,-0.12692791338903417,-0.49287803927468715,-0.4114345126737909,-0.46710879561041707,0.06934805209990144,0.062280642341256846,0.06661686018803178,-6.4464569858927886e-15,8.490607475844697e-19,-6.375553401702158e-15
204.34,"[0.06062, 0.0456, 0.3832155211861977]",0.0456,0.3832155211861977,-0.1116457016939482,-0.1019264614574322,-0.10728036219883832,0.27930507963048273,0.25883760472592404,0.2686685302568463,-0.13574676255186316,-0.09831401471153091,-0.1243346281606432,-0.48798188298517936,-0.4114345126737909,-0.4609584944979009,0.06882912563656494,0.062280642341256846,0.0659683489598848,-4.332410363671839e-15,8.490607475844697e-19,-6.2344121460494555e-15
204.36,"[0.06062, 0.0456, 0.38439647514853004]",0.0456,0.38439647514853004,-0.11090548451560234,-0.100081796315793,-0.10728036219883832,0.2775001551942081,0.2543889428955016,0.2686685302568463,-0.13381185269509854,-0.09379804787637515,-0.1243346281606432,-0.48340096627944334,-0.40033897435071214,-0.4609584944979009,0.06834394407844863,0.061085343892829,0.0659683489598848,-2.0527884514270524e-15,9.30079502891025e-19,-6.2344121460494555e-15
204.38,"[0.06062, 0.0456, 0.38439647514853004]",0.0456,0.38439647514853004,-0.1102167112753956,-0.100081796315793,-0.10620746177034886,0.2758221464563412,0.2543889428955016,0.26605857914204745,-0.13201118004025408,-0.09379804787637515,-0.12161068363019696,-0.4791368966473706,-0.40033897435071214,-0.45440657165831255,0.06789258100584702,0.061085343892829,0.06526829558923333,-8.271184312596091e-15,9.30079502891025e-19,-5.984616913031364e-15
204.4,"[0.06062, 0.0456, 0.38439647514853004]",0.0456,0.38439647514853004,-0.10945495386944556,-0.100081796315793,-0.1052412142801299,0.2739670686668733,0.2543889428955016,0.263733426571719,-0.13003508572925518,-0.09379804787637515,-0.11906639228558873,-0.47443813490611986,-0.40033897435071214,-0.4483808678563749,0.06739396677661347,0.061085343892829,0.06463654477362414,-5.682446819996567e-15,9.30079502891025e-19,-5.699939613592476e-15
204.42,"[0.06062, 0.0456, 0.3855633596910959]",0.0456,0.3855633596910959,-0.10874130562160031,-0.09822803763958038,-0.1052412142801299,0.272231940400357,0.249925559136233,0.263733426571719,-0.1281800202029141,-0.08932199533860466,-0.11906639228558873,-0.4700295675155276,-0.389261452132654,-0.4483808678563749,0.06692691416937432,0.05988664882544081,0.06463654477362414,-3.0775276099726937e-15,1.3144983811553317e-19,-5.699939613592476e-15
204.44,"[0.06062, 0.0456, 0.3855633596910959]",0.0456,0.3855633596910959,-0.10807628826670057,-0.09822803763958038,-0.10419062020540944,0.2706172227731409,0.249925559136233,0.26119135545885586,-0.12644843090524283,-0.08932199533860466,-0.11639297079532636,-0.46591631458667615,-0.389261452132654,-0.4419486880557705,0.06649174398411146,0.05988664882544081,0.06395178668120302,-8.654321194192058e-15,1.3144983811553317e-19,-5.373073609695097e-15
204.46,"[0.06062, 0.0456, 0.3867150232397314]",0.0456,0.3867150232397314,-0.10733801133506335,-0.09636714076757358,-0.10323060206838788,0.2688263079836643,0.24545313488209758,0.2588819675230396,-0.1245378934911918,-0.08489023256319399,-0.11390253778372354,-0.4613624655524363,-0.37821344387251105,-0.43600574735393105,0.06600915209648614,0.05868585636952754,0.06332541283708598,-5.90211517902016e-15,4.627926570928973e-19,-5.377536707866908e-15
204.48,"[0.06062, 0.0456, 0.3867150232397314]",0.0456,0.3867150232397314,-0.10655760357439673,-0.09636714076757358,-0.10218610904154168,0.2669368832963725,0.24545313488209758,0.2563577184335184,-0.12251717591356222,-0.08489023256319399,-0.1112784374846597,-0.456544689101309,-0.37821344387251105,-0.42964944956307294,0.06549924163712925,0.05868585636952754,0.06264596132595472,-4.640197254264192e-15,4.627926570928973e-19,-5.213833910861623e-15
204.5,"[0.06062, 0.0456, 0.3867150232397314]",0.0456,0.3867150232397314,-0.1058210239855825,-0.09636714076757358,-0.10123212951845467,0.26515402439072316,0.24545313488209758,0.25406672724869767,-0.12061798464577263,-0.08489023256319399,-0.10883126951908836,-0.4520066603968474,-0.37821344387251105,-0.4237745389924904,0.06501826901393783,0.05868585636952754,0.06202470640891673,-2.017489105515483e-15,4.627926570928973e-19,-5.303368164532741e-15
204.52,"[0.06062, 0.0456, 0.38785032924155605]",0.0456,0.38785032924155605,-0.10503499219391015,-0.09450116539316934,-0.10018188441447405,0.26325362714059475,0.24097755470619636,0.2515209885367759,-0.11859875389535085,-0.08050715805601033,-0.10626701210795977,-0.44717129928795296,-0.3672067970342774,-0.41747744409069676,0.064505405061449,0.0574843224769552,0.06134344736766039,-9.33069604704503e-16,-9.297830679009304e-20,-5.5257491678613275e-15
204.54,"[0.06062, 0.0456, 0.38785032924155605]",0.0456,0.38785032924155605,-0.10420742377518796,-0.09450116539316934,-0.09922179905624545,0.26125354229017766,0.24097755470619636,0.24921076078347143,-0.11648650612941906,-0.08050715805601033,-0.10386463792406538,-0.4420962053481964,-0.3672067970342774,-0.41164069541898357,0.06396594641327571,0.0574843224769552,0.06071989724672163,8.87158618626397e-17,-9.297830679009304e-20,-5.8287711610331546e-15
204.56,"[0.06062, 0.0456, 0.3889681572866133]",0.0456,0.3889681572866133,-0.10334656276083308,-0.09263227874627371,-0.09922179905624545,0.25917333430192013,0.23650490291466772,0.24921076078347143,-0.1143045648535961,-0.0761771914018431,-0.10386463792406538,-0.43683496584862275,-0.3562537144627295,-0.41164069541898357,0.06340531658245023,0.05628346104366215,0.06071989724672163,2.231530927158937e-17,7.690899209344563e-19,-5.8287711610331546e-15
204.58,"[0.06062, 0.0456, 0.3889681572866133]",0.0456,0.3889681572866133,-0.10256285765693691,-0.09263227874627371,-0.09817803365062072,0.2572804453336163,0.23650490291466772,0.24669352996011942,-0.11232097874335908,-0.0761771914018431,-0.10131930435081647,-0.4320480544732453,-0.3562537144627295,-0.40537912390224645,0.06289508690860228,0.05628346104366215,0.06004379720115418,-6.698013031851789e-15,7.690899209344563e-19,-5.77043448409109e-15
204.6,"[0.06062, 0.0456, 0.3889681572866133]",0.0456,0.3889681572866133,-0.10172974109574336,-0.09263227874627371,-0.09724198228022327,0.2552689314128704,0.23650490291466772,0.244465558837499,-0.11023066061533243,-0.0761771914018431,-0.09893545495097544,-0.42698095767124083,-0.3562537144627295,-0.3996243217962228,0.06235334186412564,0.05628346104366215,0.05943612365160668,-5.452852725609137e-15,7.690899209344563e-19,-5.5140073890397996e-15
204.62,"[0.06062, 0.0456, 0.39006740421357966]",0.0456,0.39006740421357966,-0.10096131154413224,-0.09076275856377783,-0.0962081453300725,0.25341680802478767,0.23204145940136567,0.24198002988883202,-0.1082991179916807,-0.0719047708629698,-0.0964376268133694,-0.42230112905103234,-0.3453667589455514,-0.3934467717616498,0.06185376102314568,0.055084744995078934,0.058767724774332786,-3.864889593310453e-15,6.172526513872316e-19,-5.443027745826201e-15
204.64,"[0.06062, 0.0456, 0.39006740421357966]",0.0456,0.39006740421357966,-0.10015125528898543,-0.09076275856377783,-0.0962081453300725,0.25146751778455256,0.23204145940136567,0.24198002988883202,-0.10627023920669496,-0.0719047708629698,-0.0964376268133694,-0.41737478067564154,-0.3453667589455514,-0.3934467717616498,0.06132757003476691,0.055084744995078934,0.058767724774332786,-2.3995761541478355e-15,6.172526513872316e-19,-5.443027745826201e-15
204.66,"[0.06062, 0.0456, 0.39114698519845187]",0.0456,0.39114698519845187,-0.09940206439676852,-0.0888949957755524,-0.09528155516153147,0.24966489508455555,0.227593694669352,0.2397818428219506,-0.10440204285821499,-0.06769435049847512,-0.09409904719906804,-0.41282845898818543,-0.3345588563017806,-0.38777233238710856,0.06084119943523049,0.053889707195523,0.05816736014341355,-8.053271168469533e-15,6.429922188453184e-20,-5.1794663879028894e-15
204.68,"[0.06062, 0.0456, 0.39114698519845187]",0.0456,0.39114698519845187,-0.09861916764207287,-0.0888949957755524,-0.09330778355053834,0.2477871151548542,0.227593694669352,0.2350539722351155,-0.10244447368942734,-0.06769435049847512,-0.08937121953081391,-0.40806779494039963,-0.3345588563017806,-0.3760203267855328,0.060333169969729414,0.053889707195523,0.05689373280019731,-6.75171917620124e-15,6.429922188453184e-20,-4.744437692483985e-15
204.7,"[0.06062, 0.0456, 0.39114698519845187]",0.0456,0.39114698519845187,-0.0976954018134713,-0.0888949957755524,-0.09161994340049849,0.24557224133701908,0.227593694669352,0.23103545876232862,-0.10016546547157637,-0.06769435049847512,-0.08524863098647349,-0.4024877378577809,-0.3345588563017806,-0.365860802505635,0.059734784571348024,0.053889707195523,0.0558036241096806,2.737996081518235e-16,6.429922188453184e-20,-5.1610250023267155e-15
204.72,"[0.06062, 0.0456, 0.3922058348251372]",0.0456,0.3922058348251372,-0.0966140332461546,-0.08703149682299019,-0.09161994340049849,0.24298353496087913,0.22316826391689612,0.23103545876232862,-0.09751101435525096,-0.06355039676536416,-0.08524863098647349,-0.3959699268118893,-0.32384329670243384,-0.365860802505635,0.059035011685327966,0.05269994113788501,0.0558036241096806,2.9844930806798754e-15,-2.2695883837198097e-19,-5.1610250023267155e-15
204.74,"[0.06062, 0.0456, 0.3922058348251372]",0.0456,0.3922058348251372,-0.09566515617545002,-0.08703149682299019,-0.09071366769393022,0.24071340048332732,0.22316826391689612,0.22888999859169698,-0.09518116152123367,-0.06355039676536416,-0.08303839760295426,-0.390249193199777,-0.32384329670243384,-0.36040420805796275,0.05842104804590798,0.05269994113788501,0.05521919533864721,-4.781570122808337e-15,-2.2695883837198097e-19,-5.381655418212071e-15
204.76,"[0.06062, 0.0456, 0.3932429081368907]",0.0456,0.3932429081368907,-0.09472437336395677,-0.08517488551684387,-0.08989485641153878,0.23846695412409788,0.21877200007790723,0.22697645908967443,-0.09287403638298407,-0.059477384564026875,-0.0809586499052224,-0.3845786460291158,-0.3132337339010841,-0.35535994241147617,0.05781269603147993,0.05151710136491137,0.05469011129336628,-5.5006625855213235e-15,-6.331939395907125e-19,-5.491771334394114e-15
204.78,"[0.06062, 0.0456, 0.3932429081368907]",0.0456,0.3932429081368907,-0.09380676514298716,-0.08517488551684387,-0.08899358733200502,0.23628376006772492,0.21877200007790723,0.22486717933263492,-0.09061011295840858,-0.059477384564026875,-0.07872841182748928,-0.3790270923480234,-0.3132337339010841,-0.34988259561119905,0.05721940493119142,0.05151710136491137,0.05410943618493609,-6.360507848797576e-15,-6.331939395907125e-19,-5.189270421335308e-15
204.801,"[0.06062, 0.0456, 0.394257181667561]",0.0456,0.394257181667561,-0.09257539675164071,-0.08517488551684387,-0.08899358733200502,0.2333607183490799,0.21877200007790723,0.22486717933263492,-0.08757082124492341,-0.059477384564026875,-0.07872841182748928,-0.3715725988320131,-0.3132337339010841,-0.34988259561119905,0.056423638084675466,0.05151710136491137,0.05410943618493609,-8.067316039402486e-15,-6.331939395907125e-19,-5.189270421335308e-15
204.82,"[0.06062, 0.0456, 0.394257181667561]",0.0456,0.394257181667561,-0.09221721580966658,-0.08332790433062526,-0.08820284174853628,0.2325113644475245,0.2144119056998171,0.22305143492146023,-0.08668658030629532,-0.05547979269290931,-0.07665824916639247,-0.3694035985131162,-0.3027441820246657,-0.34492011206038015,0.0561922178946797,0.05034290356833742,0.05359857220479692,-1.0067581213709746e-14,-3.4907211426255226e-19,-4.682041664724244e-15
204.84,"[0.06062, 0.0456, 0.394257181667561]",0.0456,0.394257181667561,-0.0914544847380432,-0.08332790433062526,-0.08730818526721876,0.23071397783772846,0.2144119056998171,0.22096723298886672,-0.084781197395848,-0.05547979269290931,-0.07446516501388209,-0.3647517360933395,-0.3027441820246657,-0.339505024808686,0.05569942521355859,0.05034290356833742,0.053023426717049245,-8.967794312621118e-15,-3.4907211426255226e-19,-4.3189625243343574e-15
204.86,"[0.06062, 0.0456, 0.39524765445162807]",0.0456,0.39524765445162807,-0.09066668783858715,-0.08149341501538344,-0.08633261879346353,0.2288620963166155,0.21009514353623235,0.21868161970839023,-0.08282115124932855,-0.05156209868041999,-0.0721686845401664,-0.3599548609554774,-0.292389009548745,-0.3337250138051402,0.055190985499179855,0.04917912430719288,0.05239845905854742,-7.775296253771191e-15,-2.84797009045536e-19,-3.866669244527818e-15
204.88,"[0.06062, 0.0456, 0.39524765445162807]",0.0456,0.39524765445162807,-0.08993101570266283,-0.08149341501538344,-0.08633261879346353,0.22713351095647588,0.21009514353623235,0.21868161970839023,-0.08100386582325943,-0.05156209868041999,-0.0721686845401664,-0.3554913909934817,-0.292389009548745,-0.3337250138051402,0.054716652564683554,0.04917912430719288,0.05239845905854742,-5.579323873055338e-15,-2.84797009045536e-19,-3.866669244527818e-15
204.901,"[0.06062, 0.0456, 0.39524765445162807]",0.0456,0.39524765445162807,-0.08886927065128822,-0.08149341501538344,-0.08546682390370167,0.22464276195921623,0.21009514353623235,0.2166787550157823,-0.07839798036002424,-0.05156209868041999,-0.07005317110019685,-0.3490689724386415,-0.292389009548745,-0.3284877103494255,0.05403287295894331,0.04917912430719288,0.05184296740332805,-5.687647758940864e-15,-2.84797009045536e-19,-3.4082020177830256e-15
204.92,"[0.06062, 0.0456, 0.3962133490120352]",0.0456,0.3962133490120352,-0.08852902597652043,-0.07967439841164406,-0.08451654993500776,0.22384636126495835,0.2058290257276433,0.21446354385269648,-0.077563499437061,-0.04772877296632013,-0.06783577446788394,-0.34701084623286194,-0.2821829300581788,-0.3228781557260223,0.05381388240336306,0.04802760028192291,0.05123551075836153,-7.49753796864908e-15,-7.032930542272278e-19,-2.9663730818071497e-15
204.94,"[0.06062, 0.0456, 0.3962133490120352]",0.0456,0.3962133490120352,-0.08785218018582695,-0.07967439841164406,-0.08451654993500776,0.22226299496147922,0.2058290257276433,0.21446354385269648,-0.07591479739577027,-0.04772877296632013,-0.06783577446788394,-0.3429304949588756,-0.2821829300581788,-0.3228781557260223,0.05337866288882171,0.04802760028192291,0.05123551075836153,-5.029230454972836e-15,-7.032930542272278e-19,-2.9663730818071497e-15
204.96,"[0.06062, 0.0456, 0.397153312324841]",0.0456,0.397153312324841,-0.0872184104381547,-0.07787395332500034,-0.08365344179404913,0.22078109925096848,0.20162100144148004,0.2124638980946108,-0.07437978304516939,-0.043984272410118305,-0.06578528201233766,-0.33912055051059015,-0.2721409893745752,-0.31773236913028857,0.052971463984000294,0.04689022709678205,0.05068339382323378,-8.110849182530137e-15,-8.908216865437015e-19,-2.772798612119501e-15
204.98,"[0.06062, 0.0456, 0.397153312324841]",0.0456,0.397153312324841,-0.08654106639577785,-0.07787395332500034,-0.08270398270707431,0.21920083103142063,0.20162100144148004,0.21024683390917154,-0.0727468278547937,-0.043984272410118305,-0.0636336299632925,-0.3350567960544717,-0.2721409893745752,-0.31221026903495747,0.05253673065341909,0.04689022709678205,0.05007822360598697,-6.347142488817796e-15,-8.908216865437015e-19,-2.62426310222208e-15
205.0,"[0.06062, 0.0456, 0.397153312324841]",0.0456,0.397153312324841,-0.08581202049493271,-0.07787395332500034,-0.08185945448402358,0.21749957157836156,0.20162100144148004,0.20829836160726478,-0.07101532026120595,-0.043984272410118305,-0.06164884540753217,-0.33071595592687947,-0.2721409893745752,-0.3071999321145735,0.052069614314372605,0.04689022709678205,0.04953916482743224,-4.875774214202715e-15,-8.908216865437015e-19,-2.434552560437026e-15
205.02,"[0.06062, 0.0456, 0.3980666167597389]",0.0456,0.3980666167597389,-0.08513704049293884,-0.07609529432387045,-0.08185945448402358,0.21592670419117924,0.19747864284346628,0.20829836160726478,-0.06941432065484314,-0.04033303311050058,-0.06164884540753217,-0.32669884173149943,-0.26227854861810707,-0.3071999321145735,0.05163734420189012,0.04576895743949312,0.04953916482743224,-3.3649073160317044e-15,-1.0713502507917636e-18,-2.434552560437026e-15
205.04,"[0.06062, 0.0456, 0.3980666167597389]",0.0456,0.3980666167597389,-0.084514299151228,-0.07609529432387045,-0.08093113715719831,0.2144773191003837,0.19747864284346628,0.2061402349702583,-0.06793888036343018,-0.04033303311050058,-0.05956481404351679,-0.32299404891018124,-0.26227854861810707,-0.3018228489819447,0.05123869012071303,0.04576895743949312,0.04894866587197291,-6.4004054926342955e-15,-1.0713502507917636e-18,-2.2364424433503803e-15
205.06,"[0.06062, 0.0456, 0.39896978871607475]",0.0456,0.39896978871607475,-0.08391704693179096,-0.07430746818222375,-0.07991671778310898,0.21308750451315472,0.19333017622374862,0.20376315222438632,-0.06653537059115672,-0.03670980860968957,-0.057395134381730786,-0.3194554584118703,-0.25242202258030555,-0.29609116652314993,0.050856730419411585,0.04464421186635078,0.04830559291209166,-3.838411906603252e-15,-1.3836415499024521e-18,-2.1829459541735034e-15
205.08,"[0.06062, 0.0456, 0.39896978871607475]",0.0456,0.39896978871607475,-0.08324828213723,-0.07430746818222375,-0.07991671778310898,0.21152981502559207,0.19333017622374862,0.20376315222438632,-0.06499399688660226,-0.03670980860968957,-0.057395134381730786,-0.3155320943803945,-0.25242202258030555,-0.29609116652314993,0.05042989085937904,0.04464421186635078,0.04830559291209166,-1.835992896917717e-15,-1.3836415499024521e-18,-2.1829459541735034e-15
205.1,"[0.06062, 0.0456, 0.39896978871607475]",0.0456,0.39896978871607475,-0.08261528490992713,-0.07430746818222375,-0.07902470780691744,0.21005414909349895,0.19333017622374862,0.20170152253650406,-0.06355021301618329,-0.03670980860968957,-0.055403909157308744,-0.3118383180933768,-0.25242202258030555,-0.29093512599590954,0.05002627424936688,0.04464421186635078,0.04773926601261441,-4.987305495375102e-15,-1.3836415499024521e-18,-1.9829039279925218e-15
205.12,"[0.06062, 0.0456, 0.3998096709095496]",0.0456,0.3998096709095496,-0.08201335615822287,-0.0726163364597715,-0.07804179967450615,0.2086526967197301,0.18942059577939294,0.19940367106841284,-0.062181625558866194,-0.03332742299705474,-0.053333468840509976,-0.30833075524837816,-0.2431532333905835,-0.2854209184763497,0.04964271210530734,0.04358259403936672,0.04711747776741242,-2.8796843431192786e-15,-9.59962705942637e-19,-2.029098918914088e-15
205.14,"[0.06062, 0.0456, 0.3998096709095496]",0.0456,0.3998096709095496,-0.08134722215825249,-0.0726163364597715,-0.07804179967450615,0.20710218847827327,0.18942059577939294,0.19940367106841284,-0.06068681541647829,-0.03332742299705474,-0.053333468840509976,-0.3044741649444922,-0.2431532333905835,-0.2854209184763497,0.04921887852314706,0.04358259403936672,0.04711747776741242,-1.2246381258569109e-15,-9.59962705942637e-19,-2.029098918914088e-15
205.16,"[0.06062, 0.0456, 0.40063770044045793]",0.0456,0.40063770044045793,-0.08071919188631972,-0.07092383610505286,-0.07700356021401134,0.20563947017052567,0.18552276836798068,0.1969750138958539,-0.05928967957247825,-0.02998274916658173,-0.05119737702845111,-0.30085404812136624,-0.23392607006625266,-0.2796624645379932,0.04881961237953232,0.04252209454538136,0.04646215828259787,-4.285949963563992e-15,-4.340852364187799e-19,-1.9399093436202568e-15
205.181,"[0.06062, 0.0456, 0.40063770044045793]",0.0456,0.40063770044045793,-0.08010666342004963,-0.07092383610505286,-0.0760534210807887,0.20421180262403424,0.18552276836798068,0.1947608659467676,-0.057944390357736686,-0.02998274916658173,-0.049219214991241995,-0.29734590810100725,-0.23392607006625266,-0.2743601641955615,0.04843067485472106,0.04252209454538136,0.045862229600095734,-1.908083071459429e-15,-4.340852364187799e-19,-2.079573243970881e-15
205.2,"[0.06062, 0.0456, 0.40063770044045793]",0.0456,0.40063770044045793,-0.0795170738108812,-0.07092383610505286,-0.0760534210807887,0.2028368127657985,0.18552276836798068,0.1947608659467676,-0.05666245783057244,-0.02998274916658173,-0.049219214991241995,-0.2939860538298416,-0.23392607006625266,-0.2743601641955615,0.04805665670599386,0.04252209454538136,0.045862229600095734,-4.525653619793599e-15,-4.340852364187799e-19,-2.079573243970881e-15
205.22,"[0.06062, 0.0456, 0.40143563242306357]",0.0456,0.40143563242306357,-0.07885897979217499,-0.06926663464493518,-0.07503357867820495,0.20130238287032717,0.18172066827263997,0.19237389508657934,-0.05524824169658203,-0.02674821484495616,-0.047170843564363775,-0.29025713480529214,-0.22494070407547231,-0.26876881847775985,0.04763971555584816,0.04148580858475275,0.04521996368173962,-3.0942209564200662e-15,-5.982529254569558e-19,-2.2667727488358135e-15
205.24,"[0.06062, 0.0456, 0.40143563242306357]",0.0456,0.40143563242306357,-0.07813215358053477,-0.06926663464493518,-0.0741024075275267,0.19960597019156281,0.18172066827263997,0.1902061537381578,-0.05371353605688935,-0.02674821484495616,-0.04526720354915178,-0.28617435470899977,-0.22494070407547231,-0.2636172255102055,0.04717996269974344,0.04148580858475275,0.044633209479895665,-2.091798635922102e-15,-5.982529254569558e-19,-2.5588316378299757e-15
205.26,"[0.06062, 0.0456, 0.40220267939483506]",0.0456,0.40220267939483506,-0.07745030723403754,-0.06764885506942678,-0.0731069529971815,0.1980151017869137,0.17802330835158778,0.18788360464006607,-0.05228006048721901,-0.023628506690545552,-0.0432898129635542,-0.2823521435342515,-0.21621542595009743,-0.2581862537818045,0.04674888746611479,0.040476128498645264,0.04400740045757204,-1.0580585935708084e-15,-3.8872402608793836e-19,-2.7961506361787717e-15
205.281,"[0.06062, 0.0456, 0.40220267939483506]",0.0456,0.40220267939483506,-0.07635389005280681,-0.06764885506942678,-0.0721993579447611,0.19545759253724054,0.17802330835158778,0.1857800266193551,-0.05000387205335878,-0.023628506690545552,-0.04144707091176933,-0.2762430961296784,-0.21621542595009743,-0.25317915684596487,0.046056635017577105,0.040476128498645264,0.043436430880789086,-2.136517205047571e-15,-3.8872402608793836e-19,-3.082721329969219e-15
205.3,"[0.06062, 0.0456, 0.40220267939483506]",0.0456,0.40220267939483506,-0.07593843684202327,-0.06764885506942678,-0.0721993579447611,0.19448983594553373,0.17802330835158778,0.1857800266193551,-0.049148191942068216,-0.023628506690545552,-0.04144707091176933,-0.27393670220448807,-0.21621542595009743,-0.25317915684596487,0.04579461460388605,0.040476128498645264,0.043436430880789086,-2.7426141276607355e-16,-3.8872402608793836e-19,-3.082721329969219e-15
205.32,"[0.06062, 0.0456, 0.4029380843730181]",0.0456,0.4029380843730181,-0.07522801185151427,-0.06607428331680107,-0.07123464905857117,0.19283497217364737,0.17443860491944455,0.18354463238038093,-0.04768497895155155,-0.02062775139240789,-0.03952757392220742,-0.26999276859207083,-0.20776686610427403,-0.24790782937441033,0.04534655969647885,0.03949527290781447,0.04283075212739059,-3.661261511555636e-15,-3.2995327830250704e-20,-3.2007622891763392e-15
205.34,"[0.06062, 0.0456, 0.4029380843730181]",0.0456,0.4029380843730181,-0.07446927292086275,-0.06607428331680107,-0.07037245452904363,0.19106980761304682,0.17443860491944455,0.18157333152734514,-0.04613507200127074,-0.02062775139240789,-0.037736551673444994,-0.2657966301465656,-0.20776686610427403,-0.24309154645383865,0.04486855625833218,0.03949527290781447,0.04228869383463956,-3.1105989144376348e-15,-3.2995327830250704e-20,-3.1964269060188043e-15
205.36,"[0.06062, 0.0456, 0.4036411216016857]",0.0456,0.4036411216016857,-0.07376847493407833,-0.06454676097963051,-0.07037245452904363,0.1894428942336426,0.17097443496453063,0.18157333152734514,-0.044700545146688725,-0.017749981599829524,-0.037736551673444994,-0.2619161297136587,-0.19961168811775537,-0.24309154645383865,0.04442716764415874,0.03854547889095445,0.04228869383463956,-2.40458315642853e-15,-4.408453211597024e-20,-3.1964269060188043e-15
205.381,"[0.06062, 0.0456, 0.4036411216016857]",0.0456,0.4036411216016857,-0.07275633133193583,-0.06454676097963051,-0.06945423380527681,0.1871000137662488,0.17097443496453063,0.179471041786025,-0.042627380680191014,-0.017749981599829524,-0.035877329246348774,-0.25630809708175684,-0.19961168811775537,-0.23802584068632807,0.04379004186555942,0.03854547889095445,0.041712700072698984,-2.751328141583721e-15,-4.408453211597024e-20,-3.1258908648997084e-15
205.4,"[0.06062, 0.0456, 0.4036411216016857]",0.0456,0.4036411216016857,-0.07242612157925593,-0.06454676097963051,-0.0686352245421349,0.18633711656826668,0.17097443496453063,0.1776210206916475,-0.041952375539503074,-0.017749981599829524,-0.034148300850761745,-0.2544798714451862,-0.19961168811775537,-0.2334090066685363,0.043582307686265115,0.03854547889095445,0.04119826101555127,-4.09070943842802e-15,-4.408453211597024e-20,-3.008305384768552e-15
205.42,"[0.06062, 0.0456, 0.4043110972679718]",0.0456,0.4043110972679718,-0.07177956197588774,-0.06307017148657185,-0.06774703393962003,0.18484756025029514,0.1676386139312818,0.1755971667775457,-0.040625213909494994,-0.014999128093634382,-0.032362034665609274,-0.25089192220504586,-0.191766539991468,-0.22852251331446302,0.04317563833395538,0.03762899650736342,0.04064202826492398,-3.132257153875639e-15,-2.2918274522280078e-20,-3.010426959029956e-15
205.44,"[0.06062, 0.0456, 0.4043110972679718]",0.0456,0.4043110972679718,-0.07109331880323276,-0.06307017148657185,-0.06693939702287592,0.1832721323428454,0.1676386139312818,0.17377160819232712,-0.03921597381499746,-0.014999128093634382,-0.030697093536725242,-0.2470815189234971,-0.191766539991468,-0.22402249753841869,0.042744313368379326,0.03762899650736342,0.04013586685109224,-2.373860553147678e-15,-2.2918274522280078e-20,-3.072104182732215e-15
205.46,"[0.06062, 0.0456, 0.4049473501867811]",0.0456,0.4049473501867811,-0.0703767609874738,-0.06164842202952947,-0.06693939702287592,0.18163133302700613,0.16443886306512695,0.17377160819232712,-0.03774723126888376,-0.0123790073673258,-0.030697093536725242,-0.2431053062859419,-0.18424798418074284,-0.22402249753841869,0.04229426305732396,0.03674807877478813,0.04013586685109224,-2.1423306970964394e-15,-2.589748369513244e-19,-3.072104182732215e-15
205.48,"[0.06062, 0.0456, 0.4049473501867811]",0.0456,0.4049473501867811,-0.06935948751638377,-0.06164842202952947,-0.06608191865606938,0.17930744482486538,0.16443886306512695,0.17183258047167926,-0.035663803465579715,-0.0123790073673258,-0.02896868868540776,-0.23746125354808023,-0.18424798418074284,-0.21929638178424582,0.041655711169665724,0.03674807877478813,0.039599601693601605,-2.7971816535433454e-15,-2.589748369513244e-19,-3.023897021381619e-15
205.5,"[0.06062, 0.0456, 0.4055492524532982]",0.0456,0.4055492524532982,-0.06873674943290072,-0.0602854233112488,-0.06531847668006538,0.17788722059782572,0.1613827747153271,0.17013217753706425,-0.03439173166231356,-0.009893308917563813,-0.027358706164371065,-0.23400992791852296,-0.17707242094297806,-0.21498934874833595,0.04126505036920138,0.035904970538834145,0.03912150197598906,-4.979804225804328e-15,5.108819869854572e-20,-2.9015294848765868e-15
205.52,"[0.06062, 0.0456, 0.4055492524532982]",0.0456,0.4055492524532982,-0.06839492215762753,-0.0602854233112488,-0.06531847668006538,0.17711171629179345,0.1613827747153271,0.17013217753706425,-0.03368842911526654,-0.009893308917563813,-0.027358706164371065,-0.23210787000459696,-0.17707242094297806,-0.21498934874833595,0.04105069552987204,0.035904970538834145,0.03912150197598906,-3.298591114369674e-15,5.108819869854572e-20,-2.9015294848765868e-15
205.54,"[0.06062, 0.0456, 0.4055492524532982]",0.0456,0.4055492524532982,-0.06781039751687003,-0.0602854233112488,-0.06450658960303979,0.1757856039284601,0.1613827747153271,0.1683190165330835,-0.03248578175951874,-0.009893308917563813,-0.025695345258359235,-0.22885535097146137,-0.17707242094297806,-0.2104740911769584,0.040684148754622985,0.035904970538834145,0.03861424611706746,-5.186396130845792e-15,5.108819869854572e-20,-2.7491276146734185e-15
205.56,"[0.06062, 0.0456, 0.40611621006265486]",0.0456,0.40611621006265486,-0.06718267401324542,-0.05898506718730212,-0.0636533067261828,0.1743669523234164,0.1584777758524676,0.16640816571928735,-0.03119559882930889,-0.0075455823912729345,-0.023996633677341957,-0.22536291161619404,-0.17025600543967725,-0.2057947471787499,0.04029086725347497,0.03510189629425875,0.03808230402237541,-4.32931349681429e-15,4.47400737520053e-19,-2.6054792510321366e-15
205.58,"[0.06062, 0.0456, 0.40611621006265486]",0.0456,0.40611621006265486,-0.06658888968763213,-0.05898506718730212,-0.0636533067261828,0.17302675944195886,0.1584777758524676,0.16640816571928735,-0.029980679497711528,-0.0075455823912729345,-0.023996633677341957,-0.22206610133861568,-0.17025600543967725,-0.2057947471787499,0.03991911502807617,0.03510189629425875,0.03808230402237541,-3.189981812262243e-15,4.47400737520053e-19,-2.6054792510321366e-15
205.6,"[0.06062, 0.0456, 0.40611621006265486]",0.0456,0.40611621006265486,-0.06595342687197485,-0.05898506718730212,-0.06287628619632027,0.17159637880129466,0.1584777758524676,0.16467968738498243,-0.028686020607165044,-0.0075455823912729345,-0.02241973178096868,-0.21854423449609334,-0.17025600543967725,-0.20149165160061722,0.0395216572205339,0.03510189629425875,0.037597666857898136,-2.6187224096330993e-15,4.47400737520053e-19,-2.5680303978260886e-15
205.62,"[0.06062, 0.0456, 0.4066476634961401]",0.0456,0.4066476634961401,-0.0653687701435802,-0.057751202314507075,-0.06207596640371939,0.17028220743225186,0.15573109004642818,0.1629069090682526,-0.02749542573499913,-0.005339224711524667,-0.020806902388646607,-0.2153042437514479,-0.16381455909324757,-0.1970728267242114,0.039156099051624094,0.03434104702282846,0.03709926138787239,-4.447299846671113e-15,1.588460516483761e-19,-2.396649313042879e-15
205.64,"[0.06062, 0.0456, 0.4066476634961401]",0.0456,0.4066476634961401,-0.06481516621434913,-0.057751202314507075,-0.06207596640371939,0.16904045079167002,0.15573109004642818,0.1629069090682526,-0.026369760949421676,-0.005339224711524667,-0.020806902388646607,-0.21223796876080595,-0.16381455909324757,-0.1970728267242114,0.038810156387803024,0.03434104702282846,0.03709926138787239,-3.2972404153031883e-15,1.588460516483761e-19,-2.396649313042879e-15
205.66,"[0.06062, 0.0456, 0.40714308827337836]",0.0456,0.40714308827337836,-0.0642947182503118,-0.05658760798175805,-0.06136234276338493,0.16787507786427514,0.15314969821126198,0.16134688762132662,-0.02531281782764359,-0.0032774673112866927,-0.019314210448398945,-0.20935659177933344,-0.157763475892723,-0.1930564166010497,0.03848508633780801,0.03362456614438019,0.036654394924421234,-4.695439896845259e-15,-3.1784213487571457e-19,-2.24333546003838e-15
205.681,"[0.06062, 0.0456, 0.40714308827337836]",0.0456,0.40714308827337836,-0.06342377399536722,-0.05658760798175805,-0.06059963778335648,0.16593749949567507,0.15314969821126198,0.15966249949276032,-0.02353514039514678,-0.0032774673112866927,-0.017793662051409375,-0.20452019647096625,-0.157763475892723,-0.18886593816990238,0.037941548172611035,0.03362456614438019,0.03618018700286893,-2.4587069625598692e-15,-3.1784213487571457e-19,-2.2027101559508596e-15
205.7,"[0.06062, 0.0456, 0.40714308827337836]",0.0456,0.40714308827337836,-0.06314136037415642,-0.05658760798175805,-0.05990643669224969,0.16530999949541025,0.15314969821126198,0.15814382572914087,-0.02296099256324585,-0.0032774673112866927,-0.016379772925008806,-0.2029547706437219,-0.157763475892723,-0.18501274635168932,0.03776541205563316,0.03362456614438019,0.03574893398007414,-3.3111997351143717e-15,-3.1784213487571457e-19,-2.218993646133365e-15
205.72,"[0.06062, 0.0456, 0.4076019954699277]",0.0456,0.4076019954699277,-0.0625891129727971,-0.055497966367642586,-0.05990643669224969,0.1640851071186039,0.15074029848464607,0.15814382572914087,-0.02183781085816639,-0.0013633636085886897,-0.016379772925008806,-0.1998925732974557,-0.1521176245453582,-0.18501274635168932,0.03742109399332011,0.03295453471178915,0.03574893398007414,-2.681813651933068e-15,2.1943227780986768e-20,-2.218993646133365e-15
205.74,"[0.06062, 0.0456, 0.4076019954699277]",0.0456,0.4076019954699277,-0.06207940447947706,-0.055497966367642586,-0.05919351312462911,0.16295626365465518,0.15074029848464607,0.1565882602727301,-0.020800783655525866,-0.0013633636085886897,-0.014935375203596248,-0.19706540618318408,-0.1521176245453582,-0.18106145041924696,0.0371033835907971,0.03295453471178915,0.03530605199742224,-4.042176646059743e-15,2.1943227780986768e-20,-2.1301823081962023e-15
205.76,"[0.06062, 0.0456, 0.4080239321997898]",0.0456,0.4080239321997898,-0.06153108512205843,-0.054485833539717934,-0.0584576680884806,0.16174634301214524,0.1485092656687644,0.15497865941523037,-0.019686356054405222,0.000400223141886633,-0.013480285211150992,-0.1940246545935776,-0.14689124757523306,-0.17703115292584296,0.03676189058804854,0.03233295601544476,0.034849758725019254,-3.394484893398193e-15,5.05801449361775e-19,-2.049400374774961e-15
205.78,"[0.06062, 0.0456, 0.4080239321997898]",0.0456,0.4080239321997898,-0.06101336193894055,-0.054485833539717934,-0.0584576680884806,0.16060534720596695,0.1485092656687644,0.15497865941523037,-0.018638160698232525,0.000400223141886633,-0.013480285211150992,-0.19115861605666173,-0.14689124757523306,-0.17703115292584296,0.0364396519285821,0.03233295601544476,0.034849758725019254,-2.576929885330731e-15,5.05801449361775e-19,-2.049400374774961e-15
205.8,"[0.06062, 0.0456, 0.4080239321997898]",0.0456,0.4080239321997898,-0.060527780107338086,-0.054485833539717934,-0.057801350014521906,0.1595362765257717,0.1485092656687644,0.15356198842839228,-0.017658164360275987,0.000400223141886633,-0.01213406887180526,-0.18847439806719482,-0.14689124757523306,-0.1733687253378196,0.03613757221990008,0.03233295601544476,0.03444241163670905,-3.782195373438573e-15,5.05801449361775e-19,-1.963396017549478e-15
205.82,"[0.06062, 0.0456, 0.40840848206235325]",0.0456,0.40840848206235325,-0.06006882701636275,-0.053554609580132674,-0.05712261066569046,0.158528662176133,0.14646261071404015,0.1520912256926721,-0.01672974569271454,0.00201063148757022,-0.010778886471386938,-0.18593393873706396,-0.14209785866716965,-0.16963127146578916,0.035852152947035275,0.03176173979715064,0.03402191878874537,-2.8855658146443575e-15,5.250018059525703e-19,-1.9187060236031016e-15
205.84,"[0.06062, 0.0456, 0.40840848206235325]",0.0456,0.40840848206235325,-0.05957013245113566,-0.053554609580132674,-0.05712261066569046,0.15743791789054234,0.14646261071404015,0.1520912256926721,-0.015721048861359378,0.00201063148757022,-0.010778886471386938,-0.18317280280950876,-0.14209785866716965,-0.16963127146578916,0.035542252813270996,0.03176173979715064,0.03402191878874537,-2.2522501491090962e-15,5.250018059525703e-19,-1.9187060236031016e-15
205.86,"[0.06062, 0.0456, 0.40875526555333097]",0.0456,0.40875526555333097,-0.05910510331188741,-0.052707508288166144,-0.056518699018055375,0.15642204637298898,0.144605940774433,0.15080169559643877,-0.014782038011783287,0.003465412778980835,-0.009524119588864538,-0.18059991185955568,-0.13775013973514277,-0.16623733723117837,0.035253389348607125,0.031242686305530162,0.03364740356107815,-3.38306542559627e-15,7.796102770258083e-19,-1.854175450087814e-15
205.88,"[0.06062, 0.0456, 0.40875526555333097]",0.0456,0.40875526555333097,-0.058613686496058096,-0.052707508288166144,-0.05588808941525421,0.15535417972548513,0.144605940774433,0.14944303324983943,-0.013783033516041885,0.003465412778980835,-0.008264301201858578,-0.17787102268562405,-0.13775013973514277,-0.16276245961344832,0.03494825204897166,0.031242686305530162,0.033257136280401715,-2.91897030041907e-15,7.796102770258083e-19,-1.854540434835545e-15
205.9,"[0.06062, 0.0456, 0.40875526555333097]",0.0456,0.40875526555333097,-0.0580958230507075,-0.052707508288166144,-0.055328279363134114,0.15423106189515867,0.144605940774433,0.14825696327313076,-0.012734474380909497,0.003465412778980835,-0.007094603447247325,-0.17500039570734738,-0.13775013973514277,-0.1596059271864946,0.034626940052938884,0.031242686305530162,0.03291028988227453,-2.6030231621755037e-15,7.796102770258083e-19,-1.807961712204234e-15
205.92,"[0.06062, 0.0456, 0.40906394043928507]",0.0456,0.40906394043928507,-0.05762037265475794,-0.05194752696868846,-0.055328279363134114,0.15320272945491337,0.1429444204003674,0.14825696327313076,-0.011768171706004442,0.004762341412885339,-0.007094603447247325,-0.1723595346122524,-0.13385983934913875,-0.1596059271864946,0.0343319926963398,0.030777470453294577,0.03291028988227453,-2.2233071552741615e-15,8.158247446163908e-19,-1.807961712204234e-15
205.94,"[0.06062, 0.0456, 0.40906394043928507]",0.0456,0.40906394043928507,-0.05718487492933821,-0.05194752696868846,-0.05475846504235165,0.15226303388041465,0.1429444204003674,0.14704879361301978,-0.010880193741257668,0.004762341412885339,-0.005922673044868236,-0.1699363492066619,-0.13385983934913875,-0.15641790956746401,0.034061869161664794,0.030777470453294577,0.03255773898317836,-3.1990995188519715e-15,8.158247446163908e-19,-1.7417200793006717e-15
205.96,"[0.06062, 0.0456, 0.40933921361767556]",0.0456,0.40933921361767556,-0.056723857050810816,-0.05126502946250753,-0.05475846504235165,0.1512723282296477,0.14145572409840387,0.14704879361301978,-0.009938264813450209,0.005920464724643993,-0.005922673044868236,-0.16736784568061722,-0.13037438281524194,-0.15641790956746401,0.033776084427748876,0.030360046276135345,0.03255773898317836,-2.7832572450421093e-15,6.665214863435274e-19,-1.7417200793006717e-15
205.98,"[0.06062, 0.0456, 0.40933921361767556]",0.0456,0.40933921361767556,-0.056293124270020055,-0.05126502946250753,-0.054185382050484766,0.15034828000083958,0.14145572409840387,0.1458330270961386,-0.009059116484124226,0.005920464724643993,-0.00476081406696404,-0.16496896840251657,-0.13037438281524194,-0.15323401534737818,0.033509186516857144,0.030360046276135345,0.03220361621897876,-2.2582544607403222e-15,6.665214863435274e-19,-1.6716487321007089e-15
206.0,"[0.06062, 0.0456, 0.40933921361767556]",0.0456,0.40933921361767556,-0.055892653248298695,-0.05126502946250753,-0.05368842653787451,0.1494903819489845,0.14145572409840387,0.14480262749048273,-0.008242439029216585,0.005920464724643993,-0.0036933948219483983,-0.1627393273273131,-0.13037438281524194,-0.15038920669647182,0.033261128160258516,0.030360046276135345,0.03189609812180096,-3.0683603493615046e-15,6.665214863435274e-19,-1.5485137403403711e-15
206.02,"[0.06062, 0.0456, 0.4095657838059599]",0.0456,0.4095657838059599,-0.055518576169450704,-0.05069960698812499,-0.05368842653787451,0.14869244456640537,0.14022492596297978,0.14480262749048273,-0.007474188366371315,0.00687497397407347,-0.0036933948219483983,-0.1606488371914269,-0.12749301881752997,-0.15038920669647182,0.0330294490816947,0.030014508633846592,0.03189609812180096,-2.4621217657223315e-15,6.940993496084273e-19,-1.5485137403403711e-15
206.04,"[0.06062, 0.0456, 0.4095657838059599]",0.0456,0.4095657838059599,-0.05517084773944397,-0.05069960698812499,-0.053192206415557726,0.14795337932201877,0.14022492596297978,0.14377223212061505,-0.006755837597247492,0.00687497397407347,-0.0026429596523633706,-0.1586995074026452,-0.12749301881752997,-0.1475693450903959,0.03281411239931356,0.030014508633846592,0.03158939833690295,-3.0685307859430194e-15,6.940993496084273e-19,-1.4496756413173649e-15
206.06,"[0.06062, 0.0456, 0.40975845702786606]",0.0456,0.40975845702786606,-0.05479490588790474,-0.05021641985093569,-0.052703719982295665,0.1471589613537832,0.13917499731675217,0.14275780818051464,-0.00597439079213374,0.0076872975039705424,-0.001619025431463114,-0.15658477656867,-0.12503490588275673,-0.1448069172533096,0.03258141672745337,0.029719400139352113,0.031287764765347316,-2.5757491891648947e-15,7.477441146479661e-19,-1.3708751085475978e-15
206.08,"[0.06062, 0.0456, 0.40975845702786606]",0.0456,0.40975845702786606,-0.054441544344833566,-0.05021641985093569,-0.052703719982295665,0.14641404040550246,0.13917499731675217,0.14275780818051464,-0.0052390254578925976,0.0076872975039705424,-0.001619025431463114,-0.1545956018094432,-0.12503490588275673,-0.1448069172533096,0.03236276987609115,0.029719400139352113,0.031287764765347316,-2.0503157597601967e-15,7.477441146479661e-19,-1.3708751085475978e-15
206.1,"[0.06062, 0.0456, 0.40975845702786606]",0.0456,0.40975845702786606,-0.054111357715945434,-0.05021641985093569,-0.05227090730005646,0.14571935628279348,0.13917499731675217,0.14187339063755655,-0.0045512254571262395,0.0076872975039705424,-0.0006757254134833058,-0.15273575174900725,-0.12503490588275673,-0.14230885190772175,0.03215851890504918,0.029719400139352113,0.031020246488941135,-2.637015719208575e-15,7.477441146479661e-19,-1.2973920725241849e-15
206.12,"[0.06062, 0.0456, 0.40991203161587997]",0.0456,0.40991203161587997,-0.05361259565323481,-0.04982955682721667,-0.05185046043894988,0.14467709959297947,0.13833562425956106,0.1410163341564208,-0.0035009649514424097,0.008335327629080503,0.00023872050923699696,-0.14991006189954836,-0.12306976943465375,-0.1398843321981237,0.031850047080282474,0.029483252807502962,0.03076053787099585,-2.4999782024577036e-15,6.3211617909757555e-19,-1.2305010875949796e-15
206.14,"[0.06062, 0.0456, 0.40991203161587997]",0.0456,0.40991203161587997,-0.05343638213180678,-0.04982955682721667,-0.05185046043894988,0.14431102304933127,0.13833562425956106,0.1410163341564208,-0.003126996407724028,0.008335327629080503,0.00023872050923699696,-0.14890748893225242,-0.12306976943465375,-0.1398843321981237,0.03174109615935264,0.029483252807502962,0.03076053787099585,-1.846237685875857e-15,6.3211617909757555e-19,-1.2305010875949796e-15
206.16,"[0.06062, 0.0456, 0.4100263560104246]",0.0456,0.4100263560104246,-0.053135057010159956,-0.04954057353656097,-0.05148917936060631,0.1436850321597182,0.13770938020443804,0.1403000030320806,-0.0024875101976970606,0.00881801581682167,0.0010752006736538162,-0.14719308915796944,-0.12160355859826853,-0.13773003944041295,0.031554790084564834,0.02930692675336307,0.03053700033887541,-2.3660007379184564e-15,5.555768635212479e-19,-1.133437567541734e-15
206.18,"[0.06062, 0.0456, 0.4100263560104246]",0.0456,0.4100263560104246,-0.05285485555379026,-0.04954057353656097,-0.05148917936060631,0.14310634642667647,0.13770938020443804,0.1403000030320806,-0.0018858783512731986,0.00881801581682167,0.0010752006736538162,-0.14558899606513087,-0.12160355859826853,-0.13773003944041295,0.03138152841077372,0.02930692675336307,0.03053700033887541,-1.9102828092471836e-15,5.555768635212479e-19,-1.133437567541734e-15
206.2,"[0.06062, 0.0456, 0.4100263560104246]",0.0456,0.4100263560104246,-0.05259537707708312,-0.04954057353656097,-0.05114271591609887,0.14257314118174455,0.13770938020443804,0.13961547091732562,-0.0013232733407018257,0.00881801581682167,0.001878598563054193,-0.14409579431162453,-0.12160355859826853,-0.13566206557911467,0.031221068077113296,0.02930692675336307,0.030322724516079202,-2.305649274508354e-15,5.555768635212479e-19,-1.054373819536308e-15
206.22,"[0.06062, 0.0456, 0.410101317387125]",0.0456,0.410101317387125,-0.05231937145649239,-0.04935061138340527,-0.0508191711892098,0.1420111838315292,0.13729809742333793,0.13898153066820565,-0.0007149176832605476,0.009134635275906997,0.002639068709697333,-0.14249338585771587,-0.12064059076894498,-0.1337163931357436,0.031050382800516384,0.029191054767662396,0.0301226136424087,-1.951624739126662e-15,5.428899956557968e-19,-9.866652212411081e-16
206.24,"[0.06062, 0.0456, 0.410101317387125]",0.0456,0.410101317387125,-0.05206345243112435,-0.04935061138340527,-0.05052789753433483,0.14149260435294017,0.13729809742333793,0.1384179902843195,-0.00014610258606753224,0.009134635275906997,0.003342005652141104,-0.14100086776571344,-0.12064059076894498,-0.13193918509519437,0.030892116639105908,0.029191054767662396,0.02994232087216932,-1.5936723561144894e-15,5.428899956557968e-19,-9.492473693071065e-16
206.26,"[0.06062, 0.0456, 0.4101368417681527]",0.0456,0.4101368417681527,-0.05179791162966823,-0.04926043447412901,-0.05052789753433483,0.1409591463144747,0.13710297418254042,0.1384179902843195,0.0004533736501305944,0.009284725553123194,0.003342005652141104,-0.13943909678721353,-0.12018372561548052,-0.13193918509519437,0.030727881792709424,0.029136060612504552,0.02994232087216932,-1.3808005352495545e-15,5.673181315451065e-19,-9.492473693071065e-16
206.28,"[0.06062, 0.0456, 0.4101368417681527]",0.0456,0.4101368417681527,-0.05155660895155548,-0.04926043447412901,-0.0502658588748261,0.14047632666879156,0.13710297418254042,0.13792137362782475,0.001002213726429424,0.009284725553123194,0.003999330745711486,-0.1380141135708811,-0.12018372561548052,-0.13030540342854985,0.03057862521780776,0.029136060612504552,0.029779963558324782,-1.805284767735865e-15,5.673181315451065e-19,-8.981462145174592e-16
206.3,"[0.06062, 0.0456, 0.4101368417681527]",0.0456,0.4101368417681527,-0.051311366436972275,-0.04926043447412901,-0.05003218309567506,0.13999088559103318,0.13710297418254042,0.13748696965431614,0.0015716659559013605,0.009284725553123194,0.004607205762926604,-0.13654945864905862,-0.12018372561548052,-0.12881814428027602,0.030426879502506353,0.029136060612504552,0.029635010600744555,-1.6086022537104835e-15,5.673181315451065e-19,-8.623397986317572e-16
206.32,"[0.06062, 0.0456, 0.41014]",0.0456,0.41014,-0.050964707751477864,-0.04926043447412901,-0.04983263468459218,0.13931232437223334,0.13710297418254042,0.1371314925313115,0.0023942972377332733,0.009284725553123194,0.005165844455916727,-0.13445427246250277,-0.12018372561548052,-0.12749284274070558,0.030212283030130134,0.029136060612504552,0.029510923469547076,-1.659428350513997e-15,5.673181315451065e-19,-8.044639497807527e-16
206.34,"[0.06062, 0.0456, 0.41014]",0.0456,0.41014,-0.05085150044478054,-0.04926043447412901,-0.04965731677548539,0.1390942411881384,0.13710297418254042,0.1368289636862367,0.0026714519572887817,0.009284725553123194,0.005681851062731498,-0.13375812949309984,-0.12018372561548052,-0.12629326846567362,0.03014214707407183,0.029136060612504552,0.029401705412631648,-1.332933009334319e-15,5.673181315451065e-19,-7.556763671158138e-16
206.36,"[0.06062, 0.0456, 0.41014]",0.0456,0.41014,-0.05064038415942684,-0.04926043447412901,-0.04965731677548539,0.13869106605885692,0.13710297418254042,0.1368289636862367,0.0031969871885622913,0.009284725553123194,0.005681851062731498,-0.1324477675878336,-0.12018372561548052,-0.12629326846567362,0.030011292783521423,0.029136060612504552,0.029401705412631648,-1.2352633071472657e-15,5.673181315451065e-19,-7.556763671158138e-16
206.38,"[0.06062, 0.0456, 0.41014]",0.0456,0.41014,-0.05045360135648304,-0.04926043447412901,-0.049511649650105446,0.13833726660811457,0.13710297418254042,0.136594330784116,0.0036691113206684407,0.009284725553123194,0.006153461064426974,-0.13127841275973265,-0.12018372561548052,-0.12523669030821638,0.029895471183054027,0.029136060612504552,0.029310626373372676,-1.5572514030554864e-15,5.673181315451065e-19,-6.861260451691005e-16
206.4,"[0.06062, 0.0456, 0.41014]",0.0456,0.41014,-0.05027463053226511,-0.04926043447412901,-0.049392885109065005,0.13800610880158215,0.13710297418254042,0.13641994497835788,0.004141137767880195,0.009284725553123194,0.0065813616305302235,-0.13013048549911327,-0.12018372561548052,-0.12431465266346961,0.029784350669215736,0.029136060612504552,0.029236030760886794,-1.4267949934916026e-15,5.673181315451065e-19,-6.047143998629231e-16
206.42,"[0.06062, 0.0456, 0.41014]",0.0456,0.41014,-0.05011778771054183,-0.04926043447412901,-0.04929192223528602,0.13772043239771029,0.13710297418254042,0.1362827067292933,0.00456626924672516,0.009284725553123194,0.0069735011842536965,-0.1291084606535383,-0.12018372561548052,-0.12349119949191605,0.029686883491758166,0.029136060612504552,0.029172392617276232,-1.2703298748523981e-15,5.673181315451065e-19,-5.34127204935564e-16
206.44,"[0.06062, 0.0456, 0.41014]",0.0456,0.41014,-0.04996995992887563,-0.04926043447412901,-0.04920705642506929,0.1374596159631533,0.13710297418254042,0.13617846067602346,0.004988350750938477,0.009284725553123194,0.0073315704126980675,-0.12811529182342668,-0.12018372561548052,-0.12275931249194183,0.029594857658532918,0.029136060612504552,0.029118680567357412,-1.1571951128770119e-15,5.673181315451065e-19,-4.689108654743626e-16
206.46,"[0.06062, 0.0456, 0.41014]",0.0456,0.41014,-0.049832646186065414,-0.04926043447412901,-0.04913721313744637,0.13722557860342322,0.13710297418254042,0.1361043641878882,0.005401336252056801,0.009284725553123194,0.007656199840939418,-0.12716352558558658,-0.12018372561548052,-0.12211518019028411,0.02950921809570379,0.029136060612504552,0.02907424483187057,-1.0737805008537985e-15,5.673181315451065e-19,-4.0676834533010753e-16
206.48,"[0.06062, 0.0456, 0.41014]",0.0456,0.41014,-0.04970679980270843,-0.04926043447412901,-0.049018224674162385,0.13701921654843785,0.13710297418254042,0.13599693373045937,0.005800543681371598,0.009284725553123194,0.008257384937042159,-0.12626231187276096,-0.12018372561548052,-0.12095062370976854,0.02943057239177095,0.029136060612504552,0.028998169994562912,-1.0105333502814219e-15,5.673181315451065e-19,-2.7287911524895757e-16
206.5,"[0.06062, 0.0456, 0.41014]",0.0456,0.41014,-0.04958101103998536,-0.04926043447412901,-0.049018224674162385,0.13682920872137194,0.13710297418254042,0.13599693373045937,0.006241044808950488,0.009284725553123194,0.008257384937042159,-0.12530358411181583,-0.12018372561548052,-0.12095062370976854,0.029351644992646198,0.029136060612504552,0.028998169994562912,-7.539599419288102e-16,5.673181315451065e-19,-2.7287911524895757e-16
206.52,"[0.06062, 0.0456, 0.41014]",0.0456,0.41014,-0.04947408163049232,-0.04926043447412901,-0.048982455641867796,0.1366710764731764,0.13710297418254042,0.1359877224788428,0.006624149429443331,0.009284725553123194,0.00849715404075418,-0.12447652164048024,-0.12018372561548052,-0.12051814734428443,0.029284484743012797,0.029136060612504552,0.028974845716824873,-9.878479377052045e-16,5.673181315451065e-19,-2.1702952014460056e-16
206.54,"[0.06062, 0.0456, 0.41014]",0.0456,0.41014,-0.049380672692653296,-0.04926043447412901,-0.04895783707847613,0.13654123921430295,0.13710297418254042,0.13599880858820826,0.0069800203016487225,0.009284725553123194,0.008706741081858737,-0.12372443052929685,-0.12018372561548052,-0.12015830781766033,0.02922565332803919,0.029136060612504552,0.02895844898035302,-9.539306243029059e-16,5.673181315451065e-19,-1.5956650111873814e-16
206.56,"[0.06062, 0.0456, 0.41014]",0.0456,0.41014,-0.04930033392595988,-0.04926043447412901,-0.04894725855420038,0.13643817739539782,0.13710297418254042,0.1360343736070545,0.007308097245962935,0.009284725553123194,0.008875540987358745,-0.12304686721917182,-0.12018372561548052,-0.11989382073197648,0.029174884501981004,0.029136060612504552,0.02895079702542413,-9.153555783676095e-16,5.673181315451065e-19,-9.400350163065127e-17
206.58,"[0.06062, 0.0456, 0.41014]",0.0456,0.41014,-0.04923420167250887,-0.04926043447412901,-0.04894725855420038,0.1363582538239673,0.13710297418254042,0.1360343736070545,0.0075907195614073044,0.009284725553123194,0.008875540987358745,-0.12247159222940095,-0.12018372561548052,-0.11989382073197648,0.02913299655738103,0.029136060612504552,0.02895079702542413,-8.56163777601198e-16,5.673181315451065e-19,-9.400350163065127e-17
206.6,"[0.06062, 0.0456, 0.41014]",0.0456,0.41014,-0.04917968248004152,-0.04926043447412901,-0.04894747768077306,0.1362967165828322,0.13710297418254042,0.13608779172854218,0.007834835628515458,0.009284725553123194,0.009010461687369246,-0.12198181564993626,-0.12018372561548052,-0.11970617630820928,0.029098378646311783,0.029136060612504552,0.028949890215174426,-9.211304728191366e-16,5.673181315451065e-19,-2.669672767862952e-17
206.62,"[0.06062, 0.0456, 0.41014]",0.0456,0.41014,-0.0491355635681802,-0.04926043447412901,-0.04895578135878796,0.1362570208605731,0.13710297418254042,0.13615353614471606,0.008058204575799598,0.009284725553123194,0.009117328487291741,-0.12154944418008169,-0.12018372561548052,-0.11957982261683303,0.02907016584439803,0.029136060612504552,0.028954054973464715,-8.342828430369647e-16,5.673181315451065e-19,3.808737853490408e-17
206.64,"[0.06062, 0.0456, 0.41014]",0.0456,0.41014,-0.049100657617372735,-0.04926043447412901,-0.04895578135878796,0.13623144176715937,0.13710297418254042,0.13615353614471606,0.00824982010309203,0.009284725553123194,0.009117328487291741,-0.12118658792036092,-0.12018372561548052,-0.11957982261683303,0.029047729950676945,0.029136060612504552,0.028954054973464715,-7.434015474922778e-16,5.673181315451065e-19,3.808737853490408e-17
206.66,"[0.06062, 0.0456, 0.41014]",0.0456,0.41014,-0.049073131128251075,-0.04926043447412901,-0.04896992519973224,0.13621663969897296,0.13710297418254042,0.13622706765681647,0.008414646692274161,0.009284725553123194,0.00920104568904621,-0.12088130251773459,-0.12018372561548052,-0.11950177449534306,0.029029931705009258,0.029136060612504552,0.028961906157578193,-7.419122873881517e-16,5.673181315451065e-19,9.763370287329728e-17
206.68,"[0.06062, 0.0456, 0.41014]",0.0456,0.41014,-0.04905352200183221,-0.04926043447412901,-0.04898807538384939,0.1362186210110227,0.13710297418254042,0.13630472140905173,0.008564062497784717,0.009284725553123194,0.0092657350550164,-0.1206191921985446,-0.12018372561548052,-0.11946126143009689,0.029017006850999807,0.029136060612504552,0.028972311080637216,-6.456546501105437e-16,5.673181315451065e-19,1.5036331854943678e-16
206.7,"[0.06062, 0.0456, 0.41014]",0.0456,0.41014,-0.04903945362784367,-0.04926043447412901,-0.04898807538384939,0.13622799124900573,0.13710297418254042,0.13630472140905173,0.008691558236845448,0.009284725553123194,0.0092657350550164,-0.12040283153347535,-0.12018372561548052,-0.11946126143009689,0.029007578211558076,0.029136060612504552,0.028972311080637216,-5.532801913339097e-16,5.673181315451065e-19,1.5036331854943678e-16
206.72,"[0.06062, 0.0456, 0.41014]",0.0456,0.41014,-0.049029691761492744,-0.04926043447412901,-0.049008050922379386,0.13624256997949205,0.13710297418254042,0.13638345685941583,0.008800651828486356,0.009284725553123194,0.009319700634580307,-0.12022393321887621,-0.12018372561548052,-0.11944072016753189,0.029000877456685767,0.029136060612504552,0.028983895737164648,-5.234819788253179e-16,5.673181315451065e-19,1.9623535029057724e-16
206.74,"[0.06062, 0.0456, 0.41014]",0.0456,0.41014,-0.0490255800020609,-0.04926043447412901,-0.04903010188433388,0.1362693384867399,0.13710297418254042,0.13646132582514003,0.008899271097783353,0.009284725553123194,0.009356067351060718,-0.12007512274417921,-0.12018372561548052,-0.11945043903059709,0.028997650929979295,0.029136060612504552,0.02899686436852311,-4.333145219909953e-16,5.673181315451065e-19,2.3336514693468593e-16
206.761,"[0.06062, 0.0456, 0.41014]",0.0456,0.41014,-0.049025019304241586,-0.04926043447412901,-0.04903010188433388,0.13631505966931995,0.13710297418254042,0.13646132582514003,0.009020117172910087,0.009284725553123194,0.009356067351060718,-0.11990504623709489,-0.12018372561548052,-0.11945043903059709,0.028996387312688335,0.029136060612504552,0.02899686436852311,-3.3663881635567684e-16,5.673181315451065e-19,2.3336514693468593e-16
206.78,"[0.06062, 0.0456, 0.41014]",0.0456,0.41014,-0.04902552756225415,-0.04926043447412901,-0.049052614345139654,0.1363296862849425,0.13710297418254042,0.13653650702725117,0.00905371218871964,0.009284725553123194,0.009382088885878902,-0.11985958551909902,-0.12018372561548052,-0.11947587143870692,0.02899643501827323,0.029136060612504552,0.02901019140589703,-3.1725675095858797e-16,5.673181315451065e-19,2.63073982414547e-16
206.8,"[0.06062, 0.0456, 0.41014]",0.0456,0.41014,-0.04903067405100251,-0.04926043447412901,-0.049052614345139654,0.13636898222604696,0.13710297418254042,0.13653650702725117,0.009116103757334184,0.009284725553123194,0.009382088885878902,-0.11978667984887727,-0.12018372561548052,-0.11947587143870692,0.028999048731924364,0.029136060612504552,0.02901019140589703,-2.474055081131679e-16,5.673181315451065e-19,2.63073982414547e-16
206.82,"[0.06062, 0.0456, 0.41014]",0.0456,0.41014,-0.04903484270689402,-0.04926043447412901,-0.04907475886493238,0.13640081193835216,0.13710297418254042,0.13660651309362618,0.009166640927946449,0.009284725553123194,0.009397497206683007,-0.11972762625598754,-0.12018372561548052,-0.11951512266787712,0.02900116583998185,0.029136060612504552,0.02902338118686267,-2.0852471716523065e-16,5.673181315451065e-19,2.8428804475001327e-16
206.84,"[0.06062, 0.0456, 0.41014]",0.0456,0.41014,-0.04904242677692126,-0.04926043447412901,-0.04909618159394283,0.13643989515792102,0.13710297418254042,0.13667213797378655,0.009210503617065035,0.009284725553123194,0.00940696149361563,-0.11968725057929762,-0.12018372561548052,-0.11956070185990332,0.029005386755891826,0.029136060612504552,0.02903618454703145,-1.4901893144966723e-16,5.673181315451065e-19,2.9913197472209257e-16
206.86,"[0.06062, 0.0456, 0.41014]",0.0456,0.41014,-0.04905071214654393,-0.04926043447412901,-0.049116903786826344,0.13647811505378768,0.13710297418254042,0.13673449049749714,0.009246978823944594,0.009284725553123194,0.009413183518328256,-0.11965910420038105,-0.12018372561548052,-0.11960889281160635,0.029010086033795773,0.029136060612504552,0.029048592943136203,-9.68089589931933e-17,5.673181315451065e-19,3.097100901439477e-16
206.88,"[0.06062, 0.0456, 0.41014]",0.0456,0.41014,-0.04906697158343937,-0.04926043447412901,-0.049116903786826344,0.1365425422447143,0.13710297418254042,0.13673449049749714,0.009291516306663685,0.009284725553123194,0.009413183518328256,-0.11964159345413312,-0.12018372561548052,-0.11960889281160635,0.02901951632614632,0.029136060612504552,0.029048592943136203,-3.663530473937878e-17,5.673181315451065e-19,3.097100901439477e-16
206.9,"[0.06062, 0.0456, 0.41014]",0.0456,0.41014,-0.04907196480378033,-0.04926043447412901,-0.04913616035078288,0.13656173707003283,0.13710297418254042,0.13679105759372612,0.009303683025824721,0.009284725553123194,0.009415359549870791,-0.11963832339253434,-0.12018372561548052,-0.1196587235803621,0.02902242398784673,0.029136060612504552,0.029060153396985294,-2.1900129853562783e-17,5.673181315451065e-19,3.152999314720129e-16
206.92,"[0.06062, 0.0456, 0.41014]",0.0456,0.41014,-0.04908416195771133,-0.04926043447412901,-0.0491538212894794,0.13660530796960468,0.13710297418254042,0.13684182959773417,0.009324901561563606,0.009284725553123194,0.009414431759599131,-0.11964219943326897,-0.12018372561548052,-0.11970852151558856,0.02902959257558572,0.029136060612504552,0.029070780384727737,1.4140918764200354e-17,5.673181315451065e-19,3.166148309231003e-16
206.94,"[0.06062, 0.0456, 0.41014]",0.0456,0.41014,-0.0490958077462648,-0.04926043447412901,-0.04917099603295297,0.13664567759865862,0.13710297418254042,0.13689087334838296,0.009341995796485208,0.009284725553123194,0.00941265529339007,-0.11965031881978638,-0.12018372561548052,-0.11975817377921434,0.029036461830428534,0.029136060612504552,0.029081122169586943,4.4636490110134634e-17,5.673181315451065e-19,3.168328280738978e-16
206.96,"[0.06062, 0.0456, 0.41014]",0.0456,0.41014,-0.04911009352073651,-0.04926043447412901,-0.049186834121327315,0.13669226479117816,0.13710297418254042,0.1369354898413935,0.009355421097072741,0.009284725553123194,0.009409385903738595,-0.11967081126712349,-0.12018372561548052,-0.11980625080111006,0.02904494729487129,0.029136060612504552,0.029090673149866696,7.040147053708015e-17,5.673181315451065e-19,3.1420807268745064e-16
206.98,"[0.06062, 0.0456, 0.41014]",0.0456,0.41014,-0.049124674234849876,-0.04926043447412901,-0.049201276908346026,0.1367384775507917,0.13710297418254042,0.1369756181444882,0.009365674406517073,0.009284725553123194,0.009404904513425755,-0.1196965447836261,-0.12018372561548052,-0.11985219899254339,0.02905363520732309,0.029136060612504552,0.029099395841844653,9.17602533350446e-17,5.673181315451065e-19,3.095806490263136e-16
207.0,"[0.06062, 0.0456, 0.41014]",0.0456,0.41014,-0.049139228742815365,-0.04926043447412901,-0.049214301829825884,0.1367835342636674,0.13710297418254042,0.13701129025058773,0.009373128123009365,0.009284725553123194,0.009399464231426237,-0.11972611908836504,-0.12018372561548052,-0.11989560236439388,0.029062329727884858,0.029136060612504552,0.02910727463674348,1.0915128986258106e-16,5.673181315451065e-19,3.0327190183158435e-16
207.02,"[0.06062, 0.0456, 0.41014]",0.0456,0.41014,-0.049153492629348684,-0.04926043447412901,-0.049225916467786325,0.13682680790125612,0.13710297418254042,0.13704261445463337,0.009378131979789671,0.009284725553123194,0.009393291411181963,-0.11975832091585482,-0.12018372561548052,-0.11993616482004349,0.029070869260570655,0.029136060612504552,0.029114312231333383,1.2296749498699833e-16,5.673181315451065e-19,2.955751545203159e-16
207.04,"[0.06062, 0.0456, 0.41014]",0.0456,0.41014,-0.049167253158653175,-0.04926043447412901,-0.04923615310319748,0.13686781114647215,0.13710297418254042,0.13706976019425068,0.009381012267936431,0.009284725553123194,0.009386586863041975,-0.11979211126269464,-0.12018372561548052,-0.11997369356910542,0.02907912342501824,0.029136060612504552,0.029120526350553667,1.3362953915122077e-16,5.673181315451065e-19,2.867545099611565e-16
207.06,"[0.06062, 0.0456, 0.41014]",0.0456,0.41014,-0.04918034414811795,-0.04926043447412901,-0.04925335989081723,0.13690618146562458,0.13710297418254042,0.13711430511227396,0.009382071437189545,0.009284725553123194,0.009372336417398631,-0.11982661190595643,-0.12018372561548052,-0.12004097230746519,0.02908698998087265,0.029136060612504552,0.02913099904927528,1.4149954588085852e-16,5.673181315451065e-19,2.6682866796957264e-16
207.08,"[0.06062, 0.0456, 0.41014]",0.0456,0.41014,-0.04919347048856825,-0.04926043447412901,-0.049261011948123205,0.13694380249294752,0.13710297418254042,0.1371337799624436,0.009380868948983646,0.009284725553123194,0.009365075433528465,-0.11986438041694154,-0.12018372561548052,-0.12007219285663441,0.029094896998856788,0.029136060612504552,0.02913566492743882,1.4261106994809073e-16,5.673181315451065e-19,2.5644491801103557e-16
207.1,"[0.06062, 0.0456, 0.41014]",0.0456,0.41014,-0.049206303365885204,-0.04926043447412901,-0.049266713833247065,0.13697989821222722,0.13710297418254042,0.13714764645880298,0.00937786817723192,0.009284725553123194,0.009357875495370331,-0.11990386478552666,-0.12018372561548052,-0.1200979785165761,0.02910264290529002,0.029136060612504552,0.02913915843108538,1.45283411462833e-16,5.673181315451065e-19,2.4556147837109524e-16
207.12,"[0.06062, 0.0456, 0.41014]",0.0456,0.41014,-0.04921726818502422,-0.04926043447412901,-0.049266713833247065,0.13701052239447986,0.13710297418254042,0.13714764645880298,0.009374717558297475,0.009284725553123194,0.009357875495370331,-0.11993842569007467,-0.12018372561548052,-0.1200979785165761,0.02910926643986558,0.029136060612504552,0.02913915843108538,1.4614296694517953e-16,5.673181315451065e-19,2.4556147837109524e-16
207.141,"[0.06062, 0.0456, 0.41014]",0.0456,0.41014,-0.049226662858188185,-0.04926043447412901,-0.04927081806573833,0.13703657596677749,0.13710297418254042,0.13715696918470863,0.009371517562526783,0.009284725553123194,0.009350863279903547,-0.11996874073215373,-0.12018372561548052,-0.12011911809996344,0.0291149459182,0.029136060612504552,0.029141690255640815,1.5092733429192356e-16,5.673181315451065e-19,2.3417142367275583e-16
207.16,"[0.06062, 0.0456, 0.41014]",0.0456,0.41014,-0.04923505234762387,-0.04926043447412901,-0.04927402893606256,0.13705945067826003,0.13710297418254042,0.137163778776648,0.009367593245012611,0.009284725553123194,0.009344031577669483,-0.11999731243708124,-0.12018372561548052,-0.12013755340359718,0.029120027342316394,0.029136060612504552,0.02914368364976759,1.4917136045336607e-16,5.673181315451065e-19,2.227517704064213e-16
207.18,"[0.06062, 0.0456, 0.41014]",0.0456,0.41014,-0.04924216892109905,-0.04926043447412901,-0.04927611795986338,0.13707866015375486,0.13710297418254042,0.1371674707659267,0.009363731377602548,0.009284725553123194,0.009337531862098049,-0.12002229904843591,-0.12018372561548052,-0.120152444479829,0.029124342635263346,0.029136060612504552,0.029144999937215147,1.4635330216664178e-16,5.673181315451065e-19,2.1125088072802355e-16
207.2,"[0.06062, 0.0456, 0.41014]",0.0456,0.41014,-0.04924843122632326,-0.04926043447412901,-0.04927611795986338,0.13709520189110788,0.13710297418254042,0.1371674707659267,0.009359338440242167,0.009284725553123194,0.009337531862098049,-0.12004568648858345,-0.12018372561548052,-0.120152444479829,0.029128149056766563,0.029136060612504552,0.029144999937215147,1.4256379873337052e-16,5.673181315451065e-19,2.1125088072802355e-16
207.221,"[0.06062, 0.0456, 0.41014]",0.0456,0.41014,-0.04925605121881922,-0.04926043447412901,-0.04927728683691685,0.13711490609832702,0.13710297418254042,0.13716866418628618,0.009352822300396326,0.009284725553123194,0.009331466344854936,-0.12007579350221223,-0.12018372561548052,-0.12016420038789495,0.029132791586548776,0.029136060612504552,0.029145759348983693,1.3833324185633208e-16,5.673181315451065e-19,1.9986161579249187e-16
207.24,"[0.06062, 0.0456, 0.41014]",0.0456,0.41014,-0.04925817478062921,-0.04926043447412901,-0.04927774021942487,0.1371202819071622,0.13710297418254042,0.13716795676822136,0.009350686702831738,0.009284725553123194,0.009325855436209937,-0.12008463419343583,-0.12018372561548052,-0.1201733534524464,0.02913408836279367,0.029136060612504552,0.02914608463767305,1.384568409039954e-16,5.673181315451065e-19,1.8874748955094085e-16
207.26,"[0.06062, 0.0456, 0.41014]",0.0456,0.41014,-0.049261851409575466,-0.04926043447412901,-0.04927774021942487,0.1371294037984646,0.13710297418254042,0.13716795676822136,0.009346473740134448,0.009284725553123194,0.009325855436209937,-0.12010066708188229,-0.12018372561548052,-0.1201733534524464,0.029136338379041338,0.029136060612504552,0.02914608463767305,1.328103159896909e-16,5.673181315451065e-19,1.8874748955094085e-16
207.28,"[0.06062, 0.0456, 0.41014]",0.0456,0.41014,-0.04926487028344711,-0.04926043447412901,-0.04927764862713899,0.1371367288627929,0.13710297418254042,0.13716584296844317,0.009342556258567777,0.009284725553123194,0.009320706596732621,-0.12011447749733502,-0.12018372561548052,-0.12018036061187312,0.02913819016818399,0.029136060612504552,0.02914607816459422,1.3209864568367135e-16,5.673181315451065e-19,1.7802952384780622e-16
207.3,"[0.06062, 0.0456, 0.41014]",0.0456,0.41014,-0.049267298168749155,-0.04926043447412901,-0.04927715284363561,0.1371422605429416,0.13710297418254042,0.13716272765616164,0.009338404819000454,0.009284725553123194,0.009316016891051552,-0.12012699529414182,-0.12018372561548052,-0.12018561190854234,0.029139688887504556,0.029136060612504552,0.029145824521412858,1.2565284692781053e-16,5.673181315451065e-19,1.678021700432872e-16
207.32,"[0.06062, 0.0456, 0.41014]",0.0456,0.41014,-0.04926921517749344,-0.04926043447412901,-0.04927715284363561,0.13714642967263366,0.13710297418254042,0.13716272765616164,0.009334573182382868,0.009284725553123194,0.009316016891051552,-0.12013765983922227,-0.12018372561548052,-0.12018561190854234,0.029140877485836093,0.029136060612504552,0.029145824521412858,1.1912594984944778e-16,5.673181315451065e-19,1.678021700432872e-16
207.34,"[0.06062, 0.0456, 0.41014]",0.0456,0.41014,-0.04927072333406049,-0.04926043447412901,-0.04927636794652976,0.13714952628957783,0.13710297418254042,0.1371589386014799,0.00933104748320724,0.009284725553123194,0.009311775227407561,-0.12014677073743914,-0.12018372561548052,-0.12018943840538025,0.0291418174225983,0.029136060612504552,0.029145392933276046,1.1720908040849345e-16,5.673181315451065e-19,1.5813318790280812e-16
207.36,"[0.06062, 0.0456, 0.41014]",0.0456,0.41014,-0.04927179581043004,-0.04926043447412901,-0.04927538696154115,0.1371513146289139,0.13710297418254042,0.1371547377496739,0.009327385750785327,0.009284725553123194,0.00930796429811088,-0.12015487759939299,-0.12018372561548052,-0.12019211948325238,0.02914249676962971,0.029136060612504552,0.029144839437623686,1.1038381089226271e-16,5.673181315451065e-19,1.4906316454157434e-16
207.38,"[0.06062, 0.0456, 0.41014]",0.0456,0.41014,-0.04927284847216551,-0.04926043447412901,-0.04927538696154115,0.13715258256374208,0.13710297418254042,0.1371547377496739,0.009322431216933056,0.009284725553123194,0.00930796429811088,-0.12016475298980771,-0.12018372561548052,-0.12019211948325238,0.029143176465807698,0.029136060612504552,0.029144839437623686,1.0241926173318419e-16,5.673181315451065e-19,1.4906316454157434e-16
207.4,"[0.06062, 0.0456, 0.41014]",0.0456,0.41014,-0.04927322050327718,-0.04926043447412901,-0.04927428414284081,0.13715255140429933,0.13710297418254042,0.1371503313012312,0.0093193422927664,0.009284725553123194,0.009304562240412257,-0.12017012963037915,-0.12018372561548052,-0.120193889500969,0.02914342937072062,0.029136060612504552,0.029144208840276426,9.584596080183907e-17,5.673181315451065e-19,1.406173579870649e-16
207.42,"[0.06062, 0.0456, 0.41014]",0.0456,0.41014,-0.04927332686723346,-0.04926043447412901,-0.04927313360590084,0.13715232939403113,0.13710297418254042,0.13714587948122983,0.00931786428551817,0.009284725553123194,0.009301419124490206,-0.12017250562009418,-0.12018372561548052,-0.12019516321913029,0.029143507317677564,0.029136060612504552,0.02914354709473305,9.442262018980012e-17,5.673181315451065e-19,1.3269829454552466e-16
207.44,"[0.06062, 0.0456, 0.41014]",0.0456,0.41014,-0.04927329014758047,-0.04926043447412901,-0.04927196011967999,0.13715110391067314,0.13710297418254042,0.13714150125875715,0.009314739701101101,0.009284725553123194,0.009298668710089296,-0.1201768105689568,-0.12018372561548052,-0.12019581970670584,0.029143514875320724,0.029136060612504552,0.02914286779056397,8.779380810722377e-17,5.673181315451065e-19,1.254250301616867e-16
207.46,"[0.06062, 0.0456, 0.41014]",0.0456,0.41014,-0.04927314305603952,-0.04926043447412901,-0.049270791473933,0.13714967344690582,0.13710297418254042,0.13713722313361076,0.009311933746283186,0.009284725553123194,0.009296160392040122,-0.12018036322629302,-0.12018372561548052,-0.12019614772437304,0.029143453066594778,0.029136060612504552,0.02914218906611982,8.151150703897377e-17,5.673181315451065e-19,1.1866231490405402e-16
207.48,"[0.06062, 0.0456, 0.41014]",0.0456,0.41014,-0.04927280143355672,-0.04926043447412901,-0.04926962996043545,0.13714769291871712,0.13710297418254042,0.13713300653649224,0.009309162553779135,0.009284725553123194,0.009293767215474914,-0.12018333276438412,-0.12018372561548052,-0.12019633276090652,0.02914327399170715,0.029136060612504552,0.02914151351840638,7.536364704011198e-17,5.673181315451065e-19,1.120227401731718e-16
207.5,"[0.06062, 0.0456, 0.41014]",0.0456,0.41014,-0.0492721988536637,-0.04926043447412901,-0.04926851174988572,0.13714490250616815,0.13710297418254042,0.1371290083235077,0.009306237435678084,0.009284725553123194,0.009291636961798742,-0.12018580276876958,-0.12018372561548052,-0.1201962653696855,0.029142939501782643,0.029136060612504552,0.029140861452112116,6.906660082231618e-17,5.673181315451065e-19,1.061404612778797e-16
207.52,"[0.06062, 0.0456, 0.41014]",0.0456,0.41014,-0.04927149830394591,-0.04926043447412901,-0.04926747701116363,0.13714188261153631,0.13710297418254042,0.13712538234044422,0.009303463341817336,0.009284725553123194,0.009289876493361679,-0.12018779066799,-0.12018372561548052,-0.12019590483962085,0.02914254467234787,0.029136060612504552,0.029140255968104455,6.297425197468566e-17,5.673181315451065e-19,1.0089852478870813e-16
207.54,"[0.06062, 0.0456, 0.41014]",0.0456,0.41014,-0.04927049234743821,-0.04926043447412901,-0.049266500491888174,0.13713770474280332,0.13710297418254042,0.13712200136633212,0.009299923898374203,0.009284725553123194,0.009288332800287088,-0.12019001881863525,-0.12018372561548052,-0.12019539794132976,0.02914197347770628,0.029136060612504552,0.029139683371049538,5.567540294951322e-17,5.673181315451065e-19,9.611969537981414e-17
207.56,"[0.06062, 0.0456, 0.41014]",0.0456,0.41014,-0.04927009316188334,-0.04926043447412901,-0.049266500491888174,0.13713613440519531,0.13710297418254042,0.13712200136633212,0.009298764786553787,0.009284725553123194,0.009288332800287088,-0.12019055673356051,-0.12018372561548052,-0.12019539794132976,0.029141744467041993,0.029136060612504552,0.029139683371049538,5.1993886052621447e-17,5.673181315451065e-19,9.611969537981414e-17
207.58,"[0.06062, 0.0456, 0.41014]",0.0456,0.41014,-0.04926941055458398,-0.04926043447412901,-0.049265621060641314,0.13713344912788417,0.13710297418254042,0.13711900694418733,0.009296782705336955,0.009284725553123194,0.00928708848849967,-0.12019147656808389,-0.12018372561548052,-0.12019473468262978,0.029141352858806042,0.029136060612504552,0.02913916621819928,4.865280863789012e-17,5.673181315451065e-19,9.19271700458705e-17
207.6,"[0.06062, 0.0456, 0.41014]",0.0456,0.41014,-0.04926869055073481,-0.04926043447412901,-0.049264804763115365,0.13713070511305514,0.13710297418254042,0.1371162562854082,0.009294940800313282,0.009284725553123194,0.009286017371155768,-0.12019209561489433,-0.12018372561548052,-0.12019400009982698,0.02914093739709337,0.029136060612504552,0.029138685328181976,4.37847408834302e-17,5.673181315451065e-19,8.814171197739212e-17
207.62,"[0.06062, 0.0456, 0.41014]",0.0456,0.41014,-0.04926795225108704,-0.04926043447412901,-0.049264054818917734,0.13712795983587558,0.13710297418254042,0.13711375451049126,0.00929324534494852,0.009284725553123194,0.009285107566749913,-0.12019245747207839,-0.12018372561548052,-0.12019321982844353,0.029140509504002828,0.029136060612504552,0.029138242752694152,3.91469576704062e-17,5.673181315451065e-19,8.474393633230774e-17
207.64,"[0.06062, 0.0456, 0.41014]",0.0456,0.41014,-0.04926721173897479,-0.04926043447412901,-0.04926337272327195,0.13712526082412582,0.13710297418254042,0.1371115015451489,0.00929169916326573,0.009284725553123194,0.009284346564135458,-0.12019260232483459,-0.12018372561548052,-0.12019241566537582,0.0291400788212568,0.029136060612504552,0.029137839513767347,3.475810727618488e-17,5.673181315451065e-19,8.17155253702705e-17
207.66,"[0.06062, 0.0456, 0.41014]",0.0456,0.41014,-0.04926654371459934,-0.04926043447412901,-0.04926275200806101,0.13712284932807425,0.13710297418254042,0.13710947151844308,0.00929037065584128,0.009284725553123194,0.009283714054595348,-0.12019263923926028,-0.12018372561548052,-0.12019159854675635,0.02913968964433982,0.029136060612504552,0.029137471921737466,3.076650855796224e-17,5.673181315451065e-19,7.89388225950934e-17
207.68,"[0.06062, 0.0456, 0.41014]",0.0456,0.41014,-0.04926587915472603,-0.04926043447412901,-0.04926222581172061,0.13712049024672107,0.13710297418254042,0.13710777680118683,0.00928916282363797,0.009284725553123194,0.009283256559149983,-0.12019251505340717,-0.12018372561548052,-0.12019079381054541,0.029139301360330674,0.029136060612504552,0.02913715944919087,2.702904682897021e-17,5.673181315451065e-19,7.668779888661801e-17
207.7,"[0.06062, 0.0456, 0.41014]",0.0456,0.41014,-0.04926523237722557,-0.04926043447412901,-0.049261760130152946,0.13711822721669586,0.13710297418254042,0.13710629315191303,0.009288081804149908,0.009284725553123194,0.009282900723467803,-0.12019226044856933,-0.12018372561548052,-0.12019001171756953,0.029138922519745904,0.029136060612504552,0.02913688237098452,2.361771311346182e-17,5.673181315451065e-19,7.472352885680335e-17
207.72,"[0.06062, 0.0456, 0.41014]",0.0456,0.41014,-0.04926466112977942,-0.04926043447412901,-0.049261760130152946,0.13711624163782218,0.13710297418254042,0.13710629315191303,0.009287165003773665,0.009284725553123194,0.009282900723467803,-0.120191981792392,-0.12018372561548052,-0.12019001171756953,0.029138587536343047,0.029136060612504552,0.02913688237098452,2.1060297029003012e-17,5.673181315451065e-19,7.472352885680335e-17
207.74,"[0.06062, 0.0456, 0.41014]",0.0456,0.41014,-0.049264109939850316,-0.04926043447412901,-0.04926139999408797,0.13711435142557257,0.13710297418254042,0.13710517293363653,0.009286354786690007,0.009284725553123194,0.009282708572466549,-0.12019160748322277,-0.12018372561548052,-0.12018928842781829,0.029138263554927532,0.029136060612504552,0.029136667164109325,1.8089149395523736e-17,5.673181315451065e-19,7.322506232818326e-17
207.76,"[0.06062, 0.0456, 0.41014]",0.0456,0.41014,-0.04926362746240121,-0.04926043447412901,-0.04926139999408797,0.13711270833182276,0.13710297418254042,0.13710517293363653,0.009285679295752042,0.009284725553123194,0.009282708572466549,-0.12019123196382055,-0.12018372561548052,-0.12018928842781829,0.029137979609293443,0.029136060612504552,0.029136667164109325,1.5536070119754873e-17,5.673181315451065e-19,7.322506232818326e-17
207.78,"[0.06062, 0.0456, 0.41014]",0.0456,0.41014,-0.04926320424342155,-0.04926043447412901,-0.04926110657093813,0.1371112766062405,0.13710297418254042,0.13710427893484103,0.009285114854501697,0.009284725553123194,0.009282609647332121,-0.12019086269702728,-0.12018372561548052,-0.12018861683257738,0.029137730244711085,0.029136060612504552,0.02913649117099708,1.3517285674586865e-17,5.673181315451065e-19,7.202945285243964e-17
207.8,"[0.06062, 0.0456, 0.41014]",0.0456,0.41014,-0.04926280568564964,-0.04926043447412901,-0.049260870109637866,0.13710994704874768,0.13710297418254042,0.1371035755607213,0.00928463886131377,0.009284725553123194,0.009282582838173455,-0.12019043598782887,-0.12018372561548052,-0.12018800001099676,0.029137494820708047,0.029136060612504552,0.029136348739186142,1.1392249416515279e-17,5.673181315451065e-19,7.109652755665018e-17
207.82,"[0.06062, 0.0456, 0.41014]",0.0456,0.41014,-0.04926245920772441,-0.04926043447412901,-0.049260870109637866,0.1371087997697666,0.13710297418254042,0.1371035755607213,0.00928425062591568,0.009284725553123194,0.009282582838173455,-0.12019002867122021,-0.12018372561548052,-0.12018800001099676,0.029137289884084473,0.029136060612504552,0.029136348739186142,9.545202595468972e-18,5.673181315451065e-19,7.109652755665018e-17
207.84,"[0.06062, 0.0456, 0.41014]",0.0456,0.41014,-0.04926215727908791,-0.04926043447412901,-0.04926068196352355,0.1371078071701209,0.13710297418254042,0.1371030316995717,0.009283933742418694,0.009284725553123194,0.009282610707838755,-0.12018964323082494,-0.12018372561548052,-0.12018743888140972,0.029137111066556396,0.029136060612504552,0.02913623484384258,8.003467106194584e-18,5.673181315451065e-19,7.03870317192929e-17
207.86,"[0.06062, 0.0456, 0.41014]",0.0456,0.41014,-0.049261876969130675,-0.04926043447412901,-0.04926053451508199,0.1371068998307896,0.13710297418254042,0.1371026203154873,0.009283682362022764,0.009284725553123194,0.009282678960580026,-0.12018922440948313,-0.12018372561548052,-0.1201869327444224,0.02913694458424339,0.029136060612504552,0.029136145047598982,6.507268108164587e-18,5.673181315451065e-19,6.986792491930615e-17
207.88,"[0.06062, 0.0456, 0.41014]",0.0456,0.41014,-0.04926163517322115,-0.04926043447412901,-0.04926053451508199,0.13710612374752296,0.13710297418254042,0.1371026203154873,0.009283485569176183,0.009284725553123194,0.009282678960580026,-0.12018883455049757,-0.12018372561548052,-0.1201869327444224,0.02913680075394551,0.029136060612504552,0.029136145047598982,5.246557821998442e-18,5.673181315451065e-19,6.986792491930615e-17
207.9,"[0.06062, 0.0456, 0.41014]",0.0456,0.41014,-0.04926142604817464,-0.04926043447412901,-0.04926042109592034,0.13710545809550934,0.13710297418254042,0.13710231805081394,0.009283332309717073,0.009284725553123194,0.009282775974197075,-0.12018847321239046,-0.12018372561548052,-0.12018647972378893,0.02913667616974229,0.029136060612504552,0.029136075456963666,4.1254927756484305e-18,5.673181315451065e-19,6.950556606900386e-17
207.92,"[0.06062, 0.0456, 0.41014]",0.0456,0.41014,-0.04926123510724632,-0.04926043447412901,-0.04926042109592034,0.13710486148709022,0.13710297418254042,0.13710231805081394,0.00928322660214253,0.009284725553123194,0.009282775974197075,-0.12018809445460331,-0.12018372561548052,-0.12018647972378893,0.029136562034316943,0.029136060612504552,0.029136075456963666,3.1462413734595233e-18,5.673181315451065e-19,6.950556606900386e-17
207.94,"[0.06062, 0.0456, 0.41014]",0.0456,0.41014,-0.04926108044509437,-0.04926043447412901,-0.049260335904907776,0.13710437823427074,0.13710297418254042,0.13710210484457167,0.009283140979007115,0.009284725553123194,0.009282892390043571,-0.12018778766079566,-0.12018372561548052,-0.12018607712093857,0.029136469584622446,0.029136060612504552,0.02913602267711108,2.2806143589470967e-18,5.673181315451065e-19,6.927230292864119e-17
207.96,"[0.06062, 0.0456, 0.41014]",0.0456,0.41014,-0.04926093898245891,-0.04926043447412901,-0.04926027312550078,0.1371039462903012,0.13710297418254042,0.13710196147662146,0.009283093743278315,0.009284725553123194,0.009283021539755932,-0.12018746266326988,-0.12018372561548052,-0.12018571835932351,0.02913638467219792,0.029136060612504552,0.029135983274177647,1.5654746059756576e-18,5.673181315451065e-19,6.91417731001419e-17
207.98,"[0.06062, 0.0456, 0.41014]",0.0456,0.41014,-0.049260812469636796,-0.04926043447412901,-0.04926022948313989,0.13710356917577515,0.13710297418254042,0.1371018761237257,0.009283080020783336,0.009284725553123194,0.009283156558742085,-0.12018713125056722,-0.12018372561548052,-0.12018540418188887,0.02913630840657667,0.029136060612504552,0.02913595535054736,9.349026224580881e-19,5.673181315451065e-19,6.909740589698343e-17
208.0,"[0.06062, 0.0456, 0.41014]",0.0456,0.41014,-0.04926070563001483,-0.04926043447412901,-0.04926022948313989,0.13710325517771949,0.13710297418254042,0.1371018761237257,0.009283082407461007,0.009284725553123194,0.009283156558742085,-0.12018683138853457,-0.12018372561548052,-0.12018540418188887,0.029136243839060442,0.029136060612504552,0.02913595535054736,4.136182179270577e-19,5.673181315451065e-19,6.909740589698343e-17
208.02,"[0.06062, 0.0456, 0.41014]",0.0456,0.41014,-0.049260615162108584,-0.04926043447412901,-0.04926020125469308,0.13710299315753366,0.13710297418254042,0.13710183642550244,0.009283096492378727,0.009284725553123194,0.009283292965527084,-0.12018656022431894,-0.12018372561548052,-0.12018513068914168,0.029136189026245565,0.029136060612504552,0.029135936711260003,-1.2197765528078154e-19,5.673181315451065e-19,6.912210770157514e-17
208.04,"[0.06062, 0.0456, 0.41014]",0.0456,0.41014,-0.04926053651969966,-0.04926043447412901,-0.049260181509704876,0.13710277337852084,0.13710297418254042,0.13710182127943304,0.009283133818451214,0.009284725553123194,0.009283428338745818,-0.12018628861768235,-0.12018372561548052,-0.1201848821592071,0.029136141086400936,0.029136060612504552,0.029135923202641818,-4.645855417862011e-19,5.673181315451065e-19,6.917907379680959e-17
208.06,"[0.06062, 0.0456, 0.41014]",0.0456,0.41014,-0.04926046906780064,-0.04926043447412901,-0.04926017245745712,0.13710259247976733,0.13710297418254042,0.13710183597090347,0.00928318977348149,0.009284725553123194,0.009283558933342448,-0.12018602139561917,-0.12018372561548052,-0.12018467006656576,0.02913609968848931,0.029136060612504552,0.02913591620122404,-7.664274266061654e-19,5.673181315451065e-19,6.928147051801896e-17
208.08,"[0.06062, 0.0456, 0.41014]",0.0456,0.41014,-0.04926041352653765,-0.04926043447412901,-0.04926017245745712,0.137102447420924,0.13710297418254042,0.13710183597090347,0.00928324815651568,0.009284725553123194,0.009283558933342448,-0.12018578373648378,-0.12018372561548052,-0.12018467006656576,0.029136065456039136,0.029136060612504552,0.02913591620122404,-9.802320950203069e-19,5.673181315451065e-19,6.928147051801896e-17
208.1,"[0.06062, 0.0456, 0.41014]",0.0456,0.41014,-0.04926036772341233,-0.04926043447412901,-0.04926017392310562,0.13710233124549334,0.13710297418254042,0.13710187878396263,0.009283307200287158,0.009284725553123194,0.009283680962640328,-0.12018557214424644,-0.12018372561548052,-0.12018449934772908,0.029136037097626886,0.029136060612504552,0.0291359156457582,-1.2699309155084335e-18,5.673181315451065e-19,6.942775680360063e-17
208.12,"[0.06062, 0.0456, 0.41014]",0.0456,0.41014,-0.04926033076944563,-0.04926043447412901,-0.04926017392310562,0.1371022414247003,0.13710297418254042,0.13710187878396263,0.009283367228671782,0.009284725553123194,0.009283680962640328,-0.12018538368265055,-0.12018372561548052,-0.12018449934772908,0.029136014071766362,0.029136060612504552,0.0291359156457582,-1.3865910692678737e-18,5.673181315451065e-19,6.942775680360063e-17
208.14,"[0.06062, 0.0456, 0.41014]",0.0456,0.41014,-0.04926030096864103,-0.04926043447412901,-0.04926018096274107,0.13710217252303314,0.13710297418254042,0.1371019357070079,0.009283426834300222,0.009284725553123194,0.009283795947402551,-0.12018521566406248,-0.12018372561548052,-0.12018435414275246,0.029135995370827405,0.029136060612504552,0.029135918535773204,-1.5609307786035425e-18,5.673181315451065e-19,6.959328047259809e-17
208.16,"[0.06062, 0.0456, 0.41014]",0.0456,0.41014,-0.049260277533952866,-0.04926043447412901,-0.04926018096274107,0.1371021224049873,0.13710297418254042,0.1371019357070079,0.009283486613335412,0.009284725553123194,0.009283795947402551,-0.12018506504850858,-0.12018372561548052,-0.12018435414275246,0.02913598051206839,0.029136060612504552,0.029135918535773204,-1.592589482040119e-18,5.673181315451065e-19,6.959328047259809e-17
208.18,"[0.06062, 0.0456, 0.41014]",0.0456,0.41014,-0.04926025918542261,-0.04926043447412901,-0.0492601931363119,0.13710208693244433,0.13710297418254042,0.13710200468286485,0.009283545382982598,0.009284725553123194,0.009283901458266366,-0.12018492998146199,-0.12018372561548052,-0.12018423671361955,0.029135968736574928,0.029136060612504552,0.029135924634433295,-1.7109843592755353e-18,5.673181315451065e-19,6.977353127918046e-17
208.2,"[0.06062, 0.0456, 0.41014]",0.0456,0.41014,-0.049260246636091576,-0.04926043447412901,-0.0492601931363119,0.13710207130509738,0.13710297418254042,0.13710200468286485,0.009283613033460885,0.009284725553123194,0.009283901458266366,-0.12018479826561905,-0.12018372561548052,-0.12018423671361955,0.02913596035717064,0.029136060612504552,0.029135924634433295,-1.6619784210791907e-18,5.673181315451065e-19,6.977353127918046e-17
208.22,"[0.06062, 0.0456, 0.41014]",0.0456,0.41014,-0.049260236471133464,-0.04926043447412901,-0.0492602084111065,0.13710205864694647,0.13710297418254042,0.13710207951782358,0.00928366783034837,0.009284725553123194,0.009283996739096679,-0.12018469157578623,-0.12018372561548052,-0.12018414251978106,0.02913595356985316,0.029136060612504552,0.029135932724554947,-1.739173615760158e-18,5.673181315451065e-19,6.995927594234054e-17
208.24,"[0.06062, 0.0456, 0.41014]",0.0456,0.41014,-0.049260231139728286,-0.04926043447412901,-0.0492602084111065,0.13710206261248628,0.13710297418254042,0.13710207951782358,0.00928373031918493,0.009284725553123194,0.009283996739096679,-0.12018458726019231,-0.12018372561548052,-0.12018414251978106,0.029135949609249093,0.029136060612504552,0.029135932724554947,-1.691468720170796e-18,5.673181315451065e-19,6.995927594234054e-17
208.26,"[0.06062, 0.0456, 0.41014]",0.0456,0.41014,-0.04926022682129018,-0.04926043447412901,-0.04926022534270427,0.13710206582457354,0.13710297418254042,0.13710215616644686,0.0092837809351426,0.009284725553123194,0.009284082375200979,-0.12018450276456126,-0.12018372561548052,-0.12018406672729932,0.029135946401159813,0.029136060612504552,0.029135941928053008,-1.715321167965477e-18,5.673181315451065e-19,7.014623567617044e-17
208.28,"[0.06062, 0.0456, 0.41014]",0.0456,0.41014,-0.04926022654035885,-0.04926043447412901,-0.04926024280282479,0.13710208298960264,0.13710297418254042,0.1371022321894457,0.009283838204928091,0.009284725553123194,0.009284161109933143,-0.12018441992252858,-0.12018372561548052,-0.12018400228497941,0.029135945551272118,0.029136060612504552,0.02913595153200869,-1.6559068889132716e-18,5.673181315451065e-19,7.032936408806315e-17
208.3,"[0.06062, 0.0456, 0.41014]",0.0456,0.41014,-0.04926022805881656,-0.04926043447412901,-0.04926024280282479,0.13710210449557603,0.13710297418254042,0.1371022321894457,0.00928389246692755,0.009284725553123194,0.009284161109933143,-0.12018434637625021,-0.12018372561548052,-0.12018400228497941,0.029135945823258683,0.029136060612504552,0.02913595153200869,-1.5847832263982227e-18,5.673181315451065e-19,7.032936408806315e-17
208.32,"[0.06062, 0.0456, 0.41014]",0.0456,0.41014,-0.04926023086017814,-0.04926043447412901,-0.04926026021785019,0.13710212875748437,0.13710297418254042,0.1371023052314756,0.009283943505273081,0.009284725553123194,0.00928423079459666,-0.12018428100395583,-0.12018372561548052,-0.12018395068523526,0.029135946907923784,0.029136060612504552,0.029135961215954846,-1.5717728003283969e-18,5.673181315451065e-19,7.050599593748683e-17
208.34,"[0.06062, 0.0456, 0.41014]",0.0456,0.41014,-0.0492602374054902,-0.04926043447412901,-0.04926026021785019,0.13710217066563601,0.13710297418254042,0.1371023052314756,0.009284015710765559,0.009284725553123194,0.00928423079459666,-0.12018419567436056,-0.12018372561548052,-0.12018395068523526,0.029135950001004298,0.029136060612504552,0.029135961215954846,-1.46161785960387e-18,5.673181315451065e-19,7.050599593748683e-17
208.36,"[0.06062, 0.0456, 0.41014]",0.0456,0.41014,-0.0492602396867262,-0.04926043447412901,-0.04926027724531024,0.1371021841222585,0.13710297418254042,0.13710237516950396,0.00928403721713523,0.009284725553123194,0.009284294222060377,-0.12018417117810441,-0.12018372561548052,-0.12018390697927725,0.029135951122500735,0.029136060612504552,0.029135970740298247,-1.4516431996170035e-18,5.673181315451065e-19,7.067375531642992e-17
208.38,"[0.06062, 0.0456, 0.41014]",0.0456,0.41014,-0.049260246822857186,-0.04926043447412901,-0.04926027724531024,0.13710222042130837,0.13710297418254042,0.13710237516950396,0.009284086044245429,0.009284725553123194,0.009284294222060377,-0.12018412098537432,-0.12018372561548052,-0.12018390697927725,0.029135954849884866,0.029136060612504552,0.029135970740298247,-1.3571007701762681e-18,5.673181315451065e-19,7.067375531642992e-17
208.4,"[0.06062, 0.0456, 0.41014]",0.0456,0.41014,-0.04926025260312325,-0.04926043447412901,-0.04926029336577637,0.13710224982353875,0.13710297418254042,0.1371024399476883,0.009284125594204754,0.009284725553123194,0.009284349690395946,-0.12018408032926291,-0.12018372561548052,-0.12018387216924344,0.02913595786906602,0.029136060612504552,0.02913597981197207,-1.3119979598008713e-18,5.673181315451065e-19,7.083086218562998e-17
208.42,"[0.06062, 0.0456, 0.41014]",0.0456,0.41014,-0.04926025889718539,-0.04926043447412901,-0.04926030879308552,0.13710228011716358,0.13710297418254042,0.13710250114325265,0.009284163176505301,0.009284725553123194,0.009284400222024966,-0.12018404391680931,-0.12018372561548052,-0.12018384251579654,0.029135961221770142,0.029136060612504552,0.029135988524126067,-1.1949041251724374e-18,5.673181315451065e-19,7.097691885874839e-17
208.44,"[0.06062, 0.0456, 0.41014]",0.0456,0.41014,-0.049260266988948614,-0.04926043447412901,-0.04926030879308552,0.13710231660459277,0.13710297418254042,0.13710250114325265,0.009284203663481868,0.009284725553123194,0.009284400222024966,-0.12018400832447414,-0.12018372561548052,-0.12018384251579654,0.029135965625126537,0.029136060612504552,0.029135988524126067,-1.0773766096750085e-18,5.673181315451065e-19,7.097691885874839e-17
208.46,"[0.06062, 0.0456, 0.41014]",0.0456,0.41014,-0.049260274931734634,-0.04926043447412901,-0.049260322908873645,0.1371023516670113,0.13710297418254042,0.13710255633659654,0.00928424100577954,0.009284725553123194,0.009284443880090044,-0.12018397682587248,-0.12018372561548052,-0.1201838190838325,0.02913596997593906,0.029136060612504552,0.029135996526800892,-1.0123244793258783e-18,5.673181315451065e-19,7.110797688098577e-17
208.48,"[0.06062, 0.0456, 0.41014]",0.0456,0.41014,-0.04926028277697013,-0.04926043447412901,-0.049260322908873645,0.13710238558690457,0.13710297418254042,0.13710255633659654,0.009284275618847117,0.009284725553123194,0.009284443880090044,-0.12018394896880874,-0.12018372561548052,-0.1201838190838325,0.029135974300364704,0.029136060612504552,0.029135996526800892,-9.20384135099108e-19,5.673181315451065e-19,7.110797688098577e-17
208.5,"[0.06062, 0.0456, 0.41014]",0.0456,0.41014,-0.04926029040203177,-0.04926043447412901,-0.04926033603233115,0.13710241802941936,0.13710297418254042,0.13710260718968997,0.00928430758465777,0.009284725553123194,0.009284482977299901,-0.12018392429571031,-0.12018372561548052,-0.12018379944219558,0.029135978523390175,0.029136060612504552,0.029136003985073752,-8.605361751779086e-19,5.673181315451065e-19,7.122907866663995e-17
208.52,"[0.06062, 0.0456, 0.41014]",0.0456,0.41014,-0.04926029907178869,-0.04926043447412901,-0.04926033603233115,0.13710245396994405,0.13710297418254042,0.13710260718968997,0.009284340905434228,0.009284725553123194,0.009284482977299901,-0.12018390057858956,-0.12018372561548052,-0.12018379944219558,0.029135983361112654,0.029136060612504552,0.029136003985073752,-7.581874900952772e-19,5.673181315451065e-19,7.122907866663995e-17
208.54,"[0.06062, 0.0456, 0.41014]",0.0456,0.41014,-0.04926030609429176,-0.04926043447412901,-0.04926034779446619,0.13710248308176895,0.13710297418254042,0.13710265230161678,0.009284367895263202,0.009284725553123194,0.009284516495854005,-0.12018388136772179,-0.12018372561548052,-0.12018378402829523,0.029135987279667857,0.029136060612504552,0.02913601068845354,-7.083141901609444e-19,5.673181315451065e-19,7.133723271568535e-17
208.56,"[0.06062, 0.0456, 0.41014]",0.0456,0.41014,-0.04926031739503904,-0.04926043447412901,-0.04926034779446619,0.13710252894045194,0.13710297418254042,0.13710265230161678,0.009284408160566901,0.009284725553123194,0.009284516495854005,-0.12018385499593592,-0.12018372561548052,-0.12018378402829523,0.02913599362345252,0.029136060612504552,0.02913601068845354,-5.860161851045799e-19,5.673181315451065e-19,7.133723271568535e-17
208.58,"[0.06062, 0.0456, 0.41014]",0.0456,0.41014,-0.04926032043498178,-0.04926043447412901,-0.04926035829451664,0.13710254127660682,0.13710297418254042,0.1371026922267862,0.00928441899208218,0.009284725553123194,0.009284545276053801,-0.12018384790182825,-0.12018372561548052,-0.12018377191220131,0.02913599532995399,0.029136060612504552,0.029136016686800974,-5.834140998906148e-19,5.673181315451065e-19,7.143312701614527e-17
208.6,"[0.06062, 0.0456, 0.41014]",0.0456,0.41014,-0.04926032762829342,-0.04926043447412901,-0.049260367903200354,0.13710256995721387,0.13710297418254042,0.13710272855971994,0.009284442982211255,0.009284725553123194,0.009284570936917555,-0.12018383346884622,-0.12018372561548052,-0.120183761799347,0.029135999387757527,0.029136060612504552,0.029136022184488474,-5.140251608515429e-19,5.673181315451065e-19,7.152307970912885e-17
208.62,"[0.06062, 0.0456, 0.41014]",0.0456,0.41014,-0.049260334415744164,-0.04926043447412901,-0.049260367903200354,0.13710259682179915,0.13710297418254042,0.13710272855971994,0.009284464980302184,0.009284725553123194,0.009284570936917555,-0.12018382076684536,-0.12018372561548052,-0.120183761799347,0.02913600322434715,0.029136060612504552,0.029136022184488474,-4.455035835504593e-19,5.673181315451065e-19,7.152307970912885e-17
208.64,"[0.06062, 0.0456, 0.41014]",0.0456,0.41014,-0.04926034077836079,-0.04926043447412901,-0.04926037635682523,0.13710262185207728,0.13710297418254042,0.1371027603179038,0.009284485108233594,0.009284725553123194,0.009284592813001164,-0.12018380956806762,-0.12018372561548052,-0.12018375391307672,0.029136006826776615,0.029136060612504552,0.029136027030312473,-4.121101566379057e-19,5.673181315451065e-19,7.160459934521045e-17
208.66,"[0.06062, 0.0456, 0.41014]",0.0456,0.41014,-0.04926034677744285,-0.04926043447412901,-0.04926037635682523,0.1371026453024209,0.13710297418254042,0.1371027603179038,0.009284503599466387,0.009284725553123194,0.009284592813001164,-0.12018379970843077,-0.12018372561548052,-0.12018375391307672,0.02913601022932687,0.029136060612504552,0.029136027030312473,-3.327465576119667e-19,5.673181315451065e-19,7.160459934521045e-17
208.68,"[0.06062, 0.0456, 0.41014]",0.0456,0.41014,-0.04926035239752551,-0.04926043447412901,-0.04926038401897392,0.13710266715543584,0.13710297418254042,0.13710278898008488,0.009284520546212479,0.009284725553123194,0.00928461222061312,-0.12018379101236062,-0.12018372561548052,-0.12018374737309795,0.02913601342151675,0.029136060612504552,0.029136031427949845,-2.9848576896142473e-19,5.673181315451065e-19,7.167762373101952e-17
208.7,"[0.06062, 0.0456, 0.41014]",0.0456,0.41014,-0.04926035840560073,-0.04926043447412901,-0.04926038401897392,0.1371026903021923,0.13710297418254042,0.13710278898008488,0.009284537960523077,0.009284725553123194,0.00928461222061312,-0.12018378272594768,-0.12018372561548052,-0.12018374737309795,0.02913601684274165,0.029136060612504552,0.029136031427949845,-2.34734681219277e-19,5.673181315451065e-19,7.167762373101952e-17
208.721,"[0.06062, 0.0456, 0.41014]",0.0456,0.41014,-0.049260366013238445,-0.04926043447412901,-0.049260390683109695,0.13710271952432895,0.13710297418254042,0.13710281378331896,0.00928455972362637,0.009284725553123194,0.009284628661366054,-0.1201837726473442,-0.12018372561548052,-0.12018374232129976,0.029136021178408685,0.029136060612504552,0.029136035258668792,-1.6708046565618148e-19,5.673181315451065e-19,7.174312905166221e-17
208.74,"[0.06062, 0.0456, 0.41014]",0.0456,0.41014,-0.04926036848022555,-0.04926043447412901,-0.04926039667684022,0.13710272895026648,0.13710297418254042,0.1371028360165808,0.00928456661538691,0.009284725553123194,0.009284643181820951,-0.1201837696173961,-0.12018372561548052,-0.12018373816467368,0.02913602258643606,0.029136060612504552,0.029136038707670592,-1.5753948653830903e-19,5.673181315451065e-19,7.180352125992998e-17
208.76,"[0.06062, 0.0456, 0.41014]",0.0456,0.41014,-0.049260373298146545,-0.04926043447412901,-0.04926039667684022,0.13710274729194577,0.13710297418254042,0.1371028360165808,0.009284579852342918,0.009284725553123194,0.009284643181820951,-0.1201837640205223,-0.12018372561548052,-0.12018373816467368,0.029136025339063076,0.029136060612504552,0.029136038707670592,-9.20536753201845e-20,5.673181315451065e-19,7.180352125992998e-17
208.78,"[0.06062, 0.0456, 0.41014]",0.0456,0.41014,-0.04926037774009836,-0.04926043447412901,-0.04926040184097884,0.13710276414969957,0.13710297418254042,0.13710285509587836,0.009284591881118234,0.009284725553123194,0.009284655412396193,-0.1201837591129582,-0.12018372561548052,-0.12018373499141774,0.029136027879101117,0.029136060612504552,0.02913604168324195,-4.5649822337804886e-20,5.673181315451065e-19,7.185460756348928e-17
208.8,"[0.06062, 0.0456, 0.41014]",0.0456,0.41014,-0.049260381854493156,-0.04926043447412901,-0.04926040184097884,0.1371027797124099,0.13710297418254042,0.13710285509587836,0.009284602847483744,0.009284725553123194,0.009284655412396193,-0.12018375482050556,-0.12018372561548052,-0.12018373499141774,0.029136030234089057,0.029136060612504552,0.02913604168324195,-1.7460565853181764e-20,5.673181315451065e-19,7.185460756348928e-17
208.82,"[0.06062, 0.0456, 0.41014]",0.0456,0.41014,-0.04926038565192539,-0.04926043447412901,-0.04926040645574129,0.13710279403534217,0.13710297418254042,0.1371028720997092,0.009284612830991596,0.009284725553123194,0.009284666170394296,-0.12018375105802592,-0.12018372561548052,-0.12018373240618137,0.0291360324094307,0.029136060612504552,0.029136044344742214,1.2463414107418155e-20,5.673181315451065e-19,7.190234237185012e-17
208.84,"[0.06062, 0.0456, 0.41014]",0.0456,0.41014,-0.049260389604650415,-0.04926043447412901,-0.04926040645574129,0.13710280886764506,0.13710297418254042,0.1371028720997092,0.009284622961652592,0.009284725553123194,0.009284666170394296,-0.1201837475192225,-0.12018372561548052,-0.12018373240618137,0.029136034677142517,0.029136060612504552,0.029136044344742214,5.886726708979774e-20,5.673181315451065e-19,7.190234237185012e-17
208.861,"[0.06062, 0.0456, 0.41014]",0.0456,0.41014,-0.049260394565732446,-0.04926043447412901,-0.04926041040010544,0.13710282745232497,0.13710297418254042,0.1371028865865688,0.009284635567150746,0.009284725553123194,0.009284675184249741,-0.12018374323639383,-0.12018372561548052,-0.12018373046224977,0.029136037524822387,0.029136060612504552,0.029136046622308148,1.2044995048697443e-19,5.673181315451065e-19,7.194293000662776e-17
208.88,"[0.06062, 0.0456, 0.41014]",0.0456,0.41014,-0.04926039757426331,-0.04926043447412901,-0.04926041390532722,0.13710283868790438,0.13710297418254042,0.13710289943263862,0.009284643090574054,0.009284725553123194,0.00928468308276769,-0.12018374081435348,-0.12018372561548052,-0.12018372889913174,0.02913603925334728,0.029136060612504552,0.029136048648024413,1.3866454698473092e-19,5.673181315451065e-19,7.197976309903634e-17
208.9,"[0.06062, 0.0456, 0.41014]",0.0456,0.41014,-0.049260399207369666,-0.04926043447412901,-0.04926041390532722,0.13710284476241638,0.13710297418254042,0.13710289943263862,0.009284647087779983,0.009284725553123194,0.00928468308276769,-0.12018373962548767,-0.12018372561548052,-0.12018372889913174,0.029136040192816372,0.029136060612504552,0.029136048648024413,1.6902220781432507e-19,5.673181315451065e-19,7.197976309903634e-17
208.92,"[0.06062, 0.0456, 0.41014]",0.0456,0.41014,-0.04926040199998157,-0.04926043447412901,-0.04926041688049604,0.13710285514983175,0.13710297418254042,0.1371029103077787,0.009284653923002152,0.009284725553123194,0.009284689668114533,-0.12018373759252707,-0.12018372561548052,-0.12018372774777468,0.029136041799308534,0.029136060612504552,0.029136050369314204,2.0805348602380327e-19,5.673181315451065e-19,7.200973250512399e-17
208.941,"[0.06062, 0.0456, 0.41014]",0.0456,0.41014,-0.04926040579161226,-0.04926043447412901,-0.04926041688049604,0.1371028692168532,0.13710297418254042,0.1371029103077787,0.009284663071058128,0.009284725553123194,0.009284689668114533,-0.12018373502505764,-0.12018372561548052,-0.12018372774777468,0.029136043982359323,0.029136060612504552,0.029136050369314204,2.436153172813278e-19,5.673181315451065e-19,7.200973250512399e-17
208.96,"[0.06062, 0.0456, 0.41014]",0.0456,0.41014,-0.04926040690050066,-0.04926043447412901,-0.04926041941074281,0.13710287332598428,0.13710297418254042,0.1371029195352711,0.00928466572875034,0.009284725553123194,0.009284695175061565,-0.12018373429998569,-0.12018372561548052,-0.12018372690739433,0.029136044621056196,0.029136060612504552,0.029136051834745814,2.5315629639920027e-19,5.673181315451065e-19,7.203594440234594e-17
208.98,"[0.06062, 0.0456, 0.41014]",0.0456,0.41014,-0.049260409049724445,-0.04926043447412901,-0.04926041941074281,0.1371028812753474,0.13710297418254042,0.1371029195352711,0.009284670824098736,0.009284725553123194,0.009284695175061565,-0.12018373297607457,-0.12018372561548052,-0.12018372690739433,0.029136045859770986,0.029136060612504552,0.029136051834745814,2.791771485388524e-19,5.673181315451065e-19,7.203594440234594e-17
209.0,"[0.06062, 0.0456, 0.41014]",0.0456,0.41014,-0.04926041101831793,-0.04926043447412901,-0.04926042156635399,0.13710288854480604,0.13710297418254042,0.1371029273806574,0.009284675446956167,0.009284725553123194,0.009284699793048499,-0.12018373182807232,-0.12018372561548052,-0.12018372630108641,0.02913604699501882,0.029136060612504552,0.029136053084471415,2.9175389373968426e-19,5.673181315451065e-19,7.205893960224391e-17
209.02,"[0.06062, 0.0456, 0.41014]",0.0456,0.41014,-0.04926041282843977,-0.04926043447412901,-0.04926042156635399,0.13710289521760613,0.13710297418254042,0.1371029273806574,0.00928467965326938,0.009284725553123194,0.009284699793048499,-0.12018373083755979,-0.12018372561548052,-0.12018372630108641,0.029136048039542107,0.029136060612504552,0.029136053084471415,3.0953480936844655e-19,5.673181315451065e-19,7.205893960224391e-17
209.04,"[0.06062, 0.0456, 0.41014]",0.0456,0.41014,-0.04926041448864348,-0.04926043447412901,-0.049260423405613825,0.1371029013286589,0.13710297418254042,0.13710293406303292,0.009284683476001898,0.009284725553123194,0.009284703675567937,-0.12018372998067689,-0.12018372561548052,-0.12018372587025362,0.029136048998081292,0.029136060612504552,0.029136054151831018,3.238462780452552e-19,5.673181315451065e-19,7.207925934464831e-17
209.06,"[0.06062, 0.0456, 0.41014]",0.0456,0.41014,-0.049260416017334475,-0.04926043447412901,-0.049260423405613825,0.13710290694684926,0.13710297418254042,0.13710293406303292,0.009284686960667182,0.009284725553123194,0.009284703675567937,-0.1201837292435185,-0.12018372561548052,-0.12018372587025362,0.029136049881233975,0.029136060612504552,0.029136054151831018,3.4986713018490735e-19,5.673181315451065e-19,7.207925934464831e-17
209.08,"[0.06062, 0.0456, 0.41014]",0.0456,0.41014,-0.049260417421107545,-0.04926043447412901,-0.04926042503780893,0.13710291209899714,0.13710297418254042,0.1371029399864278,0.00928469013267282,0.009284725553123194,0.009284707085364819,-0.1201837286076452,-0.12018372561548052,-0.12018372554157797,0.02913605069265005,0.029136060612504552,0.029136055099696245,3.5420393887484937e-19,5.673181315451065e-19,7.209802383487197e-17
209.1,"[0.06062, 0.0456, 0.41014]",0.0456,0.41014,-0.04926041886828082,-0.04926043447412901,-0.0492604264768101,0.13710291739768196,0.13710297418254042,0.1371029452036209,0.009284693349858798,0.009284725553123194,0.009284710061743395,-0.12018372803013952,-0.12018372561548052,-0.12018372529700101,0.029136051529991425,0.029136060612504552,0.029136055935955765,4.023425153332058e-19,5.673181315451065e-19,7.211179939375598e-17
209.12,"[0.06062, 0.0456, 0.41014]",0.0456,0.41014,-0.04926042018439131,-0.04926043447412901,-0.0492604264768101,0.13710292221133616,0.13710297418254042,0.1371029452036209,0.009284696253417286,0.009284725553123194,0.009284710061743395,-0.12018372753790216,-0.12018372561548052,-0.12018372529700101,0.0291360522918639,0.029136060612504552,0.029136055935955765,4.040772388091826e-19,5.673181315451065e-19,7.211179939375598e-17
209.14,"[0.06062, 0.0456, 0.41014]",0.0456,0.41014,-0.04926042137995086,-0.04926043447412901,-0.049260427685715584,0.1371029265799433,0.13710297418254042,0.13710294958177963,0.009284698873173732,0.009284725553123194,0.009284712530300773,-0.12018372711717788,-0.12018372561548052,-0.12018372514023713,0.029136052984243942,0.029136060612504552,0.029136056639160926,3.997404301192406e-19,5.673181315451065e-19,7.212578938467776e-17
209.16,"[0.06062, 0.0456, 0.41014]",0.0456,0.41014,-0.049260422469244655,-0.04926043447412901,-0.049260427685715584,0.13710293055633113,0.13710297418254042,0.13710294958177963,0.009284701242032197,0.009284725553123194,0.009284712530300773,-0.12018372676071494,-0.12018372561548052,-0.12018372514023713,0.02913605361539234,0.029136060612504552,0.029136056639160926,4.179550266169971e-19,5.673181315451065e-19,7.212578938467776e-17
209.18,"[0.06062, 0.0456, 0.41014]",0.0456,0.41014,-0.049260423460374125,-0.04926043447412901,-0.04926042874685264,0.1371029341712395,0.13710297418254042,0.13710295342213494,0.009284703382977728,0.009284725553123194,0.009284714677134478,-0.12018372645787122,-0.12018372561548052,-0.12018372503335427,0.029136054189910967,0.029136060612504552,0.029136057256846388,4.2836336747285794e-19,5.673181315451065e-19,7.213742845942821e-17
209.2,"[0.06062, 0.0456, 0.41014]",0.0456,0.41014,-0.04926042436930275,-0.04926043447412901,-0.04926042874685264,0.13710293748335092,0.13710297418254042,0.13710295342213494,0.00928470533182697,0.009284725553123194,0.009284714677134478,-0.1201837262018796,-0.12018372561548052,-0.12018372503335427,0.02913605471703962,0.029136060612504552,0.029136057256846388,4.253276013898985e-19,5.673181315451065e-19,7.213742845942821e-17
209.22,"[0.06062, 0.0456, 0.41014]",0.0456,0.41014,-0.049260425201037225,-0.04926043447412901,-0.04926042964121083,0.13710294051179314,0.13710297418254042,0.1371029566564543,0.00928470710360989,0.009284725553123194,0.00928471646512307,-0.12018372598490691,-0.12018372561548052,-0.12018372497642998,0.029136055199605517,0.029136060612504552,0.029136057777938332,4.370369848527419e-19,5.673181315451065e-19,7.214852313048478e-17
209.24,"[0.06062, 0.0456, 0.41014]",0.0456,0.41014,-0.049260426044670236,-0.04926043447412901,-0.04926042964121083,0.13710294357935185,0.13710297418254042,0.1371029566564543,0.009284708878471881,0.009284725553123194,0.00928471646512307,-0.12018372579834337,-0.12018372561548052,-0.12018372497642998,0.029136055689491357,0.029136060612504552,0.029136057777938332,4.535168578745212e-19,5.673181315451065e-19,7.214852313048478e-17
209.26,"[0.06062, 0.0456, 0.41014]",0.0456,0.41014,-0.049260426728012924,-0.04926043447412901,-0.04926043038866346,0.13710294606407428,0.13710297418254042,0.13710295935804723,0.00928471031611009,0.009284725553123194,0.009284717942202389,-0.12018372564722689,-0.12018372561548052,-0.12018372495578669,0.029136056086298875,0.029136060612504552,0.02913605821385633,4.587210283024517e-19,5.673181315451065e-19,7.215795301493394e-17
209.28,"[0.06062, 0.0456, 0.41014]",0.0456,0.41014,-0.04926042772004917,-0.04926043447412901,-0.04926043104227148,0.13710294966684541,0.13710297418254042,0.13710296171977782,0.009284712377324724,0.009284725553123194,0.009284719222991091,-0.12018372546704532,-0.12018372561548052,-0.12018372495483187,0.02913605666287067,0.029136060612504552,0.029136058595321538,4.778029865381964e-19,5.673181315451065e-19,7.216564653636486e-17
209.3,"[0.06062, 0.0456, 0.41014]",0.0456,0.41014,-0.049260428052271404,-0.04926043447412901,-0.04926043104227148,0.13710295087217708,0.13710297418254042,0.13710296171977782,0.009284713059877938,0.009284725553123194,0.009284719222991091,-0.12018372541848028,-0.12018372561548052,-0.12018372495483187,0.02913605685611713,0.029136060612504552,0.029136058595321538,4.886450082630514e-19,5.673181315451065e-19,7.216564653636486e-17
209.32,"[0.06062, 0.0456, 0.41014]",0.0456,0.41014,-0.049260428620371416,-0.04926043447412901,-0.04926043158554809,0.13710295293329447,0.13710297418254042,0.13710296368245747,0.009284714227043923,0.009284725553123194,0.009284720275893882,-0.12018372533543407,-0.12018372561548052,-0.1201837249726601,0.029136057186568594,0.029136060612504552,0.02913605891271208,5.016554343328774e-19,5.673181315451065e-19,7.217113340699596e-17
209.34,"[0.06062, 0.0456, 0.41014]",0.0456,0.41014,-0.049260429134860076,-0.04926043447412901,-0.04926043158554809,0.13710295479906756,0.13710297418254042,0.13710296368245747,0.009284715277738661,0.009284725553123194,0.009284720275893882,-0.12018372526994951,-0.12018372561548052,-0.1201837249726601,0.02913605748597333,0.029136060612504552,0.02913605891271208,5.203037116996278e-19,5.673181315451065e-19,7.217113340699596e-17
209.36,"[0.06062, 0.0456, 0.41014]",0.0456,0.41014,-0.049260429600490804,-0.04926043447412901,-0.04926043205873253,0.13710295648698487,0.13710297418254042,0.13710296539187186,0.009284716223562637,0.009284725553123194,0.009284721185559093,-0.12018372521851149,-0.12018372561548052,-0.12018372500008515,0.029136057757056313,0.029136060612504552,0.0291360591893657,5.307120525554887e-19,5.673181315451065e-19,7.217416131859909e-17
209.38,"[0.06062, 0.0456, 0.41014]",0.0456,0.41014,-0.049260430067556774,-0.04926043447412901,-0.04926043205873253,0.1371029581789864,0.13710297418254042,0.13710296539187186,0.009284717162516451,0.009284725553123194,0.009284721185559093,-0.12018372518205746,-0.12018372561548052,-0.12018372500008515,0.029136058029197685,0.029136060612504552,0.0291360591893657,5.346151803764365e-19,5.673181315451065e-19,7.217416131859909e-17
209.4,"[0.06062, 0.0456, 0.41014]",0.0456,0.41014,-0.04926043044588019,-0.04926043447412901,-0.04926043244999668,0.13710295954950788,0.13710297418254042,0.1371029668055602,0.009284717923069044,0.009284725553123194,0.009284721929737168,-0.12018372515252969,-0.12018372561548052,-0.12018372503578525,0.029136058249632224,0.029136060612504552,0.029136059418367413,5.298446908175004e-19,5.673181315451065e-19,7.217704287272402e-17
