timestamp,target_x,target_y,target_z,actual_j1,target_j1,control_u_j1,actual_j2,target_j2,control_u_j2,actual_j3,target_j3,control_u_j3,actual_j4,target_j4,control_u_j4,actual_j5,target_j5,control_u_j5,actual_j6,target_j6,control_u_j6
115.655,"[0.0, 0.0, 0.0]",0.0,0.0,0.0,0.0,0.0,0.0,0.0,0.0,0.0,0.0,0.0,0.0,0.0,0.0,0.0,0.0,0.0,0.0,0.0,0.0
115.66,"[0.0, 0.0, 0.0]",0.0,0.0,0.0,0.0,0.0,0.0,0.0,0.0,0.0,0.0,0.0,0.0,0.0,0.0,0.0,0.0,0.0,0.0,0.0,0.0
115.68,"[0.0, 0.0, 0.0]",0.0,0.0,0.0,0.0,0.0,0.0,0.0,0.0,0.0,0.0,0.0,0.0,0.0,0.0,0.0,0.0,0.0,0.0,0.0,0.0
115.7,"[0.0, 0.0, 0.0]",0.0,0.0,0.0,0.0,0.0,0.0,0.0,0.0,0.0,0.0,0.0,0.0,0.0,0.0,0.0,0.0,0.0,0.0,0.0,0.0
115.722,"[0.0, 0.0, 0.0]",0.0,0.0,0.0,0.0,0.0,0.0,0.0,0.0,0.0,0.0,0.0,0.0,0.0,0.0,0.0,0.0,0.0,0.0,0.0,0.0
115.771,"[0.0, 0.0, 0.0]",0.0,0.0,0.0,0.0,0.0,0.0,0.0,0.0,0.0,0.0,0.0,0.0,0.0,0.0,0.0,0.0,0.0,0.0,0.0,0.0
115.78,"[0.0, 0.0, 0.0]",0.0,0.0,0.0,0.0,0.0,0.0,0.0,0.0,0.0,0.0,0.0,0.0,0.0,0.0,0.0,0.0,0.0,0.0,0.0,0.0
115.8,"[0.0, 0.0, 0.0]",0.0,0.0,0.0,0.0,0.0011921489580849643,0.0,0.0,-0.00346091141152388,0.0,0.0,-0.0001510572040744539,0.0,0.0,0.0029580871314378423,0.0,0.0,-0.000704500963123563,0.0,0.0,-2.439050532042292e-16
115.82,"[0.0, 0.0, 0.0]",0.0,0.0,0.001251433529510563,0.0,0.0009412723385459597,-0.0036330196503769284,0.0,-0.0027325949112630985,-0.00015856919710464948,0.0,-0.0001192686168335848,0.003105190295499476,0.0,0.0023355853156679968,-0.0007395352070137645,0.0,-0.0005562453119946052,-4.0636990845426734e-16,0.0,-1.6885898731569604e-16
115.84,"[0.0, 0.0, 0.0]",0.0,0.0,0.0012037627170140446,0.0,0.0008180133113228729,-0.003494627163267926,0.0,-0.0023747633066381656,-0.00015252882620655963,0.0,-0.00010365046021636737,0.00298690439314066,0.0,0.0020297418759735444,-0.0007113641189387496,0.0,-0.0004834053344294977,-3.7606203960944455e-16,0.0,-1.3329208770777833e-16
115.86,"[0.0, 0.0, 0.0]",0.0,0.0,0.0011415636424046058,0.0,0.0007002942282920272,-0.0033140578762018516,0.0,-0.0020330146386068454,-0.00014464757845606275,0.0,-8.87342701921259e-05,0.0028325694180377265,0.0,0.0017376447364363676,-0.000674607547861853,0.0,-0.00041383918937308725,-3.3676378339125533e-16,0.0,-1.0110556208312596e-16
115.935,"[0.0, 0.0, 0.0]",0.0,0.0,0.0010110082731343336,0.0,0.0004848374026310522,-0.002935044360298776,0.0,-0.0014075248599526896,-0.0001281049016241334,0.0,-6.143372667821812e-05,0.0025086215168023673,0.0,0.001203030289467697,-0.0005974557937213289,0.0,-0.0002865148813515371,-2.7465579726524587e-16,0.0,-4.525486408880908e-17
115.94,"[0.0, 0.0, 0.0]",0.0,0.0,0.0007675515247888385,0.0,0.00022452767281010483,-0.0022282683871978678,0.0,-0.0006518232255552152,-9.725648607912836e-05,0.0,-2.8449869901527275e-05,0.0019045306768570457,0.0,0.0005571220345696602,-0.00045358491886365014,0.0,-0.0001326847294280596,-1.7564530290906134e-16,0.0,1.4298354909238545e-17
115.961,"[0.0, 0.0, 0.0]",0.0,0.0,0.0006194002747529372,0.0,0.00015245518391252048,-0.001798172509278358,0.0,-0.00044259056377522353,-7.848423463659729e-05,0.0,-1.9317561844458644e-05,0.0015369220001563817,0.0,0.0003782880909878346,-0.0003660348710536607,0.0,-9.00934596914982e-05,-1.2378629008395276e-16,0.0,2.8918137010381966e-17
115.98,"[0.0, 0.0, 0.0]",0.0,0.0,0.0005727057656528994,0.0,9.053213905403266e-05,-0.0016626143153584607,0.0,-0.00026282261487111725,-7.256757127272576e-05,0.0,-1.1471290274776522e-05,0.0014210586059034283,0.0,0.0002246380300468845,-0.00033844072991817724,0.0,-5.3500008473816225e-05,-1.058177973149551e-16,0.0,4.0659485561823777e-17
116.0,"[0.0, 0.0, 0.0]",0.0,0.0,0.0004810927765884673,0.0,3.80976790919249e-05,-0.0013966538934858633,0.0,-0.00011060084765557182,-6.0959285396607934e-05,0.0,-4.827317708907654e-06,0.0011937386901300106,0.0,9.45320575773444e-05,-0.0002843019928442462,0.0,-2.251384076633712e-05,-7.600492436011241e-17,0.0,4.950768460652797e-17
116.02,"[0.0, 0.0, 0.0]",0.0,0.0,0.00039692370805297,0.0,-5.569671666292592e-06,-0.0011523038159950943,0.0,1.6169244135506476e-05,-5.029421904091448e-05,0.0,7.057740714088854e-07,0.0009848894235868577,0.0,-1.3820028827585826e-05,-0.00023456224394995955,0.0,3.291399815464596e-06,-5.01808887960843e-17,0.0,5.582166345091334e-17
116.04,"[0.0, 0.0, 0.0]",0.0,0.0,0.00032044996589495283,0.0,-7.326353998227388e-05,-0.0009302939357848331,0.0,0.00021269039213066724,-4.060422784779883e-05,0.0,9.283266812284349e-06,0.0007951346212719686,0.0,-0.00018178927228527431,-0.00018937005163505066,0.0,4.329512176845195e-05,-2.811210434700647e-17,0.0,6.302392816780945e-17
116.06,"[0.0, 0.0, 0.0]",0.0,0.0,0.00024852765872600106,0.0,-9.810949176596603e-05,-0.0007214972645284997,0.0,0.0002848203366822503,-3.149094925045847e-05,0.0,1.2431498325913737e-05,0.0006166733246424569,0.0,-0.00024343969689749986,-0.00014686753186243033,0.0,5.79778481627692e-05,-1.0645759814195494e-17,0.0,6.4483171424384e-17
116.08,"[0.0, 0.0, 0.0]",0.0,0.0,0.00018490273578088004,0.0,-0.00011973841384359862,-0.0005367886165178026,0.0,0.0003476109660722419,-2.3429032531653626e-05,0.0,1.5172099867446679e-05,0.0004588003824129082,0.0,-0.00029710768441800313,-0.00010926835503368337,0.0,7.075946940581626e-05,5.430005646910409e-18,0.0,6.511376820807394e-17
116.1,"[0.0, 0.0, 0.0]",0.0,0.0,0.00012702091734011662,0.0,-0.00014787665065230443,-0.0003687526970338088,0.0,0.0004292986985086442,-1.609482485604028e-05,0.0,1.873749687188479e-05,0.0003151778433642479,0.0,-0.0003669272777118064,-7.506306839072457e-05,0.0,8.738777312951174e-05,1.8631430023045787e-17,0.0,6.321629822532741e-17
116.12,"[0.06062, 0.0456, 0.41014]",0.0456,0.41014,7.593325423286216e-05,-0.0478741148742629,-0.00014787665065230443,-0.00022044079743004536,0.1389829987673404,0.0004292986985086442,-9.621504931473543e-06,0.006067005178480939,1.873749687188479e-05,0.00018841368686002815,-0.11878911729508225,-0.0003669272777118064,-4.487279089158686e-05,0.028291218500835283,8.738777312951174e-05,2.8377795995902554e-17,1.8122918198454457e-17,6.321629822532741e-17
116.14,"[0.06062, 0.0456, 0.41014]",0.0456,0.41014,3.3409372290888654e-05,-0.0478741148742629,-0.009489318892588073,-9.6990294404998e-05,0.1389829987673404,0.027548361936303042,-4.233302054793512e-06,0.006067005178480939,0.0012025324800212784,8.289889724483284e-05,-0.11878911729508225,-0.02354571036148883,-1.974328372819424e-05,0.028291218500835283,0.005607715465062323,3.698992047788182e-17,1.8122918198454457e-17,2.901272226469351e-16
116.162,"[0.06062, 0.0456, 0.41014]",0.0456,0.41014,-0.0021787006518094606,-0.0478741148742629,-0.013718641389798784,0.006324967675070196,0.1389829987673404,0.03982647237321579,0.00027609582833359303,0.006067005178480939,0.0017384922481102974,-0.005405978096621248,-0.11878911729508225,-0.03403986805540564,0.0012875037130749285,0.028291218500835283,0.008107034699384293,-4.201985043961587e-17,1.8122918198454457e-17,4.314740278913321e-16
116.18,"[0.06062, 0.0456, 0.41014]",0.0456,0.41014,-0.0033326947245626284,-0.0478741148742629,-0.017622235984981256,0.009675118142996264,0.1389829987673404,0.05115896480475916,0.0004223354622361951,0.006067005178480939,0.0022331739993134508,-0.008269367097054395,-0.11878911729508225,-0.043725802077876595,0.0019694568117428523,0.028291218500835283,0.01041386494792268,4.677787958009704e-17,1.8122918198454457e-17,5.488200008056636e-16
116.2,"[0.06062, 0.0456, 0.41014]",0.0456,0.41014,-0.005696384049926136,-0.0478741148742629,-0.021214625421299343,0.016537124688109403,0.1389829987673404,0.06158800022866062,0.00072187341725051,0.006067005178480939,0.0026884185354249454,-0.014134355688288714,-0.11878911729508225,-0.052639546921211776,0.0033662796352568695,0.028291218500835283,0.012536788424292494,3.82203279058506e-16,1.8122918198454457e-17,6.300499645631151e-16
116.22,"[0.06062, 0.0456, 0.41014]",0.0456,0.41014,-0.008321534860863152,-0.0478741148742629,-0.0245182832868595,0.024158177851182436,0.1389829987673404,0.07117882163610326,0.0010545449729984118,0.006067005178480939,0.0031070741207825463,-0.020648104993248668,-0.11878911729508225,-0.06083686554679049,0.0049176131922976435,0.028291218500835283,0.014489085897357692,7.602051081150402e-16,1.8122918198454457e-17,6.706847307056908e-16
116.24,"[0.06062, 0.0456, 0.41014]",0.0456,0.41014,-0.011101587853696927,-0.0478741148742629,-0.02755646865744021,0.03222892624242287,0.1389829987673404,0.07999895232945237,0.0014068465007504812,0.006067005178480939,0.0034920884710968447,-0.0275462108284751,-0.11878911729508225,-0.06837547006220433,0.006560486233673379,0.028291218500835283,0.0162845023212673,1.1225234648555942e-15,1.8122918198454457e-17,6.718529548448575e-16
116.26,"[0.06062, 0.0456, 0.41014]",0.0456,0.41014,-0.013954578522964044,-0.0478741148742629,-0.03543756233343151,0.040511419435548715,0.1389829987673404,0.10287848966375528,0.001768391176621244,0.006067005178480939,0.004490820294215428,-0.03462529568264191,-0.11878911729508225,-0.0879307122894534,0.008246461812150595,0.028291218500835283,0.0209418366576695,1.4289562953547312e-15,1.8122918198454457e-17,6.36001198252362e-16
116.28,"[0.06062, 0.0456, 0.41014]",0.0456,0.41014,-0.01758101204744138,-0.0478741148742629,-0.03772056540790669,0.0510392881687358,0.1389829987673404,0.10950625702367289,0.002227950513164464,0.006067005178480939,0.004780134411596597,-0.04362351282341292,-0.11878911729508225,-0.09359549366565748,0.010389503644529974,0.028291218500835283,0.022290977905921147,2.3209093649183645e-15,1.8122918198454457e-17,5.87397946607552e-16
116.3,"[0.06062, 0.0456, 0.41014]",0.0456,0.41014,-0.02140752718643304,-0.0478741148742629,-0.04192560710491244,0.062148012251147154,0.1389829987673404,0.12171388048814476,0.002712865450000882,0.006067005178480939,0.0053130240659614745,-0.05311818918866434,-0.11878911729508225,-0.10402939401362642,0.012650783754160183,0.028291218500835283,0.02477594830699132,2.3487175243393587e-15,1.8122918198454457e-17,3.0486334281188097e-16
116.32,"[0.06062, 0.0456, 0.41014]",0.0456,0.41014,-0.026992678466635854,-0.0478741148742629,-0.045553278287171504,0.07836221881705925,0.1389829987673404,0.1322453458565362,0.003420645207324773,0.006067005178480939,0.0057727504930331665,-0.06697654135660351,-0.11878911729508225,-0.11303066759152201,0.015951330323903338,0.028291218500835283,0.026919721401668734,2.705656178320257e-15,1.8122918198454457e-17,-4.641328944428555e-17
116.34,"[0.06062, 0.0456, 0.41014]",0.0456,0.41014,-0.028674970795181425,-0.0478741148742629,-0.0471681454535925,0.08324606788865886,0.1389829987673404,0.1369334550514892,0.003633834440198883,0.006067005178480939,0.0059773996700726575,-0.07115078767856176,-0.11878911729508225,-0.11703760659973109,0.016945481399293878,0.028291218500835283,0.027874027504102956,2.2928841482224384e-15,1.8122918198454457e-17,-2.2363799610894426e-16
116.36,"[0.06062, 0.0456, 0.41014]",0.0456,0.41014,-0.03204333593531592,-0.0478741148742629,-0.04864378624198464,0.09302474162167162,0.1389829987673404,0.14121737798923178,0.004060693402841569,0.006067005178480939,0.006164407313139721,-0.07950865876834248,-0.11878911729508225,-0.12069908249309198,0.018936017609972614,0.028291218500835283,0.028746057717858906,2.2991048666072912e-15,1.8122918198454457e-17,-3.910746833911527e-16
116.38,"[0.06062, 0.0456, 0.41014]",0.0456,0.41014,-0.03519742149403734,-0.0478741148742629,-0.051076411508144036,0.10218134253189544,0.1389829987673404,0.1482795183543787,0.004460399043062866,0.006067005178480939,0.0064726995599882625,-0.08733483928089066,-0.11878911729508225,-0.1267350947306644,0.020799925230456696,0.028291218500835283,0.030183618017748087,1.6812598987116602e-15,1.8122918198454457e-17,-6.974386169202508e-16
116.4,"[0.06062, 0.0456, 0.41014]",0.0456,0.41014,-0.03811099022214925,-0.0478741148742629,-0.05209927895054521,0.11063970166560527,0.1389829987673404,0.1512489996057348,0.004829626965230477,0.006067005178480939,0.006602331872750234,-0.09456422637297524,-0.11878911729508225,-0.12927310737118874,0.02252169934536348,0.028291218500835283,0.030788081675596445,1.4341925581669664e-15,1.8122918198454457e-17,-8.194168346584303e-16
116.42,"[0.06062, 0.0456, 0.41014]",0.0456,0.41014,-0.04085899475564081,-0.0478741148742629,-0.053700121848024085,0.11861741363435796,0.1389829987673404,0.1558964004845664,0.005177876227980676,0.006067005178480939,0.006805219239574577,-0.10138279795262309,-0.11878911729508225,-0.1332452262840205,0.024145633225203324,0.028291218500835283,0.03173409993518869,1.0128950127060249e-15,1.8122918198454457e-17,-1.0159769190090601e-15
116.44,"[0.06062, 0.0456, 0.41014]",0.0456,0.41014,-0.043235939750208834,-0.0478741148742629,-0.054284622084280885,0.12551790588132197,0.1389829987673404,0.15759326205188595,0.0054791033352681005,0.006067005178480939,0.006879300867941465,-0.10728066440460987,-0.11878911729508225,-0.13469552279587843,0.025550289370126687,0.028291218500835283,0.03207951036163232,2.450378806613889e-16,1.8122918198454457e-17,-1.0500614672251302e-15
116.46,"[0.06062, 0.0456, 0.41014]",0.0456,0.41014,-0.04533518939402912,-0.0478741148742629,-0.05466231044856459,0.13161222355431668,0.1389829987673404,0.15868972986988436,0.005745140864213631,0.006067005178480939,0.006927174459803955,-0.11248948750362105,-0.11878911729508225,-0.13563265975145639,0.026790841358511994,0.028291218500835283,0.03230270525648108,-4.517415590403114e-16,1.8122918198454457e-17,-1.0445985973814351e-15
116.482,"[0.06062, 0.0456, 0.41014]",0.0456,0.41014,-0.047880684214299335,-0.0478741148742629,-0.0549259487070949,0.13900203384763793,0.1389829987673404,0.15945510295435017,0.006067734425511819,0.006067005178480939,0.006960604082797729,-0.11880556427040678,-0.11878911729508225,-0.13628679302722352,0.02829510197706883,0.028291218500835283,0.03245850209622064,-1.2666851577551239e-15,1.8122918198454457e-17,-8.860409776014095e-16
116.5,"[0.06062, 0.0456, 0.41014]",0.0456,0.41014,-0.04858521066371757,-0.0478741148742629,-0.05484621514250407,0.14104734075861047,0.1389829987673404,0.15922363482566282,0.006157021389997347,0.006067005178480939,0.006950516101319783,-0.12055368714855075,-0.11878911729508225,-0.13608892822534202,0.028711441988985634,0.028291218500835283,0.032411383317390394,-1.4827367267515243e-15,1.8122918198454457e-17,-6.573294256299711e-16
116.52,"[0.06062, 0.0456, 0.41014]",0.0456,0.41014,-0.049781911810289035,-0.0478741148742629,-0.054484817324191505,0.14452147822869152,0.1389829987673404,0.15817446825903053,0.006308685746177367,0.006067005178480939,0.006904730536936527,-0.12352302660757535,-0.11878911729508225,-0.13519217925157842,0.029418632681075037,0.028291218500835283,0.0321978150223689,-1.8747330579797413e-15,1.8122918198454457e-17,-3.7301243909188105e-16
116.54,"[0.06062, 0.0456, 0.41014]",0.0456,0.41014,-0.05069453998416797,-0.0478741148742629,-0.0541714672572878,0.14717092589221373,0.1389829987673404,0.15726478577270905,0.006424351150473615,0.006067005178480939,0.006865025448771571,-0.12578749967355535,-0.11878911729508225,-0.1344146623496343,0.029957950374226678,0.028291218500835283,0.03201264066574463,-2.180031379325589e-15,1.8122918198454457e-17,-2.0330218838317997e-16
116.56,"[0.06062, 0.0456, 0.41014]",0.0456,0.41014,-0.05138335767228841,-0.0478741148742629,-0.053828042876682525,0.14917063069383696,0.1389829987673404,0.15626779418596218,0.006511652722647546,0.006067005178480939,0.006821507454940948,-0.1274966371078703,-0.11878911729508225,-0.13356252496014306,0.030365007221716374,0.028291218500835283,0.03180969390795628,-2.3007742047857408e-15,1.8122918198454457e-17,-5.865007584791285e-17
116.58,"[0.06062, 0.0456, 0.41014]",0.0456,0.41014,-0.05184784786128237,-0.0478741148742629,-0.053094720003528995,0.15051909175782766,0.1389829987673404,0.15413889022754226,0.006570525119118403,0.006067005178480939,0.006728575841496696,-0.12864915580454145,-0.11878911729508225,-0.13174294343877735,0.03063949769210682,0.028291218500835283,0.03137633658331217,-2.262992361159835e-15,1.8122918198454457e-17,1.5892830145820306e-16
116.6,"[0.06062, 0.0456, 0.41014]",0.0456,0.41014,-0.0521173477124836,-0.0478741148742629,-0.052749692300877296,0.15130147729142135,0.1389829987673404,0.15313724233012405,0.006604685350672176,0.006067005178480939,0.006684849776939525,-0.12931785068544174,-0.11878911729508225,-0.13088683469074638,0.03079875859789629,0.028291218500835283,0.03117244240460129,-2.312713005428282e-15,1.8122918198454457e-17,2.298166505382159e-16
116.62,"[0.06062, 0.0456, 0.41014]",0.0456,0.41014,-0.052268545677619176,-0.0478741148742629,-0.05243025927351104,0.1517404209599371,0.1389829987673404,0.15220989799333898,0.006623851934524164,0.006067005178480939,0.0066443668351322226,-0.1296930074385799,-0.11878911729508225,-0.1300942341509957,0.03088810899725861,0.028291218500835283,0.030983673410489947,-2.102824041580289e-15,1.8122918198454457e-17,2.6770825612363403e-16
116.641,"[0.06062, 0.0456, 0.41014]",0.0456,0.41014,-0.05228315027949294,-0.0478741148742629,-0.05187095474351029,0.15178282141696814,0.1389829987673404,0.15058618343956695,0.006625708272185175,0.006067005178480939,0.006573482594180739,-0.1297292377176371,-0.11878911729508225,-0.1287064490436326,0.030896739519200377,0.028291218500835283,0.030653152335957407,-1.7720773268418607e-15,1.8122918198454457e-17,2.8440507315342776e-16
116.662,"[0.06062, 0.0456, 0.41014]",0.0456,0.41014,-0.052180299534098695,-0.0478741148742629,-0.0513825764847447,0.15148423682165904,0.1389829987673404,0.14916837440235167,0.006612676060511849,0.006067005178480939,0.0065115866290589896,-0.12947403346731792,-0.11878911729508225,-0.12749465205193716,0.030835959824875584,0.028291218500835283,0.03036454515784599,-1.5986314337771891e-15,1.8122918198454457e-17,2.578307671234495e-16
116.68,"[0.06062, 0.0456, 0.41014]",0.0456,0.41014,-0.05210052722919759,-0.0478741148742629,-0.051147402405803274,0.15125265057989712,0.1389829987673404,0.14848564143892154,0.00660256711569828,0.006067005178480939,0.006481781185437946,-0.12927609532833928,-0.11878911729508225,-0.1269111223175721,0.03078881835817463,0.028291218500835283,0.030225569013803036,-1.5053202243235276e-15,1.8122918198454457e-17,2.31529062383684e-16
116.7,"[0.06062, 0.0456, 0.41014]",0.0456,0.41014,-0.05194059917987476,-0.0478741148742629,-0.05068994823285587,0.15078836481004462,0.1389829987673404,0.1471576080320327,0.006582300275416599,0.006067005178480939,0.006423804572724751,-0.12887926813732203,-0.11878911729508225,-0.12577605610170053,0.030694308835710966,0.028291218500835283,0.02995523642578934,-1.2300243791755674e-15,1.8122918198454457e-17,1.4724600047432762e-16
116.72,"[0.06062, 0.0456, 0.41014]",0.0456,0.41014,-0.05172334025480741,-0.0478741148742629,-0.050475762324715706,0.15015764186093436,0.1389829987673404,0.14653580585560247,0.006554767064434263,0.006067005178480939,0.0063966594338993755,-0.12834018826584265,-0.11878911729508225,-0.12524460318712902,0.030565919631708356,0.028291218500835283,0.02982866323927035,-1.0950980208949605e-15,1.8122918198454457e-17,1.0043639033593483e-16
116.74,"[0.06062, 0.0456, 0.41014]",0.0456,0.41014,-0.05140259569429147,-0.0478741148742629,-0.05027369361606075,0.14922649027999418,0.1389829987673404,0.14594918115991717,0.00651411864756095,0.006067005178480939,0.006371050245489105,-0.1275443324027133,-0.11878911729508225,-0.12474321593715165,0.030376375577469302,0.028291218500835283,0.029709250709804843,-7.368320866145056e-16,1.8122918198454457e-17,4.363615466015427e-17
116.76,"[0.06062, 0.0456, 0.41014]",0.0456,0.41014,-0.05128970548648736,-0.0478741148742629,-0.050077355205116,0.14889875936811373,0.1389829987673404,0.14537919211142802,0.006499811805565143,0.006067005178480939,0.006346167421720864,-0.12726422075874919,-0.11878911729508225,-0.1242560469176564,0.030309663090704583,0.028291218500835283,0.02959322449877788,-7.111581791700489e-16,1.8122918198454457e-17,-2.13983517315612e-17
116.78,"[0.06062, 0.0456, 0.41014]",0.0456,0.41014,-0.051077029390010596,-0.0478741148742629,-0.04989295194538888,0.1482813406038728,0.1389829987673404,0.14484385204561842,0.0064728588231475264,0.006067005178480939,0.006322797491759871,-0.12673651294567911,-0.11878911729508225,-0.12379849182993903,0.03018398211723366,0.028291218500835283,0.02948425136316245,-5.842414728588956e-16,1.8122918198454457e-17,-9.080329347380528e-17
116.8,"[0.06062, 0.0456, 0.41014]",0.0456,0.41014,-0.05085205467552237,-0.0478741148742629,-0.0495556138838497,0.14762821777794694,0.1389829987673404,0.14386452811923667,0.006444347166491039,0.006067005178480939,0.006280046574667659,-0.1261782889386896,-0.11878911729508225,-0.12296146231418786,0.030051033273962698,0.028291218500835283,0.029284901371123523,-4.796007843836296e-16,1.8122918198454457e-17,-2.197325759644566e-16
116.82,"[0.06062, 0.0456, 0.41014]",0.0456,0.41014,-0.050620644296504404,-0.0478741148742629,-0.04924337408833129,0.14695641165137366,0.1389829987673404,0.14295806706429856,0.006415020016961311,0.006067005178480939,0.0062404771021736085,-0.12560409611683304,-0.11878911729508225,-0.12218670752860565,0.02991428127219914,0.028291218500835283,0.029100383194754154,-4.872092815492638e-16,1.8122918198454457e-17,-3.3932314419866803e-16
116.84,"[0.06062, 0.0456, 0.41014]",0.0456,0.41014,-0.05037271743520641,-0.0478741148742629,-0.04910434218428975,0.14623665670142288,0.1389829987673404,0.14255444474778403,0.006383599925536824,0.006067005178480939,0.006222858407832611,-0.12498892103368693,-0.11878911729508225,-0.12184172952156397,0.02976776884957149,0.028291218500835283,0.029018222253613314,-4.964154590362727e-16,1.8122918198454457e-17,-3.8704770210609154e-16
116.86,"[0.06062, 0.0456, 0.41014]",0.0456,0.41014,-0.05014423900887916,-0.0478741148742629,-0.04897802372367174,0.1455733624388287,0.1389829987673404,0.1421877308652898,0.006354644715882635,0.006067005178480939,0.0062068512299101744,-0.12442200267204502,-0.11878911729508225,-0.12152829662055094,0.02963274948104455,0.028291218500835283,0.028943574319948474,-4.447115921539151e-16,1.8122918198454457e-17,-4.307960015341205e-16
116.88,"[0.06062, 0.0456, 0.41014]",0.0456,0.41014,-0.04993402676612951,-0.0478741148742629,-0.04885749166015807,0.1449630966893877,0.1389829987673404,0.14183781548754965,0.0063280045957698275,0.006067005178480939,0.006191577514070768,-0.12390040748838403,-0.11878911729508225,-0.12122922116530438,0.029508524514468566,0.028291218500835283,0.028872345856825892,-4.1421732185058776e-16,1.8122918198454457e-17,-4.749999775798136e-16
116.9,"[0.06062, 0.0456, 0.41014]",0.0456,0.41014,-0.049718022953923705,-0.0478741148742629,-0.04864026812233619,0.14433601764332135,0.1389829987673404,0.14120719638506027,0.006300630995080535,0.006067005178480939,0.006164051956243704,-0.12336444112080448,-0.11878911729508225,-0.12069022460191686,0.02938087701256932,0.028291218500835283,0.028743977524270953,-4.508434059606241e-16,1.8122918198454457e-17,-5.414490875623648e-16
116.92,"[0.06062, 0.0456, 0.41014]",0.0456,0.41014,-0.04952248372644034,-0.0478741148742629,-0.048548546577740014,0.14376834926749715,0.1389829987673404,0.14094092085652665,0.006275851067747057,0.006067005178480939,0.006152430027426262,-0.12287925280388313,-0.11878911729508225,-0.12046263516745045,0.029265323058470107,0.028291218500835283,0.028689774634816985,-4.3725791905851173e-16,1.8122918198454457e-17,-5.632728911116313e-16
116.94,"[0.06062, 0.0456, 0.41014]",0.0456,0.41014,-0.04934569060718435,-0.0478741148742629,-0.048379849947305924,0.14325510266707023,0.1389829987673404,0.14045118024127956,0.006253447039841765,0.006067005178480939,0.00613105525738345,-0.12244057850711046,-0.11878911729508225,-0.12004404598477793,0.029160847118029267,0.028291218500835283,0.028590083275125525,-4.3471698284707473e-16,1.8122918198454457e-17,-5.996903686077645e-16
116.96,"[0.06062, 0.0456, 0.41014]",0.0456,0.41014,-0.049169550449054286,-0.0478741148742629,-0.04830776699504681,0.14274375188136906,0.1389829987673404,0.14024191748633127,0.00623112635207629,0.006067005178480939,0.006121922427519687,-0.12200352355063841,-0.11878911729508225,-0.11986518493699438,0.029056757037516645,0.028291218500835283,0.028547485811775564,-4.738406350816488e-16,1.8122918198454457e-17,-6.056677947782652e-16
116.98,"[0.06062, 0.0456, 0.41014]",0.0456,0.41014,-0.04901229905847926,-0.0478741148742629,-0.04824007824540604,0.14228723699433704,0.1389829987673404,0.1400454115298262,0.006211199557234401,0.006067005178480939,0.00611334652549829,-0.12161333671340295,-0.11878911729508225,-0.11969722705701004,0.028963829276329716,0.028291218500835283,0.028507485102666912,-4.736962193522738e-16,1.8122918198454457e-17,-6.103638759479943e-16
117.0,"[0.06062, 0.0456, 0.41014]",0.0456,0.41014,-0.048865577103978215,-0.0478741148742629,-0.048181042312771045,0.1418612901561553,0.1389829987673404,0.13987402553094744,0.006192607477328582,0.006067005178480939,0.0061058672563488745,-0.1212492758837488,-0.11878911729508225,-0.11955073913685697,0.028877123883336173,0.028291218500835283,0.02847259777665993,-4.748550146342263e-16,1.8122918198454457e-17,-6.065333161476571e-16
117.02,"[0.06062, 0.0456, 0.41014]",0.0456,0.41014,-0.04873551549363338,-0.0478741148742629,-0.04807794206869383,0.14148370987744072,0.1389829987673404,0.13957471756899573,0.006176126831466428,0.006067005178480939,0.006092806131226962,-0.12092655390690078,-0.11878911729508225,-0.11929491197050253,0.028800263923070075,0.028291218500835283,0.0284116706063286,-4.79149322599007e-16,1.8122918198454457e-17,-5.912000871211948e-16
117.04,"[0.06062, 0.0456, 0.41014]",0.0456,0.41014,-0.048614890382861445,-0.0478741148742629,-0.04803340279721411,0.14113352474358973,0.1389829987673404,0.1394454167431756,0.006160842372219542,0.006067005178480939,0.006087164056855419,-0.12062724608713504,-0.11878911729508225,-0.11918439425418816,0.02872898046021754,0.028291218500835283,0.02838535008462095,-5.06288637699795e-16,1.8122918198454457e-17,-5.774263136565159e-16
117.06,"[0.06062, 0.0456, 0.41014]",0.0456,0.41014,-0.04850440774157418,-0.0478741148742629,-0.047995418911417384,0.1408127842235817,0.1389829987673404,0.13933514679793027,0.006146843488413831,0.006067005178480939,0.006082352699849964,-0.12035310424394086,-0.11878911729508225,-0.11909014234026287,0.028663690688856578,0.028291218500835283,0.028362903469952305,-5.019557321376741e-16,1.8122918198454457e-17,-5.578578009035815e-16
117.08,"[0.06062, 0.0456, 0.41014]",0.0456,0.41014,-0.048363247806868445,-0.0478741148742629,-0.04793348866562525,0.14040298509939897,0.1389829987673404,0.1391553590992167,0.006128958134214601,0.006067005178480939,0.006074508799748403,-0.12000284170584302,-0.11878911729508225,-0.11893646974996806,0.028580272148816716,0.028291218500835283,0.028326305721281992,-5.030685572475131e-16,1.8122918198454457e-17,-5.113166722673783e-16
117.1,"[0.06062, 0.0456, 0.41014]",0.0456,0.41014,-0.04832027189274117,-0.0478741148742629,-0.04790866286374209,0.1402782224994234,0.1389829987673404,0.13908328823126712,0.006123513198739968,0.006067005178480939,0.006071364769347102,-0.11989620451291805,-0.11878911729508225,-0.11887486698411934,0.028554875506064555,0.028291218500835283,0.02831163488138315,-5.044901631360761e-16,1.8122918198454457e-17,-4.839439773940747e-16
117.12,"[0.06062, 0.0456, 0.41014]",0.0456,0.41014,-0.048244300499390366,-0.0478741148742629,-0.04788806439971077,0.1400576713666595,0.1389829987673404,0.13902348968204079,0.006113887956006455,0.006067005178480939,0.006068756361597171,-0.1197076946364399,-0.11878911729508225,-0.1188237535730217,0.028509980162968428,0.028291218500835283,0.028299462188990005,-4.937431175215308e-16,1.8122918198454457e-17,-4.547120373358178e-16
117.14,"[0.06062, 0.0456, 0.41014]",0.0456,0.41014,-0.048178469502204745,-0.0478741148742629,-0.047871129022214846,0.13986655871608297,0.1389829987673404,0.13897432537502963,0.006105547705882789,0.006067005178480939,0.0060666120625916175,-0.11954434604645654,-0.11878911729508225,-0.11878172946113169,0.028471077290230337,0.028291218500835283,0.02828945419975889,-4.823108561339744e-16,1.8122918198454457e-17,-4.2404565745303107e-16
117.161,"[0.06062, 0.0456, 0.41014]",0.0456,0.41014,-0.04812159899497309,-0.0478741148742629,-0.047857358134592756,0.13970145916898485,0.1389829987673404,0.13893434783598482,0.006098342916686161,0.006067005178480939,0.006064868680723678,-0.11940323107038225,-0.11878911729508225,-0.11874755749769858,0.02843746962207405,0.028291218500835283,0.028281316267952997,-4.696911765271121e-16,1.8122918198454457e-17,-3.9236870844005915e-16
117.181,"[0.06062, 0.0456, 0.41014]",0.0456,0.41014,-0.04804986744586815,-0.0478741148742629,-0.047835201480952445,0.13949321702943265,0.1389829987673404,0.1388700261813496,0.006089255925734448,0.006067005178480939,0.006062064124407704,-0.1192252400982656,-0.11878911729508225,-0.11869257590965478,0.02839507980375871,0.028291218500835283,0.02826822274618856,-4.481741002119647e-16,1.8122918198454457e-17,-3.280867781279068e-16
117.2,"[0.06062, 0.0456, 0.41014]",0.0456,0.41014,-0.04802937879690567,-0.0478741148742629,-0.047826562070413865,0.1394337369610474,0.1389829987673404,0.13884494570970582,0.006086660517775025,0.006067005178480939,0.006060970799000702,-0.11917440047069434,-0.11878911729508225,-0.11867113693175614,0.02838297201835108,0.028291218500835283,0.02826311726503593,-4.366819908644873e-16,1.8122918198454457e-17,-2.9581654906545436e-16
117.22,"[0.06062, 0.0456, 0.41014]",0.0456,0.41014,-0.047991621165816595,-0.0478741148742629,-0.047819003134393925,0.13932412386581533,0.1389829987673404,0.138823001932161,0.006081877866625838,0.006067005178480939,0.006060014332877711,-0.11908070991137192,-0.11878911729508225,-0.118652379010123,0.02836065910852742,0.028291218500835283,0.028258650291397024,-4.1739446789683914e-16,1.8122918198454457e-17,-2.6354505446307565e-16
117.24,"[0.06062, 0.0456, 0.41014]",0.0456,0.41014,-0.04795882373984084,-0.0478741148742629,-0.047808711740014866,0.13922891069849253,0.1389829987673404,0.13879312596118215,0.006077723791335117,0.006067005178480939,0.006058712686596439,-0.11899932704520233,-0.11878911729508225,-0.11862683953133385,0.02834127743327513,0.028291218500835283,0.028252568556815242,-3.8993249422951936e-16,1.8122918198454457e-17,-2.0103842186139582e-16
117.26,"[0.06062, 0.0456, 0.41014]",0.0456,0.41014,-0.04793072667196753,-0.0478741148742629,-0.047805561694787085,0.13914734308605994,0.1389829987673404,0.13878398147504112,0.006074165324917199,0.006067005178480939,0.006058314588441958,-0.1189296071713692,-0.11878911729508225,-0.11861902182099109,0.028324673436419597,0.028291218500835283,0.028250707022795547,-3.620910498018296e-16,1.8122918198454457e-17,-1.7140681669755571e-16
117.28,"[0.06062, 0.0456, 0.41014]",0.0456,0.41014,-0.04790722883036952,-0.0478741148742629,-0.047803719153811416,0.13907912738379116,0.1389829987673404,0.1387786327472531,0.006071189509944571,0.006067005178480939,0.006058082052050993,-0.11887129955379569,-0.11878911729508225,-0.11861444858880692,0.02831078735589529,0.028291218500835283,0.028249618160438517,-3.327529726952408e-16,1.8122918198454457e-17,-1.4336797884249872e-16
117.3,"[0.06062, 0.0456, 0.41014]",0.0456,0.41014,-0.04788772782050755,-0.0478741148742629,-0.04780244232510914,0.13902251478842242,0.1389829987673404,0.13877492631284716,0.006068720017345282,0.006067005178480939,0.006057921145283788,-0.11882290946641165,-0.11878911729508225,-0.11861127913576411,0.028299263206373125,0.028291218500835283,0.028248863606667514,-3.0469555519479186e-16,1.8122918198454457e-17,-1.161231403950754e-16
117.32,"[0.06062, 0.0456, 0.41014]",0.0456,0.41014,-0.04787152357637867,-0.0478741148742629,-0.04780215944802838,0.1389754729781362,0.1389829987673404,0.13877410536708976,0.006066668227780646,0.006067005178480939,0.0060578860719196345,-0.11878269970865556,-0.11878911729508225,-0.11861057613795638,0.02828968728243155,0.028291218500835283,0.02824869643046668,-2.754034482603165e-16,1.8122918198454457e-17,-9.068223281587602e-17
117.34,"[0.06062, 0.0456, 0.41014]",0.0456,0.41014,-0.04785834439198941,-0.0478741148742629,-0.04780356720024552,0.13893721313211085,0.1389829987673404,0.13877819264680966,0.006064999614295492,0.006067005178480939,0.006058065737289562,-0.11874999623528937,-0.11878911729508225,-0.11861406737304421,0.02828189902056072,0.028291218500835283,0.028249528325762312,-2.477797116288617e-16,1.8122918198454457e-17,-4.436564867442705e-17
117.36,"[0.06062, 0.0456, 0.41014]",0.0456,0.41014,-0.04784785774508348,-0.0478741148742629,-0.047805028273462204,0.13890676993317733,0.1389829987673404,0.13878243445347202,0.006063672110264678,0.006067005178480939,0.006058251395561169,-0.11872397386112636,-0.11878911729508225,-0.11861769199755029,0.02827570191572213,0.028291218500835283,0.028250391740904778,-2.1910603361357203e-16,1.8122918198454457e-17,-2.3644482657646494e-17
117.38,"[0.06062, 0.0456, 0.41014]",0.0456,0.41014,-0.047836303363401535,-0.0478741148742629,-0.04780673579407182,0.13887322715689576,0.1389829987673404,0.13878739170299717,0.006062209736979504,0.006067005178480939,0.006058468237949704,-0.1186953015084821,-0.11878911729508225,-0.11862192819498674,0.028268873827113093,0.028291218500835283,0.028251400794798907,-1.7840508405846613e-16,1.8122918198454457e-17,-3.812434558327823e-18
117.4,"[0.06062, 0.0456, 0.41014]",0.0456,0.41014,-0.0478333466064679,-0.0478741148742629,-0.04780883979084927,0.1388646436115456,0.1389829987673404,0.13879349992659867,0.006061835585042051,0.006067005178480939,0.006058735231163147,-0.11868796417979854,-0.11878911729508225,-0.11862714829441572,0.028267126523882996,0.028291218500835283,0.0282526441475732,-1.665165903967281e-16,1.8122918198454457e-17,1.3935972421168602e-17
117.42,"[0.06062, 0.0456, 0.41014]",0.0456,0.41014,-0.047828690311498945,-0.0478741148742629,-0.0478137722849037,0.13885112631148078,0.1389829987673404,0.13880781959465816,0.006061246513938423,0.006067005178480939,0.006059360829492845,-0.11867640916664145,-0.11878911729508225,-0.11863938647027779,0.028264374872386668,0.028291218500835283,0.028255558999446467,-1.4247939455185545e-16,1.8122918198454457e-17,4.481699624829864e-17
117.44,"[0.06062, 0.0456, 0.41014]",0.0456,0.41014,-0.04782562840149453,-0.0478741148742629,-0.04781647026850339,0.13884223761791992,0.1389829987673404,0.13881565215019936,0.00606085937987694,0.006067005178480939,0.006059702907348303,-0.11866881043571517,-0.11878911729508225,-0.11864608068787642,0.02826256542452406,0.028291218500835283,0.028257153371299287,-1.1790400074856106e-16,1.8122918198454457e-17,5.791074725039291e-17
117.46,"[0.06062, 0.0456, 0.41014]",0.0456,0.41014,-0.04782364553770122,-0.0478741148742629,-0.047819234222587374,0.13883648144912997,0.1389829987673404,0.13882367621322902,0.006060608859224574,0.006067005178480939,0.006060053314398782,-0.11866388930910723,-0.11878911729508225,-0.11865293864095727,0.028261393640947135,0.028291218500835283,0.028258786728822847,-9.675295108684486e-17,1.8122918198454457e-17,7.022389605225875e-17
117.48,"[0.06062, 0.0456, 0.41014]",0.0456,0.41014,-0.04782280738782883,-0.0478741148742629,-0.04782206708225474,0.13883404845438477,0.1389829987673404,0.13883190029512096,0.006060503301844235,0.006067005178480939,0.006060412395621903,-0.11866180868722372,-0.11878911729508225,-0.11865996765062758,0.028260898327646056,0.028291218500835283,0.028260460806860163,-7.670822132193284e-17,1.8122918198454457e-17,8.070581452203895e-17
117.5,"[0.06062, 0.0456, 0.41014]",0.0456,0.41014,-0.047822666729769175,-0.0478741148742629,-0.04782492615045474,0.138833640304201,0.1389829987673404,0.13884020044540998,0.006060486025799259,0.006067005178480939,0.006060774748724064,-0.11866145889533516,-0.11878911729508225,-0.11866706176126728,0.028260815198699264,0.028291218500835283,0.028262150373469335,-5.875556806904888e-17,1.8122918198454457e-17,8.962549591551906e-17
117.52,"[0.06062, 0.0456, 0.41014]",0.0456,0.41014,-0.04782309601969891,-0.0478741148742629,-0.047827776351707714,0.13883488673110725,0.1389829987673404,0.13884847483947627,0.006060540879292894,0.006067005178480939,0.006061135936476652,-0.11866252344492689,-0.11878911729508225,-0.11867413392965467,0.02826106888190811,0.028291218500835283,0.02826383470068781,-4.27627186631497e-17,1.8122918198454457e-17,9.712907286765131e-17
117.54,"[0.06062, 0.0456, 0.41014]",0.0456,0.41014,-0.04782398528278019,-0.0478741148742629,-0.04783056575339659,0.13883746847177406,0.1389829987673404,0.138856572709358,0.00606065393629633,0.006067005178480939,0.006061489369717137,-0.11866472944208961,-0.11878911729508225,-0.11868105530750453,0.028261594387478793,0.028291218500835283,0.028265483099024605,-2.8593063630502145e-17,1.8122918198454457e-17,1.0283984242761954e-16
117.56,"[0.06062, 0.0456, 0.41014]",0.0456,0.41014,-0.04782498452604487,-0.0478741148742629,-0.04783056575339659,0.13884036946870212,0.1389829987673404,0.138856572709358,0.0060607808557930935,0.006067005178480939,0.006061489369717137,-0.11866720843757642,-0.11878911729508225,-0.11868105530750453,0.028262184886824734,0.028291218500835283,0.028265483099024605,-1.6499872598598832e-17,1.8122918198454457e-17,1.0283984242761954e-16
117.58,"[0.06062, 0.0456, 0.41014]",0.0456,0.41014,-0.04782604495924191,-0.0478741148742629,-0.047833299552059984,0.13884344808450458,0.1389829987673404,0.13886450914958906,0.006060915469580718,0.006067005178480939,0.006061835731159096,-0.11866983934792623,-0.11878911729508225,-0.11868783875458512,0.028262811547145248,0.028291218500835283,0.028267098639065798,-7.512703950431986e-18,1.8122918198454457e-17,1.0750661379746561e-16
117.6,"[0.06062, 0.0456, 0.41014]",0.0456,0.41014,-0.04782742333187708,-0.0478741148742629,-0.04783593397531692,0.13884744968694762,0.1389829987673404,0.138872157083686,0.006061090315420069,0.006067005178480939,0.006062169470195213,-0.11867325924025557,-0.11878911729508225,-0.11869437566416992,0.028263626094612675,0.028291218500835283,0.02826865545355704,1.6709221313892297e-18,1.8122918198454457e-17,1.1090198341256276e-16
117.62,"[0.06062, 0.0456, 0.41014]",0.0456,0.41014,-0.04782904035413045,-0.0478741148742629,-0.047838484710746726,0.13885214409240515,0.1389829987673404,0.13887956205945018,0.006061295350967306,0.006067005178480939,0.0060624925899608,-0.11867727136586333,-0.11878911729508225,-0.11870070494014744,0.028264581672814655,0.028291218500835283,0.028270162812883623,9.606848353114128e-18,1.8122918198454457e-17,1.1353497818516912e-16
117.64,"[0.06062, 0.0456, 0.41014]",0.0456,0.41014,-0.047830834781887425,-0.0478741148742629,-0.04784089297571693,0.138857353506221,0.1389829987673404,0.13888655342546027,0.006061522822516454,0.006067005178480939,0.006062797641080311,-0.11868172375004117,-0.11878911729508225,-0.11870668072623877,0.02826564208943031,0.028291218500835283,0.02827158597943557,1.6410433825895165e-17,1.8122918198454457e-17,1.1524708944536618e-16
117.66,"[0.06062, 0.0456, 0.41014]",0.0456,0.41014,-0.04783252909486753,-0.0478741148742629,-0.04784320696226297,0.13886227226801276,0.1389829987673404,0.13889327109045857,0.0060617375795830935,0.006067005178480939,0.006063090738781447,-0.11868592775983433,-0.11878911729508225,-0.11871242258915035,0.028266643343544163,0.028291218500835283,0.02827295343220503,2.2183593553945978e-17,1.8122918198454457e-17,1.1641666634328727e-16
117.68,"[0.06062, 0.0456, 0.41014]",0.0456,0.41014,-0.047834349630883385,-0.0478741148742629,-0.047845419646983856,0.13886755745450516,0.1389829987673404,0.13889969466583862,0.006061968297178334,0.006067005178480939,0.006063370995782576,-0.11869044501480609,-0.11878911729508225,-0.11871791309790365,0.028267719189643003,0.028291218500835283,0.02827426102067603,2.7052094989274886e-17,1.8122918198454457e-17,1.1711451987071284e-16
117.7,"[0.06062, 0.0456, 0.41014]",0.0456,0.41014,-0.04783625379231748,-0.0478741148742629,-0.04784752637675353,0.1388730854029518,0.1389829987673404,0.1389058106439689,0.006062209582924053,0.006067005178480939,0.006063637824747079,-0.11869516980987055,-0.11878911729508225,-0.11872314070345642,0.028268844454579438,0.028291218500835283,0.028275505995052668,3.107795449614806e-17,1.8122918198454457e-17,1.1740783766478983e-16
117.72,"[0.06062, 0.0456, 0.41014]",0.0456,0.41014,-0.047838205977681014,-0.0478741148742629,-0.047849524479431346,0.13887875276079087,0.1389829987673404,0.13891161126806445,0.006062456930404963,0.006067005178480939,0.0060638908889932815,-0.11870001380021568,-0.11878911729508225,-0.11872809877270367,0.028269998099577996,0.028291218500835283,0.028276686776207823,3.434617352488836e-17,1.8122918198454457e-17,1.173580148922208e-16
117.74,"[0.06062, 0.0456, 0.41014]",0.0456,0.41014,-0.04784017666377254,-0.0478741148742629,-0.04785141292564465,0.13888447382108193,0.1389829987673404,0.13891709355032503,0.006062706602896222,0.006067005178480939,0.00606413005967429,-0.11870490372381964,-0.11878911729508225,-0.11873278474920633,0.028271162677836234,0.028291218500835283,0.028277802755812962,3.694912610059157e-17,1.8122918198454457e-17,1.1701981945838354e-16
117.76,"[0.06062, 0.0456, 0.41014]",0.0456,0.41014,-0.04784214159336909,-0.0478741148742629,-0.04785141292564465,0.1388901781643125,0.1389829987673404,0.13891709355032503,0.006062955530464672,0.006067005178480939,0.00606413005967429,-0.11870977938582127,-0.11878911729508225,-0.11873278474920633,0.028272323854489887,0.028291218500835283,0.028277802755812962,3.897615048227046e-17,1.8122918198454457e-17,1.1701981945838354e-16
117.78,"[0.06062, 0.0456, 0.41014]",0.0456,0.41014,-0.047843903146501804,-0.0478741148742629,-0.04785314044659822,0.13889529208773352,0.1389829987673404,0.13892210865394236,0.0060631786871586405,0.006067005178480939,0.006064348843172895,-0.11871415040992726,-0.11878911729508225,-0.1187370714155962,0.028273364845743817,0.028291218500835283,0.028278823636516487,3.9788001069027615e-17,1.8122918198454457e-17,1.1637415222850003e-16
117.8,"[0.06062, 0.0456, 0.41014]",0.0456,0.41014,-0.04784565823352016,-0.0478741148742629,-0.04785477013751648,0.13890038723539122,0.1389829987673404,0.13892683974960107,0.006063401012943678,0.006067005178480939,0.006064555233710912,-0.11871850540606763,-0.11878911729508225,-0.11874111533128977,0.028274402015993155,0.028291218500835283,0.028279786704477047,4.106389018560857e-17,1.8122918198454457e-17,1.1554102431324004e-16
117.82,"[0.06062, 0.0456, 0.41014]",0.0456,0.41014,-0.047847389495279544,-0.0478741148742629,-0.04785630286662509,0.1389054132131691,0.1389829987673404,0.13893128935813678,0.006063620311031986,0.006067005178480939,0.006064749342158311,-0.118722801296923,-0.11878911729508225,-0.11874491864940451,0.02827542510680762,0.028291218500835283,0.028280692472762017,4.191130260362323e-17,1.8122918198454457e-17,1.1455927376266584e-16
117.84,"[0.06062, 0.0456, 0.41014]",0.0456,0.41014,-0.04784908303583529,-0.0478741148742629,-0.047857740366644856,0.13891032968079106,0.1389829987673404,0.138935462510018,0.006063834823088711,0.006067005178480939,0.006064931388722927,-0.11872700359895764,-0.11878911729508225,-0.11874848566842264,0.028276425906341492,0.028291218500835283,0.02828154196531515,4.2382713708219926e-17,1.8122918198454457e-17,1.1346244732050994e-16
117.86,"[0.06062, 0.0456, 0.41014]",0.0456,0.41014,-0.0478507279286892,-0.0478741148742629,-0.04785908505654752,0.13891510491842232,0.1389829987673404,0.13893936622789707,0.006064043166702103,0.006067005178480939,0.006065101680391465,-0.11873108519721905,-0.11878911729508225,-0.11875182238987521,0.028277397957549008,0.028291218500835283,0.028282336611622758,4.2537104097581865e-17,1.8122918198454457e-17,1.1228237055255399e-16
117.88,"[0.06062, 0.0456, 0.41014]",0.0456,0.41014,-0.047852315782982366,-0.0478741148742629,-0.04786029803712865,0.13891971456730084,0.1389829987673404,0.13894288758505885,0.006064244280446126,0.006067005178480939,0.006065255291189359,-0.1187350252688868,-0.11878911729508225,-0.11875483228872799,0.02827833630182556,0.028291218500835283,0.02828305342414475,4.2417841858608464e-17,1.8122918198454457e-17,1.1104826522984073e-16
117.9,"[0.06062, 0.0456, 0.41014]",0.0456,0.41014,-0.04785372324301788,-0.0478741148742629,-0.04786143270150037,0.1389238005186085,0.1389829987673404,0.13894618158528765,0.0060644225436584705,0.006067005178480939,0.006065398983623241,-0.11873851771682299,-0.11878911729508225,-0.1187576478538323,0.028279168041941753,0.028291218500835283,0.028283723955602382,4.227082404401943e-17,1.8122918198454457e-17,1.097753745581594e-16
117.92,"[0.06062, 0.0456, 0.41014]",0.0456,0.41014,-0.04785508592033613,-0.0478741148742629,-0.04786143270150037,0.13892775646133532,0.1389829987673404,0.13894618158528765,0.006064595131075813,0.006067005178480939,0.006065398983623241,-0.11874189904705844,-0.11878911729508225,-0.1187576478538323,0.028279973317708623,0.028291218500835283,0.028283723955602382,4.1896991134946424e-17,1.8122918198454457e-17,1.097753745581594e-16
117.94,"[0.06062, 0.0456, 0.41014]",0.0456,0.41014,-0.047856291808757605,-0.0478741148742629,-0.047862456225757515,0.1389312572349651,0.1389829987673404,0.13894915293888674,0.006064747859204224,0.006067005178480939,0.006065528601234922,-0.11874489132540815,-0.11878911729508225,-0.11876018763523882,0.028280685938910984,0.028291218500835283,0.028284328808660057,4.102182314131611e-17,1.8122918198454457e-17,1.085009271157944e-16
117.96,"[0.06062, 0.0456, 0.41014]",0.0456,0.41014,-0.04785746304798762,-0.0478741148742629,-0.04786338279380748,0.1389346574187888,0.1389829987673404,0.13895184282273612,0.006064896196333354,0.006067005178480939,0.0060656459406182,-0.11874779762933894,-0.11878911729508225,-0.1187624868284931,0.028281378084165844,0.028291218500835283,0.02828487636531255,4.0517018609806855e-17,1.8122918198454457e-17,1.0723857528433594e-16
117.981,"[0.06062, 0.0456, 0.41014]",0.0456,0.41014,-0.04785899224709287,-0.0478741148742629,-0.04786425141678793,0.13893909678277855,0.1389829987673404,0.13895436448858667,0.006065089867044113,0.006067005178480939,0.0060657559421690545,-0.11875159217487738,-0.11878911729508225,-0.11876464223603164,0.02828228176627138,0.028291218500835283,0.028285389679243902,3.957593112408941e-17,1.8122918198454457e-17,1.0597767393017754e-16
118.0,"[0.06062, 0.0456, 0.41014]",0.0456,0.41014,-0.04785951816406228,-0.0478741148742629,-0.04786425141678793,0.13894062355340056,0.1389829987673404,0.13895436448858667,0.006065156472526303,0.006067005178480939,0.0060657559421690545,-0.11875289718365768,-0.11878911729508225,-0.11876464223603164,0.028282592557569975,0.028291218500835283,0.028285389679243902,3.9402892457360737e-17,1.8122918198454457e-17,1.0597767393017754e-16
118.02,"[0.06062, 0.0456, 0.41014]",0.0456,0.41014,-0.04786041748208038,-0.0478741148742629,-0.04786503729322711,0.13894323433116462,0.1389829987673404,0.1389566459363662,0.006065270367902772,0.006067005178480939,0.006065855465404245,-0.11875512874867131,-0.11878911729508225,-0.11876659231480005,0.028283124010690584,0.028291218500835283,0.028285854093986162,3.842234001256484e-17,1.8122918198454457e-17,1.0476020984463656e-16
118.041,"[0.06062, 0.0456, 0.41014]",0.0456,0.41014,-0.04786160579490959,-0.0478741148742629,-0.04786575455954339,0.13894668407901606,0.1389829987673404,0.1389587282049603,0.0060654208624432914,0.006067005178480939,0.006065946300531466,-0.11875807742593313,-0.11878911729508225,-0.1187683721430325,0.028283826245673178,0.028291218500835283,0.028286277963475173,3.744916014254185e-17,1.8122918198454457e-17,1.0357855413542876e-16
118.06,"[0.06062, 0.0456, 0.41014]",0.0456,0.41014,-0.047862020671372914,-0.0478741148742629,-0.04786642752498138,0.13894788849165166,0.1389829987673404,0.13896068186555088,0.006065473404221953,0.006067005178480939,0.006066031525912967,-0.11875910690030786,-0.11878911729508225,-0.11877004204206329,0.0282840714174547,0.028291218500835283,0.02828667565329385,3.723839124021068e-17,1.8122918198454457e-17,1.0242415404488253e-16
118.08,"[0.06062, 0.0456, 0.41014]",0.0456,0.41014,-0.047862797406669086,-0.0478741148742629,-0.0478670797137217,0.1389501434033177,0.1389829987673404,0.1389625752101944,0.006065571773202455,0.006067005178480939,0.0060661141203875715,-0.11876103429139151,-0.11878911729508225,-0.11877166038531019,0.02828453043018298,0.028291218500835283,0.028287061065091792,3.647381186817392e-17,1.8122918198454457e-17,1.0129777531688347e-16
118.1,"[0.06062, 0.0456, 0.41014]",0.0456,0.41014,-0.047863552348022434,-0.0478741148742629,-0.047867689259528876,0.13895233504568505,0.1389829987673404,0.13896434475996366,0.0060656673818085104,0.006067005178480939,0.006066191315113111,-0.11876290760340671,-0.11878911729508225,-0.11877317291334157,0.028284976563756368,0.028291218500835283,0.028287421276983873,3.563637411014613e-17,1.8122918198454457e-17,1.0021032169012726e-16
118.121,"[0.06062, 0.0456, 0.41014]",0.0456,0.41014,-0.04786462407783042,-0.0478741148742629,-0.04786823631292702,0.13895544634483525,0.1389829987673404,0.13896593289070638,0.0060658031094613435,0.006067005178480939,0.00606626059664201,-0.11876556699484961,-0.11878911729508225,-0.11877453037113629,0.02828560990388137,0.028291218500835283,0.028287744558891867,3.4147547686889045e-17,1.8122918198454457e-17,9.91834798788742e-17
118.14,"[0.06062, 0.0456, 0.41014]",0.0456,0.41014,-0.04786531040249879,-0.0478741148742629,-0.047868744315691034,0.1389574387886294,0.1389829987673404,0.13896740765523072,0.006065890028169513,0.006067005178480939,0.006066324933321914,-0.11876727004140693,-0.11878911729508225,-0.11877579092770867,0.0282860154883359,0.028291218500835283,0.028288044763768314,3.320125603074371e-17,1.8122918198454457e-17,9.820975813405158e-17
118.16,"[0.06062, 0.0456, 0.41014]",0.0456,0.41014,-0.04786565379381796,-0.0478741148742629,-0.047868744315691034,0.13895843567533084,0.1389829987673404,0.13896740765523072,0.006065933516654908,0.006067005178480939,0.006066324933321914,-0.11876812213270173,-0.11878911729508225,-0.11877579092770867,0.02828621841588046,0.028291218500835283,0.028288044763768314,3.2814412695600876e-17,1.8122918198454457e-17,9.820975813405158e-17
118.18,"[0.06062, 0.0456, 0.41014]",0.0456,0.41014,-0.047866240992973985,-0.0478741148742629,-0.04786921512112888,0.13896014035159066,0.1389829987673404,0.13896877443378947,0.006066007881966048,0.006067005178480939,0.006066384559814143,-0.11876957920881562,-0.11878911729508225,-0.1187769591819273,0.028286565421981682,0.028291218500835283,0.028288322986828585,3.174712407700616e-17,1.8122918198454457e-17,9.729227964171353e-17
118.2,"[0.06062, 0.0456, 0.41014]",0.0456,0.41014,-0.04786680607732345,-0.0478741148742629,-0.047869636703573096,0.13896178082728708,0.1389829987673404,0.13896999831517212,0.006066079446901085,0.006067005178480939,0.00606643795331543,-0.11877098140876964,-0.11878911729508225,-0.11877800529304762,0.028286899359305135,0.028291218500835283,0.02828857212148667,3.090925263810936e-17,1.8122918198454457e-17,9.645974515180488e-17
118.22,"[0.06062, 0.0456, 0.41014]",0.0456,0.41014,-0.04786734389631088,-0.0478741148742629,-0.04787002764118488,0.13896334215006376,0.1389829987673404,0.13897113323283394,0.006066147559263773,0.006067005178480939,0.006066487466296907,-0.1187723159518451,-0.11878911729508225,-0.11877897536141041,0.028287217184122155,0.028291218500835283,0.028288803146535372,3.0054901326190795e-17,1.8122918198454457e-17,9.567861673920932e-17
118.24,"[0.06062, 0.0456, 0.41014]",0.0456,0.41014,-0.047867853807836966,-0.0478741148742629,-0.047870376029917665,0.1389648224558687,0.1389829987673404,0.1389721446286166,0.006066212137744068,0.006067005178480939,0.006066531591298091,-0.11877358124472513,-0.11878911729508225,-0.1187798398481461,0.028287518516983214,0.028291218500835283,0.02828900902726147,2.923307607944679e-17,1.8122918198454457e-17,9.497980668145703e-17
118.26,"[0.06062, 0.0456, 0.41014]",0.0456,0.41014,-0.047868301675046354,-0.0478741148742629,-0.047870699497702014,0.13896612264314906,0.1389829987673404,0.13897308367741906,0.006066268858813194,0.006067005178480939,0.006066572560515448,-0.1187746925806316,-0.11878911729508225,-0.11878064249559861,0.02828778318467327,0.028291218500835283,0.0282892001809169,2.8506226943012526e-17,1.8122918198454457e-17,9.432532695621737e-17
118.28,"[0.06062, 0.0456, 0.41014]",0.0456,0.41014,-0.04786872814925032,-0.0478741148742629,-0.047870999234919796,0.13896736072534696,0.1389829987673404,0.13897395383497443,0.006066322871051064,0.006067005178480939,0.006066610524644961,-0.11877575083126729,-0.11878911729508225,-0.11878138625766532,0.028288035210133095,0.028291218500835283,0.028289377310960116,2.77915208709101e-17,1.8122918198454457e-17,9.371494139119504e-17
118.3,"[0.06062, 0.0456, 0.41014]",0.0456,0.41014,-0.04786913267917795,-0.0478741148742629,-0.04787127646262772,0.138968535102075,0.1389829987673404,0.13897475864606768,0.006066374104606287,0.006067005178480939,0.006066645638269901,-0.1187767546287596,-0.11878911729508225,-0.11878207416435663,0.02828827426758887,0.028291218500835283,0.028289541138976887,2.709025890574648e-17,1.8122918198454457e-17,9.314832538371761e-17
118.32,"[0.06062, 0.0456, 0.41014]",0.0456,0.41014,-0.04786951504753974,-0.0478741148742629,-0.04787127646262772,0.13896964514251378,0.1389829987673404,0.13897475864606768,0.006066422531920198,0.006067005178480939,0.006066645638269901,-0.11877770343398353,-0.11878911729508225,-0.11878207416435663,0.02828850022863364,0.028291218500835283,0.028289541138976887,2.641935460141245e-17,1.8122918198454457e-17,9.314832538371761e-17
118.34,"[0.06062, 0.0456, 0.41014]",0.0456,0.41014,-0.04786984971640653,-0.0478741148742629,-0.04787152261282065,0.13897061670826788,0.1389829987673404,0.13897547323723886,0.0060664649182710206,0.006067005178480939,0.006066676816303939,-0.11877853387781699,-0.11878911729508225,-0.1187826849550213,0.0282886980016014,0.028291218500835283,0.02828968660169348,2.5699878039751066e-17,1.8122918198454457e-17,9.264895198346372e-17
118.36,"[0.06062, 0.0456, 0.41014]",0.0456,0.41014,-0.04787016756672525,-0.0478741148742629,-0.04787175063337221,0.13897153944885102,0.1389829987673404,0.13897613519694274,0.006066505175041383,0.006067005178480939,0.006066705698403473,-0.11877932258754839,-0.11878911729508225,-0.1187832507586797,0.028288885835621436,0.028291218500835283,0.028289821350674052,2.513479186745162e-17,1.8122918198454457e-17,9.218619160964866e-17
118.382,"[0.06062, 0.0456, 0.41014]",0.0456,0.41014,-0.04787059657778662,-0.0478741148742629,-0.04787196146742086,0.13897278489669623,0.1389829987673404,0.1389767472631537,0.006066559511372938,0.006067005178480939,0.006066732403965717,-0.11878038712914585,-0.11878911729508225,-0.11878377391570061,0.028289139360204326,0.028291218500835283,0.028289945943268068,2.4317303429397547e-17,1.8122918198454457e-17,9.17589603045659e-17
118.4,"[0.06062, 0.0456, 0.41014]",0.0456,0.41014,-0.04787073306675,-0.0478741148742629,-0.04787214964374679,0.13897318113338328,0.1389829987673404,0.1389772935525621,0.0060665767986026785,0.006067005178480939,0.006066756240056307,-0.11878072581046593,-0.11878911729508225,-0.11878424084985004,0.028289220018512033,0.028291218500835283,0.02829005714625158,2.413906059224093e-17,1.8122918198454457e-17,9.138024475903601e-17
118.42,"[0.06062, 0.0456, 0.41014]",0.0456,0.41014,-0.04787098528051004,-0.0478741148742629,-0.04787214964374679,0.13897391332705925,0.1389829987673404,0.1389772935525621,0.006066608743374848,0.006067005178480939,0.006066756240056307,-0.11878135164893808,-0.11878911729508225,-0.11878424084985004,0.028289369064516564,0.028291218500835283,0.02829005714625158,2.3685864084141997e-17,1.8122918198454457e-17,9.138024475903601e-17
118.442,"[0.06062, 0.0456, 0.41014]",0.0456,0.41014,-0.047871206509525116,-0.0478741148742629,-0.04787231730703478,0.13897455556998348,0.1389829987673404,0.13897778029129795,0.006066636763888673,0.006067005178480939,0.006066777478214693,-0.11878190060217393,-0.11878911729508225,-0.1187846568830518,0.028289499800048756,0.028291218500835283,0.02829015622702976,2.3218356107366252e-17,1.8122918198454457e-17,9.104732265271452e-17
118.46,"[0.06062, 0.0456, 0.41014]",0.0456,0.41014,-0.047871417561051934,-0.0478741148742629,-0.04787247295838971,0.13897516826711181,0.1389829987673404,0.13897823215860694,0.006066663495754783,0.006067005178480939,0.006066797195058551,-0.1187824243006034,-0.11878911729508225,-0.11878504310994531,0.0282896245211777,0.028291218500835283,0.0282902482093415,2.2832813814830415e-17,1.8122918198454457e-17,9.073754469996057e-17
118.48,"[0.06062, 0.0456, 0.41014]",0.0456,0.41014,-0.04787161808654608,-0.0478741148742629,-0.04787261717433016,0.1389757504065746,0.1389829987673404,0.13897865082814864,0.006066688894766677,0.006067005178480939,0.006066815463571153,-0.11878292187944098,-0.11878911729508225,-0.11878540096114569,0.028289743021931355,0.028291218500835283,0.02829033343388158,2.247589445964819e-17,1.8122918198454457e-17,9.045168414810837e-17
118.5,"[0.06062, 0.0456, 0.41014]",0.0456,0.41014,-0.04787180791322505,-0.0478741148742629,-0.04787275054562188,0.13897630148675247,0.1389829987673404,0.1389790380149447,0.006066712938983721,0.006067005178480939,0.006066832358545018,-0.11878339291002758,-0.11878911729508225,-0.11878573190261389,0.028289855200204415,0.028291218500835283,0.0282904122497641,2.2129817126190822e-17,1.8122918198454457e-17,9.018813828376152e-17
118.521,"[0.06062, 0.0456, 0.41014]",0.0456,0.41014,-0.04787207567888206,-0.0478741148742629,-0.04787287366839641,0.13897707882946989,0.1389829987673404,0.1389793954495957,0.006066746855876354,0.006067005178480939,0.006066847955456731,-0.11878405733533998,-0.11878911729508225,-0.1187860374136192,0.02829001343658973,0.028291218500835283,0.028290485009274016,2.1671416447663968e-17,1.8122918198454457e-17,8.994552473029388e-17
118.54,"[0.06062, 0.0456, 0.41014]",0.0456,0.41014,-0.04787215547783349,-0.0478741148742629,-0.047872987136856025,0.1389773104915239,0.1389829987673404,0.13897972485710278,0.006066756963805104,0.006067005178480939,0.006066862329542666,-0.1187842553458324,-0.11878911729508225,-0.11878631896863778,0.028290060593859485,0.028291218500835283,0.028290552063556136,2.1486668397472437e-17,1.8122918198454457e-17,8.972376089602512e-17
118.56,"[0.06062, 0.0456, 0.41014]",0.0456,0.41014,-0.04787231349304775,-0.0478741148742629,-0.04787309153734857,0.13897776922106272,0.1389829987673404,0.13898002793966652,0.00606677697943947,0.006067005178480939,0.006066875555048198,-0.11878464743922805,-0.11878911729508225,-0.11878657802265048,0.028290153973104377,0.028291218500835283,0.028290613759113632,2.118656123612846e-17,1.8122918198454457e-17,8.952192784869459e-17
118.58,"[0.06062, 0.0456, 0.41014]",0.0456,0.41014,-0.04787246132146491,-0.0478741148742629,-0.04787318354722717,0.13897819837767605,0.1389829987673404,0.1389802950513987,0.006066795704949369,0.006067005178480939,0.0060668872110818195,-0.11878501425514096,-0.11878911729508225,-0.11878680633097959,0.02829024133244865,0.028291218500835283,0.028290668132425298,2.0906837075627194e-17,1.8122918198454457e-17,8.934989495073354e-17
118.6,"[0.06062, 0.0456, 0.41014]",0.0456,0.41014,-0.04787264959184636,-0.0478741148742629,-0.04787326838229409,0.1389787449403168,0.1389829987673404,0.13898054133413823,0.006066819553473048,0.006067005178480939,0.00606689795829472,-0.11878548142193938,-0.11878911729508225,-0.11878701683597515,0.028290352591007716,0.028291218500835283,0.028290718265774926,2.0541677783934065e-17,1.8122918198454457e-17,8.919288275219999e-17
118.62,"[0.06062, 0.0456, 0.41014]",0.0456,0.41014,-0.04787271147089116,-0.0478741148742629,-0.04787334647292953,0.13897892457974043,0.1389829987673404,0.13898076803730403,0.006066827391925817,0.006067005178480939,0.006066907851186188,-0.11878563496600754,-0.11878911729508225,-0.11878721060559101,0.028290389158485786,0.028291218500835283,0.02829076441349634,2.0450171120576286e-17,1.8122918198454457e-17,8.904983453970196e-17
118.64,"[0.06062, 0.0456, 0.41014]",0.0456,0.41014,-0.04787282509312127,-0.0478741148742629,-0.047873418241200984,0.13897925443347142,0.1389829987673404,0.13898097638618354,0.0060668417849693,0.006067005178480939,0.006066916943205414,-0.11878591690332548,-0.11878911729508225,-0.11878738868715003,0.028290456303645392,0.028291218500835283,0.02829080682501091,2.0241570622590074e-17,1.8122918198454457e-17,8.892004958308987e-17
118.66,"[0.06062, 0.0456, 0.41014]",0.0456,0.41014,-0.047872931332112005,-0.0478741148742629,-0.04787348710832087,0.13897956285316648,0.1389829987673404,0.1389811763128062,0.006066855242896681,0.006067005178480939,0.006066925667724184,-0.11878618051997451,-0.11878911729508225,-0.118787559569914,0.02829051908567108,0.028291218500835283,0.02829084752208732,2.0066797232385402e-17,1.8122918198454457e-17,8.879704763971004e-17
118.68,"[0.06062, 0.0456, 0.41014]",0.0456,0.41014,-0.047873036929591724,-0.0478741148742629,-0.047873549872512085,0.1389798694105768,0.1389829987673404,0.13898135852217067,0.0060668686197581775,0.006067005178480939,0.006066933619142347,-0.11878644254452558,-0.11878911729508225,-0.1187877153091543,0.028290581488592696,0.028291218500835283,0.028290884612632704,1.987033979873102e-17,1.8122918198454457e-17,8.868398250793089e-17
118.7,"[0.06062, 0.0456, 0.41014]",0.0456,0.41014,-0.047873134388746574,-0.0478741148742629,-0.04787366155711228,0.13898015234185854,0.1389829987673404,0.13898168275135547,0.006066880965785444,0.006067005178480939,0.006066947768263711,-0.11878668437486757,-0.11878911729508225,-0.11878799243635421,0.028290639082162818,0.028291218500835283,0.028290950612728613,1.968862751462244e-17,1.8122918198454457e-17,8.848688611854963e-17
118.72,"[0.06062, 0.0456, 0.41014]",0.0456,0.41014,-0.04787322964052442,-0.0478741148742629,-0.04787371081485352,0.1389804288650104,0.1389829987673404,0.13898182575047088,0.006066893032333641,0.006067005178480939,0.006066954008682828,-0.11878692072772111,-0.11878911729508225,-0.1187881146613776,0.028290695371279727,0.028291218500835283,0.02829097972162614,1.9554186445234233e-17,1.8122918198454457e-17,8.839971366626759e-17
118.74,"[0.06062, 0.0456, 0.41014]",0.0456,0.41014,-0.04787331663045025,-0.0478741148742629,-0.04787375523214885,0.1389806814034062,0.1389829987673404,0.13898195469739918,0.006066904052346551,0.006067005178480939,0.006066959635898224,-0.11878713657992637,-0.11878911729508225,-0.11878822487558686,0.02829074677804732,0.028291218500835283,0.02829100597005833,1.938895403414743e-17,1.8122918198454457e-17,8.832315619471584e-17
118.76,"[0.06062, 0.0456, 0.41014]",0.0456,0.41014,-0.047873431893709614,-0.0478741148742629,-0.04787379523484851,0.13898101602148946,0.1389829987673404,0.1389820708284143,0.006066918654185175,0.006067005178480939,0.006066964703852147,-0.11878742258792031,-0.11878911729508225,-0.11878832413567147,0.028290814892962937,0.028291218500835283,0.028291029609681783,1.9167343110091388e-17,1.8122918198454457e-17,8.825593719635724e-17
118.78,"[0.06062, 0.0456, 0.41014]",0.0456,0.41014,-0.047873468227823526,-0.0478741148742629,-0.04787383323846308,0.13898112150222333,0.1389829987673404,0.13898218115593008,0.006066923257122528,0.006067005178480939,0.0060669695185513964,-0.11878751274536002,-0.11878911729508225,-0.11878841843534275,0.02829083636463616,0.028291218500835283,0.028291052067944366,1.9110097235384148e-17,1.8122918198454457e-17,8.819366768156009e-17
118.8,"[0.06062, 0.0456, 0.41014]",0.0456,0.41014,-0.04787353757984509,-0.0478741148742629,-0.04787389931209452,0.13898132283650622,0.1389829987673404,0.1389823729729494,0.006066932042938314,0.006067005178480939,0.006066977889490576,-0.11878768483151936,-0.11878911729508225,-0.11878858238606105,0.028290877348267268,0.028291218500835283,0.028291091114202613,1.899170235814873e-17,1.8122918198454457e-17,8.808701360924445e-17
118.82,"[0.06062, 0.0456, 0.41014]",0.0456,0.41014,-0.04787360341791689,-0.0478741148742629,-0.04787392777145635,0.13898151396954422,0.1389829987673404,0.1389824555927492,0.006066940383656288,0.006067005178480939,0.006066981495048109,-0.11878784819827198,-0.11878911729508225,-0.11878865300321541,0.02829091625532623,0.028291218500835283,0.028291107932282053,1.8885016864376155e-17,1.8122918198454457e-17,8.804205155613792e-17
118.84,"[0.06062, 0.0456, 0.41014]",0.0456,0.41014,-0.04787366248374683,-0.0478741148742629,-0.047873954584351425,0.13898168544224998,0.1389829987673404,0.13898253343272565,0.006066947866464862,0.006067005178480939,0.006066984892015549,-0.11878799476072985,-0.11878911729508225,-0.11878871953493299,0.02829095116032325,0.028291218500835283,0.028291123777380797,1.8789607073197428e-17,1.8122918198454457e-17,8.800053405550866e-17
118.861,"[0.06062, 0.0456, 0.41014]",0.0456,0.41014,-0.047873739471166195,-0.0478741148742629,-0.04787397828090686,0.13898190894274312,0.1389829987673404,0.13898260222572048,0.006066957619735311,0.006067005178480939,0.006066987894172782,-0.11878818579269063,-0.11878911729508225,-0.11878877833396934,0.02829099665609644,0.028291218500835283,0.02829113778087644,1.8656467046416204e-17,1.8122918198454457e-17,8.796479197893038e-17
118.88,"[0.06062, 0.0456, 0.41014]",0.0456,0.41014,-0.04787376335214027,-0.0478741148742629,-0.04787399916975266,0.1389819782710823,0.1389829987673404,0.1389826628677103,0.006066960645149732,0.006067005178480939,0.006066990540617977,-0.11878824504948302,-0.11878911729508225,-0.11878883016614199,0.028291010768575785,0.028291218500835283,0.028291150125154138,1.8630879875145548e-17,1.8122918198454457e-17,8.793394225001058e-17
118.9,"[0.06062, 0.0456, 0.41014]",0.0456,0.41014,-0.04787380815748665,-0.0478741148742629,-0.04787403448447206,0.13898210834452043,0.1389829987673404,0.13898276538916374,0.0060669663214330104,0.006067005178480939,0.006066995014699737,-0.11878835622671086,-0.11878911729508225,-0.11878891779370858,0.028291037246328206,0.028291218500835283,0.028291170994411745,1.8546312105691678e-17,1.8122918198454457e-17,8.788198112267606e-17
118.92,"[0.06062, 0.0456, 0.41014]",0.0456,0.41014,-0.0478738496235947,-0.0478741148742629,-0.04787405038694922,0.13898222872389523,0.1389829987673404,0.1389828115553254,0.006066971574697152,0.006067005178480939,0.0060669970294095,-0.11878845911812846,-0.11878911729508225,-0.11878895725304743,0.02829106175075506,0.028291218500835283,0.02829118039199153,1.8494704082281368e-17,1.8122918198454457e-17,8.78593021803527e-17
118.94,"[0.06062, 0.0456, 0.41014]",0.0456,0.41014,-0.047873902742363125,-0.0478741148742629,-0.04787406310360223,0.13898238293186607,0.1389829987673404,0.13898284847278275,0.006066978304233288,0.006067005178480939,0.006066998640495577,-0.11878859092370589,-0.11878911729508225,-0.11878898880730562,0.02829109314132982,0.028291218500835283,0.028291187906906438,1.8414039440648447e-17,1.8122918198454457e-17,8.784148602024991e-17
118.96,"[0.06062, 0.0456, 0.41014]",0.0456,0.41014,-0.04787391877848701,-0.0478741148742629,-0.04787407490742157,0.13898242948599912,0.1389829987673404,0.1389828827402102,0.006066980335830198,0.006067005178480939,0.006067000135931157,-0.11878863071473039,-0.11878911729508225,-0.1187890180965227,0.0282911026178888,0.028291218500835283,0.028291194882381684,1.83871512267708e-17,1.8122918198454457e-17,8.782491813591682e-17
118.98,"[0.06062, 0.0456, 0.41014]",0.0456,0.41014,-0.04787394844298461,-0.0478741148742629,-0.04787408495016985,0.13898251560437794,0.1389829987673404,0.13898291189510598,0.006066984093993693,0.006067005178480939,0.006067001408248989,-0.11878870432233346,-0.11878911729508225,-0.11878904301594327,0.02829112014814497,0.028291218500835283,0.028291200817150846,1.8346385225085342e-17,1.8122918198454457e-17,8.781052749806041e-17
119.001,"[0.06062, 0.0456, 0.41014]",0.0456,0.41014,-0.04787398462296925,-0.0478741148742629,-0.04787409281812971,0.13898262063773106,0.1389829987673404,0.13898293473641496,0.006066988677599711,0.006067005178480939,0.006067002405033058,-0.11878879409704945,-0.11878911729508225,-0.11878906253899901,0.028291141528732897,0.028291218500835283,0.028291205466727382,1.828870566950911e-17,1.8122918198454457e-17,8.780057430388261e-17
119.022,"[0.06062, 0.0456, 0.41014]",0.0456,0.41014,-0.04787400518004973,-0.0478741148742629,-0.0478740989219286,0.1389826803165599,0.1389829987673404,0.1389829524562218,0.006066991281956361,0.006067005178480939,0.006067003178307424,-0.11878884510608242,-0.11878911729508225,-0.11878907768459183,0.028291153676954388,0.028291218500835283,0.02829120907377185,1.8273960519963295e-17,1.8122918198454457e-17,8.779196512094931e-17
119.04,"[0.06062, 0.0456, 0.41014]",0.0456,0.41014,-0.04787401394385774,-0.0478741148742629,-0.0478740989219286,0.13898270575858698,0.1389829987673404,0.1389829524562218,0.006066992392234726,0.006067005178480939,0.006067003178307424,-0.11878886685203857,-0.11878911729508225,-0.11878907768459183,0.028291158855933023,0.028291218500835283,0.02829120907377185,1.824577126347867e-17,1.8122918198454457e-17,8.779196512094931e-17
119.06,"[0.06062, 0.0456, 0.41014]",0.0456,0.41014,-0.047874030651305945,-0.0478741148742629,-0.04787410922455788,0.13898275426162776,0.1389829987673404,0.13898298236555778,0.006066994508881997,0.006067005178480939,0.006067004483507166,-0.11878890830884323,-0.11878911729508225,-0.11878910324892446,0.02829116872921157,0.028291218500835283,0.02829121516211842,1.8226689305242923e-17,1.8122918198454457e-17,8.777979371362823e-17
119.08,"[0.06062, 0.0456, 0.41014]",0.0456,0.41014,-0.047874045158440466,-0.0478741148742629,-0.04787411737915576,0.1389827963769834,0.1389829987673404,0.13898300603898506,0.0060669963467713545,0.006067005178480939,0.0060670055165637764,-0.11878894430593256,-0.11878911729508225,-0.11878912348328428,0.02829117730221322,0.028291218500835283,0.028291219981084435,1.8191994835723384e-17,1.8122918198454457e-17,8.777207718671758e-17
119.1,"[0.06062, 0.0456, 0.41014]",0.0456,0.41014,-0.047874058531243886,-0.0478741148742629,-0.04787412087812801,0.1389828351992838,0.1389829987673404,0.13898301619676967,0.0060669980409469165,0.006067005178480939,0.006067005959821779,-0.11878897748837404,-0.11878911729508225,-0.11878913216544484,0.02829118520488115,0.028291218500835283,0.0282912220488049,1.817117815401166e-17,1.8122918198454457e-17,8.776954062747658e-17
119.12,"[0.06062, 0.0456, 0.41012471493027514]",0.0456,0.41012471493027514,-0.04787407037715183,-0.0478741148742629,-0.047874123666343055,0.13898286958888498,0.1389829987673404,0.13898302429116904,0.0060669995416774486,0.006067005178480939,0.006067006313031943,-0.11878900688208012,-0.11878911729508225,-0.11878913908398149,0.02829119220522923,0.028291218500835283,0.02829122369650292,1.8163805579238753e-17,1.8122918198454457e-17,8.776773351016009e-17
119.14,"[0.06062, 0.0456, 0.41012471493027514]",0.0456,0.41012471493027514,-0.047874080749696735,-0.0478741148742629,-0.04787412804114668,0.13898289970119485,0.1389829987673404,0.1389830369915499,0.00606700085574441,0.006067005178480939,0.006067006867215663,-0.11878903261988312,-0.11878911729508225,-0.1187891499394205,0.02829119833489236,0.028291218500835283,0.028291226281796977,1.8144723621003006e-17,1.8122918198454457e-17,8.776536005334237e-17
119.16,"[0.06062, 0.0456, 0.4100702540185973]",0.0456,0.4100702540185973,-0.04787408956417859,-0.048029092879159796,-0.04788166519814092,0.13898292529032427,0.1393187815623581,0.13899540709192165,0.0060670019724205,0.005807739772480844,0.0060447201843913355,-0.1187890544916095,-0.11957333176519397,-0.11884115723431797,0.02829120354381704,0.02838558902534947,0.028295912549461885,1.812520798189827e-17,1.8160821878903412e-17,9.4813607776537e-17
119.18,"[0.06062, 0.0456, 0.4100702540185973]",0.0456,0.4100702540185973,-0.04787485059050247,-0.048029092879159796,-0.04788916907384227,0.1389841835236743,0.1393187815623581,0.13900775983113442,0.0060647742302997396,0.005807739772480844,0.006022622964504757,-0.11879427336124271,-0.11957333176519397,-0.1188928044053372,0.02829167649080229,0.02838558902534947,0.028300577214699488,3.1168141486159252e-18,1.8160821878903412e-17,1.030730871576083e-16
119.2,"[0.06062, 0.0456, 0.4100702540185973]",0.0456,0.4100702540185973,-0.04787689575352432,-0.048029092879159796,-0.0478966431890704,0.13898755127564244,0.1393187815623581,0.13902009750469957,0.0060587542357377,0.005807739772480844,0.0060006962856747545,-0.118808346019289,-0.11957333176519397,-0.11894412794299489,0.028292947808473932,0.02838558902534947,0.02830522255162301,-4.608343170777791e-18,1.8160821878903412e-17,1.109822103330677e-16
119.22,"[0.06062, 0.0456, 0.4099763867670411]",0.0456,0.4099763867670411,-0.04788353263975245,-0.048266628364149675,-0.04791555053434205,0.13899849626752364,0.13983367663489835,0.13905134065719357,0.006039248866041742,0.00540988792348479,0.005945219078359685,-0.11885396969471858,-0.12077589773625415,-0.11907396767742899,0.028297073336011305,0.028530259866331162,0.02831697599593377,-3.543914982844458e-17,1.8172995001051485e-17,1.2996541670799958e-16
119.24,"[0.06062, 0.0456, 0.4099763867670411]",0.0456,0.4099763867670411,-0.04788673442921119,-0.048266628364149675,-0.04797157911190416,0.13900378070653133,0.13983367663489835,0.13914471486955857,0.006029845885240651,0.00540988792348479,0.00578275316824539,-0.11887596949565596,-0.12077589773625415,-0.11945595759964064,0.02829906360200487,0.028530259866331162,0.0283517859865066,-1.8498707723793063e-17,1.8172995001051485e-17,1.9167038118766268e-16
119.261,"[0.06062, 0.0456, 0.40984320581125117]",0.0456,0.40984320581125117,-0.04790655851619255,-0.048602794051161184,-0.04800589160254166,0.13903666428329176,0.14056287280964422,0.13920232800829277,0.005972002503854736,0.004845780312366897,0.005684069576452811,-0.11901164211026982,-0.12247913412718305,-0.11968870965918539,0.028311383309070823,0.028735069042280362,0.02837310169902151,-5.363813381491727e-17,1.8105725573023273e-17,2.2877725338260627e-16
119.28,"[0.06062, 0.0456, 0.40984320581125117]",0.0456,0.40984320581125117,-0.04791649182482916,-0.048602794051161184,-0.04800589160254166,0.13905323065583758,0.14056287280964422,0.13920232800829277,0.0059432092091040835,0.004845780312366897,0.005684069576452811,-0.11907934886781597,-0.12247913412718305,-0.11968870965918539,0.02831755514806731,0.028735069042280362,0.02837310169902151,-8.692747731891222e-17,1.8105725573023273e-17,2.2877725338260627e-16
119.3,"[0.06062, 0.0456, 0.40984320581125117]",0.0456,0.40984320581125117,-0.04793347778259341,-0.048602794051161184,-0.04803945233144764,0.13908155915287912,0.14056287280964422,0.13925952859661528,0.005893972675024719,0.004845780312366897,0.0055896236294568575,-0.11919512742324902,-0.12247913412718305,-0.11991338795358784,0.028328108992751053,0.028735069042280362,0.028393929690852526,-3.652510535514596e-18,1.8105725573023273e-17,2.6847694515795306e-16
119.32,"[0.06062, 0.0456, 0.40967084258475156]",0.0456,0.40967084258475156,-0.04795361294687629,-0.0490363034332919,-0.04814582878485056,0.1391153733472688,0.1415041418511564,0.1394416475987988,0.005836146352511835,0.004116390587140813,0.005291231092122777,-0.11933159692907526,-0.12467801922466415,-0.12062407445258308,0.028340614925392853,0.02899930817519917,0.028459962972024265,1.1459966706326358e-17,1.8035719604432466e-17,3.713400720936717e-16
119.34,"[0.06062, 0.0456, 0.40967084258475156]",0.0456,0.40967084258475156,-0.04798536587192653,-0.0490363034332919,-0.04814582878485056,0.13916918107322776,0.1415041418511564,0.1394416475987988,0.0057459352534549694,0.004116390587140813,0.005291231092122777,-0.11954538722395638,-0.12467801922466415,-0.12062407445258308,0.0283603317780052,0.02899930817519917,0.028459962972024265,-9.15669952554122e-17,1.8035719604432466e-17,3.713400720936717e-16
119.36,"[0.06062, 0.0456, 0.4094594671892373]",0.0456,0.4094594671892373,-0.0480158538253802,-0.04956552977890865,-0.048196701840532236,0.13922094971315882,0.14265469150666085,0.13953128148899957,0.005659541458908146,0.0032229309320872123,0.005154744578770167,-0.11975033780247782,-0.12736622071476564,-0.12095504454384108,0.02837926170487118,0.029322079212816942,0.028491480063923137,4.720697969491141e-17,1.7865254003292386e-17,4.2055335832901766e-16
119.38,"[0.06062, 0.0456, 0.4094594671892373]",0.0456,0.4094594671892373,-0.04805021494825942,-0.04956552977890865,-0.04827180948568302,0.13927991275064722,0.14265469150666085,0.13966235666584456,0.005563630047816213,0.0032229309320872123,0.004949246596651821,-0.11997923208840368,-0.12736622071476564,-0.12144932931863268,0.028400583193093534,0.029322079212816942,0.028538073371590627,8.055877324404151e-17,1.7865254003292386e-17,4.899149509555322e-16
119.4,"[0.06062, 0.0456, 0.4094594671892373]",0.0456,0.4094594671892373,-0.04809231791037127,-0.04956552977890865,-0.04834521560408881,0.1393525770946157,0.14265469150666085,0.13979227615688003,0.00544689718823827,0.0032229309320872123,0.0047528446545169935,-0.12025855056720929,-0.12736622071476564,-0.12192605361991421,0.028426706327010477,0.029322079212816942,0.02858356657591744,8.717457490054806e-17,1.7865254003292386e-17,5.580519949234896e-16
119.42,"[0.06062, 0.0456, 0.4092092882267041]",0.0456,0.4092092882267041,-0.048140368472178244,-0.050188506690426724,-0.04844578998517924,0.13943611991652496,0.1440111451167487,0.13997001165306605,0.00531502720296242,0.0021668669844224983,0.004481617373338288,-0.1205753761522914,-0.13053607968586314,-0.12258216000779934,0.028456509774305222,0.029702294849047087,0.028645954095520974,1.2320694990093134e-16,1.761126914361105e-17,6.410591030946572e-16
119.44,"[0.06062, 0.0456, 0.4092092882267041]",0.0456,0.4092092882267041,-0.04818934686535282,-0.050188506690426724,-0.04854418821182251,0.13952156315189507,0.1440111451167487,0.14014615833589766,0.0051810897867919535,0.0021668669844224983,0.004221792912658261,-0.1208976155149849,-0.13053607968586314,-0.12321614103047232,0.028486889318574418,0.029702294849047087,0.028706935971395276,8.900731025291761e-17,1.761126914361105e-17,7.24420920146083e-16
119.46,"[0.06062, 0.0456, 0.4089205525935834]",0.0456,0.4089205525935834,-0.04824791088078564,-0.05090295004315296,-0.0486745521360779,0.13962438303548166,0.14556956864529458,0.14037773189660727,0.005022207578302935,0.0009499109144696185,0.003870921194929835,-0.12128107707595207,-0.13417868306722477,-0.12406541305194099,0.02852320981378413,0.030138689854547467,0.028787848174697907,1.0440645054916377e-16,1.7867238825063384e-17,8.362364481496493e-16
119.48,"[0.06062, 0.0456, 0.4089205525935834]",0.0456,0.4089205525935834,-0.04831723996611127,-0.05090295004315296,-0.04880182778199815,0.1397466776987163,0.14556956864529458,0.14060692102642722,0.004835041616205956,0.0009499109144696185,0.0035359872957629974,-0.12173366643451598,-0.13417868306722477,-0.12488364201095736,0.02856620900406297,0.030138689854547467,0.02886676626496204,8.40065361525455e-17,1.7867238825063384e-17,9.462302961147387e-16
119.5,"[0.06062, 0.0456, 0.4089205525935834]",0.0456,0.4089205525935834,-0.04839785684299867,-0.05090295004315296,-0.04892550950952134,0.13988949690937835,0.14556956864529458,0.1408332782108629,0.004618365342373138,0.0009499109144696185,0.0032195055138193136,-0.12225852119279759,-0.13417868306722477,-0.12566588520207622,0.02861621225551238,0.030138689854547467,0.028943363639505976,1.227233957320028e-16,1.7867238825063384e-17,1.0489063834638338e-15
119.52,"[0.06062, 0.0456, 0.40859354523708574]",0.0456,0.40859354523708574,-0.048486979494161406,-0.051706282757040437,-0.04892550950952134,0.14004844321013848,0.14732550130244892,0.1408332782108629,0.004381065331427967,-0.0004259864215618871,0.0032195055138193136,-0.12283551847243958,-0.13828394549638204,-0.12566588520207622,0.028671477254764474,0.030629833887283985,0.028943363639505976,2.0415088201348516e-16,1.800029060802745e-17,1.0489063834638338e-15
119.54,"[0.06062, 0.0456, 0.40859354523708574]",0.0456,0.40859354523708574,-0.04857030019707615,-0.051706282757040437,-0.04923462137261709,0.14019756186033894,0.14732550130244892,0.14139595373565847,0.004160368962105658,-0.0004259864215618871,0.0024147316465849204,-0.12337328815619765,-0.13828394549638204,-0.12764017890829252,0.02872313566786721,0.030629833887283985,0.029135086894514977,5.171257884213998e-16,1.800029060802745e-17,1.2691593303620724e-15
119.56,"[0.06062, 0.0456, 0.4082285888739919]",0.0456,0.4082285888739919,-0.048682967615598406,-0.05259566184355257,-0.0494227533024408,0.14040051597514527,0.14927398925903734,0.14173595932653205,0.0038638232653709467,-0.0019586442108654872,0.0019143728086319835,-0.12409766260122888,-0.1428406989733743,-0.1288565307632085,0.02879300138594884,0.031174145514422755,0.029251985507102302,2.520019280556986e-16,1.8191221093265114e-17,1.424683601187723e-15
119.58,"[0.06062, 0.0456, 0.4082285888739919]",0.0456,0.4082285888739919,-0.04880659502241765,-0.05259566184355257,-0.049603886229285916,0.14062364970881266,0.14927398925903734,0.1420671376940039,0.0035384599701152627,-0.0019586442108654872,0.0014419416164115069,-0.12489237589014067,-0.1428406989733743,-0.13001428310207458,0.028869687493837337,0.031174145514422755,0.029364442623674963,2.900162246273854e-16,1.8191221093265114e-17,1.570838146454925e-15
119.601,"[0.06062, 0.0456, 0.4082285888739919]",0.0456,0.4082285888739919,-0.04900798917240314,-0.05259566184355257,-0.04978010639943696,0.14098800950513274,0.14927398925903734,0.14239456941720446,0.003008570417171293,-0.0019586442108654872,0.000995303383225189,-0.12618663481242964,-0.1428406989733743,-0.13112204931436916,0.02899465710758352,0.031174145514422755,0.02947371544426349,6.443764290016788e-16,1.8191221093265114e-17,1.7018981880173372e-15
119.62,"[0.06062, 0.0456, 0.40781761202835165]",0.0456,0.40781761202835165,-0.0490852008951091,-0.0535884328518455,-0.04998970701778005,0.14112866549638703,0.15145449950244008,0.14277384446134248,0.002807243711743527,-0.0036810664891917992,0.00043279265960688613,-0.12668017626528444,-0.14794169062453463,-0.13248393611140202,0.029042562941252733,0.03178241581407516,0.029604147232692876,5.402383766535771e-16,1.7993389493069977e-17,1.845173651764216e-15
119.64,"[0.06062, 0.0456, 0.40781761202835165]",0.0456,0.40781761202835165,-0.049257057058418395,-0.0535884328518455,-0.05019552552500069,0.14144124949980366,0.15145449950244008,0.14315325028257528,0.0023560980078801766,-0.0036810664891917992,-0.00010226603721197726,-0.12778289064116108,-0.14794169062453463,-0.1337964749028846,0.029149263956628143,0.03178241581407516,0.029732046227208424,7.010272935566534e-16,1.7993389493069977e-17,2.008890135311515e-15
119.66,"[0.06062, 0.0456, 0.4073863068951357]",0.0456,0.4073863068951357,-0.049435366067069116,-0.054619876246268496,-0.05063575237747272,0.14176652964860026,0.1537261981749984,0.14397135066864514,0.001889008835322742,-0.005484252999192822,-0.0012374077368413946,-0.1289254716560184,-0.15325851381537786,-0.13658998036467157,0.02925999258804,0.03241520122056458,0.030005674833719635,8.957122734994474e-16,1.7790112405499924e-17,2.2966774848000653e-15
119.68,"[0.06062, 0.0456, 0.4073863068951357]",0.0456,0.4073863068951357,-0.04974145969835049,-0.054619876246268496,-0.050870497070571515,0.1423287401094432,0.1537261981749984,0.1444121648474524,0.0010925711691902368,-0.005484252999192822,-0.0018345205508399453,-0.13087883112273233,-0.15325851381537786,-0.1380675969099366,0.029450111895556776,0.03241520122056458,0.03015157080619714,1.013701659122355e-15,1.7790112405499924e-17,2.4636962887741954e-15
119.7,"[0.06062, 0.0456, 0.4073863068951357]",0.0456,0.4073863068951357,-0.04985436343557567,-0.054619876246268496,-0.051103096178312955,0.14253708258329117,0.1537261981749984,0.14485930897242597,0.000799861995130825,-0.005484252999192822,-0.0023999490359880777,-0.13159770770412402,-0.15325851381537786,-0.13949419789061274,0.029520257786621838,0.03241520122056458,0.030295849551233645,8.852904885366477e-16,1.7790112405499924e-17,2.601164366863213e-15
119.72,"[0.06062, 0.0456, 0.40690981250999664]",0.0456,0.40690981250999664,-0.05007068873699646,-0.05574826694640158,-0.051387050814390135,0.14293806262604092,0.15621862983851387,0.14540061773834656,0.00024278645882145632,-0.00747213438203673,-0.0031104081809477904,-0.13296964675645817,-0.15909402274118686,-0.14126394748593377,0.029654635134845956,0.033108321959101066,0.030472390914137067,1.1429060320174526e-15,1.7860321885420683e-17,2.7584849190559774e-15
119.74,"[0.06062, 0.0456, 0.40690981250999664]",0.0456,0.40690981250999664,-0.05029524161445466,-0.05574826694640158,-0.05166309705913167,0.14335723030851488,0.15621862983851387,0.1459367209270408,-0.00033037920372978484,-0.00747213438203673,-0.003776152057657463,-0.13438628643663175,-0.15909402274118686,-0.14294874931987414,0.029794120010251137,0.033108321959101066,0.030643746949598087,1.2657574138626542e-15,1.7860321885420683e-17,2.8949095899567306e-15
119.76,"[0.06062, 0.0456, 0.40639703075918343]",0.0456,0.40639703075918343,-0.05053028998691449,-0.056949106575990796,-0.05199113943827894,0.1437990842391144,0.15887924129000247,0.1465677022793697,-0.0009251591011572647,-0.009605773389044406,-0.0045934567420120274,-0.13586152222456666,-0.1653268244788613,-0.14498743035583006,0.02994012708553649,0.03384700036815423,0.030847897683962233,1.447905980925433e-15,1.7629441019565617e-17,3.059802587430493e-15
119.78,"[0.06062, 0.0456, 0.40639703075918343]",0.0456,0.40639703075918343,-0.05077832756855158,-0.056949106575990796,-0.052308044153257974,0.14426833334512262,0.15887924129000247,0.14718752305894953,-0.001548578235395133,-0.009605773389044406,-0.005357011600259957,-0.13741196348143522,-0.1653268244788613,-0.14691970740864296,0.030094229933145533,0.03384700036815423,0.031044835178603413,1.5105004417899734e-15,1.7629441019565617e-17,3.208114666608398e-15
119.8,"[0.06062, 0.0456, 0.40639703075918343]",0.0456,0.40639703075918343,-0.051040452295296086,-0.056949106575990796,-0.052308044153257974,0.14476719552064932,0.15887924129000247,0.14718752305894953,-0.0022034606415943215,-0.009605773389044406,-0.005357011600259957,-0.13904452989804095,-0.1653268244788613,-0.14691970740864296,0.030257120555265457,0.03384700036815423,0.031044835178603413,1.6614439356051432e-15,1.7629441019565617e-17,3.208114666608398e-15
119.82,"[0.06062, 0.0456, 0.40584846769637534]",0.0456,0.40584846769637534,-0.051281294748303154,-0.058218820689412844,-0.052689466979938204,0.1452270577529651,0.16170156773479877,0.14793521830829895,-0.0028026353280215413,-0.011882176960007434,-0.006283956478073894,-0.1405408136303494,-0.1719424959447298,-0.14925570080957937,0.03040678633369927,0.03462921152687143,0.03128221965231684,2.4448233733128197e-15,1.7762099675448287e-17,3.3449914576191224e-15
119.84,"[0.06062, 0.0456, 0.40584846769637534]",0.0456,0.40584846769637534,-0.05154884747231374,-0.058218820689412844,-0.05305336275742772,0.14574160825854254,0.16170156773479877,0.14865809777104932,-0.003464086350671054,-0.011882176960007434,-0.007144034699727084,-0.14219664219960382,-0.1719424959447298,-0.15144964369810165,0.030573118664236967,0.03462921152687143,0.03150843051381917,2.3973184046040648e-15,1.7762099675448287e-17,3.480424507347011e-15
119.86,"[0.06062, 0.0456, 0.40526466468708644]",0.0456,0.40526466468708644,-0.05183470537648337,-0.05955359142027842,-0.0534035337636509,0.14629574126597644,0.16467850204044585,0.14936518995460368,-0.004163276541180134,-0.014298004922917131,-0.007941867467005386,-0.1439547124895451,-0.17892546115341398,-0.1535182683433498,0.030750827915657624,0.03545279161008709,0.0317257702976164,2.4681085665308576e-15,1.7538638332389698e-17,3.5996780468905025e-15
119.88,"[0.06062, 0.0456, 0.40526466468708644]",0.0456,0.40526466468708644,-0.052132782770041276,-0.05955359142027842,-0.0538104621878624,0.14687893651686765,0.16467850204044585,0.15017696933514205,-0.004881208821320292,-0.014298004922917131,-0.008909066431547912,-0.14577178810701794,-0.17892546115341398,-0.15597819275203284,0.03093606696822952,0.03545279161008709,0.031979096886962606,2.614620709226645e-15,1.7538638332389698e-17,3.755064749099868e-15
119.9,"[0.06062, 0.0456, 0.40526466468708644]",0.0456,0.40526466468708644,-0.05245154185942656,-0.05955359142027842,-0.0542011227110769,0.14750556275239907,0.16467850204044585,0.15096824420174704,-0.005646501771484961,-0.014298004922917131,-0.009806531891215985,-0.1477110049948155,-0.17892546115341398,-0.15829540544405196,0.03113424265278846,0.03545279161008709,0.032221941677840794,2.6557562070124834e-15,1.7538638332389698e-17,3.896855940443181e-15
119.92,"[0.06062, 0.0456, 0.40464619787440353]",0.0456,0.40464619787440353,-0.052783962221237206,-0.06094954053769651,-0.05506896670428927,0.148163472227828,0.16780272020925946,0.15270921014008296,-0.00643690749850604,-0.016849766419616163,-0.011877202876633576,-0.14972204108544143,-0.1862597629252336,-0.16355015148778876,0.03134090546754772,0.03631553425752372,0.03276299758555662,2.7954183603825075e-15,1.7300923898581562e-17,4.1985192264553186e-15
119.94,"[0.06062, 0.0456, 0.40464619787440353]",0.0456,0.40464619787440353,-0.053180370964140904,-0.06094954053769651,-0.05547928406603426,0.14895133059138424,0.16780272020925946,0.1535503594954952,-0.007380788245658663,-0.016849766419616163,-0.012808582766846018,-0.15212125403745066,-0.1862597629252336,-0.1659666296549286,0.03158757524306232,0.03631553425752372,0.033018249030020576,1.9394758733555907e-15,1.7300923898581562e-17,4.387855648989198e-15
119.96,"[0.06062, 0.0456, 0.4039936776104024]",0.0456,0.4039936776104024,-0.05358023589093915,-0.062402754429530485,-0.05595410833048392,0.14974944264122633,0.17106671737338333,0.15451563816085914,-0.008328245018905712,-0.01953383106759147,-0.013926293979972608,-0.1545343923750344,-0.19392915009406428,-0.16881837399261626,0.03183643063258136,0.03721520355666522,0.03331448259886557,2.2928464179868384e-15,1.7067344892606726e-17,4.596057926956195e-15
119.98,"[0.06062, 0.0456, 0.4039936776104024]",0.0456,0.4039936776104024,-0.05398853747065122,-0.062402754429530485,-0.05641251618882605,0.15056814471013122,0.17106671737338333,0.15546365819576968,-0.009291280316648786,-0.01953383106759147,-0.01496246539963376,-0.15699169189727813,-0.19392915009406428,-0.17151033653632586,0.03209059948497798,0.03721520355666522,0.03359996354731023,2.441944166023569e-15,1.7067344892606726e-17,4.771941760786072e-15
120.0,"[0.06062, 0.0456, 0.4039936776104024]",0.0456,0.4039936776104024,-0.05440783671984912,-0.062402754429530485,-0.056856675554549825,0.15141297046930877,0.17106671737338333,0.15639970368706468,-0.010275550059034166,-0.01953383106759147,-0.015919148919414292,-0.159507957755091,-0.19392915009406428,-0.17405124518898146,0.03235168537145928,0.03721520355666522,0.03387599323582928,2.6968613471374908e-15,1.7067344892606726e-17,4.904546051713873e-15
120.02,"[0.06062, 0.0456, 0.40330774785380374]",0.0456,0.40330774785380374,-0.054833141755519475,-0.06390930795157906,-0.05736731746373698,0.1522762056865062,0.17446284467894888,0.15746442985106507,-0.011261732330174063,-0.022346441272047133,-0.01707032660484054,-0.16204250059414832,-0.20191716354183128,-0.1770438420514654,0.032616461193720594,0.03814954695010962,0.03419438102220595,3.0144957208018802e-15,1.659491631207544e-17,5.058215276775082e-15
120.04,"[0.06062, 0.0456, 0.40330774785380374]",0.0456,0.40330774785380374,-0.055268677368250474,-0.06390930795157906,-0.057857223634812424,0.15316614292306355,0.17446284467894888,0.15850242002831635,-0.012261759255096101,-0.022346441272047133,-0.018130288690309353,-0.16462342175875977,-0.20191716354183128,-0.17985153003044485,0.032887611060356585,0.03814954695010962,0.0344992990991455,3.105347959728345e-15,1.659491631207544e-17,5.1834791520303045e-15
120.06,"[0.06062, 0.0456, 0.40258908553446415]",0.0456,0.40258908553446415,-0.055716409603493874,-0.06546528623975564,-0.058412547699598326,0.15408661645715235,0.1779833444684812,0.15966627822896146,-0.013281383264582615,-0.02528372439656213,-0.01938966916412211,-0.16726407041764949,-0.2102072162422018,-0.18311457729321073,0.03316638916079908,0.0391163071378077,0.03484611703802821,3.316382491591787e-15,1.6141605308219908e-17,5.341358651697314e-15
120.08,"[0.06062, 0.0456, 0.40258908553446415]",0.0456,0.40258908553446415,-0.05617869667592079,-0.06546528623975564,-0.05894319152821722,0.15504200495579282,0.1779833444684812,0.1607947967361533,-0.014328613347316731,-0.02528372439656213,-0.020548789138716838,-0.16998199247572357,-0.2102072162422018,-0.18616948000804523,0.03345432384297023,0.0391163071378077,0.03517698003218648,3.320940043844047e-15,1.6141605308219908e-17,5.478132693393907e-15
120.1,"[0.06062, 0.0456, 0.40258908553446415]",0.0456,0.40258908553446415,-0.056656192753276026,-0.06546528623975564,-0.05945263532648401,0.1560334687284603,0.1779833444684812,0.1618963372895135,-0.015406125954503596,-0.02528372439656213,-0.02161164781786788,-0.17278267386793192,-0.2102072162422018,-0.18903122497123911,0.03375185084944357,0.0391163071378077,0.0354939935395658,3.485655073654128e-15,1.6141605308219908e-17,5.576990424148893e-15
120.12,"[0.06062, 0.0456, 0.40183839988532766]",0.0456,0.40183839988532766,-0.05714166690033314,-0.06706680439382592,-0.06003081636366884,0.15704827510529695,0.18162038357438628,0.16313167053753966,-0.01648951783201712,-0.028341704704289494,-0.022883735112436514,-0.1756123415363075,-0.21878266692312062,-0.19237061099199942,0.03405432674489862,0.040113232922271515,0.035855107254200366,3.7514979769006214e-15,1.598557441992075e-17,5.702652549094916e-15
120.14,"[0.06062, 0.0456, 0.40183839988532766]",0.0456,0.40183839988532766,-0.05763856900501658,-0.06706680439382592,-0.06058235665315239,0.15809294024515244,0.18162038357438628,0.16432727134037722,-0.017589931263355528,-0.028341704704289494,-0.024049880409464573,-0.17849586799644143,-0.21878266692312062,-0.19548874276192188,0.03436397480734469,0.040113232922271515,0.03619898581987016,3.765551405460378e-15,1.598557441992075e-17,5.804662740688732e-15
120.16,"[0.06062, 0.0456, 0.4010564317424985]",0.0456,0.4010564317424985,-0.05814825003210209,-0.0687100249926387,-0.06120141483891141,0.15916985908103387,0.1853660845765766,0.16565364673845348,-0.01871236852902159,-0.03151631498188577,-0.02542977096685863,-0.18144388234804606,-0.2276268871030947,-0.19908713761428623,0.034681677828809494,0.041138088968123245,0.036586414639468524,3.937579378923873e-15,1.542162111557248e-17,5.944058191573286e-15
120.18,"[0.06062, 0.0456, 0.4010564317424985]",0.0456,0.4010564317424985,-0.05867263610867554,-0.0687100249926387,-0.06179041389458632,0.16028240495017382,0.1853660845765766,0.16693271792064635,-0.01986448484665636,-0.03151631498188577,-0.026695378175924274,-0.18447224531736267,-0.2276268871030947,-0.20244350026940067,0.03500870922906599,0.041138088968123245,0.0369544318851034,3.876882705542052e-15,1.542162111557248e-17,6.0660254387278124e-15
120.201,"[0.06062, 0.0456, 0.40024395281412556]",0.0456,0.40024395281412556,-0.05952501375152228,-0.07039117345009645,-0.06234210175846223,0.1621013895057109,0.18921255492900402,0.16813626298292633,-0.02173019410816846,-0.03480340776785141,-0.027865891641548856,-0.18938283795615074,-0.23672332141105532,-0.20556597941009316,0.0355406427652745,0.042188664472550916,0.03729895281836743,3.5260999346560912e-15,1.492882030493705e-17,6.090388741605923e-15
120.22,"[0.06062, 0.0456, 0.40024395281412556]",0.0456,0.40024395281412556,-0.05980672255222095,-0.07039117345009645,-0.06296821379785664,0.1627048768534583,0.18921255492900402,0.16948912736278668,-0.02234376386407078,-0.03480340776785141,-0.029259907517814314,-0.19100115210451826,-0.23672332141105532,-0.20920035335635376,0.03571647377057973,0.042188664472550916,0.03769136878673268,4.533188878144867e-15,1.492882030493705e-17,6.2884938917342096e-15
120.24,"[0.06062, 0.0456, 0.40024395281412556]",0.0456,0.40024395281412556,-0.060351055805344646,-0.07039117345009645,-0.06412733600381611,0.16387212665610312,0.18921255492900402,0.1720346270763217,-0.02353236973412615,-0.03480340776785141,-0.031726388858262414,-0.19413190669270036,-0.23672332141105532,-0.21576608850293327,0.036056386386489614,0.042188664472550916,0.038416379253491624,4.426806960980591e-15,1.492882030493705e-17,6.35410630798384e-15
120.26,"[0.06062, 0.0456, 0.3994017649188193]",0.0456,0.3994017649188193,-0.06101799358176614,-0.07210655126261392,-0.06476853754448365,0.16531164413027824,0.19315191390629644,0.17343514920067507,-0.02498259659547822,-0.03819876611725911,-0.03314306988490658,-0.19795737129092955,-0.24605554123361306,-0.21946957814036167,0.03647317566645228,0.043262780764682374,0.03881872391469187,3.355570111754537e-15,1.5192955723383143e-17,6.590230209641996e-15
120.28,"[0.06062, 0.0456, 0.3994017649188193]",0.0456,0.3994017649188193,-0.061672888796021716,-0.07210655126261392,-0.06538397763887596,0.1667290631025216,0.19315191390629644,0.17480167075557138,-0.02640558523287927,-0.03819876611725911,-0.03443881768880699,-0.2017113765305111,-0.24605554123361306,-0.22293334375436893,0.03688261881410213,0.043262780764682374,0.039204043528326654,3.7408311622468394e-15,1.5192955723383143e-17,6.75787019385559e-15
120.3,"[0.06062, 0.0456, 0.3994017649188193]",0.0456,0.3994017649188193,-0.06268659688914742,-0.07210655126261392,-0.06596251428261132,0.16893530122961145,0.19315191390629644,0.17609416774550204,-0.02859718539981801,-0.03819876611725911,-0.03563431505426407,-0.20750436581249118,-0.24605554123361306,-0.22615735546541868,0.03751670558517675,0.043262780764682374,0.0395659591506864,3.801435461603565e-15,1.5192955723383143e-17,6.792431257116872e-15
120.32,"[0.06062, 0.0456, 0.3985306991943539]",0.0456,0.3985306991943539,-0.06301418862850121,-0.0738525472324928,-0.06662235923936502,0.16965118788123298,0.19717631736244692,0.177555379196925,-0.029300898367919635,-0.04169811384567572,-0.0370675031278115,-0.20936966478081426,-0.25560729184605624,-0.22993038542182115,0.03772163094172205,0.04435829786953472,0.039980296746224324,5.0579843629912756e-15,1.4893911075158103e-17,6.9878966854044604e-15
120.34,"[0.06062, 0.0456, 0.3985306991943539]",0.0456,0.3985306991943539,-0.06369974104456556,-0.0738525472324928,-0.06725375663888059,0.17115298423127692,0.19717631736244692,0.17897659965736495,-0.03077655327723989,-0.04169811384567572,-0.038371906778802284,-0.21327620170824169,-0.25560729184605624,-0.23344565399386816,0.03815077744456774,0.04435829786953472,0.04037585468312175,5.474687927006961e-15,1.4893911075158103e-17,7.109082194079555e-15
120.36,"[0.06062, 0.0456, 0.3976316152774343]",0.0456,0.3976316152774343,-0.06431817824152168,-0.07562564677780988,-0.06785640398171698,0.17251156132084733,0.20127798032846267,0.1803546624441164,-0.03210227411893674,-0.04529712520618489,-0.0395535528863887,-0.21679202347667076,-0.26536253327498793,-0.23671097177605016,0.038537941905562,0.045473120086182636,0.040752523366166596,5.599633553768537e-15,1.4766871361526292e-17,6.972498664182614e-15
120.38,"[0.06062, 0.0456, 0.3976316152774343]",0.0456,0.3976316152774343,-0.06499044113215308,-0.07562564677780988,-0.06853804529702676,0.17400175053432038,0.20127798032846267,0.18189476251158243,-0.03351801708982052,-0.04529712520618489,-0.040978716867832436,-0.22057662365925254,-0.26536253327498793,-0.24052680302575058,0.03895871238306558,0.045473120086182636,0.04118042970578755,6.160485049222689e-15,1.4766871361526292e-17,7.036227003458415e-15
120.4,"[0.06062, 0.0456, 0.3976316152774343]",0.0456,0.3976316152774343,-0.065664485923477,-0.07562564677780988,-0.0691836047969852,0.17550142281006517,0.20127798032846267,0.1833744835626216,-0.03493555005268675,-0.04529712520618489,-0.042266082594523254,-0.22436715774457325,-0.26536253327498793,-0.24405219258939964,0.03938083867437117,0.045473120086182636,0.041584817583965476,6.326854354707548e-15,1.4766871361526292e-17,7.052990894066003e-15
120.42,"[0.06062, 0.0456, 0.3967054004553388]",0.0456,0.3967054004553388,-0.06633311850943913,-0.07742243945852981,-0.06991376788885996,0.17699730435311162,0.20544919750487736,0.18504131667076298,-0.03632835124074243,-0.04899143396434267,-0.04377776209127701,-0.22810731437080897,-0.27530547521162696,-0.2481149918739902,0.039799594667181686,0.04660520064027165,0.04204364045247977,6.615808111462742e-15,1.4648704695425168e-17,6.94849161653819e-15
120.44,"[0.06062, 0.0456, 0.3967054004553388]",0.0456,0.3967054004553388,-0.06694772721325223,-0.07742243945852981,-0.07059716950529021,0.17837565171379788,0.20544919750487736,0.18661832004347845,-0.03760768815271437,-0.04899143396434267,-0.04514283051344783,-0.23154312116648293,-0.27530547521162696,-0.2518469372772387,0.040184669308209624,0.04660520064027165,0.04247238807151852,6.136492956188192e-15,1.4648704695425168e-17,6.868680293704168e-15
120.46,"[0.06062, 0.0456, 0.3957529687902736]",0.0456,0.3957529687902736,-0.06757961510325149,-0.07923962486136239,-0.07135192096014845,0.17979982839295489,0.20968236172843457,0.18833490091277047,-0.03891650904840095,-0.05277664184650606,-0.04676384121461018,-0.23506497114695502,-0.2854206063474288,-0.25612543933740284,0.040580748587511525,0.04775254547836174,0.042948216984584765,5.9864669142513775e-15,1.5290238964658085e-17,6.858699064589593e-15
120.48,"[0.06062, 0.0456, 0.3957529687902736]",0.0456,0.3957529687902736,-0.06822842558512178,-0.07923962486136239,-0.07135192096014845,0.18126699989356415,0.20968236172843457,0.18833490091277047,-0.040261611201975134,-0.05277664184650606,-0.04676384121461018,-0.238681394923427,-0.2854206063474288,-0.25612543933740284,0.04098774298076597,0.04775254547836174,0.042948216984584765,5.525615288293384e-15,1.5290238964658085e-17,6.858699064589593e-15
120.5,"[0.06062, 0.0456, 0.3957529687902736]",0.0456,0.3957529687902736,-0.06882188970639626,-0.07923962486136239,-0.0727233740415585,0.18260990108730746,0.20968236172843457,0.19150253814511817,-0.041497034909641656,-0.05277664184650606,-0.04956446683434082,-0.24199576336796105,-0.2854206063474288,-0.2636944469670515,0.04136023304147552,0.04775254547836174,0.04381078885126184,7.731082867690374e-15,1.5290238964658085e-17,6.634051291929143e-15
120.52,"[0.06062, 0.0456, 0.3947752602173036]",0.0456,0.3947752602173036,-0.06950338364044845,-0.08107401699315236,-0.0734627226935747,0.18416065369650575,0.21396998051030153,0.19319515729698059,-0.04291004262385915,-0.05664832634694984,-0.05115795506785221,-0.24579178587156236,-0.2956927185394595,-0.2678894997878889,0.04178826799136421,0.048913216276133736,0.04427770229212056,5.16647331865756e-15,1.509477871258177e-17,6.708510068362956e-15
120.54,"[0.06062, 0.0456, 0.3947752602173036]",0.0456,0.3947752602173036,-0.07018911668186,-0.08107401699315236,-0.07415745920747228,0.18572487365701837,0.21396998051030153,0.19480357092285516,-0.04433373205239369,-0.05664832634694984,-0.05260027290886447,-0.24961279676754738,-0.2956927185394595,-0.2717535428832154,0.04221923829881504,0.048913216276133736,0.04471563686918333,4.971781833501732e-15,1.509477871258177e-17,6.770751712141259e-15
120.56,"[0.06062, 0.0456, 0.39377323961675004]",0.0456,0.39377323961675004,-0.07088057547547164,-0.08292254733515646,-0.07492454662137026,0.18730506891128276,0.2183046907563642,0.19655542195065953,-0.045774566214698935,-0.0606020478883945,-0.05430637191566931,-0.2534717746567437,-0.3061069262340951,-0.27617657251752864,0.042654139915232765,0.05008533273465306,0.045201560159575986,5.087065375762766e-15,1.4817312223663843e-17,6.877108210272378e-15
120.58,"[0.06062, 0.0456, 0.39377323961675004]",0.0456,0.39377323961675004,-0.07157989212594297,-0.08292254733515646,-0.07564473793536777,0.18890496939636345,0.2183046907563642,0.19821764165198144,-0.04724206039249831,-0.0606020478883945,-0.05585428587671831,-0.2573876135889841,-0.3061069262340951,-0.2802529362446498,0.04309441666550575,0.05008533273465306,0.04565698299295911,4.815866947465062e-15,1.4817312223663843e-17,6.978197997605637e-15
120.6,"[0.06062, 0.0456, 0.39377323961675004]",0.0456,0.39377323961675004,-0.0722873956114719,-0.08292254733515646,-0.07631646168463709,0.1905247773519063,0.2183046907563642,0.1997734145431411,-0.04873907098331473,-0.0606020478883945,-0.05728134423847084,-0.2613651521639426,-0.3061069262340951,-0.28403134143306474,0.04354031621269943,0.05008533273465306,0.04608151160357478,4.909645990156149e-15,1.4817312223663843e-17,6.9198188170327e-15
120.62,"[0.06062, 0.0456, 0.39274789586197045]",0.0456,0.39274789586197045,-0.07305291816537608,-0.08478226670928057,-0.07776553927207186,0.1922820184183401,0.2226792717890258,0.20309604112866037,-0.05036210290717475,-0.06463335633890685,-0.06054085027009928,-0.26567172813095746,-0.3166486815863489,-0.2924299832005182,0.04402314333694645,0.05126707423904902,0.047001390769553855,5.6674786973342e-15,1.4715044897965754e-17,7.179435049397694e-15
120.64,"[0.06062, 0.0456, 0.39274789586197045]",0.0456,0.39274789586197045,-0.07427337409141582,-0.08478226670928057,-0.07776553927207186,0.19508245948041483,0.2226792717890258,0.20309604112866037,-0.052993782720628504,-0.06463335633890685,-0.06054085027009928,-0.27259578761633846,-0.3166486815863489,-0.2924299832005182,0.044794287616348766,0.05126707423904902,0.047001390769553855,5.1954551269302664e-15,1.4715044897965754e-17,7.179435049397694e-15
120.66,"[0.06062, 0.0456, 0.39170024084345934]",0.0456,0.39170024084345934,-0.07462259060949306,-0.08665034610297351,-0.0784416746181247,0.19588381764530202,0.22708665679496187,0.20468856618071735,-0.05374848947850067,-0.06873779689547344,-0.061925424244490525,-0.2745792071779399,-0.3273037857104438,-0.29615645712776884,0.04501499793165729,0.05245668095250894,0.04742848644409733,6.8260309011596374e-15,1.4875743712554902e-17,7.197142734412587e-15
120.68,"[0.06062, 0.0456, 0.39170024084345934]",0.0456,0.39170024084345934,-0.0753482165711297,-0.08665034610297351,-0.07989723870250767,0.19755671986712842,0.22708665679496187,0.20807586968660627,-0.05530210708955224,-0.06873779689547344,-0.06511420865983684,-0.27867888467434776,-0.3273037857104438,-0.3044640522133246,0.04547356074899887,0.05245668095250894,0.04835246587070105,7.240593599565531e-15,1.4875743712554902e-17,7.075229719586282e-15
120.7,"[0.06062, 0.0456, 0.39170024084345934]",0.0456,0.39170024084345934,-0.07607917515852965,-0.08665034610297351,-0.08056229972076356,0.19924452001056966,0.22708665679496187,0.20964731547829565,-0.056875786149418774,-0.06873779689547344,-0.06649438412789307,-0.28281911177094354,-0.3273037857104438,-0.30815147545757104,0.045935921934880934,0.05245668095250894,0.04877344668089375,7.190188064784722e-15,1.4875743712554902e-17,6.901248473065036e-15
120.72,"[0.06062, 0.0456, 0.3906313084702352]",0.0456,0.3906313084702352,-0.07687111333368518,-0.08852407659275552,-0.08130776199441442,0.20107962102827387,0.2315199428250785,0.2113866329358155,-0.05857910397866918,-0.07291091535090283,-0.06815251027336115,-0.28730039278525044,-0.338058396487296,-0.31243694436341224,0.046437163363683975,0.05365245441576862,0.04924773554869289,4.710447801829946e-15,1.5036734273009082e-17,7.01972474132754e-15
120.74,"[0.06062, 0.0456, 0.3906313084702352]",0.0456,0.3906313084702352,-0.0776469849745963,-0.08852407659275552,-0.08200906969399291,0.2028814147196513,0.2315199428250785,0.21304393662249194,-0.060248819827103804,-0.07291091535090283,-0.06964394076262778,-0.2916906453895257,-0.338058396487296,-0.31637197865898353,0.04692848608070957,0.05365245441576862,0.04969285771614168,4.931695301317766e-15,1.5036734273009082e-17,7.0790746801104445e-15
120.76,"[0.06062, 0.0456, 0.3895421536494966]",0.0456,0.3895421536494966,-0.07841266337831676,-0.09040086849794918,-0.0833839191891634,0.20466313654950427,0.23597239947201562,0.21626880733272275,-0.06189966406643562,-0.0771482627660999,-0.0726886453694218,-0.2960259456301118,-0.348899033338245,-0.3242517752952809,0.047413655696345855,0.0548527577186244,0.05056810458555849,5.3966010844593344e-15,1.505160653660195e-17,7.019091232611933e-15
120.78,"[0.06062, 0.0456, 0.3895421536494966]",0.0456,0.3895421536494966,-0.0792924105523195,-0.09040086849794918,-0.08405923366782879,0.20671792548971482,0.23597239947201562,0.21784313771660277,-0.0637987650006354,-0.0771482627660999,-0.07423527283761237,-0.30100739700140555,-0.348899033338245,-0.3281920223150867,0.047971607720201453,0.0548527577186244,0.05099915619769711,3.260878712935294e-15,1.505160653660195e-17,7.167812976489288e-15
120.8,"[0.06062, 0.0456, 0.3895421536494966]",0.0456,0.3895421536494966,-0.08019810694427776,-0.09040086849794918,-0.08471131238472211,0.20883171581296472,0.23597239947201562,0.2193913958778938,-0.06578170149534106,-0.0771482627660999,-0.07563413019281115,-0.3061724758170683,-0.348899033338245,-0.3318636304983904,0.048546841930897665,0.0548527577186244,0.05141384282319662,4.955951885472241e-15,1.505160653660195e-17,7.466972632753436e-15
120.821,"[0.06062, 0.0456, 0.3884338512455564]",0.0456,0.3884338512455564,-0.08149482038551889,-0.09227824988660269,-0.0854476600535733,0.21186631966568376,0.24043747634735366,0.22112070142725287,-0.06862001903682176,-0.08144539957413668,-0.07731722375627506,-0.3135634775045142,-0.3598125793531123,-0.33615061810057983,0.049370860801271316,0.05605601530565192,0.05188445910921115,4.951097695505587e-15,1.4955437073988967e-17,7.656708040360918e-15
120.84,"[0.06062, 0.0456, 0.3884338512455564]",0.0456,0.3884338512455564,-0.08189010435233857,-0.09227824988660269,-0.08614206179086514,0.21279175784192306,0.24043747634735366,0.2227749483919426,-0.06948973951186103,-0.08144539957413668,-0.0788262533303921,-0.31582219156740204,-0.3598125793531123,-0.3400832543860484,0.04962222063204844,0.05605601530565192,0.05232701126138244,7.135999531783678e-15,1.4955437073988967e-17,7.730515722545349e-15
120.86,"[0.06062, 0.0456, 0.3873074950190802]",0.0456,0.3873074950190802,-0.0826979762656607,-0.09415386454536248,-0.08679118797149456,0.21468856404656453,0.24490880947580346,0.2243298332057642,-0.07126367714319409,-0.08579789914607877,-0.08020853266358788,-0.3204317935090549,-0.3707862811362258,-0.34371951788911087,0.05013613085159069,0.05726071247358219,0.05274025281381746,7.907312449832895e-15,1.5097133145201258e-17,7.570776805335885e-15
120.88,"[0.06062, 0.0456, 0.3873074950190802]",0.0456,0.3873074950190802,-0.08347568648977083,-0.09415386454536248,-0.08753267621424947,0.21652040518695234,0.24490880947580346,0.22609928193015388,-0.07296319969792318,-0.08579789914607877,-0.0818490989948262,-0.3248564611473983,-0.3707862811362258,-0.3479550083309498,0.05063091402438142,0.05726071247358219,0.05321395135623307,8.621511657419702e-15,1.5097133145201258e-17,7.45944735844525e-15
120.9,"[0.06062, 0.0456, 0.3873074950190802]",0.0456,0.3873074950190802,-0.08424651453742292,-0.09415386454536248,-0.08822442156524514,0.21834039176830783,0.24490880947580346,0.22777064061528518,-0.07465152057018104,-0.08579789914607877,-0.0833100125603212,-0.32924518511839274,-0.3707862811362258,-0.3518083909863829,0.051121691117400225,0.05726071247358219,0.053654739844885536,8.673695663234145e-15,1.5097133145201258e-17,7.309166673780079e-15
120.92,"[0.06062, 0.0456, 0.3861641965476769]",0.0456,0.3861641965476769,-0.085002316872708,-0.09602546951452605,-0.08970569459150839,0.22013213904937767,0.24938022671737653,0.23130136617495436,-0.07629663405421823,-0.09020135085120086,-0.08668298470681429,-0.3335321942394638,-0.38180774670738127,-0.3603935412338564,0.05160297037558814,0.05846539461278595,0.05460398168404435,8.945874481346318e-15,1.508038873939515e-17,6.845375191787926e-15
120.94,"[0.06062, 0.0456, 0.3861641965476769]",0.0456,0.3861641965476769,-0.08583175784706898,-0.09602546951452605,-0.0909957700177595,0.222101063627192,0.24938022671737653,0.23440358873582065,-0.07812448179841622,-0.09020135085120086,-0.08952793627373103,-0.3382646517294064,-0.38180774670738127,-0.3677401061374903,0.05213203027812403,0.05846539461278595,0.05542918110332132,5.0993922665729395e-15,1.508038873939515e-17,6.7874611278347226e-15
120.96,"[0.06062, 0.0456, 0.38500508412890583]",0.0456,0.38500508412890583,-0.08675671344569236,-0.0978909322789975,-0.09170744522650233,0.22430294526321792,0.25384575232130246,0.23610032795526642,-0.08016872799011857,-0.09465136264618045,-0.09118504683878847,-0.34354707102150095,-0.39286494176701664,-0.37191104901822875,0.05272256221749393,0.05966866624028519,0.05588648057330167,3.451180263494726e-15,1.492728770716565e-17,7.0441825878445405e-15
120.98,"[0.06062, 0.0456, 0.38500508412890583]",0.0456,0.38500508412890583,-0.0876333017152671,-0.0978909322789975,-0.09237737298803618,0.22639174144513172,0.25384575232130246,0.2377207431335925,-0.0821126886264625,-0.09465136264618045,-0.09266382258558618,-0.3485608419878015,-0.39286494176701664,-0.37572339319886766,0.05328254975276163,0.05966866624028519,0.056315589252082424,4.560185810395343e-15,1.492728770716565e-17,7.146635256593329e-15
121.0,"[0.06062, 0.0456, 0.38500508412890583]",0.0456,0.38500508412890583,-0.08847438175855721,-0.0978909322789975,-0.09300324786405166,0.22839841440005562,0.25384575232130246,0.2392431469597961,-0.08398431426752119,-0.09465136264618045,-0.09401528771715505,-0.35337861574787266,-0.39286494176701664,-0.37924282798690784,0.053820207476503235,0.05966866624028519,0.05671597157536038,5.719501915966458e-15,1.492728770716565e-17,6.982229752967732e-15
121.02,"[0.06062, 0.0456, 0.38383130166678286]",0.0456,0.38383130166678286,-0.08933486631860751,-0.09974822769562124,-0.09371324758540438,0.23045891358657938,0.25829961070752044,0.24094733598676538,-0.08589019922904773,-0.09914356322914207,-0.0956658369368058,-0.3582928160795639,-0.40394618460685083,-0.3833949251811063,0.05437040265524537,0.06086918986670562,0.05717276382475126,7.38242534990291e-15,1.49486146735621e-17,7.0721463994745415e-15
121.04,"[0.06062, 0.0456, 0.38383130166678286]",0.0456,0.38383130166678286,-0.09016675875930683,-0.09974822769562124,-0.0943776317171087,0.23245171384280108,0.25829961070752044,0.24256372732416948,-0.08774757039958644,-0.09914356322914207,-0.097133889451117,-0.3630622168151075,-0.40394618460685083,-0.38717293608517506,0.054902851277410104,0.06086918986670562,0.05759891205357051,8.064454734043976e-15,1.49486146735621e-17,7.042378522836576e-15
121.06,"[0.06062, 0.0456, 0.38262013186753663]",0.0456,0.38262013186753663,-0.09096682462129305,-0.10163283333389414,-0.09499915284005664,0.23437299640444198,0.26282621059736705,0.2440986743625122,-0.08953097102551208,-0.10376498471695447,-0.09842517240841075,-0.3676432534827029,-0.41526430460466657,-0.3905922261713028,0.055415102824837754,0.06208988102791141,0.057996150352204054,8.823827929878803e-15,1.4653700485780386e-17,6.880833024395116e-15
121.08,"[0.06062, 0.0456, 0.38262013186753663]",0.0456,0.38262013186753663,-0.09173296698285878,-0.10163283333389414,-0.09570492560267732,0.23622087521665272,0.26282621059736705,0.24581139741303254,-0.09122086929445704,-0.10376498471695447,-0.10003679818078288,-0.3720035582998466,-0.41526430460466657,-0.3946733021287273,0.05590550185499316,0.06208988102791141,0.05845032982222163,9.577679683848712e-15,1.4653700485780386e-17,6.666116366780079e-15
121.1,"[0.06062, 0.0456, 0.38262013186753663]",0.0456,0.38262013186753663,-0.09248763912062845,-0.10163283333389414,-0.096359573596097,0.238043074434159,0.26282621059736705,0.24741819663834794,-0.09289589578900759,-0.10376498471695447,-0.10146712056719567,-0.37631080963361646,-0.41526430460466657,-0.39836816249607687,0.05638901916872188,0.06208988102791141,0.0588705050198576,9.475987276505483e-15,1.4653700485780386e-17,6.42827021931051e-15
121.12,"[0.06062, 0.0456, 0.3814443734731708]",0.0456,0.3814443734731708,-0.09322330667096926,-0.1034302395811045,-0.09708780567170126,0.2398243476531463,0.26714871355066866,0.2491761086099547,-0.09452442850307242,-0.10823659882239338,-0.10320003266674158,-0.3805017066837975,-0.4261337135013837,-0.4026715733281079,0.056860501480391616,0.06325665237598453,0.0593409422348713,9.632310684626787e-15,1.4561369774682115e-17,6.20908902357352e-15
121.14,"[0.06062, 0.0456, 0.3814443734731708]",0.0456,0.3814443734731708,-0.09395756148111387,-0.1034302395811045,-0.09776215740037614,0.24160118223514745,0.26714871355066866,0.25081962465894114,-0.09617279330033912,-0.10823659882239338,-0.10474884707350908,-0.3847139813525081,-0.4261337135013837,-0.406578140120936,0.057331785223696134,0.06325665237598453,0.05977561571381023,9.145260553226918e-15,1.4561369774682115e-17,6.01742606033603e-15
121.16,"[0.06062, 0.0456, 0.3802335833516314]",0.0456,0.3802335833516314,-0.09468043470577686,-0.10525240473960713,-0.098510417536698,0.2433526862958723,0.2715364944468783,0.25262531927721443,-0.09780224352347619,-0.11282992622977736,-0.10656757338966105,-0.3888681715248352,-0.43722255496328066,-0.4110475098178783,0.05779611301676977,0.06444174851080062,0.06026023324704206,9.065962514551095e-15,1.507376321193621e-17,5.636821842581346e-15
121.18,"[0.06062, 0.0456, 0.3802335833516314]",0.0456,0.3802335833516314,-0.09534078803138328,-0.10525240473960713,-0.09920136253387686,0.2449519740468949,0.2715364944468783,0.254305332186646,-0.09930397083577848,-0.11282992622977736,-0.10820142766030516,-0.392680002534063,-0.43722255496328066,-0.41511060547899453,0.05822068028248246,0.06444174851080062,0.06070694166850624,7.5882526194564e-15,1.507376321193621e-17,5.388884926484583e-15
121.2,"[0.06062, 0.0456, 0.3802335833516314]",0.0456,0.3802335833516314,-0.0963310371767992,-0.10525240473960713,-0.09984124628603623,0.24735065305741266,0.2715364944468783,0.25587623117149655,-0.10158283944830132,-0.11282992622977736,-0.10965853931972444,-0.398429585192692,-0.43722255496328066,-0.4187951414824605,0.05885827373588395,0.06444174851080062,0.06111964074472804,8.852584723637314e-15,1.507376321193621e-17,5.18779382682629e-15
121.22,"[0.06062, 0.0456, 0.37901283208193703]",0.0456,0.37901283208193703,-0.09668205808770869,-0.10705880905381786,-0.10055568373490109,0.2482032108689166,0.27589001837707083,0.25759790352711365,-0.10239040943872901,-0.11744763326832648,-0.1114366000708862,-0.4004661408249445,-0.4482899752219971,-0.42311493415469775,0.05908441043674217,0.06561901394781806,0.06158360762767244,6.67798097840667e-15,1.547428308679591e-17,5.05708251409288e-15
121.24,"[0.06062, 0.0456, 0.37901283208193703]",0.0456,0.37901283208193703,-0.09735374759028015,-0.10705880905381786,-0.10183527651570824,0.24983325196219383,0.27589001837707083,0.2606908438615855,-0.10394916019749192,-0.11744763326832648,-0.11458587864274265,-0.4043806302234173,-0.4482899752219971,-0.43080242509462774,0.05951750088350248,0.06561901394781806,0.062413959525819566,5.7774781480088296e-15,1.547428308679591e-17,4.6993204651555436e-15
121.26,"[0.06062, 0.0456, 0.37778332439820783]",0.0456,0.37778332439820783,-0.09814971872694217,-0.10884841406370796,-0.10305532577844553,0.25176176707128545,0.2802060977411601,0.26362090451945847,-0.1058343814364512,-0.12208603787565053,-0.11768718994731701,-0.40906846134559344,-0.4593280953652358,-0.4382647000201913,0.06003181670970341,0.0667876721509383,0.0632078749399713,2.3382942060351516e-15,1.5609190542462716e-17,5.230914114967377e-15
121.28,"[0.06062, 0.0456, 0.37778332439820783]",0.0456,0.37778332439820783,-0.09902392740407773,-0.10884841406370796,-0.10422857654052048,0.25387772586213925,0.2802060977411601,0.2664276982754619,-0.1079317915105085,-0.12208603787565053,-0.12073449799163403,-0.41425155406467157,-0.4593280953652358,-0.44552683129088627,0.06059746333045696,0.0667876721509383,0.06397288526043408,2.5306635518522425e-16,1.5609190542462716e-17,6.172296922997041e-15
121.301,"[0.06062, 0.0456, 0.37778332439820783]",0.0456,0.37778332439820783,-0.10039330002316292,-0.10884841406370796,-0.10528453732332083,0.25718180693705134,0.2802060977411601,0.26899281866449365,-0.11128945431299482,-0.12208603787565053,-0.1233258696299994,-0.4224656496421657,-0.4593280953652358,-0.4518522201562869,0.06148531725982586,0.0667876721509383,0.06465862492943053,-1.090959311400298e-15,1.5609190542462716e-17,6.954752447215189e-15
121.32,"[0.06062, 0.0456, 0.3765214640959395]",0.0456,0.3765214640959395,-0.1008824237531746,-0.11065553239527286,-0.10587507697020147,0.25836290810990936,0.2845666719217506,0.27039885651296974,-0.11249309584811572,-0.12683452446220952,-0.12491198122009656,-0.4254043066969612,-0.47054877341380486,-0.45557517924477886,0.061802648026755634,0.06797007566740568,0.06504504856325989,-4.740766000378019e-16,1.5159103253303093e-17,7.643790462710911e-15
121.34,"[0.06062, 0.0456, 0.3765214640959395]",0.0456,0.3765214640959395,-0.10183102786442594,-0.11065553239527286,-0.1069892943645901,0.2606497383067419,0.2845666719217506,0.2731166938048343,-0.1148526840753405,-0.12683452446220952,-0.1276530958001446,-0.43113677248757754,-0.47054877341380486,-0.4622491278222449,0.06241870412863085,0.06797007566740568,0.06576951519212122,3.529453464937437e-15,1.5159103253303093e-17,8.429698527319636e-15
121.36,"[0.06062, 0.0456, 0.37530290073528727]",0.0456,0.37530290073528727,-0.1027624318118801,-0.11237103212092349,-0.1069892943645901,0.2628992317489645,0.2887064922807322,0.2731166938048343,-0.11716705531005106,-0.1314075742470176,-0.1276530958001446,-0.43675942848850585,-0.48127587561441904,-0.4622491278222449,0.0630237523573775,0.06909486341881976,0.06576951519212122,3.197076679337731e-15,1.5240431732723662e-17,8.429698527319636e-15
121.38,"[0.06062, 0.0456, 0.37530290073528727]",0.0456,0.37530290073528727,-0.10356553569691947,-0.11237103212092349,-0.10761520799842329,0.2648405495398346,0.2887064922807322,0.27463305538582594,-0.11915940300993613,-0.1314075742470176,-0.1292593478278135,-0.44160247136861164,-0.48127587561441904,-0.46608541156034566,0.06354544729591313,0.06909486341881976,0.0661781193568422,9.980375536849175e-15,1.5240431732723662e-17,8.687691567030219e-15
121.4,"[0.06062, 0.0456, 0.37530290073528727]",0.0456,0.37530290073528727,-0.1043349734342113,-0.11237103212092349,-0.10819960870924482,0.26670112565082243,0.2887064922807322,0.27608361597146613,-0.12107839253196799,-0.1314075742470176,-0.13062485315577751,-0.44625423001157927,-0.48127587561441904,-0.4694801358764026,0.06404565498742489,0.06909486341881976,0.06655716092350744,1.1038563741878828e-14,1.5240431732723662e-17,8.394835773838983e-15
121.42,"[0.06062, 0.0456, 0.3740544326347861]",0.0456,0.3740544326347861,-0.10506925413646767,-0.1141023206413852,-0.1088603534807122,0.2684837988119829,0.2928853862534253,0.2777098294622707,-0.12289222005721252,-0.13608332406990825,-0.13224988060784196,-0.4506671521324689,-0.4921708562243059,-0.47342554748261223,0.06452284111521399,0.07023203356228643,0.06698763717221012,1.2117068865628787e-14,1.5185591247801145e-17,7.690924331904335e-15
121.44,"[0.06062, 0.0456, 0.3740544326347861]",0.0456,0.3740544326347861,-0.10573009598243856,-0.1141023206413852,-0.109467505286826,0.27009038542160946,0.2928853862534253,0.27921951269429235,-0.12452392309781413,-0.13608332406990825,-0.13368400651895743,-0.4546361602109562,-0.4921708562243059,-0.47696844040158,0.06495240950359317,0.07023203356228643,0.06738211725885881,1.1290227937004525e-14,1.5185591247801145e-17,7.0562544370904146e-15
121.46,"[0.06062, 0.0456, 0.37280210146186954]",0.0456,0.37280210146186954,-0.1063855600877174,-0.11581101671801318,-0.109467505286826,0.2716890481127792,0.29700847076513875,0.27921951269429235,-0.1261352676225598,-0.14076254981103695,-0.13368400651895743,-0.4585604330910209,-0.5029974296823986,-0.47696844040158,0.06537855076922684,0.07135652559050329,0.06738211725885881,1.0975696387327463e-14,1.5192257323724754e-17,7.0562544370904146e-15
121.48,"[0.06062, 0.0456, 0.37280210146186954]",0.0456,0.37280210146186954,-0.10728856765101807,-0.11581101671801318,-0.110773791770059,0.27389631586476665,0.29700847076513875,0.2824290495071243,-0.12835187531345954,-0.14076254981103695,-0.13697167715864647,-0.46395900793008016,-0.5029974296823986,-0.48486073334037477,0.06596580899567195,0.07135652559050329,0.06823538606663594,1.1148722368890737e-14,1.5192257323724754e-17,5.29287879651561e-15
121.5,"[0.06062, 0.0456, 0.37280210146186954]",0.0456,0.37280210146186954,-0.10757426182894586,-0.11581101671801318,-0.110773791770059,0.274595147397889,0.29700847076513875,0.2824290495071243,-0.12905598787799955,-0.14076254981103695,-0.13697167715864647,-0.4656699560292847,-0.5029974296823986,-0.48486073334037477,0.06615173152980683,0.07135652559050329,0.06823538606663594,1.3052207171395446e-14,1.5192257323724754e-17,5.29287879651561e-15
121.52,"[0.06062, 0.0456, 0.37154714311620957]",0.0456,0.37154714311620957,-0.10818217251775773,-0.11749645122047597,-0.1114685766043792,0.2760835887989062,0.30107357867715967,0.2841152515673818,-0.13055996884807153,-0.14544163145286668,-0.1388278950680953,-0.46931620372496036,-0.5137489821691553,-0.489202001098156,0.06654762589173292,0.07246778359134702,0.06869161993220073,1.1866968361086343e-14,1.516608167646519e-17,4.85038054268283e-15
121.54,"[0.06062, 0.0456, 0.37154714311620957]",0.0456,0.37154714311620957,-0.1088065892942189,-0.11749645122047597,-0.1121078915266879,0.2776096047251908,0.30107357867715967,0.2856776624645593,-0.13213087483659897,-0.14544163145286668,-0.14049332438412884,-0.47309450523242086,-0.5137489821691553,-0.49313730120057003,0.06695498475934965,0.07246778359134702,0.06911063635705916,1.0314997406992496e-14,1.516608167646519e-17,4.573941894048277e-15
121.561,"[0.06062, 0.0456, 0.3702907960901803]",0.0456,0.3702907960901803,-0.10943383671838977,-0.11915755580593024,-0.11335281128322634,0.27914253569594183,0.30507722832907824,0.288704883040297,-0.1337197402574167,-0.15011647609955867,-0.1438180433982555,-0.4769026364729585,-0.5244171800539147,-0.5009081847323404,0.06736455856284071,0.07356501012506461,0.0699284386236209,9.545486758214602e-15,1.519099125694751e-17,4.0008937980352e-15
121.58,"[0.06062, 0.0456, 0.3702907960901803]",0.0456,0.3702907960901803,-0.11044280537129891,-0.11915755580593024,-0.11396055106460318,0.28160652549284465,0.30507722832907824,0.2901771896873987,-0.1363072176285815,-0.15011647609955867,-0.1454720590741522,-0.4830667602321059,-0.5244171800539147,-0.5047422474670692,0.06802435264759678,0.07356501012506461,0.07032839307036921,6.855195354934987e-15,1.519099125694751e-17,4.16021220653579e-15
121.6,"[0.06062, 0.0456, 0.3702907960901803]",0.0456,0.3702907960901803,-0.11079457994062418,-0.11915755580593024,-0.11452570304739987,0.2824635919124473,0.30507722832907824,0.29156172399592645,-0.13722370177664237,-0.15011647609955867,-0.14694715767756514,-0.48523430895899605,-0.5244171800539147,-0.5082203434759108,0.06825475668983498,0.07356501012506461,0.07069910978834451,4.368960504126586e-15,1.519099125694751e-17,4.244045564417492e-15
121.62,"[0.06062, 0.0456, 0.3690343002466159]",0.0456,0.3690343002466159,-0.11145262965246062,-0.1207933301600943,-0.11452570304739987,0.2840676289208153,0.30901615457312037,0.29156172399592645,-0.13893839953040563,-0.15478302020789886,-0.14694715767756514,-0.4892886268830588,-0.5349939559184116,-0.5082203434759108,0.06868581927385602,0.07464745374017773,0.07069910978834451,5.083273119260633e-15,1.5157575942955933e-17,4.244045564417492e-15
121.64,"[0.06062, 0.0456, 0.3690343002466159]",0.0456,0.3690343002466159,-0.11203651359751625,-0.1207933301600943,-0.11574653874103621,0.2854915069853737,0.30901615457312037,0.2945093904877504,-0.14046006358542074,-0.15478302020789886,-0.15034489414818947,-0.4928856530425047,-0.5349939559184116,-0.5160159947334783,0.0690683444715275,0.07464745374017773,0.07150451416777973,9.994254408859155e-15,1.5157575942955933e-17,3.87358926583562e-15
121.662,"[0.06062, 0.0456, 0.36777889559521526]",0.0456,0.36777889559521526,-0.11299433660554713,-0.12240283890898862,-0.1163974845661889,0.2878199671856632,0.31288729994035636,0.29606076430637757,-0.14300831290151766,-0.15943722551834955,-0.15225766697613088,-0.49885273170929306,-0.5454714887801548,-0.5203069500252188,0.06969718473503561,0.0757144028048919,0.07193617226201583,6.9375725481094546e-15,1.5514365612665754e-17,4.081666399110779e-15
121.68,"[0.06062, 0.0456, 0.36777889559521526]",0.0456,0.36777889559521526,-0.11333465140160988,-0.12240283890898862,-0.11700202399459804,0.28864404689789913,0.31288729994035636,0.2975144938466219,-0.14393324831246873,-0.15943722551834955,-0.1539807297673734,-0.5009981535442688,-0.5454714887801548,-0.5242180347208174,0.06992108348769255,0.0757144028048919,0.07233602780664344,3.677253937969726e-15,1.5514365612665754e-17,4.291458756061879e-15
121.7,"[0.06062, 0.0456, 0.36777889559521526]",0.0456,0.36777889559521526,-0.11397704364572352,-0.12240283890898862,-0.11756521121382874,0.2901985961598264,0.31288729994035636,0.2988838436953841,-0.1456871941446351,-0.15943722551834955,-0.15552322443188546,-0.5050579333518722,-0.5454714887801548,-0.5277748821099337,0.07034393590919406,0.0757144028048919,0.07270731157696889,3.945822742318284e-15,1.5514365612665754e-17,4.434530491443489e-15
121.72,"[0.06062, 0.0456, 0.3665258210688026]",0.0456,0.3665258210688026,-0.11460810863393234,-0.12398520897271803,-0.11819268226475005,0.29172555170547837,0.316687813262234,0.300383024515279,-0.14741721538642613,-0.16407507875285463,-0.15736731974480425,-0.5090540373575814,-0.5558421966458765,-0.5319058165113322,0.0707595617466575,0.07676518432494926,0.07312365240388412,4.642588304232175e-15,1.5217393175963057e-17,4.568584443187302e-15
121.74,"[0.06062, 0.0456, 0.3665258210688026]",0.0456,0.3665258210688026,-0.11523270522920866,-0.12398520897271803,-0.11877622671823945,0.2932355452658508,0.316687813262234,0.3017908080215022,-0.1491417666433215,-0.16407507875285463,-0.15902583739633144,-0.5130240913073356,-0.5558421966458765,-0.5356694011893615,0.07117126829702312,0.07676518432494926,0.07350974732256449,4.360155806704048e-15,1.5217393175963057e-17,4.693216304122395e-15
121.76,"[0.06062, 0.0456, 0.3652763133006499]",0.0456,0.3652763133006499,-0.11585345531131105,-0.12553962702898105,-0.11941967220340606,0.2947343446741572,0.32041504800100074,0.30331741464770773,-0.15087047350480062,-0.16869259133341433,-0.16097694301686138,-0.5169879775706039,-0.5660987293280729,-0.5399826201218358,0.07158083076910783,0.07779916278473523,0.07393809273598327,4.7000796965213684e-15,1.497741667375834e-17,4.8439729428916974e-15
121.78,"[0.06062, 0.0456, 0.3652763133006499]",0.0456,0.3652763133006499,-0.11647312642714888,-0.12553962702898105,-0.11941967220340606,0.2962277333730813,0.32041504800100074,0.30331741464770773,-0.1526151032132417,-0.16869259133341433,-0.16097694301686138,-0.5209687699580945,-0.5660987293280729,-0.5399826201218358,0.07199015945551891,0.07779916278473523,0.07393809273598327,4.2059661031642385e-15,1.497741667375834e-17,4.8439729428916974e-15
121.8,"[0.06062, 0.0456, 0.3652763133006499]",0.0456,0.3652763133006499,-0.11703297012464901,-0.12553962702898105,-0.12001688949263656,0.29757477281555084,0.32041504800100074,0.3047566309474707,-0.15420385278323848,-0.16869259133341433,-0.1626948790560366,-0.5245814014961184,-0.5660987293280729,-0.5438573209363194,0.07236026677871459,0.07779916278473523,0.07433385127964104,9.81668122917437e-15,1.497741667375834e-17,4.682819023533626e-15
121.82,"[0.06062, 0.0456, 0.3640316054040695]",0.0456,0.3640316054040695,-0.11759991480456648,-0.1270653370912657,-0.12067093887660536,0.29893932586091143,0.32406656033832754,0.30630563982230374,-0.15581714778219588,-0.17328579916654363,-0.1647045962082533,-0.5282438261964969,-0.5762339616153449,-0.5482719640446303,0.07273524783379964,0.07881573903398689,0.0747700026983989,9.15725710796392e-15,1.5154981650120682e-17,4.661680431382974e-15
121.84,"[0.06062, 0.0456, 0.3640316054040695]",0.0456,0.3640316054040695,-0.11818340937825754,-0.1270653370912657,-0.12127862722953621,0.30033892551388486,0.32406656033832754,0.30775659366455194,-0.15750576299024063,-0.17328579916654363,-0.1665223586266847,-0.5320491723943662,-0.5762339616153449,-0.552305238190217,0.07312185125798176,0.07881573903398689,0.07517426665108169,8.074735123585116e-15,1.5154981650120682e-17,4.743110957496889e-15
121.86,"[0.06062, 0.0456, 0.36279292575547983]",0.0456,0.36279292575547983,-0.11871680881823633,-0.12856163819655278,-0.12184524090027185,0.30161769661701315,0.3276401070129493,0.30912140081184303,-0.15905531755062385,-0.17785076251557672,-0.16816673398862286,-0.5355348302291963,-0.5862409868030316,-0.555996159606489,0.07347542642683642,0.07981434921734562,0.07555020997807269,6.689291063761898e-15,1.573105769411173e-17,4.2760092413500116e-15
121.88,"[0.06062, 0.0456, 0.36279292575547983]",0.0456,0.36279292575547983,-0.1193112109138229,-0.12856163819655278,-0.1224695534314804,0.30304340041432715,0.3276401070129493,0.3106003927502987,-0.16078648668107665,-0.17785076251557672,-0.17009599093617078,-0.5394224828176777,-0.5862409868030316,-0.5602191054761579,0.07386963530147599,0.07981434921734562,0.07596694211914205,7.138312905605792e-15,1.573105769411173e-17,4.5046275085648045e-15
121.9,"[0.06062, 0.0456, 0.36279292575547983]",0.0456,0.36279292575547983,-0.11991129599218091,-0.12856163819655278,-0.12305189586250087,0.30447922895847057,0.3276401070129493,0.31200300634324235,-0.1625552924967442,-0.17785076251557672,-0.17179772408177,-0.5433738411295654,-0.5862409868030316,-0.5640232815201194,0.07426812359673639,0.07981434921734562,0.07635372744526565,6.8951937956924195e-15,1.573105769411173e-17,4.39725066776559e-15
121.92,"[0.06062, 0.0456, 0.3615614967821465]",0.0456,0.3615614967821465,-0.12045559914874683,-0.1300278821962849,-0.1236883072896727,0.3057825114385114,0.3311336428963932,0.3135090768512987,-0.16415819852203517,-0.18238356598180178,-0.17378313450989116,-0.5469548589665919,-0.5961131105861666,-0.56834782017569,0.0746295776485084,0.08079446374347188,0.07677909246112367,6.180391012756189e-15,1.5772130332854208e-17,4.4226293419635765e-15
121.94,"[0.06062, 0.0456, 0.3615614967821465]",0.0456,0.3615614967821465,-0.12101253666707916,-0.1300278821962849,-0.12428082526760394,0.30711501252153095,0.3311336428963932,0.314923337691368,-0.16580824942838912,-0.18238356598180178,-0.175580035097881,-0.5506303131240732,-0.5961131105861666,-0.5723029885681299,0.07499970261138005,0.08079446374347188,0.07717409660663492,4.903839123387206e-15,1.5772130332854208e-17,4.5415376379430575e-15
121.96,"[0.06062, 0.0456, 0.36033853375579394]",0.0456,0.36033853375579394,-0.1215801848831644,-0.13146347164348582,-0.12492381991376308,0.30847131082849993,0.3345453182942858,0.31643333676216107,-0.16750316765994752,-0.18688031861431068,-0.17764662151985572,-0.5543921563099203,-0.6058438453126029,-0.5767494883650107,0.07537728709728245,0.08175558628988773,0.07760523384699146,4.596986056126011e-15,1.5586592814532668e-17,4.750864123287806e-15
121.98,"[0.06062, 0.0456, 0.36033853375579394]",0.0456,0.36033853375579394,-0.12215760602082741,-0.13146347164348582,-0.1255239772955952,0.30984819583984485,0.3345453182942858,0.31785540222925346,-0.16924443112258605,-0.18688031861431068,-0.17952116071205534,-0.5582398644254432,-0.6058438453126029,-0.5808248543513572,0.0757617946279943,0.08175558628988773,0.07800656599473495,3.715629111234512e-15,1.5586592814532668e-17,5.008357482574816e-15
122.0,"[0.06062, 0.0456, 0.36033853375579394]",0.0456,0.36033853375579394,-0.1230212798883655,-0.13146347164348582,-0.12608646238051763,0.31190296146897417,0.3345453182942858,0.319203115509482,-0.17187758717736518,-0.18688031861431068,-0.18121366220737278,-0.5640302920603182,-0.6058438453126029,-0.5845559730312205,0.07633761976426447,0.08175558628988773,0.07838141932527247,7.139592481009754e-15,1.5586592814532668e-17,5.220743975784469e-15
122.02,"[0.06062, 0.0456, 0.35910108469405017]",0.0456,0.35910108469405017,-0.12332779813757469,-0.13289599907042704,-0.12669371732079937,0.31263297687318803,0.33794036359110124,0.32062177695458915,-0.17281119468415132,-0.1914260313965769,-0.18320676110084555,-0.5660828601609238,-0.6156183912103866,-0.5888058289566087,0.07654199972031148,0.08271610512293842,0.07878956597040747,4.396220545139267e-15,1.5579394788100353e-17,5.164661674898247e-15
122.04,"[0.06062, 0.0456, 0.35910108469405017]",0.0456,0.35910108469405017,-0.12396732278239231,-0.13289599907042704,-0.12726665760804567,0.31415084888897155,0.33794036359110124,0.32197629477551487,-0.17478635231071857,-0.1914260313965769,-0.18501811092396483,-0.5704002242389736,-0.6156183912103866,-0.5927205115895617,0.07696903730772335,0.08271610512293842,0.07917326777014395,5.350037106462752e-15,1.5579394788100353e-17,5.636085415915406e-15
122.06,"[0.06062, 0.0456, 0.3579228236655099]",0.0456,0.3579228236655099,-0.12459419639926791,-0.13424020619885887,-0.1278084081176794,0.3156376836077234,0.3411154647404818,0.3232747615684777,-0.17673038645470418,-0.19574998647752265,-0.18665423201679465,-0.5746410788424872,-0.6248549529972555,-0.596316978840995,0.07738784109547481,0.08361883337543834,0.07953454533662611,6.613021615105902e-15,1.4922074372336818e-17,5.929638295719549e-15
122.083,"[0.06062, 0.0456, 0.3579228236655099]",0.0456,0.3579228236655099,-0.12552457109025275,-0.13424020619885887,-0.12895464996917866,0.3178474440273366,0.3411154647404818,0.32598642548820933,-0.1796086877848486,-0.19574998647752265,-0.19028556649737602,-0.5809219028739119,-0.6248549529972555,-0.6041477245317484,0.07800936771810708,0.08361883337543834,0.08030258498799743,4.812230002924128e-15,1.4922074372336818e-17,5.926149371459468e-15
122.1,"[0.06062, 0.0456, 0.3579228236655099]",0.0456,0.3579228236655099,-0.12586757897814227,-0.13424020619885887,-0.129480258432397,0.31866134217359354,0.3411154647404818,0.3272513710839306,-0.180676375659944,-0.19574998647752265,-0.19185718438408958,-0.5832444850432439,-0.6248549529972555,-0.6076102993026163,0.07823868944503887,0.08361883337543834,0.08065288936495305,2.67568477616128e-15,1.4922074372336818e-17,6.213924359344148e-15
122.12,"[0.06062, 0.0456, 0.3567324606157854]",0.0456,0.3567324606157854,-0.12650668331275802,-0.13558105836912296,-0.13005967138158242,0.3201796025632426,0.3442735495728251,0.3286250308622879,-0.1826592837153251,-0.200115729735503,-0.1936874053508248,-0.5875623580300995,-0.6341258350383394,-0.6115552530131814,0.07866586003578276,0.08452052230510691,0.08104113185368524,4.804219429382827e-15,1.4979167709706183e-17,6.339692872276432e-15
122.141,"[0.06062, 0.0456, 0.3567324606157854]",0.0456,0.3567324606157854,-0.12742261063053026,-0.13558105836912296,-0.13060426281836948,0.3223570471906774,0.3442735495728251,0.3299328051448164,-0.1854996567911591,-0.200115729735503,-0.19533527758325217,-0.5937448913299496,-0.6341258350383394,-0.6151638689008136,0.07927811105668096,0.08452052230510691,0.08140458887491892,9.304479132032133e-15,1.4979167709706183e-17,6.347575016587579e-15
122.16,"[0.06062, 0.0456, 0.3555553291887212]",0.0456,0.3555553291887212,-0.1277407758493077,-0.13688900082672642,-0.13111685186078612,0.32311462298625493,0.3473430816506872,0.33118161882133423,-0.18648321887427546,-0.20442986984013445,-0.19680842187675934,-0.5958867890906056,-0.6432300850459668,-0.6184538011270089,0.07949075883844478,0.08540134306507788,0.08174511978973237,6.6937068565801e-15,1.4744881309794513e-17,6.205555712031713e-15
122.18,"[0.06062, 0.0456, 0.3555553291887212]",0.0456,0.3555553291887212,-0.12833609727766596,-0.13688900082672642,-0.13168159230953264,0.3245349589643327,0.3473430816506872,0.3325334739106028,-0.18831242446601176,-0.20442986984013445,-0.19854256372209508,-0.5998784274841453,-0.6432300850459668,-0.6222245253316416,0.07988843963673761,0.08540134306507788,0.08212263622298259,7.939827901472846e-15,1.4744881309794513e-17,5.974279638355478e-15
122.2,"[0.06062, 0.0456, 0.3555553291887212]",0.0456,0.3555553291887212,-0.1289209146933323,-0.13688900082672642,-0.13220935599948486,0.32593300984640466,0.3473430816506872,0.33381190430438956,-0.19010007816621255,-0.20442986984013445,-0.2000975316777278,-0.6037848209037016,-0.6432300850459668,-0.6256584002946574,0.08027896050901243,0.08540134306507788,0.08247411447476954,7.957183755639884e-15,1.4744881309794513e-17,5.708720088919965e-15
122.22,"[0.06062, 0.0456, 0.3543925910709191]",0.0456,0.3543925910709191,-0.1294982198094023,-0.13816399288665362,-0.1327843751429584,0.32731494105828934,0.35032432299102223,0.335179834247191,-0.19185964722508206,-0.2086888874094494,-0.20190645026959025,-0.6076317522482908,-0.6521634341465653,-0.6295504473471097,0.08066440671972427,0.08626115919418798,0.08285946817582182,8.4286264105198e-15,1.4845570970765383e-17,5.431599052859807e-15
122.24,"[0.06062, 0.0456, 0.3543925910709191]",0.0456,0.3543925910709191,-0.13007083759986626,-0.13816399288665362,-0.133320390495322,0.3286861570696519,0.35032432299102223,0.33646843358432743,-0.19360573713790916,-0.2086888874094494,-0.20353406216230324,-0.6114460200892965,-0.6521634341465653,-0.633098125324477,0.08104678656316627,0.08626115919418798,0.08321750326878147,7.910267888181551e-15,1.4845570970765383e-17,5.177369373561622e-15
122.26,"[0.06062, 0.0456, 0.3532453937445223]",0.0456,0.3532453937445223,-0.13064001126828886,-0.1394057021929193,-0.13389983214155612,0.3300488156674145,0.35321652055213576,0.3378366235860512,-0.19534563382990502,-0.2128890486883486,-0.20540678949828894,-0.6152406290730011,-0.6609205295105769,-0.6370817412521614,0.08142699957874298,0.08709965168280576,0.08360690908012625,8.025628679847379e-15,1.477706207752573e-17,4.94907442962773e-15
122.28,"[0.06062, 0.0456, 0.3532453937445223]",0.0456,0.3532453937445223,-0.13120722748605104,-0.1394057021929193,-0.13443969839831316,0.3314053620721309,0.35321652055213576,0.3391240124219604,-0.19708870795431915,-0.2128890486883486,-0.20709634533596813,-0.619031914960508,-0.6609205295105769,-0.6407175257878626,0.08180613586086025,0.08709965168280576,0.08396860330814745,7.299193817063204e-15,1.477706207752573e-17,4.764583407889553e-15
122.3,"[0.06062, 0.0456, 0.3532453937445223]",0.0456,0.3532453937445223,-0.13177280899627264,-0.1394057021929193,-0.13494221365918363,0.33275604064368947,0.35321652055213576,0.340326334062234,-0.19883809903917174,-0.2128890486883486,-0.20865135619248254,-0.6228249604164846,-0.6609205295105769,-0.6440775839265794,0.08218445219519634,0.08709965168280576,0.0843049149112726,7.304519906025433e-15,1.477706207752573e-17,4.253679684811929e-15
122.32,"[0.06062, 0.0456, 0.3521148693547891]",0.0456,0.3521148693547891,-0.13237499588222715,-0.14061383340288539,-0.13548996265764102,0.3341943963935331,0.35601909113320523,0.34161493367275303,-0.2007026179061161,-0.21702665138776886,-0.21044604755496896,-0.6268629588904526,-0.669496197549295,-0.6478702254159708,0.08258734011112175,0.08791653126733323,0.08467357422519976,8.704745219326795e-15,1.4659328831462068e-17,4.329120346569519e-15
122.34,"[0.06062, 0.0456, 0.3521148693547891]",0.0456,0.3521148693547891,-0.13296683956955951,-0.14061383340288539,-0.13600306460516762,0.33560429847691536,0.35601909113320523,0.3428364255791231,-0.20255386954718055,-0.21702665138776886,-0.21206393148941813,-0.6308543395373287,-0.669496197549295,-0.6513364790424062,0.08298372459266658,0.08791653126733323,0.08501763175547707,9.085342682594369e-15,1.4659328831462068e-17,4.323175671165138e-15
122.36,"[0.06062, 0.0456, 0.35100213359280236]",0.0456,0.35100213359280236,-0.133543722326326,-0.14178812743425873,-0.1364845565283542,0.33697840262665885,0.35873161381563845,0.34399849542944844,-0.2043607813240458,-0.2210980251702619,-0.2135124362007177,-0.6347459460503461,-0.6778854371002863,-0.6544941807079795,0.08337016695346863,0.08871153471131292,0.08533907800244392,9.779316694964654e-15,1.4448009565335845e-17,4.195557778174287e-15
122.38,"[0.06062, 0.0456, 0.35100213359280236]",0.0456,0.35100213359280236,-0.13410248082471035,-0.14178812743425873,-0.13701057275528492,0.3383122202595082,0.35873161381563845,0.3452443551010869,-0.2060995957585023,-0.2210980251702619,-0.21520132260968633,-0.6384981106423696,-0.6778854371002863,-0.6580831433109653,0.08374426005264018,0.08871153471131292,0.08569244770815898,1.0611858412821946e-14,1.4448009565335845e-17,3.994619574986955e-15
122.4,"[0.06062, 0.0456, 0.34990828459441686]",0.0456,0.34990828459441686,-0.13489057373790211,-0.14292835984164526,-0.1374999720084205,0.34019082880204343,0.3613538242026505,0.3464258324938001,-0.2085661637464818,-0.22509953361408055,-0.21667417229804306,-0.6438056545057016,-0.6860834164106264,-0.6612880238203295,0.08427221890709174,0.08948442392326725,0.08601921823210038,1.3149523748934913e-14,1.437230954233706e-17,3.4207398737499447e-15
122.42,"[0.06062, 0.0456, 0.34990828459441686]",0.0456,0.34990828459441686,-0.1351515135649463,-0.14292835984164526,-0.1380299074518821,0.3408143291713887,0.3613538242026505,0.34767853243965935,-0.20937696460569813,-0.22509953361408055,-0.2183878723098723,-0.6455538914407917,-0.6860834164106264,-0.664914325692457,0.08444691883952248,0.08948442392326725,0.08637549594205042,9.746766939972621e-15,1.437230954233706e-17,2.9546030557643523e-15
122.44,"[0.06062, 0.0456, 0.34990828459441686]",0.0456,0.34990828459441686,-0.13565071421355335,-0.14292835984164526,-0.13852156017825845,0.3420057847975697,0.3613538242026505,0.34885166988065863,-0.21093480407625553,-0.22509953361408055,-0.21992937863881654,-0.6489060067871356,-0.6860834164106264,-0.6682126441608821,0.08478128349497097,0.08948442392326725,0.08670504977384082,8.294762841418782e-15,1.437230954233706e-17,2.614636130820056e-15
122.46,"[0.06062, 0.0456, 0.34883440185653214]",0.0456,0.34883440185653214,-0.13615192620147235,-0.1440343392048508,-0.13897859677365285,0.3432009205939976,0.3638856082550163,0.34994554187142285,-0.2125050376814268,-0.2290275764307965,-0.2213474576537537,-0.6522774192330392,-0.6940854703238237,-0.6712584465168546,0.0851171392429569,0.09023498505773538,0.08701109491657162,7.69815576777888e-15,1.4613404018583786e-17,2.003550446074903e-15
122.48,"[0.06062, 0.0456, 0.34883440185653214]",0.0456,0.34883440185653214,-0.13668899361018758,-0.1440343392048508,-0.13993965745813572,0.344482398637038,0.3638856082550163,0.35220339729840044,-0.21418509748413173,-0.2290275764307965,-0.224517023534621,-0.6558838144240657,-0.6940854703238237,-0.677907559459808,0.08547699082080319,0.09023498505773538,0.08765848430382611,8.53190436528448e-15,1.4613404018583786e-17,1.6741435997452423e-15
122.5,"[0.06062, 0.0456, 0.34883440185653214]",0.0456,0.34883440185653214,-0.13726494302128847,-0.1440343392048508,-0.14037617187241613,0.3458513312202747,0.3638856082550163,0.35324577624073034,-0.21601136463487736,-0.2290275764307965,-0.22588169537119074,-0.6597808733301244,-0.6940854703238237,-0.6808258352346254,0.08586341373414984,0.09023498505773538,0.08795099655625897,2.8748719056253306e-15,1.4613404018583786e-17,1.855449600611585e-15
122.52,"[0.06062, 0.0456, 0.3477815451717589]",0.0456,0.3477815451717589,-0.13781679020571738,-0.1451059055239471,-0.14085362788650482,0.34716246166968207,0.3663269957342725,0.3543637861108531,-0.21776390701748866,-0.23287859194320343,-0.2274718813097537,-0.66351677127936,-0.7018870976663426,-0.6841448909227041,0.08623372836748812,0.09096302760109883,0.08827292882094656,4.510069958976657e-15,1.4488615631608706e-17,1.910219950325143e-15
122.54,"[0.06062, 0.0456, 0.3477815451717589]",0.0456,0.3477815451717589,-0.13835081832380167,-0.1451059055239471,-0.14129788067179835,0.3484300924255361,0.3663269957342725,0.35540761121974923,-0.2194653054065031,-0.23287859194320343,-0.22893542703097775,-0.6671373990067521,-0.7018870976663426,-0.6872112513230533,0.08659220254967927,0.09096302760109883,0.0885721420121079,4.898266703691399e-15,1.4488615631608706e-17,1.6098562811756441e-15
122.56,"[0.06062, 0.0456, 0.34675075358253227]",0.0456,0.34675075358253227,-0.13891076016992404,-0.14614292861512476,-0.14171682258601717,0.34975582099677444,0.36867815325456,0.3564076774214469,-0.22126462852319068,-0.23664905982526963,-0.23024569726235117,-0.6709514309539854,-0.7094839588155136,-0.6900081948851438,0.0869683910473941,0.09166838343884083,0.08885287788205713,6.591200691131924e-15,1.40855918750788e-17,1.7703550627262354e-15
122.58,"[0.06062, 0.0456, 0.34675075358253227]",0.0456,0.34675075358253227,-0.1394062072567009,-0.14614292861512476,-0.14217892635684615,0.3509296677596428,0.36867815325456,0.3574976792558025,-0.22285310727085197,-0.23664905982526963,-0.23174779728269468,-0.674320491187438,-0.7094839588155136,-0.6931652209382939,0.08730117731753695,0.09166838343884083,0.08916368167174864,7.137784519677037e-15,1.40855918750788e-17,1.5157118447594162e-15
122.6,"[0.06062, 0.0456, 0.34675075358253227]",0.0456,0.34675075358253227,-0.1398914345463541,-0.14614292861512476,-0.14217892635684615,0.3520794897791622,0.36867815325456,0.3574976792558025,-0.22440790937928293,-0.23664905982526963,-0.23174779728269468,-0.6776168575024138,-0.7094839588155136,-0.6931652209382939,0.0876270808036166,0.09166838343884083,0.08916368167174864,6.743829685644442e-15,1.40855918750788e-17,1.5157118447594162e-15
122.62,"[0.06062, 0.0456, 0.3457430443557017]",0.0456,0.3457430443557017,-0.14032605799035539,-0.1471453065020977,-0.1426735414419976,0.35310894578005814,0.370939376947735,0.3586490333016845,-0.2258024880891611,-0.24033550410375953,-0.2334217350268074,-0.6805710465625014,-0.7168718734311159,-0.6966285475477709,0.0879190349684087,0.09235090590142354,0.08949767782696331,1.2048051699514652e-14,1.3924520109277157e-17,1.0035322762147154e-15
122.64,"[0.06062, 0.0456, 0.3457430443557017]",0.0456,0.3457430443557017,-0.1407720798461691,-0.1471453065020977,-0.14313015720174382,0.35416156240951535,0.370939376947735,0.359720592382336,-0.22725014501532564,-0.24033550410375953,-0.23492822709456992,-0.6836219717567937,-0.7168718734311159,-0.6997729594441922,0.08821897711138364,0.09235090590142354,0.08980521497031732,1.0235310607298938e-14,1.3924520109277157e-17,6.890195771766793e-16
122.66,"[0.06062, 0.0456, 0.3447594119786119]",0.0456,0.3447594119786119,-0.1412201145437287,-0.14811296379864533,-0.1435528981759993,0.35521777810469474,0.3731110847500386,0.3607231472869851,-0.22870898061844466,-0.24393449641886408,-0.23627605208652802,-0.6866906594245169,-0.7240468183335339,-0.702620572990537,0.08852036230442886,0.09301046878652348,0.09008897374793505,9.318576579200104e-15,1.3537809061032473e-17,4.550934540819259e-16
122.682,"[0.06062, 0.0456, 0.3447594119786119]",0.0456,0.3447594119786119,-0.14185229890807688,-0.14811296379864533,-0.1440097423821016,0.35670973315357923,0.3731110847500386,0.3617905644192304,-0.23075965699793757,-0.24393449641886408,-0.2378013636349567,-0.6910076660111585,-0.7240468183335339,-0.7057860494095278,0.08894545600539791,0.09301046878652348,0.0903969954716397,1.1167899005081185e-14,1.3537809061032473e-17,-2.0537957439362242e-17
122.7,"[0.06062, 0.0456, 0.3447594119786119]",0.0456,0.3447594119786119,-0.14206804325547592,-0.14811296379864533,-0.14443155147204423,0.3572178162803334,0.3731110847500386,0.3627845543944846,-0.23146382766576618,-0.24393449641886408,-0.23917187964217546,-0.6924855043546412,-0.7240468183335339,-0.7086575516727496,0.0890906099519428,0.09301046878652348,0.09068061670688958,7.024161026467346e-15,1.3537809061032473e-17,-3.083977833231539e-16
122.72,"[0.06062, 0.0456, 0.34380082717766364]",0.0456,0.34380082717766364,-0.1424791469985278,-0.1490458500787561,-0.1448844240099048,0.3581860374245935,0.3751938083224544,0.3638274752035897,-0.23280501110872467,-0.2474426595388023,-0.24074836765669644,-0.6952997581485076,-0.7310049255121519,-0.7118776719832676,0.08936718532405478,0.09364696535596169,0.09098723193156738,6.035173217718976e-15,1.347966013847345e-17,-4.60875217556632e-16
122.74,"[0.06062, 0.0456, 0.34380082717766364]",0.0456,0.34380082717766364,-0.14309429439304952,-0.1490458500787561,-0.1448844240099048,0.3596303904776623,0.3751938083224544,0.3638274752035897,-0.23482996521567093,-0.2474426595388023,-0.24074836765669644,-0.6995315430627987,-0.7310049255121519,-0.7118776719832676,0.08978138212126681,0.09364696535596169,0.09098723193156738,7.310117452106595e-15,1.347966013847345e-17,-4.60875217556632e-16
122.76,"[0.06062, 0.0456, 0.3428682359603242]",0.0456,0.3428682359603242,-0.14327330735473792,-0.14994393823176147,-0.1453009793847024,0.3600500989504338,0.37718818462090664,0.36480133678755045,-0.235421805464143,-0.25085667112092025,-0.2421331357900018,-0.7007661559586762,-0.7377424802486043,-0.7147512555178986,0.08990196710221209,0.09426030730631658,0.09126791570581122,9.498457618734289e-15,1.3189054310416052e-17,-7.795677015625208e-16
122.78,"[0.06062, 0.0456, 0.3428682359603242]",0.0456,0.3428682359603242,-0.1436585650404307,-0.14994393823176147,-0.145746430744001,0.3609528341398337,0.37718818462090664,0.36581875608184966,-0.23669695823418846,-0.25085667112092025,-0.24371741171971964,-0.7034233248820626,-0.7377424802486043,-0.7179591759064308,0.09016149733673705,0.09426030730631658,0.09157013834517366,8.2143213014879e-15,1.3189054310416052e-17,-9.125889798329324e-16
122.8,"[0.06062, 0.0456, 0.3428682359603242]",0.0456,0.3428682359603242,-0.1440552595241114,-0.14994393823176147,-0.1461586379148625,0.36187735930917286,0.37718818462090664,0.36676781652513235,-0.23803084440454544,-0.25085667112092025,-0.24514932562218558,-0.7061851365838132,-0.7377424802486043,-0.7208815883586384,0.09042913912818049,0.09426030730631658,0.09184910099979787,6.7396559409612344e-15,1.3189054310416052e-17,-8.916321781365619e-16
122.82,"[0.06062, 0.0456, 0.3419625586815319]",0.0456,0.3419625586815319,-0.14445490141835512,-0.15080722280081682,-0.14659698746953476,0.36280654618055624,0.3790949471365591,0.3677556211611047,-0.23938335584405193,-0.25417326770927173,-0.24676376494127694,-0.708977462428175,-0.744255919340507,-0.7241085385637205,0.09069893188362661,0.09485042371286607,0.09214757724549974,6.141728742756116e-15,1.3561974866661663e-17,-7.632985017022901e-16
122.84,"[0.06062, 0.0456, 0.3419625586815319]",0.0456,0.3419625586815319,-0.1448618977680827,-0.15080722280081682,-0.1473820607712414,0.36374687042721904,0.3790949471365591,0.36954295929999487,-0.24078563358065866,-0.25417326770927173,-0.24957290810731428,-0.7118523669010614,-0.744255919340507,-0.7297770275053185,0.0909741745022206,0.09485042371286607,0.09268043793486695,5.282449894593918e-15,1.3561974866661663e-17,-6.63941148521908e-16
122.86,"[0.06062, 0.0456, 0.34108468913541723]",0.0456,0.34108468913541723,-0.14530668980361452,-0.15163571830407888,-0.14773522251499552,0.3647705194618104,0.3809149168306702,0.3703521995906051,-0.2423339347773579,-0.2573892489561183,-0.2508130220078535,-0.7150129734165623,-0.7505418294124956,-0.7322953858634577,0.09127527174680679,0.09541725994721424,0.09291965523336045,1.580790011520784e-17,1.3793871066828979e-17,-4.663475642233244e-16
122.88,"[0.06062, 0.0456, 0.34108468913541723]",0.0456,0.34108468913541723,-0.14573632646183945,-0.15163571830407888,-0.1481191892734391,0.36575820706047363,0.3809149168306702,0.3712148118203314,-0.24383335110833976,-0.2573892489561183,-0.2522340405551522,-0.7180699795364225,-0.7505418294124956,-0.7351272404888437,0.09156617505222207,0.09541725994721424,0.09318116874889264,1.5421635614445459e-15,1.3793871066828979e-17,-3.7043346072489035e-16
122.9,"[0.06062, 0.0456, 0.34108468913541723]",0.0456,0.34108468913541723,-0.14618907039604612,-0.15163571830407888,-0.14848069003225925,0.36679496196519873,0.3809149168306702,0.3720391634862436,-0.24542948211148075,-0.2573892489561183,-0.2535171692378647,-0.7213108591245744,-0.7505418294124956,-0.7377197911948528,0.09187302385442256,0.09541725994721424,0.09342625430104703,3.106954128802124e-15,1.3793871066828979e-17,9.498298033487537e-17
122.92,"[0.06062, 0.0456, 0.34021880804386473]",0.0456,0.34021880804386473,-0.1468100993174624,-0.15244512981531133,-0.1488733020777121,0.36821614057788987,0.3826833550692157,0.3729258308274891,-0.24762124533463745,-0.26056265467250656,-0.25494483604190477,-0.7257576797259627,-0.7567161646643712,-0.740577236110617,0.09229394930521553,0.09597150272375904,0.09369306440415272,7.51518481981574e-15,1.3400491889604444e-17,6.662724807183886e-17
122.94,"[0.06062, 0.0456, 0.34021880804386473]",0.0456,0.34021880804386473,-0.14701641959348663,-0.15244512981531133,-0.1492381286477546,0.3686871096030449,0.3826833550692157,0.3737594951954542,-0.24835360440958365,-0.26056265467250656,-0.2562276452333457,-0.727239635368114,-0.7567161646643712,-0.7431734960381954,0.09243386081502222,0.09597150272375904,0.09394008836616084,4.282360990623444e-15,1.3400491889604444e-17,5.2331315372872205e-17
122.96,"[0.06062, 0.0456, 0.339415810348384]",0.0456,0.339415810348384,-0.1474057099224927,-0.15318835514282225,-0.1492381286477546,0.36957583307283404,0.38429762374025167,0.3737594951954542,-0.24973421934714032,-0.26350687023610814,-0.2562276452333457,-0.7300334055091268,-0.7624177240831056,-0.7431734960381954,0.0926978118929876,0.09648086381838027,0.09394008836616084,4.473880879492892e-15,1.3580175151959918e-17,5.2331315372872205e-17
122.98,"[0.06062, 0.0456, 0.339415810348384]",0.0456,0.339415810348384,-0.14775386948029565,-0.15318835514282225,-0.14962669998343703,0.3703707288764687,0.38429762374025167,0.37463751772466597,-0.25096797027398904,-0.26350687023610814,-0.2576336103784869,-0.732530022716977,-0.7624177240831056,-0.7459881074034019,0.09293384442271596,0.09648086381838027,0.09420393450706564,9.611267553791731e-15,1.3580175151959918e-17,-2.6170403195608135e-16
123.0,"[0.06062, 0.0456, 0.339415810348384]",0.0456,0.339415810348384,-0.1481097072758928,-0.15318835514282225,-0.14998438775573683,0.37118141875797894,0.38429762374025167,0.37545992882185575,-0.25223444190211436,-0.26350687023610814,-0.2588642723166939,-0.7350870588145703,-0.7624177240831056,-0.7484935621671752,0.09317516153857029,0.09648086381838027,0.09444550172041274,8.396256817794521e-15,1.3580175151959918e-17,-7.18583602995499e-16
123.02,"[0.06062, 0.0456, 0.33862644808934195]",0.0456,0.33862644808934195,-0.14843370466755393,-0.15391287957337818,-0.15036316941720046,0.3719203186717167,0.38586339073133447,0.376304139915753,-0.2533833501147295,-0.26640253464697694,-0.2602820133325782,-0.7374088035299937,-0.7680024679477504,-0.7512965734401754,0.09339478512374609,0.09697776330917261,0.09470359087133479,6.972576169461074e-15,1.3786914512886125e-17,-1.3070967629872649e-15
123.04,"[0.06062, 0.0456, 0.33862644808934195]",0.0456,0.33862644808934195,-0.14876621262045672,-0.15391287957337818,-0.15071403025562297,0.372677265709993,0.38586339073133447,0.37709908025894323,-0.25456649944293386,-0.26640253464697694,-0.2615371118135377,-0.7397952088055071,-0.7680024679477504,-0.7538147968373712,0.0936202301920316,0.09697776330917261,0.0949414580831523,5.224638213789315e-15,1.3786914512886125e-17,-1.427678707216606e-15
123.06,"[0.06062, 0.0456, 0.33786818590135853]",0.0456,0.33786818590135853,-0.1491047204956796,-0.1546027043002823,-0.1510846909004454,0.3734458658437583,0.38734581653544653,0.3779212924570956,-0.2557779569383636,-0.26918547206251214,-0.2629368556173082,-0.7422322904329904,-0.7733470695961165,-0.7565704600729272,0.09384985544210589,0.09745121866722206,0.0951941893118435,4.457265726892044e-15,1.3794642558564316e-17,-1.440412617102352e-15
123.08,"[0.06062, 0.0456, 0.33786818590135853]",0.0456,0.33786818590135853,-0.14944755541455307,-0.1546027043002823,-0.1514287270849066,0.3742221978028183,0.38734581653544653,0.3786858256320628,-0.2570121707532998,-0.26918547206251214,-0.26422965106028956,-0.7447085329805412,-0.7733470695961165,-0.7591195714595607,0.0940825330665982,0.09745121866722206,0.09542863177170996,3.3991103596356942e-15,1.3794642558564316e-17,-1.6961902522237474e-15
123.1,"[0.06062, 0.0456, 0.33786818590135853]",0.0456,0.33786818590135853,-0.14982397803192163,-0.1546027043002823,-0.15175093142766594,0.37507028709072693,0.38734581653544653,0.37941213188526274,-0.2583834920199837,-0.26918547206251214,-0.26539451687741256,-0.7474466302987665,-0.7733470695961165,-0.7614455106098701,0.09433829182039154,0.09745121866722206,0.09564725584063911,4.015805869940584e-15,1.3794642558564316e-17,-1.3927340185459467e-15
123.12,"[0.06062, 0.0456, 0.33712757365228]",0.0456,0.33712757365228,-0.15019009917711285,-0.15527091705366317,-0.15209461930285967,0.375895237602036,0.38877412429876795,0.3801720219918298,-0.25971558675128564,-0.2719050483514813,-0.26669868924822415,-0.7501064175651015,-0.7785491680745369,-0.764005684059963,0.09458699498405922,0.09791015855283536,0.09588164816781913,4.860324484594255e-15,1.3804102480848685e-17,-1.1558138754911628e-15
123.14,"[0.06062, 0.0456, 0.33712757365228]",0.0456,0.33712757365228,-0.15055195800100638,-0.15527091705366317,-0.15241477909139117,0.37670782663644997,0.38877412429876795,0.3808955004422844,-0.2610423762340733,-0.2719050483514813,-0.26784399424704414,-0.7527472782063359,-0.7785491680745369,-0.7662974461534298,0.09483297908879357,0.09791015855283536,0.09609856778260104,5.10164757295132e-15,1.3804102480848685e-17,-1.2743301179370066e-15
123.16,"[0.06062, 0.0456, 0.33644792356099096]",0.0456,0.33644792356099096,-0.15087707962721028,-0.15587892516326748,-0.1527125424134105,0.37743837159936633,0.3900663048446355,0.38157106331144525,-0.2622316062150223,-0.27440207882858736,-0.2688971307341779,-0.7551155515350737,-0.7833062259204719,-0.7684127983293796,0.09505391817510572,0.09832804398040619,0.09630006535616921,4.770155821585012e-15,1.3741725014733826e-17,-1.628232443839869e-15
123.18,"[0.06062, 0.0456, 0.33644792356099096]",0.0456,0.33644792356099096,-0.1512258175565876,-0.15587892516326748,-0.15303009382847457,0.378223583025007,0.3900663048446355,0.38227793364858953,-0.26349805588209524,-0.27440207882858736,-0.27007650406917516,-0.7576420284332299,-0.7833062259204719,-0.7707409157682791,0.09529068613932502,0.09832804398040619,0.09651603781101573,5.602940861514865e-15,1.3741725014733826e-17,-1.5041779685805411e-15
123.2,"[0.06062, 0.0456, 0.33644792356099096]",0.0456,0.33644792356099096,-0.15156863004824697,-0.15587892516326748,-0.15332640529177716,0.37899390964383856,0.3900663048446355,0.38294693868029395,-0.26474796104605214,-0.27440207882858736,-0.2711350869149832,-0.7601308170341123,-0.7833062259204719,-0.7728572944460146,0.09552350295676289,0.09832804398040619,0.09671670634227346,5.812190552656905e-15,1.3741725014733826e-17,-1.4354545494246495e-15
123.22,"[0.06062, 0.0456, 0.33578732503606645]",0.0456,0.33578732503606645,-0.15190260734451716,-0.1564657181040636,-0.15364061499444523,0.37974498516111205,0.39130741570380245,0.38364257287543513,-0.26596151496959103,-0.27683043308613636,-0.2723146606676788,-0.7625488477496091,-0.7879164132063862,-0.7751747401255782,0.09575021159982518,0.09873158147123574,0.09693059423004868,6.2790571425324664e-15,1.390998857408673e-17,-1.4025725885157167e-15
123.24,"[0.06062, 0.0456, 0.33578732503606645]",0.0456,0.33578732503606645,-0.15223282879800448,-0.1564657181040636,-0.15393308370649797,0.3804855268271862,0.39130741570380245,0.38429869415662393,-0.2671686126606501,-0.27683043308613636,-0.27337422821815416,-0.764947767308265,-0.7879164132063862,-0.7772805129459177,0.09597448429938232,0.09873158147123574,0.09712889599979123,6.232526410790851e-15,1.390998857408673e-17,-1.3931938160459394e-15
123.26,"[0.06062, 0.0456, 0.33516062845388267]",0.0456,0.33516062845388267,-0.152555877230618,-0.15701825566317762,-0.15449362029045924,0.38121002862012787,0.3924699167442422,0.38555518488002305,-0.26834767962502915,-0.27913539208396915,-0.2754054401548693,-0.7672909889866536,-0.7922766826291421,-0.781314245706928,0.09619382252227338,0.09911178994724154,0.09750889861724822,6.513096465827085e-15,1.3775161022383171e-17,-1.7167142147652593e-15
123.28,"[0.06062, 0.0456, 0.33516062845388267]",0.0456,0.33516062845388267,-0.15289815282275374,-0.15701825566317762,-0.15476172157461685,0.3819784658210781,0.3924699167442422,0.38614960729813685,-0.26959098246160546,-0.27913539208396915,-0.2764040531538223,-0.7697640642769137,-0.7922766826291421,-0.7832784191861565,0.09642605630617969,0.09911178994724154,0.09769117280780856,2.5854069391284015e-15,1.3775161022383171e-17,-1.7934332295636994e-15
123.3,"[0.06062, 0.0456, 0.33516062845388267]",0.0456,0.33516062845388267,-0.15325223088560894,-0.15701825566317762,-0.15501535249978945,0.3827709827020682,0.3924699167442422,0.38672307488083135,-0.27088546590162144,-0.27913539208396915,-0.2772995788950336,-0.7723317917169293,-0.7922766826291421,-0.7850710414388407,0.09666642844129997,0.09911178994724154,0.09786260690758095,4.268101667041868e-15,1.3775161022383171e-17,-1.5777578820566986e-15
123.32,"[0.06062, 0.0456, 0.3345684522883041]",0.0456,0.3345684522883041,-0.15375393182145444,-0.15753675001271283,-0.15550906675100595,0.38389717429012454,0.3935553463777662,0.38784355279603927,-0.2727030022243478,-0.28131455604149835,-0.2790209949486073,-0.7759462843266285,-0.7963851963190596,-0.7885291438400852,0.0970066410833767,0.09946877122222979,0.09819581759914026,4.533086099008187e-15,1.3742492320802158e-17,-1.7895892664406924e-15
123.34,"[0.06062, 0.0456, 0.3345684522883041]",0.0456,0.3345684522883041,-0.1540644786560261,-0.15753675001271283,-0.15550906675100595,0.38459580034063867,0.3935553463777662,0.38784355279603927,-0.2738198739260903,-0.28131455604149835,-0.2790209949486073,-0.7781717387575833,-0.7963851963190596,-0.7885291438400852,0.09721703910912724,0.09946877122222979,0.09819581759914026,5.026510410834162e-15,1.3742492320802158e-17,-1.7895892664406924e-15
123.36,"[0.06062, 0.0456, 0.3340113809457121]",0.0456,0.3340113809457121,-0.1542089374655258,-0.15802132110946598,-0.15574745299333434,0.3849205755863587,0.3945648602474325,0.38839082839860645,-0.2743399860328851,-0.2833656230570009,-0.2798228826324648,-0.7792074792697006,-0.8002399588568299,-0.7901586801880514,0.09731491695802622,0.09980256964026524,0.09835608198923253,7.278568217566983e-15,1.3817530263125168e-17,-2.0029357526680326e-15
123.38,"[0.06062, 0.0456, 0.3340113809457121]",0.0456,0.3340113809457121,-0.15450125541580847,-0.15802132110946598,-0.1560015088885203,0.3855799236210319,0.3945648602474325,0.3889617044325754,-0.2753817363953335,-0.2833656230570009,-0.28072869745741674,-0.7812882074514446,-0.8002399588568299,-0.791961193006467,0.0975127383137624,0.09980256964026524,0.09852786579540015,7.719390834691564e-15,1.3817530263125168e-17,-2.271977185826718e-15
123.4,"[0.06062, 0.0456, 0.3340113809457121]",0.0456,0.3340113809457121,-0.15478630357562417,-0.15802132110946598,-0.15623626290316234,0.3862224619755766,0.3945648602474325,0.38949695130489476,-0.2763976590056353,-0.2833656230570009,-0.28153146274384366,-0.7833160747141416,-0.8002399588568299,-0.7935811216342007,0.09770561253508012,0.09980256964026524,0.09868590052820081,7.568159214149055e-15,1.3817530263125168e-17,-2.55150414485342e-15
123.42,"[0.06062, 0.0456, 0.33348996418826554]",0.0456,0.33348996418826554,-0.15506179584785607,-0.1584720897812619,-0.15648408862642618,0.38684461494849604,0.3954995923290517,0.3900499600755274,-0.2773730817244216,-0.2852864094933479,-0.2824288042423148,-0.7852664336362034,-0.8038391093210655,-0.7953554531168253,0.09789186725357857,0.10011323332577719,0.09885369437849259,7.610230703670399e-15,1.3722578644825076e-17,-2.8395272947983347e-15
123.44,"[0.06062, 0.0456, 0.33348996418826554]",0.0456,0.33348996418826554,-0.15533203147578536,-0.1584720897812619,-0.15671257417298776,0.38745363052298626,0.3954995923290517,0.3905665528120605,-0.2783336690113292,-0.2852864094933479,-0.28322631955958516,-0.7871833473447608,-0.8038391093210655,-0.7969515926152533,0.0980746144071173,0.10011323332577719,0.09900778613273786,7.209286777173312e-15,1.3722578644825076e-17,-3.1054632996781822e-15
123.46,"[0.06062, 0.0456, 0.3330047165913528]",0.0456,0.3330047165913528,-0.15559433458825397,-0.1588891764335595,-0.15714648949917642,0.38804508575826213,0.3963606456796099,0.3915457441233852,-0.2792632726240269,-0.28707485500588037,-0.2847462181362684,-0.7890393139534017,-0.8071809202259554,-0.7999879623958736,0.09825191703478929,0.10040081272797981,0.09930047933951651,7.0782494520854085e-15,1.367125503947438e-17,-3.812039461030771e-15
123.48,"[0.06062, 0.0456, 0.3330047165913528]",0.0456,0.3330047165913528,-0.15586917800367814,-0.1588891764335595,-0.1573534608725378,0.38866568340729046,0.3963606456796099,0.39200704172658757,-0.2802315537841847,-0.28707485500588037,-0.28549517732741575,-0.7909749831744507,-0.8071809202259554,-0.8014672677164277,0.09843754591819191,0.10040081272797981,0.0994405532080943,3.660794602161707e-15,1.367125503947438e-17,-4.062656363168367e-15
123.5,"[0.06062, 0.0456, 0.3330047165913528]",0.0456,0.3330047165913528,-0.15615119174876313,-0.1588891764335595,-0.1575467399713769,0.3893005414883105,0.3963606456796099,0.39244618934461833,-0.28123164226595115,-0.28707485500588037,-0.2861578981600079,-0.7929685172446894,-0.8071809202259554,-0.8027999969361267,0.09862811730307557,0.10040081272797981,0.09957061736390818,4.589849124277903e-15,1.367125503947438e-17,-4.050745055936171e-15
123.52,"[0.06062, 0.0456, 0.3325561170357672]",0.0456,0.3325561170357672,-0.1564163459110603,-0.15927269951676684,-0.15775205115730562,0.38989821458136,0.39714908330893545,0.3929034849596802,-0.28216763089438945,-0.28872902745507817,-0.2868997490980505,-0.7948364983933277,-0.8102637963940937,-0.8042643800434135,0.09880719231443505,0.10066535953156286,0.09970950294785946,5.383545558808408e-15,1.3810696380650934e-17,-4.132804416791168e-15
123.54,"[0.06062, 0.0456, 0.3325561170357672]",0.0456,0.3325561170357672,-0.15665165190111424,-0.15927269951676684,-0.15811802670400632,0.3904280593482414,0.39714908330893545,0.3937329878510804,-0.2829999667771885,-0.28872902745507817,-0.28815901397296206,-0.7964960014344229,-0.8102637963940937,-0.8067908072925393,0.09896613163203144,0.10066535953156286,0.09995579076988258,4.963326198197896e-15,1.3810696380650934e-17,-4.810377975904247e-15
123.56,"[0.06062, 0.0456, 0.33214460823511016]",0.0456,0.33214460823511016,-0.15691440238387572,-0.15962277405852737,-0.1583053673795985,0.3910199262930085,0.39786591943327193,0.3941509326302857,-0.2839261379668134,-0.29024712764183364,-0.2888307204400463,-0.798343222069342,-0.8130862738751319,-0.8081186465462074,0.09914350384267394,0.10090692561063107,0.10008237469785301,2.713615634958397e-15,1.376897837072015e-17,-4.824885416500317e-15
123.58,"[0.06062, 0.0456, 0.33214460823511016]",0.0456,0.33214460823511016,-0.15716182507226087,-0.15962277405852737,-0.15847800115774996,0.39157720246731875,0.39786591943327193,0.39454273321630745,-0.2847975550632447,-0.29024712764183364,-0.28942049810268183,-0.8000810471943661,-0.8130862738751319,-0.8093035116102278,0.09931049675144017,0.10090692561063107,0.1001984304604947,3.169941475787784e-15,1.376897837072015e-17,-4.909120171684692e-15
123.6,"[0.06062, 0.0456, 0.33214460823511016]",0.0456,0.33214460823511016,-0.15739636148847008,-0.15962277405852737,-0.15863818155250053,0.39210539125723787,0.39786591943327193,0.39490876029256183,-0.2856228342596722,-0.29024712764183364,-0.28995685769654905,-0.8017266775848734,-0.8130862738751319,-0.8103884948971134,0.09946875913732148,0.10090692561063107,0.1003058947082567,3.66484930144637e-15,1.376897837072015e-17,-5.167486951146997e-15
123.62,"[0.06062, 0.0456, 0.33177059629888583]",0.0456,0.33177059629888583,-0.15763230730063657,-0.15993951027062683,-0.15880822894180266,0.39263803137430264,0.39851211116926083,0.3952899497589942,-0.28644629872127064,-0.29162749382925374,-0.29055669931077543,-0.8033724228814674,-0.8156470189158528,-0.8115794901325186,0.09962781489559687,0.10112556203313047,0.10042056095838287,4.5017553125186775e-15,1.3774828954291854e-17,-5.228180606943749e-15
123.641,"[0.06062, 0.0456, 0.33177059629888583]",0.0456,0.33177059629888583,-0.15795284467613493,-0.15993951027062683,-0.15896459343457028,0.39336143401139456,0.39851211116926083,0.39564604077012044,-0.2875643465699242,-0.29162749382925374,-0.29108386378542955,-0.8056063451600827,-0.8156470189158528,-0.8126422667059354,0.09984385566839843,0.10112556203313047,0.10052550652173281,3.190022363695146e-15,1.3774828954291854e-17,-5.60059925585213e-15
123.66,"[0.06062, 0.0456, 0.33143445033172025]",0.0456,0.33143445033172025,-0.15815942099619038,-0.16022301223985605,-0.15910803399410373,0.3938288392673022,0.3990885507248826,0.3959793404840899,-0.28827852149135696,-0.2928686060158116,-0.2915385302043566,-0.8070368355056591,-0.8179448269876702,-0.8135789191519815,0.09998293821217531,0.10132131812303069,0.10062119534020272,3.65814052945357e-15,1.3639965319417681e-17,-5.739091013468463e-15
123.68,"[0.06062, 0.0456, 0.33143445033172025]",0.0456,0.33143445033172025,-0.15825428229598376,-0.16022301223985605,-0.15940007058249894,0.39404388938916807,0.3990885507248826,0.39663990730953036,-0.2886045223672072,-0.2928686060158116,-0.2925396900644733,-0.8076910438741381,-0.8179448269876702,-0.8155838502913485,0.10004676392487008,0.10132131812303069,0.10081747874587846,4.898816168935007e-15,1.3639965319417681e-17,-6.311758929731307e-15
123.7,"[0.06062, 0.0456, 0.33143445033172025]",0.0456,0.33143445033172025,-0.1584594013379313,-0.16022301223985605,-0.15952799851767904,0.39450843313620054,0.3990885507248826,0.39693787151608606,-0.28931013593849736,-0.2928686060158116,-0.2929408181145346,-0.8091057121512111,-0.8179448269876702,-0.8164125871753303,0.10018476541776056,0.10132131812303069,0.10090270778372681,2.6147407878465153e-15,1.3639965319417681e-17,-6.419441098872828e-15
123.72,"[0.06062, 0.0456, 0.33113650206909967]",0.0456,0.33113650206909967,-0.1586509212879169,-0.16047337671189613,-0.15952799851767904,0.3949432096501433,0.39959605814156435,0.39693787151608606,-0.28996386403603813,-0.2939690899259178,-0.2929408181145346,-0.8104194320934942,-0.8199786218778689,-0.8164125871753303,0.10031350385368278,0.1014942405873107,0.10090270778372681,3.0730312030124456e-15,1.3596060045109899e-17,-6.419441098872828e-15
123.742,"[0.06062, 0.0456, 0.33113650206909967]",0.0456,0.33113650206909967,-0.1589011839361436,-0.16047337671189613,-0.1596537457072742,0.39551257969481257,0.39959605814156435,0.39722603830096737,-0.2908119788590489,-0.2939690899259178,-0.2933544206692584,-0.8121275148890921,-0.8199786218778689,-0.8172519647559652,0.1004815923815214,0.1014942405873107,0.10098685041462699,3.836541443286935e-15,1.3596060045109899e-17,-6.658343742378391e-15
123.76,"[0.06062, 0.0456, 0.3308770455499875]",0.0456,0.3308770455499875,-0.15897644011325845,-0.1606906919768987,-0.15976781232029771,0.3956839255556168,0.40003537463870403,0.3974918213134457,-0.29106622304461394,-0.2949277206856501,-0.29371053091537574,-0.8126399598796166,-0.8217474548510354,-0.8179881364357657,0.10053211818472316,0.10164437271446788,0.10106279312871692,4.648299222338117e-15,1.3586777475852282e-17,-6.879894788518412e-15
123.78,"[0.06062, 0.0456, 0.3308770455499875]",0.0456,0.3308770455499875,-0.15912680083259606,-0.1606906919768987,-0.15988630143683039,0.3960274257499623,0.40003537463870403,0.39776092312330713,-0.2915686415486515,-0.2949277206856501,-0.2941097532580945,-0.813656113432535,-0.8217474548510354,-0.8187909211706592,0.10063294642387581,0.10164437271446788,0.10114225006378492,4.360327319070324e-15,1.3586777475852282e-17,-7.077051577113481e-15
123.8,"[0.06062, 0.0456, 0.3308770455499875]",0.0456,0.3308770455499875,-0.15927110594740135,-0.1606906919768987,-0.15998929658446617,0.3963567902512586,0.40003537463870403,0.39800017130890647,-0.2920514527820263,-0.2949277206856501,-0.29443358970399414,-0.8146317269100207,-0.8217474548510354,-0.8194580668480764,0.10072971411525224,0.10164437271446788,0.10121085067721707,3.861565913630071e-15,1.3586777475852282e-17,-7.309975587935804e-15
123.82,"[0.06062, 0.0456, 0.33065633682664347]",0.0456,0.33065633682664347,-0.15939829260515614,-0.16087503686490628,-0.1600963120796806,0.39664750031586715,0.4004071566083324,0.39824261160905156,-0.2924749135256539,-0.29574342615342286,-0.2947959094262035,-0.8154886883945236,-0.8232505038870717,-0.8201848678358904,0.10081495600661006,0.10177175365085839,0.10128263260857395,3.3037149476882736e-15,1.3558063897205373e-17,-7.490733857864568e-15
123.84,"[0.06062, 0.0456, 0.33065633682664347]",0.0456,0.33065633682664347,-0.15952128491074719,-0.16087503686490628,-0.1601944831584559,0.39692875183492143,0.4004071566083324,0.39846796353968644,-0.292883293980332,-0.29574342615342286,-0.2951154881957941,-0.8163155504067136,-0.8232505038870717,-0.8208346814310336,0.1008973541869543,0.10177175365085839,0.10134822485937436,2.6085676659370324e-15,1.3558063897205373e-17,-7.62243546545194e-15
123.86,"[0.06062, 0.0456, 0.3304745937119312]",0.0456,0.3304745937119312,-0.1596403571807223,-0.16102647985861895,-0.1602949065968458,0.39720092038543053,0.40071197030353667,0.398693851320059,-0.29327864880058796,-0.29641528987782667,-0.2954618635114488,-0.8171157020850084,-0.8244870730019684,-0.8215247107022511,0.10097711631193484,0.10187641776066352,0.10141570083068042,2.1413784445999943e-15,1.3514576463328529e-17,-7.711570947442905e-15
123.88,"[0.06062, 0.0456, 0.3304745937119312]",0.0456,0.3304745937119312,-0.15975568346033145,-0.16102647985861895,-0.16038703602726856,0.39746424736313973,0.40071197030353667,0.39890374574771503,-0.29366228582581566,-0.29641528987782667,-0.2957681026941982,-0.817891311095106,-0.8244870730019684,-0.8221425255088638,0.10105437453287162,0.10187641776066352,0.10147737272930848,1.595339536066775e-15,1.3514576463328529e-17,-7.763521454407383e-15
123.9,"[0.06062, 0.0456, 0.3304745937119312]",0.0456,0.3304745937119312,-0.1598673487993118,-0.16102647985861895,-0.16047113473828586,0.3977188615580822,0.40071197030353667,0.3990981851887988,-0.29403482951294235,-0.29641528987782667,-0.2960353825883101,-0.8186434385083604,-0.8244870730019684,-0.8226903144427362,0.10112919371911032,0.10187641776066352,0.10153342352180636,1.2609300611290386e-15,1.3514576463328529e-17,-7.795664401733598e-15
123.92,"[0.06062, 0.0456, 0.33033199556436266]",0.0456,0.33033199556436266,-0.1599744992437253,-0.1611450783302563,-0.16047113473828586,0.39796343349858243,0.40095028725967774,0.3990981851887988,-0.2943908794153806,-0.2969425536576513,-0.2960353825883101,-0.8193630439390809,-0.825456591657123,-0.8226903144427362,0.10120095281008959,0.10195839407469319,0.10153342352180636,1.0777894490784353e-15,1.3478024763545335e-17,-7.795664401733598e-15
123.94,"[0.06062, 0.0456, 0.33033199556436266]",0.0456,0.33033199556436266,-0.16006885998769407,-0.1611450783302563,-0.16055599627809983,0.39817903632008667,0.40095028725967774,0.3992911035530547,-0.2947033350268551,-0.2969425536576513,-0.29631889810847906,-0.819995225342041,-0.825456591657123,-0.823261041901696,0.10126412224510671,0.10195839407469319,0.10159025178162291,2.0675262788976676e-15,1.3478024763545335e-17,-7.810691329880666e-15
123.96,"[0.06062, 0.0456, 0.33022868311109355]",0.0456,0.33022868311109355,-0.1601614158828716,-0.16123087790840973,-0.16062741165211608,0.39839032909471417,0.40112248048236293,0.39945807375713305,-0.2950102920209461,-0.2973246196822288,-0.29653759361993265,-0.8206157304956085,-0.8261586142624415,-0.8237151280953027,0.10132608685683622,0.10201770583256889,0.10163767851367822,1.5820566499910024e-15,1.3483535084080338e-17,-7.881190563249724e-15
123.98,"[0.06062, 0.0456, 0.33022868311109355]",0.0456,0.33022868311109355,-0.160243527695366,-0.16123087790840973,-0.16069904667939872,0.3985781732625686,0.40112248048236293,0.3996232423419156,-0.2952807967373108,-0.2973246196822288,-0.29676671241016545,-0.8211637482893587,-0.8261586142624415,-0.8241833066993435,0.10138102086554242,0.10201770583256889,0.10168544133409535,1.1632259897331174e-15,1.3483535084080338e-17,-7.91574892409673e-15
124.0,"[0.06062, 0.0456, 0.33022868311109355]",0.0456,0.33022868311109355,-0.16032362914987677,-0.16123087790840973,-0.16069904667939872,0.3987618712153778,0.40112248048236293,0.3996232423419156,-0.29554250003261584,-0.2973246196822288,-0.29676671241016545,-0.8216953283201222,-0.8261586142624415,-0.8241833066993435,0.10143456210052096,0.10201770583256889,0.10168544133409535,7.46508114248755e-16,1.3483535084080338e-17,-7.91574892409673e-15
124.02,"[0.06062, 0.0456, 0.3301647583090421]",0.0456,0.3301647583090421,-0.1603949584804878,-0.16128391197983777,-0.16076600265727228,0.3989255317297843,0.40122882143067407,0.39977790498576193,-0.2957751003929604,-0.29756105223364077,-0.29697954301470275,-0.8221680442194302,-0.8265928197777945,-0.8246190863294532,0.10148222915469038,0.10205437012210244,0.10173005577552499,1.418984186472237e-15,1.3511432305408409e-17,-7.951852201529404e-15
124.04,"[0.06062, 0.0456, 0.3301647583090421]",0.0456,0.3301647583090421,-0.16046545687407673,-0.16128391197983777,-0.16082785597823993,0.39908748264878374,0.40122882143067407,0.3999226378668653,-0.2960039444996768,-0.29756105223364077,-0.29716819014154466,-0.8226337422275652,-0.8265928197777945,-0.8250111826363558,0.10152931621243956,0.10205437012210244,0.10177111180539411,9.753597740935185e-16,1.3511432305408409e-17,-7.952912800606193e-15
124.06,"[0.06062, 0.0456, 0.3301402842442701]",0.0456,0.3301402842442701,-0.16053431270386753,-0.1613042013301374,-0.16088379675444686,0.39924616214058317,0.40126947781833044,0.40005525600595765,-0.29622515118022086,-0.29765157893598415,-0.29733141691648524,-0.8230854559124686,-0.8267590114165773,-0.825356071023356,0.10157525737489136,0.10206839761889748,0.10180809608240214,6.805141374723861e-16,1.3508726883177604e-17,-7.962069977487749e-15
124.08,"[0.06062, 0.0456, 0.3301402842442701]",0.0456,0.3301402842442701,-0.16059568000361843,-0.1613042013301374,-0.1609353180499071,0.3993879543428491,0.40126947781833044,0.40017918863504326,-0.2964206512689551,-0.29765157893598415,-0.29747409278748593,-0.8234858328359379,-0.8267590114165773,-0.8256636588033063,0.10161616814417794,0.10206839761889748,0.10184200674736604,3.4493578417249335e-16,1.3508726883177604e-17,-7.947609889789475e-15
124.1,"[0.06062, 0.0456, 0.3301402842442701]",0.0456,0.3301402842442701,-0.16068354868923104,-0.1613042013301374,-0.1609353180499071,0.399592340293598,0.40126947781833044,0.40017918863504326,-0.29669457718718634,-0.29765157893598415,-0.29747409278748593,-0.8240511090732421,-0.8267590114165773,-0.8256636588033063,0.10167462364148028,0.10206839761889748,0.10184200674736604,4.1203174403697596e-16,1.3508726883177604e-17,-7.947609889789475e-15
124.12,"[0.06062, 0.0456, 0.3301552850697249]",0.0456,0.3301552850697249,-0.16070872562529953,-0.16129175392614795,-0.16097961917544878,0.3996510251279355,0.401244512249382,0.40028915543638016,-0.29677252875174304,-0.2975960915407484,-0.2975822705356302,-0.8242123640500622,-0.8266571164542373,-0.8259091154470004,0.10169136195195815,0.10205979242837318,0.10187087837108962,6.195676639100234e-16,1.350424563684324e-17,-7.945923645109184e-15
124.14,"[0.06062, 0.0456, 0.3301552850697249]",0.0456,0.3301552850697249,-0.16076019539982747,-0.16129175392614795,-0.16102015232170827,0.3997722698869038,0.401244512249382,0.4003915549581712,-0.2969263796992757,-0.2975960915407484,-0.2976736451882266,-0.8245347468227132,-0.8266571164542373,-0.8261237218683163,0.10172547007138291,0.10205979242837318,0.10189714413823098,4.204736674125999e-16,1.350424563684324e-17,-7.93125837786805e-15
124.16,"[0.06062, 0.0456, 0.33020974598140274]",0.0456,0.33020974598140274,-0.1608095872149845,-0.16124656484182606,-0.1610570509591359,0.399889934050809,0.40115388169874644,0.4004865349013369,-0.2970683601507706,-0.2973946462413679,-0.29774933874815185,-0.8248366520886102,-0.8262871861436739,-0.8263092648597233,0.10175808814387377,0.10202855203154904,0.10192090698567957,2.839941895199074e-16,1.3494554475840585e-17,-7.909381647459162e-15
124.18,"[0.06062, 0.0456, 0.33020974598140274]",0.0456,0.33020974598140274,-0.16085660532637305,-0.16124656484182606,-0.16108724606174846,0.400003288212774,0.40115388169874644,0.4005692283003521,-0.297197746092868,-0.2973946462413679,-0.2977901451236788,-0.8251164485223558,-0.8262871861436739,-0.8264334021169472,0.10178902372360644,0.10202855203154904,0.10193993577558448,1.9214470143519086e-16,1.3494554475840585e-17,-7.887987055826007e-15
124.2,"[0.06062, 0.0456, 0.33020974598140274]",0.0456,0.33020974598140274,-0.16090042706609387,-0.16124656484182606,-0.1611141642124863,0.40011081682977856,0.40115388169874644,0.40064496533995575,-0.2973103019173199,-0.2973946462413679,-0.29781797432885615,-0.8253666697125629,-0.8262871861436739,-0.8265328613396001,0.1018176970132717,0.10202855203154904,0.10195673119940471,1.8851349151910241e-16,1.3494554475840585e-17,-7.872168940784801e-15
124.22,"[0.06062, 0.0456, 0.3303036132329589]",0.0456,0.3303036132329589,-0.16094103712390823,-0.16116861632817653,-0.1611324662136706,0.40021230504707717,0.4009974378414713,0.40070530816152444,-0.29740675968410785,-0.297047463514095,-0.29779926431210396,-0.8255882461289344,-0.8256493957383457,-0.826551170551343,0.1018441135084264,0.1019746673350424,0.10196740838350091,1.7825119269587532e-16,1.3500134368703886e-17,-7.867288044553685e-15
124.24,"[0.06062, 0.0456, 0.3303036132329589]",0.0456,0.3303036132329589,-0.16097740865096263,-0.16116861632817653,-0.16114798575401892,0.4003059756391868,0.4009974378414713,0.4007593729938665,-0.29748133557202766,-0.297047463514095,-0.2977711441109689,-0.8257712017764285,-0.8256493957383457,-0.826550634976649,0.10186753953447987,0.1019746673350424,0.10197622136701306,2.5962566149112316e-16,1.3500134368703886e-17,-7.876380490192392e-15
124.26,"[0.06062, 0.0456, 0.3304367941887489]",0.0456,0.3304367941887489,-0.16100842154191103,-0.1610578780266753,-0.16115322081939917,0.4003872553020293,0.4007749282281659,0.40079551017996506,-0.29753893002113,-0.29655492748650586,-0.2976855295036926,-0.8259193422934293,-0.8247440446229424,-0.8264506760266555,0.10188739591393432,0.10189812282484954,0.1019776925277313,2.835811084921903e-16,1.3506029127865229e-17,-7.904179195099298e-15
124.28,"[0.06062, 0.0456, 0.3304367941887489]",0.0456,0.3304367941887489,-0.16103546224874826,-0.1610578780266753,-0.1611553552863648,0.40046157138245136,0.4007749282281659,0.4008239396378412,-0.2975744892460808,-0.29655492748650586,-0.29759250642887,-0.826029292015482,-0.8247440446229424,-0.8263337491086145,0.10190441986588013,0.10189812282484954,0.10197714771944034,4.514012933242695e-16,1.3506029127865229e-17,-7.94767474425501e-15
124.3,"[0.06062, 0.0456, 0.3304367941887489]",0.0456,0.3304367941887489,-0.1610580498238675,-0.1610578780266753,-0.1611558336595164,0.4005278627001314,0.4007749282281659,0.4008478033216892,-0.2975862845961479,-0.29655492748650586,-0.2974974655863528,-0.8260976622930385,-0.8247440446229424,-0.8262102987324458,0.10191828719059189,0.10189812282484954,0.10197556478659402,5.279703612506271e-16,1.3506029127865229e-17,-7.998674405715693e-15
124.32,"[0.06062, 0.0456, 0.3306091574152485]",0.0456,0.3306091574152485,-0.16107658569905675,-0.1609143073244663,-0.1611558336595164,0.40058650368704685,0.4004859982975979,0.4008478033216892,-0.2975779626687106,-0.2959175848390556,-0.2974974655863528,-0.8261301737576168,-0.823571556550383,-0.8262102987324458,0.10192931239757769,0.10179889682259104,0.10197556478659402,5.158652439948263e-16,1.3440544199660794e-17,-7.998674405715693e-15
124.34,"[0.06062, 0.0456, 0.3306091574152485]",0.0456,0.3306091574152485,-0.16109164281154686,-0.1609143073244663,-0.16114410397879,0.40063615061800373,0.4004859982975979,0.400849447316869,-0.29756266823162336,-0.2959175848390556,-0.2973381809057096,-0.8261453975100551,-0.823571556550383,-0.82597404357509,0.10193810035128052,0.10179889682259104,0.10196534580177746,1.807158010743692e-16,1.3440544199660794e-17,-8.0467642300876e-15
124.36,"[0.06062, 0.0456, 0.3308251568747049]",0.0456,0.3308251568747049,-0.16110161043332238,-0.16073399279996436,-0.16113144923637893,0.4006766769911546,0.40012242306968954,0.40084776371889047,-0.297520015648298,-0.29511904829630387,-0.29718112292239723,-0.8261128402696478,-0.822101007587029,-0.8257385363025271,0.10194327698666418,0.1016742964013356,0.10195461372332096,2.889097453295218e-16,1.3539265693657344e-17,-8.110710719812407e-15
124.38,"[0.06062, 0.0456, 0.3308251568747049]",0.0456,0.3308251568747049,-0.1611072798059026,-0.16073399279996436,-0.16110511173606648,0.4007091834697923,0.40012242306968954,0.4008215416057243,-0.2974556260389675,-0.29511904829630387,-0.2969503935013576,-0.826041722523128,-0.822101007587029,-0.8253743636414872,0.10194543096641827,0.1016742964013356,0.10193416767685974,2.754293176179232e-16,1.3539265693657344e-17,-8.168010262637555e-15
124.4,"[0.06062, 0.0456, 0.3308251568747049]",0.0456,0.3308251568747049,-0.16110923824766016,-0.16073399279996436,-0.16107859374906747,0.4007328915061691,0.40012242306968954,0.40079318298246025,-0.2973803975133243,-0.29511904829630387,-0.296726516919448,-0.8259476998823521,-0.822101007587029,-0.8250187423076936,0.10194513108537283,0.1016742964013356,0.10191374933571676,5.65905944744591e-16,1.3539265693657344e-17,-8.249011177891885e-15
124.42,"[0.06062, 0.0456, 0.33107071177329594]",0.0456,0.33107071177329594,-0.16110580241175645,-0.16052842897838618,-0.16107859374906747,0.400746899163125,0.39970692287158993,0.40079318298246025,-0.29727630910145797,-0.2942114702060755,-0.296726516919448,-0.8258032038704464,-0.8204274563963367,-0.8250187423076936,0.10194100620343041,0.10153227794439641,0.10191374933571676,6.528129888058153e-16,1.3535232333695369e-17,-8.249011177891885e-15
124.44,"[0.06062, 0.0456, 0.33107071177329594]",0.0456,0.33107071177329594,-0.16110063276584838,-0.16052842897838618,-0.16099693162317874,0.40075569308917836,0.39970692287158993,0.4006852594410596,-0.2971718485954114,-0.2942114702060755,-0.29612379535175737,-0.825654156180731,-0.8204274563963367,-0.8240370774088244,0.10193582739835526,0.10153227794439641,0.10185256864066798,-1.3665868932927444e-16,1.3535232333695369e-17,-8.389826822111584e-15
124.46,"[0.06062, 0.0456, 0.3313594474064166]",0.0456,0.3313594474064166,-0.16108458950454052,-0.16028600219269143,-0.1609400495366474,0.40074722475846397,0.3992156747382843,0.4006025460039472,-0.29699939812123965,-0.2931445871458418,-0.2957355559411522,-0.8253904713964,-0.8184573811018115,-0.823394549067306,0.10192274360404109,0.10136482875547151,0.10181056876251261,1.1553130485974482e-15,1.3592675124473968e-17,-8.551897137973938e-15
124.48,"[0.06062, 0.0456, 0.3313594474064166]",0.0456,0.3313594474064166,-0.161062246298427,-0.16028600219269143,-0.16088376992475711,0.4007271800048122,0.3992156747382843,0.4005197111889756,-0.29679420966258396,-0.2931445871458418,-0.29535574813515514,-0.8250690737118537,-0.8184573811018115,-0.8227644770855032,0.1019052103729742,0.10136482875547151,0.10176909991571768,1.3604637236910275e-15,1.3592675124473968e-17,-8.66056647278557e-15
124.5,"[0.06062, 0.0456, 0.3313594474064166]",0.0456,0.3313594474064166,-0.16103340095249855,-0.16028600219269143,-0.16083043829962554,0.40069521606351927,0.3992156747382843,0.40043782125508415,-0.29655508468350567,-0.2931445871458418,-0.2950105712231727,-0.8246879068384484,-0.8184573811018115,-0.8221866837290093,0.10188308158209688,0.10136482875547151,0.10173009775265833,1.3335760519144733e-15,1.3592675124473968e-17,-8.831644241424474e-15
124.52,"[0.06062, 0.0456, 0.3316864547629143]",0.0456,0.3316864547629143,-0.1609996378947141,-0.16001045075008233,-0.16075847142824273,0.4006536811443392,0.3986555914899519,0.40032486787516397,-0.29629269305669553,-0.2919366722221028,-0.29455432946091886,-0.824264675856971,-0.816223084112534,-0.8214193195074657,0.10185752484896929,0.10117455122283113,0.1016776427840429,1.064456147601642e-15,1.3632416328817508e-17,-8.955624142003501e-15
124.54,"[0.06062, 0.0456, 0.3316864547629143]",0.0456,0.3316864547629143,-0.16096029328450748,-0.16001045075008233,-0.1606905726550912,0.4006013724277583,0.3986555914899519,0.40021451750747544,-0.29600346574069303,-0.2919366722221028,-0.29414027418589833,-0.8237931209377457,-0.816223084112534,-0.8207167676241647,0.10182806820359896,0.10117455122283113,0.10162848025670437,1.1581405394430733e-15,1.3632416328817508e-17,-9.126548578627695e-15
124.56,"[0.06062, 0.0456, 0.33205141112600817]",0.0456,0.33205141112600817,-0.1609151572545015,-0.15970169195422876,-0.1606905726550912,0.40053780152637036,0.3980259100666629,0.40021451750747544,-0.29568672432860416,-0.290589052759237,-0.29414027418589833,-0.8232718434848942,-0.8137256498498141,-0.8207167676241647,0.10179457112094026,0.10096140712381563,0.10162848025670437,9.376697623916215e-16,1.3685661233682003e-17,-9.126548578627695e-15
124.58,"[0.06062, 0.0456, 0.33205141112600817]",0.0456,0.33205141112600817,-0.16087248618061764,-0.15970169195422876,-0.1606037917115815,0.4004763775631716,0.3980259100666629,0.40007109697033616,-0.2953928988099617,-0.290589052759237,-0.2936202719238657,-0.8227863790785361,-0.8137256498498141,-0.8198306062633471,0.10176301385652806,0.10096140712381563,0.10156581299131646,-8.517677593792322e-16,1.3685661233682003e-17,-9.2993407630203e-15
124.6,"[0.06062, 0.0456, 0.33205141112600817]",0.0456,0.33205141112600817,-0.16079159358759026,-0.15970169195422876,-0.16052302779242897,0.40035278779377265,0.3980259100666629,0.39993350967767655,-0.29486590354639625,-0.290589052759237,-0.29315413802682455,-0.8219052088668174,-0.8137256498498141,-0.8190290483718811,0.1017037756928602,0.10096140712381563,0.10150784570234504,3.1803195778356833e-16,1.3685661233682003e-17,-9.408025591909599e-15
124.62,"[0.06062, 0.0456, 0.33245395632782965]",0.0456,0.33245395632782965,-0.1607647370080764,-0.15935962455960928,-0.1604237790546773,0.4003108599823705,0.39732574968792844,0.3997621730403972,-0.2946947269988878,-0.28910320321079475,-0.29258985674275007,-0.8216175928210984,-0.8109662588046047,-0.8180548257558816,0.10168418269369997,0.10072534855280835,0.10143676266038641,-7.020045280490301e-16,1.3796751584947735e-17,-9.44573640722505e-15
124.64,"[0.06062, 0.0456, 0.33245395632782965]",0.0456,0.33245395632782965,-0.16070888738332642,-0.15935962455960928,-0.16033127939735306,0.40022202976112325,0.39732574968792844,0.3995999943577901,-0.2943455869743694,-0.28910320321079475,-0.29207474020784246,-0.8210283471213912,-0.8109662588046047,-0.8171608185176997,0.10164357036093825,0.10072534855280835,0.1013707279381543,-1.5787685110546802e-16,1.3796751584947735e-17,-9.533668514740386e-15
124.66,"[0.06062, 0.0456, 0.33289369310486433]",0.0456,0.33289369310486433,-0.16064546683515007,-0.15898414117323909,-0.16021997135549024,0.4001184391163018,0.39655416298803803,0.3994052433680317,-0.2939604865854275,-0.2874807410839767,-0.29145171984642104,-0.8203739773453582,-0.807946220192313,-0.8160802648680228,0.10159767342540246,0.10046632580589039,0.10129118057430055,-7.094497881449402e-17,1.3767733719679306e-17,-9.653653343148642e-15
124.68,"[0.06062, 0.0456, 0.33289369310486433]",0.0456,0.33289369310486433,-0.16057464041778072,-0.15898414117323909,-0.16021997135549024,0.40000045951358343,0.39655416298803803,0.3994052433680317,-0.29353989274611425,-0.2874807410839767,-0.29145171984642104,-0.8196554218103769,-0.807946220192313,-0.8160802648680228,0.10154659904623223,0.10046632580589039,0.10129118057430055,2.724969844222187e-16,1.3767733719679306e-17,-9.653653343148642e-15
124.7,"[0.06062, 0.0456, 0.33289369310486433]",0.0456,0.33289369310486433,-0.16050725329594984,-0.15898414117323909,-0.16011589883287108,0.39988736844632705,0.39655416298803803,0.39921822777308297,-0.2931431399035984,-0.2874807410839767,-0.290890475996064,-0.8189761419984917,-0.807946220192313,-0.8150976833592044,0.10149806953636012,0.10046632580589039,0.10121722749819477,-1.9437490824523203e-15,1.3767733719679306e-17,-9.678732223806133e-15
124.72,"[0.06062, 0.0456, 0.3333701874900034]",0.0456,0.3333701874900034,-0.16043289594796462,-0.15857512954342456,-0.15999215943567244,0.3997602317187923,0.39571014368399504,0.39899737727372026,-0.2927151337696975,-0.2857234227483475,-0.29021502398257315,-0.8182392348642503,-0.8046669728820224,-0.8139180169488667,0.10144470954890225,0.10018428833044443,0.10112911079486028,-1.760499399663165e-15,1.3691215299418751e-17,-9.757547439356364e-15
124.74,"[0.06062, 0.0456, 0.3333701874900034]",0.0456,0.3333701874900034,-0.16032347924430673,-0.15857512954342456,-0.15987610365607677,0.39957138705517486,0.39571014368399504,0.39878565335516497,-0.2920923156426175,-0.2857234227483475,-0.28960129216255637,-0.817163737798707,-0.8046669728820224,-0.8128373855821005,0.10136631973923348,0.10018428833044443,0.10104685866844304,-2.0007557821603044e-15,1.3691215299418751e-17,-9.805499020362039e-15
124.76,"[0.06062, 0.0456, 0.3338829692408166]",0.0456,0.3338829692408166,-0.16027874168548087,-0.1581324739492977,-0.1597395936808669,0.3994928136853647,0.39479263476953974,0.39853874479834395,-0.29184321329916596,-0.28383313898370066,-0.2888683054894584,-0.816731102580888,-0.8011300864003819,-0.811550917576346,0.10133437363204506,0.09987918571740598,0.10094985906727971,-6.016582559587617e-16,1.3614544810315612e-17,-9.909115007910343e-15
124.78,"[0.06062, 0.0456, 0.3338829692408166]",0.0456,0.3338829692408166,-0.16018858946237108,-0.1581324739492977,-0.1597395936808669,0.3993337623673226,0.39479263476953974,0.39853874479834395,-0.29134394962445304,-0.28383313898370066,-0.2888683054894584,-0.8158626495577843,-0.8011300864003819,-0.811550917576346,0.10127004582863847,0.09987918571740598,0.10094985906727971,-7.650173178891632e-17,1.3614544810315612e-17,-9.909115007910343e-15
124.8,"[0.06062, 0.0456, 0.3338829692408166]",0.0456,0.3338829692408166,-0.16010328026388948,-0.1581324739492977,-0.15961095863478045,0.3991827090296215,0.39479263476953974,0.39830054937105586,-0.29087357724719076,-0.28383313898370066,-0.2882014657059239,-0.8150434204884599,-0.8011300864003819,-0.8103698507903153,0.10120921034377744,0.09987918571740598,0.1008589298840779,-2.600530677707771e-15,1.3614544810315612e-17,-9.917634236879913e-15
124.82,"[0.06062, 0.0456, 0.3344315323036247]",0.0456,0.3344315323036247,-0.16000973915435843,-0.1576560566649098,-0.1594609597383161,0.39901509869487983,0.3938005371619069,0.39802564168117643,-0.29036587606285835,-0.2818119103019854,-0.2874094133508761,-0.8141554422530339,-0.7973372619914111,-0.8089726714191207,0.10114265705623006,0.09955096874404819,0.10075257635915512,-2.269958844779765e-15,1.3806412177284438e-17,-1.0001376913065302e-14
124.84,"[0.06062, 0.0456, 0.3344315323036247]",0.0456,0.3344315323036247,-0.15990547106530892,-0.1576560566649098,-0.15932012093438427,0.39882710186265996,0.3938005371619069,0.3977641953614352,-0.2898041481560999,-0.2818119103019854,-0.28668005340940295,-0.8131707158018188,-0.7973372619914111,-0.8076795054570363,0.10106854172358158,0.09955096874404819,0.10065300201862251,-1.78180928494315e-15,1.3806412177284438e-17,-1.0143742514929682e-14
124.861,"[0.06062, 0.0456, 0.3350153353129136]",0.0456,0.3350153353129136,-0.15973353646710345,-0.15714575948835968,-0.15918707380716146,0.3985139548772985,0.392732718743473,0.39751320212069086,-0.28889035202962304,-0.2796618820792328,-0.2860083887864466,-0.8115627063508021,-0.7932903337265178,-0.8064805908779208,0.10094655848696994,0.09919959045986161,0.10055928225585493,-4.941213382201351e-16,1.3845856195559114e-17,-1.0286182371056877e-14
124.88,"[0.06062, 0.0456, 0.3350153353129136]",0.0456,0.3350153353129136,-0.15962970856171907,-0.15714575948835968,-0.15903077052826958,0.39832381185395416,0.392732718743473,0.39722120111149295,-0.2883427790217639,-0.2796618820792328,-0.28520453221935554,-0.8105971044180889,-0.7932903337265178,-0.8050515972651829,0.10087297600285766,0.09919959045986161,0.10044884758080212,-3.3478715604626806e-15,1.3845856195559114e-17,-1.0432449113908841e-14
124.9,"[0.06062, 0.0456, 0.3350153353129136]",0.0456,0.3350153353129136,-0.15956981475837034,-0.15714575948835968,-0.15888182767025824,0.3982135507798984,0.392732718743473,0.3969365074406935,-0.28802895434608317,-0.2796618820792328,-0.2844663507588543,-0.8100425537066518,-0.7932903337265178,-0.8037263720691433,0.10083056316054409,0.09919959045986161,0.10034416771170009,-1.3668930824189146e-15,1.3845856195559114e-17,-1.0480615647608612e-14
124.92,"[0.06062, 0.0456, 0.3356338021255965]",0.0456,0.3356338021255965,-0.15945250206884962,-0.15660146532641767,-0.15888182767025824,0.397996534976212,0.3915880237392302,0.3969365074406935,-0.287418496004437,-0.2773853195340121,-0.2844663507588543,-0.8089617494703883,-0.7889912696595728,-0.8037263720691433,0.1007475692132809,0.09882500730805238,0.10034416771170009,-1.2239851530051217e-15,1.401841471041854e-17,-1.0480615647608612e-14
124.94,"[0.06062, 0.0456, 0.3356338021255965]",0.0456,0.3356338021255965,-0.15928029661098878,-0.15660146532641767,-0.1587063007118319,0.39767578565313694,0.3915880237392302,0.3966016888255646,-0.28653090518738455,-0.2773853195340121,-0.2835907560833063,-0.8073859168756112,-0.7889912696595728,-0.8021559187759829,0.10062589551265307,0.09882500730805238,0.1002206487775723,-1.7288022612595738e-15,1.401841471041854e-17,-1.0410242972474419e-14
124.96,"[0.06062, 0.0456, 0.33628632238959766]",0.0456,0.33628632238959766,-0.15922289702107528,-0.15602305982521533,-0.158541508239968,0.39756837597059835,0.3903652823704135,0.3962837680745,-0.28623689028135174,-0.27498460258913143,-0.2827841222752158,-0.806862917069398,-0.7844421730225916,-0.8007016984533412,0.10058537083904062,0.09842718027525299,0.10010499027965719,-3.220104243337104e-15,1.3774664053120376e-17,-1.0440435293224234e-14
124.981,"[0.06062, 0.0456, 0.33628632238959766]",0.0456,0.33628632238959766,-0.15903824066139718,-0.15602305982521533,-0.15835178810804634,0.39722024723133037,0.3903652823704135,0.3959220866858956,-0.28530119016366823,-0.27498460258913143,-0.28183366640486807,-0.8051932268346853,-0.7844421730225916,-0.7989973411328076,0.10045518770716352,0.09842718027525299,0.09997135264282643,-4.2733356928745824e-15,1.3774664053120376e-17,-1.0542641530824894e-14
125.0,"[0.06062, 0.0456, 0.33628632238959766]",0.0456,0.33628632238959766,-0.15896959540605754,-0.15602305982521533,-0.15817156565354673,0.3970904311769766,0.3903652823704135,0.3955719815075732,-0.28495443779235435,-0.27498460258913143,-0.28095899691166715,-0.8045736382683625,-0.7844421730225916,-0.7974153398231657,0.10040680420062287,0.09842718027525299,0.09984496759102514,-1.7395857902772224e-15,1.3774664053120376e-17,-1.0593285466541164e-14
125.02,"[0.06062, 0.0456, 0.3369722521461963]",0.0456,0.3369722521461963,-0.1588341897739846,-0.15541043303783061,-0.15817156565354673,0.3968334352062326,0.3890633207246331,0.3955719815075732,-0.284274024287875,-0.272462220653121,-0.28095899691166715,-0.8033559416888648,-0.7796452834584909,-0.7974153398231657,0.10031142989926191,0.09800607606218502,0.09984496759102514,-1.2771100294648476e-15,1.391769664803728e-17,-1.0593285466541164e-14
125.04,"[0.06062, 0.0456, 0.3369722521461963]",0.0456,0.3369722521461963,-0.15863371899565104,-0.15541043303783061,-0.15796256923660124,0.39645110412609175,0.3890633207246331,0.3951672102238419,-0.2832733585040911,-0.272462220653121,-0.27993606314319663,-0.8015612808162128,-0.7796452834584909,-0.7955677620499714,0.1001703398962996,0.09800607606218502,0.09969818041955143,-1.650816683194862e-15,1.391769664803728e-17,-1.0543739077024258e-14
125.06,"[0.06062, 0.0456, 0.3376909144655359]",0.0456,0.3376909144655359,-0.15856660401974834,-0.15476348111995428,-0.15776635004697542,0.39632271473608943,0.38768097078345604,0.394783383515919,-0.28293962897234987,-0.2698207673574483,-0.27899207755493755,-0.8009619289433297,-0.7746029782883823,-0.7938546835902838,0.10012312394852205,0.09756166826827282,0.0995606943877139,-3.3449004128292002e-15,1.416165637147075e-17,-1.0623754617588436e-14
125.08,"[0.06062, 0.0456, 0.3376909144655359]",0.0456,0.3376909144655359,-0.15841455576492097,-0.15476348111995428,-0.15754332104355942,0.3960302418046567,0.38768097078345604,0.394351880143887,-0.2821895942114637,-0.2698207673574483,-0.2778947498392957,-0.7996115523334579,-0.7746029782883823,-0.7918735344536643,0.10001626233177115,0.09756166826827282,0.09940387813309158,-2.974008347938957e-15,1.416165637147075e-17,-1.0795365674274332e-14
125.1,"[0.06062, 0.0456, 0.3376909144655359]",0.0456,0.3376909144655359,-0.15815739296511683,-0.15476348111995428,-0.1573327391404556,0.3955341970701903,0.38768097078345604,0.39393979289437764,-0.2809241036277822,-0.2698207673574483,-0.27687887212984247,-0.797330148808644,-0.7746029782883823,-0.7900295275562725,0.09983554017546456,0.09756166826827282,0.09925621775126907,-2.79386424341999e-16,1.416165637147075e-17,-1.1031205708887344e-14
125.12,"[0.06062, 0.0456, 0.3384416001146724]",0.0456,0.3384416001146724,-0.15807492758265337,-0.15408210804531502,-0.15709400825632816,0.39537475665283567,0.3862170805495431,0.3934765183334525,-0.28051958048230763,-0.2670629352845009,-0.2757062762114716,-0.7966000866871358,-0.7693177738120166,-0.7879092812167974,0.09977760793294362,0.09709393858352836,0.09908833798112729,-2.4675825005009706e-15,1.438474294234695e-17,-1.1314165695818699e-14
125.14,"[0.06062, 0.0456, 0.3384416001146724]",0.0456,0.3384416001146724,-0.15788855291065004,-0.15408210804531502,-0.15686491014615353,0.39501409137255317,0.3862170805495431,0.39302251842357,-0.2796050526792577,-0.2670629352845009,-0.27462205129745787,-0.7949488336549791,-0.7693177738120166,-0.785928727943227,0.09964664664190316,0.09709393858352836,0.09892805733635028,-2.2362218884088572e-15,1.438474294234695e-17,-1.1386501818580343e-14
125.16,"[0.06062, 0.0456, 0.33922356825750155]",0.0456,0.33922356825750155,-0.15771467961531038,-0.1533662273331285,-0.15660678540881948,0.39467655250453704,0.3846705242171429,0.39251557058031206,-0.278755862667389,-0.26419151072013264,-0.27337619953732634,-0.7934132633715838,-0.7637923266412632,-0.7836627985611619,0.09952453993168321,0.09660287798144672,0.098746915344264,-1.6575422061112247e-15,1.4062222156959723e-17,-1.155883181752288e-14
125.18,"[0.06062, 0.0456, 0.33922356825750155]",0.0456,0.33922356825750155,-0.1575274109424346,-0.1533662273331285,-0.15660678540881948,0.3943115912452252,0.3846705242171429,0.39251557058031206,-0.2778458533395178,-0.26419151072013264,-0.27337619953732634,-0.7917646087092179,-0.7637923266412632,-0.7836627985611619,0.0993930940391669,0.09660287798144672,0.098746915344264,-8.202603021457167e-16,1.4062222156959723e-17,-1.155883181752288e-14
125.201,"[0.06062, 0.0456, 0.33922356825750155]",0.0456,0.33922356825750155,-0.1572532301464297,-0.1533662273331285,-0.15635987264485132,0.3937754128559646,0.3846705242171429,0.39202100268371387,-0.2765196167970921,-0.26419151072013264,-0.2722265957983119,-0.7893578301865826,-0.7637923266412632,-0.7815509187337558,0.0992007370917084,0.09660287798144672,0.09857449013560424,-2.3214874503809404e-15,1.4062222156959723e-17,-1.1559433304630252e-14
125.22,"[0.06062, 0.0456, 0.3400526025174356]",0.0456,0.3400526025174356,-0.15716389439627454,-0.15260053354151612,-0.15608208049583838,0.3935999718389703,0.38300723021626304,0.39146987549217,-0.27609031470150247,-0.2611486156740315,-0.27090537820363125,-0.7885771390450202,-0.7579122006133548,-0.7791353918338447,0.0991381123959987,0.09607804534906289,0.09837986848186303,-4.472132021665552e-15,1.3982969337730892e-17,-1.1692650935124276e-14
125.24,"[0.06062, 0.0456, 0.3400526025174356]",0.0456,0.3400526025174356,-0.15698335104859965,-0.15260053354151612,-0.15581737691797465,0.39324485498071565,0.38300723021626304,0.3909358083810295,-0.27522408635885104,-0.2611486156740315,-0.26968535829389445,-0.7870006045031256,-0.7579122006133548,-0.7768851100959752,0.09901156200095716,0.09607804534906289,0.0981952015670402,-2.6493023740247516e-15,1.3982969337730892e-17,-1.1773342531459851e-14
125.26,"[0.06062, 0.0456, 0.34087823508118076]",0.0456,0.34087823508118076,-0.15678563928578784,-0.15183051775107997,-0.15581737691797465,0.3928542021671852,0.38132457492243665,0.3909358083810295,-0.27428152982675547,-0.2581194357076661,-0.26968535829389445,-0.7852811859293868,-0.7520316053648066,-0.7768851100959752,0.09887307354065596,0.09555069629427766,0.0981952015670402,-1.8901963798153325e-15,1.4032558376604285e-17,-1.1773342531459851e-14
125.28,"[0.06062, 0.0456, 0.34087823508118076]",0.0456,0.34087823508118076,-0.15660166943590834,-0.15183051775107997,-0.15551809664096708,0.3924897073482575,0.38132457492243665,0.3903322250403408,-0.27340825724363,-0.2581194357076661,-0.26830020649018277,-0.7836859315280988,-0.7520316053648066,-0.7743304337962111,0.09874427786548255,0.09555069629427766,0.09798622648276192,-6.1577610343386315e-15,1.4032558376604285e-17,-1.1726580193360336e-14
125.3,"[0.06062, 0.0456, 0.34174930080564614]",0.0456,0.34174930080564614,-0.15627986860104687,-0.15101085424814656,-0.15523657056669307,0.3918477212765772,0.3795242072125894,0.3897591413723102,-0.2718960002493122,-0.2549248431669086,-0.26702045396859275,-0.7809133500164148,-0.7458032280501297,-0.7719580174292617,0.09851923499940575,0.09498978356651608,0.09779011707188344,-1.733589935422946e-15,1.3703234567286944e-17,-1.1849206011872187e-14
125.32,"[0.06062, 0.0456, 0.34174930080564614]",0.0456,0.34174930080564614,-0.1561755387976142,-0.15101085424814656,-0.15492277047750122,0.39163886328638586,0.3795242072125894,0.38912556028281925,-0.27140844562548955,-0.2549248431669086,-0.26556602444531724,-0.7800178167614059,-0.7458032280501297,-0.7692733832090065,0.09844632320655658,0.09498978356651608,0.09757088344672206,-4.232690742361689e-15,1.3703234567286944e-17,-1.2090660810736182e-14
125.34,"[0.06062, 0.0456, 0.34174930080564614]",0.0456,0.34174930080564614,-0.1559657548248168,-0.15101085424814656,-0.15462330993377907,0.3912183580141673,0.3795242072125894,0.38851089056374266,-0.27042928426672436,-0.2549248431669086,-0.2642222562006205,-0.7782179914735007,-0.7458032280501297,-0.7667699780676838,0.09829972067826423,0.09498978356651608,0.09736256353657391,-2.450382934077101e-15,1.3703234567286944e-17,-1.2237868922582534e-14
125.36,"[0.06062, 0.0456, 0.34264838472256576]",0.0456,0.34264838472256576,-0.15573764174445387,-0.15015632911591642,-0.1542903988637276,0.3907592594737181,0.37763660597575927,0.38783280435192785,-0.2693708880845025,-0.2516286060305554,-0.26269987680220624,-0.7762681753963149,-0.7393462311341964,-0.7639456368945652,0.09814040961306966,0.09440553673328399,0.09713031671787596,-1.786175746562514e-15,1.3541537428508184e-17,-1.2501302963425519e-14
125.38,"[0.06062, 0.0456, 0.34264838472256576]",0.0456,0.34264838472256576,-0.15552591870043075,-0.15015632911591642,-0.1542903988637276,0.3903320693812734,0.37763660597575927,0.38783280435192785,-0.2683926480346069,-0.2516286060305554,-0.26269987680220624,-0.7744635179109095,-0.7393462311341964,-0.7639456368945652,0.0979926188583537,0.09440553673328399,0.09713031671787596,-6.606300324900609e-15,1.3541537428508184e-17,-1.2501302963425519e-14
125.4,"[0.06062, 0.0456, 0.34264838472256576]",0.0456,0.34264838472256576,-0.15525977584844725,-0.15015632911591642,-0.15397645803371024,0.3897927156105751,0.37763660597575927,0.3871878701969112,-0.2671698643498645,-0.2516286060305554,-0.26128830521070545,-0.7722019625750868,-0.7393462311341964,-0.7613140573937819,0.09780692879864826,0.09440553673328399,0.09691179018962,1.480409562566794e-16,1.3541537428508184e-17,-1.226792487893714e-14
125.42,"[0.06062, 0.0456, 0.3435745995446612]",0.0456,0.3435745995446612,-0.15501594546365288,-0.1492670681475213,-0.15362056621369083,0.3892977949824362,0.3756614551518171,0.38645478727856863,-0.26605236812141275,-0.24823393523835172,-0.25969150051710926,-0.7701332605976495,-0.7326644285263387,-0.7583316851789543,0.09763685246275354,0.0937980935520013,0.09666405507274507,-5.611705673037448e-15,1.3471044626217359e-17,-1.2416126986664641e-14
125.44,"[0.06062, 0.0456, 0.3435745995446612]",0.0456,0.3435745995446612,-0.15475082340615906,-0.1492670681475213,-0.1532845019950914,0.388757623519122,0.3756614551518171,0.38575554458423383,-0.2648438032848521,-0.24823393523835172,-0.2582146253093583,-0.7678909612752798,-0.7326644285263387,-0.7555565950476614,0.09745202095846926,0.0937980935520013,0.09643075182935165,-4.631052072178865e-15,1.3471044626217359e-17,-1.267436668465173e-14
125.46,"[0.06062, 0.0456, 0.34452703120972644]",0.0456,0.34452703120972644,-0.15447222233805635,-0.148343077757033,-0.1529652062207854,0.3881872285219209,0.37359799540586164,0.38508298005616615,-0.2635842594777148,-0.24474407440657914,-0.2568480041556167,-0.7655474316991907,-0.7257613488909261,-0.7529686940584053,0.09725797982375586,0.0931675258409215,0.09620983693107928,-4.531238902296807e-15,1.3455215395336263e-17,-1.2935413771120033e-14
125.48,"[0.06062, 0.0456, 0.34452703120972644]",0.0456,0.34452703120972644,-0.1542146258954631,-0.148343077757033,-0.15260203483327545,0.3876579521213815,0.37359799540586164,0.38431810414118306,-0.26242736687856666,-0.24474407440657914,-0.25528766756312543,-0.7633903826436452,-0.7257613488909261,-0.7500134275715215,0.09707871501481145,0.0931675258409215,0.09595836760221473,-3.911758401871455e-15,1.3455215395336263e-17,-1.2992648888846392e-14
125.5,"[0.06062, 0.0456, 0.34452703120972644]",0.0456,0.34452703120972644,-0.1539409190185228,-0.148343077757033,-0.15260203483327545,0.387092219837917,0.37359799540586164,0.38431810414118306,-0.2612112543101874,-0.24474407440657914,-0.25528766756312543,-0.7611147351709463,-0.7257613488909261,-0.7500134275715215,0.0968884812458361,0.0931675258409215,0.09595836760221473,-2.8958136679327613e-15,1.3455215395336263e-17,-1.2992648888846392e-14
125.52,"[0.06062, 0.0456, 0.34550473978269647]",0.0456,0.34550473978269647,-0.15368653102333077,-0.14738438638873336,-0.15219730815024507,0.3865651378560008,0.37144556207853474,0.3834658388659956,-0.26008577283616596,-0.24116232715879996,-0.25354232200932947,-0.7590054867340478,-0.7186406717530907,-0.7467070202682446,0.09671175965337388,0.09251392197702835,0.0956779102735013,-8.272064341423922e-15,1.3451159300869253e-17,-1.2888753812284929e-14
125.54,"[0.06062, 0.0456, 0.34550473978269647]",0.0456,0.34550473978269647,-0.15340357867744328,-0.14738438638873336,-0.15181464526152444,0.3859762710483262,0.37144556207853474,0.38264827961906156,-0.25884251718727075,-0.24116232715879996,-0.2519444557588572,-0.7566687781127222,-0.7186406717530907,-0.7436505797433056,0.09651532827102041,0.09251392197702835,0.09541381197185946,-6.481505754606717e-15,1.3451159300869253e-17,-1.2696426211137093e-14
125.56,"[0.06062, 0.0456, 0.34650676038325]",0.0456,0.34650676038325,-0.1531361209884036,-0.14639104561590338,-0.15181464526152444,0.3854175330094184,0.36920359377863177,0.38264827961906156,-0.25767569348661484,-0.23749205317220157,-0.2519444557588572,-0.754470400076962,-0.7113062292545997,-0.7436505797433056,0.09632980902115075,0.09183738863287531,0.09541381197185946,-4.5864904277653314e-15,1.3290910243380475e-17,-1.2696426211137093e-14
125.58,"[0.06062, 0.0456, 0.34650676038325]",0.0456,0.34650676038325,-0.15288504060030078,-0.14639104561590338,-0.15139027307964512,0.384891374865716,0.36920359377863177,0.38174364416449086,-0.25658675832622874,-0.23749205317220157,-0.2501574421028563,-0.7524146342205529,-0.7113062292545997,-0.7402364187279902,0.09615576958161419,0.09183738863287531,0.09512054055080911,-9.450519549461533e-15,1.3290910243380475e-17,-1.2456041027284974e-14
125.6,"[0.06062, 0.0456, 0.34650676038325]",0.0456,0.34650676038325,-0.15260103477137518,-0.14639104561590338,-0.1509905426385311,0.384293306032913,0.36920359377863177,0.38088038258560314,-0.25536518825195925,-0.23749205317220157,-0.24852403808471207,-0.7501007732841394,-0.7113062292545997,-0.7370870632975165,0.09595907606558648,0.09183738863287531,0.09484532018827711,-7.123717820739516e-15,1.3290910243380475e-17,-1.2207446408324579e-14
125.62,"[0.06062, 0.0456, 0.3475321041380296]",0.0456,0.3475321041380296,-0.15233101700583515,-0.14536313176442908,-0.15055265814955066,0.383722544120456,0.366871640895659,0.37994345572632504,-0.2542123760899814,-0.23373666434956233,-0.24668959862360193,-0.7479116103826029,-0.7037620080129513,-0.7335718864108133,0.09577223228135169,0.09113805179233825,0.09454282382063835,-4.832862276333303e-15,1.3352623814017574e-17,-1.2249848943501023e-14
125.641,"[0.06062, 0.0456, 0.3475321041380296]",0.0456,0.3475321041380296,-0.15188455039938978,-0.14536313176442908,-0.15055265814955066,0.38277430224188114,0.366871640895659,0.37994345572632504,-0.25232229300441367,-0.23373666434956233,-0.24668959862360193,-0.7443102745241987,-0.7037620080129513,-0.7335718864108133,0.09546356479403335,0.09113805179233825,0.09454282382063835,-5.723672488572208e-15,1.3352623814017574e-17,-1.2249848943501023e-14
125.66,"[0.06062, 0.0456, 0.34857975915654066]",0.0456,0.34857975915654066,-0.15175136117440793,-0.14430074751814218,-0.15013846085922775,0.3824912175905731,0.36444937376742187,0.37904503289046076,-0.25175902357044944,-0.22989962123855326,-0.24500903161374957,-0.7432364357165255,-0.6960121510896545,-0.7303199722573815,0.09537149069660608,0.09041605773879588,0.09425781430808353,-8.218705753512744e-15,1.3558341015930157e-17,-1.2172888647711692e-14
125.68,"[0.06062, 0.0456, 0.34857975915654066]",0.0456,0.34857975915654066,-0.15148218787065237,-0.14430074751814218,-0.14968095673708237,0.38191730055321305,0.36444937376742187,0.3780566339547291,-0.2506277761377004,-0.22989962123855326,-0.24312915374267366,-0.7410749799402732,-0.6960121510896545,-0.7266913340683954,0.0951855430387458,0.09041605773879588,0.0939424447104115,-5.4600162838882826e-15,1.3558341015930157e-17,-1.2165884145966054e-14
125.7,"[0.06062, 0.0456, 0.34857975915654066]",0.0456,0.34857975915654066,-0.1511811293262655,-0.14430074751814218,-0.14968095673708237,0.3812727298041475,0.36444937376742187,0.3780566339547291,-0.249372226899187,-0.22989962123855326,-0.24312915374267366,-0.7386686646688081,-0.6960121510896545,-0.7266913340683954,0.0949777376199826,0.09041605773879588,0.0939424447104115,-2.9440287502862714e-15,1.3558341015930157e-17,-1.2165884145966054e-14
125.72,"[0.06062, 0.0456, 0.34964869152976485]",0.0456,0.34964869152976485,-0.1508960965343241,-0.14320402350887002,-0.14918094106993848,0.380661671593232,0.36193659048672816,0.37697868308028726,-0.24818604300722313,-0.22598442970671548,-0.24105848299132254,-0.7363929718616754,-0.6880609600831122,-0.7226983707701418,0.09478103196700033,0.08967157401633002,0.09359736591523465,-8.431945464503594e-15,1.3583778884085012e-17,-1.2150367438583076e-14
125.74,"[0.06062, 0.0456, 0.34964869152976485]",0.0456,0.34964869152976485,-0.15057021699608877,-0.14320402350887002,-0.14871035065276045,0.3799619037762063,0.36193659048672816,0.3759526919008235,-0.24683180661230003,-0.22598442970671548,-0.23916133507492182,-0.7337909976614453,-0.6880609600831122,-0.7190096154470216,0.09455613541699716,0.08967157401633002,0.09327365974478775,-5.8138620749893115e-15,1.3583778884085012e-17,-1.2121579068939253e-14
125.76,"[0.06062, 0.0456, 0.3507378463505034]",0.0456,0.3507378463505034,-0.15025919552840145,-0.14207311989453736,-0.14871035065276045,0.3792924927264715,0.3593332243342842,0.3759526919008235,-0.24554516034076487,-0.22199463787812962,-0.23916133507492182,-0.7313145230269529,-0.6799128973620233,-0.7190096154470216,0.09434159859445086,0.0889047903655122,0.09327365974478775,-3.2884792180550373e-15,1.3604303961499185e-17,-1.2121579068939253e-14
125.78,"[0.06062, 0.0456, 0.3507378463505034]",0.0456,0.3507378463505034,-0.1499649150020331,-0.14207311989453736,-0.1481953975448701,0.3786579305700764,0.3593332243342842,0.37483243714036407,-0.2443322335479762,-0.22199463787812962,-0.2370688777378065,-0.7289765905936945,-0.6799128973620233,-0.714945340416613,0.0941386902128545,0.0889047903655122,0.09291903289468076,-8.803244362706537e-15,1.3604303961499185e-17,-1.2083933927327072e-14
125.8,"[0.06062, 0.0456, 0.3518461487544437]",0.0456,0.3518461487544437,-0.14962870668517075,-0.14207311989453736,-0.14771071758995546,0.37793108681887,0.3593332243342842,0.37376612516548774,-0.24295219595208917,-0.22199463787812962,-0.23515337130711375,-0.7263106530671952,-0.6799128973620233,-0.711192500936674,0.09390695532223725,0.0889047903655122,0.0925863700545644,-6.140995387832335e-15,1.3604303961499185e-17,-1.2035455902613996e-14
125.82,"[0.06062, 0.0456, 0.3518461487544437]",0.0456,0.3518461487544437,-0.149307909953022,-0.1409082279295514,-0.14771071758995546,0.3772357121829078,0.3566393508287308,0.37376612516548774,-0.24164281485634317,-0.21793383333535282,-0.23515337130711375,-0.7237759597227423,-0.6715725884560322,-0.711192500936674,0.09368598377682663,0.08811591963594084,0.0925863700545644,-3.572310797171597e-15,1.3843227845362899e-17,-1.2035455902613996e-14
125.84,"[0.06062, 0.0456, 0.3518461487544437]",0.0456,0.3518461487544437,-0.14900444340404245,-0.1409082279295514,-0.14718008873057692,0.3765764906500793,0.3566393508287308,0.3726016280794653,-0.24040982058965957,-0.21793383333535282,-0.23303813341553364,-0.7213851025603005,-0.6715725884560322,-0.7070536127680873,0.09347705716943985,0.08811591963594084,0.09222173737207845,-9.095643049892058e-15,1.3843227845362899e-17,-1.19824414860552e-14
125.86,"[0.06062, 0.0456, 0.35297250498091987]",0.0456,0.35297250498091987,-0.14865781601608286,-0.13970957153253433,-0.14668350672585334,0.375821266762106,0.35385519438847624,0.37150537934847694,-0.23900920003456824,-0.21380564058789173,-0.2310879153362954,-0.7186621195069107,-0.6630448246210978,-0.7032197066710217,0.09323854640778044,0.08730519867827369,0.09188110747305472,-6.379425472427501e-15,1.3530612772159467e-17,-1.225102561158378e-14
125.88,"[0.06062, 0.0456, 0.35297250498091987]",0.0456,0.35297250498091987,-0.1482826972509393,-0.13970957153253433,-0.14613790290527026,0.3750012481539679,0.35385519438847624,0.3703021687869507,-0.23750415594981897,-0.21380564058789173,-0.2289349499827035,-0.7157280610751843,-0.6630448246210978,-0.6989874474487169,0.09298063301002381,0.08730519867827369,0.09150659059649627,-5.252288433125647e-15,1.3530612772159467e-17,-1.2366533928677783e-14
125.9,"[0.06062, 0.0456, 0.35297250498091987]",0.0456,0.35297250498091987,-0.1479242906691131,-0.13970957153253433,-0.14562619781933303,0.37421671202521334,0.35385519438847624,0.369166289684427,-0.23606977370588528,-0.21380564058789173,-0.22694950647001544,-0.7129282478233085,-0.6630448246210978,-0.6950636374716141,0.09273427147018505,0.08730519867827369,0.09115604352208045,-2.5250051088179425e-15,1.3530612772159467e-17,-1.2729560639981995e-14
125.92,"[0.06062, 0.0456, 0.3541158034523231]",0.0456,0.3541158034523231,-0.1475337064853891,-0.13847740885723175,-0.14506992750411793,0.3733593609001418,0.3509811346034317,0.3679387873994108,-0.2345156128551281,-0.2096137188062193,-0.22475368835370346,-0.7098871147615284,-0.6543345655975182,-0.6907410132323609,0.09246595739658595,0.08647288921900403,0.09077414718132922,-1.5086311121341092e-15,1.3491156706942434e-17,-1.3258186446727021e-14
125.94,"[0.06062, 0.0456, 0.3541158034523231]",0.0456,0.3541158034523231,-0.14711565280731498,-0.13847740885723175,-0.14506992750411793,0.3724399271411002,0.3509811346034317,0.3679387873994108,-0.23285847083825198,-0.2096137188062193,-0.22475368835370346,-0.7066383916596308,-0.6543345655975182,-0.6907410132323609,0.09217888412619912,0.08647288921900403,0.09077414718132922,-3.985873603381733e-16,1.3491156706942434e-17,-1.3258186446727021e-14
125.96,"[0.06062, 0.0456, 0.3552749158710942]",0.0456,0.3552749158710942,-0.14672696499971044,-0.13721203387312214,-0.14454012063751104,0.3715847105906733,0.3480177121179704,0.3667534378684426,-0.23131856217368849,-0.20536175981825433,-0.22273657440103084,-0.7036178897652866,-0.6454469425789403,-0.686724360321674,0.09191198410652533,0.08561927872170623,0.09041196453032148,-7.952899570838577e-15,1.3527475799559138e-17,-1.3443876313951928e-14
125.981,"[0.06062, 0.0456, 0.3552749158710942]",0.0456,0.3552749158710942,-0.14631146457089333,-0.13721203387312214,-0.14395754190389648,0.37066676877391025,0.3480177121179704,0.3654505090026955,-0.22968798450468816,-0.20536175981825433,-0.22051285555959885,-0.7004081191780521,-0.6454469425789403,-0.6822932374884544,0.09162698038689483,0.08561927872170623,0.09001355863280598,-7.0402786534164504e-15,1.3527475799559138e-17,-1.3425818505789948e-14
126.0,"[0.06062, 0.0456, 0.3552749158710942]",0.0456,0.3552749158710942,-0.14591665135018897,-0.13721203387312214,-0.14341091120648772,0.3697929430157477,0.3480177121179704,0.3642196123919581,-0.22814484470872776,-0.20536175981825433,-0.21846457364898025,-0.6973650927191255,-0.6454469425789403,-0.6781871880862711,0.0913562867842426,0.08561927872170623,0.08964053247995743,-4.382666729918806e-15,1.3527475799559138e-17,-1.3649867548258423e-14
126.02,"[0.06062, 0.0456, 0.3564486983332172]",0.0456,0.3564486983332172,-0.14548975748565374,-0.13591377796287069,-0.14341091120648772,0.36884479089265415,0.3449656341293408,0.3642196123919581,-0.22648993858712874,-0.20105348636319673,-0.21846457364898025,-0.6940908352921428,-0.6363872614107913,-0.6781871880862711,0.09106386582003523,0.08474468123886893,0.08964053247995743,-3.388053998984418e-15,1.3621872980116205e-17,-1.3649867548258423e-14
126.04,"[0.06062, 0.0456, 0.3564486983332172]",0.0456,0.3564486983332172,-0.14486626961715873,-0.13591377796287069,-0.14280970593806677,0.3674560194312129,0.3449656341293408,0.3628661315077571,-0.22408936962909634,-0.20105348636319673,-0.2162076229412588,-0.6893280893306895,-0.6363872614107913,-0.6736586122997883,0.0906371051782428,0.08474468123886893,0.08923015941573641,-4.706674287898554e-15,1.3621872980116205e-17,-1.3633348133180384e-14
126.06,"[0.06062, 0.0456, 0.35763599245711436]",0.0456,0.35763599245711436,-0.14466061324925056,-0.13458301154429853,-0.1422455268196537,0.3669970306391298,0.34182577950835136,0.36158727955922276,-0.22330119496420076,-0.19669265059573043,-0.21412963532550194,-0.6877611416311761,-0.6271610060364955,-0.6694630264460292,0.09049641060191779,0.08384943825878168,0.08884589332893283,-8.364507167803147e-15,1.3564192974178841e-17,-1.384571660095325e-14
126.08,"[0.06062, 0.0456, 0.35763599245711436]",0.0456,0.35763599245711436,-0.1442017468276284,-0.13458301154429853,-0.14162531752815183,0.36596917793441586,0.34182577950835136,0.36018181309663544,-0.22155859864053148,-0.19669265059573043,-0.21184150668387972,-0.6842844997530064,-0.6271610060364955,-0.6648384818446123,0.09018281231990605,0.08384943825878168,0.08842338137339721,-7.723170032494753e-15,1.3564192974178841e-17,-1.3801649251526034e-14
126.1,"[0.06062, 0.0456, 0.35763599245711436]",0.0456,0.35763599245711436,-0.14376804409696337,-0.13458301154429853,-0.14162531752815183,0.3649960705973296,0.34182577950835136,0.36018181309663544,-0.21991828275426997,-0.19669265059573043,-0.21184150668387972,-0.6810059653716042,-0.6271610060364955,-0.6648384818446123,0.08988654651592308,0.08384943825878168,0.08842338137339721,-5.20619642379313e-15,1.3564192974178841e-17,-1.3801649251526034e-14
126.12,"[0.06062, 0.0456, 0.35883562652682927]",0.0456,0.35883562652682927,-0.1431201764124414,-0.13322014572498372,-0.14095342968441046,0.36353930447062294,0.33859920355141016,0.3586607896497666,-0.21748076624518756,-0.1922830328318369,-0.20935440463491883,-0.676121681593815,-0.6177738422095446,-0.6598095243251948,0.0894442405780092,0.08293391955221434,0.0879654995325202,-5.370781566182945e-15,1.3916960465660403e-17,-1.368420895560368e-14
126.142,"[0.06062, 0.0456, 0.35883562652682927]",0.0456,0.35883562652682927,-0.1427084945341167,-0.13322014572498372,-0.14032159780764183,0.3626123866551612,0.33859920355141016,0.35721548675059106,-0.215936757546537,-0.1922830328318369,-0.2070843840387016,-0.673022371719544,-0.6177738422095446,-0.6551737216303634,0.0891632797792308,0.08293391955221434,0.08753635388639187,-1.2030135244487473e-14,1.3916960465660403e-17,-1.3511014915360342e-14
126.16,"[0.06062, 0.0456, 0.3600464166483686]",0.0456,0.3600464166483686,-0.14246980486147057,-0.13182563399794783,-0.14032159780764183,0.36207269666493236,0.3352871423748737,0.35721548675059106,-0.21505152019997215,-0.187828440525788,-0.2070843840387016,-0.6712375067144578,-0.6082316214888835,-0.6551737216303634,0.08900058718987082,0.08199852402382742,0.08753635388639187,-6.235693169891854e-15,1.3834722741768876e-17,-1.3511014915360342e-14
126.18,"[0.06062, 0.0456, 0.3600464166483686]",0.0456,0.3600464166483686,-0.14206164552124403,-0.13182563399794783,-0.13963673754174588,0.36114982678170854,0.3352871423748737,0.3556516966710437,-0.2135377643366051,-0.187828440525788,-0.20461084878681113,-0.6681853875552388,-0.6082316214888835,-0.6501234149602811,0.08872238286207629,0.08199852402382742,0.0870709453896052,-1.2576630060034227e-14,1.3834722741768876e-17,-1.3313340962892988e-14
126.2,"[0.06062, 0.0456, 0.3600464166483686]",0.0456,0.3600464166483686,-0.1416009130051399,-0.13182563399794783,-0.13963673754174588,0.36010518206114805,0.3352871423748737,0.3556516966710437,-0.21184165038976788,-0.187828440525788,-0.20461084878681113,-0.6647536127692086,-0.6082316214888835,-0.6501234149602811,0.08840860974216953,0.08199852402382742,0.0870709453896052,-9.533639992209652e-15,1.3834722741768876e-17,-1.3313340962892988e-14
126.22,"[0.06062, 0.0456, 0.361267167918063]",0.0456,0.361267167918063,-0.14122771966709566,-0.13039997398711725,-0.1389935588425652,0.3592590198375282,0.3318910169641749,0.3541682277954438,-0.21046779809246077,-0.18333270746632463,-0.20235633818098678,-0.6619738751922722,-0.5985403855342212,-0.6454737068022305,0.08815445351505109,0.08104368057338482,0.08663529550303428,-1.4652658753606213e-14,1.4039568068684157e-17,-1.3096657537660707e-14
126.24,"[0.06062, 0.0456, 0.361267167918063]",0.0456,0.361267167918063,-0.14080322911043708,-0.13039997398711725,-0.1382972687191425,0.35829176935000384,0.3318910169641749,0.3525681250767203,-0.20892662071684212,-0.18333270746632463,-0.19988975593884323,-0.6588388432051528,-0.5985403855342212,-0.6403968005521865,0.08786581349263345,0.08104368057338482,0.08616317345929943,-1.1341885223276725e-14,1.4039568068684157e-17,-1.3053110844469656e-14
126.26,"[0.06062, 0.0456, 0.3624966756017922]",0.0456,0.3624966756017922,-0.1403270966360919,-0.12894370925137424,-0.1375493111856764,0.357204276938549,0.3284124368913148,0.35085301086240817,-0.20720961641657346,-0.17879969317856675,-0.1972254650670504,-0.6553348551080733,-0.588706370716705,-0.6349148275414517,0.08754231188616679,0.08006984897189295,0.08565577564259776,-8.634573472192346e-15,1.409954141757622e-17,-1.3035071056990885e-14
126.282,"[0.06062, 0.0456, 0.3624966756017922]",0.0456,0.3624966756017922,-0.13963490133923984,-0.12894370925137424,-0.1375493111856764,0.3556220080839536,0.3284124368913148,0.35085301086240817,-0.2047197189720758,-0.17879969317856675,-0.1972254650670504,-0.6502450674612454,-0.588706370716705,-0.6349148275414517,0.08707215978712664,0.08006984897189295,0.08565577564259776,-8.337472640842333e-15,1.409954141757622e-17,-1.3035071056990885e-14
126.3,"[0.06062, 0.0456, 0.3624966756017922]",0.0456,0.3624966756017922,-0.13942634232388343,-0.12894370925137424,-0.13684758226791016,0.35514510836206414,0.3284124368913148,0.34922929824569143,-0.20397029358533117,-0.17879969317856675,-0.19479342510945225,-0.6487120434727973,-0.588706370716705,-0.6298638992709332,0.0869305213726078,0.08006984897189295,0.08518115562898747,-1.1371433147713795e-14,1.409954141757622e-17,-1.3002826194975321e-14
126.32,"[0.06062, 0.0456, 0.36373372632391276]",0.0456,0.36373372632391276,-0.13893637791325023,-0.1274574311560076,-0.13609767731805342,0.3540211044404276,0.3248532037149882,0.3475055308921944,-0.20222668858237683,-0.17423328251679196,-0.19214560300689118,-0.6451308960813926,-0.5787360130588278,-0.6243910698369433,0.08659814188119118,0.07907752075775346,0.08467301488554793,-8.89862099085131e-15,1.3593346700973045e-17,-1.3361605707552998e-14
126.34,"[0.06062, 0.0456, 0.36373372632391276]",0.0456,0.36373372632391276,-0.13839702480016236,-0.1274574311560076,-0.13609767731805342,0.35278314546673295,0.3248532037149882,0.3475055308921944,-0.20031128233048898,-0.17423328251679196,-0.19214560300689118,-0.641190329101892,-0.5787360130588278,-0.6243910698369433,0.08623236775189158,0.07907752075775346,0.08467301488554793,-6.94413960075146e-15,1.3593346700973045e-17,-1.3361605707552998e-14
126.362,"[0.06062, 0.0456, 0.3649770992647128]",0.0456,0.3649770992647128,-0.13770289133158084,-0.12594178082024982,-0.13538757430871917,0.35118730374349966,0.3212153140779141,0.34584944914994215,-0.19785867899995227,-0.16963738543192697,-0.1897485605640179,-0.6361345987014566,-0.5686359535155652,-0.6193597583425595,0.08576189712979658,0.07806722015790855,0.08419415493416249,-7.011060245124651e-15,1.369691122524517e-17,-1.3141297599529685e-14
126.38,"[0.06062, 0.0456, 0.3649770992647128]",0.0456,0.3649770992647128,-0.13747135962929397,-0.12594178082024982,-0.13462751591118766,0.35065351828440994,0.3212153140779141,0.34408966205154023,-0.19704766716005556,-0.16963738543192697,-0.1871292196272444,-0.6344571146690705,-0.5686359535155652,-0.6138924532136433,0.08560512291017035,0.07806722015790855,0.0836805914848747,-1.0419209550432234e-14,1.369691122524517e-17,-1.3349341150196223e-14
126.4,"[0.06062, 0.0456, 0.3649770992647128]",0.0456,0.3649770992647128,-0.13693102932285423,-0.12594178082024982,-0.13391114903578172,0.3494063856006383,0.3212153140779141,0.34241410297820524,-0.1951631621361936,-0.16963738543192697,-0.18473892979755696,-0.6305498289994542,-0.5686359535155652,-0.608847167089907,0.08523946193924119,0.07806722015790855,0.08319819530537624,-8.185742504140911e-15,1.369691122524517e-17,-1.3384467999151022e-14
126.42,"[0.06062, 0.0456, 0.36622556736521394]",0.0456,0.36622556736521394,-0.1364217250871006,-0.12439745114930141,-0.13391114903578172,0.34822865221945487,0.3175009625157671,0.34241410297820524,-0.19339768408387512,-0.165015936896302,-0.18473892979755696,-0.6268803989946955,-0.5584130436063145,-0.608847167089907,0.0848950369348401,0.07703950503874907,0.08319819530537624,-5.81750565836269e-15,1.3691062233777972e-17,-1.3384467999151022e-14
126.44,"[0.06062, 0.0456, 0.36622556736521394]",0.0456,0.36622556736521394,-0.1359447156373481,-0.12439745114930141,-0.13313591177735468,0.34712388786412374,0.3175009625157671,0.34060493810831466,-0.19175252077642505,-0.165015936896302,-0.18214041536056982,-0.6234540849394125,-0.5584130436063145,-0.6033626381335456,0.08457263702512668,0.07703950503874907,0.08267603856819643,-1.2604318957216245e-14,1.3691062233777972e-17,-1.3331128510889577e-14
126.46,"[0.06062, 0.0456, 0.3674778985381305]",0.0456,0.3674778985381305,-0.13541104290395103,-0.1228251889588278,-0.13241068353819052,0.3458852874109972,0.3137125439915354,0.33890355863891797,-0.18992622075470325,-0.1603728969670316,-0.1797509650643178,-0.6196367100531852,-0.5480743514044374,-0.5982888361425477,0.08421228331819139,0.07599496789125293,0.08218843547003743,-9.829130566493084e-15,1.4132352021868382e-17,-1.3593173113610852e-14
126.48,"[0.06062, 0.0456, 0.3674778985381305]",0.0456,0.3674778985381305,-0.13484097462445874,-0.1228251889588278,-0.13162352198861796,0.34455875894478594,0.3137125439915354,0.3370600209685759,-0.1879929221807371,-0.1603728969670316,-0.1771518029050905,-0.615580614017003,-0.5480743514044374,-0.5927654113302314,0.0838277522269258,0.07599496789125293,0.08165922635076561,-8.746210408866437e-15,1.4132352021868382e-17,-1.3645210238944853e-14
126.5,"[0.06062, 0.0456, 0.3674778985381305]",0.0456,0.3674778985381305,-0.13430050316311304,-0.1228251889588278,-0.13162352198861796,0.3432999171201125,0.3137125439915354,0.3370600209685759,-0.18616703411996788,-0.1603728969670316,-0.1771518029050905,-0.6117428337465206,-0.5480743514044374,-0.5927654113302314,0.08346336113107389,0.07599496789125293,0.08165922635076561,-5.881343319648311e-15,1.4132352021868382e-17,-1.3645210238944853e-14
126.52,"[0.06062, 0.0456, 0.36873285688379054]",0.0456,0.36873285688379054,-0.13349062792690697,-0.12122579719929896,-0.13077938860943217,0.3414116382915334,0.3098526561680626,0.3350873512465783,-0.18344430628106836,-0.1557122509681538,-0.17435580100659642,-0.6060055172742833,-0.5376271678877342,-0.5868210612589586,0.08291768982244131,0.07493423685441342,0.08109171852068332,-6.0267560813411945e-15,1.4045879390757383e-17,-1.3647940590401979e-14
126.54,"[0.06062, 0.0456, 0.36873285688379054]",0.0456,0.36873285688379054,-0.13321950399515783,-0.12122579719929896,-0.1299959974341449,0.3407792095873055,0.3098526561680626,0.33325647189961505,-0.1825354557571909,-0.1557122509681538,-0.17176218221574607,-0.6040870716761975,-0.5376271678877342,-0.5813058224706352,0.08273509269220908,0.07493423685441342,0.08056508018958666,-9.911844296021894e-15,1.4045879390757383e-17,-1.3344839834663185e-14
126.56,"[0.06062, 0.0456, 0.36998920390981976]",0.0456,0.36998920390981976,-0.13260703774856564,-0.11960013728675999,-0.129257269656597,0.3393498894271238,0.3059241014300467,0.33151914841758434,-0.18048853379143287,-0.1510380097705149,-0.16936673482766376,-0.5997586343339442,-0.5270790136492562,-0.5761743677399308,0.08232279031660045,0.07385797678050995,0.08006952227693229,-8.617774626891412e-15,1.3601031383741762e-17,-1.3309509775716767e-14
126.58,"[0.06062, 0.0456, 0.36998920390981976]",0.0456,0.36998920390981976,-0.13197058181109286,-0.11960013728675999,-0.12844747455924652,0.33786204863579794,0.3059241014300467,0.3296146633470834,-0.17837539199535016,-0.1510380097705149,-0.1667535885740271,-0.5952776236878403,-0.5270790136492562,-0.5705581352797895,0.08189466938895536,0.07385797678050995,0.0795267602873213,-8.450050556581924e-15,1.3601031383741762e-17,-1.3902295590268799e-14
126.6,"[0.06062, 0.0456, 0.36998920390981976]",0.0456,0.36998920390981976,-0.13130119143324345,-0.11960013728675999,-0.127684405610768,0.3362950454314274,0.3059241014300467,0.32780702906782094,-0.17616724935231654,-0.1510380097705149,-0.16435172949956875,-0.5905809208970686,-0.5270790136492562,-0.5653495733836249,0.08144476665953831,0.07385797678050995,0.07901658369584816,-8.065666083546076e-15,1.3601031383741762e-17,-1.4504294826939087e-14
126.62,"[0.06062, 0.0456, 0.3712456997533842]",0.0456,0.3712456997533842,-0.13061400212697558,-0.11794913154561426,-0.12686053714958373,0.3346823223228339,0.3019298886647792,0.3258652944762017,-0.17392230058722924,-0.1463542101471782,-0.16172763893071274,-0.5857869648762284,-0.5164376459631201,-0.5596742446575776,0.08098341189633294,0.07276689034512918,0.07846534958609601,-8.683305920390674e-15,1.3240485295736639e-17,-1.51271649487311e-14
126.64,"[0.06062, 0.0456, 0.3712456997533842]",0.0456,0.3712456997533842,-0.12990084378127223,-0.11794913154561426,-0.12607695333531746,0.3330070870324597,0.3019298886647792,0.32399491209028836,-0.17160531487942257,-0.1463542101471782,-0.15934106839731413,-0.5808255480414014,-0.5164376459631201,-0.554427555674972,0.08050498005728521,0.07276689034512918,0.07794335171678204,-8.889729611465076e-15,1.3240485295736639e-17,-1.518882720778264e-14
126.66,"[0.06062, 0.0456, 0.3725011044047848]",0.0456,0.3725011044047848,-0.1292448271398308,-0.11627376576777017,-0.12523308730524335,0.33146310820867353,0.29787323480846334,0.32199310551635385,-0.16948989940272827,-0.14166491518096197,-0.15673067981200625,-0.5762821315069375,-0.5057110661945893,-0.5487122450212724,0.08006525048072671,0.0716617192040857,0.07738062449031036,-8.225114330252765e-15,1.3056912268592352e-17,-1.5392921297230132e-14
126.68,"[0.06062, 0.0456, 0.3725011044047848]",0.0456,0.3725011044047848,-0.1282259987930934,-0.11627376576777017,-0.12443953217591527,0.3290588838122476,0.29787323480846334,0.3200974179904128,-0.16624359237868896,-0.14166491518096197,-0.15433738482308396,-0.5692736324417025,-0.5057110661945893,-0.5434227212181093,0.07938329774252881,0.0716617192040857,0.07685273480969643,-1.1683320870393245e-14,1.3056912268592352e-17,-1.5639843683334256e-14
126.7,"[0.06062, 0.0456, 0.3725011044047848]",0.0456,0.3725011044047848,-0.12784735213138332,-0.11627376576777017,-0.12443953217591527,0.32816273723031725,0.29787323480846334,0.3200974179904128,-0.16505297162686833,-0.14166491518096197,-0.15433738482308396,-0.5666885413229862,-0.5057110661945893,-0.5434227212181093,0.07913024144919263,0.0716617192040857,0.07685273480969643,-7.502248986281064e-15,1.3056912268592352e-17,-1.5639843683334256e-14
126.72,"[0.06062, 0.0456, 0.37375417893119744]",0.0456,0.37375417893119744,-0.12719986633983732,-0.11457509189100537,-0.1235746074936071,0.3266303265752392,0.2937575661620116,0.31803287936090474,-0.16301701014061615,-0.1369742146994861,-0.1517404704508331,-0.5622680355094608,-0.4949075275373802,-0.5376644180697632,0.07869751518759642,0.07054324519848305,0.07627790125800171,-1.55643953686314e-14,1.3054886511808973e-17,-1.5456565543082724e-14
126.74,"[0.06062, 0.0456, 0.37375417893119744]",0.0456,0.37375417893119744,-0.1265110671590574,-0.11457509189100537,-0.12276199118768319,0.32499681160500465,0.2937575661620116,0.3160718759941443,-0.16087446760631963,-0.1369742146994861,-0.14939913821765108,-0.5575933482025756,-0.4949075275373802,-0.5323910433358889,0.07823778854087925,0.07054324519848305,0.07573988763907559,-1.4018916779776725e-14,1.3054886511808973e-17,-1.4992735051653206e-14
126.76,"[0.06062, 0.0456, 0.37500368669935014]",0.0456,0.37500368669935014,-0.1258718781920382,-0.11285423079761266,-0.12188825492308807,0.32347756414244666,0.28958651947676683,0.3139799924750646,-0.15890487493018518,-0.13228622571185608,-0.14682708663997698,-0.5532795140106118,-0.48403554305390695,-0.5266357904330762,0.07781160859514723,0.06941229160809081,0.0751605979296263,-1.2095497131397278e-14,1.2867108990237293e-17,-1.4805065762424647e-14
126.78,"[0.06062, 0.0456, 0.37500368669935014]",0.0456,0.37500368669935014,-0.12519362603475656,-0.11285423079761266,-0.12188825492308807,0.32186129504284733,0.28958651947676683,0.3139799924750646,-0.15684157980377564,-0.13228622571185608,-0.14682708663997698,-0.5487351792987976,-0.48403554305390695,-0.5266357904330762,0.07736005264245717,0.06941229160809081,0.0751605979296263,-1.010843286392902e-14,1.2867108990237293e-17,-1.4805065762424647e-14
126.8,"[0.06062, 0.0456, 0.37500368669935014]",0.0456,0.37500368669935014,-0.1245656055235309,-0.11285423079761266,-0.12106826513662498,0.3203638475554642,0.28958651947676683,0.31199605986732204,-0.15493882610902185,-0.13228622571185608,-0.14450876634607954,-0.5445362954206724,-0.48403554305390695,-0.5213672940826192,0.07694215624693332,0.06941229160809081,0.0746189303446924,-1.696891824250405e-14,1.2867108990237293e-17,-1.435833177302978e-14
126.82,"[0.06062, 0.0456, 0.37624839459593057]",0.0456,0.37624839459593057,-0.12397490993080959,-0.11111237523228569,-0.12018185265606074,0.3189525218299074,0.28536394280666877,0.3098621381206612,-0.15316576358716855,-0.12760509281984067,-0.1419773561702278,-0.5406083498446195,-0.4731038939859363,-0.5156275369213459,0.07654949340806325,0.06826972445198688,0.07403321207823611,-1.3834461843642523e-14,1.2248601463986926e-17,-1.3964158518660922e-14
126.84,"[0.06062, 0.0456, 0.37624839459593057]",0.0456,0.37624839459593057,-0.12333400617186532,-0.11111237523228569,-0.12018185265606074,0.3174174018828367,0.28536394280666877,0.3098621381206612,-0.1512677931004308,-0.12760509281984067,-0.1419773561702278,-0.5363785735403482,-0.4731038939859363,-0.5156275369213459,0.07612411459928996,0.06826972445198688,0.07403321207823611,-1.0987365261712305e-14,1.2248601463986926e-17,-1.3964158518660922e-14
126.86,"[0.06062, 0.0456, 0.3774870742445202]",0.0456,0.3774870742445202,-0.12273509700385273,-0.10935079283572599,-0.11935454771472206,0.31598190176851165,0.28109389611891206,0.30785191907791015,-0.14950261009000004,-0.12293498857506309,-0.13970009954560603,-0.5324358765890777,-0.46212163829367864,-0.5103893770220564,0.07572684312020764,0.06711645383398804,0.073488321782805,-1.699536914343543e-14,1.1883879201741388e-17,-1.3452553317176687e-14
126.88,"[0.06062, 0.0456, 0.3774870742445202]",0.0456,0.3774870742445202,-0.12209279263892446,-0.10935079283572599,-0.1184647367441645,0.3144372050577881,0.28109389611891206,0.30571037662651973,-0.14764013309308496,-0.12293498857506309,-0.13718281710307162,-0.5282470416778988,-0.46212163829367864,-0.504651558055803,0.07530152406601756,0.06711645383398804,0.07290123532149244,-1.489986107732138e-14,1.1883879201741388e-17,-1.3278543365288411e-14
126.9,"[0.06062, 0.0456, 0.3774870742445202]",0.0456,0.3774870742445202,-0.12140346201892341,-0.10935079283572599,-0.11763421866232053,0.3127791076563273,0.28109389611891206,0.3037010891382489,-0.14565324306150906,-0.12293498857506309,-0.1348814139280829,-0.523763899796257,-0.46212163829367864,-0.4993631609494453,0.07484546920447536,0.06711645383398804,0.07235427062090644,-1.2949332390186816e-14,1.1883879201741388e-17,-1.3301857156985355e-14
126.92,"[0.06062, 0.0456, 0.37871850321785355]",0.0456,0.37871850321785355,-0.12068730578117194,-0.10757082928757361,-0.116739988924937,0.3110542841383754,0.2767806516501597,0.3015560837321274,-0.14360659553260816,-0.11828011375236076,-0.1323477142245796,-0.5191277594218727,-0.45109811937065325,-0.4935821928454931,0.07437214147351683,0.06595343532877063,0.07176460191030502,-1.2239036500156338e-14,1.1529953206548553e-17,-1.3494985097636746e-14
126.941,"[0.06062, 0.0456, 0.37871850321785355]",0.0456,0.37871850321785355,-0.1196175829131267,-0.10757082928757361,-0.11590220072601488,0.30848027182896054,0.2767806516501597,0.299534609014981,-0.1405554387071804,-0.11828011375236076,-0.1300284691418662,-0.5122049108888324,-0.45109811937065325,-0.48824220733337637,0.07366549825177564,0.06595343532877063,0.07121328342772777,-1.4509794463329863e-14,1.1529953206548553e-17,-1.3745731844395788e-14
126.96,"[0.06062, 0.0456, 0.37994146624420616]",0.0456,0.37994146624420616,-0.11924604469442601,-0.105773911548951,-0.11590220072601488,0.3075857055478142,0.2724286939898832,0.299534609014981,-0.1395027417541579,-0.1136446975080914,-0.1300284691418662,-0.5098086405368348,-0.4400429748696613,-0.48824220733337637,0.07342027676932862,0.06478167140273529,0.07121328342772777,-1.0024515642883712e-14,1.1039183104358389e-17,-1.3745731844395788e-14
126.981,"[0.06062, 0.0456, 0.37994146624420616]",0.0456,0.37994146624420616,-0.11824839657034854,-0.105773911548951,-0.11498753663961443,0.3051831908032658,0.2724286939898832,0.2973279331666699,-0.1366848671818315,-0.1136446975080914,-0.12752500210772755,-0.5033842568637148,-0.4400429748696613,-0.4824434044916726,0.07276209218619828,0.06478167140273529,0.07061238955323668,-1.075993398802867e-14,1.1039183104358389e-17,-1.3420960581327035e-14
127.0,"[0.06062, 0.0456, 0.37994146624420616]",0.0456,0.37994146624420616,-0.11792231057726835,-0.105773911548951,-0.11413569361729246,0.3043976650398553,0.2724286939898832,0.2952545111456736,-0.13576888067762274,-0.1136446975080914,-0.12527684890295673,-0.5012901716297893,-0.4400429748696613,-0.47715956750969296,0.07254712192286442,0.06478167140273529,0.07005448401455394,-1.3925559708571176e-14,1.1039183104358389e-17,-1.2976817354671748e-14
127.02,"[0.06062, 0.0456, 0.38115475640672103]",0.0456,0.38115475640672103,-0.11696513666592484,-0.10396155119109107,-0.11413569361729246,0.30208781751891484,0.2680427198663636,0.2952545111456736,-0.1331076404851468,-0.10903299739073158,-0.12527684890295673,-0.4951787687178888,-0.42896614556164575,-0.47715956750969296,0.07191680739824263,0.06360221286157934,0.07005448401455394,-1.4500784092755205e-14,1.1066468779456413e-17,-1.2976817354671748e-14
127.04,"[0.06062, 0.0456, 0.38115475640672103]",0.0456,0.38115475640672103,-0.11668219236105541,-0.10396155119109107,-0.1132156137260954,0.30140448688183724,0.2680427198663636,0.2930289121672817,-0.1323245613301183,-0.10903299739073158,-0.12281789364488647,-0.49337684860034975,-0.42896614556164575,-0.47140074346606814,0.07173057505983721,0.06360221286157934,0.06945171253042295,-1.6760763026350094e-14,1.1066468779456413e-17,-1.2517919777894851e-14
127.06,"[0.06062, 0.0456, 0.3823571763344901]",0.0456,0.3823571763344901,-0.11602354242041889,-0.10213534779218036,-0.11236033253237863,0.2998131276865445,0.2636276376043466,0.2909511522580047,-0.13051829447619917,-0.10444929916971064,-0.12057287313223346,-0.48920138863128737,-0.4178778841341463,-0.46610460641143037,0.07129759117917746,0.062416160314184004,0.06889223464351436,-1.4015533906368248e-14,1.0971788629583322e-17,-1.2363931499963185e-14
127.08,"[0.06062, 0.0456, 0.3823571763344901]",0.0456,0.3823571763344901,-0.11532753254169603,-0.10213534779218036,-0.11144008576102996,0.2981293523555949,0.2636276376043466,0.28873775726169,-0.128628664427049,-0.10444929916971064,-0.11809218539079873,-0.4848130000159183,-0.4178778841341463,-0.46030609816173923,0.07084057343733217,0.062416160314184004,0.06828941629186902,-1.2671610087024302e-14,1.0971788629583322e-17,-1.2461285604465825e-14
127.1,"[0.06062, 0.0456, 0.3823571763344901]",0.0456,0.3823571763344901,-0.11458891765337134,-0.10213534779218036,-0.1105798129473537,0.29634494928821536,0.2636276376043466,0.2866495751800226,-0.12662673341636912,-0.10444929916971064,-0.11585907347324216,-0.4801566886700286,-0.4178778841341463,-0.45500614926337024,0.07035585357962598,0.062416160314184004,0.06772764130588596,-1.1359947868839997e-14,1.0971788629583322e-17,-1.2304697078379186e-14
127.12,"[0.06062, 0.0456, 0.3835475393842147]",0.0456,0.3835475393842147,-0.11390461231246649,-0.1002969923796266,-0.1105798129473537,0.29469076459548016,0.2591885662163141,0.2866495751800226,-0.12478185810591748,-0.09989791644704407,-0.11585907347324216,-0.47585508159001677,-0.40678876381933804,-0.45500614926337024,0.06990705299628705,0.061224665639794694,0.06772764130588596,-9.782675783113648e-15,1.1401460751865398e-17,-1.2304697078379186e-14
127.14,"[0.06062, 0.0456, 0.3835475393842147]",0.0456,0.3835475393842147,-0.11327290043308054,-0.1002969923796266,-0.10964945790469638,0.2931629386069994,0.2591885662163141,0.28440502168359416,-0.12308652903161815,-0.09989791644704407,-0.11341881182659144,-0.47189378445410546,-0.40678876381933804,-0.4492305420140295,0.06949296477504781,0.061224665639794694,0.06712009404214696,-1.514128124243045e-14,1.1401460751865398e-17,-1.205168310121221e-14
127.16,"[0.06062, 0.0456, 0.38472467081127887]",0.0456,0.38472467081127887,-0.1125844463526923,-0.09844827088941552,-0.10964945790469638,0.29149893439201385,0.25473083408182257,0.28440502168359416,-0.12124966276877923,-0.09538319001500004,-0.11341881182659144,-0.4675877683968628,-0.39570968672317325,-0.4492305420140295,0.06904211933573232,0.06002893344254288,0.06712009404214696,-1.289090987829561e-14,1.1120206417677891e-17,-1.205168310121221e-14
127.181,"[0.06062, 0.0456, 0.38472467081127887]",0.0456,0.38472467081127887,-0.11168967291555577,-0.09844827088941552,-0.10865554222737323,0.28933820906862007,0.25473083408182257,0.2820222718829852,-0.11886407237080494,-0.09538319001500004,-0.1107845138135146,-0.4619912189415105,-0.39570968672317325,-0.44301313086752925,0.0684563454525483,0.06002893344254288,0.06647104375681806,-1.0892226615944382e-14,1.1120206417677891e-17,-1.1839711907600088e-14
127.2,"[0.06062, 0.0456, 0.38472467081127887]",0.0456,0.38472467081127887,-0.11138625984673031,-0.09844827088941552,-0.1077317782251583,0.2886066153502941,0.25473083408182257,0.279794169219364,-0.11805611651814032,-0.09538319001500004,-0.10839853252847675,-0.46009341013733085,-0.39570968672317325,-0.43732204821601695,0.06825781528294407,0.06002893344254288,0.06586909687289445,-1.3380512090319405e-14,1.1120206417677891e-17,-1.1771562720235272e-14
127.22,"[0.06062, 0.0456, 0.38588740892908097]",0.0456,0.38588740892908097,-0.11069190833863686,-0.0965910676080309,-0.10674264492916326,0.28693225058587546,0.2502599771614288,0.2774232306424195,-0.11622117556612052,-0.09090948692182413,-0.10581881502212251,-0.4557668513786044,-0.3846518917069591,-0.4311848457053873,0.067803958784974,0.058830222474115595,0.06522461531840043,-1.1602204536053333e-14,1.0907933207346072e-17,-1.1686728206726545e-14
127.24,"[0.06062, 0.0456, 0.38588740892908097]",0.0456,0.38588740892908097,-0.11003057028748431,-0.0965910676080309,-0.1058227278917838,0.28533892126899685,0.2502599771614288,0.2752095786670603,-0.1144769016443901,-0.09090948692182413,-0.10345867048467786,-0.45164861853301796,-0.3846518917069591,-0.42553215622552926,0.06737188686616939,0.058830222474115595,0.06462603118318945,-8.661979409018595e-15,1.0907933207346072e-17,-1.1859908504532468e-14
127.26,"[0.06062, 0.0456, 0.38703460625547775]",0.0456,0.38703460625547775,-0.10931387276567202,-0.0947273685555332,-0.1058227278917838,0.283613574852866,0.24578173668342324,0.2752095786670603,-0.11259585073838577,-0.08648119920648796,-0.10345867048467786,-0.4471952327540927,-0.3736269616507621,-0.42553215622552926,0.06690404685851388,0.05762984700182765,0.06462603118318945,-7.386370714553306e-15,1.0377662195547516e-17,-1.1859908504532468e-14
127.28,"[0.06062, 0.0456, 0.38703460625547775]",0.0456,0.38703460625547775,-0.10826899895850528,-0.0947273685555332,-0.10483499242835245,0.28109971300451264,0.24578173668342324,0.2728457898406908,-0.10986473990349119,-0.08648119920648796,-0.10090932053939529,-0.44071464193154014,-0.3736269616507621,-0.41943318530349477,0.06622246096440453,0.05762984700182765,0.0639835947230264,-8.207972032891113e-15,1.0377662195547516e-17,-1.1899340461658992e-14
127.3,"[0.06062, 0.0456, 0.38703460625547775]",0.0456,0.38703460625547775,-0.10792559830548151,-0.0947273685555332,-0.10391464506909225,0.28027432068836206,0.24578173668342324,0.27062540595366,-0.10896919797005353,-0.08648119920648796,-0.09861292110443477,-0.4385864962719041,-0.3736269616507621,-0.41386203041574265,0.06599857434023884,0.05762984700182765,0.06338657898565146,-1.1175529940739927e-14,1.0377662195547516e-17,-1.1799704561606128e-14
127.32,"[0.06062, 0.0456, 0.38816513064521097]",0.0456,0.38816513064521097,-0.10724634845291066,-0.09285926476083296,-0.10391464506909225,0.2786408614390563,0.24130205623302248,0.27062540595366,-0.10720818132059373,-0.0821027422626068,-0.09861292110443477,-0.43439025170539664,-0.3626468299044386,-0.41386203041574265,0.06555602663917649,0.05642917809547641,0.06338657898565146,-9.29421719463529e-15,1.0024578572132619e-17,-1.1799704561606128e-14
127.34,"[0.06062, 0.0456, 0.38816513064521097]",0.0456,0.38816513064521097,-0.10661332480996995,-0.09285926476083296,-0.10292694620234166,0.27711792489726683,0.24130205623302248,0.26825781495200235,-0.10557508188513634,-0.0821027422626068,-0.09612577248378638,-0.43048988966637414,-0.3626468299044386,-0.40784311236032367,0.06514383158495565,0.05642917809547641,0.06274602626213453,-1.4165190583812411e-14,1.0024578572132619e-17,-1.1668637560553435e-14
127.36,"[0.06062, 0.0456, 0.3892778664071977]",0.0456,0.3892778664071977,-0.10591291287452663,-0.09098895537194049,-0.10187814778454436,0.27543450400811054,0.23682707816492157,0.26575997470023044,-0.10377971310468784,-0.07777855279113695,-0.09346231878291537,-0.4261870019844538,-0.3517237857069364,-0.4014118175886836,0.06468824857356746,0.05522964480218336,0.06206606094295545,-1.197195773804094e-14,9.597994242339132e-18,-1.1598380316008464e-14
127.38,"[0.06062, 0.0456, 0.3892778664071977]",0.0456,0.3892778664071977,-0.10524069936504041,-0.09098895537194049,-0.10187814778454436,0.2738211490627118,0.23682707816492157,0.26575997470023044,-0.10205911902247335,-0.07777855279113695,-0.09346231878291537,-0.4220585334849755,-0.3517237857069364,-0.4014118175886836,0.06425122980242569,0.05522964480218336,0.06206606094295545,-8.85374396166079e-15,9.597994242339132e-18,-1.1598380316008464e-14
127.4,"[0.06062, 0.0456, 0.3892778664071977]",0.0456,0.3892778664071977,-0.10460181456473092,-0.09098895537194049,-0.10090307368096332,0.2722895259342706,0.23682707816492157,0.2634216679721144,-0.10042572698247557,-0.07777855279113695,-0.09105730388982633,-0.41813565747064585,-0.3517237857069364,-0.3955333770679392,0.06383604771907868,0.05522964480218336,0.06143532800207988,-1.3678370472679694e-14,9.597994242339132e-18,-1.1505137246138871e-14
127.42,"[0.06062, 0.0456, 0.3903717154055832]",0.0456,0.3903717154055832,-0.10389905379682203,-0.08911875053507173,-0.09986519145700118,0.270604632921902,0.23236313925133345,0.26094887421658236,-0.09864572660056814,-0.07351308630131875,-0.08847615541829407,-0.41384122420030556,-0.34087047832803924,-0.3892382999101709,0.06337991097280032,0.054032735173956126,0.06076421091722684,-1.1761612162448003e-14,1.0087840370876584e-17,-1.1444999862201883e-14
127.44,"[0.06062, 0.0456, 0.3903717154055832]",0.0456,0.3903717154055832,-0.10322602935242244,-0.08911875053507173,-0.09889973299983865,0.2689925902063258,0.23236313925133345,0.25863990707381357,-0.0969458114441035,-0.07351308630131875,-0.08611366377667501,-0.40973322553559327,-0.34087047832803924,-0.38343717159658813,0.06294332849983009,0.054032735173956126,0.06014069793985003,-8.905743951261505e-15,1.0087840370876584e-17,-1.1634214274235002e-14
127.46,"[0.06062, 0.0456, 0.39144559814346797]",0.0456,0.39144559814346797,-0.10249092430658432,-0.08725107396699865,-0.09889973299983865,0.26723338745443503,0.22791676546903378,0.25863990707381357,-0.09510032764068209,-0.069310814119682,-0.08611366377667501,-0.40525907684156015,-0.33009991965930136,-0.38343717159658813,0.06246694486135137,0.052839997108000775,0.06014069793985003,-7.649557173399404e-15,9.860106510115324e-18,-1.1634214274235002e-14
127.48,"[0.06062, 0.0456, 0.39144559814346797]",0.0456,0.39144559814346797,-0.10180859795828566,-0.08725107396699865,-0.09786874266406652,0.2656006261825363,0.22791676546903378,0.2561880206960178,-0.09339286151190755,-0.069310814119682,-0.0835810322447242,-0.40111291485091083,-0.33009991965930136,-0.3772207068973145,0.062024957946223,0.052839997108000775,0.059475346939341714,-1.2801760598580203e-14,9.860106510115324e-18,-1.1713206094255174e-14
127.5,"[0.06062, 0.0456, 0.39144559814346797]",0.0456,0.39144559814346797,-0.10106002545238943,-0.08725107396699865,-0.09690801019496802,0.263812231140526,0.22791676546903378,0.25389315788134015,-0.09152861395672111,-0.069310814119682,-0.08126482640553465,-0.3965733953458415,-0.33009991965930136,-0.3714901621529265,0.061540531854871496,0.052839997108000775,0.0588562079244616,-1.1116761236318797e-14,9.860106510115324e-18,-1.1957046851155682e-14
127.52,"[0.06062, 0.0456, 0.39249845482824114]",0.0456,0.39249845482824114,-0.10035760847570753,-0.085388465135045,-0.09588116096440566,0.26213414487503406,0.22349466582067934,0.25145532566456624,-0.0897869528530661,-0.06517621986784292,-0.07877713621488491,-0.39232333007229225,-0.3194254849529025,-0.3653403679771972,0.061086232819389866,0.05165303895491226,0.05819493026655385,-9.400469359904572e-15,9.627670010721784e-18,-1.2155796384687708e-14
127.54,"[0.06062, 0.0456, 0.39249845482824114]",0.0456,0.39249845482824114,-0.09959949987931857,-0.085388465135045,-0.09492273330914516,0.2603245741249805,0.22349466582067934,0.24916870313814618,-0.08791897981449773,-0.06517621986784292,-0.07650366272582915,-0.3877500487561404,-0.3194254849529025,-0.359669287390652,0.06059640032352077,0.05165303895491226,0.05757867133350737,-7.986975255155685e-15,9.627670010721784e-18,-1.2442545007390108e-14
127.56,"[0.06062, 0.0456, 0.3935292464174678]",0.0456,0.3935292464174678,-0.09879717271996624,-0.08353358094880883,-0.09390277947029393,0.25841075466528707,0.21910372507806877,0.2467571810757952,-0.08595468218710732,-0.06111379537145196,-0.0740449100952809,-0.3829251013555317,-0.308860911379242,-0.3535705576551854,0.06007849511935207,0.050473529844865785,0.05692281435747738,-7.730390787940915e-15,1.0185007027300056e-17,-1.2830997391111555e-14
127.581,"[0.06062, 0.0456, 0.3935292464174678]",0.0456,0.3935292464174678,-0.09755340841024501,-0.08353358094880883,-0.09390277947029393,0.2554479695101715,0.21910372507806877,0.2467571810757952,-0.08292629292090928,-0.06111379537145196,-0.0740449100952809,-0.3754640171297841,-0.308860911379242,-0.3535705576551854,0.059276430047888004,0.050473529844865785,0.05692281435747738,-1.050825932643446e-14,1.0185007027300056e-17,-1.2830997391111555e-14
127.6,"[0.06062, 0.0456, 0.3935292464174678]",0.0456,0.3935292464174678,-0.09718834551623998,-0.08353358094880883,-0.09294365779614329,0.25457889066694545,0.21910372507806877,0.2444666210434799,-0.08203815464106352,-0.06111379537145196,-0.07182977726189502,-0.3732746711853653,-0.308860911379242,-0.34797368793974504,0.059041068478828104,0.050473529844865785,0.05630796480679909,-1.3032187766811926e-14,1.0185007027300056e-17,-1.2854225108123333e-14
127.62,"[0.06062, 0.0456, 0.39453695564429836]",0.0456,0.39453695564429836,-0.09638185484942743,-0.0816891968572361,-0.091917626836365,0.2526575594389076,0.21475099532837907,0.2420291654803252,-0.08009856294431526,-0.05712803596508302,-0.0694598134602153,-0.36846748437465665,-0.2984202940470027,-0.341978529617622,0.058521778781106176,0.04930319967693511,0.05565095423640287,-1.255967879909537e-14,1.0187700280283526e-17,-1.2706760773001958e-14
127.64,"[0.06062, 0.0456, 0.39453695564429836]",0.0456,0.39453695564429836,-0.09562599431333653,-0.0816891968572361,-0.091917626836365,0.25085753558788104,0.21475099532837907,0.2420291654803252,-0.0782904972897977,-0.05712803596508302,-0.0694598134602153,-0.3639741472258063,-0.2984202940470027,-0.341978529617622,0.05803545306891246,0.04930319967693511,0.05565095423640287,-1.0932970590855692e-14,1.0187700280283526e-17,-1.2706760773001958e-14
127.66,"[0.06062, 0.0456, 0.3955205880213882]",0.0456,0.3955205880213882,-0.09492140449269265,-0.0798582072343571,-0.09096112281613475,0.2491801452678378,0.21044368619910325,0.23973647075029741,-0.07661266736726037,-0.05322343516122288,-0.06733644908147374,-0.35979497988599235,-0.28811807910414494,-0.3365122427916459,0.05758239829070273,0.04814383871180969,0.05504013322130821,-1.5252246755886665e-14,9.903709680337056e-18,-1.2401285883199531e-14
127.68,"[0.06062, 0.0456, 0.3955205880213882]",0.0456,0.3955205880213882,-0.09416895097415576,-0.0798582072343571,-0.08994078967818454,0.24738584710992362,0.21044368619910325,0.2373073729552754,-0.0748501858981442,-0.05322343516122288,-0.0650569181983478,-0.3553712598439794,-0.28811807910414494,-0.33065327846805875,0.05709936792748458,0.04814383871180969,0.05438902189687365,-1.4038187520798229e-14,9.903709680337056e-18,-1.2061354492605923e-14
127.7,"[0.06062, 0.0456, 0.3955205880213882]",0.0456,0.3955205880213882,-0.09345743031035039,-0.0798582072343571,-0.0889920013655379,0.2456895558225095,0.21044368619910325,0.23503843553876455,-0.07319462281986579,-0.05322343516122288,-0.06298029023613683,-0.3512021501776242,-0.28811807910414494,-0.32526658092934063,0.05664300220083499,0.04814383871180969,0.05378440362569291,-1.1918569346243197e-14,9.903709680337056e-18,-1.1902446890203841e-14
127.72,"[0.06062, 0.0456, 0.3964791728223364]",0.0456,0.3964791728223364,-0.0926943897589854,-0.07804362492715995,-0.0889920013655379,0.24387004733649853,0.20618915363384693,0.23503843553876455,-0.07144079615068852,-0.049404478655901696,-0.06298029023613683,-0.3467591948048312,-0.27796905351593343,-0.32526658092934063,0.05615428411593291,0.04699729670365477,0.05378440362569291,-1.0922543601722462e-14,9.347602291048507e-18,-1.1902446890203841e-14
127.74,"[0.06062, 0.0456, 0.3964791728223364]",0.0456,0.3964791728223364,-0.09199093596420835,-0.07804362492715995,-0.08797925192340632,0.24219204109530373,0.20618915363384693,0.2326326282032642,-0.06983330003190343,-0.049404478655901696,-0.06075194359574509,-0.34267559817417315,-0.27796905351593343,-0.31949296310825054,0.05570400682275817,0.04699729670365477,0.053139553520172696,-1.479464589330243e-14,9.347602291048507e-18,-1.1658509245326811e-14
127.76,"[0.06062, 0.0456, 0.3974117640396759]",0.0456,0.3974117640396759,-0.09131986344626195,-0.0762485798301632,-0.08691129898658224,0.2405922753064193,0.2019948870898167,0.23011572490090007,-0.06830839351178362,-0.045675637649046384,-0.05837884306371427,-0.3387905231214513,-0.267988331098157,-0.3133640109712674,0.05527479720473393,0.04586548150287404,0.0524599211648867,-1.23338769999618e-14,9.496192306105696e-18,-1.1540049869080415e-14
127.78,"[0.06062, 0.0456, 0.3974117640396759]",0.0456,0.3974117640396759,-0.09057835196324808,-0.0762485798301632,-0.08691129898658224,0.23882825202698163,0.2019948870898167,0.23011572490090007,-0.0666353579796379,-0.045675637649046384,-0.05837884306371427,-0.3345110915111385,-0.267988331098157,-0.3133640109712674,0.05480113766910968,0.04586548150287404,0.0524599211648867,-1.0381617573794242e-14,9.496192306105696e-18,-1.1540049869080415e-14
127.8,"[0.06062, 0.0456, 0.3974117640396759]",0.0456,0.3974117640396759,-0.08988161189765957,-0.0762485798301632,-0.08591900609113713,0.23717287187339156,0.2019948870898167,0.22775940559889235,-0.0650666201505066,-0.045675637649046384,-0.05624801537053555,-0.33049314621420484,-0.267988331098157,-0.30777513732468076,0.054356306533280836,0.04586548150287404,0.05182986661179262,-1.4092672908354087e-14,9.496192306105696e-18,-1.1335522669977627e-14
127.824,"[0.06062, 0.0456, 0.39831744131846814]",0.0456,0.39831744131846814,-0.08880774572408859,-0.07447631634375816,-0.08487093075321404,0.23462182251354743,0.1978684950292471,0.22528834454473454,-0.06267677826217175,-0.0420413614643795,-0.053981483517007205,-0.32433656581333375,-0.2581913343716811,-0.30184256408059723,0.0536716413145203,0.0447503570583568,0.05116486625013122,-1.4281604135787718e-14,8.835503121664969e-18,-1.1134464468949296e-14
127.84,"[0.06062, 0.0456, 0.39831744131846814]",0.0456,0.39831744131846814,-0.08841406422702426,-0.07447631634375816,-0.08389703401806689,0.23368847471688928,0.1978684950292471,0.2229828659124865,-0.06180724879034834,-0.0420413614643795,-0.051914042111069154,-0.3220871656432325,-0.2581913343716811,-0.2963851944723252,0.05342096380806708,0.0447503570583568,0.05054767263608514,-1.078386048291419e-14,8.835503121664969e-18,-1.1100320076753565e-14
127.86,"[0.06062, 0.0456, 0.39919531086458276]",0.0456,0.39919531086458276,-0.08764347919349615,-0.07273018956792712,-0.08389703401806689,0.23186190212134594,0.19381768858169926,0.2229828659124865,-0.060113609252744574,-0.03850606946166868,-0.051914042111069154,-0.317694954391292,-0.24859377180016293,-0.2963851944723252,0.05293058591062964,0.043653940745692336,0.05054767263608514,-9.867161582965746e-15,8.554778449415705e-18,-1.1100320076753565e-14
127.88,"[0.06062, 0.0456, 0.39919531086458276]",0.0456,0.39919531086458276,-0.08693165461014064,-0.07273018956792712,-0.08286630757781212,0.23017488524201177,0.19381768858169926,0.22055862724148623,-0.05855569150060718,-0.03850606946166868,-0.04971741911958974,-0.31364610001226745,-0.24859377180016293,-0.29059073670962093,0.052477832388443175,0.043653940745692336,0.04989506423258032,-1.3434941335155106e-14,8.554778449415705e-18,-1.0989480826246833e-14
127.9,"[0.06062, 0.0456, 0.39919531086458276]",0.0456,0.39919531086458276,-0.08615923867400539,-0.07273018956792712,-0.08190834281889726,0.22834779622228987,0.19381768858169926,0.21828681750739629,-0.05687641975308537,-0.03850606946166868,-0.04775093869701126,-0.30926558099051443,-0.24859377180016293,-0.2853129589623686,0.05198710643880596,0.043653940745692336,0.04928992756675499,-1.2154355021082086e-14,8.554778449415705e-18,-1.077266915041979e-14
127.92,"[0.06062, 0.0456, 0.4000445063267643]",0.0456,0.4000445063267643,-0.08543778528985126,-0.07101366008019293,-0.08190834281889726,0.2266406731429159,0.18985026326274745,0.21828681750739629,-0.055319561595276935,-0.035074142243419267,-0.04775093869701126,-0.30518958280815545,-0.23921160997827615,-0.2853129589623686,0.051529104753018244,0.04257829994720309,0.04928992756675499,-1.0877435478756417e-14,9.102024204633368e-18,-1.077266915041979e-14
127.94,"[0.06062, 0.0456, 0.4000445063267643]",0.0456,0.4000445063267643,-0.08476719122034643,-0.07101366008019293,-0.08089566802785222,0.22505344057250568,0.18985026326274745,0.21590304438002184,-0.053881523249311745,-0.035074142243419267,-0.04565566371016738,-0.3014130242829996,-0.23921160997827615,-0.2797039785179755,0.0511036610876076,0.04257829994720309,0.04865068008704805,-1.3815850398127054e-14,9.102024204633368e-18,-1.0550905166072412e-14
127.96,"[0.06062, 0.0456, 0.4008641896516161]",0.0456,0.4008641896516161,-0.08403160181378158,-0.06933028714737631,-0.07983610937117817,0.22331486529630556,0.18597407864756527,0.21342745527920773,-0.05231860994164691,-0.0317499121685943,-0.043446420464662815,-0.29728830559334624,-0.23006104035509878,-0.2738047753921009,0.050637594697480484,0.04152554781078727,0.047982309143091005,-1.2357263891343622e-14,8.728084196462341e-18,-1.0382663590137113e-14
127.98,"[0.06062, 0.0456, 0.4008641896516161]",0.0456,0.4008641896516161,-0.08332981852880138,-0.06933028714737631,-0.07983610937117817,0.2216590604125011,0.18597407864756527,0.21342745527920773,-0.05083172583789642,-0.0317499121685943,-0.043446420464662815,-0.2933573631421651,-0.23006104035509878,-0.2738047753921009,0.05019324382708229,0.04152554781078727,0.047982309143091005,-1.0391305028625625e-14,8.728084196462341e-18,-1.0382663590137113e-14
128.0,"[0.06062, 0.0456, 0.4008641896516161]",0.0456,0.4008641896516161,-0.08266601378882947,-0.06933028714737631,-0.07885404004425024,0.2200950554375038,0.18597407864756527,0.21111665469315638,-0.04942851782160569,-0.0317499121685943,-0.04146399268414002,-0.2896423714751536,-0.23006104035509878,-0.2684305975958808,0.04977316623710557,0.04152554781078727,0.047364035544118076,-1.3177515527054488e-14,8.728084196462341e-18,-1.01879154548905e-14
128.02,"[0.06062, 0.0456, 0.4016535519106581]",0.0456,0.4016535519106581,-0.08203012501680006,-0.0676837202257292,-0.07782512545287774,0.2185971313491959,0.18219703591589392,0.2087158646849384,-0.048093676550424465,-0.02853765319759233,-0.03936245103868054,-0.2860958104454337,-0.2211584401086935,-0.2627589574943575,0.04937107602932681,0.04049783811791258,0.04671658499632071,-1.1188248052351529e-14,8.568983492000683e-18,-1.0114130450036564e-14
128.04,"[0.06062, 0.0456, 0.4016535519106581]",0.0456,0.4016535519106581,-0.0813237774128918,-0.0676837202257292,-0.07782512545287774,0.21693576178408894,0.18219703591589392,0.2087158646849384,-0.04662388245596926,-0.02853765319759233,-0.03936245103868054,-0.28217225599953716,-0.2211584401086935,-0.2627589574943575,0.04892499328233931,0.04049783811791258,0.04671658499632071,-9.642217387750625e-15,8.568983492000683e-18,-1.0114130450036564e-14
128.06,"[0.06062, 0.0456, 0.4024118140986415]",0.0456,0.4024118140986415,-0.0806590335404649,-0.06607768861411599,-0.07687064203299167,0.21537398133556754,0.1785270532083022,0.2064716465129774,-0.04524421049123396,-0.02544157010533899,-0.03747948636071639,-0.2784837292890128,-0.2125203268354724,-0.2575933190124254,0.04850539570797944,0.03949735919704002,0.046117182953462725,-1.2383814701505189e-14,9.170904506929928e-18,-9.971075761837244e-15
128.08,"[0.06062, 0.0456, 0.4024118140986415]",0.0456,0.4024118140986415,-0.07993923915405472,-0.06607768861411599,-0.07586970110827565,0.2136825377196309,0.1785270532083022,0.20413573707646707,-0.043768912911017775,-0.02544157010533899,-0.03548850989898019,-0.2745145513420565,-0.2125203268354724,-0.25214735101297553,0.04805163528460491,0.03949735919704002,0.0454890341339457,-1.1377087447861152e-14,9.170904506929928e-18,-9.838471095518137e-15
128.1,"[0.06062, 0.0456, 0.4024118140986415]",0.0456,0.4024118140986415,-0.07925611160859587,-0.06607768861411599,-0.07494025655687189,0.21207887744707127,0.1785270532083022,0.20195769178850123,-0.042374824224872897,-0.02544157010533899,-0.03367451001472586,-0.2707549204050997,-0.2125203268354724,-0.24714045619230918,0.04762127445972027,0.03949735919704002,0.04490638271485209,-9.872822419348734e-15,9.170904506929928e-18,-9.821499077668275e-15
128.12,"[0.06062, 0.0456, 0.40313822790233295]",0.0456,0.40313822790233295,-0.07851974915840625,-0.06451598914095376,-0.07494025655687189,0.21035187624821042,0.17497203876290043,0.20195769178850123,-0.040885024519059184,-0.022465787112737074,-0.03367451001472586,-0.26671879274410304,-0.20416330678369413,-0.24714045619230918,0.04715788365589869,0.03852632682765711,0.04490638271485209,-9.194615579702145e-15,9.250518478371771e-18,-9.821499077668275e-15
128.14,"[0.06062, 0.0456, 0.40313822790233295]",0.0456,0.40313822790233295,-0.07745210409478696,-0.06451598914095376,-0.0739642308708289,0.2078498574590078,0.17497203876290043,0.19968574377757461,-0.03873961167589113,-0.022465787112737074,-0.03176087582569367,-0.2608855179970156,-0.20416330678369413,-0.24186500069809683,0.046486596258081665,0.03852632682765711,0.04429507628711856,-9.542658138017366e-15,9.250518478371771e-18,-9.747658276768398e-15
128.16,"[0.06062, 0.0456, 0.40383207643900904]",0.0456,0.40383207643900904,-0.07710331677237676,-0.0630024717883118,-0.07305697766698138,0.2070334460910188,0.17153986183693776,0.1975640465255042,-0.0380417380931968,-0.0196143360005327,-0.030019657785510415,-0.25898346626995555,-0.19610401644596379,-0.23701543449784895,0.0462674442609786,0.03758697609231452,0.04372751706344764,-1.0895342595518063e-14,9.135434084991492e-18,-9.745658716584374e-15
128.18,"[0.06062, 0.0456, 0.40383207643900904]",0.0456,0.40383207643900904,-0.07633451234235737,-0.0630024717883118,-0.07210734839522032,0.20523426017390273,0.17153986183693776,0.19536619914146322,-0.036517542839173786,-0.0196143360005327,-0.02815951733601045,-0.2548095402387559,-0.19610401644596379,-0.23188026057863065,0.04578485809343483,0.03758697609231452,0.04313348007132998,-1.053785338367398e-14,9.135434084991492e-18,-9.83981739878541e-15
128.2,"[0.06062, 0.0456, 0.40383207643900904]",0.0456,0.40383207643900904,-0.07553135119240408,-0.0630024717883118,-0.07210734839522032,0.20335932857805997,0.17153986183693776,0.19536619914146322,-0.034929517998005095,-0.0196143360005327,-0.02815951733601045,-0.25045297710882497,-0.19610401644596379,-0.23188026057863065,0.04528109626922259,0.03758697609231452,0.04313348007132998,-1.0218679659765092e-14,9.135434084991492e-18,-9.83981739878541e-15
128.22,"[0.06062, 0.0456, 0.4044926749639336]",0.0456,0.4044926749639336,-0.07488079066091331,-0.06154102318655445,-0.07122078398005381,0.20184063398539054,0.1682383214590709,0.1932939226622374,-0.03364321787657173,-0.016891143783571046,-0.0264994647806631,-0.2469241609734343,-0.18835905743219503,-0.227196534828599,0.04487304919161195,0.036681552149862795,0.04258024651745155,-1.2360446675241175e-14,9.03968857151956e-18,-9.73957184456955e-15
128.24,"[0.06062, 0.0456, 0.4044926749639336]",0.0456,0.4044926749639336,-0.07418538939155883,-0.06154102318655445,-0.07029137574684635,0.20021675883431667,0.1682383214590709,0.1911369613734764,-0.03228590479269681,-0.016891143783571046,-0.02474877385977032,-0.24317591201137462,-0.18835905743219503,-0.2222667740820763,0.0444374166835105,0.036681552149862795,0.04200077363543662,-1.1560235432486532e-14,9.03968857151956e-18,-9.632944791349074e-15
128.26,"[0.06062, 0.0456, 0.4051193715461174]",0.0456,0.4051193715461174,-0.07344552679907045,-0.060135547950569176,-0.06932794705071418,0.19849159731707405,0.16507511310526043,0.18891493328267955,-0.030853849919775363,-0.014300020036957316,-0.022929467864946772,-0.23920317581025544,-0.18094492467249967,-0.2171454724547286,0.04397445450436603,0.035812299922620416,0.04140068621411775,-1.0905487258405577e-14,9.410159083712785e-18,-9.497767496613755e-15
128.28,"[0.06062, 0.0456, 0.4051193715461174]",0.0456,0.4051193715461174,-0.07274989522954775,-0.060135547950569176,-0.06932794705071418,0.19687201367903015,0.16507511310526043,0.18891493328267955,-0.029511954873218192,-0.014300020036957316,-0.022929467864946772,-0.2354731293246303,-0.18094492467249967,-0.2171454724547286,0.04353944639712754,0.035812299922620416,0.04140068621411775,-9.841331116727597e-15,9.410159083712785e-18,-9.497767496613755e-15
128.3,"[0.06062, 0.0456, 0.40571154771169593]",0.0456,0.40571154771169593,-0.0717333227795452,-0.060135547950569176,-0.06843570211530127,0.1945081805409235,0.16507511310526043,0.18684028977138759,-0.027565949295097827,-0.014300020036957316,-0.02130795181549406,-0.2300411834247284,-0.18094492467249967,-0.21249396349638394,0.04290437981228554,0.035812299922620416,0.040846060461782074,-1.0086929797009443e-14,9.410159083712785e-18,-9.289174743776502e-15
128.32,"[0.06062, 0.0456, 0.40571154771169593]",0.0456,0.40571154771169593,-0.07140356071310594,-0.05878994787404629,-0.067511570267177,0.1937413914641065,0.16205779344369775,0.18470555882571377,-0.02694014954936276,-0.01184464397830876,-0.019620120130191057,-0.22828646143467024,-0.17387792814840586,-0.20766002712202306,0.04269854787723091,0.034981452713502746,0.04027209393561371,-1.1063422555190681e-14,9.953690731160876e-18,-9.082281527420285e-15
128.34,"[0.06062, 0.0456, 0.40571154771169593]",0.0456,0.40571154771169593,-0.07074725439472579,-0.05878994787404629,-0.067511570267177,0.1922167090482355,0.16205779344369775,0.18470555882571377,-0.025701248815630212,-0.01184464397830876,-0.019620120130191057,-0.224802493194373,-0.17387792814840586,-0.20766002712202306,0.04228917861567047,0.034981452713502746,0.04027209393561371,-9.980635917061573e-15,9.953690731160876e-18,-9.082281527420285e-15
128.36,"[0.06062, 0.0456, 0.40626861905428796]",0.0456,0.40626861905428796,-0.07013247441046482,-0.05750809905123501,-0.06665720516597337,0.19078959050621117,0.1591937433510579,0.18271572129398772,-0.024545834369588584,-0.009528551421622225,-0.01811944335826729,-0.2215454246458865,-0.1671741085192231,-0.2032773518460115,0.04190593252645239,0.03419121979602118,0.0397424938378157,-1.1597457394110572e-14,1.0225609819546703e-17,-8.828246162481487e-15
128.381,"[0.06062, 0.0456, 0.40626861905428796]",0.0456,0.40626861905428796,-0.06919067644520376,-0.05750809905123501,-0.06577316211772187,0.18860157195010188,0.1591937433510579,0.18067103154861397,-0.022804282411456232,-0.009528551421622225,-0.016554668398333992,-0.216594776924701,-0.1671741085192231,-0.1987214035556316,0.04131964064182197,0.03419121979602118,0.039194871271471796,-1.1456594378414301e-14,1.0225609819546703e-17,-8.59276776870079e-15
128.4,"[0.06062, 0.0456, 0.40626861905428796]",0.0456,0.40626861905428796,-0.0688489250124836,-0.05750809905123501,-0.06495389706997473,0.1878085179101393,0.1591937433510579,0.17876774278932664,-0.0221793210123254,-0.009528551421622225,-0.015135135780579633,-0.21480743959067544,-0.1671741085192231,-0.19454355526852898,0.04110716370478321,0.03419121979602118,0.03868789987779136,-9.789815684182817e-15,1.0225609819546703e-17,-8.433606371535183e-15
128.42,"[0.06062, 0.0456, 0.4067900358117345]",0.0456,0.4067900358117345,-0.06818260355771662,-0.05629382705531506,-0.06495389706997473,0.18626206662581782,0.1564901294624095,0.17876774278932664,-0.02096868375800936,-0.007355121727701408,-0.015135135780579633,-0.21133330792064034,-0.16084914719519777,-0.19454355526852898,0.04069313100307973,0.0334437730501381,0.03868789987779136,-9.245028378637515e-15,1.0100122695513852e-17,-8.433606371535183e-15
128.44,"[0.06062, 0.0456, 0.4067900358117345]",0.0456,0.4067900358117345,-0.06722294318038244,-0.05629382705531506,-0.06410708787842798,0.18403637242646778,0.1564901294624095,0.176820418388856,-0.01923764869622513,-0.007355121727701408,-0.013633700122837886,-0.2063461635055259,-0.16084914719519777,-0.19017234072905956,0.0400973085162467,0.0334437730501381,0.03816385135907397,-9.256542605709309e-15,1.0100122695513852e-17,-8.368356202765897e-15
128.46,"[0.06062, 0.0456, 0.40727528340864727]",0.0456,0.40727528340864727,-0.06691135765017148,-0.05515088036778493,-0.0625124062500003,0.1833147770228273,0.1539538645786936,0.17314797321362665,-0.018677253841042178,-0.005327564883155401,-0.01086205907733412,-0.20472878123061508,-0.15491827160611948,-0.18201811195495868,0.03990396280052681,0.03274123274956677,0.03717846417231595,-1.0013649656373317e-14,9.92723775519923e-18,-8.09504372984166e-15
128.48,"[0.06062, 0.0456, 0.40727528340864727]",0.0456,0.40727528340864727,-0.06614827225883066,-0.05515088036778493,-0.0625124062500003,0.18154933366967105,0.1539538645786936,0.17314797321362665,-0.01732146695133781,-0.005327564883155401,-0.01086205907733412,-0.20078965306804833,-0.15491827160611948,-0.18201811195495868,0.03943107290203063,0.03274123274956677,0.03717846417231595,-7.90012719169266e-15,9.92723775519923e-18,-8.09504372984166e-15
128.5,"[0.06062, 0.0456, 0.40727528340864727]",0.0456,0.40727528340864727,-0.06545745771711965,-0.05515088036778493,-0.06175654327948619,0.1799530751832388,0.1539538645786936,0.17139972315855545,-0.01609417945933541,-0.005327564883155401,-0.009590815779226032,-0.1972230602617263,-0.15491827160611948,-0.1782131962717143,0.03900307724338072,0.03274123274956677,0.03671234564986538,-9.65357830863524e-15,9.92723775519923e-18,-7.979268921442458e-15
128.52,"[0.06062, 0.0456, 0.40772388296423284]",0.0456,0.40772388296423284,-0.06475428397397252,-0.05408290232224487,-0.06097787224763795,0.17832793829881186,0.15159156731682918,0.16961414357297588,-0.014858540364123637,-0.0034489088442618654,-0.008258792215297659,-0.19361118610886455,-0.1493961566174008,-0.17425810784178283,0.03856783824060888,0.032085652640353395,0.03623225928756065,-9.476646055064726e-15,1.0330222590155381e-17,-7.904019019862988e-15
128.54,"[0.06062, 0.0456, 0.40772388296423284]",0.0456,0.40772388296423284,-0.06403676574597035,-0.05408290232224487,-0.05957776933392137,0.1766723173011567,0.15159156731682918,0.1663778901769403,-0.013604588219850361,-0.0034489088442618654,-0.005953716698238446,-0.18993410124335247,-0.1493961566174008,-0.1672770896907132,0.038124078239526155,0.032085652640353395,0.03537052642729571,-9.278694157135798e-15,1.0330222590155381e-17,-7.61325757776693e-15
128.56,"[0.06062, 0.0456, 0.4081353917648899]",0.0456,0.4081353917648899,-0.06325029184694468,-0.053093401896284434,-0.05957776933392137,0.17485693512782174,0.14940952144586858,0.1663778901769403,-0.012250317293797993,-0.001721987283179642,-0.005953716698238446,-0.18593123145391505,-0.14429682324807752,-0.1672770896907132,0.03763827492988727,0.03147900448524685,0.03537052642729571,-7.979384538905695e-15,1.0159991114828585e-17,-7.61325757776693e-15
128.58,"[0.06062, 0.0456, 0.4081353917648899]",0.0456,0.4081353917648899,-0.06255251256943449,-0.053093401896284434,-0.05887531911938826,0.17324591658734687,0.14940952144586858,0.16476290645962258,-0.011053963184625442,-0.001721987283179642,-0.004794559564238414,-0.18238694452402096,-0.14429682324807752,-0.16376828901101265,0.03720740271439247,0.03147900448524685,0.03493854952581976,-9.452167805776086e-15,1.0159991114828585e-17,-7.556079528980566e-15
128.6,"[0.06062, 0.0456, 0.4081353917648899]",0.0456,0.4081353917648899,-0.06185384581392522,-0.053093401896284434,-0.0582183496917679,0.1716341446633168,0.14940952144586858,0.16323164023694967,-0.009864676500681763,-0.001721987283179642,-0.003782197382709943,-0.17884939998173052,-0.14429682324807752,-0.16059075773599532,0.036776320608561425,0.03147900448524685,0.034535713167532296,-9.308018356454577e-15,1.0159991114828585e-17,-7.345595773622633e-15
128.62,"[0.06062, 0.0456, 0.4085094037011142]",0.0456,0.4085094037011142,-0.061163101550716796,-0.05218572375395379,-0.05754226845684699,0.1700376688225457,0.14741363540566269,0.16166749034766245,-0.00870900547214783,-0.00014942787191974706,-0.0027255655880322636,-0.1753802579601937,-0.13963353603812823,-0.1572970314194042,0.03635060519476418,0.030923162282054037,0.03412129512893709,-9.264790782156711e-15,1.0151054348846292e-17,-7.140776224075521e-15
128.64,"[0.06062, 0.0456, 0.4085094037011142]",0.0456,0.4085094037011142,-0.060535990574032486,-0.05218572375395379,-0.05691776653628601,0.16858810840259603,0.14741363540566269,0.1602041824137522,-0.007667248759551653,-0.00014942787191974706,-0.0018131114484274018,-0.17224088029109902,-0.13963353603812823,-0.15434681329898758,0.03596433390572914,0.030923162282054037,0.03373953033286109,-8.909154688665838e-15,1.0151054348846292e-17,-6.840497386988699e-15
128.66,"[0.06062, 0.0456, 0.4088455496682798]",0.0456,0.4088455496682798,-0.05990473317971969,-0.051363018005210925,-0.05627930410510177,0.16712686017900907,0.14560940254953092,0.15871991111973854,-0.006637083546824271,0.0012663587658354662,-0.0008625912719479633,-0.16910652719856878,-0.13541870058657768,-0.15130301217504907,0.03557598005853003,0.03041988639524565,0.03334928209283015,-8.726588920607087e-15,1.0393952500871595e-17,-6.5666102220638e-15
128.68,"[0.06062, 0.0456, 0.4088455496682798]",0.0456,0.4088455496682798,-0.05927336327435536,-0.051363018005210925,-0.05568959586965843,0.16566312427444035,0.14560940254953092,0.1573381641498064,-0.005625476834307307,0.0012663587658354662,-2.151179291242397e-05,-0.16599780145038626,-0.13541870058657768,-0.14854515029938525,0.03518802978664904,0.03041988639524565,0.03298942946459113,-8.461371818854549e-15,1.0393952500871595e-17,-6.280166186204309e-15
128.7,"[0.06062, 0.0456, 0.4088455496682798]",0.0456,0.4088455496682798,-0.05864552120865817,-0.051363018005210925,-0.055142216931803864,0.16420573907827993,0.14560940254953092,0.15605194742487283,-0.004636420633357569,0.0012663587658354662,0.0007468910471773145,-0.16293000530561727,-0.13541870058657768,-0.1460031540812346,0.034802682461999114,0.03041988639524565,0.03265560352339833,-8.287865210468219e-15,1.0393952500871595e-17,-5.9544729881289996e-15
128.72,"[0.06062, 0.0456, 0.4091434979309004]",0.0456,0.4091434979309004,-0.058029157500465584,-0.050628210204142564,-0.054580886094373754,0.16277227816959364,0.14400186268669266,0.1547341852158143,-0.0036827476734588227,0.002523189313423725,0.001521380265128026,-0.15994268323771715,-0.13166376292686904,-0.14341435795158114,0.03442478179837216,0.029970807866766508,0.03231375197195169,-8.124267342576667e-15,1.0609286534338302e-17,-5.653162360874131e-15
128.74,"[0.06062, 0.0456, 0.4091434979309004]",0.0456,0.4091434979309004,-0.05742450570868107,-0.050628210204142564,-0.054580886094373754,0.1613636391074049,0.14400186268669266,0.1547341852158143,-0.0027636673985220934,0.002523189313423725,0.001521380265128026,-0.1570352930901121,-0.13166376292686904,-0.14341435795158114,0.03405445277098257,0.029970807866766508,0.03231375197195169,-7.884546339112299e-15,1.0609286534338302e-17,-5.653162360874131e-15
128.76,"[0.06062, 0.0456, 0.40940295445001257]",0.0456,0.40940295445001257,-0.05688421798192769,-0.049983972151037795,-0.05407051835601404,0.16010404286814905,0.1425955655212734,0.15351833585309008,-0.0019495083463087189,0.003619117119906236,0.0021667866798422628,-0.15444731541884468,-0.12837911251230716,-0.14114600089437168,0.033723719619167,0.029577413192557724,0.03200386159233594,-8.298350746518759e-15,1.0601186494328575e-17,-5.280296056130922e-15
128.78,"[0.06062, 0.0456, 0.40940295445001257]",0.0456,0.40940295445001257,-0.056349615053007465,-0.049983972151037795,-0.05355744924458888,0.15885275853549208,0.1425955655212734,0.1522995288278616,-0.0011674122950896654,0.003619117119906236,0.002812173866879279,-0.15192006566426275,-0.12837911251230716,-0.13886925430136848,0.03339694659406974,0.029577413192557724,0.03169261347444526,-7.95388800693665e-15,1.0601186494328575e-17,-4.894856427856386e-15
128.8,"[0.06062, 0.0456, 0.40940295445001257]",0.0456,0.40940295445001257,-0.05586527976944672,-0.049983972151037795,-0.05355744924458888,0.15771733752352352,0.1425955655212734,0.1522995288278616,-0.0004693757748717742,0.003619117119906236,0.002812173866879279,-0.1496453187037513,-0.12837911251230716,-0.13886925430136848,0.03310113563195209,0.029577413192557724,0.03169261347444526,-7.496076267029878e-15,1.0601186494328575e-17,-4.894856427856386e-15
128.82,"[0.06062, 0.0456, 0.4096236631733566]",0.0456,0.4096236631733566,-0.055426791969692565,-0.04943269409099841,-0.05305028678378941,0.1566879538714852,0.14139453659025886,0.1510984886468715,0.0001541186532036061,0.004552440561716524,0.003449214197048118,-0.1475978664723461,-0.12557399064258085,-0.13661883759368315,0.03283351642202665,0.02924102986401705,0.03138516480666536,-7.591752771943033e-15,1.0416069790429869e-17,-4.525960976276505e-15
128.84,"[0.06062, 0.0456, 0.4096236631733566]",0.0456,0.4096236631733566,-0.054975255984377254,-0.04943269409099841,-0.05259464880375237,0.15562595547900268,0.14139453659025886,0.15000813097554885,0.0007801868028032358,0.004552440561716524,0.0039837270766427384,-0.14551185099046082,-0.12557399064258085,-0.1346519464997245,0.032558329615109134,0.02924102986401705,0.03110954834023864,-7.081382813841979e-15,1.0416069790429869e-17,-4.165698904280755e-15
128.86,"[0.06062, 0.0456, 0.40980540628806883]",0.0456,0.40980540628806883,-0.05456394803827336,-0.04897645891069445,-0.05214141044691792,0.1546567010139651,0.1404022462912094,0.14893206282679303,0.0013407532919711878,0.005321710325223311,0.004533377130150765,-0.14362548934072755,-0.12325640616498611,-0.1326684074089038,0.03230786665486348,0.028962812977076216,0.030835257538160958,-6.616946598661315e-15,1.0584819452337631e-17,-3.858777110244521e-15
128.88,"[0.06062, 0.0456, 0.40980540628806883]",0.0456,0.40980540628806883,-0.05414445734803885,-0.04897645891069445,-0.05214141044691792,0.15366586589197864,0.1404022462912094,0.14893206282679303,0.0018978833126938733,0.005321710325223311,0.004533377130150765,-0.14172216229690712,-0.12325640616498611,-0.1326684074089038,0.0320527570948784,0.028962812977076216,0.030835257538160958,-6.159131822988455e-15,1.0584819452337631e-17,-3.858777110244521e-15
128.9,"[0.06062, 0.0456, 0.40980540628806883]",0.0456,0.40980540628806883,-0.053763878436795864,-0.04897645891069445,-0.05173469189510412,0.152766443309715,0.1404022462912094,0.14795593507071245,0.0023986271341676375,0.005321710325223311,0.004992278232382252,-0.14000194887322406,-0.12325640616498611,-0.13093834542880992,0.031821432179103534,0.028962812977076216,0.030589650804285155,-6.154356996620829e-15,1.0584819452337631e-17,-3.556265492024916e-15
128.92,"[0.06062, 0.0456, 0.4099480044356374]",0.0456,0.4099480044356374,-0.05337833299387863,-0.048617018922824606,-0.051340218818680006,0.15185244674447906,0.13962158256088225,0.14701082987612138,0.0028914208391137373,0.005925735544148315,0.005435741084244011,-0.13827986422382396,-0.12143306022554047,-0.1292620679463892,0.031587393717889746,0.028743733204671457,0.03035156886775126,-5.7511994545481785e-15,1.058343785776526e-17,-3.2755419563121557e-15
128.94,"[0.06062, 0.0456, 0.4099480044356374]",0.0456,0.4099480044356374,-0.05302659387747821,-0.048617018922824606,-0.051340218818680006,0.15101759900718287,0.13962158256088225,0.14701082987612138,0.003334930025325189,0.005925735544148315,0.005435741084244011,-0.13671734790956633,-0.12143306022554047,-0.1292620679463892,0.031374014370653285,0.028743733204671457,0.03035156886775126,-5.335483815552063e-15,1.058343785776526e-17,-3.2755419563121557e-15
128.96,"[0.06062, 0.0456, 0.4100513168889065]",0.0456,0.4100513168889065,-0.05270618261627958,-0.04835577579351099,-0.0509712287450409,0.15025631287239555,0.13905482771795122,0.14612326068303408,0.0037340841226902103,0.00636358874199411,0.005834326355836724,-0.1353008447215956,-0.12010928172312617,-0.12771718957209716,0.031179749725103685,0.028584566410551238,0.030129188646418007,-5.265650353622273e-15,1.0605867225020354e-17,-3.0080819817704265e-15
128.981,"[0.06062, 0.0456, 0.4100513168889065]",0.0456,0.4100513168889065,-0.05226589831313609,-0.04835577579351099,-0.0509712287450409,0.14920814883393566,0.13905482771795122,0.14612326068303408,0.00427096435555001,0.00636358874199411,0.005834326355836724,-0.1333708093315744,-0.12010928172312617,-0.12771718957209716,0.030913060470710726,0.028584566410551238,0.030129188646418007,-4.818283817445222e-15,1.0605867225020354e-17,-3.0080819817704265e-15
129.0,"[0.06062, 0.0456, 0.4100513168889065]",0.0456,0.4100513168889065,-0.05213643135631469,-0.04835577579351099,-0.05064098859038998,0.14889966001890545,0.13905482771795122,0.14532172744258917,0.004427300553571945,0.00636358874199411,0.006168201183768446,-0.13280544735827415,-0.12010928172312617,-0.1263677881373714,0.03083467328828251,0.028584566410551238,0.029930505754960333,-4.764328279491047e-15,1.0605867225020354e-17,-2.7623739221018075e-15
129.02,"[0.06062, 0.0456, 0.410115241690958]",0.0456,0.410115241690958,-0.051852297230795305,-0.048193764111157514,-0.050331790393959464,0.14821985282956582,0.1387036399174503,0.14456976056706305,0.004758071669612969,0.006634609545492183,0.006473637834399154,-0.1315822921113268,-0.11928897493479827,-0.1251145459466433,0.030662881456953485,0.028485885153558356,0.029744625790837413,-4.4293197828530125e-15,1.0581024751159309e-17,-2.539655870349904e-15
129.04,"[0.06062, 0.0456, 0.410115241690958]",0.0456,0.410115241690958,-0.05159122876948492,-0.048193764111157514,-0.050331790393959464,0.1475940123186507,0.1387036399174503,0.14456976056706305,0.005056539938683733,0.006634609545492183,0.006473637834399154,-0.13046621214222398,-0.11928897493479827,-0.1251145459466433,0.030505142077164763,0.028485885153558356,0.029744625790837413,-4.1126490480795304e-15,1.0581024751159309e-17,-2.539655870349904e-15
129.06,"[0.06062, 0.0456, 0.41013971575572994]",0.0456,0.41013971575572994,-0.05135193547811269,-0.048131639017496564,-0.050055633055804155,0.14701940448595419,0.1385690395831393,0.14389141285490745,0.00532578853505482,0.00673840714997888,0.006725562853384295,-0.1294493955700922,-0.11897458053701167,-0.12402562261108295,0.030360643982764765,0.028448052292422726,0.029578913521520287,-4.01016245248056e-15,1.059171611848655e-17,-2.3314665852231978e-15
129.08,"[0.06062, 0.0456, 0.41013971575572994]",0.0456,0.41013971575572994,-0.05110563801787906,-0.048131639017496564,-0.049799233650068116,0.14642508607620447,0.1385690395831393,0.14326010942039685,0.005591745651838371,0.00673840714997888,0.006954252165145058,-0.12841887871289856,-0.11897458053701167,-0.12302213625557328,0.030212115195130715,0.028448052292422726,0.029425142267437504,-3.741862747111213e-15,1.059171611848655e-17,-2.144304410240569e-15
129.1,"[0.06062, 0.0456, 0.41013971575572994]",0.0456,0.41013971575572994,-0.05085742118799739,-0.048131639017496564,-0.04956635296507089,0.14582374051174252,0.1385690395831393,0.14268253203670866,0.005850621885655389,0.00673840714997888,0.007149362378957016,-0.12739349765102495,-0.11897458053701167,-0.12212907957280235,0.030062590338871435,0.028448052292422726,0.029285654019438532,-3.4964652947525815e-15,1.059171611848655e-17,-1.9700398158304212e-15
129.12,"[0.06062, 0.0456, 0.41014]",0.0456,0.41014,-0.05061211822564182,-0.048131639017496564,-0.04935506820059336,0.1452269109016211,0.1385690395831393,0.1421539101876613,0.006097382575663136,0.00673840714997888,0.007312577582626053,-0.12639325822117975,-0.11897458053701167,-0.12133897349869381,0.029914972438181673,0.028448052292422726,0.029159294799286594,-3.275886964845619e-15,1.059171611848655e-17,-1.803785920797415e-15
129.14,"[0.06062, 0.0456, 0.41014]",0.0456,0.41014,-0.05037327872088171,-0.048131639017496564,-0.04916373413381566,0.14464304076609819,0.1385690395831393,0.1416703284215378,0.006328269623259944,0.00673840714997888,0.007445686730323494,-0.12543294412892353,-0.11897458053701167,-0.12064488627998671,0.029771393686794143,0.028448052292422726,0.029045074919517123,-3.073187562443812e-15,1.059171611848655e-17,-1.6424764021619552e-15
129.16,"[0.06062, 0.0456, 0.41014]",0.0456,0.41014,-0.05016068531535196,-0.048131639017496564,-0.04899012215619536,0.14412174777971593,0.1385690395831393,0.14122685798831658,0.006528599046600045,0.00673840714997888,0.007552404186420319,-0.12458568099232115,-0.11897458053701167,-0.12003558212142999,0.02964367291019337,0.028448052292422726,0.02894163266512804,-2.88641378891321e-15,1.059171611848655e-17,-1.480569732328379e-15
129.18,"[0.06062, 0.0456, 0.41014]",0.0456,0.41014,-0.04993827831510921,-0.048131639017496564,-0.04882563474505778,0.14357171871946967,0.1385690395831393,0.14080417521710184,0.006723122019427158,0.00673840714997888,0.007645982809375111,-0.12372116221186731,-0.11897458053701167,-0.11946927673669051,0.029510285263633595,0.028448052292422726,0.02884373243786012,-2.7028696368140087e-15,1.059171611848655e-17,-1.3240524795734748e-15
129.2,"[0.06062, 0.0456, 0.41014]",0.0456,0.41014,-0.04972687603679628,-0.048131639017496564,-0.04868860095745132,0.1430458854541358,0.1385690395831393,0.14044457732636767,0.006898465565774187,0.00673840714997888,0.007701775249309642,-0.12291330397659983,-0.11897458053701167,-0.11902980332279771,0.0293836402267393,0.028448052292422726,0.028762480141727595,-2.5179806403400565e-15,1.059171611848655e-17,-1.1762811862928604e-15
129.22,"[0.06062, 0.0456, 0.41014]",0.0456,0.41014,-0.04952960377171645,-0.048131639017496564,-0.048568330092652386,0.1425516369099709,0.1385690395831393,0.14012382478204127,0.007051094401895604,0.00673840714997888,0.0077355308331694145,-0.12217543885739354,-0.11897458053701167,-0.11866626407512754,0.02926561981058978,0.028448052292422726,0.02869137739482054,-2.3462048523018808e-15,1.059171611848655e-17,-1.0327329538686762e-15
129.24,"[0.06062, 0.0456, 0.41014]",0.0456,0.41014,-0.0493469617726896,-0.048131639017496564,-0.04846362161658121,0.14209035260577155,0.1385690395831393,0.13983944530584458,0.007181137320081452,0.00673840714997888,0.007749792815151272,-0.12150869565378003,-0.11897458053701167,-0.11837181331272824,0.029156513751596343,0.028448052292422726,0.028629683108574354,-2.17645825704973e-15,1.059171611848655e-17,-8.940420539999406e-16
129.26,"[0.06062, 0.0456, 0.41014]",0.0456,0.41014,-0.04917912714302407,-0.048131639017496564,-0.04837324882519006,0.14166268021888914,0.1385690395831393,0.1395888912523103,0.007289181860382523,0.00673840714997888,0.007747083487674155,-0.12091268801399854,-0.11897458053701167,-0.1181395669701795,0.029056415929424904,0.028448052292422726,0.028576641316549464,-2.008311944204167e-15,1.059171611848655e-17,-7.609132669341387e-16
129.28,"[0.06062, 0.0456, 0.41014]",0.0456,0.41014,-0.049026010262630475,-0.048131639017496564,-0.04829598325059865,0.1412686603153396,0.1385690395831393,0.13936959053100378,0.007376183165799582,0.00673840714997888,0.007729856907417997,-0.12038579502069292,-0.11897458053701167,-0.11796273551523495,0.02896525875298132,0.028448052292422726,0.028531496137554953,-1.8418327006190177e-15,1.059171611848655e-17,-6.340565838657518e-16
129.3,"[0.06062, 0.0456, 0.41014]",0.0456,0.41014,-0.04888730513033914,-0.048131639017496564,-0.04823061462174713,0.14090783705641316,0.1385690395831393,0.13917898854932445,0.007443381172932495,0.00673840714997888,0.007700461288142502,-0.1199254137196778,-0.11897458053701167,-0.11783473111919968,0.028882843856053074,0.028448052292422726,0.028493503995561817,-1.677471988078905e-15,1.059171611848655e-17,-5.141340874140881e-16
129.32,"[0.06062, 0.0456, 0.41014]",0.0456,0.41014,-0.04876253393370129,-0.048131639017496564,-0.04812078370219259,0.1405793558401608,0.1385690395831393,0.1388488587774734,0.0074922263910415406,0.00673840714997888,0.007622229417029907,-0.11952818403061095,-0.11897458053701167,-0.11766168761369639,0.028808869282562488,0.028448052292422726,0.02843006197828869,-1.5158681848229885e-15,1.059171611848655e-17,-2.9337160543659973e-16
129.34,"[0.06062, 0.0456, 0.41014]",0.0456,0.41014,-0.048645085996845014,-0.048131639017496564,-0.04808050289947273,0.14026429112410257,0.1385690395831393,0.13872029825037682,0.007520849696118866,0.00673840714997888,0.00757176959430416,-0.11917955413938802,-0.11897458053701167,-0.1176299358766731,0.028739476480588177,0.028448052292422726,0.028407088636987207,-1.3972954984312837e-15,1.059171611848655e-17,-1.918537397029862e-16
129.36,"[0.06062, 0.0456, 0.41014]",0.0456,0.41014,-0.048541440480583155,-0.048131639017496564,-0.04808050289947273,0.1399825029256217,0.1385690395831393,0.13872029825037682,0.007535065857023254,0.00673840714997888,0.00757176959430416,-0.11888798433083332,-0.11897458053701167,-0.1176299358766731,0.02867839039102388,0.028448052292422726,0.028407088636987207,-1.2279691399411873e-15,1.059171611848655e-17,-1.918537397029862e-16
129.38,"[0.06062, 0.0456, 0.41014]",0.0456,0.41014,-0.048453862340155876,-0.048131639017496564,-0.04805236568648628,0.13974268403739115,0.1385690395831393,0.13862279616430467,0.007542039563238929,0.00673840714997888,0.007514198261634246,-0.11864895512959452,-0.11897458053701167,-0.11764027120309055,0.028626843057759536,0.028448052292422726,0.028391341580340665,-1.0207984877800506e-15,1.059171611848655e-17,-1.0731989307304218e-16
129.401,"[0.06062, 0.0456, 0.41014]",0.0456,0.41014,-0.048342903584926135,-0.048131639017496564,-0.04803083406565905,0.13943116088771976,0.1385690395831393,0.13854246080235288,0.007528431701928155,0.00673840714997888,0.0074535696298564545,-0.11837880627418682,-0.11897458053701167,-0.11767231601813768,0.02856183939835214,0.028448052292422726,0.028379513990031635,-8.504308615234994e-16,1.059171611848655e-17,-3.078999506809147e-17
129.42,"[0.06062, 0.0456, 0.41014]",0.0456,0.41014,-0.04831169663299239,-0.048131639017496564,-0.04801501404538608,0.1393422908792181,0.1385690395831393,0.13847730308000109,0.007520945492685957,0.00673840714997888,0.007391290038308937,-0.11830815725124202,-0.11897458053701167,-0.11772168323389812,0.02854360685752148,0.028448052292422726,0.02837106160893263,-7.576721614969365e-16,1.059171611848655e-17,3.7620342641919635e-17
129.44,"[0.06062, 0.0456, 0.41014]",0.0456,0.41014,-0.048255326941342234,-0.048131639017496564,-0.04800622808940371,0.13917794319744853,0.1385690395831393,0.13843139584549222,0.0074963109525381265,0.00673840714997888,0.007328631630328196,-0.11819672719298517,-0.11897458053701167,-0.11778996878930667,0.028510823260292334,0.028448052292422726,0.028366743007853423,-6.356057420246145e-16,1.059171611848655e-17,9.150604949389823e-17
129.46,"[0.06062, 0.0456, 0.41014]",0.0456,0.41014,-0.048208788895508566,-0.048131639017496564,-0.04800116533678253,0.13904023085176517,0.1385690395831393,0.13839595295644003,0.007470091134223263,0.00673840714997888,0.007266584200691342,-0.11811329740133741,-0.11897458053701167,-0.11786708368378371,0.028483836686428832,0.028448052292422726,0.02836460126054264,-5.370214068848523e-16,1.059171611848655e-17,1.3890866597875722e-16
129.48,"[0.06062, 0.0456, 0.41014]",0.0456,0.41014,-0.04816979606708286,-0.048131639017496564,-0.04800116533678253,0.13892100791174916,0.1385690395831393,0.13839595295644003,0.007437009081700948,0.00673840714997888,0.007266584200691342,-0.11805957645953968,-0.11897458053701167,-0.11786708368378371,0.028461374712771156,0.028448052292422726,0.02836460126054264,-4.4245989548588055e-16,1.059171611848655e-17,1.3890866597875722e-16
129.5,"[0.06062, 0.0456, 0.41014]",0.0456,0.41014,-0.048137756228316765,-0.048131639017496564,-0.04800054129865937,0.13882124747030913,0.1385690395831393,0.1383735492077387,0.007404628350446821,0.00673840714997888,0.007206925859100335,-0.1180230028372028,-0.11897458053701167,-0.1179523013007523,0.028442987756850356,0.028448052292422726,0.028365031857642286,-3.0748366390533914e-16,1.059171611848655e-17,1.743677559297824e-16
129.52,"[0.06062, 0.0456, 0.41014]",0.0456,0.41014,-0.04811168539167861,-0.048131639017496564,-0.04800316957464182,0.1387361848005,0.1385690395831393,0.13836118402134387,0.007367064873264759,0.00673840714997888,0.007150441700521253,-0.11800956955032166,-0.11897458053701167,-0.11804137876137533,0.02842817613600352,0.028448052292422726,0.028367327731261643,-2.3736657468722565e-16,1.059171611848655e-17,2.0008406666362758e-16
129.54,"[0.06062, 0.0456, 0.41014]",0.0456,0.41014,-0.04809083084160068,-0.048131639017496564,-0.04800742721085852,0.1386660475193156,0.1385690395831393,0.13835413537136868,0.007330990040890494,0.00673840714997888,0.007096390185611652,-0.1180075963340102,-0.11897458053701167,-0.11813116103830543,0.028416408310479514,0.028448052292422726,0.0283705465637641,-1.8214859172340792e-16,1.059171611848655e-17,2.2180940186324056e-16
129.561,"[0.06062, 0.0456, 0.41014]",0.0456,0.41014,-0.04806788358913059,-0.048131639017496564,-0.048012934179456464,0.13858209026797796,0.1385690395831393,0.1383515254646363,0.007271791647339526,0.00673840714997888,0.007045264268505298,-0.11803381001164724,-0.11897458053701167,-0.11821993713789514,0.02840371905169073,0.028448052292422726,0.02837445861945586,-8.115472567551418e-17,1.059171611848655e-17,2.394770632371093e-16
129.58,"[0.06062, 0.0456, 0.41014]",0.0456,0.41014,-0.04806238864816361,-0.048131639017496564,-0.048012934179456464,0.13855903378768825,0.1385690395831393,0.1383515254646363,0.007249138907451293,0.00673840714997888,0.007045264268505298,-0.11805242272692418,-0.11897458053701167,-0.11821993713789514,0.028400793008468702,0.028448052292422726,0.02837445861945586,-7.79441862023501e-17,1.059171611848655e-17,2.394770632371093e-16
129.6,"[0.06062, 0.0456, 0.41014]",0.0456,0.41014,-0.04804966595539112,-0.048131639017496564,-0.04801972886197234,0.13850306056852815,0.1385690395831393,0.138354140827429,0.0071892679135764125,0.00673840714997888,0.006999054656120503,-0.11810631581902514,-0.11897458053701167,-0.11830490393310183,0.02839411645765868,0.028448052292422726,0.02837905930554267,2.8145641791431693e-18,1.059171611848655e-17,2.494927850385971e-16
129.62,"[0.06062, 0.0456, 0.41014]",0.0456,0.41014,-0.04804667224604685,-0.048131639017496564,-0.04802685416868246,0.1384881685944559,0.1385690395831393,0.13835816687475921,0.007170246585799744,0.00673840714997888,0.0069543092042932166,-0.11812617463309588,-0.11897458053701167,-0.11838859825560634,0.02839261074244845,0.028448052292422726,0.02838383405128288,3.824021964380354e-17,1.059171611848655e-17,2.5640203561222466e-16
129.64,"[0.06062, 0.0456, 0.41014]",0.0456,0.41014,-0.04804207131792463,-0.048131639017496564,-0.048034551877135484,0.13845367537877254,0.1385690395831393,0.1383655393771906,0.007107770326803339,0.00673840714997888,0.006914736972917265,-0.11820505586606372,-0.11897458053701167,-0.11846624249624624,0.02839073628437806,0.028448052292422726,0.028388874303599727,6.69104282121412e-17,1.059171611848655e-17,2.606612132746771e-16
129.66,"[0.06062, 0.0456, 0.41014]",0.0456,0.41014,-0.04804131937384373,-0.048131639017496564,-0.04805023628621246,0.13844486177865217,0.1385690395831393,0.13838343566154415,0.007088466989383229,0.00673840714997888,0.006842467059382974,-0.1182311745317457,-0.11897458053701167,-0.11861226124053553,0.028390550086301584,0.028448052292422726,0.02839903100207663,9.654080622443202e-17,1.059171611848655e-17,2.610107504757179e-16
129.682,"[0.06062, 0.0456, 0.41014]",0.0456,0.41014,-0.048043098091886755,-0.048131639017496564,-0.0480579599414183,0.13842743409619349,0.1385690395831393,0.13839400957359907,0.00702458386772026,0.00673840714997888,0.006812019454083316,-0.11832873868806659,-0.11897458053701167,-0.11867666968525442,0.028392437529468018,0.028448052292422726,0.02840396269771007,1.2210282400468827e-16,1.059171611848655e-17,2.5969443303443026e-16
129.7,"[0.06062, 0.0456, 0.41014]",0.0456,0.41014,-0.048044584276839504,-0.048131639017496564,-0.04806543238387872,0.13842409164397487,0.1385690395831393,0.13840518633845728,0.007003327424335763,0.00673840714997888,0.0067853367911090935,-0.11836353179044462,-0.11897458053701167,-0.11873493458524122,0.02839359004629361,0.028448052292422726,0.028408696064709322,1.2259548547186566e-16,1.059171611848655e-17,2.5569723796917187e-16
129.72,"[0.06062, 0.0456, 0.41014]",0.0456,0.41014,-0.04804787289735368,-0.048131639017496564,-0.04806543238387872,0.13841949372716397,0.1385690395831393,0.13840518633845728,0.0069643106398386756,0.00673840714997888,0.0067853367911090935,-0.11842885448551536,-0.11897458053701167,-0.11873493458524122,0.02839603418676526,0.028448052292422726,0.028408696064709322,1.4536503213666823e-16,1.059171611848655e-17,2.5569723796917187e-16
129.74,"[0.06062, 0.0456, 0.41014]",0.0456,0.41014,-0.04805120919979111,-0.048131639017496564,-0.0480724050177562,0.13841677532338276,0.1385690395831393,0.13841678966578927,0.006930305604719916,0.00673840714997888,0.006763888852557423,-0.11848700970952578,-0.11897458053701167,-0.11878426604588589,0.028398439943577193,0.028448052292422726,0.028413065499121662,1.8040774739400672e-16,1.059171611848655e-17,2.4760669896195775e-16
129.761,"[0.06062, 0.0456, 0.41014]",0.0456,0.41014,-0.04805695326645742,-0.048131639017496564,-0.048078847056376016,0.13841677921028106,0.1385690395831393,0.13842846381923907,0.006885206659385069,0.00673840714997888,0.00674688105893335,-0.1185675661838971,-0.11897458053701167,-0.11882574303550807,0.028402403469133444,0.028448052292422726,0.028417063802000517,2.000630317385619e-16,1.059171611848655e-17,2.3685043758172753e-16
129.781,"[0.06062, 0.0456, 0.41014]",0.0456,0.41014,-0.048061113086540666,-0.048131639017496564,-0.048084929022573795,0.13841899928605803,0.1385690395831393,0.13844003357190704,0.006858924791445064,0.00673840714997888,0.006732439689500628,-0.11861661979076316,-0.11897458053701167,-0.1188625416142784,0.02840518893238074,0.028448052292422726,0.028420816352012955,2.0273840901938718e-16,1.059171611848655e-17,2.253104309273261e-16
129.8,"[0.06062, 0.0456, 0.41014]",0.0456,0.41014,-0.048063494680143384,-0.048131639017496564,-0.048084929022573795,0.13842110271468247,0.1385690395831393,0.13844003357190704,0.006846276279223262,0.00673840714997888,0.006732439689500628,-0.11864121197577708,-0.11897458053701167,-0.1188625416142784,0.02840675167434532,0.028448052292422726,0.028420816352012955,1.975546215922995e-16,1.059171611848655e-17,2.253104309273261e-16
129.82,"[0.06062, 0.0456, 0.41014]",0.0456,0.41014,-0.048067567205204026,-0.048131639017496564,-0.04809042660556687,0.13842469957762982,0.1385690395831393,0.13845119867110703,0.006824647323318968,0.00673840714997888,0.006721472995706847,-0.11868326461215431,-0.11897458053701167,-0.11889275504206825,0.028409423963104728,0.028448052292422726,0.028424179515498634,2.0636441476504775e-16,1.059171611848655e-17,2.1263740713871695e-16
129.841,"[0.06062, 0.0456, 0.41014]",0.0456,0.41014,-0.048074274439075984,-0.048131639017496564,-0.04809554996931807,0.13843296305875163,0.1385690395831393,0.13846202093793386,0.00679578827514609,0.00673840714997888,0.006712484996792787,-0.11874267214495171,-0.11897458053701167,-0.1189191112327965,0.028413734437914603,0.028448052292422726,0.028427296716573285,1.960883465742301e-16,1.059171611848655e-17,1.9984039423192433e-16
129.86,"[0.06062, 0.0456, 0.41014]",0.0456,0.41014,-0.04807640199209988,-0.048131639017496564,-0.0481001000651191,0.13843586884670941,0.1385690395831393,0.13847217989666044,0.006787457945281505,0.00673840714997888,0.006706120719243836,-0.11876031605640022,-0.11897458053701167,-0.11894015352827525,0.028415090665781823,0.028448052292422726,0.028430042746891142,1.9613475042721246e-16,1.059171611848655e-17,1.8695219446393838e-16
129.88,"[0.06062, 0.0456, 0.41014]",0.0456,0.41014,-0.04808049511735058,-0.048131639017496564,-0.048104294932616726,0.1384418536399897,0.1385690395831393,0.13848187514549912,0.006772576653457967,0.00673840714997888,0.006701226396539591,-0.1187925913745246,-0.11897458053701167,-0.1189581307271601,0.02841768441846652,0.028448052292422726,0.028432560937187188,1.8930167465533985e-16,1.059171611848655e-17,1.7436581772876074e-16
129.9,"[0.06062, 0.0456, 0.41014]",0.0456,0.41014,-0.04808463954417563,-0.048131639017496564,-0.04810813325144141,0.13844858515371622,0.1385690395831393,0.13849105087705305,0.006759460589831086,0.00673840714997888,0.006697647184001875,-0.11882242590868702,-0.11897458053701167,-0.1189732657138036,0.028420284319899333,0.028448052292422726,0.028434852666516606,1.8104569195229724e-16,1.059171611848655e-17,1.6220984208192022e-16
129.921,"[0.06062, 0.0456, 0.41014]",0.0456,0.41014,-0.048090695435019155,-0.048131639017496564,-0.04810813325144141,0.1384593501305923,0.1385690395831393,0.13849105087705305,0.006742999067568615,0.00673840714997888,0.006697647184001875,-0.11886207756917448,-0.11897458053701167,-0.1189732657138036,0.028424046711760537,0.028448052292422726,0.028434852666516606,1.6750747626490515e-16,1.059171611848655e-17,1.6220984208192022e-16
129.941,"[0.06062, 0.0456, 0.41014]",0.0456,0.41014,-0.04809434078639607,-0.048131639017496564,-0.048111454914014085,0.1384662080204929,0.1385690395831393,0.13849939835703082,0.006734192444618427,0.00673840714997888,0.006695749571832692,-0.11888433772432636,-0.11897458053701167,-0.11898460973991253,0.028426296512752833,0.028448052292422726,0.02843681936237748,1.5776483554295037e-16,1.059171611848655e-17,1.5082417072160368e-16
129.96,"[0.06062, 0.0456, 0.41014]",0.0456,0.41014,-0.04809605219915784,-0.048131639017496564,-0.04811446734246591,0.1384695270541868,0.1385690395831393,0.13850721914687192,0.0067303481553119765,0.00673840714997888,0.006694766316667666,-0.11889436492854864,-0.11897458053701167,-0.11899381949544328,0.028427348797716648,0.028448052292422726,0.028438592802518328,1.5291238029977424e-16,1.059171611848655e-17,1.4004252218058163e-16
129.98,"[0.06062, 0.0456, 0.41014]",0.0456,0.41014,-0.04809955107638597,-0.048131639017496564,-0.048117040961665365,0.1384766885518727,0.1385690395831393,0.13851423664375132,0.006723587602114741,0.00673840714997888,0.006694913914791986,-0.11891326130131982,-0.11897458053701167,-0.11900024443503138,0.02842948515863151,0.028448052292422726,0.028440094340649907,1.418582886299811e-16,1.059171611848655e-17,1.3030293228942983e-16
130.002,"[0.06062, 0.0456, 0.41014]",0.0456,0.41014,-0.04810408237214119,-0.048131639017496564,-0.048117040961665365,0.13848629566763318,0.1385690395831393,0.13851423664375132,0.006715805071905258,0.00673840714997888,0.006694913914791986,-0.11893631331766762,-0.11897458053701167,-0.11900024443503138,0.028432238622373478,0.028448052292422726,0.028440094340649907,1.262757013261504e-16,1.059171611848655e-17,1.3030293228942983e-16
130.02,"[0.06062, 0.0456, 0.41014]",0.0456,0.41014,-0.04810537823109369,-0.048131639017496564,-0.04811923526491382,0.1384890897652854,0.1385690395831393,0.13852051889139522,0.006713715954166547,0.00673840714997888,0.006695917092893307,-0.11894270643206746,-0.11897458053701167,-0.11900444056199985,0.028433024194202454,0.028448052292422726,0.028441362550405625,1.210919138990627e-16,1.059171611848655e-17,1.2162524615068523e-16
130.04,"[0.06062, 0.0456, 0.41014]",0.0456,0.41014,-0.04810801106751926,-0.048131639017496564,-0.0481212062744104,0.13849506129932226,0.1385690395831393,0.1385263473029408,0.006710334166670345,0.00673840714997888,0.006697361178530849,-0.11895443592181583,-0.11897458053701167,-0.11900741647697213,0.028434608481883596,0.028448052292422726,0.02844249428607645,1.1137963083793753e-16,1.059171611848655e-17,1.1359425485125168e-16
130.06,"[0.06062, 0.0456, 0.41014]",0.0456,0.41014,-0.04811051815682836,-0.048131639017496564,-0.048122964847160526,0.1385010056400858,0.1385690395831393,0.1385317208910873,0.006707869295069947,0.00673840714997888,0.006699155876346428,-0.11896450223235663,-0.11897458053701167,-0.1190093322903789,0.028436106784682783,0.028448052292422726,0.02844349714977286,1.0154808553783899e-16,1.059171611848655e-17,1.0624096833011249e-16
130.08,"[0.06062, 0.0456, 0.41014]",0.0456,0.41014,-0.04811272475644371,-0.048131639017496564,-0.0481244438526419,0.13850635791491916,0.1385690395831393,0.13853647142747103,0.0067060522188549946,0.00673840714997888,0.006701338804909769,-0.11897284752523539,-0.11897458053701167,-0.11900996011433686,0.028437420696319767,0.028448052292422726,0.02844433144456492,9.281548755977174e-17,1.059171611848655e-17,9.99352943110178e-17
130.1,"[0.06062, 0.0456, 0.41014]",0.0456,0.41014,-0.048114818274227866,-0.048131639017496564,-0.0481244438526419,0.1385116519341057,0.1385690395831393,0.13853647142747103,0.006704960202781057,0.00673840714997888,0.006701338804909769,-0.11897984241806947,-0.11897458053701167,-0.11900996011433686,0.02843865865195759,0.028448052292422726,0.02844433144456492,8.413319656250782e-17,1.059171611848655e-17,9.99352943110178e-17
130.12,"[0.06062, 0.0456, 0.41014]",0.0456,0.41014,-0.04811664713412683,-0.048131639017496564,-0.0481256731153068,0.1385163676379223,0.1385690395831393,0.13854062960353536,0.0067042721333349965,0.00673840714997888,0.006703761778866487,-0.11898556478542023,-0.11897458053701167,-0.11900959363098892,0.028439736482555524,0.028448052292422726,0.028445016650619534,7.382980647694357e-17,1.059171611848655e-17,9.467117080307987e-17
130.141,"[0.06062, 0.0456, 0.41014]",0.0456,0.41014,-0.04811836207055089,-0.048131639017496564,-0.04812669273026035,0.13852097741146543,0.1385690395831393,0.13854426693608213,0.006704175162133129,0.00673840714997888,0.006706315988134815,-0.11899013027113894,-0.11897458053701167,-0.11900849532250599,0.028440739714490234,0.028448052292422726,0.028445577686842534,6.633710210333074e-17,1.059171611848655e-17,9.033129037288224e-17
130.16,"[0.06062, 0.0456, 0.41014]",0.0456,0.41014,-0.04812053709052095,-0.048131639017496564,-0.04812759191719168,0.1385269942488099,0.1385690395831393,0.13854759265000544,0.0067045484295348515,0.00673840714997888,0.006708908608439618,-0.11899519617026423,-0.11897458053701167,-0.11900703074110834,0.028442005361067287,0.028448052292422726,0.0284460679124023,5.55896228079164e-17,1.059171611848655e-17,8.646314839219986e-17
130.18,"[0.06062, 0.0456, 0.41014]",0.0456,0.41014,-0.048121242573187784,-0.048131639017496564,-0.04812759191719168,0.1385290540889695,0.1385690395831393,0.13854759265000544,0.006704984445396474,0.00673840714997888,0.006708908608439618,-0.11899637963001251,-0.11897458053701167,-0.11900703074110834,0.02844241161620213,0.028448052292422726,0.0284460679124023,5.366538079218912e-17,1.059171611848655e-17,8.646314839219986e-17
130.2,"[0.06062, 0.0456, 0.41014]",0.0456,0.41014,-0.048122448948548814,-0.048131639017496564,-0.04812837963369882,0.13853257641564376,0.1385690395831393,0.13855061602632296,0.006705730032524842,0.00673840714997888,0.006711495504374294,-0.11899840334618039,-0.11897458053701167,-0.1190052875315752,0.028443106312482733,0.028448052292422726,0.02844649316953497,4.5563788478508426e-17,1.059171611848655e-17,8.306837517389018e-17
130.22,"[0.06062, 0.0456, 0.41014]",0.0456,0.41014,-0.04812357577872728,-0.048131639017496564,-0.04812902379427642,0.13853600394174984,0.1385690395831393,0.1385532349645494,0.006706825468324324,0.00673840714997888,0.006714030317679743,-0.11899971134646571,-0.11897458053701167,-0.11900325090827524,0.028443749815325204,0.028448052292422726,0.028446835379633703,4.042206809571318e-17,1.059171611848655e-17,8.040090250808841e-17
130.24,"[0.06062, 0.0456, 0.41014]",0.0456,0.41014,-0.048124610901681616,-0.048131639017496564,-0.04812958262698373,0.13853927783615866,0.1385690395831393,0.13855560001196274,0.0067081943858503315,0.00673840714997888,0.006716494238026471,-0.1190003838682697,-0.11897458053701167,-0.1190010982988015,0.028444336072546362,0.028448052292422726,0.02844712878126681,3.545598846486057e-17,1.059171611848655e-17,7.812373638288279e-17
130.261,"[0.06062, 0.0456, 0.41014]",0.0456,0.41014,-0.048125912973789285,-0.048131639017496564,-0.04813006801707925,0.13854350957707123,0.1385690395831393,0.13855774160547613,0.006710244062749553,0.00673840714997888,0.006718882586434139,-0.11900075184752819,-0.11897458053701167,-0.11899886714335245,0.028445069131080965,0.028448052292422726,0.028447380374238527,2.829851940298026e-17,1.059171611848655e-17,7.63842880422357e-17
130.28,"[0.06062, 0.0456, 0.41014]",0.0456,0.41014,-0.048126328478118124,-0.048131639017496564,-0.04813045382444607,0.138544932779952,0.1385690395831393,0.138559560499378,0.006711107913090066,0.00673840714997888,0.006721110409923387,-0.11900056337977413,-0.11897458053701167,-0.1189966143653229,0.028445300255398077,0.028448052292422726,0.028447576077634148,2.748450041187814e-17,1.059171611848655e-17,7.500764900233682e-17
130.3,"[0.06062, 0.0456, 0.41014]",0.0456,0.41014,-0.04812707757125741,-0.048131639017496564,-0.04813078171837386,0.1385475483462689,0.1385690395831393,0.13856118137566592,0.00671280787952343,0.00673840714997888,0.006723214511209346,-0.11900001582211095,-0.11897458053701167,-0.11899439339447891,0.028445715048319893,0.028448052292422726,0.028447739694181264,2.3760916470693916e-17,1.059171611848655e-17,7.392265867074641e-17
130.32,"[0.06062, 0.0456, 0.41014]",0.0456,0.41014,-0.048127751848756076,-0.048131639017496564,-0.04813105789786386,0.13854999274306562,0.1385690395831393,0.13856261730374644,0.0067145957665773505,0.00673840714997888,0.006725184379529892,-0.1189991474532967,-0.11897458053701167,-0.11899223552820522,0.028446085005546892,0.028448052292422726,0.028447874982351865,2.031879141348693e-17,1.059171611848655e-17,7.310947677637301e-17
130.34,"[0.06062, 0.0456, 0.41014]",0.0456,0.41014,-0.04812835514193251,-0.048131639017496564,-0.04813128818553864,0.13855226217614494,0.1385690395831393,0.1385638816183666,0.006716430311039066,0.00673840714997888,0.006727013307107891,-0.1189980284005537,-0.11897458053701167,-0.11899016552897378,0.028446412925207033,0.028448052292422726,0.0284479854279403,1.7192386028907726e-17,1.059171611848655e-17,7.254496991685395e-17
130.36,"[0.06062, 0.0456, 0.41014]",0.0456,0.41014,-0.048128891694327026,-0.048131639017496564,-0.04813128818553864,0.13855435608192856,0.1385690395831393,0.1385638816183666,0.00671827647295993,0.00673840714997888,0.006727013307107891,-0.11899672075994393,-0.11897458053701167,-0.11899016552897378,0.02844670176062595,0.028448052292422726,0.0284479854279403,1.4387338168253228e-17,1.059171611848655e-17,7.254496991685395e-17
130.38,"[0.06062, 0.0456, 0.41014]",0.0456,0.41014,-0.04812934702765748,-0.048131639017496564,-0.048131460008109354,0.13855616593392953,0.1385690395831393,0.13856491570280677,0.006719936467599267,0.00673840714997888,0.0067286290076498485,-0.11899547527111869,-0.11897458053701167,-0.11898825662384392,0.02844694565741823,0.028448052292422726,0.028448064679423766,1.0558803456772415e-17,1.059171611848655e-17,7.237298646177466e-17
130.4,"[0.06062, 0.0456, 0.41014]",0.0456,0.41014,-0.04812974849394337,-0.048131639017496564,-0.048131599926784084,0.1385578283900937,0.1385690395831393,0.1385658189336039,0.0067215880463590075,0.00673840714997888,0.006730113276262186,-0.11899410373319594,-0.11897458053701167,-0.11898645762125201,0.02844715827160185,0.028448052292422726,0.028448127110723826,8.802829618214887e-18,1.059171611848655e-17,7.235722128888787e-17
130.42,"[0.06062, 0.0456, 0.41014]",0.0456,0.41014,-0.04813010026618317,-0.048131639017496564,-0.04813171209256588,0.13855934659343822,0.1385690395831393,0.1385666023844024,0.0067232078361909005,0.00673840714997888,0.006731466089306416,-0.11899265097698601,-0.11897458053701167,-0.11898477919387673,0.02844734235103757,0.028448052292422726,0.028448175138638766,7.28711498108015e-18,1.059171611848655e-17,7.247799541341904e-17
130.44,"[0.06062, 0.0456, 0.41014]",0.0456,0.41014,-0.0481305279857047,-0.048131639017496564,-0.04813180097456356,0.13856124945338544,0.1385690395831393,0.13856728270315763,0.00672533623943818,0.00673840714997888,0.006732701031700029,-0.11899065368359688,-0.11897458053701167,-0.11898321298212555,0.028447564146220038,0.028448052292422726,0.02844821118343469,5.1880995751482145e-18,1.059171611848655e-17,7.28120039396761e-17
130.46,"[0.06062, 0.0456, 0.41014]",0.0456,0.41014,-0.04813065528459053,-0.048131639017496564,-0.04813186056750551,0.13856185277840335,0.1385690395831393,0.13856782281468455,0.0067260727166378355,0.00673840714997888,0.006733757758456768,-0.1189899096161127,-0.11897458053701167,-0.11898183156231346,0.028447628849942834,0.028448052292422726,0.02844823254994041,5.3732813062087385e-18,1.059171611848655e-17,7.3205075728295e-17
130.48,"[0.06062, 0.0456, 0.41014]",0.0456,0.41014,-0.048130982227827156,-0.048131639017496564,-0.0481319119534546,0.13856347682655162,0.1385690395831393,0.1385683219870769,0.00672816997060588,0.00673840714997888,0.006734759838388665,-0.11898770008782007,-0.11897458053701167,-0.11898050878297213,0.028447792453508668,0.028448052292422726,0.02844824986543842,4.726229449669389e-18,1.059171611848655e-17,7.36743021278632e-17
130.5,"[0.06062, 0.0456, 0.41014]",0.0456,0.41014,-0.048131075200390006,-0.048131639017496564,-0.048131948459854516,0.13856396134264512,0.1385690395831393,0.13856873971371766,0.006728828955358576,0.00673840714997888,0.006735642388499541,-0.11898698095999788,-0.11897458053701167,-0.11897932209228076,0.028447838194702976,0.028448052292422726,0.02844826010276461,3.972492099357467e-18,1.059171611848655e-17,7.41222744620369e-17
130.52,"[0.06062, 0.0456, 0.41014]",0.0456,0.41014,-0.04813124111968836,-0.048131639017496564,-0.04813197253287984,0.13856486923322633,0.1385690395831393,0.13856908497092144,0.006730123503806206,0.00673840714997888,0.006736412604354245,-0.11898552578019081,-0.11897458053701167,-0.11897826723898344,0.02844791835723726,0.028448052292422726,0.02844826458693861,3.53187233645936e-18,1.059171611848655e-17,7.462123197748629e-17
130.54,"[0.06062, 0.0456, 0.41014]",0.0456,0.41014,-0.048131377921622504,-0.048131639017496564,-0.04813198197572476,0.1385656391503176,0.1385690395831393,0.13856933990031406,0.006731249109634224,0.00673840714997888,0.00673703643216353,-0.11898424159921733,-0.11897458053701167,-0.11897738817583862,0.028447983737307433,0.028448052292422726,0.02844826248439038,3.366206244503574e-18,1.059171611848655e-17,7.518731911465893e-17
130.56,"[0.06062, 0.0456, 0.41014]",0.0456,0.41014,-0.04813149184204594,-0.048131639017496564,-0.048131983882162235,0.13856631934924907,0.1385690395831393,0.1385695436575097,0.00673229255256288,0.00673840714997888,0.006737571873250875,-0.1189830185695176,-0.11897458053701167,-0.118976618528354,0.028448036888485094,0.028448052292422726,0.02844825715459533,3.2642912402899366e-18,1.059171611848655e-17,7.576431206609633e-17
130.58,"[0.06062, 0.0456, 0.41014]",0.0456,0.41014,-0.048131585158088734,-0.048131639017496564,-0.04813197977840032,0.13856691362974846,0.1385690395831393,0.1385697027282127,0.006733247429946717,0.00673840714997888,0.006738026046609958,-0.11898187183502927,-0.11897458053701167,-0.1189759517949812,0.028448079218730136,0.028448052292422726,0.028448249387594424,3.292480496774559e-18,1.059171611848655e-17,7.634159070415584e-17
130.6,"[0.06062, 0.0456, 0.41014]",0.0456,0.41014,-0.04813166050528651,-0.048131639017496564,-0.0481319709783524,0.13856742924217105,0.1385690395831393,0.13856982304717214,0.006734114487661438,0.00673840714997888,0.006738406099302617,-0.11898080703848271,-0.11897458053701167,-0.1189753808920858,0.028448112249846974,0.028448052292422726,0.028448239849804078,3.406972246189029e-18,1.059171611848655e-17,7.691208515066569e-17
130.62,"[0.06062, 0.0456, 0.41014]",0.0456,0.41014,-0.0481317453562913,-0.048131639017496564,-0.0481319709783524,0.13856806821760131,0.1385690395831393,0.13856982304717214,0.00673524672465841,0.00673840714997888,0.006738406099302617,-0.11897938280315948,-0.11897458053701167,-0.1189753808920858,0.02844814760200002,0.028448052292422726,0.028448239849804078,3.611669616354293e-18,1.059171611848655e-17,7.691208515066569e-17
130.64,"[0.06062, 0.0456, 0.41014]",0.0456,0.41014,-0.048131767918497464,-0.048131639017496564,-0.04813195714396194,0.13856824370059925,0.1385690395831393,0.13856989537139844,0.006735562660097178,0.00673840714997888,0.00673868889356121,-0.11897898261471479,-0.11897458053701167,-0.1189749385468936,0.02844815682678176,0.028448052292422726,0.028448228636321453,3.616440105913229e-18,1.059171611848655e-17,7.746964360719893e-17
130.66,"[0.06062, 0.0456, 0.41014]",0.0456,0.41014,-0.048131803871335775,-0.048131639017496564,-0.048131940048772665,0.13856855751812877,0.1385690395831393,0.138569930964084,0.006736156640606434,0.00673840714997888,0.006738893194760207,-0.11897821424688784,-0.11897458053701167,-0.11897460194179056,0.028448170470596865,0.028448052292422726,0.028448216529737363,3.996778228021143e-18,1.059171611848655e-17,7.799879204733426e-17
130.68,"[0.06062, 0.0456, 0.41014]",0.0456,0.41014,-0.048131831283615825,-0.048131639017496564,-0.048131921549199035,0.13856881526959622,0.1385690395831393,0.13856994721807292,0.006736658194938837,0.00673840714997888,0.006739054065315913,-0.11897755820843767,-0.11897458053701167,-0.11897432482683178,0.028448180311428695,0.028448052292422726,0.028448204157171603,4.390560457067878e-18,1.059171611848655e-17,7.849733831785183e-17
130.7,"[0.06062, 0.0456, 0.41014]",0.0456,0.41014,-0.048131850099038274,-0.048131639017496564,-0.048131902243637815,0.13856902887702527,0.1385690395831393,0.13856994745717544,0.006737098928111576,0.00673840714997888,0.006739176593985366,-0.11897696881133785,-0.11897458053701167,-0.11897410129327808,0.02844818595565333,0.028448052292422726,0.028448191796764607,4.8493948164637434e-18,1.059171611848655e-17,7.895979118525877e-17
130.72,"[0.06062, 0.0456, 0.41014]",0.0456,0.41014,-0.04813186174401273,-0.048131639017496564,-0.048131882678107626,0.13856920338581222,0.1385690395831393,0.13856994081396268,0.006737482653198462,0.00673840714997888,0.006739282073577721,-0.1189764441059854,-0.11897458053701167,-0.11897390182547594,0.02844818817790367,0.028448052292422726,0.02844817949772881,5.321673282798431e-18,1.059171611848655e-17,7.940972322660048e-17
130.74,"[0.06062, 0.0456, 0.41014]",0.0456,0.41014,-0.04813186572149076,-0.048131639017496564,-0.04813186318031914,0.1385693434972386,0.1385690395831393,0.1385699224644845,0.006737824539221639,0.00673840714997888,0.006739355220431917,-0.11897596107774765,-0.11897458053701167,-0.11897374935852942,0.028448186528672988,0.028448052292422726,0.02844816763309769,5.821273643879751e-18,1.059171611848655e-17,7.981032145976184e-17
130.76,"[0.06062, 0.0456, 0.41014]",0.0456,0.41014,-0.04813186523866818,-0.048131639017496564,-0.048131844310786605,0.138569453501093,0.1385690395831393,0.1385698909323814,0.006738115364802715,0.00673840714997888,0.006739388380643668,-0.11897554085615519,-0.11897458053701167,-0.11897365633442845,0.02844818293851624,0.028448052292422726,0.028448156613827907,6.320440324092077e-18,1.059171611848655e-17,8.015617930397527e-17
130.78,"[0.06062, 0.0456, 0.41014]",0.0456,0.41014,-0.04813186109564438,-0.048131639017496564,-0.048131826017944114,0.13856957459918323,0.1385690395831393,0.13856985298425512,0.006738457660628749,0.00673840714997888,0.0067394003445365785,-0.11897503769293513,-0.11897458053701167,-0.11897359540509493,0.028448176697090183,0.028448052292422726,0.028448146180140074,7.013028671875822e-18,1.059171611848655e-17,8.046383383002316e-17
130.8,"[0.06062, 0.0456, 0.41014]",0.0456,0.41014,-0.04813185758787435,-0.048131639017496564,-0.04813180848582264,0.13856960243773137,0.1385690395831393,0.1385698103442588,0.006738551926993811,0.00673840714997888,0.006739394654583112,-0.11897489346681378,-0.11897458053701167,-0.11897356187668144,0.028448173645396528,0.028448052292422726,0.02844813639202011,7.248951064608668e-18,1.059171611848655e-17,8.073540874165852e-17
130.82,"[0.06062, 0.0456, 0.41014]",0.0456,0.41014,-0.04813184983637548,-0.048131639017496564,-0.048131791847115864,0.13856964577764888,0.1385690395831393,0.13856976448666627,0.006738712553482711,0.00673840714997888,0.0067393745097005485,-0.11897464348730484,-0.11897458053701167,-0.11897355142808057,0.028448167448188365,0.028448052292422726,0.02844812728451559,7.680463529257897e-18,1.059171611848655e-17,8.097234120660602e-17
130.84,"[0.06062, 0.0456, 0.41014]",0.0456,0.41014,-0.048131840315899774,-0.048131639017496564,-0.04813177619154632,0.13856967245962304,0.1385690395831393,0.13856971666068657,0.006738840134354643,0.00673840714997888,0.0067393427749183245,-0.11897443694148532,-0.11897458053701167,-0.1189735601178335,0.0284481606367685,0.028448052292422726,0.028448118872428155,8.09072563132641e-18,1.059171611848655e-17,8.117625234691803e-17
130.861,"[0.06062, 0.0456, 0.41014]",0.0456,0.41014,-0.04813182954127388,-0.048131639017496564,-0.048131761573261746,0.1385696851622409,0.1385690395831393,0.13856966791394898,0.006738938488343243,0.00673840714997888,0.006739301994607196,-0.11897426956797273,-0.11897458053701167,-0.11897358438336879,0.028448153458634266,0.028448052292422726,0.028448111154395113,8.49448252036001e-18,1.059171611848655e-17,8.134754021601657e-17
130.88,"[0.06062, 0.0456, 0.41014]",0.0456,0.41014,-0.04813181794299718,-0.048131639017496564,-0.04813174801732848,0.13856968627234933,0.1385690395831393,0.138569619114564,0.006739011220912493,0.00673840714997888,0.0067392544084508696,-0.11897413720405885,-0.11897458053701167,-0.11897362103394317,0.02844814611545436,0.028448052292422726,0.028448104116410636,8.868315429433012e-18,1.059171611848655e-17,8.148856196404473e-17
130.9,"[0.06062, 0.0456, 0.41014]",0.0456,0.41014,-0.04813180587715414,-0.048131639017496564,-0.04813173552539128,0.1385696779043922,0.1385690395831393,0.13856957097170394,0.006739061705449944,0.00673840714997888,0.006739201969437328,-0.11897403583824419,-0.11897458053701167,-0.11897366723852121,0.028448138769057222,0.028448052292422726,0.028448097734837162,9.21872957158033e-18,1.059171611848655e-17,8.160114149322862e-17
130.92,"[0.06062, 0.0456, 0.41014]",0.0456,0.41014,-0.04813179363459351,-0.048131639017496564,-0.04813172408056984,0.13856966192011638,0.1385690395831393,0.13856952405467898,0.006739093071269843,0.00673840714997888,0.006739146363238679,-0.11897396165094384,-0.11897458053701167,-0.11897372050969822,0.028448131546899593,0.028448052292422726,0.028448091978956744,9.555699606788824e-18,1.059171611848655e-17,8.168628121525964e-17
130.94,"[0.06062, 0.0456, 0.41014]",0.0456,0.41014,-0.04813178144936298,-0.048131639017496564,-0.048131713651661696,0.13856963994829313,0.1385690395831393,0.13856947881051077,0.006739108197452871,0.00673840714997888,0.006739089028434506,-0.11897391104476028,-0.11897458053701167,-0.11897377868464266,0.02844812454702225,0.028448052292422726,0.02844808681311049,9.818510213399307e-18,1.059171611848655e-17,8.175005338854973e-17
130.96,"[0.06062, 0.0456, 0.41014]",0.0456,0.41014,-0.04813176950640151,-0.048131639017496564,-0.04813170419671955,0.1385696134041671,0.1385690395831393,0.1385694355800269,0.00673910971162282,0.00673840714997888,0.006739031177113793,-0.11897388066565201,-0.11897458053701167,-0.11897383990391214,0.028448117842507736,0.028448052292422726,0.02844808219847207,1.009086179912767e-17,1.059171611848655e-17,8.17915656705042e-17
130.98,"[0.06062, 0.0456, 0.41014]",0.0456,0.41014,-0.048131757948506736,-0.048131639017496564,-0.048131695666068376,0.13856958350840154,0.1385690395831393,0.13856939461251705,0.0067390999928360245,0.00673840714997888,0.006738973815464367,-0.11897386741624626,-0.11897458053701167,-0.118973902588882,0.02844811148546097,0.028448052292422726,0.02844807809449869,1.0300763339720865e-17,1.059171611848655e-17,8.181593534789552e-17
131.0,"[0.06062, 0.0456, 0.41014]",0.0456,0.41014,-0.048131746882602085,-0.048131639017496564,-0.048131695666068376,0.13856955130533688,0.1385690395831393,0.13856939461251705,0.006739081177834907,0.00673840714997888,0.006738973815464367,-0.11897386846245882,-0.11897458053701167,-0.118973902588882,0.02844810551053833,0.028448052292422726,0.02844807809449869,1.0508930156838082e-17,1.059171611848655e-17,8.181593534789552e-17
131.02,"[0.06062, 0.0456, 0.41014]",0.0456,0.41014,-0.0481317371514607,-0.048131639017496564,-0.04813168840389633,0.1385695215337786,0.1385690395831393,0.13856935726264177,0.0067390607751355025,0.00673840714997888,0.006738918550039705,-0.11897387495153824,-0.11897458053701167,-0.11897396521664634,0.028448100301493365,0.028448052292422726,0.0284480746733048,1.07244695487282e-17,1.059171611848655e-17,8.181387439805653e-17
131.04,"[0.06062, 0.0456, 0.41014]",0.0456,0.41014,-0.04813172788942346,-0.048131639017496564,-0.04813168221013306,0.13856949032234017,0.1385690395831393,0.1385693233332833,0.006739033748518334,0.00673840714997888,0.006738866086416042,-0.11897389210696782,-0.11897458053701167,-0.11897402629158486,0.02844809543214011,0.028448052292422726,0.028448071814123094,1.086107902246137e-17,1.059171611848655e-17,8.179219273614875e-17
131.06,"[0.06062, 0.0456, 0.41014]",0.0456,0.41014,-0.04813171976779696,-0.048131639017496564,-0.04813167663265724,0.1385694616481391,0.1385690395831393,0.13856929156671804,0.0067390066105960595,0.00673840714997888,0.006738815763461958,-0.11897391211035967,-0.11897458053701167,-0.11897408570951883,0.028448091202045816,0.028448052292422726,0.02844806927254517,1.0963861388412994e-17,1.059171611848655e-17,8.176205929687211e-17
131.08,"[0.06062, 0.0456, 0.41014]",0.0456,0.41014,-0.04813171207409324,-0.048131639017496564,-0.04813167663265724,0.13856943219173737,0.1385690395831393,0.13856929156671804,0.0067389748748574755,0.00673840714997888,0.006738815763461958,-0.1189739397516449,-0.11897458053701167,-0.11897408570951883,0.028448087264185257,0.028448052292422726,0.02844806927254517,1.1037153455273015e-17,1.059171611848655e-17,8.176205929687211e-17
131.1,"[0.06062, 0.0456, 0.41014]",0.0456,0.41014,-0.048131705340220404,-0.048131639017496564,-0.04813167189139768,0.1385694054730612,0.1385690395831393,0.13856926307987305,0.006738944639843312,0.00673840714997888,0.006738769295584144,-0.11897396748870005,-0.11897458053701167,-0.11897414150019572,0.028448083845776195,0.028448052292422726,0.028448067150057692,1.1130828522975765e-17,1.059171611848655e-17,8.17215730278899e-17
131.12,"[0.06062, 0.0456, 0.41014]",0.0456,0.41014,-0.0481316989849441,-0.048131639017496564,-0.0481316676295758,0.13856937841843298,0.1385690395831393,0.13856923661894652,0.006738911320585085,0.00673840714997888,0.006738725436384146,-0.1189740005559433,-0.11897458053701167,-0.11897419463365506,0.028448080673592255,0.028448052292422726,0.028448065262931713,1.1163354588150333e-17,1.059171611848655e-17,8.167807756001568e-17
131.14,"[0.06062, 0.0456, 0.41014]",0.0456,0.41014,-0.048131693027424136,-0.048131639017496564,-0.04813166401359666,0.1385693514766081,0.1385690395831393,0.1385692131510959,0.00673887599873792,0.00673840714997888,0.006738685809833391,-0.11897403743576764,-0.11897458053701167,-0.11897424314672399,0.028448077745569327,0.028448052292422726,0.028448063684068808,1.1199783781145847e-17,1.059171611848655e-17,8.16283912671006e-17
131.16,"[0.06062, 0.0456, 0.41014]",0.0456,0.41014,-0.048131687840235055,-0.048131639017496564,-0.04813166076622482,0.13856932730694488,0.1385690395831393,0.13856919150222802,0.006738843425386635,0.00673840714997888,0.006738648897761896,-0.11897407215973217,-0.11897458053701167,-0.11897428859047096,0.028448075215984435,0.028448052292422726,0.028448062277542954,1.1218865739381594e-17,1.059171611848655e-17,8.157708932773257e-17
131.18,"[0.06062, 0.0456, 0.41014]",0.0456,0.41014,-0.04813168298843658,-0.048131639017496564,-0.048131657858393004,0.13856930345252427,0.1385690395831393,0.1385691716480354,0.006738809783375376,0.00673840714997888,0.006738614805034746,-0.1189741091966944,-0.11897458053701167,-0.11897433074591664,0.028448072884270446,0.028448052292422726,0.028448061025972495,1.1231442484582426e-17,1.059171611848655e-17,8.152469539161074e-17
131.2,"[0.06062, 0.0456, 0.41014]",0.0456,0.41014,-0.0481316784754332,-0.048131639017496564,-0.048131657858393004,0.13856928019662623,0.1385690395831393,0.1385691716480354,0.006738775801987101,0.00673840714997888,0.006738614805034746,-0.1189741475021156,-0.11897458053701167,-0.11897433074591664,0.02844807074383772,0.028448052292422726,0.028448061025972495,1.1238815059355328e-17,1.059171611848655e-17,8.152469539161074e-17
131.22,"[0.06062, 0.0456, 0.41014]",0.0456,0.41014,-0.048131674558195545,-0.048131639017496564,-0.04813165540324735,0.1385692595724716,0.1385690395831393,0.13856915435940328,0.006738745208717128,0.00673840714997888,0.0067385849295670775,-0.11897418232349694,-0.11897458053701167,-0.1189743678554262,0.02844806889744586,0.028448052292422726,0.02844805997563268,1.1267871677577938e-17,1.059171611848655e-17,8.147029824963688e-17
131.24,"[0.06062, 0.0456, 0.41014]",0.0456,0.41014,-0.048131670918755344,-0.048131639017496564,-0.048131653204768914,0.13856923958206616,0.1385690395831393,0.13856913859662845,0.006738714751829612,0.00673840714997888,0.006738557631347517,-0.1189742175796226,-0.11897458053701167,-0.11897440183576276,0.028448067202303917,0.028448052292422726,0.028448059037269623,1.124878971934219e-17,1.059171611848655e-17,8.141688767353125e-17
131.26,"[0.06062, 0.0456, 0.41014]",0.0456,0.41014,-0.048131667750960984,-0.048131639017496564,-0.048131651227734176,0.13856922181356032,0.1385690395831393,0.13856912418669104,0.006738687351928771,0.00673840714997888,0.006738532651100193,-0.11897424953511805,-0.11897458053701167,-0.11897443298043792,0.02844806573540263,0.028448052292422726,0.028448058194455797,1.122493727154751e-17,1.059171611848655e-17,8.136330970497246e-17
131.28,"[0.06062, 0.0456, 0.41014]",0.0456,0.41014,-0.04813166461154794,-0.048131639017496564,-0.048131647805216116,0.13856920326453273,0.1385690395831393,0.138569098885494,0.006738657954922329,0.00673840714997888,0.00673848894597557,-0.1189742843947878,-0.11897458053701167,-0.11897448747030148,0.028448064302625295,0.028448052292422726,0.028448056730693453,1.1202819547228804e-17,1.059171611848655e-17,8.126276385861261e-17
131.3,"[0.06062, 0.0456, 0.41014]",0.0456,0.41014,-0.04813166156794535,-0.048131639017496564,-0.04813164634082527,0.13856918454142328,0.1385690395831393,0.1385690879725779,0.006738627752881417,0.00673840714997888,0.006738470255071164,-0.11897432059875276,-0.11897458053701167,-0.11897451072602733,0.02844806292800193,0.028448052292422726,0.028448056099232375,1.1146007353390565e-17,1.059171611848655e-17,8.121708810224969e-17
131.321,"[0.06062, 0.0456, 0.41014]",0.0456,0.41014,-0.048131657560011504,-0.048131639017496564,-0.048131645054489906,0.13856915925532284,0.1385690395831393,0.13856907836503016,0.006738586579448173,0.00673840714997888,0.006738453970272443,-0.11897437024674626,-0.11897458053701167,-0.11897453092530048,0.028448061128557342,0.028448052292422726,0.028448055538988205,1.1105675032574103e-17,1.059171611848655e-17,8.117415097432556e-17
131.34,"[0.06062, 0.0456, 0.41014]",0.0456,0.41014,-0.04813165630945934,-0.048131639017496564,-0.04813164392806087,0.13856915116633448,0.1385690395831393,0.13856906996089016,0.006738573316504806,0.00673840714997888,0.006738439917959274,-0.11897438631726437,-0.11897458053701167,-0.11897454827829079,0.028448060569601787,0.028448052292422726,0.028448055042091646,1.1080087861303443e-17,1.059171611848655e-17,8.113381205574793e-17
131.36,"[0.06062, 0.0456, 0.41014]",0.0456,0.41014,-0.04813165405837224,-0.048131639017496564,-0.048131642944951335,0.13856913649375022,0.1385690395831393,0.1385690626597257,0.006738549231640322,0.00673840714997888,0.0067384279196096965,-0.11897441553314936,-0.11897458053701167,-0.1189745630058504,0.028448059564098085,0.028448052292422726,0.028448054601595996,1.1044959710914911e-17,1.059171611848655e-17,8.109632940620067e-17
131.38,"[0.06062, 0.0456, 0.41014]",0.0456,0.41014,-0.048131652035302126,-0.048131639017496564,-0.048131642944951335,0.1385691231224678,0.1385690395831393,0.1385690626597257,0.006738527258356939,0.00673840714997888,0.0067384279196096965,-0.11897444223254136,-0.11897458053701167,-0.1189745630058504,0.028448058660869864,0.028448052292422726,0.028448054601595996,1.0997254815325548e-17,1.059171611848655e-17,8.109632940620067e-17
131.4,"[0.06062, 0.0456, 0.41014]",0.0456,0.41014,-0.04813165030813545,-0.048131639017496564,-0.04813164214754878,0.13856911163462435,0.1385690395831393,0.13856905681834586,0.006738508380145934,0.00673840714997888,0.006738418643192197,-0.11897446518452917,-0.11897458053701167,-0.11897457424805831,0.028448057889610398,0.028448052292422726,0.028448054233908306,1.0961692984068021e-17,1.059171611848655e-17,8.10647871881405e-17
131.42,"[0.06062, 0.0456, 0.41014]",0.0456,0.41014,-0.048131648757624,-0.048131639017496564,-0.048131641453385596,0.13856910121960883,0.1385690395831393,0.13856905179824056,0.0067384913262757,0.00673840714997888,0.006738410895156777,-0.11897448591165878,-0.11897458053701167,-0.11897458353275522,0.028448057195029547,0.028448052292422726,0.02844805390674244,1.0935238451059375e-17,1.059171611848655e-17,8.103532398704306e-17
131.44,"[0.06062, 0.0456, 0.41014]",0.0456,0.41014,-0.04813164736981871,-0.048131639017496564,-0.04813164085161078,0.13856909182962643,0.1385690395831393,0.13856904752075572,0.00673847604051408,0.00673840714997888,0.0067384045220168125,-0.1189745044647262,-0.11897458053701167,-0.11897459105785245,0.028448056570257577,0.028448052292422726,0.028448053616032375,1.0904447109360786e-17,1.059171611848655e-17,8.100809013691835e-17
131.46,"[0.06062, 0.0456, 0.41014]",0.0456,0.41014,-0.04813164613135917,-0.048131639017496564,-0.048131640332379384,0.13856908341101867,0.1385690395831393,0.13856904391106012,0.006738462448150574,0.00673840714997888,0.006738399375732285,-0.11897452092247927,-0.11897458053701167,-0.11897459701551516,0.028448056008957334,0.028448052292422726,0.02844805335818302,1.086368110767533e-17,1.059171611848655e-17,8.098413947784401e-17
131.48,"[0.06062, 0.0456, 0.41014]",0.0456,0.41014,-0.04813164502955295,-0.048131639017496564,-0.04813163988677472,0.13856907590610393,0.1385690395831393,0.1385690408985099,0.0067384504605420715,0.00673840714997888,0.006738395315150535,-0.11897453538521514,-0.11897458053701167,-0.11897460158989742,0.028448055505312778,0.028448052292422726,0.028448053130009674,1.0838093936404672e-17,1.059171611848655e-17,8.09625380258809e-17
131.5,"[0.06062, 0.0456, 0.41014]",0.0456,0.41014,-0.04813164405242506,-0.048131639017496564,-0.04813163950673224,0.13856906925473864,0.1385690395831393,0.13856903841688684,0.006738439979068651,0.00673840714997888,0.006738392207073898,-0.11897454796916389,-0.11897458053701167,-0.11897460495542508,0.028448055054007743,0.028448052292422726,0.028448052928683423,1.0806001552099099e-17,1.059171611848655e-17,8.094423086233215e-17
131.52,"[0.06062, 0.0456, 0.41014]",0.0456,0.41014,-0.04813164318874343,-0.048131639017496564,-0.04813163921101565,0.13856906339562433,0.1385690395831393,0.13856903661346676,0.006738430898540617,0.00673840714997888,0.006738390292237558,-0.11897455880161258,-0.11897458053701167,-0.11897460681582925,0.028448054650198708,0.028448052292422726,0.02844805276266939,1.0779547019090448e-17,1.059171611848655e-17,8.092852553449141e-17
131.54,"[0.06062, 0.0456, 0.41014]",0.0456,0.41014,-0.04813164245958968,-0.048131639017496564,-0.04813163896189942,0.13856905846939963,0.1385690395831393,0.13856903518098243,0.006738423351829283,0.00673840714997888,0.006738389017544054,-0.11897456776193646,-0.11897458053701167,-0.11897460787400209,0.028448054306511962,0.028448052292422726,0.028448052616584948,1.0753092486081799e-17,1.059171611848655e-17,8.091500630351205e-17
131.562,"[0.06062, 0.0456, 0.41014]",0.0456,0.41014,-0.04813164153189398,-0.048131639017496564,-0.04813163896189942,0.1385690522743804,0.1385690395831393,0.13856903518098243,0.006738414144998233,0.00673840714997888,0.006738389017544054,-0.1189745785538101,-0.11897458053701167,-0.11897460787400209,0.028448053860378242,0.028448052292422726,0.028448052616584948,1.0721000101776224e-17,1.059171611848655e-17,8.091500630351205e-17
131.58,"[0.06062, 0.0456, 0.41014]",0.0456,0.41014,-0.04813164127489453,-0.048131639017496564,-0.048131638772650136,0.13856905056508131,0.1385690395831393,0.13856903421521516,0.00673841163022701,0.00673840714997888,0.0067383885216282715,-0.11897458148849192,-0.11897458053701167,-0.11897460796784377,0.02844805373600027,0.028448052292422726,0.02844805249698253,1.072360218699019e-17,1.059171611848655e-17,8.090414136035728e-17
131.6,"[0.06062, 0.0456, 0.41014]",0.0456,0.41014,-0.04813164079946809,-0.048131639017496564,-0.04813163863120094,0.13856904745868423,0.1385690395831393,0.13856903361245648,0.006738407235744225,0.00673840714997888,0.006738388608161051,-0.11897458652462774,-0.11897458053701167,-0.11897460735116519,0.028448053500589446,0.028448052292422726,0.028448052399274417,1.070191814354048e-17,1.059171611848655e-17,8.089485372012572e-17
131.62,"[0.06062, 0.0456, 0.41014]",0.0456,0.41014,-0.04813164040022773,-0.048131639017496564,-0.04813163863120094,0.13856904488222657,0.1385690395831393,0.13856903361245648,0.006738403684866445,0.00673840714997888,0.006738388608161051,-0.11897459054222996,-0.11897458053701167,-0.11897460735116519,0.02844805330013587,0.028448052292422726,0.028448052399274417,1.0706688633099417e-17,1.059171611848655e-17,8.089485372012572e-17
131.64,"[0.06062, 0.0456, 0.41014]",0.0456,0.41014,-0.048131640064112635,-0.048131639017496564,-0.04813163851613029,0.13856904274104767,0.1385690395831393,0.13856903320403077,0.006738400816443392,0.00673840714997888,0.006738388992815922,-0.11897459374098678,-0.11897458053701167,-0.11897460637743272,0.028448053128974728,0.028448052292422726,0.02844805231407672,1.0695846611374567e-17,1.059171611848655e-17,8.088516328254303e-17
131.66,"[0.06062, 0.0456, 0.41014]",0.0456,0.41014,-0.04813163976999596,-0.048131639017496564,-0.04813163843396766,0.13856904092909209,0.1385690395831393,0.13856903302920917,0.006738398566105144,0.00673840714997888,0.006738389715881277,-0.11897459614697059,-0.11897458053701167,-0.11897460500854998,0.028448052974146668,0.028448052292422726,0.028448052245089655,1.0688907717470662e-17,1.059171611848655e-17,8.087630012784237e-17
131.68,"[0.06062, 0.0456, 0.41014]",0.0456,0.41014,-0.04813163951615054,-0.048131639017496564,-0.04813163837890937,0.13856903942819185,0.1385690395831393,0.13856903303273374,0.0067383968807135835,0.00673840714997888,0.006738390665573067,-0.11897459783572974,-0.11897458053701167,-0.11897460339223596,0.028448052835628408,0.028448052292422726,0.02844805219037463,1.0672427844448882e-17,1.059171611848655e-17,8.086946160403597e-17
131.7,"[0.06062, 0.0456, 0.41014]",0.0456,0.41014,-0.04813163930502998,-0.048131639017496564,-0.04813163837890937,0.13856903821281516,0.1385690395831393,0.13856903303273374,0.006738395610515596,0.00673840714997888,0.006738390665573067,-0.11897459904199317,-0.11897458053701167,-0.11897460339223596,0.02844805271795712,0.028448052292422726,0.02844805219037463,1.0671560482710894e-17,1.059171611848655e-17,8.086946160403597e-17
131.72,"[0.06062, 0.0456, 0.41014]",0.0456,0.41014,-0.04813163912906712,-0.048131639017496564,-0.04813163834533577,0.1385690372286771,0.1385690395831393,0.13856903316749386,0.006738394667127491,0.00673840714997888,0.006738391758150577,-0.11897459987359837,-0.11897458053701167,-0.11897460163472641,0.028448052617719002,0.028448052292422726,0.028448052147609773,1.065811637577207e-17,1.059171611848655e-17,8.086295178058597e-17
131.74,"[0.06062, 0.0456, 0.41014]",0.0456,0.41014,-0.04813163898015818,-0.048131639017496564,-0.048131638323508,0.13856903645712984,0.1385690395831393,0.13856903336841134,0.00673839411057285,0.00673840714997888,0.006738392908789739,-0.1189746002132718,-0.11897458053701167,-0.11897459982996952,0.028448052528400797,0.028448052292422726,0.028448052111722476,1.066635631228296e-17,1.059171611848655e-17,8.085774640910725e-17
131.76,"[0.06062, 0.0456, 0.41014]",0.0456,0.41014,-0.04813163885539465,-0.048131639017496564,-0.048131638316471194,0.13856903587035088,0.1385690395831393,0.13856903364179865,0.0067383938783850345,0.00673840714997888,0.006738394093896775,-0.11897460014550337,-0.11897458053701167,-0.11897459802338768,0.02844805244923447,0.028448052292422726,0.02844805208515555,1.0664621588806985e-17,1.059171611848655e-17,8.08515724865253e-17
131.78,"[0.06062, 0.0456, 0.41014]",0.0456,0.41014,-0.04813163875363251,-0.048131639017496564,-0.048131638316471194,0.13856903542239865,0.1385690395831393,0.13856903364179865,0.006738393808823602,0.00673840714997888,0.006738394093896775,-0.11897459990995277,-0.11897458053701167,-0.11897459802338768,0.028448052382453064,0.028448052292422726,0.02844805208515555,1.0662019503593019e-17,1.059171611848655e-17,8.08515724865253e-17
131.8,"[0.06062, 0.0456, 0.41014]",0.0456,0.41014,-0.048131638670571866,-0.048131639017496564,-0.04813163832411898,0.13856903508416227,0.1385690395831393,0.13856903397532364,0.006738393859138484,0.00673840714997888,0.006738395271280476,-0.11897459955656448,-0.11897458053701167,-0.118974596277561,0.02844805232596908,0.028448052292422726,0.028448052068555402,1.0640769141012302e-17,1.059171611848655e-17,8.084739662891661e-17
131.82,"[0.06062, 0.0456, 0.41014]",0.0456,0.41014,-0.0481316386040575,-0.048131639017496564,-0.048131638337304106,0.13856903484354335,0.1385690395831393,0.13856903432738296,0.006738394017631905,0.00673840714997888,0.0067383964310545495,-0.11897459909573727,-0.11897458053701167,-0.11897459457656592,0.02844805227855704,0.028448052292422726,0.028448052055963347,1.0627758714942475e-17,1.059171611848655e-17,8.084430999497505e-17
131.84,"[0.06062, 0.0456, 0.41014]",0.0456,0.41014,-0.048131638552187675,-0.048131639017496564,-0.048131638337304106,0.13856903471386514,0.1385690395831393,0.13856903432738296,0.006738394367953516,0.00673840714997888,0.0067383964310545495,-0.11897459839524344,-0.11897458053701167,-0.11897459457656592,0.028448052237400066,0.028448052292422726,0.028448052055963347,1.0619518778431583e-17,1.059171611848655e-17,8.084430999497505e-17
131.86,"[0.06062, 0.0456, 0.41014]",0.0456,0.41014,-0.04813163851135978,-0.048131639017496564,-0.048131638357176286,0.13856903464051104,0.1385690395831393,0.13856903469275264,0.006738394756093689,0.00673840714997888,0.006738397537356415,-0.1189745976747538,-0.11897458053701167,-0.11897459297775057,0.028448052202929654,0.028448052292422726,0.028448052048759206,1.0613880927134661e-17,1.059171611848655e-17,8.084224379011349e-17
131.88,"[0.06062, 0.0456, 0.41014]",0.0456,0.41014,-0.04813163848206488,-0.048131639017496564,-0.04813163838200188,0.13856903465051443,0.1385690395831393,0.13856903506057072,0.00673839528068458,0.00673840714997888,0.0067383985776548775,-0.11897459678738223,-0.11897458053701167,-0.11897459149400622,0.02844805217363982,0.028448052292422726,0.028448052045996267,1.0599135777588857e-17,1.059171611848655e-17,8.084155921465758e-17
131.9,"[0.06062, 0.0456, 0.41014]",0.0456,0.41014,-0.04813163845555303,-0.048131639017496564,-0.048131638408163126,0.13856903476872376,0.1385690395831393,0.13856903542823779,0.006738396186370304,0.00673840714997888,0.0067383995972636074,-0.11897459533543644,-0.11897458053701167,-0.11897459004560607,0.02844805213912427,0.028448052292422726,0.02844805204448025,1.0588727436732994e-17,1.059171611848655e-17,8.08414553400394e-17
131.92,"[0.06062, 0.0456, 0.41014]",0.0456,0.41014,-0.04813163845081404,-0.048131639017496564,-0.04813163843737569,0.13856903483471597,0.1385690395831393,0.13856903578293897,0.006738396525433831,0.00673840714997888,0.0067384005243503325,-0.11897459480911607,-0.11897458053701167,-0.11897458874551796,0.028448052129661214,0.028448052292422726,0.02844805204658944,1.0606508352361755e-17,1.059171611848655e-17,8.084016791114097e-17
131.94,"[0.06062, 0.0456, 0.41014]",0.0456,0.41014,-0.04813163844563166,-0.048131639017496564,-0.04813163843737569,0.13856903498303288,0.1385690395831393,0.13856903578293897,0.006738397197941135,0.00673840714997888,0.0067384005243503325,-0.11897459377909944,-0.11897458053701167,-0.11897458874551796,0.02844805211369031,0.028448052292422726,0.02844805204658944,1.0603906267147791e-17,1.059171611848655e-17,8.084016791114097e-17
131.96,"[0.06062, 0.0456, 0.41014]",0.0456,0.41014,-0.048131638444063055,-0.048131639017496564,-0.04813163846859593,0.13856903513509264,0.1385690395831393,0.13856903612095683,0.006738397826109859,0.00673840714997888,0.006738401361170764,-0.11897459282777806,-0.11897458053701167,-0.11897458758691555,0.0284480521009437,0.028448052292422726,0.02844805205159069,1.058525798978104e-17,1.059171611848655e-17,8.084008131652676e-17
131.98,"[0.06062, 0.0456, 0.41014]",0.0456,0.41014,-0.048131638448724326,-0.048131639017496564,-0.04813163850066888,0.1385690353224844,0.1385690395831393,0.13856903644642798,0.006738398493922403,0.00673840714997888,0.006738402139866546,-0.11897459183707318,-0.11897458053701167,-0.11897458651797517,0.028448052091569184,0.028448052292422726,0.02844805205816299,1.0580921181091095e-17,1.059171611848655e-17,8.084090322667311e-17
132.0,"[0.06062, 0.0456, 0.41014]",0.0456,0.41014,-0.04813163845859379,-0.048131639017496564,-0.04813163853331029,0.13856903553611102,0.1385690395831393,0.13856903674955462,0.006738399182802767,0.00673840714997888,0.006738402829004657,-0.11897459083150366,-0.11897458053701167,-0.11897458558476019,0.028448052085224572,0.028448052292422726,0.028448052066665046,1.0593064245422935e-17,1.059171611848655e-17,8.084075658623363e-17
132.02,"[0.06062, 0.0456, 0.41014]",0.0456,0.41014,-0.04813163846985222,-0.048131639017496564,-0.04813163853331029,0.13856903573946142,0.1385690395831393,0.13856903674955462,0.00673839980970967,0.00673840714997888,0.006738402829004657,-0.11897458992367083,-0.11897458053701167,-0.11897458558476019,0.02844805208093564,0.028448052292422726,0.028448052066665046,1.0602605224540807e-17,1.059171611848655e-17,8.084075658623363e-17
132.04,"[0.06062, 0.0456, 0.41014]",0.0456,0.41014,-0.04813163848190924,-0.048131639017496564,-0.048131638565959284,0.13856903593145647,0.1385690395831393,0.1385690370301226,0.006738400379526693,0.00673840714997888,0.0067384034358838815,-0.11897458910433692,-0.11897458053701167,-0.1189745847745577,0.0284480520782268,0.028448052292422726,0.02844805207660321,1.0602605224540807e-17,1.059171611848655e-17,8.083949592188398e-17
132.06,"[0.06062, 0.0456, 0.41014]",0.0456,0.41014,-0.048131638497878756,-0.048131639017496564,-0.04813163859816786,0.13856903614028054,0.1385690395831393,0.1385690372884247,0.006738400956385532,0.00673840714997888,0.006738403967874673,-0.11897458828673801,-0.11897458053701167,-0.11897458407493022,0.028448052077920866,0.028448052292422726,0.028448052087558642,1.0605640990623767e-17,1.059171611848655e-17,8.083831301366496e-17
132.08,"[0.06062, 0.0456, 0.41014]",0.0456,0.41014,-0.04813163851403486,-0.048131639017496564,-0.04813163859816786,0.1385690363352582,0.1385690395831393,0.1385690372884247,0.006738401476840278,0.00673840714997888,0.006738403967874673,-0.11897458755452012,-0.11897458053701167,-0.11897458407493022,0.028448052078768625,0.028448052292422726,0.028448052087558642,1.0592630564553939e-17,1.059171611848655e-17,8.083831301366496e-17
132.1,"[0.06062, 0.0456, 0.41014]",0.0456,0.41014,-0.04813163853002013,-0.048131639017496564,-0.04813163862958383,0.13856903651643715,0.1385690395831393,0.13856903752512176,0.006738401946287788,0.00673840714997888,0.006738404432215291,-0.11897458689845714,-0.11897458053701167,-0.11897458347395815,0.02844805208044128,0.028448052292422726,0.02844805209917884,1.058222222369808e-17,1.059171611848655e-17,8.083839971526819e-17
132.12,"[0.06062, 0.0456, 0.41014]",0.0456,0.41014,-0.04813163854893722,-0.048131639017496564,-0.04813163866031398,0.1385690367081649,0.1385690395831393,0.1385690377479048,0.006738402414764989,0.00673840714997888,0.00673840485533999,-0.1189745862528614,-0.11897458053701167,-0.11897458293246632,0.028448052084003986,0.028448052292422726,0.028448052111074262,1.0583956947174055e-17,1.059171611848655e-17,8.083946494563877e-17
132.14,"[0.06062, 0.0456, 0.41014]",0.0456,0.41014,-0.048131638570098834,-0.048131639017496564,-0.04813163866031398,0.1385690369057932,0.1385690395831393,0.1385690377479048,0.006738402874625214,0.00673840714997888,0.00673840485533999,-0.11897458562704548,-0.11897458053701167,-0.11897458293246632,0.028448052089149904,0.028448052292422726,0.028448052111074262,1.0584390628043047e-17,1.059171611848655e-17,8.083946494563877e-17
132.16,"[0.06062, 0.0456, 0.41014]",0.0456,0.41014,-0.048131638587239706,-0.048131639017496564,-0.04813163868967543,0.1385690370658721,0.1385690395831393,0.13856903794916275,0.006738403247111997,0.00673840714997888,0.006738405218753764,-0.11897458512013458,-0.11897458053701167,-0.11897458247599962,0.028448052093318067,0.028448052292422726,0.028448052123129643,1.0577018053270144e-17,1.059171611848655e-17,8.084006411328091e-17
